epoch,optimizer,lr,train_total,train_pde,train_term,train_low,train_no_arbitrage,val_total,val_pde,val_term,val_low,val_no_arbitrage
1,adam,0.001,2.5466367565095425,2.015876523219049,2.0472537546453362e-10,0.5307602090761065,0.0,2.33219838142395,2.1884992122650146,5.992242257946145e-10,0.1436992734670639,0.0
2,adam,0.001,1.579029561020434,1.5210816264152527,2.378862163425531e-10,0.057947925641201437,0.0,2.112722873687744,2.0904388427734375,5.992242257946145e-10,0.02228405885398388,0.0
3,adam,0.001,1.5263660345226526,1.5172024574130774,2.0472612650763922e-10,0.009163589493255131,0.0,2.0913469791412354,2.0864150524139404,5.992242257946145e-10,0.004932031966745853,0.0
4,adam,0.001,1.457753013819456,1.4547891411930323,2.0472536963154214e-10,0.0029638701089425012,0.0,2.088371515274048,2.0868008136749268,5.992242257946145e-10,0.0015708061400800943,0.0
5,adam,0.001,1.5235607246868312,1.5212232451885939,2.086883131173279e-10,0.002337472658837214,0.0,2.0897767543792725,2.086644172668457,5.992242257946145e-10,0.003132522339001298,0.0
6,adam,0.001,1.4994249562732875,1.49778880586382,2.2206886174783732e-10,0.0016361503658117726,0.0,2.0869522094726562,2.0857808589935303,5.992242257946145e-10,0.0011712873820215464,0.0
7,adam,0.001,1.5336455088108778,1.5318321902304888,2.0472544629452386e-10,0.0018133260564354714,0.0,2.088791608810425,2.08760404586792,5.992242257946145e-10,0.0011875255731865764,0.0
8,adam,0.001,1.501239685807377,1.499459407525137,2.0472576707828057e-10,0.001780274134944193,0.0,2.088628053665161,2.0864925384521484,5.992242257946145e-10,0.0021356064826250076,0.0
9,adam,0.001,1.456276722252369,1.454578448086977,2.0511553713370233e-10,0.001698282103461679,0.0,2.0872087478637695,2.086723804473877,5.992242257946145e-10,0.0004848470271099359,0.0
10,adam,0.001,1.5587230175733566,1.5574540132656693,2.2640495942696622e-10,0.0012690004950854927,0.0,2.0904576778411865,2.088435649871826,5.992242257946145e-10,0.002022103639319539,0.0
11,adam,0.001,1.4573959328699857,1.4542069913586602,2.0472538789416806e-10,0.003188950664480217,0.0,2.099862813949585,2.0953209400177,5.992242257946145e-10,0.004541907925158739,0.0
12,adam,0.001,1.4522510450333357,1.4489421267062426,2.0868607348529418e-10,0.003308931231003953,0.0,2.086832046508789,2.08516263961792,5.992242257946145e-10,0.0016694343648850918,0.0
13,adam,0.001,1.4676735140383244,1.4661342613399029,2.137209487033653e-10,0.001539273656817386,0.0,2.0860755443573,2.0853168964385986,5.992242257946145e-10,0.0007585807470604777,0.0
14,adam,0.001,1.4597211703658104,1.458143599331379,2.0487762692298677e-10,0.0015775781284901313,0.0,2.089522123336792,2.086858034133911,5.992242257946145e-10,0.0026639727875590324,0.0
15,adam,0.001,1.4453841177746654,1.443566286470741,2.1719734499003216e-10,0.0018178255122620612,0.0,2.0862128734588623,2.084697961807251,5.992242257946145e-10,0.0015150030376389623,0.0
16,adam,0.001,1.4859755882062018,1.483031832613051,2.0473540426559096e-10,0.0029437554767355323,0.0,2.0910086631774902,2.088184356689453,5.992242257946145e-10,0.002824407769367099,0.0
17,adam,0.001,1.537441749125719,1.5343915112316608,2.0587890005927719e-10,0.003050253406399861,0.0,2.0933125019073486,2.0899529457092285,5.992242257946145e-10,0.003359472844749689,0.0
18,adam,0.001,1.443952129688114,1.441021283622831,2.0472639572914042e-10,0.0029308605298865587,0.0,2.087843656539917,2.0853776931762695,5.992242257946145e-10,0.0024658660404384136,0.0
19,adam,0.001,1.4605202106758952,1.4572571273893118,2.2688580916128268e-10,0.0032630799687467515,0.0,2.0939972400665283,2.089426040649414,5.992242257946145e-10,0.004571100231260061,0.0
20,adam,0.001,1.474783874116838,1.4713248237967491,2.047596648806495e-10,0.003459045408817474,0.0,2.0849173069000244,2.082930326461792,5.992242257946145e-10,0.0019869618117809296,0.0
21,adam,0.001,1.4520299322903156,1.4498498849570751,2.1180148377036906e-10,0.002180060102546122,0.0,2.086103677749634,2.0841596126556396,5.992242257946145e-10,0.001944072893820703,0.0
22,adam,0.001,1.4725358970463276,1.4697732627391815,2.0898519866850457e-10,0.002762617586995475,0.0,2.084338903427124,2.081843852996826,5.992242257946145e-10,0.0024951002560555935,0.0
23,adam,0.001,1.4993195906281471,1.4970022551715374,2.0472751622386063e-10,0.002317325306648854,0.0,2.08477520942688,2.081760883331299,5.992242257946145e-10,0.0030143768526613712,0.0
24,adam,0.001,1.505333703942597,1.501586513593793,2.0477484293741882e-10,0.0037471704417839646,0.0,2.08648681640625,2.0839455127716064,5.992242257946145e-10,0.002541235415264964,0.0
25,adam,0.001,1.462448881007731,1.458566639572382,2.088528219651391e-10,0.003882269171299413,0.0,2.088568687438965,2.08630633354187,5.992242257946145e-10,0.0022624379489570856,0.0
26,adam,0.001,1.4904149640351534,1.4878462813794613,2.227425501643554e-10,0.0025687031884444878,0.0,2.085209608078003,2.0804941654205322,5.992242257946145e-10,0.004715407732874155,0.0
27,adam,0.001,1.4662143299356103,1.46279685664922,2.0522566247653142e-10,0.0034174801185145043,0.0,2.084737777709961,2.0814919471740723,5.992242257946145e-10,0.003245790721848607,0.0
28,adam,0.001,1.463905407115817,1.4617382753640413,2.2207286846032324e-10,0.0021671360300388187,0.0,2.085007429122925,2.0818896293640137,5.992242257946145e-10,0.0031178013887256384,0.0
29,adam,0.001,1.513751513324678,1.5121052581816912,2.0472537053128304e-10,0.0016462457751913462,0.0,2.0905845165252686,2.084584951400757,5.992242257946145e-10,0.005999501794576645,0.0
30,adam,0.001,1.50166829302907,1.4955149381421506,2.0473256045916693e-10,0.0061533698317361996,0.0,2.0948479175567627,2.0887067317962646,5.992242257946145e-10,0.006141199264675379,0.0
31,adam,0.001,1.491478277835995,1.4859927762299776,2.047253757690337e-10,0.0054855029011378065,0.0,2.084716796875,2.0820364952087402,5.992242257946145e-10,0.002680201083421707,0.0
32,adam,0.001,1.4727596044540405,1.468374203890562,2.2640498176738245e-10,0.004385388325317763,0.0,2.085280418395996,2.0817363262176514,5.992242257946145e-10,0.0035441815853118896,0.0
33,adam,0.001,1.517819125438109,1.5146317458711565,2.155543849215466e-10,0.0031873884654487483,0.0,2.085228681564331,2.0835120677948,5.992242257946145e-10,0.0017165131866931915,0.0
34,adam,0.001,1.4894488602876663,1.4861469734460115,2.1608722792880188e-10,0.0033018988033290952,0.0,2.086036205291748,2.081634521484375,5.992242257946145e-10,0.004401663783937693,0.0
35,adam,0.001,1.5011673048138618,1.4990175440907478,2.201846403380273e-10,0.0021497641064343043,0.0,2.081754207611084,2.080324411392212,5.992242257946145e-10,0.0014297545421868563,0.0
36,adam,0.001,1.4854607544839382,1.4803529772907495,2.0608792170832142e-10,0.005107792610942852,0.0,2.083404779434204,2.080594539642334,5.992242257946145e-10,0.002810286357998848,0.0
37,adam,0.001,1.4430756946094334,1.4378300714306533,2.0484887738560732e-10,0.005245610802376177,0.0,2.083491086959839,2.0809614658355713,5.992242257946145e-10,0.002529626013711095,0.0
38,adam,0.001,1.4734659949317575,1.4697728529572487,2.0472829921080213e-10,0.0036931345239281654,0.0,2.0813374519348145,2.079383373260498,5.992242257946145e-10,0.0019540933426469564,0.0
39,adam,0.001,1.456331543624401,1.453970642760396,2.047254568987659e-10,0.0023608982155565172,0.0,2.082498788833618,2.080568552017212,5.992242257946145e-10,0.0019303451990708709,0.0
40,adam,0.001,1.480621725320816,1.4763538762927055,2.047253676509293e-10,0.004267847310984507,0.0,2.0853614807128906,2.0811469554901123,5.992242257946145e-10,0.0042144968174397945,0.0
41,adam,0.001,1.4391413582488894,1.4359795283526182,2.0472757548760108e-10,0.0031618346692994237,0.0,2.0685975551605225,2.067427396774292,5.992242257946145e-10,0.001170257804915309,0.0
42,adam,0.001,1.4387758010998368,1.4362692600116134,2.2640896912818308e-10,0.002506539076421177,0.0,2.0772392749786377,2.0746281147003174,5.992242257946145e-10,0.00261110533028841,0.0
43,adam,0.001,1.431105104740709,1.4256120892241597,2.055139209124337e-10,0.005493019452842418,0.0,2.0640878677368164,2.0612740516662598,5.992242257946145e-10,0.0028137261979281902,0.0
44,adam,0.001,1.4625262776389718,1.4593896698206663,2.1424327505310384e-10,0.003136581646685954,0.0,2.0724120140075684,2.068181276321411,5.992242257946145e-10,0.004230691120028496,0.0
45,adam,0.001,1.4829602763056755,1.4740906432271004,2.060888032090874e-10,0.008869648168911226,0.0,2.066868305206299,2.0556564331054688,5.992242257946145e-10,0.01121191494166851,0.0
46,adam,0.001,1.4313086811453104,1.4163456596434116,2.04725379257031e-10,0.014963019610149786,0.0,2.0824408531188965,2.074970245361328,5.992242257946145e-10,0.007470536977052689,0.0
47,adam,0.001,1.4256565514951944,1.4166020187549293,2.0507079004510326e-10,0.00905453103769105,0.0,2.0706536769866943,2.0676217079162598,5.992242257946145e-10,0.0030320524238049984,0.0
48,adam,0.001,1.4824261907488108,1.4766598604619503,2.0472538924617822e-10,0.005766337504610419,0.0,2.057706356048584,2.0542120933532715,5.992242257946145e-10,0.003494243836030364,0.0
49,adam,0.001,1.4836951987817883,1.4748818455263972,2.04725376306893e-10,0.008813351931166835,0.0,2.0911340713500977,2.084810495376587,5.992242257946145e-10,0.006323692854493856,0.0
50,adam,0.001,1.488174356520176,1.479242479428649,2.0472537348843719e-10,0.008931877178838477,0.0,2.084339141845703,2.076612710952759,5.992242257946145e-10,0.007726383861154318,0.0
51,adam,0.001,1.4409543368965387,1.433215495198965,2.0709386177806007e-10,0.007738842010439839,0.0,2.063749313354492,2.0586748123168945,5.992242257946145e-10,0.0050745257176458836,0.0
52,adam,0.001,1.430477817542851,1.4249381199479103,2.047262385511127e-10,0.005539695324841887,0.0,2.076841354370117,2.0655245780944824,5.992242257946145e-10,0.01131670642644167,0.0
53,adam,0.001,1.4099989337846637,1.4030783902853727,2.438138787995518e-10,0.006920543251908384,0.0,2.048975944519043,2.0452232360839844,5.992242257946145e-10,0.003752702847123146,0.0
54,adam,0.001,1.4370376784354448,1.4305461402982473,2.0574097569242633e-10,0.006491548745543696,0.0,2.0509440898895264,2.0457515716552734,5.992242257946145e-10,0.005192601587623358,0.0
55,adam,0.001,1.4957793280482292,1.4867124743759632,2.2640511126558445e-10,0.009066845959750935,0.0,2.096189260482788,2.0887935161590576,5.992242257946145e-10,0.007395696826279163,0.0
56,adam,0.001,1.4182672910392284,1.4096931349486113,2.071869668761875e-10,0.008574154417146929,0.0,2.079439640045166,2.0739917755126953,5.992242257946145e-10,0.005447929259389639,0.0
57,adam,0.001,1.3995326897129416,1.3922662315890193,2.2726793025909764e-10,0.007266458123922348,0.0,2.0658512115478516,2.055172920227051,5.992242257946145e-10,0.010678243823349476,0.0
58,adam,0.001,1.3992498964071274,1.388896823860705,2.047282965950585e-10,0.010353092657169327,0.0,2.106611728668213,2.093940496444702,5.992242257946145e-10,0.012671231292188168,0.0
59,adam,0.001,1.4595250263810158,1.4484558142721653,2.0473228010980016e-10,0.011069197033066303,0.0,2.0998892784118652,2.095708131790161,5.992242257946145e-10,0.004181161988526583,0.0
60,adam,0.001,1.4363436065614223,1.4295944655314088,2.0473365483177982e-10,0.006749131644028239,0.0,2.0769848823547363,2.073667287826538,5.992242257946145e-10,0.003317522117868066,0.0
61,adam,0.001,1.398224975913763,1.3895741309970617,2.0868608392344e-10,0.008650863135699183,0.0,2.078366994857788,2.072347640991211,5.992242257946145e-10,0.006019266322255135,0.0
62,adam,0.001,1.3907201047986746,1.3854224421083927,2.0472613343056523e-10,0.005297675641486421,0.0,2.0392260551452637,2.036700487136841,5.992242257946145e-10,0.0025256378576159477,0.0
63,adam,0.001,1.3803756264969707,1.3746451595798135,2.0472541201571425e-10,0.005730454038712196,0.0,2.154262065887451,2.1370849609375,5.992242257946145e-10,0.017177216708660126,0.0
64,adam,0.001,1.469807030633092,1.4610241949558258,2.0541745496434338e-10,0.00878283430938609,0.0,2.1155803203582764,2.100928544998169,5.992242257946145e-10,0.014651875011622906,0.0
65,adam,0.001,1.4808336328715086,1.4704931154847145,2.226715299632157e-10,0.010340507316868752,0.0,2.1043572425842285,2.0961878299713135,5.992242257946145e-10,0.008169461973011494,0.0
66,adam,0.001,1.3653667494654655,1.359559747390449,2.0755597625205657e-10,0.005806998218758963,0.0,2.062347650527954,2.058957099914551,5.992242257946145e-10,0.0033904958982020617,0.0
67,adam,0.001,1.3487018290907145,1.3411822114139795,2.090683214368346e-10,0.0075196227262495086,0.0,2.098073959350586,2.0890257358551025,5.992242257946145e-10,0.00904829427599907,0.0
68,adam,0.001,1.477251147851348,1.4490345884114504,2.060692430824623e-10,0.028216574719408527,0.0,2.0940589904785156,2.084019184112549,5.992242257946145e-10,0.010039742104709148,0.0
69,adam,0.001,1.4290389027446508,1.4173775110393763,2.3231402941139188e-10,0.011661396856652573,0.0,2.091637372970581,2.0789599418640137,5.992242257946145e-10,0.012677459977567196,0.0
70,adam,0.001,1.4248795323073864,1.4157757814973593,2.0507647334721537e-10,0.009103739241254516,0.0,2.0940327644348145,2.077224016189575,5.992242257946145e-10,0.0168086439371109,0.0
71,adam,0.001,1.3596311043947935,1.346022019162774,2.496561492066951e-10,0.013609078916488215,0.0,2.108379602432251,2.1031758785247803,5.992242257946145e-10,0.005203760229051113,0.0
72,adam,0.001,1.3528644880279899,1.3393304254859686,2.0472750871588631e-10,0.013534081925172359,0.0,2.1147329807281494,2.0941460132598877,5.992242257946145e-10,0.02058687061071396,0.0
73,adam,0.001,1.3331290632486343,1.3189916219562292,2.3231617675240974e-10,0.014137448248220608,0.0,2.165616989135742,2.1587417125701904,5.992242257946145e-10,0.006875229999423027,0.0
74,adam,0.001,1.376400014385581,1.3610815312713385,2.0474613242108038e-10,0.015318489982746542,0.0,2.1885170936584473,2.1784987449645996,5.992242257946145e-10,0.01001826673746109,0.0
75,adam,0.001,1.427861176431179,1.4106296673417091,2.051050359769415e-10,0.017231519450433552,0.0,2.144192695617676,2.1078155040740967,5.992242257946145e-10,0.036377113312482834,0.0
76,adam,0.001,1.4120173417031765,1.3921580677852035,2.04727676940165e-10,0.019859262800309807,0.0,2.1267592906951904,2.1112749576568604,5.992242257946145e-10,0.015484264120459557,0.0
77,adam,0.001,1.284578962251544,1.2690790183842182,2.0472726897585157e-10,0.015499949862714857,0.0,2.3035600185394287,2.2927465438842773,5.992242257946145e-10,0.010813414119184017,0.0
78,adam,0.001,1.3434662632644176,1.3346789367496967,2.0472572358223875e-10,0.008787315731751733,0.0,2.1830289363861084,2.173816442489624,5.992242257946145e-10,0.009212602861225605,0.0
79,adam,0.001,1.324537331238389,1.3072097785770893,2.0473468840912239e-10,0.017327552835922688,0.0,2.185457706451416,2.169691801071167,5.992242257946145e-10,0.015765823423862457,0.0
80,adam,0.001,1.325753714889288,1.3094310089945793,2.0869015634037752e-10,0.016322690062224865,0.0,2.2847535610198975,2.2423901557922363,5.992242257946145e-10,0.04236340522766113,0.0
81,adam,0.001,1.4757001772522926,1.4505528649315238,2.0608741657335772e-10,0.02514732873532921,0.0,2.2259891033172607,2.2002575397491455,5.992242257946145e-10,0.025731606408953667,0.0
82,adam,0.001,1.4166722483932972,1.4001228287816048,2.2483489219290958e-10,0.016549414838664234,0.0,2.1438679695129395,2.1302895545959473,5.992242257946145e-10,0.013578337617218494,0.0
83,adam,0.001,1.3620938993990421,1.3473894000053406,2.397597999523746e-10,0.014704507862916216,0.0,2.131378650665283,2.1224563121795654,5.992242257946145e-10,0.008922372944653034,0.0
84,adam,0.001,1.2838834496214986,1.274892695248127,2.0472537155103957e-10,0.008990760165033862,0.0,2.1521005630493164,2.1431851387023926,5.992242257946145e-10,0.008915322832763195,0.0
85,adam,0.001,1.2013254817575216,1.1912018731236458,2.0472555810789388e-10,0.010123599582584575,0.0,2.153975009918213,2.1487369537353516,5.992242257946145e-10,0.0052380128763616085,0.0
86,adam,0.001,1.227291077375412,1.2134105674922466,2.0819327692893482e-10,0.013880510028684512,0.0,2.1763041019439697,2.1664304733276367,5.992242257946145e-10,0.00987373385578394,0.0
87,adam,0.001,1.156904211267829,1.1389242112636566,2.0474454112798962e-10,0.01797999971313402,0.0,2.2237751483917236,2.203845977783203,5.992242257946145e-10,0.019929073750972748,0.0
88,adam,0.001,1.1509551741182804,1.1314291581511497,2.0557988489069122e-10,0.019526003918144852,0.0,2.193578004837036,2.15732479095459,5.992242257946145e-10,0.036253198981285095,0.0
89,adam,0.001,1.301687205210328,1.27853187546134,2.0594023436010934e-10,0.023155315429903567,0.0,2.211731195449829,2.1970252990722656,5.992242257946145e-10,0.014705943875014782,0.0
90,adam,0.001,1.34207827411592,1.3219794277101755,2.054653159185535e-10,0.020098828594200313,0.0,2.216075897216797,2.195599317550659,5.992242257946145e-10,0.020476633682847023,0.0
91,adam,0.001,1.2501035016030073,1.2241800166666508,2.323466950840339e-10,0.025923474633600563,0.0,2.3544955253601074,2.340351104736328,5.992242257946145e-10,0.01414449792355299,0.0
92,adam,0.001,1.337890898808837,1.3152037002146244,2.0902692835904595e-10,0.022687193064484745,0.0,2.250434160232544,2.2317981719970703,5.992242257946145e-10,0.018635962158441544,0.0
93,adam,0.001,1.2064955774694681,1.1902273632586002,2.0484552198967964e-10,0.016268202452920377,0.0,2.1253304481506348,2.110330581665039,5.992242257946145e-10,0.014999962411820889,0.0
94,adam,0.001,1.1107476577162743,1.0968931447714567,2.0752498011020566e-10,0.013854500924935564,0.0,2.1238510608673096,2.113919496536255,5.992242257946145e-10,0.009931596927344799,0.0
95,adam,0.001,0.995838264003396,0.9861001390963793,2.350779326824736e-10,0.009738133870996535,0.0,2.132282257080078,2.1210687160491943,5.992242257946145e-10,0.011213570833206177,0.0
96,adam,0.001,0.9570347759872675,0.9464999567717314,2.2207152207895426e-10,0.01053481744020246,0.0,2.1783692836761475,2.167809009552002,5.992242257946145e-10,0.01056028250604868,0.0
97,adam,0.001,1.0276318844407797,1.0173961203545332,2.3231265137867145e-10,0.010235760331852362,0.0,2.1999871730804443,2.187772512435913,5.992242257946145e-10,0.012214710004627705,0.0
98,adam,0.001,0.9848123677074909,0.9690030217170715,2.0472537484878203e-10,0.015809334989171475,0.0,2.2947661876678467,2.2835826873779297,5.992242257946145e-10,0.011183574795722961,0.0
99,adam,0.001,1.127536641433835,1.1102032624185085,2.0483119049354407e-10,0.017333386233076453,0.0,2.190063238143921,2.1703946590423584,5.992242257946145e-10,0.01966848224401474,0.0
100,adam,0.001,0.9960614033043385,0.9784750733524561,2.04725484592925e-10,0.017586338450200856,0.0,2.260556697845459,2.2421483993530273,5.992242257946145e-10,0.018408237025141716,0.0
101,adam,0.001,1.1015950348228216,1.0849204771220684,2.04740061660535e-10,0.01667455828282982,0.0,2.4824161529541016,2.4455015659332275,5.992242257946145e-10,0.03691469505429268,0.0
102,adam,0.001,1.239637766033411,1.2156598269939423,2.0507360920631953e-10,0.02397794765420258,0.0,2.2053091526031494,2.1843838691711426,5.992242257946145e-10,0.020925290882587433,0.0
103,adam,0.001,1.0472824964672327,1.0297816395759583,2.0472543490383489e-10,0.01750086434185505,0.0,2.135685920715332,2.1240620613098145,5.992242257946145e-10,0.0116238659247756,0.0
104,adam,0.001,1.0112177226692438,1.0008021052926779,2.0539381859276427e-10,0.010415604512672871,0.0,2.208014488220215,2.1962037086486816,5.992242257946145e-10,0.011810791678726673,0.0
105,adam,0.001,0.9046139847487211,0.8944010604172945,2.2226334939771061e-10,0.010212932655122131,0.0,2.1687092781066895,2.155482053756714,5.992242257946145e-10,0.013227254152297974,0.0
106,adam,0.001,0.7728898078203201,0.7630919590592384,2.2017548401902873e-10,0.009797846316359937,0.0,2.268965482711792,2.26426362991333,5.992242257946145e-10,0.004701756872236729,0.0
107,adam,0.001,0.7549546770751476,0.7461791690438986,2.0473364475293478e-10,0.008775511552812532,0.0,2.194983959197998,2.189887046813965,5.992242257946145e-10,0.005097020883113146,0.0
108,adam,0.001,0.7730521522462368,0.762936475686729,2.0472537371470417e-10,0.010115666576894,0.0,2.25433611869812,2.248351812362671,5.992242257946145e-10,0.005984258837997913,0.0
109,adam,0.001,0.8558433819562197,0.8463136162608862,2.0472938793358945e-10,0.009529769769869745,0.0,2.2448272705078125,2.237208127975464,5.992242257946145e-10,0.00761924684047699,0.0
110,adam,0.001,1.1679776534438133,1.1553417313843966,2.0472541672631593e-10,0.012635930499527603,0.0,2.255185127258301,2.23749041557312,5.992242257946145e-10,0.01769462414085865,0.0
111,adam,0.001,1.2040598634630442,1.1798411048948765,2.0472538152858642e-10,0.024218755133915693,0.0,2.19608473777771,2.1817445755004883,5.992242257946145e-10,0.014340223744511604,0.0
112,adam,0.001,0.8567549232393503,0.8422015178948641,2.047345458629949e-10,0.01455340109532699,0.0,2.165719747543335,2.158823251724243,5.992242257946145e-10,0.006896499078720808,0.0
113,adam,0.001,0.7448918018490076,0.7362514520063996,2.3231265683182325e-10,0.008640358370030299,0.0,2.1880059242248535,2.1821084022521973,5.992242257946145e-10,0.005897515453398228,0.0
114,adam,0.001,0.6602403968572617,0.6543894130736589,2.053937372062752e-10,0.0058509901573415846,0.0,2.1429615020751953,2.139827251434326,5.992242257946145e-10,0.0031343295704573393,0.0
115,adam,0.001,0.6589373853057623,0.653595581650734,2.0872020422075415e-10,0.005341795098502189,0.0,2.296795129776001,2.289954900741577,5.992242257946145e-10,0.006840240675956011,0.0
116,adam,0.001,0.7450792007148266,0.7354928348213434,2.0474923059072754e-10,0.009586373475030996,0.0,2.143681049346924,2.1380455493927,5.992242257946145e-10,0.005635419860482216,0.0
117,adam,0.001,0.6651228312402964,0.6583054242655635,2.160872298899677e-10,0.0068174072075635195,0.0,2.4024465084075928,2.3941266536712646,5.992242257946145e-10,0.00831980537623167,0.0
118,adam,0.001,0.8630645368248224,0.8507754951715469,2.0472537431716628e-10,0.012289043836062774,0.0,2.371251344680786,2.348600387573242,5.992242257946145e-10,0.022651059553027153,0.0
119,adam,0.001,0.838116005063057,0.8077961057424545,2.3024315459296667e-10,0.030319896701257676,0.0,2.3804545402526855,2.363532304763794,5.992242257946145e-10,0.01692228764295578,0.0
120,adam,0.001,0.7353319469839334,0.7219879347831011,2.0483129496129382e-10,0.013344020437216386,0.0,2.342741012573242,2.3315823078155518,5.992242257946145e-10,0.011158624663949013,0.0
121,adam,0.001,0.7126134820282459,0.7028127945959568,2.0472612918714192e-10,0.009800682659260929,0.0,2.26711106300354,2.255600929260254,5.992242257946145e-10,0.01151018775999546,0.0
122,adam,0.001,0.6238388093188405,0.616371582262218,2.144421613799925e-10,0.007467229443136603,0.0,2.3128955364227295,2.307777166366577,5.992242257946145e-10,0.005118357017636299,0.0
123,adam,0.001,0.5328808361664414,0.5277815479785204,2.3368938505607984e-10,0.005099297093693167,0.0,2.254865884780884,2.2501349449157715,5.992242257946145e-10,0.004730917513370514,0.0
124,adam,0.001,0.5679237525910139,0.5617912448942661,2.0607868358590994e-10,0.006132517097285017,0.0,2.352231025695801,2.345548152923584,5.992242257946145e-10,0.006682842504233122,0.0
125,adam,0.001,0.5358448028564453,0.5289782425388694,2.3093032212078803e-10,0.006866560404887423,0.0,2.2589101791381836,2.252647638320923,5.992242257946145e-10,0.006262483075261116,0.0
126,adam,0.001,0.5371414432302117,0.5300649548880756,2.0587489109246602e-10,0.00707648548996076,0.0,2.336210012435913,2.3306682109832764,5.992242257946145e-10,0.005541857331991196,0.0
127,adam,0.001,0.6239551389589906,0.6155580170452595,2.0541246249807616e-10,0.008397125144256279,0.0,2.287774085998535,2.2781968116760254,5.992242257946145e-10,0.009577161632478237,0.0
128,adam,0.001,0.6973383016884327,0.6883701756596565,2.0989394193516274e-10,0.008968133915914223,0.0,2.2697300910949707,2.264113426208496,5.992242257946145e-10,0.005616732873022556,0.0
129,adam,0.001,0.7917375946417451,0.7827292988076806,2.0472537070938495e-10,0.009008293593069538,0.0,2.29168438911438,2.2807464599609375,5.992242257946145e-10,0.010937990620732307,0.0
130,adam,0.001,0.7660715021193027,0.7495238855481148,2.0507076750204267e-10,0.016547616221942008,0.0,2.3865878582000732,2.372293472290039,5.992242257946145e-10,0.014294428750872612,0.0
131,adam,0.001,0.8165464904159307,0.8054780680686235,2.0472632802516167e-10,0.01106842135777697,0.0,2.375931978225708,2.364051580429077,5.992242257946145e-10,0.011880318634212017,0.0
132,adam,0.001,0.6074096504598856,0.5979951396584511,2.0575147470289833e-10,0.009414506290340796,0.0,2.3670260906219482,2.3575901985168457,5.992242257946145e-10,0.009435959160327911,0.0
133,adam,0.001,0.5863533727824688,0.5781591841951013,2.04878951018234e-10,0.008194189227651805,0.0,2.308070421218872,2.3014075756073,5.992242257946145e-10,0.006662791594862938,0.0
134,adam,0.001,0.5184030681848526,0.5095999082550406,2.0539376702559365e-10,0.008803163596894592,0.0,2.2401187419891357,2.233884811401367,5.992242257946145e-10,0.006233920808881521,0.0
135,adam,0.001,0.5514582740142941,0.5423964904621243,2.048315048958687e-10,0.009061785589437932,0.0,2.368816614151001,2.3629038333892822,5.992242257946145e-10,0.005912718828767538,0.0
136,adam,0.001,0.4663002612069249,0.4595585213974118,2.047296699108576e-10,0.0067417414975352585,0.0,2.1798317432403564,2.1738698482513428,5.992242257946145e-10,0.005961929447948933,0.0
137,adam,0.001,0.4036246230825782,0.3971021082252264,2.0958959444591043e-10,0.006522516719996929,0.0,2.379964828491211,2.3696656227111816,5.992242257946145e-10,0.01029918808490038,0.0
138,adam,0.001,0.42619428876787424,0.41726489551365376,2.3066347272759794e-10,0.008929394505685195,0.0,2.3232109546661377,2.3119523525238037,5.992242257946145e-10,0.011258654296398163,0.0
139,adam,0.001,0.41965847183018923,0.4132278226315975,2.0718693221613862e-10,0.006430651468690485,0.0,2.3742942810058594,2.3692636489868164,5.992242257946145e-10,0.0050306362099945545,0.0
140,adam,0.001,0.3748186407610774,0.3677745796740055,2.0472537996228188e-10,0.007044067984679714,0.0,2.2616207599639893,2.2571909427642822,5.992242257946145e-10,0.0044297995045781136,0.0
141,adam,0.001,0.3516088230535388,0.3469923045486212,2.2308486893816066e-10,0.004616522346623242,0.0,2.322537899017334,2.3185598850250244,5.992242257946145e-10,0.003978011664003134,0.0
142,adam,0.001,0.3040015655569732,0.29928692104294896,2.0484490639276217e-10,0.0047146434808382764,0.0,2.3274054527282715,2.3234517574310303,5.992242257946145e-10,0.003953641280531883,0.0
143,adam,0.001,0.2850119206123054,0.2809668551199138,2.0755602785780358e-10,0.004045061315991916,0.0,2.2456657886505127,2.2426960468292236,5.992242257946145e-10,0.0029697914142161608,0.0
144,adam,0.001,0.2332718437537551,0.2295030588284135,2.047253763463098e-10,0.003768784648855217,0.0,2.2920267581939697,2.2880241870880127,5.992242257946145e-10,0.004002660512924194,0.0
145,adam,0.001,0.22917360765859485,0.22513017617166042,2.047444933661112e-10,0.004043432418256998,0.0,2.3554811477661133,2.3514697551727295,5.992242257946145e-10,0.004011288285255432,0.0
146,adam,0.001,0.21088874666020274,0.20641398942098022,2.0911243582289096e-10,0.004474757835851051,0.0,2.3205454349517822,2.3126699924468994,5.992242257946145e-10,0.007875364273786545,0.0
147,adam,0.001,0.20352724310941994,0.19835142279043794,2.0542807122552977e-10,0.005175821133889258,0.0,2.3164923191070557,2.314117193222046,5.992242257946145e-10,0.0023751070257276297,0.0
148,adam,0.001,0.17355033289641142,0.17078931210562587,2.0901791253403902e-10,0.0027610196848399937,0.0,2.3400518894195557,2.3371055126190186,5.992242257946145e-10,0.002946405904367566,0.0
149,adam,0.001,0.16380417067557573,0.16153153032064438,2.093255977354938e-10,0.0022726403985871,0.0,2.339625358581543,2.3375401496887207,5.992242257946145e-10,0.002085247542709112,0.0
150,adam,0.001,0.15813173120841384,0.15602276334539056,2.1357848695292397e-10,0.0021089677247800864,0.0,2.3433330059051514,2.3414156436920166,5.992242257946145e-10,0.0019173386972397566,0.0
151,adam,0.001,0.1705066510476172,0.1677089505828917,2.0472682049141422e-10,0.002797701716190204,0.0,2.2979090213775635,2.295027017593384,5.992242257946145e-10,0.0028820298612117767,0.0
152,adam,0.001,0.1612669713795185,0.15818823827430606,2.2152045944879523e-10,0.0030787327341386117,0.0,2.2681779861450195,2.2652008533477783,5.992242257946145e-10,0.0029771809931844473,0.0
153,adam,0.001,0.1681246659718454,0.16527889482676983,2.0472591126087736e-10,0.0028457706939661875,0.0,2.3236899375915527,2.3208024501800537,5.992242257946145e-10,0.0028874168638139963,0.0
154,adam,0.001,0.15920086903497577,0.15600832272320986,2.0902779619443417e-10,0.0031925468138069846,0.0,2.2950775623321533,2.293062210083008,5.992242257946145e-10,0.0020153976511210203,0.0
155,adam,0.001,0.1433475436642766,0.1413158467039466,2.0574090510169478e-10,0.0020316958616604097,0.0,2.320774793624878,2.318112373352051,5.992242257946145e-10,0.002662493847310543,0.0
156,adam,0.001,0.1424639318138361,0.14012010558508337,2.0472623349548405e-10,0.0023438281568815,0.0,2.309267520904541,2.306468963623047,5.992242257946145e-10,0.002798458794131875,0.0
157,adam,0.001,0.1482800473459065,0.14590518968179822,2.048005460152883e-10,0.0023748581734253094,0.0,2.32212495803833,2.3197314739227295,5.992242257946145e-10,0.0023933998309075832,0.0
158,adam,0.001,0.15720108128152788,0.1548292227089405,2.496583305682089e-10,0.0023718612574157305,0.0,2.334376335144043,2.3325037956237793,5.992242257946145e-10,0.0018725276459008455,0.0
159,adam,0.001,0.3128772540949285,0.3090012017637491,2.0472624434790509e-10,0.003876055096043274,0.0,2.3306899070739746,2.3188905715942383,5.992242257946145e-10,0.01179924700409174,0.0
160,adam,0.001,0.4861968755722046,0.47399198450148106,2.072524328037241e-10,0.012204894825117663,0.0,2.3740341663360596,2.36515736579895,5.992242257946145e-10,0.008876748383045197,0.0
161,adam,0.001,0.5035167364403605,0.4956740839406848,2.0479359013297398e-10,0.007842646999051794,0.0,2.3667914867401123,2.3612866401672363,5.992242257946145e-10,0.005504762753844261,0.0
162,adam,0.001,0.5953605603426695,0.584281824529171,2.1675553286876382e-10,0.011078731680754572,0.0,2.3458900451660156,2.3350682258605957,5.992242257946145e-10,0.01082192175090313,0.0
163,adam,0.001,0.6937105245888233,0.6752261128276587,2.0718693120825875e-10,0.018484412576071918,0.0,2.263601541519165,2.2539308071136475,5.992242257946145e-10,0.009670836851000786,0.0
164,adam,0.001,0.5911582037806511,0.5790113722905517,2.1289972042386963e-10,0.012146836641477421,0.0,2.303086042404175,2.296049118041992,5.992242257946145e-10,0.007036998867988586,0.0
165,adam,0.001,0.4152545016258955,0.40675891377031803,2.0475097495571486e-10,0.008495590533129871,0.0,2.2531466484069824,2.2477798461914062,5.992242257946145e-10,0.005366779863834381,0.0
166,adam,0.001,0.3885676134377718,0.3819003961980343,2.1608733116746547e-10,0.006667214722256176,0.0,2.325110912322998,2.3191401958465576,5.992242257946145e-10,0.005970618687570095,0.0
167,adam,0.001,0.27102606650441885,0.26511900685727596,2.047253742930093e-10,0.005907060083700344,0.0,2.284595012664795,2.276482582092285,5.992242257946145e-10,0.008112331852316856,0.0
168,adam,0.001,0.20864648092538118,0.20409634103998542,2.047666843016316e-10,0.004550139492494054,0.0,2.306011438369751,2.2996878623962402,5.992242257946145e-10,0.006323465146124363,0.0
169,adam,0.001,0.16460202261805534,0.1607633214443922,2.2932790197275155e-10,0.0038387005479307845,0.0,2.20855450630188,2.205995798110962,5.992242257946145e-10,0.0025586788542568684,0.0
170,adam,0.001,0.13817980466410518,0.1352577388752252,2.0749907440401603e-10,0.002922064857557416,0.0,2.295977830886841,2.293516159057617,5.992242257946145e-10,0.0024616194423288107,0.0
171,adam,0.001,0.12041777116246521,0.11847369838505983,2.220688603793497e-10,0.0019440723408479244,0.0,2.2357733249664307,2.233776092529297,5.992242257946145e-10,0.0019972766749560833,0.0
172,adam,0.001,0.11970984772779047,0.11790727940388024,2.0472543235493077e-10,0.001802567574486602,0.0,2.26137113571167,2.2597813606262207,5.992242257946145e-10,0.0015898006968200207,0.0
173,adam,0.001,0.09709690604358912,0.09544213302433491,2.0473241437341615e-10,0.0016547723644180223,0.0,2.2699248790740967,2.2680304050445557,5.992242257946145e-10,0.0018944366602227092,0.0
174,adam,0.001,0.09170756256207824,0.08985252329148352,2.089900581413694e-10,0.0018550397653598338,0.0,2.2533352375030518,2.251929759979248,5.992242257946145e-10,0.001405374612659216,0.0
175,adam,0.001,0.08703602128662169,0.08559347945265472,2.0476065505200045e-10,0.0014425420376937836,0.0,2.2444968223571777,2.2431068420410156,5.992242257946145e-10,0.0013899172190576792,0.0
176,adam,0.001,0.09621253306977451,0.09485309198498726,2.0473081647752489e-10,0.0013594414267572574,0.0,2.2790424823760986,2.2777135372161865,5.992242257946145e-10,0.0013288574991747737,0.0
177,adam,0.001,0.08854450797662139,0.08698857226409018,2.1608963615758214e-10,0.0015559361927444115,0.0,2.221245288848877,2.2199268341064453,5.992242257946145e-10,0.0013185591669753194,0.0
178,adam,0.001,0.0829661819152534,0.08165826788172126,2.0472716186719535e-10,0.0013079144264338538,0.0,2.2761478424072266,2.2747063636779785,5.992242257946145e-10,0.0014414360048249364,0.0
179,adam,0.001,0.08347009448334575,0.0820144604658708,2.129026496723434e-10,0.001455633646401111,0.0,2.271641254425049,2.2704362869262695,5.992242257946145e-10,0.0012049139477312565,0.0
180,adam,0.001,0.07829559198580682,0.07701161224395037,2.0474019547652055e-10,0.0012839784831157885,0.0,2.244990110397339,2.2437288761138916,5.992242257946145e-10,0.0012612483697012067,0.0
181,adam,0.001,0.08596495725214481,0.08461917843669653,2.0472537149081255e-10,0.001345777687674854,0.0,2.2771570682525635,2.275559425354004,5.992242257946145e-10,0.001597707741893828,0.0
182,adam,0.001,0.0951453885063529,0.09358420758508146,2.0472575799804767e-10,0.0015611813723808154,0.0,2.232294797897339,2.2297608852386475,5.992242257946145e-10,0.0025338996201753616,0.0
183,adam,0.001,0.10343035031110048,0.10164819960482419,2.4517205263339826e-10,0.0017821507644839585,0.0,2.260523557662964,2.2583365440368652,5.992242257946145e-10,0.0021869076881557703,0.0
184,adam,0.001,0.10870036925189197,0.10669506760314107,2.0472853875954143e-10,0.002005300826567691,0.0,2.235851287841797,2.2342529296875,5.992242257946145e-10,0.001598437549546361,0.0
185,adam,0.001,0.11568043031729758,0.11414326610974967,2.091405278210144e-10,0.001537164396722801,0.0,2.285872220993042,2.2836475372314453,5.992242257946145e-10,0.0022245964501053095,0.0
186,adam,0.001,0.12373178591951728,0.12132993713021278,2.04759422238215e-10,0.002401848047156818,0.0,2.1963980197906494,2.193917989730835,5.992242257946145e-10,0.002479917136952281,0.0
187,adam,0.001,0.15944636170752347,0.15744563611224294,2.416814044841899e-10,0.0020007279817946255,0.0,2.270603656768799,2.2680819034576416,5.992242257946145e-10,0.002521764487028122,0.0
188,adam,0.001,0.19327792571857572,0.19042999716475606,2.0472854377134273e-10,0.002847928124538157,0.0,2.2186012268066406,2.215954303741455,5.992242257946145e-10,0.0026468720752745867,0.0
189,adam,0.001,0.3044986701570451,0.3000752436928451,2.0472536796956424e-10,0.004423425925779156,0.0,2.298508405685425,2.294811725616455,5.992242257946145e-10,0.0036967976484447718,0.0
190,adam,0.001,0.391298177652061,0.38513444224372506,2.086860922491386e-10,0.006163734040455893,0.0,2.2445452213287354,2.238218307495117,5.992242257946145e-10,0.006326979957520962,0.0
191,adam,0.001,0.286487833596766,0.27789193391799927,2.0474742544143832e-10,0.008595896884799004,0.0,2.2121686935424805,2.207545518875122,5.992242257946145e-10,0.004623253829777241,0.0
192,adam,0.001,0.32650073897093534,0.32006835378706455,2.1566492980698764e-10,0.00643238250631839,0.0,2.1864404678344727,2.1785402297973633,5.992242257946145e-10,0.007900151424109936,0.0
193,adam,0.001,0.32429729774594307,0.3160793920978904,2.0472675702434722e-10,0.008217905735364184,0.0,2.324932098388672,2.3215606212615967,5.992242257946145e-10,0.003371389349922538,0.0
194,adam,0.001,0.2652519871480763,0.25948623893782496,2.047275708617821e-10,0.005765748443081975,0.0,2.3601605892181396,2.3502395153045654,5.992242257946145e-10,0.009921111166477203,0.0
195,adam,0.001,0.2195401950739324,0.21388510754331946,2.0833807190037137e-10,0.005655086468323134,0.0,2.270761489868164,2.266953945159912,5.992242257946145e-10,0.0038076431956142187,0.0
196,adam,0.001,0.16694987006485462,0.16355807287618518,2.2640495894763987e-10,0.0033917976543307304,0.0,2.2379002571105957,2.2351233959198,5.992242257946145e-10,0.002776923356577754,0.0
197,adam,0.001,0.16017287457361817,0.1575295254588127,2.0475167391097108e-10,0.0026433499588165432,0.0,2.298447608947754,2.2955639362335205,5.992242257946145e-10,0.002883781446143985,0.0
198,adam,0.001,0.15292600682005286,0.14990209694951773,2.057444849839537e-10,0.0030239093903219327,0.0,2.3104662895202637,2.306638717651367,5.992242257946145e-10,0.0038276170380413532,0.0
199,adam,0.001,0.11923757591284811,0.11626060586422682,2.1687974736548445e-10,0.002976970514282584,0.0,2.2874600887298584,2.2844207286834717,5.992242257946145e-10,0.003039323026314378,0.0
200,adam,0.001,0.1046429006382823,0.1025337774772197,2.2273721784315304e-10,0.0021091231610625982,0.0,2.2063188552856445,2.2049038410186768,5.992242257946145e-10,0.0014150128699839115,0.0
201,adam,0.001,0.09118778654374182,0.08955052751116455,2.0472938373569416e-10,0.0016372589670936577,0.0,2.254347801208496,2.2529313564300537,5.992242257946145e-10,0.00141646817792207,0.0
202,adam,0.001,0.10207021213136613,0.10048783104866743,2.04726740213999e-10,0.0015823807989363559,0.0,2.2867956161499023,2.2854273319244385,5.992242257946145e-10,0.0013683360302820802,0.0
203,adam,0.001,0.08558797184377909,0.0838812249712646,2.053956707528949e-10,0.0017067474545910954,0.0,2.2608797550201416,2.2591030597686768,5.992242257946145e-10,0.0017767761601135135,0.0
204,adam,0.001,0.09745515312533826,0.09597351169213653,2.0675656438397018e-10,0.001481641833379399,0.0,2.2207908630371094,2.2189347743988037,5.992242257946145e-10,0.0018561084289103746,0.0
205,adam,0.001,0.0915344231761992,0.0898991955909878,2.047703146210249e-10,0.0016352286329492927,0.0,2.193103551864624,2.191506862640381,5.992242257946145e-10,0.0015966299688443542,0.0
206,adam,0.001,0.07584601501002908,0.07459416426718235,2.0487763004511713e-10,0.0012518500589067116,0.0,2.238208055496216,2.2370283603668213,5.992242257946145e-10,0.0011796934995800257,0.0
207,adam,0.001,0.06434917391743511,0.0632978028152138,2.047253747537638e-10,0.0010513717970752623,0.0,2.1804416179656982,2.179163932800293,5.992242257946145e-10,0.0012777205556631088,0.0
208,adam,0.001,0.08065694046672434,0.0794339495478198,2.047253725294321e-10,0.001222990878886776,0.0,2.2533395290374756,2.25209379196167,5.992242257946145e-10,0.0012457211269065738,0.0
209,adam,0.001,0.12596769211813807,0.12449518498033285,2.406056757581606e-10,0.0014725076398462988,0.0,2.3041629791259766,2.3019776344299316,5.992242257946145e-10,0.002185462974011898,0.0
210,adam,0.001,0.23056511743925512,0.2285585356876254,2.0757783538171634e-10,0.0020065805947524495,0.0,2.2329604625701904,2.2312910556793213,5.992242257946145e-10,0.0016694540390744805,0.0
211,adam,0.001,0.15869448357261717,0.15643332293257117,2.047915425093466e-10,0.0022611606909777038,0.0,2.298123598098755,2.295738458633423,5.992242257946145e-10,0.002385200234130025,0.0
212,adam,0.001,0.12023610575124621,0.11784167028963566,2.26439004149243e-10,0.002394434530287981,0.0,2.155062675476074,2.1529502868652344,5.992242257946145e-10,0.0021124952472746372,0.0
213,adam,0.001,0.1255862982943654,0.123379563447088,2.0472539354354033e-10,0.0022067343088565394,0.0,2.233670234680176,2.2320556640625,5.992242257946145e-10,0.0016146358102560043,0.0
214,adam,0.001,0.17610272951424122,0.17350562033243477,2.047257631716058e-10,0.002597107973997481,0.0,2.249983549118042,2.247633695602417,5.992242257946145e-10,0.002349776914343238,0.0
215,adam,0.001,0.18257344514131546,0.18039023177698255,2.0472564977298549e-10,0.0021832160055055283,0.0,2.27410626411438,2.272683620452881,5.992242257946145e-10,0.0014226114144548774,0.0
216,adam,0.001,0.10981113323941827,0.10726978210732341,2.1643254964792694e-10,0.002541350833780598,0.0,2.233396291732788,2.2315709590911865,5.992242257946145e-10,0.0018253452144563198,0.0
217,adam,0.001,0.08999197254888713,0.08803679328411818,2.0718693510196333e-10,0.001955178289790638,0.0,2.165766954421997,2.16404390335083,5.992242257946145e-10,0.0017231149831786752,0.0
218,adam,0.001,0.06848612613976002,0.06665585609152913,2.0472700684027728e-10,0.001830270244681742,0.0,2.1738548278808594,2.171987295150757,5.992242257946145e-10,0.0018676389008760452,0.0
219,adam,0.001,0.056788683636114,0.05552243650890887,2.051213984715719e-10,0.0012662468361668289,0.0,2.19063401222229,2.1897940635681152,5.992242257946145e-10,0.0008399241487495601,0.0
220,adam,0.001,0.04854797141160816,0.04741560947149992,2.047400764332396e-10,0.0011323624967189971,0.0,2.161113977432251,2.159672975540161,5.992242257946145e-10,0.0014408854767680168,0.0
221,adam,0.001,0.052622769959270954,0.05145233205985278,2.0472765202381736e-10,0.0011704380485753063,0.0,2.1717915534973145,2.170815944671631,5.992242257946145e-10,0.0009756615618243814,0.0
222,adam,0.001,0.053879412123933434,0.05291002057492733,2.0477928210817597e-10,0.0009693916181277018,0.0,2.1468045711517334,2.1455776691436768,5.992242257946145e-10,0.0012267855927348137,0.0
223,adam,0.001,0.047784474096260965,0.0467669916106388,2.242843812876597e-10,0.0010174825183639769,0.0,2.1517534255981445,2.150649309158325,5.992242257946145e-10,0.0011040677782148123,0.0
224,adam,0.001,0.049154294887557626,0.0482025311794132,2.0472541319996888e-10,0.0009517635044176131,0.0,2.128061056137085,2.127037525177002,5.992242257946145e-10,0.0010235599474981427,0.0
225,adam,0.001,0.05102836259175092,0.05021570948883891,2.0721626705736428e-10,0.0008126535103656352,0.0,2.1900250911712646,2.1891355514526367,5.992242257946145e-10,0.0008896450162865222,0.0
226,adam,0.001,0.05240490916185081,0.0514183402992785,2.04725883516247e-10,0.0009865689025900792,0.0,2.1778268814086914,2.176884174346924,5.992242257946145e-10,0.0009428245830349624,0.0
227,adam,0.001,0.04856002994347364,0.04773454403039068,2.047255765082619e-10,0.0008254860549641307,0.0,2.1535983085632324,2.1528594493865967,5.992242257946145e-10,0.0007388436933979392,0.0
228,adam,0.001,0.05409722856711596,0.05331094085704535,2.058762707814899e-10,0.0007862883321649861,0.0,2.1930201053619385,2.192152261734009,5.992242257946145e-10,0.0008678537560626864,0.0
229,adam,0.001,0.10821147379465401,0.1070204209536314,2.054293242946457e-10,0.0011910512912436388,0.0,2.1433730125427246,2.1422648429870605,5.992242257946145e-10,0.0011080722324550152,0.0
230,adam,0.001,0.2707807046826929,0.26545134745538235,2.0473078145864175e-10,0.005329359461029526,0.0,2.2190845012664795,2.2116572856903076,5.992242257946145e-10,0.007427286356687546,0.0
231,adam,0.001,0.21091753337532282,0.2030483721755445,2.0472584561313726e-10,0.007869163382565603,0.0,2.2936036586761475,2.2884604930877686,5.992242257946145e-10,0.005143236834555864,0.0
232,adam,0.001,0.26249967236071825,0.25770287215709686,2.0472783732183016e-10,0.0047968000144464895,0.0,2.1813361644744873,2.1764063835144043,5.992242257946145e-10,0.004929705522954464,0.0
233,adam,0.001,0.2778231641277671,0.27221753261983395,2.0472537913235337e-10,0.005605632468359545,0.0,2.1834566593170166,2.1769890785217285,5.992242257946145e-10,0.0064674667082726955,0.0
234,adam,0.001,0.28829420544207096,0.28133248910307884,2.047400532901273e-10,0.006961712992051616,0.0,2.2053656578063965,2.200009346008301,5.992242257946145e-10,0.005356298293918371,0.0
235,adam,0.001,0.23715355899184942,0.23306398186832666,2.0599833520021745e-10,0.004089576497790404,0.0,2.2814815044403076,2.2776567935943604,5.992242257946145e-10,0.003824800718575716,0.0
236,adam,0.001,0.284547658637166,0.27737142192199826,2.0474460144343893e-10,0.007176237719249912,0.0,2.1879475116729736,2.1802291870117188,5.992242257946145e-10,0.007718207314610481,0.0
237,adam,0.001,0.7170691564679146,0.7091861609369516,2.0483103465106892e-10,0.00788299465784803,0.0,2.181239366531372,2.1725850105285645,5.992242257946145e-10,0.008654327131807804,0.0
238,adam,0.001,0.5267148902639747,0.5177731225267053,2.089842688013235e-10,0.008941768668591976,0.0,2.1873769760131836,2.1743078231811523,5.992242257946145e-10,0.013069214299321175,0.0
239,adam,0.001,0.3446050602942705,0.3377436641603708,2.0472758111193955e-10,0.0068613961193477735,0.0,2.2772960662841797,2.273289680480957,5.992242257946145e-10,0.004006373230367899,0.0
240,adam,0.001,0.24603148410096765,0.2412307607010007,2.0472844551033278e-10,0.004800724549568258,0.0,2.227391242980957,2.223698139190674,5.992242257946145e-10,0.003693041391670704,0.0
241,adam,0.001,0.24918103823438287,0.24392972001805902,2.1289965303392835e-10,0.005251316062640399,0.0,2.2502055168151855,2.245332717895508,5.992242257946145e-10,0.004872891586273909,0.0
242,adam,0.001,0.21735519217327237,0.21370554342865944,2.06069139680055e-10,0.0036496490210993215,0.0,2.2341315746307373,2.2298154830932617,5.992242257946145e-10,0.004316034726798534,0.0
243,adam,0.001,0.1497466592118144,0.1465557124465704,2.0507068185557676e-10,0.0031909473618725315,0.0,2.2818078994750977,2.277381658554077,5.992242257946145e-10,0.004426353611052036,0.0
244,adam,0.001,0.1612244511488825,0.15743603534065187,2.3231273638859872e-10,0.0037884167104493827,0.0,2.234384536743164,2.231747627258301,5.992242257946145e-10,0.002636968158185482,0.0
245,adam,0.001,0.19517239718697965,0.19265544600784779,2.0472536704610973e-10,0.002516952961741481,0.0,2.267019271850586,2.260608434677124,5.992242257946145e-10,0.006410764064639807,0.0
246,adam,0.001,0.2231280910782516,0.2178160035982728,2.4368919635832636e-10,0.005312088847858831,0.0,2.378408193588257,2.3726048469543457,5.992242257946145e-10,0.005803269799798727,0.0
247,adam,0.001,0.15364475594833493,0.14973212173208594,2.0479071514157946e-10,0.003912636864697561,0.0,2.227250099182129,2.2249507904052734,5.992242257946145e-10,0.002299228450283408,0.0
248,adam,0.001,0.1674852347932756,0.16506644012406468,2.047275790287679e-10,0.0024187932649510913,0.0,2.2649006843566895,2.2622947692871094,5.992242257946145e-10,0.0026058966759592295,0.0
249,adam,0.001,0.11825866438448429,0.11625177878886461,2.0768514582968523e-10,0.0020068867233931087,0.0,2.3033554553985596,2.3013243675231934,5.992242257946145e-10,0.002031096490100026,0.0
250,adam,0.001,0.1557214215863496,0.1518053961917758,2.0472762370583834e-10,0.003916024026693776,0.0,2.24912166595459,2.2460877895355225,5.992242257946145e-10,0.003033876186236739,0.0
251,adam,0.001,0.15679848054423928,0.15468033589422703,2.1324155847393439e-10,0.0021181442934903316,0.0,2.3653388023376465,2.3639190196990967,5.992242257946145e-10,0.0014197409618645906,0.0
252,adam,0.001,0.36342085245996714,0.36077390145510435,2.0883427917478563e-10,0.0026469470030860975,0.0,2.30743408203125,2.3022501468658447,5.992242257946145e-10,0.005183960311114788,0.0
253,adam,0.001,0.638770286925137,0.6323106866329908,2.539924362099316e-10,0.006459610536694527,0.0,2.450147867202759,2.4454712867736816,5.992242257946145e-10,0.004676677752286196,0.0
254,adam,0.001,0.39537303429096937,0.39010709803551435,2.051169101798273e-10,0.00526593838003464,0.0,2.323685884475708,2.319188117980957,5.992242257946145e-10,0.004497705027461052,0.0
255,adam,0.001,0.2569328136742115,0.2521053124219179,2.05118541565919e-10,0.004827503653359599,0.0,2.1965701580047607,2.191389799118042,5.992242257946145e-10,0.005180468782782555,0.0
256,adam,0.001,0.28260332345962524,0.2764085168018937,2.130518977410872e-10,0.006194805871928111,0.0,2.2830216884613037,2.276041269302368,5.992242257946145e-10,0.006980393547564745,0.0
257,adam,0.001,0.5378869939595461,0.5303552597761154,2.0506708589133688e-10,0.007531736802775413,0.0,2.3564794063568115,2.3479952812194824,5.992242257946145e-10,0.008484132587909698,0.0
258,adam,0.001,0.4091402031481266,0.40247693564742804,2.0473228687124066e-10,0.00666326834470965,0.0,2.183279275894165,2.178356170654297,5.992242257946145e-10,0.004923015832901001,0.0
259,adam,0.001,0.2875686436891556,0.28249117033556104,2.0472538280574005e-10,0.0050774727133102715,0.0,2.3245081901550293,2.321897506713867,5.992242257946145e-10,0.002610602416098118,0.0
260,adam,0.001,0.2043605619110167,0.2001854246482253,2.0506708574077678e-10,0.004175137699348852,0.0,2.299551010131836,2.2933030128479004,5.992242257946145e-10,0.006248025223612785,0.0
261,adam,0.001,0.15134497871622443,0.14788333419710398,2.0472548163357718e-10,0.0034616445482242852,0.0,2.16267728805542,2.1603736877441406,5.992242257946145e-10,0.002303632441908121,0.0
262,adam,0.001,0.21484353439882398,0.21249549114145339,2.0472583338343734e-10,0.0023480394011130556,0.0,2.227870464324951,2.2255568504333496,5.992242257946145e-10,0.0023135661613196135,0.0
263,adam,0.001,0.11760641890577972,0.11488520889542997,2.0606901475667133e-10,0.0027212089698878117,0.0,2.1640450954437256,2.161346197128296,5.992242257946145e-10,0.002698791678994894,0.0
264,adam,0.001,0.11616596323437989,0.11350769503042102,2.050706904584669e-10,0.002658267032529693,0.0,2.131436586380005,2.127274990081787,5.992242257946145e-10,0.004161692224442959,0.0
265,adam,0.001,0.09616573574021459,0.09333475213497877,2.2493118650308744e-10,0.002830983343301341,0.0,2.1550021171569824,2.153179168701172,5.992242257946145e-10,0.0018229578854516149,0.0
266,adam,0.001,0.13658082555048168,0.13461586320772767,2.047270010428132e-10,0.001964962990314234,0.0,2.2791357040405273,2.2777466773986816,5.992242257946145e-10,0.0013890370028093457,0.0
267,adam,0.001,0.1648002953734249,0.16273143445141613,2.0574177261430886e-10,0.002068862595479004,0.0,2.170111656188965,2.1677160263061523,5.992242257946145e-10,0.002395533723756671,0.0
268,adam,0.001,0.10048608900979161,0.09836734947748482,2.054675040475959e-10,0.0021187390157137997,0.0,2.1538732051849365,2.1519479751586914,5.992242257946145e-10,0.0019252668134868145,0.0
269,adam,0.001,0.11827736301347613,0.11644822196103632,2.0511738651833431e-10,0.0018291399246663786,0.0,2.229004144668579,2.2271628379821777,5.992242257946145e-10,0.0018414128571748734,0.0
270,adam,0.001,0.1081492907833308,0.10620770882815123,2.0492031451453515e-10,0.0019415820861468092,0.0,2.205110549926758,2.2020111083984375,5.992242257946145e-10,0.0030993677210062742,0.0
271,adam,0.001,0.13161724084056914,0.12932941783219576,2.0580788198605796e-10,0.002287823605001904,0.0,2.2102837562561035,2.2076518535614014,5.992242257946145e-10,0.0026319525204598904,0.0
272,adam,0.001,0.11566705722361803,0.11327970772981644,2.0522122052629687e-10,0.0023873508907854557,0.0,2.1653847694396973,2.1624040603637695,5.992242257946145e-10,0.002980769844725728,0.0
273,adam,0.001,0.08410530281253159,0.08230348955839872,2.0474452378089382e-10,0.0018018141636275686,0.0,2.1045243740081787,2.102856159210205,5.992242257946145e-10,0.0016681530978530645,0.0
274,adam,0.001,0.08942288998514414,0.08719018334522843,2.051200154749009e-10,0.0022327065307763405,0.0,2.0857059955596924,2.0831472873687744,5.992242257946145e-10,0.0025586236733943224,0.0
275,adam,0.001,0.12943253642879426,0.12736570136621594,2.0477032470378746e-10,0.0020668358920374885,0.0,2.16359281539917,2.161872625350952,5.992242257946145e-10,0.001720151980407536,0.0
276,adam,0.001,0.09794519655406475,0.09581432351842523,2.0483103171483582e-10,0.0021308740397216752,0.0,2.1454508304595947,2.142876386642456,5.992242257946145e-10,0.0025744724553078413,0.0
277,adam,0.001,0.08100668410770595,0.07914737844839692,2.0473108053131116e-10,0.001859305462858174,0.0,2.1442747116088867,2.142852544784546,5.992242257946145e-10,0.001422228990122676,0.0
278,adam,0.001,0.07515187747776508,0.07370770128909498,2.0507068339082398e-10,0.0014441767343669198,0.0,2.12392258644104,2.122612476348877,5.992242257946145e-10,0.001310206251218915,0.0
279,adam,0.001,0.0640721139498055,0.06280590477399528,2.060704714489542e-10,0.0012662094341067132,0.0,2.105656862258911,2.1045026779174805,5.992242257946145e-10,0.0011542760767042637,0.0
280,adam,0.001,0.05731901398394257,0.0557882699649781,2.047416946501891e-10,0.0015307436588045675,0.0,2.1001534461975098,2.0986742973327637,5.992242257946145e-10,0.0014791504945605993,0.0
281,adam,0.001,0.08039716782514006,0.07885594537947327,2.0820724880255515e-10,0.00154122180538252,0.0,2.1075074672698975,2.1064510345458984,5.992242257946145e-10,0.0010564383119344711,0.0
282,adam,0.001,0.09132609481457621,0.09016461356077343,2.0472537904285905e-10,0.0011614819886744954,0.0,2.0991902351379395,2.097900152206421,5.992242257946145e-10,0.0012899977155029774,0.0
283,adam,0.001,0.05841742572374642,0.05729718541260809,2.0472721378000835e-10,0.0011202397217857651,0.0,2.1340856552124023,2.1330864429473877,5.992242257946145e-10,0.0009991528932005167,0.0
284,adam,0.001,0.05149183049798012,0.05062902346253395,2.0675986255322036e-10,0.0008628076830063947,0.0,2.114537000656128,2.1136748790740967,5.992242257946145e-10,0.0008621750166639686,0.0
285,adam,0.001,0.037826824467629194,0.03699582745321095,2.0474298467247724e-10,0.0008309972145070788,0.0,2.092167615890503,2.0913262367248535,5.992242257946145e-10,0.0008414675830863416,0.0
286,adam,0.001,0.038761290255934,0.03796461422462016,2.060690092889016e-10,0.0007966762896103319,0.0,2.070053815841675,2.0692226886749268,5.992242257946145e-10,0.0008310977718792856,0.0
287,adam,0.001,0.034968507243320346,0.034254777361638844,2.1289965406302044e-10,0.0007137293760024477,0.0,2.0848886966705322,2.0843029022216797,5.992242257946145e-10,0.0005857266369275749,0.0
288,adam,0.001,0.030684454191941768,0.030082403973210603,2.0487925364195008e-10,0.000602050029556267,0.0,2.106316328048706,2.105780601501465,5.992242257946145e-10,0.0005356174078769982,0.0
289,adam,0.001,0.03044230374507606,0.029938793857581913,2.0898393304825958e-10,0.0005035097492509522,0.0,2.0904316902160645,2.089925765991211,5.992242257946145e-10,0.0005059055401943624,0.0
290,adam,0.001,0.026782495144288987,0.026199922314845026,2.222635501958771e-10,0.0005825726075272541,0.0,2.0981035232543945,2.0976510047912598,5.992242257946145e-10,0.0004524441610556096,0.0
291,adam,0.001,0.024421775597147644,0.023965652915649116,2.3231485057928812e-10,0.00045612289432028774,0.0,2.0842301845550537,2.0838074684143066,5.992242257946145e-10,0.0004226152377668768,0.0
292,adam,0.001,0.02421912079444155,0.02376241359161213,2.0472576411392333e-10,0.0004567071300698444,0.0,2.086277723312378,2.0857319831848145,5.992242257946145e-10,0.0005457951338030398,0.0
293,adam,0.001,0.02313000854337588,0.022654013650026172,2.1301072095710895e-10,0.0004759947314596502,0.0,2.083509683609009,2.0830841064453125,5.992242257946145e-10,0.0004254936648067087,0.0
294,adam,0.001,0.022850204026326537,0.02241652348311618,2.0472581891719656e-10,0.00043368050683056936,0.0,2.0918235778808594,2.0913937091827393,5.992242257946145e-10,0.00042975007090717554,0.0
295,adam,0.001,0.025590396544430405,0.025158470089081675,2.3231265800729322e-10,0.0004319259878684534,0.0,2.0736069679260254,2.0732150077819824,5.992242257946145e-10,0.0003920408198609948,0.0
296,adam,0.001,0.027053489058744162,0.026587713276967406,2.058896684320663e-10,0.00046577578359574545,0.0,2.0907464027404785,2.0902609825134277,5.992242257946145e-10,0.00048534019151702523,0.0
297,adam,0.001,0.02449390001129359,0.02405953116249293,2.0472699518307237e-10,0.0004343689997767797,0.0,2.0814192295074463,2.081005573272705,5.992242257946145e-10,0.0004136007628403604,0.0
298,adam,0.001,0.02405531279509887,0.02359405835159123,2.0750534988593966e-10,0.00046125407970976084,0.0,2.0818018913269043,2.0813117027282715,5.992242257946145e-10,0.0004902665968984365,0.0
299,adam,0.001,0.02259005547966808,0.022160406020702794,2.0472690267817406e-10,0.0004296495499147568,0.0,2.085249662399292,2.084749221801758,5.992242257946145e-10,0.0005004190606996417,0.0
300,adam,0.001,0.021857177023775876,0.02142222091788426,2.047253735957374e-10,0.00043495631325640716,0.0,2.068521738052368,2.068121910095215,5.992242257946145e-10,0.0003997778403572738,0.0
301,adam,0.001,0.023287626449018717,0.02281183801824227,2.0472538125529918e-10,0.0004757880869874498,0.0,2.088731527328491,2.0882887840270996,5.992242257946145e-10,0.00044281582813709974,0.0
302,adam,0.001,0.025871962774544954,0.025356996164191514,2.0472713995701065e-10,0.0005149663447809871,0.0,2.056788444519043,2.0559728145599365,5.992242257946145e-10,0.0008156452095136046,0.0
303,adam,0.001,0.029607649892568588,0.02901066461345181,2.0783238365915995e-10,0.0005969850026303902,0.0,2.078989267349243,2.0785324573516846,5.992242257946145e-10,0.0004568241420201957,0.0
304,adam,0.001,0.027863137423992157,0.027443042781669647,2.047254886406837e-10,0.0004200948660582071,0.0,2.076845407485962,2.076284170150757,5.992242257946145e-10,0.0005612862878479064,0.0
305,adam,0.001,0.026327044877689332,0.02575267560314387,2.0484476892724253e-10,0.0005743694091506768,0.0,2.0892698764801025,2.088596820831299,5.992242257946145e-10,0.0006730346358381212,0.0
306,adam,0.001,0.022803881962317973,0.022327026294078678,2.0474005673030033e-10,0.0004768552662426373,0.0,2.071988105773926,2.071556329727173,5.992242257946145e-10,0.0004316954000387341,0.0
307,adam,0.001,0.02059351821662858,0.020185780187603086,2.0472537120497367e-10,0.0004077378871443216,0.0,2.0792908668518066,2.0789153575897217,5.992242257946145e-10,0.0003756021906156093,0.0
308,adam,0.001,0.021257987420540303,0.020879038027487695,2.0473454409122532e-10,0.0003789491565839853,0.0,2.073575735092163,2.0731186866760254,5.992242257946145e-10,0.0004570375313051045,0.0
309,adam,0.001,0.020770354836713523,0.02038149008876644,2.050671038380592e-10,0.000388864671549527,0.0,2.077589750289917,2.077127456665039,5.992242257946145e-10,0.00046239947550930083,0.0
310,adam,0.001,0.023385615699226037,0.022925231634872034,2.0472583520066712e-10,0.0004603841371135786,0.0,2.0835461616516113,2.083004951477051,5.992242257946145e-10,0.0005412081372924149,0.0
311,adam,0.001,0.02146568871103227,0.02104348671855405,2.0487939089398433e-10,0.0004222016996209277,0.0,2.065763473510742,2.0652482509613037,5.992242257946145e-10,0.0005152383237145841,0.0
312,adam,0.001,0.025296953273937106,0.024859850585926324,2.0527711472110655e-10,0.0004371023369458271,0.0,2.0682973861694336,2.067840099334717,5.992242257946145e-10,0.0004573596816044301,0.0
313,adam,0.001,0.02456216118298471,0.0241107065230608,2.0606900249205942e-10,0.00045145436888560653,0.0,2.068192481994629,2.0677363872528076,5.992242257946145e-10,0.0004561498062685132,0.0
314,adam,0.001,0.02353866072371602,0.023110473703127354,2.0819916701090385e-10,0.00042818695146706887,0.0,2.0783185958862305,2.077911615371704,5.992242257946145e-10,0.00040689014713279903,0.0
315,adam,0.001,0.023657035897485912,0.023179678712040186,2.2333293262896312e-10,0.00047735715634189546,0.0,2.099022626876831,2.098468542098999,5.992242257946145e-10,0.0005541205173358321,0.0
316,adam,0.001,0.02714744140394032,0.026637420756742358,2.0587535662169442e-10,0.0005100205326016294,0.0,2.064903736114502,2.0643301010131836,5.992242257946145e-10,0.0005736247985623777,0.0
317,adam,0.001,0.02678454469423741,0.02610700239893049,2.0472562604353614e-10,0.0006775421134079807,0.0,2.0623719692230225,2.061873197555542,5.992242257946145e-10,0.000498858920764178,0.0
318,adam,0.001,0.03514875617111102,0.03443702816730365,2.0474008237330795e-10,0.0007117276181816123,0.0,2.0999135971069336,2.0991647243499756,5.992242257946145e-10,0.0007488680421374738,0.0
319,adam,0.001,0.03420028049731627,0.03352888720110059,2.0750540061696633e-10,0.0006713933344144607,0.0,2.087897777557373,2.0872910022735596,5.992242257946145e-10,0.0006068450747989118,0.0
320,adam,0.001,0.05720778997056186,0.056428066338412464,2.0472537824097693e-10,0.0007797233938617865,0.0,2.0805728435516357,2.079583168029785,5.992242257946145e-10,0.000989633146673441,0.0
321,adam,0.001,0.05232940148562193,0.051343358820304275,2.049539006595386e-10,0.0009860419741016813,0.0,2.0946011543273926,2.0936408042907715,5.992242257946145e-10,0.0009602951467968524,0.0
322,adam,0.001,0.05240611941553652,0.051222121925093234,2.0480550857434252e-10,0.0011839973958558403,0.0,2.1032352447509766,2.1001617908477783,5.992242257946145e-10,0.0030733642634004354,0.0
323,adam,0.001,0.043595110066235065,0.04156581254210323,2.0472557293944079e-10,0.002029297724220669,0.0,2.040182113647461,2.038729429244995,5.992242257946145e-10,0.0014526897575706244,0.0
324,adam,0.001,0.041688780300319195,0.04086370923323557,2.0474006648388472e-10,0.0008250712380686309,0.0,2.080580949783325,2.080014228820801,5.992242257946145e-10,0.0005668378435075283,0.0
325,adam,0.001,0.03457328595686704,0.03400008112657815,2.0610654843385796e-10,0.0005732045447075507,0.0,2.0934805870056152,2.0929176807403564,5.992242257946145e-10,0.00056300382129848,0.0
326,adam,0.001,0.03165185562102124,0.03108942578546703,2.2442801863307048e-10,0.000562429748242721,0.0,2.059684991836548,2.059154510498047,5.992242257946145e-10,0.0005303907673805952,0.0
327,adam,0.001,0.033647592179477215,0.03300375118851662,2.0883956846629405e-10,0.0006438405125663849,0.0,2.052556276321411,2.0518317222595215,5.992242257946145e-10,0.0007245764136314392,0.0
328,adam,0.001,0.03354702499927953,0.032849881041329354,2.0809576209131677e-10,0.000697143634170061,0.0,2.107555627822876,2.1069703102111816,5.992242257946145e-10,0.0005853079492226243,0.0
329,adam,0.001,0.0824083253974095,0.08047949359752238,2.0761921111176564e-10,0.0019288313014840242,0.0,2.0930895805358887,2.091979503631592,5.992242257946145e-10,0.0011099970433861017,0.0
330,adam,0.001,0.146787773584947,0.14370830915868282,2.047263804543008e-10,0.0030794656777288765,0.0,2.2057244777679443,2.2007603645324707,5.992242257946145e-10,0.00496404804289341,0.0
331,adam,0.001,0.17050457606092095,0.16704427357763052,2.0492206104979624e-10,0.00346030319633428,0.0,2.2015583515167236,2.1980020999908447,5.992242257946145e-10,0.003556224051862955,0.0
332,adam,0.001,0.21795927872881293,0.2147269188426435,2.0512008355249232e-10,0.0032323587511200458,0.0,2.1060800552368164,2.1029698848724365,5.992242257946145e-10,0.003110203193500638,0.0
333,adam,0.001,0.35123932594433427,0.3482688837684691,2.0475974195283912e-10,0.002970442481455393,0.0,2.2807278633117676,2.2780282497406006,5.992242257946145e-10,0.0026995064690709114,0.0
334,adam,0.001,0.28853857424110174,0.2823480824008584,2.0472537632403218e-10,0.006190494226757437,0.0,2.2359225749969482,2.2318344116210938,5.992242257946145e-10,0.00408819317817688,0.0
335,adam,0.001,0.2601508740335703,0.25220767920836806,2.3767418078095867e-10,0.007943196833366528,0.0,2.320897102355957,2.3064563274383545,5.992242257946145e-10,0.01444089226424694,0.0
336,adam,0.001,0.2515814914368093,0.24235306959599257,2.0473227836660635e-10,0.009228422553860582,0.0,2.1137332916259766,2.1104798316955566,5.992242257946145e-10,0.0032534184865653515,0.0
337,adam,0.001,0.238880327437073,0.23533595772460103,2.0474723051194622e-10,0.003544369217706844,0.0,2.0666093826293945,2.063730001449585,5.992242257946145e-10,0.0028792652301490307,0.0
338,adam,0.001,0.339714877307415,0.33217193745076656,2.1229760682728846e-10,0.007542940220446326,0.0,2.228407144546509,2.218985080718994,5.992242257946145e-10,0.009422020055353642,0.0
339,adam,0.001,0.6005532946437597,0.5824034754186869,2.0474446793510337e-10,0.01814981215284206,0.0,2.3933048248291016,2.3870956897735596,5.992242257946145e-10,0.006209126673638821,0.0
340,adam,0.001,0.7583347801119089,0.7415796183049679,2.167555251135568e-10,0.016755168238887563,0.0,2.2844173908233643,2.270761013031006,5.992242257946145e-10,0.013656473718583584,0.0
341,adam,0.001,0.7309280456975102,0.7172695146873593,2.0491986191764532e-10,0.013658532610861585,0.0,2.3018007278442383,2.293140172958374,5.992242257946145e-10,0.008660544641315937,0.0
342,adam,0.001,0.5758212404325604,0.5663646925240755,2.16239789117652e-10,0.009456552885239944,0.0,2.2423932552337646,2.2303311824798584,5.992242257946145e-10,0.012062178924679756,0.0
343,adam,0.001,0.5653219446539879,0.553394622169435,2.2017548780109702e-10,0.011927319748792797,0.0,2.3631279468536377,2.3535587787628174,5.992242257946145e-10,0.009569134563207626,0.0
344,adam,0.001,0.5731634609401226,0.5612463168799877,2.0473330120060654e-10,0.011917141498997808,0.0,2.2923636436462402,2.2824654579162598,5.992242257946145e-10,0.00989815779030323,0.0
345,adam,0.001,0.4749506674706936,0.4661157764494419,2.047999193360912e-10,0.008834888867568225,0.0,2.38460111618042,2.3778274059295654,5.992242257946145e-10,0.006773802917450666,0.0
346,adam,0.001,0.3118276381865144,0.3034589719027281,2.1667855449130336e-10,0.008368668291950598,0.0,2.3553614616394043,2.349236249923706,5.992242257946145e-10,0.0061252061277627945,0.0
347,adam,0.001,0.25423084013164043,0.2491327477619052,2.048461786203406e-10,0.005098091816762462,0.0,2.321556806564331,2.3177084922790527,5.992242257946145e-10,0.0038482919335365295,0.0
348,adam,0.001,0.27508307760581374,0.27042600233107805,2.0575709395223338e-10,0.004657074328861199,0.0,2.1914174556732178,2.186830997467041,5.992242257946145e-10,0.004586467985063791,0.0
349,adam,0.001,0.2918496993370354,0.2878211410716176,2.061885865275564e-10,0.004028556271805428,0.0,2.200990915298462,2.196582555770874,5.992242257946145e-10,0.004408259876072407,0.0
350,adam,0.001,0.29092662408947945,0.28647240810096264,2.0476481200494368e-10,0.004454216788872145,0.0,2.1727449893951416,2.1671719551086426,5.992242257946145e-10,0.005572940222918987,0.0
351,adam,0.001,0.32085970416665077,0.3147637564688921,2.060690269313141e-10,0.006095946911955252,0.0,2.2980730533599854,2.2934460639953613,5.992242257946145e-10,0.0046268729493021965,0.0
352,adam,0.001,0.4681785046122968,0.4636512501165271,2.0713592723879795e-10,0.004527260680333711,0.0,2.187457323074341,2.180586099624634,5.992242257946145e-10,0.006871305406093597,0.0
353,adam,0.001,0.35873131919652224,0.3525919774547219,2.0749065266880713e-10,0.006139340082881972,0.0,2.2047388553619385,2.200807571411133,5.992242257946145e-10,0.003931200131773949,0.0
354,adam,0.001,0.34852678049355745,0.34276207722723484,2.051155827246022e-10,0.005764703382737935,0.0,2.316087484359741,2.3105714321136475,5.992242257946145e-10,0.005516020115464926,0.0
355,adam,0.001,0.24420020543038845,0.23999793641269207,2.220688624867015e-10,0.004202268712106161,0.0,2.2489373683929443,2.245300054550171,5.992242257946145e-10,0.003637396963313222,0.0
356,adam,0.001,0.23718355549499393,0.23202988412231207,2.0472537429121432e-10,0.005153670615982264,0.0,2.264374017715454,2.2587664127349854,5.992242257946145e-10,0.005607617553323507,0.0
357,adam,0.001,0.18969197710976005,0.1853295313194394,2.0473854973269101e-10,0.004362443491118029,0.0,2.2024989128112793,2.19943904876709,5.992242257946145e-10,0.003059890354052186,0.0
358,adam,0.001,0.215373947750777,0.21221426292322576,2.0508182466844207e-10,0.003159685540595092,0.0,2.2502360343933105,2.2472920417785645,5.992242257946145e-10,0.00294406246393919,0.0
359,adam,0.001,0.1895327507518232,0.18592731188982725,2.1710967780859518e-10,0.0036054396186955273,0.0,2.2429068088531494,2.240036725997925,5.992242257946145e-10,0.0028699981048703194,0.0
360,adam,0.001,0.1675509235356003,0.16493950900621712,2.053937569924156e-10,0.0026114141510333866,0.0,2.1193771362304688,2.117384433746338,5.992242257946145e-10,0.001992805628105998,0.0
361,adam,0.001,0.11121363122947514,0.10853047342970967,2.0870739907358563e-10,0.002683158789295703,0.0,2.1053786277770996,2.1022379398345947,5.992242257946145e-10,0.0031406565103679895,0.0
362,adam,0.001,0.10355148557573557,0.10085593024268746,2.0472536462483462e-10,0.0026955549474223517,0.0,2.180542469024658,2.176913261413574,5.992242257946145e-10,0.0036291996948421,0.0
363,adam,0.001,0.1032127276994288,0.10102442395873368,2.0539554405116556e-10,0.0021883046501898207,0.0,2.1179957389831543,2.1156694889068604,5.992242257946145e-10,0.0023262619506567717,0.0
364,adam,0.001,0.15274085337296128,0.15051285573281348,2.0472541703994973e-10,0.0022279966578935273,0.0,2.112786054611206,2.110562562942505,5.992242257946145e-10,0.0022236094810068607,0.0
365,adam,0.001,0.08740865346044302,0.0845489758066833,2.0472538120994983e-10,0.0028596772899618372,0.0,2.107609510421753,2.105454683303833,5.992242257946145e-10,0.002154856687411666,0.0
366,adam,0.001,0.11606085416860878,0.11387535859830678,2.129336957924072e-10,0.002185495148296468,0.0,2.1091196537017822,2.106175184249878,5.992242257946145e-10,0.0029444952961057425,0.0
367,adam,0.001,0.11472071171738207,0.11279583466239274,2.0539372413864794e-10,0.0019248781536589377,0.0,2.070162534713745,2.0674991607666016,5.992242257946145e-10,0.0026633702218532562,0.0
368,adam,0.001,0.09848206653259695,0.09639423596672714,2.0718694126942198e-10,0.0020878300128970295,0.0,2.0847830772399902,2.0831520557403564,5.992242257946145e-10,0.0016310556093230844,0.0
369,adam,0.001,0.11737752449698746,0.11562713468447328,2.047322728136701e-10,0.0017503894996480085,0.0,2.1144638061523438,2.1122539043426514,5.992242257946145e-10,0.002209808211773634,0.0
370,adam,0.001,0.24323851196095347,0.24116871459409595,2.0508076970562193e-10,0.002069799171295017,0.0,2.14955472946167,2.1470067501068115,5.992242257946145e-10,0.002547865966334939,0.0
371,adam,0.001,0.16419639252126217,0.16169063281267881,2.047336496573151e-10,0.002505760421627201,0.0,2.141258955001831,2.138885736465454,5.992242257946145e-10,0.0023731610272079706,0.0
372,adam,0.001,0.14243503334000707,0.14027022663503885,2.0487925191400949e-10,0.0021648060501320288,0.0,2.131230115890503,2.129434823989868,5.992242257946145e-10,0.0017953736241906881,0.0
373,adam,0.001,0.1289890727493912,0.12719137617386878,2.0472538211249652e-10,0.0017976978560909629,0.0,2.1991050243377686,2.1976945400238037,5.992242257946145e-10,0.001410398748703301,0.0
374,adam,0.001,0.16225217934697866,0.16040649358183146,2.0472536755564968e-10,0.0018456862817401998,0.0,2.0987160205841064,2.096717357635498,5.992242257946145e-10,0.001998762832954526,0.0
375,adam,0.001,0.08782457187771797,0.08600313658826053,2.076859061013951e-10,0.001821435391320847,0.0,2.1121764183044434,2.1106011867523193,5.992242257946145e-10,0.0015753112966194749,0.0
376,adam,0.001,0.0939840767532587,0.09256349108181894,2.0483105091749625e-10,0.001420584329025587,0.0,2.172795295715332,2.1714038848876953,5.992242257946145e-10,0.0013914280571043491,0.0
377,adam,0.001,0.13510578451678157,0.13363289833068848,2.0511553846686602e-10,0.0014728887763340026,0.0,2.157355785369873,2.155576229095459,5.992242257946145e-10,0.0017795325256884098,0.0
378,adam,0.001,0.1391031788662076,0.1375260007334873,2.0753296290561248e-10,0.0015771776670590043,0.0,2.143975257873535,2.1426939964294434,5.992242257946145e-10,0.0012812252389267087,0.0
379,adam,0.001,0.08314290805719793,0.08164076565299183,2.0541279861586222e-10,0.0015021433646325022,0.0,2.110074281692505,2.108635425567627,5.992242257946145e-10,0.0014388972194865346,0.0
380,adam,0.001,0.07656376494560391,0.07519147801212966,2.0473392742964037e-10,0.0013722861840506084,0.0,2.176278829574585,2.1748876571655273,5.992242257946145e-10,0.001391208148561418,0.0
381,adam,0.001,0.061884766328148544,0.06041896971873939,2.0479074252866928e-10,0.0014657964056823403,0.0,2.176957130432129,2.1754536628723145,5.992242257946145e-10,0.0015033796662464738,0.0
382,adam,0.001,0.04758025542832911,0.04625731776468456,2.0472950442661302e-10,0.0013229378819232807,0.0,2.147822618484497,2.146864652633667,5.992242257946145e-10,0.0009580090409144759,0.0
383,adam,0.001,0.044073752826079726,0.043155000428669155,2.0898387990596833e-10,0.0009187530667986721,0.0,2.1357975006103516,2.135037660598755,5.992242257946145e-10,0.0007599130040034652,0.0
384,adam,0.001,0.05553050374146551,0.05444631911814213,2.0472543307117984e-10,0.001084184696082957,0.0,2.118351697921753,2.117436170578003,5.992242257946145e-10,0.0009154602303169668,0.0
385,adam,0.001,0.03894402994774282,0.037782457075081766,2.3243204106704622e-10,0.001161572894488927,0.0,2.1414453983306885,2.1399548053741455,5.992242257946145e-10,0.001490590744651854,0.0
386,adam,0.001,0.048691269708797336,0.04784392274450511,2.047253664798252e-10,0.0008473469188174931,0.0,2.103423833847046,2.1023194789886475,5.992242257946145e-10,0.0011044403072446585,0.0
387,adam,0.001,0.07546418276615441,0.07346841937396675,2.0476118650891333e-10,0.0019957642543886323,0.0,2.0932655334472656,2.0914809703826904,5.992242257946145e-10,0.0017845715628936887,0.0
388,adam,0.001,0.12151711923070252,0.12016227701678872,2.0512213916906836e-10,0.0013548410388466436,0.0,2.148569107055664,2.1475143432617188,5.992242257946145e-10,0.0010547032579779625,0.0
389,adam,0.001,0.08143277396447957,0.07993027765769511,2.053965816485265e-10,0.0015024960957816802,0.0,2.172037363052368,2.170656204223633,5.992242257946145e-10,0.0013812636025249958,0.0
390,adam,0.001,0.057567278388887644,0.0564832566305995,2.047253904721724e-10,0.001084021532733459,0.0,2.1313939094543457,2.1306614875793457,5.992242257946145e-10,0.0007323450990952551,0.0
391,adam,0.001,0.046761299134232104,0.04589617915917188,2.0472537984677603e-10,0.0008651201860629953,0.0,2.1039891242980957,2.103008508682251,5.992242257946145e-10,0.000980622018687427,0.0
392,adam,0.001,0.051669723354279995,0.050664393114857376,2.0483141813682501e-10,0.001005329679173883,0.0,2.099233388900757,2.0984179973602295,5.992242257946145e-10,0.0008153343806043267,0.0
393,adam,0.001,0.051193271414376795,0.05042030749609694,2.2153889112398197e-10,0.0007729641511105001,0.0,2.091989040374756,2.0912725925445557,5.992242257946145e-10,0.0007164094713516533,0.0
394,adam,0.001,0.03828918549697846,0.03757247980684042,2.0475945175445448e-10,0.0007167054027377162,0.0,2.096587657928467,2.0953855514526367,5.992242257946145e-10,0.0012021701550111175,0.0
395,adam,0.001,0.039147123228758574,0.03798646363429725,2.220688545288402e-10,0.0011606596417550463,0.0,2.0940797328948975,2.093252658843994,5.992242257946145e-10,0.0008270510588772595,0.0
396,adam,0.001,0.041511956544127315,0.04071789374575019,2.047253887195818e-10,0.0007940631803649012,0.0,2.106654405593872,2.105938196182251,5.992242257946145e-10,0.0007161176763474941,0.0
397,adam,0.001,0.03602975356625393,0.035175346420146525,2.0607120027851984e-10,0.0008544070151401684,0.0,2.084599018096924,2.0836565494537354,5.992242257946145e-10,0.0009425538592040539,0.0
398,adam,0.001,0.03953861223999411,0.03855690889758989,2.3181298467495877e-10,0.0009817028076213319,0.0,2.1219069957733154,2.1211957931518555,5.992242257946145e-10,0.0007111215381883085,0.0
399,adam,0.001,0.03610586671857163,0.03529481898294762,2.0609134072200194e-10,0.0008110477356240153,0.0,2.10329008102417,2.102351665496826,5.992242257946145e-10,0.0009383102878928185,0.0
400,adam,0.001,0.03289006924023852,0.032017825404182076,2.0472575528583494e-10,0.0008722438651602715,0.0,2.0919039249420166,2.0898821353912354,5.992242257946145e-10,0.0020217853598296642,0.0
401,adam,0.001,0.05251289770239964,0.05076707905391231,2.0472699134465654e-10,0.0017458182082918938,0.0,2.162832021713257,2.1602680683135986,5.992242257946145e-10,0.0025639100931584835,0.0
402,adam,0.001,0.03739794192370027,0.03627549344673753,2.048780894455427e-10,0.0011224480549572036,0.0,2.103287935256958,2.102052688598633,5.992242257946145e-10,0.0012352420017123222,0.0
403,adam,0.001,0.03849282790906727,0.037302137759979814,2.0472541656491645e-10,0.0011906904073839542,0.0,2.1043524742126465,2.102959156036377,5.992242257946145e-10,0.001393276615999639,0.0
404,adam,0.001,0.051467159297317266,0.05052730563329533,2.0551305985876184e-10,0.0009398539623362012,0.0,2.0893993377685547,2.0881552696228027,5.992242257946145e-10,0.0012441694270819426,0.0
405,adam,0.001,0.026736396423075348,0.025981256796512753,2.2207023269381689e-10,0.0007551395501650404,0.0,2.0935146808624268,2.0930397510528564,5.992242257946145e-10,0.00047497785999439657,0.0
406,adam,0.001,0.021340532577596605,0.02079923450946808,2.050671021596899e-10,0.0005412978207459673,0.0,2.087219476699829,2.0868101119995117,5.992242257946145e-10,0.00040931583498604596,0.0
407,adam,0.001,0.02084457775345072,0.020429558702744544,2.0472582377947338e-10,0.0004150191234657541,0.0,2.088712692260742,2.088275671005249,5.992242257946145e-10,0.0004369496600702405,0.0
408,adam,0.001,0.01885338983265683,0.018442978151142597,2.0472634347684257e-10,0.00041041153235710226,0.0,2.0845749378204346,2.0840816497802734,5.992242257946145e-10,0.0004933000891469419,0.0
409,adam,0.001,0.0194420664338395,0.019015304918866605,2.0472537530570667e-10,0.0004267613803676795,0.0,2.0970449447631836,2.096586227416992,5.992242257946145e-10,0.0004587204020936042,0.0
410,adam,0.001,0.01973202414228581,0.019329645758261904,2.2564050299084626e-10,0.00040237835855805315,0.0,2.0891993045806885,2.0888099670410156,5.992242257946145e-10,0.00038926582783460617,0.0
411,adam,0.001,0.02211697181337513,0.021766671037767082,2.2130401679673291e-10,0.00035030026629101485,0.0,2.0888495445251465,2.0884578227996826,5.992242257946145e-10,0.00039170446689240634,0.0
412,adam,0.001,0.016542466240935028,0.016173675656318665,2.0475971465389367e-10,0.0003687902953970479,0.0,2.090329647064209,2.089944362640381,5.992242257946145e-10,0.00038537575164809823,0.0
413,adam,0.001,0.019897877820767462,0.0194676652608905,2.224147536700177e-10,0.0004302121560613159,0.0,2.0985372066497803,2.098086357116699,5.992242257946145e-10,0.0004508174315560609,0.0
414,adam,0.001,0.01932606432819739,0.018907811638200656,2.061938364827224e-10,0.00041825236621662043,0.0,2.1088478565216064,2.108454704284668,5.992242257946145e-10,0.0003932621912099421,0.0
415,adam,0.001,0.020283543271943927,0.01990232546813786,2.0472537366426104e-10,0.0003812176491919672,0.0,2.089635133743286,2.0892581939697266,5.992242257946145e-10,0.0003768324386328459,0.0
416,adam,0.001,0.02005290536908433,0.01968550105812028,2.364436774442277e-10,0.00036740406540047843,0.0,2.095930576324463,2.095424175262451,5.992242257946145e-10,0.0005063316784799099,0.0
417,adam,0.001,0.01871385533013381,0.018270731146913022,2.0472551941333774e-10,0.0004431242232385557,0.0,2.0870847702026367,2.086670398712158,5.992242257946145e-10,0.0004142949474044144,0.0
418,adam,0.001,0.016700658132322133,0.016310943552525714,2.440971597529482e-10,0.00038971458707237616,0.0,2.094602108001709,2.0942611694335938,5.992242257946145e-10,0.0003409314958844334,0.0
419,adam,0.001,0.017334673611912876,0.016987179580610245,2.047253770459557e-10,0.00034749390579236206,0.0,2.0852842330932617,2.0848803520202637,5.992242257946145e-10,0.00040399248246103525,0.0
420,adam,0.001,0.017147680511698127,0.016752264520619065,2.0761822152671204e-10,0.00039541594560432713,0.0,2.0833163261413574,2.082948923110962,5.992242257946145e-10,0.0003674131876323372,0.0
421,adam,0.001,0.020095905172638595,0.019626123597845435,2.3231581930355308e-10,0.0004697814420069335,0.0,2.0896341800689697,2.089104652404785,5.992242257946145e-10,0.0005296292365528643,0.0
422,adam,0.001,0.019833702652249485,0.01947436001501046,2.0479154465079147e-10,0.00035934227526013274,0.0,2.093958616256714,2.093611001968384,5.992242257946145e-10,0.00034760707058012486,0.0
423,adam,0.001,0.019749261031392962,0.01939212769502774,2.047254397038912e-10,0.0003571332217688905,0.0,2.0714173316955566,2.0710225105285645,5.992242257946145e-10,0.00039474060758948326,0.0
424,adam,0.001,0.03021841321606189,0.029697518097236753,2.0574101589474744e-10,0.0005208952534303535,0.0,2.1018338203430176,2.1012845039367676,5.992242257946145e-10,0.0005493664648383856,0.0
425,adam,0.001,0.032579868857283145,0.03191089379834011,2.0473369929275098e-10,0.0006689753172395285,0.0,2.1018669605255127,2.1009521484375,5.992242257946145e-10,0.0009149249526672065,0.0
426,adam,0.001,0.03200792014831677,0.03140380507102236,2.0472551416737153e-10,0.0006041151409590384,0.0,2.088702440261841,2.0882697105407715,5.992242257946145e-10,0.0004327662754803896,0.0
427,adam,0.001,0.029458435135893524,0.02900662337196991,2.0472830659947053e-10,0.0004518117439147318,0.0,2.0641393661499023,2.0636274814605713,5.992242257946145e-10,0.0005119174020364881,0.0
428,adam,0.001,0.03201367438305169,0.03143531712703407,2.0609041838135712e-10,0.0005783570049970876,0.0,2.1048712730407715,2.104071855545044,5.992242257946145e-10,0.0007993647595867515,0.0
429,adam,0.001,0.06779866019496694,0.06673389405477792,2.071869295781637e-10,0.0010647671078913845,0.0,2.1056864261627197,2.104465961456299,5.992242257946145e-10,0.0012204301310703158,0.0
430,adam,0.001,0.12046918366104364,0.11768008535727859,2.051907299501193e-10,0.0027890982528333552,0.0,2.1730756759643555,2.1709799766540527,5.992242257946145e-10,0.002095751464366913,0.0
431,adam,0.001,0.11385871819220483,0.1116147474385798,2.0512008409332452e-10,0.0022439696404035203,0.0,2.141160249710083,2.138756036758423,5.992242257946145e-10,0.0024041456636041403,0.0
432,adam,0.001,0.1368381220381707,0.13448450807482004,2.04725379998878e-10,0.0023536159860668704,0.0,2.1590890884399414,2.1567018032073975,5.992242257946145e-10,0.002387317596003413,0.0
433,adam,0.001,0.22477897349745035,0.22115801787003875,2.2019498711834008e-10,0.0036209550089552067,0.0,2.272855520248413,2.2677440643310547,5.992242257946145e-10,0.005111501552164555,0.0
434,adam,0.001,0.30718367686495185,0.3033228376880288,2.0472676110993123e-10,0.0038608377653872594,0.0,2.18052077293396,2.1753461360931396,5.992242257946145e-10,0.005174622405320406,0.0
435,adam,0.001,0.37953083124011755,0.3746892660856247,2.0573910967954498e-10,0.004841569694690406,0.0,2.154473066329956,2.1478497982025146,5.992242257946145e-10,0.006623300723731518,0.0
436,adam,0.001,0.5437163216993213,0.5357709573581815,2.111715564441459e-10,0.007945364835904911,0.0,2.2254714965820312,2.2177114486694336,5.992242257946145e-10,0.007760089356452227,0.0
437,adam,0.001,0.7346777822822332,0.7224830156192183,2.0608812851080338e-10,0.012194761540740728,0.0,2.2679905891418457,2.2599775791168213,5.992242257946145e-10,0.008012955076992512,0.0
438,adam,0.001,0.6671497626230121,0.6565493727102876,2.047277394969429e-10,0.010600390145555139,0.0,2.181192398071289,2.1717329025268555,5.992242257946145e-10,0.009459429420530796,0.0
439,adam,0.001,0.43767122738063335,0.4276790441945195,2.047253662666591e-10,0.009992183622671291,0.0,2.096930742263794,2.0896806716918945,5.992242257946145e-10,0.0072499536909163,0.0
440,adam,0.001,0.4055734407156706,0.39913258980959654,2.0607302461069657e-10,0.0064408517209813,0.0,2.173799991607666,2.168449878692627,5.992242257946145e-10,0.005350004881620407,0.0
441,adam,0.001,0.28682345151901245,0.2805331163108349,2.0484614419233905e-10,0.006290333956712857,0.0,2.1947805881500244,2.188699245452881,5.992242257946145e-10,0.0060814134776592255,0.0
442,adam,0.001,0.3109539123252034,0.3059680201113224,2.0472536631178841e-10,0.004985898500308394,0.0,2.2276997566223145,2.222283124923706,5.992242257946145e-10,0.005416725296527147,0.0
443,adam,0.001,0.2795901456847787,0.27445494290441275,2.1615252664485475e-10,0.005135206185514107,0.0,2.052506685256958,2.0444533824920654,5.992242257946145e-10,0.00805324874818325,0.0
444,adam,0.001,0.3661397621035576,0.3582824794575572,2.0587892232737632e-10,0.007857281161705032,0.0,2.1003332138061523,2.092909812927246,5.992242257946145e-10,0.0074233911000192165,0.0
445,adam,0.001,0.3063395833596587,0.2990864375606179,2.3270370570248985e-10,0.007253146613948047,0.0,2.224722385406494,2.2184135913848877,5.992242257946145e-10,0.006308780983090401,0.0
446,adam,0.001,0.24602930387482047,0.2415027553215623,2.2019015969426384e-10,0.004526547723799013,0.0,2.119093894958496,2.1158835887908936,5.992242257946145e-10,0.0032103469129651785,0.0
447,adam,0.001,0.23952420754358172,0.23493255162611604,2.047255396386151e-10,0.004591660821461119,0.0,2.1254146099090576,2.1179630756378174,5.992242257946145e-10,0.007451466750353575,0.0
448,adam,0.001,0.2909436170011759,0.28670912189409137,2.0503932185914283e-10,0.004234496038407087,0.0,2.1137948036193848,2.1102166175842285,5.992242257946145e-10,0.00357814971357584,0.0
449,adam,0.001,0.2233604840002954,0.2188800428994,2.2742567494792627e-10,0.004480443662032485,0.0,2.194122791290283,2.187718391418457,5.992242257946145e-10,0.006404480431228876,0.0
450,adam,0.001,0.20027668727561831,0.19593424117192626,2.264071920861602e-10,0.004342446132795885,0.0,2.1830923557281494,2.179447889328003,5.992242257946145e-10,0.0036444917786866426,0.0
451,adam,0.001,0.23197271954268217,0.2286291839554906,2.0472537616272534e-10,0.0033435334626119584,0.0,2.0674514770507812,2.065312147140503,5.992242257946145e-10,0.0021393680945038795,0.0
452,adam,0.001,0.29136829753406346,0.2880519679747522,2.2777431549101795e-10,0.0033163319749291986,0.0,2.103027105331421,2.0999932289123535,5.992242257946145e-10,0.003033770015463233,0.0
453,adam,0.001,0.20798168890178204,0.2041745325550437,2.0513477301772987e-10,0.0038071569288149476,0.0,2.191467046737671,2.1880617141723633,5.992242257946145e-10,0.0034053365234285593,0.0
454,adam,0.001,0.21497392235323787,0.21151831885799766,2.3231264855423347e-10,0.0034556031605461612,0.0,2.152886152267456,2.149061441421509,5.992242257946145e-10,0.003824740182608366,0.0
455,adam,0.001,0.18003966752439737,0.17641435889527202,2.0472675344539479e-10,0.0036253077123546973,0.0,2.2155849933624268,2.213064670562744,5.992242257946145e-10,0.002520357957109809,0.0
456,adam,0.001,0.15340845682658255,0.15082694287411869,2.0474006422373115e-10,0.0025815143453655764,0.0,2.179645538330078,2.177523136138916,5.992242257946145e-10,0.00212236144579947,0.0
457,adam,0.001,0.20135103887878358,0.1986381821334362,2.0473123795219416e-10,0.0027128542424179614,0.0,2.1658737659454346,2.1633682250976562,5.992242257946145e-10,0.0025054393336176872,0.0
458,adam,0.001,0.17564955493435264,0.1725902915932238,2.0492002061013156e-10,0.0030592639232054353,0.0,2.145047664642334,2.1430654525756836,5.992242257946145e-10,0.0019821266178041697,0.0
459,adam,0.001,0.1281956045422703,0.12614172999747097,2.0472545378771314e-10,0.0020538750613923185,0.0,2.0955402851104736,2.093581438064575,5.992242257946145e-10,0.001958732260391116,0.0
460,adam,0.001,0.1420595229137689,0.13972523878328502,2.0472540634375664e-10,0.002334282595256809,0.0,2.107738494873047,2.105088710784912,5.992242257946145e-10,0.0026498723309487104,0.0
461,adam,0.001,0.10801914101466537,0.10568902641534805,2.2653125197846344e-10,0.002330115414224565,0.0,2.087033748626709,2.084404945373535,5.992242257946145e-10,0.0026286961510777473,0.0
462,adam,0.001,0.08023983635939658,0.078107425943017,2.0483103189731848e-10,0.0021324115732568316,0.0,2.099351406097412,2.0980477333068848,5.992242257946145e-10,0.0013035545125603676,0.0
463,adam,0.001,0.10150349489413202,0.10015172662679106,2.047267522893007e-10,0.0013517683037207462,0.0,2.038681745529175,2.037024974822998,5.992242257946145e-10,0.0016567468410357833,0.0
464,adam,0.001,0.053764761541970074,0.051939058816060424,2.076429769647798e-10,0.0018257027404615656,0.0,2.079864501953125,2.0782251358032227,5.992242257946145e-10,0.0016392887337133288,0.0
465,adam,0.001,0.059407871565781534,0.05782028893008828,2.0472662710399028e-10,0.0015875828685238957,0.0,2.086712598800659,2.085171937942505,5.992242257946145e-10,0.0015407069586217403,0.0
466,adam,0.001,0.07006221113260835,0.06859550648368895,2.0520443474726e-10,0.0014667040341009852,0.0,2.1396589279174805,2.138178825378418,5.992242257946145e-10,0.001480048056691885,0.0
467,adam,0.001,0.0666724726324901,0.06519644649233669,2.047253665341875e-10,0.0014760262311028782,0.0,2.0434327125549316,2.0422146320343018,5.992242257946145e-10,0.0012181992642581463,0.0
468,adam,0.001,0.052091402001678944,0.05080906965304166,2.0504147357172254e-10,0.0012823321521864273,0.0,2.0653188228607178,2.064176559448242,5.992242257946145e-10,0.00114230636972934,0.0
469,adam,0.001,0.03956447564996779,0.038640952203422785,2.0472552833603574e-10,0.0009235236357199028,0.0,2.0420594215393066,2.0411858558654785,5.992242257946145e-10,0.0008734854636713862,0.0
470,adam,0.001,0.044639265979640186,0.0435909497900866,2.0472544973190763e-10,0.0010483165860932786,0.0,2.0546505451202393,2.0537657737731934,5.992242257946145e-10,0.0008848517900332808,0.0
471,adam,0.001,0.03878120664739981,0.0379896514932625,2.333423907750993e-10,0.0007915551577752922,0.0,2.0750792026519775,2.074097156524658,5.992242257946145e-10,0.000982130877673626,0.0
472,adam,0.001,0.03563843679148704,0.03484306379687041,2.3231264586952284e-10,0.0007953732965688687,0.0,2.0521767139434814,2.051032781600952,5.992242257946145e-10,0.0011438168585300446,0.0
473,adam,0.001,0.03578530077356845,0.034906570392195135,2.0626890177297563e-10,0.000878730174008524,0.0,2.0373857021331787,2.03670597076416,5.992242257946145e-10,0.0006796270026825368,0.0
474,adam,0.001,0.03197580314008519,0.03119897498982027,2.1711413770759686e-10,0.0007768279247102328,0.0,2.0402846336364746,2.039626121520996,5.992242257946145e-10,0.0006585404044017196,0.0
475,adam,0.001,0.041517878766171634,0.040604871057439595,2.047293851572272e-10,0.0009130074067797977,0.0,2.0755221843719482,2.074690103530884,5.992242257946145e-10,0.000832153600640595,0.0
476,adam,0.001,0.04018287605140358,0.03932373790303245,2.1619289302438956e-10,0.0008591386867919937,0.0,2.0452120304107666,2.0439631938934326,5.992242257946145e-10,0.0012487946078181267,0.0
477,adam,0.001,0.04790682066231966,0.046741378493607044,2.0768728996137465e-10,0.0011654416921373922,0.0,2.0772464275360107,2.076213836669922,5.992242257946145e-10,0.001032550586387515,0.0
478,adam,0.001,0.05003605654928833,0.04881023505004123,2.0472941025820157e-10,0.0012258219830982853,0.0,2.0213770866394043,2.020565986633301,5.992242257946145e-10,0.0008111541392281651,0.0
479,adam,0.001,0.04765991703607142,0.04671671037795022,2.047255215033386e-10,0.0009432065235159826,0.0,2.031609296798706,2.0307157039642334,5.992242257946145e-10,0.0008937063976190984,0.0
480,adam,0.001,0.03703822975512594,0.03622361773159355,2.047253746916756e-10,0.0008146126019710209,0.0,2.0451769828796387,2.0440971851348877,5.992242257946145e-10,0.0010798986768350005,0.0
481,adam,0.001,0.03664632176514715,0.03593127621570602,2.0472537775619284e-10,0.0007150450874178205,0.0,2.0420193672180176,2.0413978099823,5.992242257946145e-10,0.0006215859320946038,0.0
482,adam,0.001,0.027377521968446672,0.026732261932920665,2.0506708474953647e-10,0.0006452600027841982,0.0,2.039926767349243,2.039318799972534,5.992242257946145e-10,0.0006078674923628569,0.0
483,adam,0.001,0.02288109780056402,0.02225917304167524,2.2640584806618011e-10,0.0006219247916305903,0.0,2.054307699203491,2.0538220405578613,5.992242257946145e-10,0.00048568123020231724,0.0
484,adam,0.001,0.021197611291427165,0.02072004514047876,2.0472541230815237e-10,0.0004775659726874437,0.0,2.064796209335327,2.0642483234405518,5.992242257946145e-10,0.0005479147075675428,0.0
485,adam,0.001,0.021809939586091787,0.021307452931068838,2.0472538190766013e-10,0.0005024866695748642,0.0,2.041597843170166,2.040971040725708,5.992242257946145e-10,0.0006269160658121109,0.0
486,adam,0.001,0.02114607347175479,0.02063176449155435,2.0749842181878441e-10,0.0005143091566424118,0.0,2.056375741958618,2.055877685546875,5.992242257946145e-10,0.0004981710226275027,0.0
487,adam,0.001,0.029286805249284953,0.02872248803032562,2.325071786460624e-10,0.0005643169315590058,0.0,2.0706372261047363,2.0698723793029785,5.992242257946145e-10,0.000764730735681951,0.0
488,adam,0.001,0.03697559284046292,0.03626232693204656,2.0484707858289443e-10,0.0007132661448849831,0.0,2.0661492347717285,2.065371036529541,5.992242257946145e-10,0.0007780956220813096,0.0
489,adam,0.001,0.03973545384360477,0.03913990332512185,2.0472538068147737e-10,0.0005955509386694757,0.0,2.0327908992767334,2.0319366455078125,5.992242257946145e-10,0.0008542202995158732,0.0
490,adam,0.001,0.033087192627135664,0.03236636193469167,2.060692777374538e-10,0.0007208311726571992,0.0,2.0243189334869385,2.0237820148468018,5.992242257946145e-10,0.0005368074052967131,0.0
491,adam,0.001,0.0358437963295728,0.035085479088593274,2.0473479455505617e-10,0.0007583172373415437,0.0,2.086103677749634,2.0853116512298584,5.992242257946145e-10,0.0007919520139694214,0.0
492,adam,0.001,0.0364450421766378,0.03568880772218108,2.0730633142171272e-10,0.0007562346327176783,0.0,2.063633441925049,2.0629360675811768,5.992242257946145e-10,0.000697368523105979,0.0
493,adam,0.001,0.03317968040937558,0.032157227862626314,2.201945970379759e-10,0.0010224527686659712,0.0,2.027989149093628,2.0270378589630127,5.992242257946145e-10,0.0009513869299553335,0.0
494,adam,0.001,0.04433142446214333,0.04331635497510433,2.0473453686010505e-10,0.0010150691014132462,0.0,2.043092966079712,2.0424094200134277,5.992242257946145e-10,0.000683542457409203,0.0
495,adam,0.001,0.04212846473092213,0.041337108705192804,2.0589533770431841e-10,0.0007913560948509257,0.0,2.0911083221435547,2.0902862548828125,5.992242257946145e-10,0.000822068250272423,0.0
496,adam,0.001,0.05148149176966399,0.05052169953705743,2.0512002300282185e-10,0.0009597916250640992,0.0,2.050086498260498,2.049074411392212,5.992242257946145e-10,0.001012092106975615,0.0
497,adam,0.001,0.06022228812798858,0.05878030578605831,2.0718693447357738e-10,0.0014419818689930253,0.0,2.057086706161499,2.0561904907226562,5.992242257946145e-10,0.0008962361025623977,0.0
498,adam,0.001,0.0428842909168452,0.041971285827457905,2.0718694603419406e-10,0.0009130049475061242,0.0,2.0924179553985596,2.091886281967163,5.992242257946145e-10,0.0005317011382430792,0.0
499,adam,0.001,0.0485057785990648,0.04761140129994601,2.0472540864427166e-10,0.0008943770681071328,0.0,2.05873703956604,2.058009386062622,5.992242257946145e-10,0.0007275593234226108,0.0
500,adam,0.0005,0.046584633993916214,0.04551181138958782,2.1289976660513162e-10,0.0010728234119596891,0.0,2.0751750469207764,2.074082612991333,5.992242257946145e-10,0.0010924499947577715,0.0
501,adam,0.0005,0.04758167325053364,0.046790594642516226,2.3231273718562364e-10,0.0007910786625870969,0.0,2.057260274887085,2.0566632747650146,5.992242257946145e-10,0.0005969617632217705,0.0
502,adam,0.0005,0.0226030929479748,0.022114186373073608,2.049541955117605e-10,0.0004889061965513974,0.0,2.053539514541626,2.0531387329101562,5.992242257946145e-10,0.0004008329997304827,0.0
503,adam,0.0005,0.018606231431476772,0.01819411665201187,2.0472537500376755e-10,0.0004121147358091548,0.0,2.0572636127471924,2.056833028793335,5.992242257946145e-10,0.00043068572995252907,0.0
504,adam,0.0005,0.017949664208572358,0.017593688680790365,2.074909040804844e-10,0.00035597522582975216,0.0,2.0459110736846924,2.045574188232422,5.992242257946145e-10,0.00033699232153594494,0.0
505,adam,0.0005,0.0158473210176453,0.01548646014998667,2.1174930764296688e-10,0.0003608609094953863,0.0,2.0537753105163574,2.0534346103668213,5.992242257946145e-10,0.00034066912485286593,0.0
506,adam,0.0005,0.014532493660226464,0.014202261751051992,2.0483643880341474e-10,0.0003302318218629807,0.0,2.0469963550567627,2.0466949939727783,5.992242257946145e-10,0.0003013344539795071,0.0
507,adam,0.0005,0.013057533709798008,0.01275402313331142,2.0473453995770453e-10,0.0003035104127775412,0.0,2.052433490753174,2.0521488189697266,5.992242257946145e-10,0.0002846090937964618,0.0
508,adam,0.0005,0.012353897735010833,0.012066666909959167,2.0475971109129625e-10,0.0002872305749406223,0.0,2.0508933067321777,2.0505967140197754,5.992242257946145e-10,0.00029653121600858867,0.0
509,adam,0.0005,0.012338935513980687,0.012046256073517725,2.0753085477385894e-10,0.000292679549602326,0.0,2.0525927543640137,2.0522964000701904,5.992242257946145e-10,0.0002962710859719664,0.0
510,adam,0.0005,0.011960575357079506,0.011690729123074561,2.0608801673363574e-10,0.00026984581018041354,0.0,2.050750255584717,2.0504753589630127,5.992242257946145e-10,0.00027499813586473465,0.0
511,adam,0.0005,0.011690732062561437,0.011422871757531539,2.0472660861583688e-10,0.0002678601122170221,0.0,2.0522921085357666,2.0520260334014893,5.992242257946145e-10,0.0002660499303601682,0.0
512,adam,0.0005,0.011555668344954029,0.01129394763847813,2.0539529588893498e-10,0.0002617206555441953,0.0,2.052342176437378,2.0520479679107666,5.992242257946145e-10,0.0002941383281722665,0.0
513,adam,0.0005,0.011478048982098699,0.011212567012989894,2.0491992646745039e-10,0.0002654819436429534,0.0,2.05298113822937,2.0527114868164062,5.992242257946145e-10,0.0002696288865990937,0.0
514,adam,0.0005,0.01133704828680493,0.01108096560346894,2.0472537704026802e-10,0.00025608255054976325,0.0,2.0524654388427734,2.052203416824341,5.992242257946145e-10,0.0002620777231641114,0.0
515,adam,0.0005,0.01122976082842797,0.010978613194311038,2.048776300550069e-10,0.0002511476131985546,0.0,2.0524253845214844,2.0521652698516846,5.992242257946145e-10,0.0002601257001515478,0.0
516,adam,0.0005,0.011179918656125665,0.010932804376352578,2.047262796894383e-10,0.00024711388687137514,0.0,2.0525782108306885,2.0523204803466797,5.992242257946145e-10,0.00025773991364985704,0.0
517,adam,0.0005,0.011104775709100068,0.010856862529180944,2.047290008302152e-10,0.00024791311716398923,0.0,2.0527329444885254,2.0524752140045166,5.992242257946145e-10,0.0002576581318862736,0.0
518,adam,0.0005,0.010985642322339118,0.010744129365775734,2.1289972042386963e-10,0.00024151268644345691,0.0,2.052177906036377,2.051923990249634,5.992242257946145e-10,0.00025403109611943364,0.0
519,adam,0.0005,0.010979499464156106,0.010741754987975582,2.047299439248133e-10,0.0002377443615841912,0.0,2.052616596221924,2.052368402481079,5.992242257946145e-10,0.0002481706324033439,0.0
520,adam,0.0005,0.01109353921492584,0.010858325695153326,2.0472548142228547e-10,0.00023521319508290617,0.0,2.051936626434326,2.0516817569732666,5.992242257946145e-10,0.00025489338440820575,0.0
521,adam,0.0005,0.010774547379696742,0.010533966909861192,2.0472631533480818e-10,0.0002405803215879132,0.0,2.0525481700897217,2.05230450630188,5.992242257946145e-10,0.0002436404611216858,0.0
522,adam,0.0005,0.010736876080045477,0.010498148563783616,2.0472613735251968e-10,0.00023872736528574023,0.0,2.0517544746398926,2.051511287689209,5.992242257946145e-10,0.0002432005130685866,0.0
523,adam,0.0005,0.010676252655684948,0.01044323542737402,2.0476596581263094e-10,0.00023301717646972975,0.0,2.0521395206451416,2.0518999099731445,5.992242257946145e-10,0.0002395634219283238,0.0
524,adam,0.0005,0.010577990586170927,0.01035112762474455,2.0472626335716076e-10,0.00022686272404826013,0.0,2.0527403354644775,2.052504062652588,5.992242257946145e-10,0.00023636188416276127,0.0
525,adam,0.0005,0.01049861341016367,0.010273100269841962,2.3233876160692852e-10,0.0002255129802506417,0.0,2.052258253097534,2.052020311355591,5.992242257946145e-10,0.00023782270727679133,0.0
526,adam,0.0005,0.010440765268867835,0.010216087553999387,2.2021335519737994e-10,0.0002246775275125401,0.0,2.051872491836548,2.051636219024658,5.992242257946145e-10,0.00023631719523109496,0.0
527,adam,0.0005,0.010373209865065292,0.010152166578336619,2.0472623518315087e-10,0.0002210430893683224,0.0,2.051597833633423,2.0513651371002197,5.992242257946145e-10,0.000232724953093566,0.0
528,adam,0.0005,0.010335201921407133,0.010113655764143914,2.224631775695508e-10,0.0002215457625425188,0.0,2.0516557693481445,2.051415205001831,5.992242257946145e-10,0.0002404738770565018,0.0
529,adam,0.0005,0.010533998749451712,0.010313631471944973,2.1344791825622568e-10,0.00022036719383322634,0.0,2.052056312561035,2.051828145980835,5.992242257946145e-10,0.000228119533858262,0.0
530,adam,0.0005,0.01023277489002794,0.010016710468335077,2.0484475453569615e-10,0.00021606412065011682,0.0,2.052549123764038,2.0523204803466797,5.992242257946145e-10,0.00022860341414343566,0.0
531,adam,0.0005,0.010178381489822641,0.009969568025553599,2.047301512653746e-10,0.0002088133542201831,0.0,2.0515737533569336,2.051349639892578,5.992242257946145e-10,0.00022408677614293993,0.0
532,adam,0.0005,0.010128779715159908,0.00991980082471855,2.0539370332183387e-10,0.00020897854392387671,0.0,2.0518991947174072,2.0516769886016846,5.992242257946145e-10,0.00022218338563106954,0.0
533,adam,0.0005,0.010048402837128378,0.009840817569056526,2.0473994484476541e-10,0.00020758529535669368,0.0,2.0514791011810303,2.051258087158203,5.992242257946145e-10,0.0002209387457696721,0.0
534,adam,0.0005,0.010016875676228665,0.009811173469643109,2.0472609449526644e-10,0.00020570208926073974,0.0,2.0510449409484863,2.050825834274292,5.992242257946145e-10,0.00021914632816333324,0.0
535,adam,0.0005,0.009977143330615945,0.0097689398098737,2.2017592178237154e-10,0.00020820321333303582,0.0,2.0516529083251953,2.0514328479766846,5.992242257946145e-10,0.00022016088769305497,0.0
536,adam,0.0005,0.01064255996607244,0.010439535064506344,2.0584670456101046e-10,0.000203024772417848,0.0,2.052278518676758,2.0520553588867188,5.992242257946145e-10,0.0002231897960882634,0.0
537,adam,0.0005,0.009861328930128366,0.009659042087150738,2.049119706369073e-10,0.00020228666107868776,0.0,2.0511813163757324,2.050971746444702,5.992242257946145e-10,0.00020965904695913196,0.0
538,adam,0.0005,0.009808355258428492,0.009611354980734177,2.1667208114843895e-10,0.0001970001103472896,0.0,2.0515315532684326,2.0513229370117188,5.992242257946145e-10,0.00020861101802438498,0.0
539,adam,0.0005,0.009759330132510513,0.009561235914588906,2.3369401740896464e-10,0.0001980938586712,0.0,2.0514729022979736,2.0512633323669434,5.992242257946145e-10,0.00020950553880538791,0.0
540,adam,0.0005,0.009706341399578378,0.009510237898211926,2.047345836438523e-10,0.0001961033003681223,0.0,2.0502281188964844,2.050020933151245,5.992242257946145e-10,0.00020707841031253338,0.0
541,adam,0.0005,0.009670839208411053,0.009478972875513136,2.0472565012754157e-10,0.0001918663165270118,0.0,2.0494511127471924,2.049246072769165,5.992242257946145e-10,0.000204966650926508,0.0
542,adam,0.0005,0.009626690181903541,0.009435536834644154,2.047257691797478e-10,0.0001911532617668854,0.0,2.05079984664917,2.0505874156951904,5.992242257946145e-10,0.00021235168969724327,0.0
543,adam,0.0005,0.009611107991077006,0.009420336209586821,2.0472549267845667e-10,0.00019077161687164335,0.0,2.0506069660186768,2.0503995418548584,5.992242257946145e-10,0.00020746640802826732,0.0
544,adam,0.0005,0.009592443951987661,0.009402847921592183,2.0484023351766236e-10,0.00018959585759148467,0.0,2.0498745441436768,2.0496718883514404,5.992242257946145e-10,0.00020254714763723314,0.0
545,adam,0.0005,0.009487082323175855,0.009301785597926937,2.0473316520909628e-10,0.0001852965060606948,0.0,2.0502500534057617,2.0500502586364746,5.992242257946145e-10,0.0001998115621972829,0.0
546,adam,0.0005,0.009453182618017308,0.009269854650483467,2.0749982670051036e-10,0.00018332767649553716,0.0,2.0503790378570557,2.0501837730407715,5.992242257946145e-10,0.000195161861483939,0.0
547,adam,0.0005,0.00938683382992167,0.00920388194208499,2.3231955685334703e-10,0.0001829516168072587,0.0,2.0506553649902344,2.05046010017395,5.992242257946145e-10,0.00019518281624186784,0.0
548,adam,0.0005,0.009353938410640694,0.009170391494990326,2.0512014399186488e-10,0.00018354676922172075,0.0,2.050727128982544,2.0505335330963135,5.992242257946145e-10,0.0001937139022629708,0.0
549,adam,0.0005,0.009355838221381418,0.009176022009341978,2.0472538475332026e-10,0.00017981613746087532,0.0,2.050595283508301,2.050398588180542,5.992242257946145e-10,0.00019680397235788405,0.0
550,adam,0.0005,0.009252042582374997,0.009070174462976865,2.0474189195980739e-10,0.00018186796842201147,0.0,2.050017833709717,2.049818515777588,5.992242257946145e-10,0.00019932400027755648,0.0
551,adam,0.0005,0.00920385675271973,0.009024405415402725,2.0474766342455634e-10,0.000179451342773973,0.0,2.0495362281799316,2.049342155456543,5.992242257946145e-10,0.00019406389037612826,0.0
552,adam,0.0005,0.009425259195268154,0.009248571572243236,2.0472868060305674e-10,0.0001766876093824976,0.0,2.0495574474334717,2.0493686199188232,5.992242257946145e-10,0.00018885753524955362,0.0
553,adam,0.0005,0.009140018679318018,0.008962458596215583,2.0559353609738086e-10,0.0001775598939275369,0.0,2.0505263805389404,2.0503385066986084,5.992242257946145e-10,0.0001879847695818171,0.0
554,adam,0.0005,0.009089043887797743,0.00891500839497894,2.047254167415493e-10,0.00017403541642124765,0.0,2.0495455265045166,2.0493521690368652,5.992242257946145e-10,0.00019334287208039314,0.0
555,adam,0.0005,0.010444750732858665,0.010270424623740837,2.0472718595250938e-10,0.0001743258444548701,0.0,2.0492162704467773,2.049029588699341,5.992242257946145e-10,0.0001867902756202966,0.0
556,adam,0.0005,0.00904986342357006,0.008877882064552978,2.049111510998142e-10,0.00017198110617755447,0.0,2.0486390590667725,2.0484540462493896,5.992242257946145e-10,0.0001849893160397187,0.0
557,adam,0.0005,0.008982705418020487,0.00881230371305719,2.0472537230128742e-10,0.00017040148395608412,0.0,2.0496020317077637,2.049417018890381,5.992242257946145e-10,0.00018501351587474346,0.0
558,adam,0.0005,0.008979018501122482,0.008810901359538548,2.4843108169794743e-10,0.00016811683963169344,0.0,2.05001163482666,2.04982852935791,5.992242257946145e-10,0.00018316858040634543,0.0
559,adam,0.0005,0.008932250420912169,0.008762259865761735,2.0484792478667584e-10,0.0001699903696135152,0.0,2.0491418838500977,2.0489561557769775,5.992242257946145e-10,0.00018581951735541224,0.0
560,adam,0.0005,0.008832642502966337,0.008660801409860142,2.0472714616306224e-10,0.00017184058015118353,0.0,2.049423933029175,2.049241781234741,5.992242257946145e-10,0.00018220515630673617,0.0
561,adam,0.0005,0.008855472726281732,0.008689299022080377,2.0645917081376866e-10,0.00016617357414361322,0.0,2.0493509769439697,2.049165964126587,5.992242257946145e-10,0.00018502191232983023,0.0
562,adam,0.0005,0.008756698807701468,0.008587439529947005,2.2591619663937487e-10,0.00016925907493714476,0.0,2.0493662357330322,2.049170732498169,5.992242257946145e-10,0.00019558465282898396,0.0
563,adam,0.0005,0.008916773775126785,0.00875170984363649,2.0472536708495579e-10,0.00016506372867297614,0.0,2.0499446392059326,2.0497584342956543,5.992242257946145e-10,0.0001861537020886317,0.0
564,adam,0.0005,0.008669022266985849,0.008501288612023927,2.054007236497765e-10,0.00016773350398580078,0.0,2.0494155883789062,2.04923152923584,5.992242257946145e-10,0.00018410598568152636,0.0
565,adam,0.0005,0.008643317938549444,0.008480962424073368,2.0472538390806244e-10,0.00016235545535892015,0.0,2.0494322776794434,2.0492570400238037,5.992242257946145e-10,0.00017522794951219112,0.0
566,adam,0.0005,0.00861280427488964,0.00845123156614136,2.047253691053676e-10,0.0001615726596355671,0.0,2.0495660305023193,2.0493834018707275,5.992242257946145e-10,0.00018259583157487214,0.0
567,adam,0.0005,0.008613416328444146,0.0084498421929311,2.2343090327899172e-10,0.0001635739890843979,0.0,2.049384117126465,2.049205780029297,5.992242257946145e-10,0.00017836717597674578,0.0
568,adam,0.0005,0.008652675183839165,0.008488461025990546,2.264145812550894e-10,0.00016421400323451962,0.0,2.049389600753784,2.0492119789123535,5.992242257946145e-10,0.00017768301768228412,0.0
569,adam,0.0005,0.008590031313360669,0.008429238572716713,2.0515073641897657e-10,0.00016079251145129092,0.0,2.047452926635742,2.0472731590270996,5.992242257946145e-10,0.00017966989253181964,0.0
570,adam,0.0005,0.00864671598537825,0.008484469741233625,2.0643051143494668e-10,0.00016224597766267834,0.0,2.0527989864349365,2.0526113510131836,5.992242257946145e-10,0.0001877138711279258,0.0
571,adam,0.0005,0.00894309526483994,0.008778159914072603,2.23445610069777e-10,0.00016493511975568254,0.0,2.04557204246521,2.0453944206237793,5.992242257946145e-10,0.0001775875425664708,0.0
572,adam,0.0005,0.009259733240469359,0.009085876910830848,2.3232190954000642e-10,0.00017385619048582157,0.0,2.048650026321411,2.048457145690918,5.992242257946145e-10,0.0001928575657075271,0.0
573,adam,0.0005,0.010241881522233598,0.010062937435577624,2.0472540793063647e-10,0.00017894396114570554,0.0,2.053919792175293,2.0536882877349854,5.992242257946145e-10,0.00023141162819229066,0.0
574,adam,0.0005,0.011504288850119337,0.011304082087008283,2.241367440330059e-10,0.00020020648935314966,0.0,2.0537383556365967,2.0534965991973877,5.992242257946145e-10,0.00024170316464733332,0.0
575,adam,0.0005,0.01156362252368126,0.011336056544678286,2.047257567974645e-10,0.0002275659171573352,0.0,2.055602788925171,2.055375576019287,5.992242257946145e-10,0.00022720513516105711,0.0
576,adam,0.0005,0.010917261024587788,0.010706759232562035,2.0472538009131047e-10,0.00021050178111181594,0.0,2.0491645336151123,2.0489678382873535,5.992242257946145e-10,0.00019662530394271016,0.0
577,adam,0.0005,0.010830413259100169,0.01059799297945574,2.0622209048083362e-10,0.00023242006045620656,0.0,2.04756760597229,2.0473480224609375,5.992242257946145e-10,0.00021969334920868278,0.0
578,adam,0.0005,0.0102198753884295,0.010023721115430817,2.0472537302361462e-10,0.00019615420387708582,0.0,2.0525424480438232,2.0523293018341064,5.992242257946145e-10,0.0002130643551936373,0.0
579,adam,0.0005,0.009809480616240762,0.00960527450661175,2.047258366840071e-10,0.00020420617329364177,0.0,2.0520968437194824,2.0519161224365234,5.992242257946145e-10,0.0001808255328796804,0.0
580,adam,0.0005,0.00945236645929981,0.00928847493196372,2.0472546165768816e-10,0.00016389134179917164,0.0,2.054673671722412,2.054492712020874,5.992242257946145e-10,0.00018092292884830385,0.0
581,adam,0.0005,0.009590010071406141,0.009409904683707282,2.0472538010697727e-10,0.00018010527855949476,0.0,2.055293321609497,2.055102586746216,5.992242257946145e-10,0.00019072441500611603,0.0
582,adam,0.0005,0.0103176027914742,0.010097288395627402,2.0472854724311903e-10,0.0002203142339567421,0.0,2.051178455352783,2.0508668422698975,5.992242257946145e-10,0.00031163383391685784,0.0
583,adam,0.0005,0.012128777423640713,0.01188467486645095,2.047906733673968e-10,0.00024410242076555733,0.0,2.0544066429138184,2.0542187690734863,5.992242257946145e-10,0.0001878723269328475,0.0
584,adam,0.0005,0.012074534955900162,0.011851497532916255,2.047253722508443e-10,0.0002230373384008999,0.0,2.0485076904296875,2.0483193397521973,5.992242257946145e-10,0.0001883560762507841,0.0
585,adam,0.0005,0.010844226097106002,0.010662578293704428,2.0608894145584273e-10,0.00018164761604566593,0.0,2.0500218868255615,2.0498054027557373,5.992242257946145e-10,0.00021642206411343068,0.0
586,adam,0.0005,0.012907586875371635,0.012707644447800703,2.0474008344910762e-10,0.00019994227932329522,0.0,2.04575514793396,2.0454845428466797,5.992242257946145e-10,0.0002705537190195173,0.0
587,adam,0.0005,0.01270774909062311,0.012458655124646612,2.0472929467568548e-10,0.00024909388866944937,0.0,2.0592634677886963,2.058955192565918,5.992242257946145e-10,0.000308392132865265,0.0
588,adam,0.0005,0.015207142569124699,0.014978471008362249,2.0472544128965598e-10,0.00022867149527883157,0.0,2.0621466636657715,2.0619189739227295,5.992242257946145e-10,0.0002277655148645863,0.0
589,adam,0.0005,0.017044237378286198,0.016723806649679318,2.310675298440848e-10,0.0003204307249689009,0.0,2.0638926029205322,2.063551425933838,5.992242257946145e-10,0.0003411082143429667,0.0
590,adam,0.0005,0.020031408494105563,0.019618954858742654,2.0484475655554548e-10,0.0004124533988942858,0.0,2.0349905490875244,2.0345613956451416,5.992242257946145e-10,0.00042904599104076624,0.0
591,adam,0.0005,0.018534370174165815,0.018140767089789733,2.264051419766764e-10,0.00039360284426948056,0.0,2.0360445976257324,2.0355224609375,5.992242257946145e-10,0.0005221361061558127,0.0
592,adam,0.0005,0.019927233195630834,0.019426583108725026,2.0472750757677424e-10,0.0005006500732633867,0.0,2.044208288192749,2.043827533721924,5.992242257946145e-10,0.0003807488246820867,0.0
593,adam,0.0005,0.01896027149632573,0.01853031589416787,2.2019460007138616e-10,0.0004299558113416424,0.0,2.0687952041625977,2.0684640407562256,5.992242257946145e-10,0.0003311075852252543,0.0
594,adam,0.0005,0.028739682864397764,0.028280695609282702,2.093785159637209e-10,0.0004589874479279388,0.0,2.0185232162475586,2.0180983543395996,5.992242257946145e-10,0.00042487168684601784,0.0
595,adam,0.0005,0.016548992309253663,0.01622143661370501,2.0473453691905655e-10,0.00032755555912444834,0.0,2.032623767852783,2.0323774814605713,5.992242257946145e-10,0.00024619846954010427,0.0
596,adam,0.0005,0.013440526847261935,0.01315437673474662,2.0472699807667588e-10,0.00028614998700504657,0.0,2.023866891860962,2.0235445499420166,5.992242257946145e-10,0.0003223441890440881,0.0
597,adam,0.0005,0.014032128325197846,0.013775118422927335,2.0507068426923354e-10,0.0002570096366980579,0.0,2.0335845947265625,2.0332820415496826,5.992242257946145e-10,0.00030266836984083056,0.0
598,adam,0.0005,0.024624657089589164,0.024385090451687574,2.0474865379439754e-10,0.0002395662922936026,0.0,2.0270297527313232,2.026728630065918,5.992242257946145e-10,0.0003011041844729334,0.0
599,adam,0.0005,0.017870413197670132,0.017566082649864256,2.440162271708654e-10,0.0003043303613594617,0.0,2.0436296463012695,2.0432684421539307,5.992242257946145e-10,0.00036130534135736525,0.0
600,adam,0.0005,0.030584286054363474,0.03020314732566476,2.0472537913520053e-10,0.0003811381866398733,0.0,2.061587333679199,2.061202049255371,5.992242257946145e-10,0.000385295512387529,0.0
601,adam,0.0005,0.04461501509649679,0.04406908852979541,2.0542780015195794e-10,0.0005459259682538686,0.0,2.054417848587036,2.053910255432129,5.992242257946145e-10,0.0005076936795376241,0.0
602,adam,0.0005,0.050627368967980146,0.04987457615789026,2.0506734799628564e-10,0.0007527927918999922,0.0,2.034210681915283,2.0330607891082764,5.992242257946145e-10,0.001149868476204574,0.0
603,adam,0.0005,0.06025089486502111,0.05917066149413586,2.06087424361647e-10,0.0010802330361912027,0.0,2.042544364929199,2.041903257369995,5.992242257946145e-10,0.0006411440554074943,0.0
604,adam,0.0005,0.06443968275561929,0.06338864902500063,2.0881476907824098e-10,0.0010510344181966502,0.0,2.0726406574249268,2.0708959102630615,5.992242257946145e-10,0.0017446335405111313,0.0
605,adam,0.0005,0.2694501152727753,0.26749325613491237,2.0474489354000125e-10,0.0019568606294342317,0.0,2.1584928035736084,2.156428575515747,5.992242257946145e-10,0.0020641880109906197,0.0
606,adam,0.0005,0.256282445974648,0.2528590322472155,2.0515406676673379e-10,0.003423412737902254,0.0,2.184211254119873,2.1815733909606934,5.992242257946145e-10,0.0026378552429378033,0.0
607,adam,0.0005,0.17895382386632264,0.17592120310291648,2.0749064489052012e-10,0.0030326191190397367,0.0,2.176400661468506,2.1744332313537598,5.992242257946145e-10,0.0019673279020935297,0.0
608,adam,0.0005,0.6115957139991224,0.6088907159864902,2.0472537131414e-10,0.0027049989948864095,0.0,2.3704376220703125,2.366776466369629,5.992242257946145e-10,0.0036611324176192284,0.0
609,adam,0.0005,0.6604213444516063,0.6553334360942245,2.0473164866158422e-10,0.005087920508231036,0.0,2.300344467163086,2.2945244312286377,5.992242257946145e-10,0.005819947458803654,0.0
610,adam,0.0005,0.402769791893661,0.39745934400707483,2.047253791187876e-10,0.005310446809744462,0.0,2.0675127506256104,2.063011884689331,5.992242257946145e-10,0.004500756040215492,0.0
611,adam,0.0005,0.26670543383806944,0.26257743034511805,2.0475958079822993e-10,0.00412800454068929,0.0,2.1417787075042725,2.1372249126434326,5.992242257946145e-10,0.004553722217679024,0.0
612,adam,0.0005,0.2040359629318118,0.19974113488569856,2.0472537603848778e-10,0.004294827798730694,0.0,2.0910894870758057,2.0870542526245117,5.992242257946145e-10,0.004035219084471464,0.0
613,adam,0.0005,0.14134390419349074,0.13767269835807383,2.0483147676686902e-10,0.0036712072032969445,0.0,2.1495285034179688,2.1472413539886475,5.992242257946145e-10,0.0022871876135468483,0.0
614,adam,0.0005,0.15166690340265632,0.1490527056157589,2.2248264363139694e-10,0.002614195582282264,0.0,2.0924482345581055,2.090329647064209,5.992242257946145e-10,0.0021187029778957367,0.0
615,adam,0.0005,0.14900404657237232,0.14597250684164464,2.0472538367258728e-10,0.0030315379990497604,0.0,2.0950260162353516,2.091836929321289,5.992242257946145e-10,0.003189151408150792,0.0
616,adam,0.0005,0.19960323860868812,0.1974306646734476,2.047263276393514e-10,0.002172573149437085,0.0,2.121555805206299,2.1196274757385254,5.992242257946145e-10,0.0019283421570435166,0.0
617,adam,0.0005,0.1106557915918529,0.10840280074626207,2.0483103296222419e-10,0.002252992446301505,0.0,2.1110904216766357,2.1086602210998535,5.992242257946145e-10,0.0024301009252667427,0.0
618,adam,0.0005,0.08517350628972054,0.08344274992123246,2.051902119746225e-10,0.0017307556336163543,0.0,2.116004705429077,2.114300012588501,5.992242257946145e-10,0.0017047787550836802,0.0
619,adam,0.0005,0.05849086295347661,0.05713647208176553,2.0472551772882743e-10,0.0013543909808504395,0.0,2.1076509952545166,2.1063034534454346,5.992242257946145e-10,0.0013475168962031603,0.0
620,adam,0.0005,0.05451268143951893,0.05338619719259441,2.0472676645444443e-10,0.0011264843669778202,0.0,2.1015255451202393,2.100597858428955,5.992242257946145e-10,0.0009277763892896473,0.0
621,adam,0.0005,0.03615316015202552,0.03531024185940623,2.0472537353231415e-10,0.0008429182671534363,0.0,2.0912282466888428,2.0904242992401123,5.992242257946145e-10,0.0008040084503591061,0.0
622,adam,0.0005,0.03679211006965488,0.03596846049185842,2.0488151345002405e-10,0.0008236500325438101,0.0,2.0850107669830322,2.084073066711426,5.992242257946145e-10,0.0009377631358802319,0.0
623,adam,0.0005,0.027638689323794097,0.02685478958301246,2.0472894152435636e-10,0.0007838996825739741,0.0,2.0866947174072266,2.086000442504883,5.992242257946145e-10,0.0006942461477592587,0.0
624,adam,0.0005,0.025487486214842647,0.024827317451126873,2.0472545693092006e-10,0.0006601686764042825,0.0,2.078963279724121,2.078331708908081,5.992242257946145e-10,0.0006315596401691437,0.0
625,adam,0.0005,0.020916446344926953,0.02034731168532744,2.1039364001153484e-10,0.0005691343758371659,0.0,2.0843608379364014,2.083772897720337,5.992242257946145e-10,0.0005879629170522094,0.0
626,adam,0.0005,0.017033215379342437,0.01650280214380473,2.1139221848254874e-10,0.0005304134174366482,0.0,2.0738983154296875,2.0733563899993896,5.992242257946145e-10,0.00054203812032938,0.0
627,adam,0.0005,0.01635907351737842,0.015873577329330146,2.0491997280943026e-10,0.00048549603889114223,0.0,2.072537899017334,2.072042942047119,5.992242257946145e-10,0.0004949553986079991,0.0
628,adam,0.0005,0.015499026631005108,0.015038750891108066,2.047267414158064e-10,0.000460275796285714,0.0,2.0689351558685303,2.0684516429901123,5.992242257946145e-10,0.000483467971207574,0.0
629,adam,0.0005,0.014941579254809767,0.014501227240543813,2.1536121660438846e-10,0.00044035193059244193,0.0,2.0679550170898438,2.0674853324890137,5.992242257946145e-10,0.0004697646654676646,0.0
630,adam,0.0005,0.014552620239555836,0.014121494867140427,2.0506708185077797e-10,0.00043112520324939396,0.0,2.065120220184326,2.064669132232666,5.992242257946145e-10,0.00045103736920282245,0.0
631,adam,0.0005,0.014130401483271271,0.013717711175559089,2.0472537234406093e-10,0.0004126899402763229,0.0,2.0622928142547607,2.061825752258301,5.992242257946145e-10,0.0004671686328947544,0.0
632,adam,0.0005,0.014260269410442561,0.013855582714313641,2.062202039053275e-10,0.0004046867234137608,0.0,2.060654640197754,2.06022047996521,5.992242257946145e-10,0.0004342019383329898,0.0
633,adam,0.0005,0.01353548391489312,0.013144327473128214,2.0472536612877636e-10,0.00039115643994591665,0.0,2.0602080821990967,2.0598065853118896,5.992242257946145e-10,0.0004015866434201598,0.0
634,adam,0.0005,0.014485898660495877,0.014111704309470952,2.0484476030768968e-10,0.00037419406180561054,0.0,2.057868480682373,2.0574722290039062,5.992242257946145e-10,0.00039620278403162956,0.0
635,adam,0.0005,0.012914487248053774,0.012548277794849128,2.0472700317077173e-10,0.00036620936953113414,0.0,2.057180881500244,2.056783676147461,5.992242257946145e-10,0.0003971649566665292,0.0
636,adam,0.0005,0.012624074792256579,0.012269708851817995,2.0473228394855348e-10,0.0003543659368006047,0.0,2.0555708408355713,2.0551865100860596,5.992242257946145e-10,0.00038434963789768517,0.0
637,adam,0.0005,0.012528104562079534,0.012179675628431141,2.2391198172162883e-10,0.0003484287535684416,0.0,2.053576946258545,2.053191900253296,5.992242257946145e-10,0.0003850088396575302,0.0
638,adam,0.0005,0.012275278306333348,0.011927379906410351,2.500083643506348e-10,0.00034789808705681935,0.0,2.053699254989624,2.053330898284912,5.992242257946145e-10,0.0003684585972223431,0.0
639,adam,0.0005,0.012102633947506547,0.011762178619392216,2.047434423571019e-10,0.0003404552826395957,0.0,2.0516421794891357,2.0512611865997314,5.992242257946145e-10,0.0003810774360317737,0.0
640,adam,0.0005,0.011862362327519804,0.011530533811310306,2.051200351220915e-10,0.0003318282979307696,0.0,2.050609588623047,2.0502583980560303,5.992242257946145e-10,0.00035121437394991517,0.0
641,adam,0.0005,0.011683364515192807,0.011360490141669288,2.0472582080319813e-10,0.00032287426802213304,0.0,2.050145387649536,2.0497934818267822,5.992242257946145e-10,0.00035196865792386234,0.0
642,adam,0.0005,0.011571922135772184,0.011259116668952629,2.1608723411147072e-10,0.0003128051648673136,0.0,2.046534776687622,2.04620361328125,5.992242257946145e-10,0.0003312818589620292,0.0
643,adam,0.0005,0.011686688812915236,0.011380290699889883,2.0472676904222273e-10,0.00030639785745734116,0.0,2.0484580993652344,2.048133611679077,5.992242257946145e-10,0.0003244906256441027,0.0
644,adam,0.0005,0.01151575319818221,0.011215352162253112,2.0606900710608446e-10,0.0003004007594427094,0.0,2.0485994815826416,2.0482707023620605,5.992242257946145e-10,0.00032888221903704107,0.0
645,adam,0.0005,0.011404706514440477,0.01110544297262095,2.0608788577998628e-10,0.00029926338720542844,0.0,2.0436699390411377,2.0433571338653564,5.992242257946145e-10,0.0003127121308352798,0.0
646,adam,0.0005,0.01096314043388702,0.01067314445390366,2.0489024962896625e-10,0.0002899958280977444,0.0,2.0456182956695557,2.045314073562622,5.992242257946145e-10,0.0003041778109036386,0.0
647,adam,0.0005,0.010891224344959483,0.010602195601677522,2.1290110164958002e-10,0.0002890287451009499,0.0,2.042316436767578,2.041996717453003,5.992242257946145e-10,0.00031970240524969995,0.0
648,adam,0.0005,0.010800414369441569,0.010508203937206417,2.2019956530665752e-10,0.00029221033219073433,0.0,2.0423834323883057,2.042084217071533,5.992242257946145e-10,0.0002993112138938159,0.0
649,adam,0.0005,0.011121757794171572,0.010830834158696234,2.0472548922579818e-10,0.0002909234790422488,0.0,2.042067050933838,2.041755199432373,5.992242257946145e-10,0.00031188642606139183,0.0
650,adam,0.0005,0.0108003003988415,0.01052110898308456,2.073241674521938e-10,0.000279191351182817,0.0,2.0420522689819336,2.0417423248291016,5.992242257946145e-10,0.00030993964173831046,0.0
651,adam,0.0005,0.01089575028163381,0.010615378065267578,2.496566032867909e-10,0.00028037192168994807,0.0,2.041015863418579,2.0407228469848633,5.992242257946145e-10,0.000292941287625581,0.0
652,adam,0.0005,0.011020059435395524,0.010740352532593533,2.0542800841226632e-10,0.0002797066008497495,0.0,2.0388741493225098,2.038574695587158,5.992242257946145e-10,0.00029948019073344767,0.0
653,adam,0.0005,0.01239687018096447,0.012125088862376288,2.0518083954235563e-10,0.0002717811412367155,0.0,2.0422379970550537,2.0419230461120605,5.992242257946145e-10,0.00031506968662142754,0.0
654,adam,0.0005,0.012346125557087362,0.012054781604092568,2.0512164138002768e-10,0.0002913438111136202,0.0,2.042922258377075,2.0426340103149414,5.992242257946145e-10,0.00028828519862145185,0.0
655,adam,0.0005,0.012381726497551426,0.01210669768624939,2.0635611419791135e-10,0.0002750288804236334,0.0,2.040919542312622,2.0406343936920166,5.992242257946145e-10,0.00028515051235444844,0.0
656,adam,0.0005,0.013272086129290983,0.012920043227495626,2.0472543080982687e-10,0.00035204279902245617,0.0,2.039797782897949,2.039496421813965,5.992242257946145e-10,0.00030125159537419677,0.0
657,adam,0.0005,0.016627310949843377,0.016302335250657052,2.0510460219458075e-10,0.0003249757246521767,0.0,2.037240743637085,2.0368993282318115,5.992242257946145e-10,0.00034153100568801165,0.0
658,adam,0.0005,0.016773597715655342,0.016412047669291496,2.135679438179448e-10,0.00036154976987745613,0.0,2.0348970890045166,2.0345678329467773,5.992242257946145e-10,0.00032920687226578593,0.0
659,adam,0.0005,0.022666253673378378,0.022289543878287077,2.0749079681816118e-10,0.00037670976234949194,0.0,2.041989803314209,2.0415964126586914,5.992242257946145e-10,0.0003934400447178632,0.0
660,adam,0.0005,0.029435148811899126,0.02886015933472663,2.050752886750107e-10,0.0005749893953179708,0.0,2.048360586166382,2.047816753387451,5.992242257946145e-10,0.0005438881344161928,0.0
661,adam,0.0005,0.0473809870891273,0.04680299566825852,2.0475970870755694e-10,0.0005779910607088823,0.0,2.031400203704834,2.030709981918335,5.992242257946145e-10,0.0006902560708113015,0.0
662,adam,0.0005,0.04094528243876994,0.04037177568534389,2.0901791099903004e-10,0.0005735065387852956,0.0,2.0453548431396484,2.0448646545410156,5.992242257946145e-10,0.00049026362830773,0.0
663,adam,0.0005,0.045051276101730764,0.044268172699958086,2.0892410303413426e-10,0.0007831035018170951,0.0,2.0744476318359375,2.073624610900879,5.992242257946145e-10,0.0008230747189372778,0.0
664,adam,0.0005,0.10126953280996531,0.10037488921079785,2.0491247066085766e-10,0.0008946440248109866,0.0,2.1074931621551514,2.1069464683532715,5.992242257946145e-10,0.0005467247101478279,0.0
665,adam,0.0005,0.053261619876138866,0.05249384487979114,2.076100374848995e-10,0.0007677752982999664,0.0,2.0825748443603516,2.081836700439453,5.992242257946145e-10,0.0007380838505923748,0.0
666,adam,0.0005,0.058659293223172426,0.05786291498225182,2.0473455602803713e-10,0.0007963787902554031,0.0,2.104403495788574,2.1036252975463867,5.992242257946145e-10,0.0007781471940688789,0.0
667,adam,0.0005,0.0374605618417263,0.03677282127318904,2.047253759795859e-10,0.0006877404121041764,0.0,2.062382459640503,2.0617687702178955,5.992242257946145e-10,0.0006135821458883584,0.0
668,adam,0.0005,0.060730359284207225,0.06005275039933622,2.0485061700922845e-10,0.0006776086174795637,0.0,2.0473082065582275,2.046701431274414,5.992242257946145e-10,0.0006068371585570276,0.0
669,adam,0.0005,0.06360185204539448,0.06282449176069349,2.0472537720797723e-10,0.0007773600445943885,0.0,2.0668554306030273,2.066028356552124,5.992242257946145e-10,0.0008271170663647354,0.0
670,adam,0.0005,0.06107827788218856,0.06018095987383276,2.0484609503010012e-10,0.0008973187977971975,0.0,2.091405153274536,2.0905253887176514,5.992242257946145e-10,0.0008796730544418097,0.0
671,adam,0.0005,0.1057865294860676,0.10494347207713872,2.0587534196143346e-10,0.0008430578491243068,0.0,2.0809996128082275,2.0797512531280518,5.992242257946145e-10,0.0012484608450904489,0.0
672,adam,0.0005,0.05822103878017515,0.05665734549984336,2.0750005091367845e-10,0.0015636934876965825,0.0,2.0290558338165283,2.0280838012695312,5.992242257946145e-10,0.0009720512898638844,0.0
673,adam,0.0005,0.0818887366913259,0.08064976253081113,2.089855540360954e-10,0.0012389747462293599,0.0,2.0682592391967773,2.065556049346924,5.992242257946145e-10,0.0027032254729419947,0.0
674,adam,0.0005,0.056993232341483235,0.055538979824632406,2.128996637714176e-10,0.001454253349947976,0.0,2.0637638568878174,2.062743902206421,5.992242257946145e-10,0.0010198969393968582,0.0
675,adam,0.0005,0.032620546931866556,0.03197674104012549,2.074906728818356e-10,0.0006438058317144169,0.0,2.0590929985046387,2.0585196018218994,5.992242257946145e-10,0.0005733562866225839,0.0
676,adam,0.0005,0.034054491261485964,0.0335479294299148,2.0622660021669296e-10,0.0005065621462563286,0.0,2.0594544410705566,2.058990478515625,5.992242257946145e-10,0.00046402247971855104,0.0
677,adam,0.0005,0.020138497347943485,0.019714279856998473,2.047253716905651e-10,0.00042421753641974647,0.0,2.040224552154541,2.0398032665252686,5.992242257946145e-10,0.000421306787757203,0.0
678,adam,0.0005,0.018080071837175637,0.01771122930222191,2.0473096786858547e-10,0.00036884223663946614,0.0,2.0575878620147705,2.057227611541748,5.992242257946145e-10,0.00036033696960657835,0.0
679,adam,0.0005,0.016635903244605288,0.01630851300433278,2.0484476059832786e-10,0.000327390307575115,0.0,2.0483665466308594,2.047950506210327,5.992242257946145e-10,0.0004159438831266016,0.0
680,adam,0.0005,0.012225026701344177,0.011914162605535239,2.0472676747136042e-10,0.0003108640594291501,0.0,2.040217399597168,2.039910078048706,5.992242257946145e-10,0.0003072376421187073,0.0
681,adam,0.0005,0.014788463100558147,0.014518871088512242,2.1715815674725718e-10,0.00026959182832797524,0.0,2.0537376403808594,2.0534467697143555,5.992242257946145e-10,0.00029085707501508296,0.0
682,adam,0.0005,0.011902644240763038,0.011646338505670428,2.1679000345827715e-10,0.0002563056250437512,0.0,2.0453102588653564,2.0450451374053955,5.992242257946145e-10,0.00026516514481045306,0.0
683,adam,0.0005,0.01167694092146121,0.011437632259912789,2.2321837979068546e-10,0.00023930857878440293,0.0,2.0502407550811768,2.0499885082244873,5.992242257946145e-10,0.00025214592460542917,0.0
684,adam,0.0005,0.011516097147250548,0.011277999525191262,2.047253748127699e-10,0.00023809736012481153,0.0,2.0482025146484375,2.047943115234375,5.992242257946145e-10,0.0002594995021354407,0.0
685,adam,0.0005,0.0109998511034064,0.010765648825326934,2.1631605855159078e-10,0.0002342019997740863,0.0,2.0406973361968994,2.040447950363159,5.992242257946145e-10,0.00024945277255028486,0.0
686,adam,0.0005,0.01067344969487749,0.010446170170325786,2.0491991058177098e-10,0.00022727922350895824,0.0,2.0510308742523193,2.0507700443267822,5.992242257946145e-10,0.00026084971614181995,0.0
687,adam,0.0005,0.010806490143295377,0.010587869357550517,2.0606899928712332e-10,0.00021862065659661312,0.0,2.0393714904785156,2.0391488075256348,5.992242257946145e-10,0.00022273224021773785,0.0
688,adam,0.0005,0.01096272811992094,0.010741522826720029,2.0872041213970164e-10,0.00022120513222034788,0.0,2.046271562576294,2.0460450649261475,5.992242257946145e-10,0.00022646645084023476,0.0
689,adam,0.0005,0.00957228968036361,0.009351882996270433,2.0472540826834785e-10,0.00022040649582777405,0.0,2.044705390930176,2.044466972351074,5.992242257946145e-10,0.00023849017452448606,0.0
690,adam,0.0005,0.010420235455967486,0.01018672798818443,2.262053544656139e-10,0.0002335073104404728,0.0,2.044532060623169,2.044276475906372,5.992242257946145e-10,0.0002557002881076187,0.0
691,adam,0.0005,0.011116434296127409,0.010901886256760918,2.1744930707224916e-10,0.00021454769284900976,0.0,2.0385384559631348,2.038302183151245,5.992242257946145e-10,0.00023637191043235362,0.0
692,adam,0.0005,0.00994602772698272,0.00974338139349129,2.0718738538673611e-10,0.00020264631348254625,0.0,2.0431199073791504,2.0429177284240723,5.992242257946145e-10,0.00020218950521666557,0.0
693,adam,0.0005,0.009132083971053362,0.008940056301071309,2.2781785058538857e-10,0.0001920273953146534,0.0,2.0424680709838867,2.04226016998291,5.992242257946145e-10,0.00020795072487089783,0.0
694,adam,0.0005,0.009589459266862832,0.009397791407536715,2.0472547564446198e-10,0.00019166777474310948,0.0,2.041102409362793,2.040867328643799,5.992242257946145e-10,0.00023500286624766886,0.0
695,adam,0.0005,0.009927144856192172,0.009715554304420948,2.0477840817436063e-10,0.00021159046718821628,0.0,2.041656494140625,2.04142427444458,5.992242257946145e-10,0.00023210293147712946,0.0
696,adam,0.0005,0.008657441998366266,0.008459568445687182,2.047256229223984e-10,0.00019787333803833462,0.0,2.039761781692505,2.039537191390991,5.992242257946145e-10,0.00022454207646660507,0.0
697,adam,0.0005,0.00827859464334324,0.008097731741145253,2.0472536859040796e-10,0.0001808628321668948,0.0,2.03989315032959,2.0397040843963623,5.992242257946145e-10,0.00018910701328422874,0.0
698,adam,0.0005,0.00807895016623661,0.007898637937614694,2.3250719797117204e-10,0.00018031215768132824,0.0,2.0387821197509766,2.0385959148406982,5.992242257946145e-10,0.0001863145880633965,0.0
699,adam,0.0005,0.007889953849371523,0.007723866234300658,2.0472545181138014e-10,0.00016608754231128842,0.0,2.04154634475708,2.041358709335327,5.992242257946145e-10,0.0001876871392596513,0.0
700,adam,0.0005,0.00772936173598282,0.007560024067061022,2.050678516389328e-10,0.00016933772258198587,0.0,2.0415287017822266,2.04134464263916,5.992242257946145e-10,0.00018413318321108818,0.0
701,adam,0.0005,0.007719145447481424,0.007553596078651026,2.0472583911482291e-10,0.0001655493088037474,0.0,2.0399277210235596,2.0397400856018066,5.992242257946145e-10,0.0001876728201750666,0.0
702,adam,0.0005,0.008363513523363508,0.008199882024200633,2.0898389494925693e-10,0.00016363142822228838,0.0,2.044698715209961,2.044522523880005,5.992242257946145e-10,0.00017629828653298318,0.0
703,adam,0.0005,0.007557540069683455,0.007397717170533724,2.054028274060523e-10,0.00015982272998371627,0.0,2.0381643772125244,2.0379889011383057,5.992242257946145e-10,0.00017557218961883336,0.0
704,adam,0.0005,0.007611063527292572,0.007450397795764729,2.074946678120866e-10,0.00016066557600424858,0.0,2.0419015884399414,2.0417239665985107,5.992242257946145e-10,0.0001775136770447716,0.0
705,adam,0.0005,0.007739610548014753,0.007581251586088911,2.0487762974795084e-10,0.0001583588737048558,0.0,2.0432004928588867,2.0430190563201904,5.992242257946145e-10,0.0001815503346733749,0.0
706,adam,0.0005,0.007537453580880538,0.007374835040536709,2.0531450345493838e-10,0.0001626184912311146,0.0,2.041807174682617,2.041635513305664,5.992242257946145e-10,0.000171603198396042,0.0
707,adam,0.0005,0.007305795617867261,0.007151873272960074,2.221085996421337e-10,0.00015392214208986843,0.0,2.042310953140259,2.0421338081359863,5.992242257946145e-10,0.00017707822553347796,0.0
708,adam,0.0005,0.008195525471819565,0.008034151513129473,2.0474879260407244e-10,0.00016137370766955428,0.0,2.0429434776306152,2.042766571044922,5.992242257946145e-10,0.00017697771545499563,0.0
709,adam,0.0005,0.007347273451159708,0.00718142966798041,2.0472545529310245e-10,0.0001658435076024034,0.0,2.0424821376800537,2.0423121452331543,5.992242257946145e-10,0.00017009119619615376,0.0
710,adam,0.0005,0.007793915487127379,0.007631865839357488,2.047307792461917e-10,0.0001620494786038762,0.0,2.0442955493927,2.0441131591796875,5.992242257946145e-10,0.00018237862968817353,0.0
711,adam,0.0005,0.0076770634041167796,0.007511112678912468,2.0483238278666298e-10,0.00016595034048805246,0.0,2.043426275253296,2.043259382247925,5.992242257946145e-10,0.00016684508591424674,0.0
712,adam,0.0005,0.0077750208001816645,0.007621272161486559,2.0472537370756064e-10,0.00015374854319816222,0.0,2.041874647140503,2.0417072772979736,5.992242257946145e-10,0.00016739725833758712,0.0
713,adam,0.0005,0.007906018930952996,0.007734539030934684,2.335815705087344e-10,0.00017147980997833656,0.0,2.041696786880493,2.0415000915527344,5.992242257946145e-10,0.0001967206335393712,0.0
714,adam,0.0005,0.008467655134154484,0.008285654548672028,2.047253768509909e-10,0.00018200046815763926,0.0,2.0394577980041504,2.039217472076416,5.992242257946145e-10,0.00024030321219470352,0.0
715,adam,0.0005,0.009806065412703902,0.009612778565497138,2.2645571830016454e-10,0.00019328663893247722,0.0,2.04556941986084,2.0452635288238525,5.992242257946145e-10,0.000306009198538959,0.0
716,adam,0.0005,0.014055795792955905,0.013715119974222034,2.047457518901524e-10,0.00034067575688823126,0.0,2.054168939590454,2.053713083267212,5.992242257946145e-10,0.00045582751045003533,0.0
717,adam,0.0005,0.01915777739486657,0.01878702486283146,2.0472570304364855e-10,0.000370752176422684,0.0,2.0503885746002197,2.0500147342681885,5.992242257946145e-10,0.0003737853839993477,0.0
718,adam,0.0005,0.014768711058422923,0.014446138520725071,2.072423589414619e-10,0.0003225723448849749,0.0,2.0282769203186035,2.02799391746521,5.992242257946145e-10,0.0002830212179105729,0.0
719,adam,0.0005,0.016745653440011665,0.01639535289723426,2.2426151952259887e-10,0.0003503004500089446,0.0,2.0516536235809326,2.0512337684631348,5.992242257946145e-10,0.00041975112981162965,0.0
720,adam,0.0005,0.01412335250643082,0.013810512173222378,2.2784469108296876e-10,0.00031284028955269605,0.0,2.0531747341156006,2.052924871444702,5.992242257946145e-10,0.00024985073832795024,0.0
721,adam,0.0005,0.011931448665563948,0.011674992914777249,2.274206374857386e-10,0.00025645560526754707,0.0,2.0434343814849854,2.0431439876556396,5.992242257946145e-10,0.0002904750290326774,0.0
722,adam,0.0005,0.014004737764480524,0.013770137389656156,2.047254617532176e-10,0.00023460033662559,0.0,2.05287504196167,2.0526607036590576,5.992242257946145e-10,0.00021439230476971716,0.0
723,adam,0.0005,0.0166427445365116,0.016406288981670514,2.0507068990810723e-10,0.00023645550299988827,0.0,2.0287983417510986,2.028402328491211,5.992242257946145e-10,0.00039606750942766666,0.0
724,adam,0.0005,0.016539717005798593,0.01627621744410135,2.2294192075378398e-10,0.0002634994871186791,0.0,2.049712896347046,2.0494585037231445,5.992242257946145e-10,0.0002543629670981318,0.0
725,adam,0.0005,0.01840710433316417,0.018016769841779023,2.1056228636231838e-10,0.00039033442408253904,0.0,2.0350663661956787,2.0346524715423584,5.992242257946145e-10,0.00041379936737939715,0.0
726,adam,0.0005,0.019092009955784306,0.0187401634757407,2.0472563498090668e-10,0.00035184626449336065,0.0,2.048818826675415,2.048429012298584,5.992242257946145e-10,0.00038977383519522846,0.0
727,adam,0.0005,0.011479285836685449,0.011226308037294075,2.0758989544498528e-10,0.000252977351010486,0.0,2.0307066440582275,2.030463695526123,5.992242257946145e-10,0.00024283514358103275,0.0
728,adam,0.0005,0.010931397642707452,0.010699624283006415,2.051054137779286e-10,0.0002317732996743871,0.0,2.0370709896087646,2.0367393493652344,5.992242257946145e-10,0.00033172903931699693,0.0
729,adam,0.0005,0.01081534184049815,0.010496846429305151,2.0490908747463594e-10,0.0003184952647643513,0.0,2.0424888134002686,2.0421881675720215,5.992242257946145e-10,0.0003006260667461902,0.0
730,adam,0.0005,0.013502090703696012,0.013209799260948785,2.208466804428049e-10,0.0002922913608927047,0.0,2.050128936767578,2.049915313720703,5.992242257946145e-10,0.0002135057293344289,0.0
731,adam,0.0005,0.01683018050971441,0.0165898728009779,2.0835558843860094e-10,0.00024030754320847336,0.0,2.0487921237945557,2.048443555831909,5.992242257946145e-10,0.00034858062281273305,0.0
732,adam,0.0005,0.020407281845109537,0.02005005194223486,2.0472951002392916e-10,0.0003572300274754525,0.0,2.073982000350952,2.073709011077881,5.992242257946145e-10,0.00027292437152937055,0.0
733,adam,0.0005,0.02060437819454819,0.020287960971472785,2.047285429766273e-10,0.0003164173313052743,0.0,2.0461385250091553,2.045912265777588,5.992242257946145e-10,0.0002262434281874448,0.0
734,adam,0.0005,0.02368777827359736,0.023402351536788046,2.0612261374820305e-10,0.00028542676591314375,0.0,2.0629849433898926,2.062777042388916,5.992242257946145e-10,0.00020794324518647045,0.0
735,adam,0.0005,0.020034021406900138,0.01948036815156229,2.2031817957207019e-10,0.0005536528697120957,0.0,2.0472171306610107,2.046720027923584,5.992242257946145e-10,0.000497074390295893,0.0
736,adam,0.0005,0.031388151983264834,0.0307472366548609,2.0901842227264002e-10,0.0006409143679775298,0.0,2.065279245376587,2.0649380683898926,5.992242257946145e-10,0.0003410900535527617,0.0
737,adam,0.0005,0.022064379241783172,0.02166614742600359,2.0898388638704093e-10,0.00039823149018047843,0.0,2.0552926063537598,2.054879903793335,5.992242257946145e-10,0.0004126678977627307,0.0
738,adam,0.0005,0.030315410636831075,0.02990036751725711,2.0472537619151784e-10,0.0004150430231675273,0.0,2.0555131435394287,2.054837226867676,5.992242257946145e-10,0.0006759139359928668,0.0
739,adam,0.0005,0.05104545829817653,0.05047458078479394,2.2796150791871888e-10,0.0005708779426640831,0.0,2.0251128673553467,2.0242652893066406,5.992242257946145e-10,0.0008475215872749686,0.0
740,adam,0.0005,0.09621843683999032,0.09541583631653339,2.099994161512802e-10,0.0008026012692425866,0.0,2.0329415798187256,2.032127618789673,5.992242257946145e-10,0.0008140752906911075,0.0
741,adam,0.0005,0.058922560536302626,0.05782544077374041,2.0512009261967066e-10,0.0010971199080813676,0.0,2.0999932289123535,2.0988502502441406,5.992242257946145e-10,0.0011429048608988523,0.0
742,adam,0.0005,0.08804939116816968,0.08699104888364673,2.0522625024561409e-10,0.0010583427138044499,0.0,2.0876901149749756,2.0862953662872314,5.992242257946145e-10,0.0013946881517767906,0.0
743,adam,0.0005,0.1295548165217042,0.12808327726088464,2.0577773708603952e-10,0.0014715387878823094,0.0,2.095332622528076,2.093609094619751,5.992242257946145e-10,0.0017235863488167524,0.0
744,adam,0.0005,0.08280124654993415,0.08142683492042124,2.0472539204951317e-10,0.0013744118987233378,0.0,2.1391096115112305,2.137535810470581,5.992242257946145e-10,0.001573864254169166,0.0
745,adam,0.0005,0.08636099344585091,0.08472818601876497,2.0472951182466496e-10,0.0016328067722497508,0.0,2.0985357761383057,2.097168445587158,5.992242257946145e-10,0.0013672946952283382,0.0
746,adam,0.0005,0.08375789935234934,0.0823904681019485,2.0872018431681e-10,0.001367430992104346,0.0,2.0928215980529785,2.091364860534668,5.992242257946145e-10,0.0014567117905244231,0.0
747,adam,0.0005,0.07730338803958148,0.07603262620978057,2.220688654072314e-10,0.0012707617424894124,0.0,2.103769063949585,2.1017799377441406,5.992242257946145e-10,0.0019890456460416317,0.0
748,adam,0.0005,0.07752380333840847,0.07604509952943772,2.0472552287264015e-10,0.0014787033032916952,0.0,2.0952134132385254,2.0940864086151123,5.992242257946145e-10,0.0011269402457401156,0.0
749,adam,0.0005,0.07860339502803981,0.07735393883194774,2.0476286746669505e-10,0.0012494572401919868,0.0,2.0939300060272217,2.0925416946411133,5.992242257946145e-10,0.001388309057801962,0.0
750,adam,0.0005,0.07609292783308774,0.07494798302650452,2.0606900657118315e-10,0.0011449447738414165,0.0,2.1036288738250732,2.1027541160583496,5.992242257946145e-10,0.0008748224354349077,0.0
751,adam,0.0005,0.0902385717490688,0.08842656505294144,2.1605511227585935e-10,0.0018120069580618292,0.0,2.117000102996826,2.1159396171569824,5.992242257946145e-10,0.0010604748968034983,0.0
752,adam,0.0005,0.12733017653226852,0.12599247973412275,2.1615252319087938e-10,0.0013376948263612576,0.0,2.1517529487609863,2.1504311561584473,5.992242257946145e-10,0.0013218596577644348,0.0
753,adam,0.0005,0.1816912905778736,0.1799638692755252,2.334309609099138e-10,0.0017274224337597843,0.0,2.227397918701172,2.224181652069092,5.992242257946145e-10,0.003216214245185256,0.0
754,adam,0.0005,0.12421029759570956,0.12216031225398183,2.2152449462039704e-10,0.002049986745987553,0.0,2.154623508453369,2.153331756591797,5.992242257946145e-10,0.0012916651321575046,0.0
755,adam,0.0005,0.09883574536070228,0.09706843621097505,2.1022466387627196e-10,0.0017673088877927512,0.0,2.1559898853302,2.1547393798828125,5.992242257946145e-10,0.0012504089390859008,0.0
756,adam,0.0005,0.17210170661564916,0.17020474176388234,2.0472938182264378e-10,0.0018969640659634024,0.0,2.07422137260437,2.0726277828216553,5.992242257946145e-10,0.0015934972325339913,0.0
757,adam,0.0005,0.13607275229878724,0.13433876889757812,2.0909185625386502e-10,0.0017339820697088726,0.0,2.0799660682678223,2.078841209411621,5.992242257946145e-10,0.0011249097296968102,0.0
758,adam,0.0005,0.08044603327289224,0.07928251032717526,2.047906903799179e-10,0.0011635230839601718,0.0,2.062237501144409,2.0611655712127686,5.992242257946145e-10,0.001071905018761754,0.0
759,adam,0.0005,0.06942859524860978,0.06850970641244203,2.0472537637224523e-10,0.0009188889380311593,0.0,2.1100356578826904,2.109443426132202,5.992242257946145e-10,0.0005921274423599243,0.0
760,adam,0.0005,0.0440998466219753,0.04347670706920326,2.0473230284162336e-10,0.0006231394727365114,0.0,2.0808074474334717,2.080254554748535,5.992242257946145e-10,0.0005527875619009137,0.0
761,adam,0.0005,0.030143271666020155,0.02955903741531074,2.2119119618152968e-10,0.000584234392590588,0.0,2.061079502105713,2.0605602264404297,5.992242257946145e-10,0.000519312045071274,0.0
762,adam,0.0005,0.027173889277037233,0.026654972811229527,2.097056679104285e-10,0.0005189164694456849,0.0,2.077324867248535,2.076761484146118,5.992242257946145e-10,0.0005633628461509943,0.0
763,adam,0.0005,0.02214520436245948,0.021710083994548768,2.0491196212712463e-10,0.0004351201205281541,0.0,2.0727181434631348,2.0722877979278564,5.992242257946145e-10,0.00043043537880294025,0.0
764,adam,0.0005,0.018991281947819516,0.018621158320456743,2.2681193280745605e-10,0.00037012379107181914,0.0,2.0705058574676514,2.0700972080230713,5.992242257946145e-10,0.00040866233757697046,0.0
765,adam,0.0005,0.01651322320685722,0.016069459496065974,2.0472537029588233e-10,0.00044376357254805043,0.0,2.0678229331970215,2.067354202270508,5.992242257946145e-10,0.00046867673518136144,0.0
766,adam,0.0005,0.013103412609780207,0.012677383580012247,2.0472584079004894e-10,0.00042602874236763455,0.0,2.0590457916259766,2.058716297149658,5.992242257946145e-10,0.00032943653059192,0.0
767,adam,0.0005,0.014540520234731957,0.014239371928852051,2.0473234174076443e-10,0.00030114827586658066,0.0,2.0577316284179688,2.0574636459350586,5.992242257946145e-10,0.00026787794195115566,0.0
768,adam,0.0005,0.014041255024494603,0.01378726219991222,2.0515434956101815e-10,0.00025399277637916384,0.0,2.0741851329803467,2.073925495147705,5.992242257946145e-10,0.00025964737869799137,0.0
769,adam,0.0005,0.010390022158389911,0.01016263893689029,2.051728528106891e-10,0.00022738307416148018,0.0,2.066526174545288,2.066260814666748,5.992242257946145e-10,0.0002653771371114999,0.0
770,adam,0.0005,0.009221010841429234,0.009000237158033997,2.047258305007857e-10,0.00022077364519645926,0.0,2.063018560409546,2.0627849102020264,5.992242257946145e-10,0.00023358598991762847,0.0
771,adam,0.0005,0.008781974553130567,0.008570657664677128,2.048311022686106e-10,0.00021131675839569652,0.0,2.0646748542785645,2.064450740814209,5.992242257946145e-10,0.00022415752755478024,0.0
772,adam,0.0005,0.008604959090007469,0.00841099172248505,2.303656608916304e-10,0.00019396720108488807,0.0,2.0637550354003906,2.063539743423462,5.992242257946145e-10,0.0002152222441509366,0.0
773,adam,0.0005,0.008281670438009314,0.008091408701147884,2.047253834570389e-10,0.00019026161135116126,0.0,2.064542531967163,2.0643346309661865,5.992242257946145e-10,0.00020800599304493517,0.0
774,adam,0.0005,0.008163781152688898,0.007981820075656287,2.0487841203088057e-10,0.00018196097516920418,0.0,2.0650084018707275,2.064809560775757,5.992242257946145e-10,0.0001988615986192599,0.0
775,adam,0.0005,0.008196832583053038,0.00801373268768657,2.2246663621955907e-10,0.0001830996734497603,0.0,2.0610463619232178,2.060835599899292,5.992242257946145e-10,0.00021079440193716437,0.0
776,adam,0.0005,0.008021700021345168,0.007841463477234356,2.0628550733608156e-10,0.00018023634402197786,0.0,2.0633809566497803,2.0631890296936035,5.992242257946145e-10,0.00019188366422895342,0.0
777,adam,0.0005,0.007707038210355677,0.007534378455602564,2.3477712191944767e-10,0.00017265943461097777,0.0,2.0629518032073975,2.062748432159424,5.992242257946145e-10,0.00020329977269284427,0.0
778,adam,0.0005,0.007543015060946345,0.007367888814769685,2.047253782052907e-10,0.0001751261588651687,0.0,2.062018871307373,2.061821222305298,5.992242257946145e-10,0.00019754884124267846,0.0
779,adam,0.0005,0.008050473625189625,0.007874490445828997,2.0606913855204535e-10,0.0001759830101946136,0.0,2.0585532188415527,2.0583701133728027,5.992242257946145e-10,0.00018320455274078995,0.0
780,adam,0.0005,0.007265458480105735,0.007098219051840715,2.1291974584424796e-10,0.00016723921544326004,0.0,2.0626139640808105,2.0624310970306396,5.992242257946145e-10,0.00018276642367709428,0.0
781,adam,0.0005,0.007221745443530381,0.0070514660474145785,2.0484709929650944e-10,0.00017027931789925788,0.0,2.060490846633911,2.060307264328003,5.992242257946145e-10,0.0001834845752455294,0.0
782,adam,0.0005,0.007327910861931741,0.007154735896619968,2.0473259813403768e-10,0.00017317481160716852,0.0,2.065281391143799,2.065056800842285,5.992242257946145e-10,0.0002244934585178271,0.0
783,adam,0.0005,0.007704744479269721,0.007529379086918198,2.0608742152846738e-10,0.0001753652104525827,0.0,2.0592503547668457,2.0590693950653076,5.992242257946145e-10,0.00018090895900968462,0.0
784,adam,0.0005,0.00757000976591371,0.007415347048663534,2.0815894992941286e-10,0.00015466256627405528,0.0,2.0609073638916016,2.060739040374756,5.992242257946145e-10,0.00016828168008942157,0.0
785,adam,0.0005,0.00744086537451949,0.007270231129950844,2.0474462188795554e-10,0.0001706341090539354,0.0,2.062589406967163,2.062424421310425,5.992242257946145e-10,0.00016507240070495754,0.0
786,adam,0.0005,0.007007937674643472,0.006834073792560957,2.1036072358380507e-10,0.00017386370836902643,0.0,2.060981512069702,2.0608131885528564,5.992242257946145e-10,0.00016840832540765405,0.0
787,adam,0.0005,0.006776038993848488,0.00661827766452916,2.0898387933193808e-10,0.00015776116379129235,0.0,2.064758539199829,2.0645978450775146,5.992242257946145e-10,0.00016080391651485115,0.0
788,adam,0.0005,0.006900748019688763,0.00674997761962004,2.061800585876144e-10,0.00015077030593602103,0.0,2.057398796081543,2.0572350025177,5.992242257946145e-10,0.00016378110740333796,0.0
789,adam,0.0005,0.007629831423400901,0.007475931095541455,2.103629041565476e-10,0.00015390013049909612,0.0,2.0588772296905518,2.058706521987915,5.992242257946145e-10,0.00017076462972909212,0.0
790,adam,0.0005,0.009599846525816247,0.009442508177016862,2.1289966236865494e-10,0.0001573381859998335,0.0,2.0644748210906982,2.0642647743225098,5.992242257946145e-10,0.00021013223158661276,0.0
791,adam,0.0005,0.011749789235182106,0.011518917031935416,2.2322407037970952e-10,0.0002308720777364215,0.0,2.055678129196167,2.0553178787231445,5.992242257946145e-10,0.00036034020013175905,0.0
792,adam,0.0005,0.009400373775861226,0.00917246074823197,2.0518084148674623e-10,0.0002279128511872841,0.0,2.0593974590301514,2.059180736541748,5.992242257946145e-10,0.00021680761710740626,0.0
793,adam,0.0005,0.008059062296524644,0.007890905952081084,2.0484767100035825e-10,0.00016815614617371466,0.0,2.057511806488037,2.0573439598083496,5.992242257946145e-10,0.0001679234264884144,0.0
794,adam,0.0005,0.008316848281538114,0.008153115413733758,2.047254046303281e-10,0.00016373261678381823,0.0,2.0587830543518066,2.058626651763916,5.992242257946145e-10,0.00015631227870471776,0.0
795,adam,0.0005,0.009173571248538792,0.00901812597294338,2.0749226852308396e-10,0.00015544511006737594,0.0,2.0548243522644043,2.0546486377716064,5.992242257946145e-10,0.000175732362549752,0.0
796,adam,0.0005,0.009890001500025392,0.009712702260003425,2.0511568231933172e-10,0.00017729889532347443,0.0,2.0515735149383545,2.0513644218444824,5.992242257946145e-10,0.00020903800032101572,0.0
797,adam,0.0005,0.010640981403412297,0.010466439140145667,2.165116971573734e-10,0.00017454205953981727,0.0,2.060408592224121,2.060231924057007,5.992242257946145e-10,0.00017667291103862226,0.0
798,adam,0.0005,0.009040159202413633,0.008848783691064455,2.1609265013883135e-10,0.00019137534764013253,0.0,2.0541763305664062,2.0539777278900146,5.992242257946145e-10,0.0001987088326131925,0.0
799,adam,0.0005,0.00831961196672637,0.008160298792063259,2.3657806240592023e-10,0.00015931295183690963,0.0,2.0480966567993164,2.0479495525360107,5.992242257946145e-10,0.00014713278505951166,0.0
800,adam,0.0005,0.0085498421540251,0.008402177802054211,2.047253732957554e-10,0.0001476641609770013,0.0,2.0656015872955322,2.0654337406158447,5.992242257946145e-10,0.00016787892673164606,0.0
801,adam,0.0005,0.00798602013674099,0.007836260556359775,2.075963100645907e-10,0.0001497594739703345,0.0,2.0509703159332275,2.050812244415283,5.992242257946145e-10,0.00015816331142559648,0.0
802,adam,0.0005,0.007067546990583651,0.0069159849372226745,2.0512002996848498e-10,0.0001515619669589796,0.0,2.0558018684387207,2.05564022064209,5.992242257946145e-10,0.0001615736255189404,0.0
803,adam,0.0005,0.0066014806216116995,0.0064548653899692,2.0475754838661282e-10,0.0001466150397391175,0.0,2.052999258041382,2.052854537963867,5.992242257946145e-10,0.0001448080874979496,0.0
804,adam,0.0005,0.006625469017308205,0.0064956876303767785,2.0472550445825637e-10,0.00012978115046280436,0.0,2.051480293273926,2.0513198375701904,5.992242257946145e-10,0.00016044329095166177,0.0
805,adam,0.0005,0.008111132323392667,0.007964603893924505,2.0885270269817857e-10,0.00014652836080131237,0.0,2.059446096420288,2.0592892169952393,5.992242257946145e-10,0.00015694263856858015,0.0
806,adam,0.0005,0.00850837875623256,0.008351792232133448,2.0472537821917245e-10,0.00015658645588700892,0.0,2.056077003479004,2.0558764934539795,5.992242257946145e-10,0.00020041810057591647,0.0
807,adam,0.0005,0.007843585626687855,0.007693484949413687,2.1536140141193279e-10,0.00015010057359177154,0.0,2.042015552520752,2.0418648719787598,5.992242257946145e-10,0.0001506041589891538,0.0
808,adam,0.0005,0.008750644323299639,0.008603805938037112,2.2328368318549687e-10,0.0001468380710321071,0.0,2.0537946224212646,2.053617238998413,5.992242257946145e-10,0.00017728244711179286,0.0
809,adam,0.0005,0.010924772854195908,0.010742679223767482,2.067372983603895e-10,0.00018209330846730154,0.0,2.0625686645507812,2.062286138534546,5.992242257946145e-10,0.00028251262847334146,0.0
810,adam,0.0005,0.019245624978793785,0.018926163640571758,2.1038961771573877e-10,0.00031946140006766655,0.0,2.0468170642852783,2.0464625358581543,5.992242257946145e-10,0.00035448826383799314,0.0
811,adam,0.0005,0.021516022854484618,0.021160265314392745,2.0474013545367314e-10,0.0003557574418664444,0.0,2.032989978790283,2.0326757431030273,5.992242257946145e-10,0.0003142537025269121,0.0
812,adam,0.0005,0.02382781301275827,0.023282967449631542,2.047287323325235e-10,0.0005448454303405015,0.0,2.078028678894043,2.07720685005188,5.992242257946145e-10,0.0008217326831072569,0.0
813,adam,0.0005,0.02135923711466603,0.021005649206927046,2.0472537807867416e-10,0.0003535879404807929,0.0,2.060070753097534,2.059749126434326,5.992242257946145e-10,0.000321580795571208,0.0
814,adam,0.0005,0.016709541640011594,0.016418445040471852,2.0472938620310114e-10,0.00029109647766745184,0.0,2.0499348640441895,2.049628973007202,5.992242257946145e-10,0.00030581833561882377,0.0
815,adam,0.0005,0.015007406967924908,0.014703784487210214,2.0749079415078164e-10,0.00030362236611836124,0.0,2.0548298358917236,2.054532051086426,5.992242257946145e-10,0.0002977240947075188,0.0
816,adam,0.0005,0.023081775230821222,0.02279140186146833,2.0580370395245156e-10,0.0002903731328842696,0.0,2.056708812713623,2.0563721656799316,5.992242257946145e-10,0.0003366848104633391,0.0
817,adam,0.0005,0.027148577850311995,0.026572410948574543,2.0472668882320314e-10,0.0005761666543548927,0.0,2.056825876235962,2.0560052394866943,5.992242257946145e-10,0.0008206542115658522,0.0
818,adam,0.0005,0.03551436250563711,0.03494353237329051,2.047293825945158e-10,0.0005708298795070732,0.0,2.026780366897583,2.026369333267212,5.992242257946145e-10,0.00041112792678177357,0.0
819,adam,0.0005,0.02444348460994661,0.024071779218502343,2.047255626828247e-10,0.0003717052295542089,0.0,2.0502662658691406,2.0497868061065674,5.992242257946145e-10,0.00047951037413440645,0.0
820,adam,0.0005,0.03869383654091507,0.03830139170167968,2.0921713234740753e-10,0.0003924445845768787,0.0,2.0434672832489014,2.042955160140991,5.992242257946145e-10,0.0005121981957927346,0.0
821,adam,0.0005,0.10032167745521292,0.09975033078808337,2.2206885527251528e-10,0.0005713470200134907,0.0,2.0326201915740967,2.0314013957977295,5.992242257946145e-10,0.0012188323307782412,0.0
822,adam,0.0005,0.07140262413304299,0.0704494051169604,2.0643493113686827e-10,0.0009532190670142882,0.0,2.0696871280670166,2.067920207977295,5.992242257946145e-10,0.0017669359222054482,0.0
823,adam,0.0005,0.0879731347085908,0.08628083684016019,2.0473454361731038e-10,0.001692297839326784,0.0,2.08392071723938,2.08194637298584,5.992242257946145e-10,0.00197441503405571,0.0
824,adam,0.0005,0.08631166536360979,0.08477790816687047,2.2641186688519774e-10,0.0015337575969169848,0.0,2.032517433166504,2.031501054763794,5.992242257946145e-10,0.0010163530241698027,0.0
825,adam,0.0005,0.11302029353100806,0.1118470422225073,2.0472537454758902e-10,0.0011732512539310846,0.0,2.1547276973724365,2.1534464359283447,5.992242257946145e-10,0.0012812333879992366,0.0
826,adam,0.0005,0.3107991870492697,0.30799423437565565,2.2640495932940854e-10,0.002804954056045972,0.0,2.187425374984741,2.185015916824341,5.992242257946145e-10,0.002409504959359765,0.0
827,adam,0.0005,0.19961950229480863,0.1962589176837355,2.0718695633242063e-10,0.003360586561029777,0.0,2.004199743270874,2.0014090538024902,5.992242257946145e-10,0.0027907844632864,0.0
828,adam,0.0005,0.14322633598931134,0.14006372215226293,2.0574090114118544e-10,0.0031626148193026893,0.0,2.0908734798431396,2.0885848999023438,5.992242257946145e-10,0.002288510324433446,0.0
829,adam,0.0005,0.1345935210119933,0.13257879298180342,2.0472800429807033e-10,0.002014726778725162,0.0,2.160956382751465,2.1596312522888184,5.992242257946145e-10,0.0013250113697722554,0.0
830,adam,0.0005,0.07379658264108002,0.07247468747664243,2.075963039730606e-10,0.001321895146247698,0.0,2.1009809970855713,2.0998990535736084,5.992242257946145e-10,0.0010818556183949113,0.0
831,adam,0.0005,0.043412852799519897,0.04229825071524829,2.0619144340941297e-10,0.001114602247980656,0.0,2.0731849670410156,2.0723536014556885,5.992242257946145e-10,0.0008314597071148455,0.0
832,adam,0.0005,0.045962405507452786,0.04508970899041742,2.0510502341064524e-10,0.0008726962696528062,0.0,2.0968103408813477,2.0958001613616943,5.992242257946145e-10,0.0010101028019562364,0.0
833,adam,0.0005,0.046832942753098905,0.045957463211379945,2.0883976674184422e-10,0.0008754801729082828,0.0,2.1025238037109375,2.1015522480010986,5.992242257946145e-10,0.0009715833002701402,0.0
834,adam,0.0005,0.06379928963724524,0.06286968442145735,2.047445401885242e-10,0.0009296045063820202,0.0,2.1186325550079346,2.118098258972168,5.992242257946145e-10,0.000534379854798317,0.0
835,adam,0.0005,0.0667009410681203,0.06573072937317193,2.0898389597217164e-10,0.0009702120478323195,0.0,2.07055926322937,2.0691604614257812,5.992242257946145e-10,0.0013988424325361848,0.0
836,adam,0.0005,0.09153693472035229,0.08995627798140049,2.2756905674507182e-10,0.0015806573901500087,0.0,2.133354425430298,2.131495714187622,5.992242257946145e-10,0.0018586127553135157,0.0
837,adam,0.0005,0.06663581810425967,0.06502124480903149,2.0785664375618835e-10,0.0016145723493536934,0.0,2.1191558837890625,2.1172726154327393,5.992242257946145e-10,0.0018832114292308688,0.0
838,adam,0.0005,0.05118685879278928,0.05007967469282448,2.0472675642838013e-10,0.0011071836270275526,0.0,2.1141343116760254,2.1134963035583496,5.992242257946145e-10,0.0006379227270372212,0.0
839,adam,0.0005,0.03312968515092507,0.03236086689867079,2.0898388662632774e-10,0.0007688182122365106,0.0,2.1073291301727295,2.1064438819885254,5.992242257946145e-10,0.0008853431208990514,0.0
840,adam,0.0005,0.024765448470134288,0.023947360925376415,2.0750573060745005e-10,0.0008180871682270663,0.0,2.0858304500579834,2.0851476192474365,5.992242257946145e-10,0.0006827581091783941,0.0
841,adam,0.0005,0.016720657818950713,0.01628626068122685,2.2039102591157187e-10,0.00043439688488433603,0.0,2.0713553428649902,2.0709726810455322,5.992242257946145e-10,0.00038264336762949824,0.0
842,adam,0.0005,0.017235881969099864,0.01692000951152295,2.2217416429155218e-10,0.000315872346618562,0.0,2.09822416305542,2.0978569984436035,5.992242257946145e-10,0.0003670546575449407,0.0
843,adam,0.0005,0.01378651350387372,0.013458469184115529,2.0472635505850935e-10,0.0003280442142568063,0.0,2.0748720169067383,2.0745203495025635,5.992242257946145e-10,0.0003515904536470771,0.0
844,adam,0.0005,0.01157970042550005,0.011310053174383938,2.0546532378504443e-10,0.0002696471228773589,0.0,2.0837602615356445,2.083477735519409,5.992242257946145e-10,0.000282560708001256,0.0
845,adam,0.0005,0.010163174127228558,0.00992436938395258,2.2207941906948015e-10,0.00023880448043200886,0.0,2.0755720138549805,2.0752780437469482,5.992242257946145e-10,0.0002939104160759598,0.0
846,adam,0.0005,0.008407917630393058,0.00818171132414136,2.047594658105758e-10,0.0002262061298097251,0.0,2.0772151947021484,2.077000141143799,5.992242257946145e-10,0.00021512270905077457,0.0
847,adam,0.0005,0.007530062197474763,0.007328003935981542,2.075097952766566e-10,0.0002020579941017786,0.0,2.0776028633117676,2.077388286590576,5.992242257946145e-10,0.00021464504243340343,0.0
848,adam,0.0005,0.007128553857910447,0.006937729776836932,2.323148503239871e-10,0.00019082405106018996,0.0,2.080632209777832,2.080439567565918,5.992242257946145e-10,0.00019264176080469042,0.0
849,adam,0.0005,0.0068803412723354995,0.00669986339926254,2.0472537779027433e-10,0.0001804777839424787,0.0,2.0797030925750732,2.079515218734741,5.992242257946145e-10,0.00018778085359372199,0.0
850,adam,0.0005,0.006674169489997439,0.006502529417048208,2.0749408343993361e-10,0.00017163997654279228,0.0,2.0805504322052,2.080364942550659,5.992242257946145e-10,0.0001854672300396487,0.0
851,adam,0.0005,0.006489458537544124,0.006319300679024309,2.1620953837543552e-10,0.00017015778030327056,0.0,2.0817086696624756,2.0815250873565674,5.992242257946145e-10,0.00018359057139605284,0.0
852,adam,0.0005,0.006330745643936098,0.006163053680211306,2.0718693827029007e-10,0.00016769174817454768,0.0,2.080354928970337,2.080181360244751,5.992242257946145e-10,0.00017345562810078263,0.0
853,adam,0.0005,0.0062092507287161425,0.006046490510925651,2.0472537862960623e-10,0.00016275994858006015,0.0,2.0811715126037598,2.08099627494812,5.992242257946145e-10,0.00017532076162751764,0.0
854,adam,0.0005,0.006120737496530637,0.00595893657009583,2.327241948587624e-10,0.00016180086549866246,0.0,2.0820305347442627,2.081857919692993,5.992242257946145e-10,0.00017256992578040808,0.0
855,adam,0.0005,0.006019655134878121,0.0058635359891923144,2.0474612433794754e-10,0.000156118959239393,0.0,2.081622838973999,2.0814545154571533,5.992242257946145e-10,0.00016830630192998797,0.0
856,adam,0.0005,0.006361047111568041,0.0062063559162197635,2.04725378969369e-10,0.00015469098798348568,0.0,2.0826072692871094,2.082437515258789,5.992242257946145e-10,0.0001697066763881594,0.0
857,adam,0.0005,0.005806566245155409,0.005655716784531251,2.0484767709095527e-10,0.00015084928418218624,0.0,2.0825436115264893,2.082383155822754,5.992242257946145e-10,0.00016042568313423544,0.0
858,adam,0.0005,0.005751556367613375,0.005600948425126262,2.3173977616726372e-10,0.00015060783061926486,0.0,2.0844879150390625,2.0843300819396973,5.992242257946145e-10,0.00015772027836646885,0.0
859,adam,0.0005,0.005645601690048352,0.005497025267686695,2.0512000232788085e-10,0.00014857622136332793,0.0,2.0847485065460205,2.084582567214966,5.992242257946145e-10,0.00016597288777120411,0.0
860,adam,0.0005,0.005564319755649194,0.00541652349056676,2.047946981777475e-10,0.0001477960950069246,0.0,2.0833499431610107,2.083195924758911,5.992242257946145e-10,0.00015392739442177117,0.0
861,adam,0.0005,0.005523572443053126,0.0053803291521035135,2.0472604939265459e-10,0.00014324312542157713,0.0,2.0834882259368896,2.0833327770233154,5.992242257946145e-10,0.00015545652422588319,0.0
862,adam,0.0005,0.005409159100963734,0.0052659731736639515,2.051346897810727e-10,0.00014318574903882109,0.0,2.0843381881713867,2.0841879844665527,5.992242257946145e-10,0.00015019522106740624,0.0
863,adam,0.0005,0.005502681742655113,0.005365249351598322,2.0483103225427008e-10,0.00013743215504291584,0.0,2.086528778076172,2.0863776206970215,5.992242257946145e-10,0.00015118556621018797,0.0
864,adam,0.0005,0.005262226884951815,0.0051252240082249045,2.0476079416286835e-10,0.0001370026839140337,0.0,2.0845749378204346,2.0844249725341797,5.992242257946145e-10,0.00014993800141382962,0.0
865,adam,0.0005,0.005226190376561135,0.005089295620564371,2.0472545171830577e-10,0.0001368945791000442,0.0,2.0866293907165527,2.086479902267456,5.992242257946145e-10,0.00014951506454963237,0.0
866,adam,0.0005,0.005153488498763181,0.0050191818590974435,2.0868608187694554e-10,0.0001343065446235414,0.0,2.084662914276123,2.0845136642456055,5.992242257946145e-10,0.00014920777175575495,0.0
867,adam,0.0005,0.005122336006024852,0.004988184300600551,2.0477424504088267e-10,0.0001341515389867709,0.0,2.0859994888305664,2.0858521461486816,5.992242257946145e-10,0.00014728117093909532,0.0
868,adam,0.0005,0.005008110223570839,0.004876808787230402,2.241372819839533e-10,0.00013130125853422214,0.0,2.0864500999450684,2.08630633354187,5.992242257946145e-10,0.0001437616447219625,0.0
869,adam,0.0005,0.004988723827409558,0.004857983105466701,2.047282937798651e-10,0.00013074054731987417,0.0,2.086158275604248,2.086014747619629,5.992242257946145e-10,0.00014349192497320473,0.0
870,adam,0.0005,0.004941835461067967,0.004805033531738445,2.04780315774859e-10,0.0001368017169625091,0.0,2.0866482257843018,2.0865020751953125,5.992242257946145e-10,0.0001462442596675828,0.0
871,adam,0.0005,0.004877701721852645,0.004744112738990225,2.0472776719417252e-10,0.0001335888159701426,0.0,2.0872905254364014,2.087151050567627,5.992242257946145e-10,0.0001395299768773839,0.0
872,adam,0.0005,0.004863907597609796,0.004737668656161986,2.0473297859752066e-10,0.00012623873180928058,0.0,2.0872113704681396,2.0870745182037354,5.992242257946145e-10,0.00013676336675416678,0.0
873,adam,0.0005,0.004788763617398217,0.004662540377466939,2.0472538851728652e-10,0.00012622310532606207,0.0,2.0869221687316895,2.086780309677124,5.992242257946145e-10,0.00014189798093866557,0.0
874,adam,0.0005,0.00487954294658266,0.004756411930429749,2.0493599261519648e-10,0.00012313081197135034,0.0,2.0896403789520264,2.089498996734619,5.992242257946145e-10,0.00014149541675578803,0.0
875,adam,0.0005,0.005084301577880979,0.004955180556862615,2.0473081481336984e-10,0.00012912089187011588,0.0,2.0815541744232178,2.0813989639282227,5.992242257946145e-10,0.00015512341633439064,0.0
876,adam,0.0005,0.0063745079532964155,0.00623592252668459,2.08987040153522e-10,0.0001385852056046133,0.0,2.0923588275909424,2.0921969413757324,5.992242257946145e-10,0.00016190306632779539,0.0
877,adam,0.0005,0.0065627781295916066,0.006417191252694465,2.071869323417278e-10,0.00014558666589437053,0.0,2.082824230194092,2.082658052444458,5.992242257946145e-10,0.00016608480655122548,0.0
878,adam,0.0005,0.007686263139476068,0.007533561030868441,2.2206906145766573e-10,0.00015270187259375234,0.0,2.088113784790039,2.0879197120666504,5.992242257946145e-10,0.0001941490627359599,0.0
879,adam,0.0005,0.009630997607018799,0.009442555383429863,2.0512000738883323e-10,0.00018844197620637715,0.0,2.083437919616699,2.0832085609436035,5.992242257946145e-10,0.0002293363504577428,0.0
880,adam,0.0005,0.0132737888925476,0.013068300351733342,2.0606905855401864e-10,0.00020548838710965356,0.0,2.086702585220337,2.0864689350128174,5.992242257946145e-10,0.0002335998578928411,0.0
881,adam,0.0005,0.011700184288201854,0.011481831868877634,2.047253719318603e-10,0.00021835227562405635,0.0,2.075814962387085,2.0755927562713623,5.992242257946145e-10,0.0002222223556600511,0.0
882,adam,0.0005,0.014507510495604947,0.014285283046774566,2.0472554585198557e-10,0.00022222730058274465,0.0,2.0944693088531494,2.094197988510132,5.992242257946145e-10,0.00027131190290674567,0.0
883,adam,0.0005,0.014588839141651988,0.014270964835304767,2.0587503625861695e-10,0.00031787416719453176,0.0,2.0652942657470703,2.0649664402008057,5.992242257946145e-10,0.0003278474323451519,0.0
884,adam,0.0005,0.018457868543919176,0.017982995457714424,2.0472537264058037e-10,0.0004748732135340106,0.0,2.074260950088501,2.073681116104126,5.992242257946145e-10,0.0005797453341074288,0.0
885,adam,0.0005,0.016973107180092484,0.016476082295412198,2.0472538302106178e-10,0.0004970248282916145,0.0,2.0768778324127197,2.076615333557129,5.992242257946145e-10,0.0002624909393489361,0.0
886,adam,0.0005,0.04295640409691259,0.04257872360176407,2.0523630494769322e-10,0.0003776799203478731,0.0,2.094862222671509,2.0942208766937256,5.992242257946145e-10,0.0006413765368051827,0.0
887,adam,0.0005,0.06462368729989976,0.06380668672500178,2.078323650222282e-10,0.0008170002383849351,0.0,2.068309783935547,2.067659854888916,5.992242257946145e-10,0.000649948138743639,0.0
888,adam,0.0005,0.10020997526589781,0.09886732092127204,2.0587489675752825e-10,0.0013426517471089028,0.0,2.085435152053833,2.084089517593384,5.992242257946145e-10,0.001345644355751574,0.0
889,adam,0.0005,0.10676186985801905,0.10545392346102744,2.0472537226901745e-10,0.0013079458367428742,0.0,2.060321569442749,2.0593533515930176,5.992242257946145e-10,0.0009682740201242268,0.0
890,adam,0.0005,0.0631116630975157,0.06240840267855674,2.128996532347281e-10,0.0007032616304059047,0.0,2.0177557468414307,2.0170202255249023,5.992242257946145e-10,0.000735458277631551,0.0
891,adam,0.0005,0.05459681688807905,0.053686134167946875,2.0474299851954025e-10,0.0009106823126785457,0.0,2.0102498531341553,2.0095267295837402,5.992242257946145e-10,0.000723066390492022,0.0
892,adam,0.0005,0.0603379737585783,0.05904462735634297,2.048310448578755e-10,0.001293346649617888,0.0,2.030048370361328,2.0292904376983643,5.992242257946145e-10,0.0007578607182949781,0.0
893,adam,0.0005,0.06551728292834014,0.06438505253754556,2.3241830901069946e-10,0.0011322297286824323,0.0,2.0529019832611084,2.0522451400756836,5.992242257946145e-10,0.0006569321267306805,0.0
894,adam,0.0005,0.0484672348247841,0.04778743034694344,2.345796885222554e-10,0.0006798047543270513,0.0,2.0411062240600586,2.040538787841797,5.992242257946145e-10,0.0005674317362718284,0.0
895,adam,0.0005,0.06039941089693457,0.05951545340940356,2.051155429111023e-10,0.0008839579641062301,0.0,2.0597920417785645,2.058786153793335,5.992242257946145e-10,0.0010058507323265076,0.0
896,adam,0.0005,0.05137951811775565,0.05031890555983409,2.0472583996467158e-10,0.0010606133873807266,0.0,2.06984806060791,2.0687174797058105,5.992242257946145e-10,0.0011305983643978834,0.0
897,adam,0.0005,0.11042403313331306,0.10939680342562497,2.2017838735541468e-10,0.0010272302279190626,0.0,2.063835382461548,2.0622541904449463,5.992242257946145e-10,0.0015813063364475965,0.0
898,adam,0.0005,0.11320820497348905,0.11190588702447712,2.0473080182576072e-10,0.0013023167339270003,0.0,2.061859369277954,2.060776948928833,5.992242257946145e-10,0.0010823826305568218,0.0
899,adam,0.0005,0.13802968966774642,0.13619393995031714,2.0472545172546585e-10,0.0018357491135247983,0.0,2.1021158695220947,2.100221872329712,5.992242257946145e-10,0.0018940673908218741,0.0
900,adam,0.0005,0.11619159369729459,0.11399498069658875,2.0608923919507715e-10,0.002196615401771851,0.0,2.120857000350952,2.1193385124206543,5.992242257946145e-10,0.0015185276279225945,0.0
901,adam,0.0005,0.058404372073709965,0.05668227793648839,2.04727524943279e-10,0.0017220939334947616,0.0,2.12886905670166,2.127763271331787,5.992242257946145e-10,0.0011058071395382285,0.0
902,adam,0.0005,0.049987851874902844,0.048882335890084505,2.1608724198843707e-10,0.0011055155337089673,0.0,2.0710525512695312,2.0702202320098877,5.992242257946145e-10,0.0008323006913997233,0.0
903,adam,0.0005,0.05178210977464914,0.05099543742835522,2.047275726816324e-10,0.0007866719024605118,0.0,2.117680072784424,2.1170878410339355,5.992242257946145e-10,0.0005923252901993692,0.0
904,adam,0.0005,0.04990106332115829,0.04911094409180805,2.128996513538385e-10,0.0007901195749582257,0.0,2.057344913482666,2.0566344261169434,5.992242257946145e-10,0.0007104155956767499,0.0
905,adam,0.0005,0.04845009814016521,0.04754689789842814,2.047253789437992e-10,0.0009032005800690968,0.0,2.0725929737091064,2.0718541145324707,5.992242257946145e-10,0.0007388383382931352,0.0
906,adam,0.0005,0.051250430929940194,0.05042154371039942,2.2154082813216395e-10,0.0008288871613331139,0.0,2.0597057342529297,2.059084177017212,5.992242257946145e-10,0.0006215974572114646,0.0
907,adam,0.0005,0.04412551043787971,0.04350268444977701,2.2218825256845194e-10,0.000622826351900585,0.0,2.046868324279785,2.046201467514038,5.992242257946145e-10,0.0006668719579465687,0.0
908,adam,0.0005,0.025655132834799588,0.025161088909953833,2.0472538146326066e-10,0.0004940439794154372,0.0,2.053804636001587,2.053360939025879,5.992242257946145e-10,0.00044358131708577275,0.0
909,adam,0.0005,0.02209305830183439,0.021652070165146142,2.0476196753663454e-10,0.0004409882185427705,0.0,2.0515072345733643,2.051107406616211,5.992242257946145e-10,0.00039993776590563357,0.0
910,adam,0.0005,0.018843324767658487,0.018433213495882228,2.0480029668433755e-10,0.000410111308156047,0.0,2.049837350845337,2.049374580383301,5.992242257946145e-10,0.0004627211601473391,0.0
911,adam,0.0005,0.011763729504309595,0.011445736541645601,2.047324035811576e-10,0.00031799272073840257,0.0,2.0520572662353516,2.0518064498901367,5.992242257946145e-10,0.000250699813477695,0.0
912,adam,0.0005,0.01044993323739618,0.010182223311858252,2.3241842202179723e-10,0.0002677096999832429,0.0,2.0508275032043457,2.050588369369507,5.992242257946145e-10,0.00023916226928122342,0.0
913,adam,0.0005,0.008306996489409357,0.008090022587566637,2.0473172266365329e-10,0.00021697382089769235,0.0,2.048825740814209,2.0486178398132324,5.992242257946145e-10,0.00020785327069461346,0.0
914,adam,0.0005,0.008039739477680996,0.00784288339491468,2.0512175340650756e-10,0.00019685591996676521,0.0,2.0546748638153076,2.0544776916503906,5.992242257946145e-10,0.00019723641162272543,0.0
915,adam,0.0005,0.008492000721162185,0.008284929353976622,2.057409017206999e-10,0.00020707117892015958,0.0,2.0428624153137207,2.042665958404541,5.992242257946145e-10,0.00019651030015666038,0.0
916,adam,0.0005,0.008349494411959313,0.00814910109329503,2.0749070891096434e-10,0.0002003931294893846,0.0,2.0472209453582764,2.0470163822174072,5.992242257946145e-10,0.00020450942975003272,0.0
917,adam,0.0005,0.0067704818793572485,0.0065892419224837795,2.0472537819057847e-10,0.00018123978315998102,0.0,2.0431747436523438,2.042973279953003,5.992242257946145e-10,0.00020139224943704903,0.0
918,adam,0.0005,0.006402767787221819,0.00624165365297813,2.0472537800632233e-10,0.00016111385502881603,0.0,2.0495712757110596,2.04940128326416,5.992242257946145e-10,0.00016999620129354298,0.0
919,adam,0.0005,0.006627170179854147,0.006442930520279333,2.0472537804202345e-10,0.00018423940855427645,0.0,2.0443248748779297,2.044093608856201,5.992242257946145e-10,0.00023114681243896484,0.0
920,adam,0.0005,0.006410445450455882,0.006235349050257355,2.0510450355745838e-10,0.00017509613826405257,0.0,2.0475122928619385,2.0473339557647705,5.992242257946145e-10,0.00017835269682109356,0.0
921,adam,0.0005,0.00574117100040894,0.005565463347011246,2.3126023508485984e-10,0.00017570744057593402,0.0,2.049546480178833,2.0493853092193604,5.992242257946145e-10,0.0001610806939424947,0.0
922,adam,0.0005,0.005260134188574739,0.00511507733608596,2.085441849070399e-10,0.0001450566842322587,0.0,2.046443462371826,2.046297073364258,5.992242257946145e-10,0.00014641961024608463,0.0
923,adam,0.0005,0.005089349637273699,0.004948491608956829,2.0472537696271984e-10,0.00014085778866501641,0.0,2.0454914569854736,2.0453357696533203,5.992242257946145e-10,0.0001556130446260795,0.0
924,adam,0.0005,0.005016378752770834,0.004868136587901972,2.0484775209719844e-10,0.00014824208119534887,0.0,2.0438344478607178,2.0436861515045166,5.992242257946145e-10,0.0001483563828514889,0.0
925,adam,0.0005,0.005114477113238536,0.004974633236997761,2.0472537222502964e-10,0.00013984377301312634,0.0,2.051952838897705,2.051797389984131,5.992242257946145e-10,0.00015550009266007692,0.0
926,adam,0.0005,0.005405318341217935,0.005272028429317288,2.060836872157819e-10,0.00013328964678294142,0.0,2.0416290760040283,2.0414774417877197,5.992242257946145e-10,0.00015159866597969085,0.0
927,adam,0.0005,0.004973276576492935,0.004841172471060418,2.086861962265357e-10,0.00013210395263740793,0.0,2.0468692779541016,2.0467281341552734,5.992242257946145e-10,0.00014115234080236405,0.0
928,adam,0.0005,0.005017065006541088,0.004887030067038722,2.0472938185073815e-10,0.000130034743961005,0.0,2.04571795463562,2.0455751419067383,5.992242257946145e-10,0.00014284065400715917,0.0
929,adam,0.0005,0.004778981747222133,0.004646957371733151,2.3231265867390815e-10,0.00013202412401369656,0.0,2.048222064971924,2.048074245452881,5.992242257946145e-10,0.00014785087842028588,0.0
930,adam,0.0005,0.004641799445380457,0.004516739747487009,2.057409172668862e-10,0.00012505952236097073,0.0,2.0472614765167236,2.0471243858337402,5.992242257946145e-10,0.00013704804587177932,0.0
931,adam,0.0005,0.0047582164843333885,0.004633957825717516,2.047255408834789e-10,0.00012425847626218456,0.0,2.043768882751465,2.043628692626953,5.992242257946145e-10,0.00014026561984792352,0.0
932,adam,0.0005,0.00471605293569155,0.004591890057781711,2.0506715006551096e-10,0.00012416273511917097,0.0,2.0489161014556885,2.0487778186798096,5.992242257946145e-10,0.0001383888302370906,0.0
933,adam,0.0005,0.004615050376742147,0.004483206532313488,2.0898389248796448e-10,0.00013184366889618104,0.0,2.047360420227051,2.047208309173584,5.992242257946145e-10,0.00015220568457152694,0.0
934,adam,0.0005,0.0044671291834674776,0.004339826482464559,2.0520401027977022e-10,0.00012730256639770232,0.0,2.0464603900909424,2.0463297367095947,5.992242257946145e-10,0.0001305726618738845,0.0
935,adam,0.0005,0.004538040026091039,0.004412526614032686,2.047253860036236e-10,0.00012551325698950677,0.0,2.0494284629821777,2.0492942333221436,5.992242257946145e-10,0.00013419243623502553,0.0
936,adam,0.0005,0.0045970912324264646,0.004481621188460849,2.1608768082035165e-10,0.00011546987843757961,0.0,2.045931100845337,2.0457961559295654,5.992242257946145e-10,0.0001350628153886646,0.0
937,adam,0.0005,0.004624933746526949,0.004502072319155559,2.0868654565436092e-10,0.00012286121273064055,0.0,2.0473620891571045,2.047236442565918,5.992242257946145e-10,0.00012568103556986898,0.0
938,adam,0.0005,0.00450923087191768,0.004390317604702432,2.0473228001154434e-10,0.00011891306940015056,0.0,2.04744291305542,2.04730486869812,5.992242257946145e-10,0.00013805121125187725,0.0
939,adam,0.0005,0.0046882266469765455,0.004567099138512276,2.1608811165607337e-10,0.00012112741751479916,0.0,2.0505635738372803,2.0504393577575684,5.992242257946145e-10,0.00012422914733178914,0.0
940,adam,0.0005,0.005080460716271773,0.004962796752806753,2.0512035459649906e-10,0.00011766375246224925,0.0,2.045363187789917,2.045226573944092,5.992242257946145e-10,0.00013665651204064488,0.0
941,adam,0.0005,0.005535003961995244,0.005393797167926095,2.224105759465031e-10,0.0001412066189914185,0.0,2.047516345977783,2.047370672225952,5.992242257946145e-10,0.0001457118196412921,0.0
942,adam,0.0005,0.006219126618816517,0.006071505442378111,2.047262461524393e-10,0.0001476209126849426,0.0,2.048105001449585,2.0479471683502197,5.992242257946145e-10,0.00015789638564456254,0.0
943,adam,0.0005,0.007293586066225544,0.007140262212487869,2.0900901479044428e-10,0.00015332360817410517,0.0,2.040743350982666,2.0405406951904297,5.992242257946145e-10,0.0002027301088673994,0.0
944,adam,0.0005,0.007564431318314746,0.00740252374089323,2.047283647224644e-10,0.00016190731957976823,0.0,2.0461509227752686,2.045987367630005,5.992242257946145e-10,0.00016349782526958734,0.0
945,adam,0.0005,0.008535210494301282,0.008375495381187648,2.047253756998301e-10,0.00015971502625689027,0.0,2.043627977371216,2.0434775352478027,5.992242257946145e-10,0.000150407780893147,0.0
946,adam,0.0005,0.008308807693538256,0.008164584694895893,2.093347702720383e-10,0.00014422279582504416,0.0,2.0528745651245117,2.0527255535125732,5.992242257946145e-10,0.00014904960698913783,0.0
947,adam,0.0005,0.008931636592024006,0.00876812616479583,2.375206420588267e-10,0.00016351004433090566,0.0,2.045804500579834,2.045612096786499,5.992242257946145e-10,0.00019234463979955763,0.0
948,adam,0.0005,0.008031750854570419,0.007852642796933651,2.0487765475118057e-10,0.00017910775113705313,0.0,2.0518925189971924,2.0517101287841797,5.992242257946145e-10,0.0001823746570153162,0.0
949,adam,0.0005,0.005866542531293817,0.0057221752213081345,2.0479384710858237e-10,0.0001443670689695864,0.0,2.0497920513153076,2.0496628284454346,5.992242257946145e-10,0.00012929724471177906,0.0
950,adam,0.0005,0.004864027141593397,0.0047427771060029045,2.171218918621363e-10,0.00012124988234063494,0.0,2.040400743484497,2.0402703285217285,5.992242257946145e-10,0.0001303855678997934,0.0
951,adam,0.0005,0.004307924835302401,0.004196107722236775,2.047263002257521e-10,0.00011181689387740334,0.0,2.0460617542266846,2.0459392070770264,5.992242257946145e-10,0.00012247718404978514,0.0
952,adam,0.0005,0.004228005520417355,0.004119980905670673,2.0472538835115226e-10,0.00010802436463563936,0.0,2.043285608291626,2.0431621074676514,5.992242257946145e-10,0.00012346042785793543,0.0
953,adam,0.0005,0.004295663173252251,0.004181486991001293,2.0472537578717542e-10,0.00011417599444030202,0.0,2.053798198699951,2.0536694526672363,5.992242257946145e-10,0.00012868133489973843,0.0
954,adam,0.0005,0.004449841915629804,0.004334159864811227,2.0491713675469773e-10,0.00011568187437660526,0.0,2.042283773422241,2.0421645641326904,5.992242257946145e-10,0.00011929977335967124,0.0
955,adam,0.0005,0.00472243782132864,0.004607027338352054,2.047597492591071e-10,0.00011541026333361515,0.0,2.053403854370117,2.0532522201538086,5.992242257946145e-10,0.0001516510674264282,0.0
956,adam,0.0005,0.0051283078792039305,0.00499493267852813,2.0574091551579116e-10,0.00013337505242816405,0.0,2.041904926300049,2.0417673587799072,5.992242257946145e-10,0.00013762127491645515,0.0
957,adam,0.0005,0.005199364561121911,0.0050456177414162084,2.047253678826474e-10,0.00015374664417322492,0.0,2.048659324645996,2.048527240753174,5.992242257946145e-10,0.00013214419595897198,0.0
958,adam,0.0005,0.0064055825205286965,0.006279770022956654,2.0472563955920413e-10,0.000125812392525404,0.0,2.0425870418548584,2.0424137115478516,5.992242257946145e-10,0.0001734250836307183,0.0
959,adam,0.0005,0.00804500731464941,0.007868246117141098,2.0511580156508995e-10,0.0001767610174283618,0.0,2.0468873977661133,2.0466907024383545,5.992242257946145e-10,0.000196684108232148,0.0
960,adam,0.0005,0.011418011898058467,0.011186389412614517,2.0507070809393108e-10,0.0002316224799869815,0.0,2.0485458374023438,2.0483038425445557,5.992242257946145e-10,0.0002421030803816393,0.0
961,adam,0.0005,0.011988451646175236,0.011787919778726064,2.0472700593388916e-10,0.00020053159914823482,0.0,2.0569164752960205,2.0566606521606445,5.992242257946145e-10,0.00025584883405826986,0.0
962,adam,0.0005,0.012489722721511498,0.012249032370164059,2.0472576096701726e-10,0.00024069038227025885,0.0,2.0384302139282227,2.0382375717163086,5.992242257946145e-10,0.0001927467092173174,0.0
963,adam,0.0005,0.01198345993179828,0.011792647143010981,2.220689343269142e-10,0.0001908124841065728,0.0,2.0535292625427246,2.0531604290008545,5.992242257946145e-10,0.0003688563301693648,0.0
964,adam,0.0005,0.016080934583442286,0.01578746596351266,2.2640734383789634e-10,0.00029346825431275647,0.0,2.037994623184204,2.0377423763275146,5.992242257946145e-10,0.0002522093418519944,0.0
965,adam,0.0005,0.014216972893336788,0.013817325729178265,2.0473123929405813e-10,0.0003996470277343178,0.0,2.0512020587921143,2.0508618354797363,5.992242257946145e-10,0.0003402789880055934,0.0
966,adam,0.0005,0.0173757724405732,0.017060662677977234,2.0511572932865444e-10,0.0003151095861539943,0.0,2.0527353286743164,2.0524678230285645,5.992242257946145e-10,0.0002673921117093414,0.0
967,adam,0.0005,0.015761569229653105,0.015477392851607874,2.3777376906481745e-10,0.00028417615067155566,0.0,2.0507545471191406,2.050424814224243,5.992242257946145e-10,0.00032962008845061064,0.0
968,adam,0.0005,0.016358852677512914,0.016051947080995888,2.128996557321518e-10,0.00030690555013279663,0.0,2.0495660305023193,2.049226760864258,5.992242257946145e-10,0.0003393305232748389,0.0
969,adam,0.0005,0.03388229082338512,0.03355671069584787,2.0472538596127858e-10,0.000325580364005873,0.0,2.099243640899658,2.098794460296631,5.992242257946145e-10,0.00044926328700967133,0.0
970,adam,0.0005,0.09511946706334129,0.09442595718428493,2.087052127626002e-10,0.0006935078145033913,0.0,2.0150840282440186,2.013895034790039,5.992242257946145e-10,0.001188901485875249,0.0
971,adam,0.0005,0.10886467003729194,0.10735435085371137,2.2742233683653637e-10,0.0015103196346899495,0.0,2.0108323097229004,2.009652853012085,5.992242257946145e-10,0.001179358339868486,0.0
972,adam,0.0005,0.08232535258866847,0.08115283050574362,2.0507069793353265e-10,0.0011725216318154708,0.0,2.0141773223876953,2.013009548187256,5.992242257946145e-10,0.0011677969014272094,0.0
973,adam,0.0005,0.11359271104447544,0.11202832590788603,2.1643571865397003e-10,0.0015643841688870452,0.0,2.058156967163086,2.0569851398468018,5.992242257946145e-10,0.0011719005415216088,0.0
974,adam,0.0005,0.12652955716475844,0.12459794734604657,2.0507081938873992e-10,0.0019316092984809075,0.0,2.106384038925171,2.1037166118621826,5.992242257946145e-10,0.0026675218250602484,0.0
975,adam,0.0005,0.19700954644940794,0.19458197429776192,2.1608724586127685e-10,0.002427568644634448,0.0,2.068464994430542,2.0663857460021973,5.992242257946145e-10,0.002079150639474392,0.0
976,adam,0.0005,0.24485629820264876,0.24267037375830114,2.0487763447913278e-10,0.0021859218468307517,0.0,1.9788968563079834,1.9745663404464722,5.992242257946145e-10,0.004330573603510857,0.0
977,adam,0.0005,0.21018768846988678,0.20680666994303465,2.0472593452478284e-10,0.003381018352229148,0.0,2.071178674697876,2.0685646533966064,5.992242257946145e-10,0.0026139146648347378,0.0
978,adam,0.0005,0.15637313621118665,0.15432427218183875,2.0472548006391263e-10,0.002048863527306821,0.0,2.046055316925049,2.044480562210083,5.992242257946145e-10,0.001574772410094738,0.0
979,adam,0.0005,0.090778584824875,0.08877444732934237,2.0587489609684255e-10,0.0020041370298713446,0.0,2.0881290435791016,2.0859785079956055,5.992242257946145e-10,0.002150517189875245,0.0
980,adam,0.0005,0.08519685827195644,0.08343524509109557,2.071884436198909e-10,0.0017616118020669091,0.0,2.080057382583618,2.078927993774414,5.992242257946145e-10,0.0011294553987681866,0.0
981,adam,0.0005,0.14830810099374503,0.14701791608240455,2.071869375227835e-10,0.0012901839982077945,0.0,2.154796600341797,2.153729200363159,5.992242257946145e-10,0.0010674267541617155,0.0
982,adam,0.0005,0.13637478509917855,0.13532694522291422,2.436744986290731e-10,0.0010478403492015786,0.0,2.116349220275879,2.11456561088562,5.992242257946145e-10,0.0017836057813838124,0.0
983,adam,0.0005,0.09338013536762446,0.09227153530810028,2.0749756252643815e-10,0.001108598069549771,0.0,2.041578531265259,2.040625810623169,5.992242257946145e-10,0.0009527583606541157,0.0
984,adam,0.0005,0.06141665927134454,0.06041106302291155,2.0472537733467318e-10,0.0010055968232336454,0.0,2.1172382831573486,2.1161842346191406,5.992242257946145e-10,0.0010541253723204136,0.0
985,adam,0.0005,0.07512697763741016,0.07394223741721362,2.2098480200840205e-10,0.0011847396235680208,0.0,2.0465471744537354,2.04522705078125,5.992242257946145e-10,0.0013200660469010472,0.0
986,adam,0.0005,0.0914522756356746,0.08998976007569581,2.047255675186086e-10,0.0014625157782575116,0.0,2.054448366165161,2.053497791290283,5.992242257946145e-10,0.0009506147471256554,0.0
987,adam,0.0005,0.06591599946841598,0.0650314356898889,2.0472538103538329e-10,0.00088456323283026,0.0,2.0755138397216797,2.074784755706787,5.992242257946145e-10,0.0007291566580533981,0.0
988,adam,0.0005,0.05800333968363702,0.05737034068442881,2.0472537624915083e-10,0.0006329985244519776,0.0,2.0765295028686523,2.07551646232605,5.992242257946145e-10,0.0010131567250937223,0.0
989,adam,0.0005,0.04035457503050566,0.039107471937313676,2.0626227284850899e-10,0.0012471028858271893,0.0,2.109576940536499,2.10853910446167,5.992242257946145e-10,0.0010377176804468036,0.0
990,adam,0.0005,0.06081076670670882,0.06016441679093987,2.0472543981119967e-10,0.0006463492354669143,0.0,2.1302013397216797,2.1297149658203125,5.992242257946145e-10,0.0004864305374212563,0.0
991,adam,0.0005,0.05391705466900021,0.053354897536337376,2.220689069566327e-10,0.0005621566670015454,0.0,2.1033778190612793,2.1028857231140137,5.992242257946145e-10,0.0004920612554997206,0.0
992,adam,0.0005,0.08344823814695701,0.08269285433925688,2.264052309852543e-10,0.0007553836148872506,0.0,2.0732920169830322,2.0722057819366455,5.992242257946145e-10,0.0010862562339752913,0.0
993,adam,0.0005,0.05278253217693418,0.051900748861953616,2.0472537477452271e-10,0.0008817837333481293,0.0,2.077113151550293,2.0764284133911133,5.992242257946145e-10,0.000684634258504957,0.0
994,adam,0.0005,0.03201440011616796,0.03138086764374748,2.0587578639316226e-10,0.0006335322141239885,0.0,2.0476343631744385,2.047062873840332,5.992242257946145e-10,0.0005714692524634302,0.0
995,adam,0.0005,0.024465921567752957,0.02392880094703287,2.2584967756629756e-10,0.0005371205679693958,0.0,2.066649913787842,2.0661535263061523,5.992242257946145e-10,0.0004962850944139063,0.0
996,adam,0.0005,0.02587111631873995,0.025410333008039743,2.04725381474775e-10,0.00046078321247478016,0.0,2.0643410682678223,2.0637905597686768,5.992242257946145e-10,0.000550459255464375,0.0
997,adam,0.0005,0.026533378986641765,0.0260390495241154,2.268291954378519e-10,0.0004943290514347609,0.0,2.052602767944336,2.0521631240844727,5.992242257946145e-10,0.0004395573341753334,0.0
998,adam,0.0005,0.02552931703394279,0.025121003709500656,2.2207288197731968e-10,0.00040831320075085387,0.0,2.068072557449341,2.067607879638672,5.992242257946145e-10,0.00046468517393805087,0.0
999,adam,0.0005,0.017158389324322343,0.016746997251175344,2.0484475865375197e-10,0.00041139189124805853,0.0,2.041445255279541,2.041186809539795,5.992242257946145e-10,0.0002584161120466888,0.0
1000,adam,0.00025,0.01691883464809507,0.016593792592175305,2.0472537825596378e-10,0.0003250416448281612,0.0,2.063769817352295,2.063469171524048,5.992242257946145e-10,0.00030057027470320463,0.0
1001,adam,0.00025,0.010107178066391498,0.009833152027567849,2.0472584103098019e-10,0.00027402596606407315,0.0,2.055422306060791,2.055213451385498,5.992242257946145e-10,0.00020879789371974766,0.0
1002,adam,0.00025,0.007705933356191963,0.007497874350519851,2.1710678061472012e-10,0.00020805881467822473,0.0,2.0542213916778564,2.054002046585083,5.992242257946145e-10,0.00021925084001850337,0.0
1003,adam,0.00025,0.006493050896096975,0.00629822927294299,2.0479067579302124e-10,0.00019482140396576142,0.0,2.0589547157287598,2.0587611198425293,5.992242257946145e-10,0.0001936122280312702,0.0
1004,adam,0.00025,0.00649111662642099,0.006306436785962433,2.0869523006772496e-10,0.00018467966947355308,0.0,2.0557701587677,2.05558180809021,5.992242257946145e-10,0.00018824134895112365,0.0
1005,adam,0.00025,0.005974962463369593,0.005795815697638318,2.0610073037973265e-10,0.00017914656018547248,0.0,2.0582985877990723,2.0581114292144775,5.992242257946145e-10,0.00018716935301199555,0.0
1006,adam,0.00025,0.005836573691340163,0.0056618882226757705,2.2052080427103648e-10,0.0001746852540236432,0.0,2.058699607849121,2.058516263961792,5.992242257946145e-10,0.00018323893891647458,0.0
1007,adam,0.00025,0.005778952603577636,0.005607972168945707,2.3231955643987253e-10,0.00017098024909500964,0.0,2.058321952819824,2.058138370513916,5.992242257946145e-10,0.00018369605822954327,0.0
1008,adam,0.00025,0.005637074675178155,0.005468119692523032,2.0472540832207157e-10,0.00016895481803658186,0.0,2.058887004852295,2.058706521987915,5.992242257946145e-10,0.00018043516320176423,0.0
1009,adam,0.00025,0.005556036747293547,0.005388435849454254,2.047254269349423e-10,0.00016760068683652207,0.0,2.0590381622314453,2.0588605403900146,5.992242257946145e-10,0.00017761562776286155,0.0
1010,adam,0.00025,0.005518372097867541,0.005353444386855699,2.0473241628601654e-10,0.00016492753638885915,0.0,2.059082269668579,2.0589077472686768,5.992242257946145e-10,0.00017446927085984498,0.0
1011,adam,0.00025,0.005423639406217262,0.005262021426460706,2.0502587534538636e-10,0.00016161772236955585,0.0,2.0596423149108887,2.059469223022461,5.992242257946145e-10,0.0001731483789626509,0.0
1012,adam,0.00025,0.0053419277392094955,0.005182559514651075,2.2700883897882385e-10,0.00015936798718030332,0.0,2.0593576431274414,2.0591816902160645,5.992242257946145e-10,0.00017591184587217867,0.0
1013,adam,0.00025,0.005394033112679608,0.005236321478150785,2.0512305907250657e-10,0.0001577114262545365,0.0,2.0597569942474365,2.059587240219116,5.992242257946145e-10,0.0001696915423963219,0.0
1014,adam,0.00025,0.00537155031634029,0.005216509671299718,2.0956538333822367e-10,0.00015504047769354656,0.0,2.0597758293151855,2.059607744216919,5.992242257946145e-10,0.00016807325300760567,0.0
1015,adam,0.00025,0.00520516125834547,0.005051533487858251,2.0473591947108488e-10,0.00015362758313131053,0.0,2.060789108276367,2.0606205463409424,5.992242257946145e-10,0.00016855406283866614,0.0
1016,adam,0.00025,0.005108300218125805,0.004954424250172451,2.0472540805285406e-10,0.00015387583698611706,0.0,2.060269594192505,2.0600998401641846,5.992242257946145e-10,0.00016975075413938612,0.0
1017,adam,0.00025,0.0050487306725699455,0.00489845582342241,2.047253762267756e-10,0.0001502746608821326,0.0,2.0603716373443604,2.060209274291992,5.992242257946145e-10,0.00016234836948569864,0.0
1018,adam,0.00025,0.004990160989109427,0.0048412660689791664,2.2906452580878022e-10,0.00014889473368384643,0.0,2.0602688789367676,2.0601069927215576,5.992242257946145e-10,0.00016193834017030895,0.0
1019,adam,0.00025,0.004937976133078337,0.004790085484273732,2.0764121296123104e-10,0.00014789043279961334,0.0,2.0609068870544434,2.0607447624206543,5.992242257946145e-10,0.00016202176630031317,0.0
1020,adam,0.00025,0.004918160877423361,0.004771805164637044,2.0606927753704614e-10,0.0001463555736336275,0.0,2.0608632564544678,2.0607001781463623,5.992242257946145e-10,0.00016300281276926398,0.0
1021,adam,0.00025,0.0048777459596749395,0.004731224486022256,2.0590893347915035e-10,0.0001465213272240362,0.0,2.0608572959899902,2.060698986053467,5.992242257946145e-10,0.00015840775449760258,0.0
1022,adam,0.00025,0.004806740471394733,0.004662042279960588,2.2206893149812855e-10,0.00014469798543359502,0.0,2.0611138343811035,2.0609545707702637,5.992242257946145e-10,0.00015936334966681898,0.0
1023,adam,0.00025,0.00476451896247454,0.004621892163413577,2.0472583931174815e-10,0.00014262661989050684,0.0,2.0608057975769043,2.0606486797332764,5.992242257946145e-10,0.0001570410095155239,0.0
1024,adam,0.00025,0.00471493681834545,0.0045743682712782174,2.3627628277612433e-10,0.0001405683055963891,0.0,2.0604376792907715,2.060284376144409,5.992242257946145e-10,0.00015338762023020536,0.0
1025,adam,0.00025,0.00470976548967883,0.004571250261506066,2.0512000049497434e-10,0.00013851501080353046,0.0,2.0615174770355225,2.0613646507263184,5.992242257946145e-10,0.00015292904572561383,0.0
1026,adam,0.00025,0.004636169018340297,0.004498203852563165,2.405321080726211e-10,0.0001379649538648664,0.0,2.0611305236816406,2.0609779357910156,5.992242257946145e-10,0.00015264430840034038,0.0
1027,adam,0.00025,0.004588942581904121,0.00445386664068792,2.0472539164467113e-10,0.00013507574067261885,0.0,2.0612480640411377,2.06109619140625,5.992242257946145e-10,0.0001519642537459731,0.0
1028,adam,0.00025,0.004569644472212531,0.004433396868989803,2.0474016579849778e-10,0.00013624744633489172,0.0,2.061483383178711,2.061333656311035,5.992242257946145e-10,0.00014964683214202523,0.0
1029,adam,0.00025,0.004515851818723604,0.00438158109318465,2.0472582851786833e-10,0.00013427052817860385,0.0,2.0614514350891113,2.061302423477173,5.992242257946145e-10,0.0001490387658122927,0.0
1030,adam,0.00025,0.004475076231756248,0.004341870910138823,2.0539374773076545e-10,0.0001332050910605176,0.0,2.0619306564331055,2.061779022216797,5.992242257946145e-10,0.00015158126188907772,0.0
1031,adam,0.00025,0.004447159633855335,0.004314191421144642,2.047253757067652e-10,0.00013296810402607662,0.0,2.062082529067993,2.061933755874634,5.992242257946145e-10,0.00014877419744152576,0.0
1032,adam,0.00025,0.00440253947454039,0.004272703037713654,2.060943233654061e-10,0.00012983620899831294,0.0,2.0615193843841553,2.061372756958008,5.992242257946145e-10,0.00014667226059827954,0.0
1033,adam,0.00025,0.004397371769300662,0.004268922450137325,2.0474183674886316e-10,0.00012844912771470263,0.0,2.0620102882385254,2.061864137649536,5.992242257946145e-10,0.00014605402247980237,0.0
1034,adam,0.00025,0.004345385066699237,0.004218171525280923,2.2206885382977333e-10,0.00012721335497190012,0.0,2.0620265007019043,2.0618813037872314,5.992242257946145e-10,0.0001452442375011742,0.0
1035,adam,0.00025,0.00431631421088241,0.004187992060906254,2.0558815433613592e-10,0.00012832197717216332,0.0,2.0620646476745605,2.0619213581085205,5.992242257946145e-10,0.0001434056757716462,0.0
1036,adam,0.00025,0.00428141446900554,0.004156372204306535,2.2218841797362632e-10,0.00012504209871622152,0.0,2.061877727508545,2.061737060546875,5.992242257946145e-10,0.00014060745888855308,0.0
1037,adam,0.00025,0.004294093116186559,0.004167855004197918,2.0472576938189255e-10,0.00012623788643395528,0.0,2.0620224475860596,2.0618817806243896,5.992242257946145e-10,0.00014074600767344236,0.0
1038,adam,0.00025,0.004355332057457417,0.004231014565448277,2.047253918518898e-10,0.00012431740651663858,0.0,2.061336040496826,2.061194658279419,5.992242257946145e-10,0.0001413988065905869,0.0
1039,adam,0.00025,0.004207134639727883,0.004077998251887038,2.0868841262656167e-10,0.00012913622549604042,0.0,2.0625710487365723,2.0624258518218994,5.992242257946145e-10,0.00014519476098939776,0.0
1040,adam,0.00025,0.004164227648288943,0.004041520383907482,2.2659944619094066e-10,0.00012270705519767944,0.0,2.062253952026367,2.0621132850646973,5.992242257946145e-10,0.00014057575026527047,0.0
1041,adam,0.00025,0.004160354728810489,0.00403810890566092,2.0473453171170644e-10,0.00012224561714901938,0.0,2.0629096031188965,2.0627713203430176,5.992242257946145e-10,0.00013822747860103846,0.0
1042,adam,0.00025,0.0040980865160236135,0.0039774967153789476,2.0749065590703063e-10,0.00012058961374350474,0.0,2.0626189708709717,2.0624828338623047,5.992242257946145e-10,0.00013608441804535687,0.0
1043,adam,0.00025,0.004083847001311369,0.003963684095651843,2.0483150035708236e-10,0.0001201627360387647,0.0,2.0622634887695312,2.0621280670166016,5.992242257946145e-10,0.00013537509948946536,0.0
1044,adam,0.00025,0.004093060997547582,0.003972525970311835,2.0608742770402578e-10,0.00012053483851559577,0.0,2.0626726150512695,2.0625362396240234,5.992242257946145e-10,0.0001363290211884305,0.0
1045,adam,0.00025,0.004034539218991995,0.0039163940091384575,2.0472537210124372e-10,0.0001181449606519891,0.0,2.0623912811279297,2.062256336212158,5.992242257946145e-10,0.0001349398953607306,0.0
1046,adam,0.00025,0.004008467964013107,0.00389169724076055,2.3231266346896166e-10,0.00011677055817926885,0.0,2.062613010406494,2.0624754428863525,5.992242257946145e-10,0.0001376725995214656,0.0
1047,adam,0.00025,0.004072216353961267,0.003954214611439966,2.0752907806758206e-10,0.00011800151469287812,0.0,2.0623726844787598,2.062241554260254,5.992242257946145e-10,0.00013112995657138526,0.0
1048,adam,0.00025,0.004022755878395401,0.003907239675754681,2.0755043965761926e-10,0.00011551608395166113,0.0,2.063013792037964,2.0628817081451416,5.992242257946145e-10,0.00013210864563006908,0.0
1049,adam,0.00025,0.00393022334901616,0.0038144579593790695,2.0472614167346635e-10,0.00011576519773370819,0.0,2.0624778270721436,2.062344789505005,5.992242257946145e-10,0.0001329964434262365,0.0
1050,adam,0.00025,0.003903364500729367,0.003790035509155132,2.1329147057407733e-10,0.00011332877511449624,0.0,2.0627312660217285,2.0626025199890137,5.992242257946145e-10,0.000128821877297014,0.0
1051,adam,0.00025,0.003919539987691678,0.003806535831245128,2.0472540577754159e-10,0.000113003930891864,0.0,2.062819480895996,2.0626912117004395,5.992242257946145e-10,0.00012834723747801036,0.0
1052,adam,0.00025,0.003867368111968972,0.0037559698102995753,2.0749066888873699e-10,0.00011139809566884651,0.0,2.062195062637329,2.0620675086975098,5.992242257946145e-10,0.00012755404168274254,0.0
1053,adam,0.00025,0.0038435956957982853,0.0037322338321246207,2.0472720484381076e-10,0.00011136158309454913,0.0,2.0627965927124023,2.0626697540283203,5.992242257946145e-10,0.00012675608741119504,0.0
1054,adam,0.00025,0.003825231033260934,0.0037140361819183454,2.202106394977574e-10,0.00011119460123154568,0.0,2.0631165504455566,2.062990427017212,5.992242257946145e-10,0.00012606213567778468,0.0
1055,adam,0.00025,0.003793251504248474,0.0036827316362177953,2.4966535721027924e-10,0.00011051958063035272,0.0,2.0623691082000732,2.0622408390045166,5.992242257946145e-10,0.00012838262773584574,0.0
1056,adam,0.00025,0.0038130573157104664,0.003701765868754592,2.089907845002789e-10,0.00011129132872156333,0.0,2.062929391860962,2.0627989768981934,5.992242257946145e-10,0.00013041454076301306,0.0
1057,adam,0.00025,0.0037514769210247323,0.003642781768576242,2.064234779967075e-10,0.00010869493735299329,0.0,2.0622904300689697,2.0621650218963623,5.992242257946145e-10,0.00012538800365291536,0.0
1058,adam,0.00025,0.0038400694029405713,0.0037310117186279967,2.0476857126895663e-10,0.00010905757699219976,0.0,2.0624446868896484,2.0623221397399902,5.992242257946145e-10,0.00012253591557964683,0.0
1059,adam,0.00025,0.00371448538498953,0.0036081696234759875,2.0491985953754725e-10,0.0001063155641531921,0.0,2.063075542449951,2.0629513263702393,5.992242257946145e-10,0.0001243142905877903,0.0
1060,adam,0.00025,0.0036978697680751793,0.0035874407622031868,2.0472538422921862e-10,0.00011042881624234724,0.0,2.0625832080841064,2.0624606609344482,5.992242257946145e-10,0.00012247523409314454,0.0
1061,adam,0.00025,0.0036800082234549336,0.003572756191715598,2.721562868900336e-10,0.00010725173569881008,0.0,2.0630037784576416,2.062880039215088,5.992242257946145e-10,0.0001236496027559042,0.0
1062,adam,0.00025,0.004397286204039119,0.0042914245641441084,2.0472544472381872e-10,0.00010586145890556509,0.0,2.0630059242248535,2.062883138656616,5.992242257946145e-10,0.00012287548452150077,0.0
1063,adam,0.00025,0.003646180783107411,0.0035413111254456453,2.0472576039122015e-10,0.00010486948167454102,0.0,2.063343048095703,2.0632219314575195,5.992242257946145e-10,0.00012117535516154021,0.0
1064,adam,0.00025,0.0036726546532008797,0.0035684408867382444,2.436752777163394e-10,0.00010421350179967703,0.0,2.0624921321868896,2.062373638153076,5.992242257946145e-10,0.00011844928667414933,0.0
1065,adam,0.00025,0.003603404125897214,0.003499763974105008,2.0607119772625903e-10,0.00010363995806983439,0.0,2.0631768703460693,2.063058853149414,5.992242257946145e-10,0.00011811575677711517,0.0
1066,adam,0.00025,0.003588276063965168,0.00348575060343137,2.0472829834409552e-10,0.00010252530091747758,0.0,2.0625054836273193,2.062386989593506,5.992242257946145e-10,0.00011859071673825383,0.0
1067,adam,0.00025,0.0035704410838661715,0.003468124989012722,2.091960464997282e-10,0.00010231587430098443,0.0,2.0630836486816406,2.062964916229248,5.992242257946145e-10,0.00011881409591296688,0.0
1068,adam,0.00025,0.0035553032575990073,0.003451752520049922,2.051391289623036e-10,0.0001035505251820723,0.0,2.062821388244629,2.06270170211792,5.992242257946145e-10,0.00011976019595749676,0.0
1069,adam,0.00025,0.0035275659392937087,0.003426180890528485,2.0506859465138353e-10,0.00010138487095900928,0.0,2.0626108646392822,2.0624916553497314,5.992242257946145e-10,0.00011929107131436467,0.0
1070,adam,0.00025,0.0035186509339837357,0.003415989820496179,2.280436455972802e-10,0.00010266087429045001,0.0,2.0629847049713135,2.062869071960449,5.992242257946145e-10,0.00011559369158931077,0.0
1071,adam,0.00025,0.003500648010231089,0.0034003513501374982,2.3231330537991716e-10,0.00010029647683040821,0.0,2.062662363052368,2.062547445297241,5.992242257946145e-10,0.00011486511357361451,0.0
1072,adam,0.00025,0.0034885776331066154,0.0033878284521051683,2.0472536848391507e-10,0.00010074898364109686,0.0,2.0631871223449707,2.06307315826416,5.992242257946145e-10,0.0001139141313615255,0.0
1073,adam,0.00025,0.0035123090201523155,0.0034139361887355335,2.0472542941101813e-10,9.837262496148469e-05,0.0,2.0624072551727295,2.0622944831848145,5.992242257946145e-10,0.00011272432311670855,0.0
1074,adam,0.00025,0.004153612768277526,0.004056935795233585,2.0472676017730163e-10,9.667673066360294e-05,0.0,2.0632596015930176,2.06314754486084,5.992242257946145e-10,0.00011213352263439447,0.0
1075,adam,0.00025,0.003440035223320592,0.003341703864862211,2.0472543145393917e-10,9.833119111135602e-05,0.0,2.063279628753662,2.0631680488586426,5.992242257946145e-10,0.00011162638838868588,0.0
1076,adam,0.00025,0.0034191105514764786,0.0033223350619664416,2.1571343242090541e-10,9.677530670160195e-05,0.0,2.063112735748291,2.0629982948303223,5.992242257946145e-10,0.00011453749903012067,0.0
1077,adam,0.00025,0.003409008786547929,0.0033131129675894044,2.0472536955882966e-10,9.589574165147496e-05,0.0,2.0627617835998535,2.0626513957977295,5.992242257946145e-10,0.00011050047760363668,0.0
1078,adam,0.00025,0.003421530025661923,0.003325994359329343,2.083515970428199e-10,9.553548079566099e-05,0.0,2.062772274017334,2.0626626014709473,5.992242257946145e-10,0.00010955751349683851,0.0
1079,adam,0.00025,0.003374971049197484,0.003281281671661418,2.0749990233786256e-10,9.36891105993709e-05,0.0,2.06284499168396,2.0627331733703613,5.992242257946145e-10,0.00011174004612257704,0.0
1080,adam,0.00025,0.003366886499861721,0.003271184417826589,2.0720162278488308e-10,9.570194288244238e-05,0.0,2.0635244846343994,2.063413143157959,5.992242257946145e-10,0.0001113574398914352,0.0
1081,adam,0.00025,0.0033708061673678458,0.0032770871912362054,2.0719383462069365e-10,9.371886289955e-05,0.0,2.0628297328948975,2.062718391418457,5.992242257946145e-10,0.0001112252939492464,0.0
1082,adam,0.00025,0.0033353149265167303,0.003240594705857802,2.0508943768632842e-10,9.472003330301959e-05,0.0,2.063077688217163,2.062967300415039,5.992242257946145e-10,0.00011039544915547594,0.0
1083,adam,0.00025,0.0033293945671175607,0.0032347590240533464,2.1258577007373732e-10,9.463527158004581e-05,0.0,2.063319206237793,2.06320858001709,5.992242257946145e-10,0.0001106520212488249,0.0
1084,adam,0.00025,0.0033370130040566437,0.0032427973637823015,2.047285626534012e-10,9.421546155863325e-05,0.0,2.062730312347412,2.0626220703125,5.992242257946145e-10,0.00010833219130290672,0.0
1085,adam,0.00025,0.0033210089459316805,0.00322820627479814,2.0474006579355287e-10,9.280249742005253e-05,0.0,2.062737464904785,2.0626306533813477,5.992242257946145e-10,0.00010676348028937355,0.0
1086,adam,0.00025,0.0032766707590781152,0.0031857541544013657,2.0880546400690452e-10,9.091639003599994e-05,0.0,2.063267230987549,2.0631613731384277,5.992242257946145e-10,0.00010574555199127644,0.0
1087,adam,0.00025,0.0032696116468287073,0.003179210609232541,2.0479073020447224e-10,9.040080885824864e-05,0.0,2.06243896484375,2.0623345375061035,5.992242257946145e-10,0.00010452757123857737,0.0
1088,adam,0.00025,0.003257574346207548,0.003166399801557418,2.0472577725877618e-10,9.117437730310485e-05,0.0,2.062997817993164,2.0628907680511475,5.992242257946145e-10,0.00010713105439208448,0.0
1089,adam,0.00025,0.003262370635638945,0.003170699179463554,2.241384147467182e-10,9.167126154352445e-05,0.0,2.0630109310150146,2.0629019737243652,5.992242257946145e-10,0.00010903439397225156,0.0
1090,adam,0.00025,0.0032410744024673477,0.0031497700038016774,2.0868611922181259e-10,9.130424859904451e-05,0.0,2.0629444122314453,2.062838077545166,5.992242257946145e-10,0.00010624866263242438,0.0
1091,adam,0.00025,0.003253184426284861,0.003163237364788074,2.0576080187705662e-10,8.99469214346027e-05,0.0,2.062312364578247,2.0622081756591797,5.992242257946145e-10,0.00010422181367175654,0.0
1092,adam,0.00025,0.0032146083322004415,0.0031258519666153006,2.3231341828850244e-10,8.875618550518993e-05,0.0,2.063422679901123,2.0633151531219482,5.992242257946145e-10,0.00010762586316559464,0.0
1093,adam,0.00025,0.003201870720658917,0.0031127039983402938,2.0473468003663845e-10,8.916654496715637e-05,0.0,2.0618736743927,2.0617706775665283,5.992242257946145e-10,0.00010298602865077555,0.0
1094,adam,0.00025,0.0032050252993940376,0.0031164043757598847,2.0472992851223654e-10,8.862072536430787e-05,0.0,2.063983678817749,2.0638809204101562,5.992242257946145e-10,0.00010275419481331483,0.0
1095,adam,0.00025,0.0031866695208009332,0.003099449379078578,2.048816423345573e-10,8.722002803551732e-05,0.0,2.0606420040130615,2.0605366230010986,5.992242257946145e-10,0.00010549722355790436,0.0
1096,adam,0.00025,0.003197945414285641,0.0031080521366675384,2.058749631159389e-10,8.989303387352265e-05,0.0,2.064471960067749,2.0643649101257324,5.992242257946145e-10,0.00010715637472458184,0.0
1097,adam,0.00025,0.0031683594206697308,0.0030799070955254138,2.0473466534154988e-10,8.845215597830247e-05,0.0,2.0630948543548584,2.0629937648773193,5.992242257946145e-10,0.00010117475903825834,0.0
1098,adam,0.00025,0.003139053034828976,0.003053125721635297,2.0476632083399705e-10,8.592712538302294e-05,0.0,2.0610899925231934,2.0609891414642334,5.992242257946145e-10,0.00010082942753797397,0.0
1099,adam,0.00025,0.0031337752589024603,0.003049100487260148,2.0937405442073415e-10,8.467452880722703e-05,0.0,2.064267158508301,2.064168930053711,5.992242257946145e-10,9.834484080784023e-05,0.0
1100,adam,0.00025,0.0031167144697974436,0.0030322775783133693,2.1723675343590288e-10,8.443667411484057e-05,0.0,2.0618844032287598,2.061783790588379,5.992242257946145e-10,0.00010063545778393745,0.0
1101,adam,0.00025,0.0031068676980794407,0.003021821270522196,2.0608741486590474e-10,8.504623565386282e-05,0.0,2.06376051902771,2.063660144805908,5.992242257946145e-10,0.00010047338582808152,0.0
1102,adam,0.00025,0.003102779468463268,0.0030194662904250436,2.047290012003686e-10,8.331298386110575e-05,0.0,2.061657428741455,2.0615603923797607,5.992242257946145e-10,9.704176045488566e-05,0.0
1103,adam,0.00025,0.0031341951762442477,0.0030499252388835885,2.0472829461076471e-10,8.426975819020299e-05,0.0,2.063776969909668,2.0636801719665527,5.992242257946145e-10,9.677955677034333e-05,0.0
1104,adam,0.00025,0.003101819434959907,0.0030179469249560498,2.0472540515611057e-10,8.387226216655108e-05,0.0,2.060652017593384,2.0605521202087402,5.992242257946145e-10,9.984585631173104e-05,0.0
1105,adam,0.00025,0.003106953045062255,0.0030234433652367443,2.047594145529792e-10,8.350944199264632e-05,0.0,2.064210891723633,2.064112424850464,5.992242257946145e-10,9.847337059909478e-05,0.0
1106,adam,0.00025,0.003100649919360876,0.0030172459519235417,2.26439301062928e-10,8.340375234183739e-05,0.0,2.060030698776245,2.0599331855773926,5.992242257946145e-10,9.759846579981968e-05,0.0
1107,adam,0.00025,0.003100150264799595,0.0030162402472342364,2.047259078675939e-10,8.390984021389158e-05,0.0,2.062041997909546,2.061944007873535,5.992242257946145e-10,9.804069850360975e-05,0.0
1108,adam,0.00025,0.003098898770986125,0.003016998256498482,2.0472985560062313e-10,8.190027529053623e-05,0.0,2.061746120452881,2.0616471767425537,5.992242257946145e-10,9.893270907923579e-05,0.0
1109,adam,0.00025,0.003029707651876379,0.002948315152025316,2.0517781401895241e-10,8.139239434967749e-05,0.0,2.0626654624938965,2.0625641345977783,5.992242257946145e-10,0.0001012978027574718,0.0
1110,adam,0.00025,0.003018716030055657,0.0029367702081799507,2.0472538628468634e-10,8.194560859919875e-05,0.0,2.0611555576324463,2.0610599517822266,5.992242257946145e-10,9.558856254443526e-05,0.0
1111,adam,0.00025,0.003041859104996547,0.002960313177027274,2.2018245886038557e-10,8.154572060448118e-05,0.0,2.061863422393799,2.0617620944976807,5.992242257946145e-10,0.00010138884681509808,0.0
1112,adam,0.00025,0.003062374256842304,0.0029805253579979762,2.0718912550345615e-10,8.184874104699702e-05,0.0,2.0591466426849365,2.0590527057647705,5.992242257946145e-10,9.395359666086733e-05,0.0
1113,adam,0.00025,0.0030221234264899977,0.0029401735082501546,2.0539795335369244e-10,8.194977863240638e-05,0.0,2.0631227493286133,2.0630276203155518,5.992242257946145e-10,9.515137207927182e-05,0.0
1114,adam,0.00025,0.0030031276764930226,0.0029229059437057003,2.0473082251019941e-10,8.022149404496304e-05,0.0,2.0598933696746826,2.0597984790802,5.992242257946145e-10,9.48136075749062e-05,0.0
1115,adam,0.00025,0.002989839340443723,0.0029095744393998757,2.0472538597633657e-10,8.026470004551811e-05,0.0,2.0632524490356445,2.063157558441162,5.992242257946145e-10,9.494963160250336e-05,0.0
1116,adam,0.00025,0.0029819666378898546,0.0029029831421212293,2.047253730442809e-10,7.898327703514951e-05,0.0,2.0583250522613525,2.058232069015503,5.992242257946145e-10,9.292815957451239e-05,0.0
1117,adam,0.00025,0.0030383629782591015,0.0029596420426969416,2.0472598192806852e-10,7.872081232562778e-05,0.0,2.0639588832855225,2.063863754272461,5.992242257946145e-10,9.503492765361443e-05,0.0
1118,adam,0.00025,0.0029692488751607016,0.002890755742555484,2.047594033682003e-10,7.849296616768697e-05,0.0,2.0588161945343018,2.058725595474243,5.992242257946145e-10,9.0639921836555e-05,0.0
1119,adam,0.00025,0.0029853970336262137,0.0029064782211207785,2.0472537510458928e-10,7.891859922892763e-05,0.0,2.0628976821899414,2.06280517578125,5.992242257946145e-10,9.259062790079042e-05,0.0
1120,adam,0.00025,0.0029384193912846968,0.0028586861953954212,2.0472538749807428e-10,7.973306765052257e-05,0.0,2.0606093406677246,2.0605170726776123,5.992242257946145e-10,9.237724589183927e-05,0.0
1121,adam,0.00025,0.002947833483631257,0.0028694254215224646,2.0475971718599279e-10,7.84078488322848e-05,0.0,2.0614724159240723,2.061382532119751,5.992242257946145e-10,8.999146666610613e-05,0.0
1122,adam,0.00025,0.0029786338127451017,0.0028999392452533357,2.489123940294067e-10,7.869433284213301e-05,0.0,2.063758134841919,2.0636675357818604,5.992242257946145e-10,9.052830137079582e-05,0.0
1123,adam,0.00025,0.0030521424996550195,0.0029747114749625325,2.309023216949002e-10,7.743087189737707e-05,0.0,2.057570219039917,2.057480573654175,5.992242257946145e-10,8.960194099927321e-05,0.0
1124,adam,0.00025,0.0031346489777206443,0.0030477753170998767,2.0730632063293495e-10,8.687343552082893e-05,0.0,2.063225269317627,2.063131093978882,5.992242257946145e-10,9.428925113752484e-05,0.0
1125,adam,0.00025,0.0030995349370641634,0.0030141896204440854,2.0755609606444344e-10,8.534513699487434e-05,0.0,2.0586934089660645,2.058600902557373,5.992242257946145e-10,9.239051723852754e-05,0.0
1126,adam,0.00025,0.0031085356094990857,0.0030280295977718197,2.0587651614637762e-10,8.050574660956045e-05,0.0,2.0611047744750977,2.061016082763672,5.992242257946145e-10,8.877021173248067e-05,0.0
1127,adam,0.00025,0.003051780498935841,0.002970346133224666,2.051155372971797e-10,8.14342092780862e-05,0.0,2.062122344970703,2.0620288848876953,5.992242257946145e-10,9.351985499961302e-05,0.0
1128,adam,0.00025,0.0030261477950261906,0.0029470812660292722,2.2019155334935555e-10,7.906643395472202e-05,0.0,2.0588912963867188,2.0587968826293945,5.992242257946145e-10,9.442381997359917e-05,0.0
1129,adam,0.00025,0.0029554127613664605,0.00287687053787522,2.0472541237798627e-10,7.854202749513206e-05,0.0,2.059875965118408,2.0597829818725586,5.992242257946145e-10,9.30610767682083e-05,0.0
1130,adam,0.00025,0.002957643155241385,0.002877835235267412,2.0473076796403047e-10,7.980774262250634e-05,0.0,2.061189651489258,2.061093330383301,5.992242257946145e-10,9.643307566875592e-05,0.0
1131,adam,0.00025,0.002943794446764514,0.0028652348410105333,2.0898388139060533e-10,7.855933131395432e-05,0.0,2.0615713596343994,2.0614867210388184,5.992242257946145e-10,8.45679605845362e-05,0.0
1132,adam,0.00025,0.0029197568219387904,0.0028447057920857333,2.0472539733017134e-10,7.505087160097901e-05,0.0,2.0624897480010986,2.062401533126831,5.992242257946145e-10,8.830180013319477e-05,0.0
1133,adam,0.00025,0.0028875600546598434,0.002810742946167011,2.0913777235880329e-10,7.681690794925089e-05,0.0,2.059133768081665,2.0590484142303467,5.992242257946145e-10,8.526649617124349e-05,0.0
1134,adam,0.00025,0.002939646343293134,0.002862659763195552,2.2655721671975915e-10,7.69864300309564e-05,0.0,2.0645666122436523,2.064471960067749,5.992242257946145e-10,9.461776062380522e-05,0.0
1135,adam,0.00025,0.003045316567295231,0.002968564884213265,2.0479610409912698e-10,7.675149845454143e-05,0.0,2.057598114013672,2.0575103759765625,5.992242257946145e-10,8.770227577770129e-05,0.0
1136,adam,0.00025,0.003184098022757098,0.00310594352777116,2.2132954662253632e-10,7.8154251241358e-05,0.0,2.067567825317383,2.0674679279327393,5.992242257946145e-10,9.998602035921067e-05,0.0
1137,adam,0.00025,0.0033725502362358384,0.0032803958747535944,2.1184925986003056e-10,9.215411637342186e-05,0.0,2.058804988861084,2.058698892593384,5.992242257946145e-10,0.00010616933286655694,0.0
1138,adam,0.00025,0.003724524583958555,0.0036321585066616535,2.0643001773696926e-10,9.236587084160419e-05,0.0,2.06308913230896,2.0629923343658447,5.992242257946145e-10,9.691432933323085e-05,0.0
1139,adam,0.00025,0.004856529441894963,0.0047719796930323355,2.0472536634075793e-10,8.454955013803556e-05,0.0,2.059798002243042,2.0597007274627686,5.992242257946145e-10,9.718007640913129e-05,0.0
1140,adam,0.00025,0.006041671484126709,0.005898990581044927,2.3802957958876555e-10,0.00014268073437051498,0.0,2.058480978012085,2.0583336353302,5.992242257946145e-10,0.00014732786803506315,0.0
1141,adam,0.00025,0.007552984039648436,0.007432504804455675,2.0472831160355093e-10,0.00012047896370859235,0.0,2.054367780685425,2.054185628890991,5.992242257946145e-10,0.0001821230980567634,0.0
1142,adam,0.00025,0.009955600864486769,0.009758515137946233,2.213249912506693e-10,0.00019708551280928077,0.0,2.0666582584381104,2.066356658935547,5.992242257946145e-10,0.0003016969421878457,0.0
1143,adam,0.00025,0.010381438274635002,0.010114475837326609,2.0752866707802427e-10,0.0002669622845132835,0.0,2.061197519302368,2.0610568523406982,5.992242257946145e-10,0.00014064533752389252,0.0
1144,adam,0.00025,0.012762228390784003,0.012574344378663227,2.047254618851893e-10,0.0001878837665572064,0.0,2.0582046508789062,2.0580568313598633,5.992242257946145e-10,0.00014788539556320757,0.0
1145,adam,0.00025,0.012197678675875068,0.01201089218375273,2.0898388658567016e-10,0.00018678646301850677,0.0,2.0436148643493652,2.043405532836914,5.992242257946145e-10,0.00020941408001817763,0.0
1146,adam,0.00025,0.015897615754511207,0.01564375298039522,2.062399558904341e-10,0.00025386279230588116,0.0,2.076894521713257,2.0766968727111816,5.992242257946145e-10,0.00019761009025387466,0.0
1147,adam,0.00025,0.01736120879650116,0.017009585222695023,2.048447789900138e-10,0.0003516233373375144,0.0,2.0520224571228027,2.051737070083618,5.992242257946145e-10,0.0002854249032679945,0.0
1148,adam,0.00025,0.019128827058011666,0.018721933069173247,2.0479420561218033e-10,0.0004068936814292101,0.0,2.02953839302063,2.029113531112671,5.992242257946145e-10,0.00042490821215324104,0.0
1149,adam,0.00025,0.016041468974435702,0.01571608250378631,2.0609659800817193e-10,0.0003253862496421789,0.0,2.064443349838257,2.0642685890197754,5.992242257946145e-10,0.00017475509957876056,0.0
1150,adam,0.00025,0.01972272715647705,0.019373880204511806,2.0473078319530413e-10,0.00034884656361100497,0.0,2.0474586486816406,2.046659469604492,5.992242257946145e-10,0.0007992591126821935,0.0
1151,adam,0.00025,0.020714887621579692,0.020298091287259012,2.0472536894868635e-10,0.00041679595324239926,0.0,2.0409655570983887,2.04067063331604,5.992242257946145e-10,0.0002950253547169268,0.0
1152,adam,0.00025,0.014540712698362768,0.014278234186349437,2.0609284131302462e-10,0.0002624783783176099,0.0,2.0686967372894287,2.0684027671813965,5.992242257946145e-10,0.00029387674294412136,0.0
1153,adam,0.00025,0.012455705815227702,0.012229395913891494,2.0788529154125348e-10,0.00022630981766269542,0.0,2.0397164821624756,2.039482831954956,5.992242257946145e-10,0.0002336712641408667,0.0
1154,adam,0.00025,0.012178864533780143,0.011957465059822425,2.0719010376328055e-10,0.0002213994093835936,0.0,2.0528481006622314,2.052689552307129,5.992242257946145e-10,0.00015847140457481146,0.0
1155,adam,0.00025,0.012600844042026438,0.012414371114573441,2.0642913958966959e-10,0.00018647270462679444,0.0,2.0446736812591553,2.044478178024292,5.992242257946145e-10,0.00019550278375390917,0.0
1156,adam,0.00025,0.007960069968248717,0.007808222304447554,2.0507068886350385e-10,0.00015184747871899162,0.0,2.0507497787475586,2.050605535507202,5.992242257946145e-10,0.00014414907491300255,0.0
1157,adam,0.00025,0.008588361655711196,0.008455480710836127,2.047293831035429e-10,0.00013288070022099419,0.0,2.05108642578125,2.0509262084960938,5.992242257946145e-10,0.00016019002941902727,0.0
1158,adam,0.00025,0.011167678210767917,0.010952783908578567,2.264476666981224e-10,0.00021489411392394686,0.0,2.062011241912842,2.0618584156036377,5.992242257946145e-10,0.00015288074791897088,0.0
1159,adam,0.00025,0.016531288987607695,0.016296658912324347,2.3242126932700666e-10,0.0002346301016586949,0.0,2.074967622756958,2.074617862701416,5.992242257946145e-10,0.0003498100268188864,0.0
1160,adam,0.00025,0.012241369287949055,0.012040782981785014,2.047258648572229e-10,0.00020058617246832,0.0,2.0455002784729004,2.045330762863159,5.992242257946145e-10,0.00016953787417151034,0.0
1161,adam,0.00025,0.0095509681123076,0.009363100456539541,2.1608722942123588e-10,0.00018786743203236256,0.0,2.048123598098755,2.0479581356048584,5.992242257946145e-10,0.0001654396764934063,0.0
1162,adam,0.00025,0.010748144457465969,0.010583068331470713,2.0475982418520639e-10,0.00016507596092196763,0.0,2.069979429244995,2.069801092147827,5.992242257946145e-10,0.00017834511527325958,0.0
1163,adam,0.00025,0.012649003881961107,0.012505910941399634,2.2671756610192206e-10,0.00014309294738268363,0.0,2.058525800704956,2.0583746433258057,5.992242257946145e-10,0.00015110055392142385,0.0
1164,adam,0.00025,0.020999867454520427,0.02081076055765152,2.13241363137931e-10,0.0001891067895485321,0.0,2.074495315551758,2.0743350982666016,5.992242257946145e-10,0.0001602689444553107,0.0
1165,adam,0.00025,0.013921239733463153,0.013735444255871698,2.0472855004351583e-10,0.00018579543802843546,0.0,2.042325973510742,2.0421853065490723,5.992242257946145e-10,0.000140588337671943,0.0
1166,adam,0.00025,0.011535620433278382,0.011389784602215514,2.0473267146790363e-10,0.0001458355618524365,0.0,2.037118911743164,2.0369277000427246,5.992242257946145e-10,0.00019131506269332021,0.0
1167,adam,0.00025,0.010111801704624668,0.009908812542562373,2.0473078912513695e-10,0.000202989021090616,0.0,2.052262306213379,2.0520806312561035,5.992242257946145e-10,0.0001817012089304626,0.0
1168,adam,0.00025,0.008025500297662802,0.007876607662183233,2.1147993451307227e-10,0.0001488925440753519,0.0,2.057849884033203,2.0577094554901123,5.992242257946145e-10,0.00014048806042410433,0.0
1169,adam,0.00025,0.005143292975844815,0.005003557962481864,2.0472538311834153e-10,0.00013973488239571452,0.0,2.0520966053009033,2.0519845485687256,5.992242257946145e-10,0.00011213435209356248,0.0
1170,adam,0.00025,0.005143861875694711,0.00503490015398711,2.0472596029036042e-10,0.00010896146659433725,0.0,2.0638790130615234,2.0637569427490234,5.992242257946145e-10,0.00012213709123898298,0.0
1171,adam,0.00025,0.0036664113722508773,0.0035693559402716346,2.0472563570830284e-10,9.70552487160603e-05,0.0,2.051595687866211,2.051496744155884,5.992242257946145e-10,9.885518375085667e-05,0.0
1172,adam,0.00025,0.0031569230050081387,0.0030726312616025098,2.0763067399815053e-10,8.429154604527866e-05,0.0,2.0566301345825195,2.0565342903137207,5.992242257946145e-10,9.585802035871893e-05,0.0
1173,adam,0.00025,0.0029645173126482405,0.0028834431650466286,2.047282907410219e-10,8.107399753498612e-05,0.0,2.0555548667907715,2.0554709434509277,5.992242257946145e-10,8.398418867727742e-05,0.0
1174,adam,0.00025,0.002936250646598637,0.0028598250282811932,2.2017553160087955e-10,7.642539458174724e-05,0.0,2.0566983222961426,2.0566141605377197,5.992242257946145e-10,8.410697046201676e-05,0.0
1175,adam,0.00025,0.002948351342638489,0.002872659213608131,2.047256574059104e-10,7.569188710476737e-05,0.0,2.055450439453125,2.0553605556488037,5.992242257946145e-10,8.976687240647152e-05,0.0
1176,adam,0.00025,0.0028779202766600065,0.00280454787571216,2.0472536996505806e-10,7.337220472436456e-05,0.0,2.0581281185150146,2.0580456256866455,5.992242257946145e-10,8.24959934107028e-05,0.0
1177,adam,0.00025,0.0029054867845843546,0.002835629158653319,2.3235361467037763e-10,6.985741538301227e-05,0.0,2.0548551082611084,2.0547752380371094,5.992242257946145e-10,7.992536848178133e-05,0.0
1178,adam,0.00025,0.002885027803131379,0.0028146954500698484,2.0898459305138223e-10,7.03321534274437e-05,0.0,2.0578744411468506,2.0577926635742188,5.992242257946145e-10,8.186545164790004e-05,0.0
1179,adam,0.00025,0.0027393880154704675,0.0026696738568716682,2.0690737267478005e-10,6.971399852773175e-05,0.0,2.0564124584198,2.0563292503356934,5.992242257946145e-10,8.316745515912771e-05,0.0
1180,adam,0.00025,0.00268120502732927,0.0026128061435883865,2.0574091416743547e-10,6.839865272922907e-05,0.0,2.0559346675872803,2.055856466293335,5.992242257946145e-10,7.820995233487338e-05,0.0
1181,adam,0.00025,0.0026573570794425905,0.0025889425960485823,2.0511553366849055e-10,6.841428057668963e-05,0.0,2.0564959049224854,2.0564165115356445,5.992242257946145e-10,7.936108158901334e-05,0.0
1182,adam,0.00025,0.002633328149386216,0.002567431998613756,2.0487762516734886e-10,6.589591544070572e-05,0.0,2.0561890602111816,2.056107521057129,5.992242257946145e-10,8.156903641065583e-05,0.0
1183,adam,0.00025,0.0026121747723664157,0.002546376250393223,2.0472621703525822e-10,6.579837645404041e-05,0.0,2.056412696838379,2.056335210800171,5.992242257946145e-10,7.760243897791952e-05,0.0
1184,adam,0.00025,0.0026071176398545504,0.002540605877584312,2.0472538104495708e-10,6.651154353676247e-05,0.0,2.0568361282348633,2.056756019592285,5.992242257946145e-10,8.008033910300583e-05,0.0
1185,adam,0.00025,0.002625642839120701,0.002560623404860962,2.0609282818560213e-10,6.501922075585753e-05,0.0,2.0565013885498047,2.056424379348755,5.992242257946145e-10,7.693123916396871e-05,0.0
1186,adam,0.00025,0.002581854620075319,0.0025151905356324278,2.2670510913633852e-10,6.666383455922187e-05,0.0,2.0558669567108154,2.0557892322540283,5.992242257946145e-10,7.780666783219203e-05,0.0
1187,adam,0.00025,0.002603073517093435,0.0025355451871291734,2.1281634925849562e-10,6.752815511390509e-05,0.0,2.0565335750579834,2.056443691253662,5.992242257946145e-10,8.992679795483127e-05,0.0
1188,adam,0.00025,0.002551825629780069,0.002483929492882453,2.0594019886424077e-10,6.789600774936844e-05,0.0,2.0561788082122803,2.0561020374298096,5.992242257946145e-10,7.677399116801098e-05,0.0
1189,adam,0.00025,0.002571149969298858,0.002507111697923392,2.1712686542911488e-10,6.403811789823521e-05,0.0,2.056774854660034,2.0567007064819336,5.992242257946145e-10,7.423109491355717e-05,0.0
1190,adam,0.00025,0.002532498947402928,0.0024691649232408963,2.047253732450211e-10,6.333377632472548e-05,0.0,2.056579113006592,2.0565030574798584,5.992242257946145e-10,7.614171772729605e-05,0.0
1191,adam,0.00025,0.0025443438498768955,0.0024805495340842754,2.0472778276860371e-10,6.379409319379192e-05,0.0,2.0563924312591553,2.056317090988159,5.992242257946145e-10,7.526552508352324e-05,0.0
1192,adam,0.00025,0.002523578761611134,0.002460384501318913,2.1885250373999736e-10,6.319405838439707e-05,0.0,2.056518793106079,2.0564448833465576,5.992242257946145e-10,7.397076115012169e-05,0.0
1193,adam,0.00025,0.0025211747633875348,0.0024583159247413278,2.0539991671457487e-10,6.285870335887012e-05,0.0,2.0565645694732666,2.0564892292022705,5.992242257946145e-10,7.535721670137718e-05,0.0
1194,adam,0.00025,0.0025071284908335656,0.002444154495606199,2.0492278197046967e-10,6.29737821782328e-05,0.0,2.055675506591797,2.055602550506592,5.992242257946145e-10,7.30260944692418e-05,0.0
1195,adam,0.00025,0.0025048790193977766,0.0024426291274721734,2.0855080682546543e-10,6.22497007043421e-05,0.0,2.056597948074341,2.0565237998962402,5.992242257946145e-10,7.416364678647369e-05,0.0
1196,adam,0.00025,0.0024930758372647688,0.0024307742169185076,2.129445836818926e-10,6.230140479601687e-05,0.0,2.055555820465088,2.0554826259613037,5.992242257946145e-10,7.313744572456926e-05,0.0
1197,adam,0.00025,0.0024903903395170346,0.0024276590847875923,2.0755616180436455e-10,6.273112171584216e-05,0.0,2.056471586227417,2.0563981533050537,5.992242257946145e-10,7.351124804699793e-05,0.0
1198,adam,0.00025,0.0025126319451374,0.0024480623396812007,2.0473815593330955e-10,6.456942628574325e-05,0.0,2.0553314685821533,2.0552563667297363,5.992242257946145e-10,7.515172910643741e-05,0.0
1199,adam,0.00025,0.0024985493073472753,0.0024367878868361004,2.0512516278646878e-10,6.176129659252183e-05,0.0,2.0570175647735596,2.0569441318511963,5.992242257946145e-10,7.344961341004819e-05,0.0
1200,adam,0.00025,0.0024565509884268977,0.0023953349227667786,2.047323573812609e-10,6.121592741692439e-05,0.0,2.0560388565063477,2.0559675693511963,5.992242257946145e-10,7.124946569092572e-05,0.0
1201,adam,0.00025,0.0024426788149867207,0.0023818587796995416,2.1608809242943463e-10,6.081979995542497e-05,0.0,2.0557773113250732,2.0557026863098145,5.992242257946145e-10,7.460526103386655e-05,0.0
1202,adam,0.00025,0.002445555823214818,0.0023842811860959046,2.0898393740394122e-10,6.127453252702253e-05,0.0,2.055574655532837,2.0555033683776855,5.992242257946145e-10,7.13989938958548e-05,0.0
1203,adam,0.00025,0.0024453105870634317,0.002383928167546401,2.2232763413016572e-10,6.138218577689258e-05,0.0,2.0560882091522217,2.0560142993927,5.992242257946145e-10,7.389813981717452e-05,0.0
1204,adam,0.00025,0.0024308802458108403,0.0023707170148554724,2.0472713137090236e-10,6.0163044054206694e-05,0.0,2.0555737018585205,2.0555014610290527,5.992242257946145e-10,7.215092045953497e-05,0.0
1205,adam,0.00025,0.0024634272849652916,0.002403292019153014,2.076769433723176e-10,6.013510846969439e-05,0.0,2.056661367416382,2.0565903186798096,5.992242257946145e-10,7.094234752003103e-05,0.0
1206,adam,0.00025,0.002476155656040646,0.002413916627119761,2.050678509353859e-10,6.223888362910657e-05,0.0,2.053792715072632,2.053720474243164,5.992242257946145e-10,7.22077747923322e-05,0.0
1207,adam,0.00025,0.0025087558897212148,0.0024494192730344366,2.477627642381685e-10,5.9336365666240454e-05,0.0,2.0564422607421875,2.056370258331299,5.992242257946145e-10,7.19629242666997e-05,0.0
1208,adam,0.00025,0.002528398581489455,0.002466276004270185,2.2309130044848978e-10,6.212239782144025e-05,0.0,2.0562469959259033,2.0561747550964355,5.992242257946145e-10,7.219718827400357e-05,0.0
1209,adam,0.00025,0.002676355557923671,0.002614520377392182,2.0472537458528033e-10,6.183493951539276e-05,0.0,2.0524179935455322,2.0523438453674316,5.992242257946145e-10,7.403162453556433e-05,0.0
1210,adam,0.00025,0.003046731995709706,0.002983794875035528,2.08983885100742e-10,6.29369540092739e-05,0.0,2.0614378452301025,2.061352491378784,5.992242257946145e-10,8.53024612297304e-05,0.0
1211,adam,0.00025,0.0033366900315741077,0.0032659938297001645,2.1419052544934376e-10,7.069598132147803e-05,0.0,2.0521085262298584,2.052030563354492,5.992242257946145e-10,7.790888048475608e-05,0.0
1212,adam,0.00025,0.003529730827722233,0.003458371589658782,2.04726224305342e-10,7.135911573641351e-05,0.0,2.0566301345825195,2.056553363800049,5.992242257946145e-10,7.667156751267612e-05,0.0
1213,adam,0.00025,0.003298282332252711,0.00322824229078833,2.0935438901945288e-10,7.003991026977019e-05,0.0,2.0558950901031494,2.0558149814605713,5.992242257946145e-10,8.006389543879777e-05,0.0
1214,adam,0.00025,0.0035698453939403407,0.0034848637660616077,2.1623952349886646e-10,8.49814073262678e-05,0.0,2.05478572845459,2.0546984672546387,5.992242257946145e-10,8.724743383936584e-05,0.0
1215,adam,0.00025,0.003894112327543553,0.003802780178375542,2.051157913015851e-10,9.133197727351217e-05,0.0,2.049903392791748,2.0497708320617676,5.992242257946145e-10,0.00013246275193523616,0.0
1216,adam,0.00025,0.0040483802440576255,0.003953498482587747,2.0473215235256188e-10,9.488161958870478e-05,0.0,2.0546388626098633,2.0545341968536377,5.992242257946145e-10,0.00010472022404428571,0.0
1217,adam,0.00025,0.004026831651572138,0.003935009604902007,2.0472538465115683e-10,9.182181838696124e-05,0.0,2.0541887283325195,2.054086923599243,5.992242257946145e-10,0.00010187350562773645,0.0
1218,adam,0.00025,0.00395376690721605,0.0038593046556343324,2.0476335366391118e-10,9.446205353924597e-05,0.0,2.0546374320983887,2.054551124572754,5.992242257946145e-10,8.633581455796957e-05,0.0
1219,adam,0.00025,0.00370123544416856,0.0036206278382451274,2.2640495872723925e-10,8.060742948146071e-05,0.0,2.046750783920288,2.046656608581543,5.992242257946145e-10,9.40582322073169e-05,0.0
1220,adam,0.00025,0.0038615480152657256,0.003782259678700939,2.047452655810452e-10,7.928816330604604e-05,0.0,2.0554869174957275,2.0553982257843018,5.992242257946145e-10,8.873181650415063e-05,0.0
1221,adam,0.00025,0.003563639613275882,0.0034869356313720345,2.047253745838311e-10,7.67037977311702e-05,0.0,2.048166036605835,2.048077344894409,5.992242257946145e-10,8.87555506778881e-05,0.0
1222,adam,0.00025,0.004603331792168319,0.0045261977866175584,2.0516686860429644e-10,7.713388504271279e-05,0.0,2.054583787918091,2.0544955730438232,5.992242257946145e-10,8.816384070087224e-05,0.0
1223,adam,0.00025,0.005032367946114391,0.004931544382998254,2.0472539047679137e-10,0.00010082341896122671,0.0,2.0514464378356934,2.051316022872925,5.992242257946145e-10,0.00013031413254793733,0.0
1224,adam,0.00025,0.005083437310531735,0.004957073368132114,2.049198706924484e-10,0.00012636379187824787,0.0,2.050978660583496,2.050879955291748,5.992242257946145e-10,9.868619235930964e-05,0.0
1225,adam,0.00025,0.006795194552978501,0.00669115231721662,2.048447660364051e-10,0.00010404199974800576,0.0,2.0500710010528564,2.049929141998291,5.992242257946145e-10,0.00014193286187946796,0.0
1226,adam,0.00025,0.008450557521427982,0.008276684209704399,2.0472537792919932e-10,0.00017387318030159804,0.0,2.053246259689331,2.053056478500366,5.992242257946145e-10,0.00018982167239300907,0.0
1227,adam,0.00025,0.01171692120260559,0.011562681203940883,2.0606910801383746e-10,0.00015423984586959705,0.0,2.0397560596466064,2.0395376682281494,5.992242257946145e-10,0.00021837659005541354,0.0
1228,adam,0.00025,0.020302954464568757,0.02005366832599975,2.047258273448071e-10,0.00024928635502874386,0.0,2.0724639892578125,2.072035312652588,5.992242257946145e-10,0.00042877174564637244,0.0
1229,adam,0.00025,0.023486405261792243,0.02312141002039425,2.047401079105721e-10,0.0003649949931059382,0.0,2.0386176109313965,2.038116931915283,5.992242257946145e-10,0.0005006351857446134,0.0
1230,adam,0.00025,0.019856065773637965,0.01948781416285783,2.0573538181545367e-10,0.0003682515107357176,0.0,2.056992769241333,2.056691884994507,5.992242257946145e-10,0.00030077394330874085,0.0
1231,adam,0.00025,0.034662314370507374,0.03433277222211473,2.0472537778569672e-10,0.0003295421538496157,0.0,2.0570714473724365,2.0566680431365967,5.992242257946145e-10,0.0004035230667795986,0.0
1232,adam,0.00025,0.07320459047332406,0.07258976192679256,2.047276705215065e-10,0.0006148269949335372,0.0,2.1010568141937256,2.1006104946136475,5.992242257946145e-10,0.0004463360528461635,0.0
1233,adam,0.00025,0.08692684036213905,0.08636112173553556,2.0584656886520238e-10,0.0005657196907122852,0.0,2.0588631629943848,2.0580873489379883,5.992242257946145e-10,0.0007758276769891381,0.0
1234,adam,0.00025,0.0905877590412274,0.08973040268756449,2.1731041170119858e-10,0.0008573566155973822,0.0,2.079261302947998,2.078117847442627,5.992242257946145e-10,0.0011435032356530428,0.0
1235,adam,0.00025,0.06972591776866466,0.06869607139378786,2.0511980962013632e-10,0.0010298464258085005,0.0,2.0763802528381348,2.075455665588379,5.992242257946145e-10,0.0009245295077562332,0.0
1236,adam,0.00025,0.04787116654915735,0.0472737931413576,2.0621833157806037e-10,0.0005973731458652765,0.0,2.0573461055755615,2.056788682937622,5.992242257946145e-10,0.0005574725801125169,0.0
1237,adam,0.00025,0.03104049153625965,0.03036987956147641,2.0472675433070304e-10,0.0006706120620947331,0.0,2.0761640071868896,2.0755720138549805,5.992242257946145e-10,0.0005919079994782805,0.0
1238,adam,0.00025,0.031875225075054914,0.031371129502076656,2.0472612736126314e-10,0.0005040959258622024,0.0,2.0851542949676514,2.0847959518432617,5.992242257946145e-10,0.000358319521183148,0.0
1239,adam,0.00025,0.014387896255357191,0.014079859800403938,2.0473087086572219e-10,0.00030803618938080035,0.0,2.059192419052124,2.058966875076294,5.992242257946145e-10,0.00022561715741176158,0.0
1240,adam,0.00025,0.011293687421130016,0.011068864434491843,2.228124264742707e-10,0.00022482286203739932,0.0,2.065854787826538,2.065673828125,5.992242257946145e-10,0.00018091211677528918,0.0
1241,adam,0.00025,0.00836708651331719,0.008205485370126553,2.0649980130251747e-10,0.00016160111681529088,0.0,2.064541816711426,2.06434965133667,5.992242257946145e-10,0.00019219366367906332,0.0
1242,adam,0.00025,0.00683114594721701,0.006665783410426229,2.0473075742619945e-10,0.00016536233670194633,0.0,2.0627830028533936,2.0626180171966553,5.992242257946145e-10,0.00016498647164553404,0.0
1243,adam,0.00025,0.005797559439088218,0.005664838652592152,2.171052914147024e-10,0.00013272064097691327,0.0,2.0576767921447754,2.057534694671631,5.992242257946145e-10,0.0001420825719833374,0.0
1244,adam,0.00025,0.004983823659131303,0.004863197274971753,2.2683375531755217e-10,0.00012062627774866996,0.0,2.0635669231414795,2.063443899154663,5.992242257946145e-10,0.0001230160560226068,0.0
1245,adam,0.00025,0.004203055388643406,0.0040951184200821444,2.0484475853330124e-10,0.00010793678256959538,0.0,2.0609371662139893,2.060819387435913,5.992242257946145e-10,0.00011789038399001583,0.0
1246,adam,0.00025,0.00382282814825885,0.0037189072463661432,2.1608731034856195e-10,0.00010392071271780878,0.0,2.059300661087036,2.0591864585876465,5.992242257946145e-10,0.00011416145571274683,0.0
1247,adam,0.00025,0.0036788541037822142,0.0035807820240734145,2.047271436781852e-10,9.807193146116333e-05,0.0,2.0587337017059326,2.0586163997650146,5.992242257946145e-10,0.00011720544716808945,0.0
1248,adam,0.00025,0.0035669864737428725,0.0034706971346167848,2.0482470685072097e-10,9.628921679905034e-05,0.0,2.0611045360565186,2.0609962940216064,5.992242257946145e-10,0.00010824796481756493,0.0
1249,adam,0.00025,0.0034671954199438915,0.0033729122442309745,2.201758892129588e-10,9.428295606994652e-05,0.0,2.0570154190063477,2.056910991668701,5.992242257946145e-10,0.00010442503844387829,0.0
1250,adam,0.00025,0.0033804138365667313,0.0032912013557506725,2.0512051765266413e-10,8.921230028136051e-05,0.0,2.060871124267578,2.0607686042785645,5.992242257946145e-10,0.00010249592742184177,0.0
1251,adam,0.00025,0.0032382454519392923,0.0031502466299571097,2.0608949798165522e-10,8.799869783615577e-05,0.0,2.0583279132843018,2.058228015899658,5.992242257946145e-10,9.989534737542272e-05,0.0
1252,adam,0.00025,0.0031342877919087186,0.0030463194780168124,2.1393431544097556e-10,8.796811789579806e-05,0.0,2.0595996379852295,2.0595006942749023,5.992242257946145e-10,9.893340029520914e-05,0.0
1253,adam,0.00025,0.003070090744586196,0.0029851862782379612,2.047597241442328e-10,8.490419077133993e-05,0.0,2.058043956756592,2.05794095993042,5.992242257946145e-10,0.00010306360491085798,0.0
1254,adam,0.00025,0.003012569904967677,0.002928417750808876,2.0483103867157036e-10,8.415199408773333e-05,0.0,2.0589349269866943,2.058842182159424,5.992242257946145e-10,9.275799675378948e-05,0.0
1255,adam,0.00025,0.002955354611913208,0.0028740888665197417,2.086860846414179e-10,8.126555940179969e-05,0.0,2.0585386753082275,2.058443784713745,5.992242257946145e-10,9.477388084633276e-05,0.0
1256,adam,0.00025,0.002876174941775389,0.0027962836902588606,2.0474045434535346e-10,7.989097821337054e-05,0.0,2.0582103729248047,2.0581161975860596,5.992242257946145e-10,9.413860243512318e-05,0.0
1257,adam,0.00025,0.002836169398506172,0.0027564983611227944,2.3231266440916823e-10,7.967079682202893e-05,0.0,2.0586962699890137,2.058601140975952,5.992242257946145e-10,9.506034984951839e-05,0.0
1258,adam,0.00025,0.002798689376504626,0.002721430988458451,2.0472855088924514e-10,7.725819705228787e-05,0.0,2.0581488609313965,2.0580573081970215,5.992242257946145e-10,9.160760237136856e-05,0.0
1259,adam,0.00025,0.002769942904706113,0.0026940283278236166,2.0479069487356334e-10,7.591432722620084e-05,0.0,2.0582563877105713,2.05816912651062,5.992242257946145e-10,8.721389167476445e-05,0.0
1260,adam,0.00025,0.0027529754588613287,0.002679260913282633,2.064147721743872e-10,7.371425590463332e-05,0.0,2.057931661605835,2.0578463077545166,5.992242257946145e-10,8.546384196961299e-05,0.0
1261,adam,0.00025,0.002718323994486127,0.0026449954020790756,2.0473389828238136e-10,7.332835843953944e-05,0.0,2.0574307441711426,2.0573456287384033,5.992242257946145e-10,8.522953430656344e-05,0.0
1262,adam,0.00025,0.002707247440412175,0.0026328628955525346,2.04727716402583e-10,7.438436750817345e-05,0.0,2.058168649673462,2.058084726333618,5.992242257946145e-10,8.384320244658738e-05,0.0
1263,adam,0.00025,0.0027100736697320826,0.0026379129049018957,2.0487829156454456e-10,7.216062294901349e-05,0.0,2.057957172393799,2.057873249053955,5.992242257946145e-10,8.389704453293234e-05,0.0
1264,adam,0.00025,0.002705039136344567,0.002633716292621102,2.5405754435558864e-10,7.132264590836712e-05,0.0,2.0566365718841553,2.0565524101257324,5.992242257946145e-10,8.421272650593892e-05,0.0
1265,adam,0.00025,0.003349723105202429,0.0032779414832475595,2.3231265568912286e-10,7.178131227192353e-05,0.0,2.057790517807007,2.057709217071533,5.992242257946145e-10,8.140239515341818e-05,0.0
1266,adam,0.00025,0.0026372406791779213,0.002565921335190069,2.04753670828685e-10,7.131924849090865e-05,0.0,2.0573291778564453,2.0572447776794434,5.992242257946145e-10,8.429891022387892e-05,0.0
1267,adam,0.00025,0.002625347682624124,0.0025558453125995584,2.0472536399160635e-10,6.950218448764645e-05,0.0,2.058154821395874,2.0580735206604004,5.992242257946145e-10,8.121108112391084e-05,0.0
1268,adam,0.00025,0.0025929017429007217,0.002524115625419654,2.0474489201110347e-10,6.878600015625125e-05,0.0,2.056339740753174,2.0562591552734375,5.992242257946145e-10,8.047815936151892e-05,0.0
1269,adam,0.00025,0.0025745957827894017,0.00250556186074391,2.047596980485936e-10,6.903374969624565e-05,0.0,2.0569605827331543,2.056880235671997,5.992242257946145e-10,8.03184520918876e-05,0.0
1270,adam,0.00025,0.003237750606785994,0.0031699296450824477,2.0507069381480847e-10,6.78208000408631e-05,0.0,2.056328535079956,2.056248903274536,5.992242257946145e-10,7.966143311932683e-05,0.0
1271,adam,0.00025,0.002544909431890119,0.0024758415020187385,2.0472544748075876e-10,6.90676959038683e-05,0.0,2.0574162006378174,2.0573384761810303,5.992242257946145e-10,7.764119800413027e-05,0.0
1272,adam,0.00025,0.0025367306152475066,0.0024709106583031826,2.1885258606305174e-10,6.581981369890855e-05,0.0,2.055891275405884,2.055814504623413,5.992242257946145e-10,7.682972500333562e-05,0.0
1273,adam,0.00025,0.0025296895037172362,0.0024595043578301556,2.0480980449197762e-10,7.018493033683626e-05,0.0,2.0569937229156494,2.056910753250122,5.992242257946145e-10,8.292940037790686e-05,0.0
1274,adam,0.00025,0.0025048078678082675,0.0024361549003515393,2.0472572832750096e-10,6.865276463940972e-05,0.0,2.055793046951294,2.0557146072387695,5.992242257946145e-10,7.844444189686328e-05,0.0
1275,adam,0.00025,0.0024906655817176215,0.002420916971459519,2.1038060514838416e-10,6.97484492775402e-05,0.0,2.057123899459839,2.057041645050049,5.992242257946145e-10,8.214735862566158e-05,0.0
1276,adam,0.00025,0.002481164126947988,0.00241590166115202,2.0482471340570877e-10,6.526232459691528e-05,0.0,2.05570912361145,2.0556323528289795,5.992242257946145e-10,7.682816794840619e-05,0.0
1277,adam,0.00025,0.0024589939130237326,0.0023947980953380466,2.0722235432971847e-10,6.419565670512384e-05,0.0,2.0560874938964844,2.0560121536254883,5.992242257946145e-10,7.525453111156821e-05,0.0
1278,adam,0.00025,0.002448656494379975,0.002386361673416104,2.0506708131598254e-10,6.229461678231019e-05,0.0,2.0556764602661133,2.0556020736694336,5.992242257946145e-10,7.443401409545913e-05,0.0
1279,adam,0.00025,0.0024440745946776588,0.0023819226007617544,2.0648205250812507e-10,6.215174516910338e-05,0.0,2.056272506713867,2.0561981201171875,5.992242257946145e-10,7.437512977048755e-05,0.0
1280,adam,0.00025,0.0024467977054882795,0.0023849223944125697,2.0641481199139435e-10,6.187511007738067e-05,0.0,2.055689573287964,2.0556132793426514,5.992242257946145e-10,7.630578329553828e-05,0.0
1281,adam,0.00025,0.002428122010314837,0.002366049520787783,2.0626505838172315e-10,6.207233764143893e-05,0.0,2.056596279144287,2.056522846221924,5.992242257946145e-10,7.354520494118333e-05,0.0
1282,adam,0.00025,0.0024210889496316668,0.0023596493228978943,2.089840017848509e-10,6.143942459857499e-05,0.0,2.0550172328948975,2.0549416542053223,5.992242257946145e-10,7.566990097984672e-05,0.0
1283,adam,0.00025,0.002434494745102711,0.002367833658354357,2.048776507897845e-10,6.666082390438532e-05,0.0,2.0559072494506836,2.0558223724365234,5.992242257946145e-10,8.481027907691896e-05,0.0
1284,adam,0.00025,0.0024544886182411574,0.002387692053162027,2.171372635858951e-10,6.679639932372083e-05,0.0,2.05409574508667,2.054023027420044,5.992242257946145e-10,7.272973016370088e-05,0.0
1285,adam,0.00025,0.0024805540961096995,0.002418168129224796,2.071870924316629e-10,6.238575633688015e-05,0.0,2.0564467906951904,2.056375741958618,5.992242257946145e-10,7.095770706655458e-05,0.0
1286,adam,0.00025,0.0024809701499179937,0.0024167736592062283,2.0898389496954933e-10,6.419629289666773e-05,0.0,2.055394172668457,2.0553200244903564,5.992242257946145e-10,7.414680294459686e-05,0.0
1287,adam,0.00025,0.002445464771881234,0.0023846820258768275,2.130201264556528e-10,6.078254818930873e-05,0.0,2.054694890975952,2.0546159744262695,5.992242257946145e-10,7.90176127338782e-05,0.0
1288,adam,0.00025,0.0024510922739864327,0.002386368389124982,2.0472559997429724e-10,6.47236593067646e-05,0.0,2.0556371212005615,2.055565118789673,5.992242257946145e-10,7.20096068107523e-05,0.0
1289,adam,0.00025,0.002570345088315662,0.002509530691895634,2.047253684735472e-10,6.081421793169284e-05,0.0,2.053067207336426,2.0529937744140625,5.992242257946145e-10,7.333861867664382e-05,0.0
1290,adam,0.00025,0.002679258555872366,0.00261718341789674,2.106916509536792e-10,6.20749592599168e-05,0.0,2.054331064224243,2.0542550086975098,5.992242257946145e-10,7.604304846609011e-05,0.0
1291,adam,0.00025,0.0030474836894427426,0.002980828176077921,2.189434342487138e-10,6.665535738648032e-05,0.0,2.053759813308716,2.0536537170410156,5.992242257946145e-10,0.00010615628707455471,0.0
1292,adam,0.00025,0.0034177987690782174,0.0033494160597911105,2.0472576447349543e-10,6.838254216745554e-05,0.0,2.0545809268951416,2.054501533508301,5.992242257946145e-10,7.937476766528562e-05,0.0
1293,adam,0.00025,0.003186347967130132,0.003117497923085466,2.047275738098935e-10,6.884986055410991e-05,0.0,2.0532124042510986,2.0531299114227295,5.992242257946145e-10,8.260320464614779e-05,0.0
1294,adam,0.00025,0.0031927079471643083,0.0031138821941567585,2.2642030434034718e-10,7.882549289206509e-05,0.0,2.0487380027770996,2.0486385822296143,5.992242257946145e-10,9.931110980687663e-05,0.0
1295,adam,0.00025,0.003075141787121538,0.0030006133965798654,2.0472537922766443e-10,7.452825320797274e-05,0.0,2.0513877868652344,2.051297426223755,5.992242257946145e-10,9.047125786310062e-05,0.0
1296,adam,0.00025,0.002975767529278528,0.0028999759451835416,2.0719126915213166e-10,7.579138286928355e-05,0.0,2.0525434017181396,2.0524635314941406,5.992242257946145e-10,7.976177585078403e-05,0.0
1297,adam,0.00025,0.002952085305878427,0.002887717229896225,2.0472538757259994e-10,6.436786702579411e-05,0.0,2.050649881362915,2.0505752563476562,5.992242257946145e-10,7.465023372787982e-05,0.0
1298,adam,0.00025,0.002985048689879477,0.002918050238804426,2.201755139478659e-10,6.699825416944805e-05,0.0,2.0513877868652344,2.051306962966919,5.992242257946145e-10,8.070492913248017e-05,0.0
1299,adam,0.00025,0.003160589258186519,0.0030835097932140343,2.0587495654445548e-10,7.707927170486073e-05,0.0,2.0513761043548584,2.0512824058532715,5.992242257946145e-10,9.35936623136513e-05,0.0
1300,adam,0.00025,0.0031580886789015494,0.003079321679251734,2.0587651020927885e-10,7.876676386331383e-05,0.0,2.0453288555145264,2.045241594314575,5.992242257946145e-10,8.722922939341515e-05,0.0
1301,adam,0.00025,0.00413794116320787,0.004059793544001877,2.0767809786745152e-10,7.814733385202999e-05,0.0,2.055288314819336,2.0552055835723877,5.992242257946145e-10,8.27707553980872e-05,0.0
1302,adam,0.00025,0.004223347190418281,0.004119739052839577,2.0898555549424938e-10,0.00010360801525166607,0.0,2.0461676120758057,2.0459911823272705,5.992242257946145e-10,0.00017645866319071501,0.0
1303,adam,0.00025,0.004761795717058703,0.004644109372748062,2.0472555906125593e-10,0.0001176861969724996,0.0,2.056641101837158,2.0564956665039062,5.992242257946145e-10,0.00014552840730175376,0.0
1304,adam,0.00025,0.006000424400554039,0.005837872900883667,2.0472538820208439e-10,0.00016255120590358274,0.0,2.0459210872650146,2.0456719398498535,5.992242257946145e-10,0.0002491906634531915,0.0
1305,adam,0.00025,0.0045482663554139435,0.004408629312820267,2.3657115559911163e-10,0.00013963680021333857,0.0,2.051301956176758,2.0511980056762695,5.992242257946145e-10,0.0001039853596012108,0.0
1306,adam,0.00025,0.005435540959297214,0.00534381403849693,2.0472538246114488e-10,9.172678528557299e-05,0.0,2.0428240299224854,2.0427193641662598,5.992242257946145e-10,0.00010459440818522125,0.0
1307,adam,0.00025,0.005739345586334821,0.00565118009399157,2.0983559433290003e-10,8.816529589239508e-05,0.0,2.0522513389587402,2.052138328552246,5.992242257946145e-10,0.00011293403076706454,0.0
1308,adam,0.00025,0.0050251478314748965,0.004936236495268531,2.0512181662727988e-10,8.891119296094985e-05,0.0,2.039334535598755,2.0392115116119385,5.992242257946145e-10,0.00012297002831473947,0.0
1309,adam,0.00025,0.004560774177662097,0.004435803821252193,2.0607152269131447e-10,0.0001249700871994719,0.0,2.051074266433716,2.0509588718414307,5.992242257946145e-10,0.00011528541654115543,0.0
1310,adam,0.00025,0.003518826255458407,0.0034236871579196304,2.2640880925946916e-10,9.51389188230678e-05,0.0,2.0506577491760254,2.0505752563476562,5.992242257946145e-10,8.239501767093316e-05,0.0
1311,adam,0.00025,0.00385147167253308,0.0037721755943493918,2.0549330461415335e-10,7.929600633360678e-05,0.0,2.0527122020721436,2.052628755569458,5.992242257946145e-10,8.342271758010611e-05,0.0
1312,adam,0.00025,0.0033532269517309032,0.0032620468773529865,2.0472564655401544e-10,9.117994932239526e-05,0.0,2.0484619140625,2.048353672027588,5.992242257946145e-10,0.00010833096894202754,0.0
1313,adam,0.00025,0.0040410269575659186,0.003958602494094521,2.047322915769322e-10,8.242432068072958e-05,0.0,2.0467710494995117,2.046689033508301,5.992242257946145e-10,8.196543058147654e-05,0.0
1314,adam,0.00025,0.0039714464073767886,0.0038991074106888846,2.0472537096580598e-10,7.233880910462176e-05,0.0,2.045711040496826,2.0456056594848633,5.992242257946145e-10,0.00010539402137510478,0.0
1315,adam,0.00025,0.003962729009799659,0.0038545273419003934,2.1758205975367602e-10,0.00010820142188094906,0.0,2.058759927749634,2.0586740970611572,5.992242257946145e-10,8.582849113736302e-05,0.0
1316,adam,0.00025,0.00464736063440796,0.004557078653306235,2.0472602158229976e-10,9.02818528629723e-05,0.0,2.0472235679626465,2.0471341609954834,5.992242257946145e-10,8.949634502641857e-05,0.0
1317,adam,0.00025,0.005785543784440961,0.005674417065165471,2.1289967058724358e-10,0.00011112665242762887,0.0,2.0475449562072754,2.047438621520996,5.992242257946145e-10,0.00010629275493556634,0.0
1318,adam,0.00025,0.007056482805637643,0.006952203752007335,2.0507068936132761e-10,0.00010427897314002621,0.0,2.0457379817962646,2.045628786087036,5.992242257946145e-10,0.00010920183558482677,0.0
1319,adam,0.00025,0.005665061624313239,0.005537563578400295,2.287891019195658e-10,0.0001274978262699733,0.0,2.051241159439087,2.051140308380127,5.992242257946145e-10,0.0001009301413432695,0.0
1320,adam,0.00025,0.009028050379129127,0.008834726482746191,2.0724175518421215e-10,0.00019332384454173734,0.0,2.0618438720703125,2.0616860389709473,5.992242257946145e-10,0.00015783483104314655,0.0
1321,adam,0.00025,0.013620034966152161,0.013448608820908703,2.0526160837465266e-10,0.00017142592378149857,0.0,2.0230424404144287,2.022845983505249,5.992242257946145e-10,0.0001964769180631265,0.0
1322,adam,0.00025,0.014632468271884136,0.014404206522158347,2.0898680088722848e-10,0.0002282617851960822,0.0,2.0367462635040283,2.0364420413970947,5.992242257946145e-10,0.0003042785101570189,0.0
1323,adam,0.00025,0.018634816544363275,0.018353150371694937,2.0472700040235042e-10,0.0002816662763507338,0.0,2.080634593963623,2.080179452896118,5.992242257946145e-10,0.0004550657467916608,0.0
1324,adam,0.00025,0.050114211306208745,0.04951288455049507,2.047253740423438e-10,0.0006013259862811537,0.0,2.0299935340881348,2.0295088291168213,5.992242257946145e-10,0.00048462755512446165,0.0
1325,adam,0.00025,0.030419570568483323,0.029897190514020622,2.047255166916819e-10,0.0005223799398663687,0.0,2.000624179840088,2.0000128746032715,5.992242257946145e-10,0.0006111886468715966,0.0
1326,adam,0.00025,0.03545211529126391,0.034970154985785484,2.0472541511521956e-10,0.00048196014904533513,0.0,2.087615728378296,2.086725950241089,5.992242257946145e-10,0.0008898392552509904,0.0
1327,adam,0.00025,0.0354778851615265,0.03468849661294371,2.0472537612167568e-10,0.0007893884667282691,0.0,2.0844085216522217,2.08392333984375,5.992242257946145e-10,0.00048510669148527086,0.0
1328,adam,0.00025,0.023147571075242013,0.022735150472726673,2.047253801326265e-10,0.0004124204715481028,0.0,2.039716958999634,2.039339065551758,5.992242257946145e-10,0.00037793960655108094,0.0
1329,adam,0.00025,0.01561025733826682,0.015205023344606161,2.0472674978086556e-10,0.00040523385541746393,0.0,2.0864357948303223,2.0862059593200684,5.992242257946145e-10,0.00022993139282334596,0.0
1330,adam,0.00025,0.010164191713556647,0.009951609725249,2.1629640841490202e-10,0.00021258168726490112,0.0,2.061030626296997,2.06083607673645,5.992242257946145e-10,0.00019463596981950104,0.0
1331,adam,0.00025,0.007288827633601613,0.007119064059224911,2.0472537417852254e-10,0.00016976339429675136,0.0,2.062657356262207,2.062523126602173,5.992242257946145e-10,0.00013431049592327327,0.0
1332,adam,0.00025,0.005493221295182593,0.005371782070142217,2.0898434251604327e-10,0.00012143905769335106,0.0,2.0563931465148926,2.056279420852661,5.992242257946145e-10,0.0001136731225415133,0.0
1333,adam,0.00025,0.004398468496219721,0.004294326157832984,2.0602714758910257e-10,0.00010414226244392921,0.0,2.0553109645843506,2.055218458175659,5.992242257946145e-10,9.240125655196607e-05,0.0
1334,adam,0.00025,0.0038000885251676664,0.0037153228840907104,2.0718692896119118e-10,8.476546008751029e-05,0.0,2.057687282562256,2.0575764179229736,5.992242257946145e-10,0.0001108366486732848,0.0
1335,adam,0.00025,0.0036671562265837565,0.003576882190827746,2.2644347036322932e-10,9.027384885484935e-05,0.0,2.0586845874786377,2.058598518371582,5.992242257946145e-10,8.616325067123398e-05,0.0
1336,adam,0.00025,0.0035942915856139734,0.003518311830703169,2.0472537401285811e-10,7.597956800964312e-05,0.0,2.0568785667419434,2.0567855834960938,5.992242257946145e-10,9.306288848165423e-05,0.0
1337,adam,0.00025,0.0035876531692338176,0.0035139978426741436,2.0472537534790612e-10,7.36551903628424e-05,0.0,2.0573008060455322,2.0572235584259033,5.992242257946145e-10,7.72520070313476e-05,0.0
1338,adam,0.00025,0.002953456983959768,0.0028832115276600234,2.086860825560476e-10,7.024518617981812e-05,0.0,2.058277130126953,2.0582008361816406,5.992242257946145e-10,7.6342883403413e-05,0.0
1339,adam,0.00025,0.0028755284001817927,0.0028015279312967323,2.0472582068516277e-10,7.40002883503621e-05,0.0,2.0585319995880127,2.058460235595703,5.992242257946145e-10,7.183166599133983e-05,0.0
1340,adam,0.00025,0.002769439415715169,0.002704384380194824,2.0472549455249722e-10,6.505488204311405e-05,0.0,2.0544638633728027,2.054395914077759,5.992242257946145e-10,6.786100857425481e-05,0.0
1341,adam,0.00025,0.002644209220306948,0.0025831097591435537,2.0606900960389198e-10,6.109924697739189e-05,0.0,2.059037923812866,2.058971405029297,5.992242257946145e-10,6.645101530011743e-05,0.0
1342,adam,0.00025,0.0024688153716851957,0.002408736098004738,2.0718786842152164e-10,6.007914430483652e-05,0.0,2.055830717086792,2.0557608604431152,5.992242257946145e-10,6.987952656345442e-05,0.0
1343,adam,0.00025,0.0023726776416879147,0.00231263361274614,2.0477397842074207e-10,6.0043861594749615e-05,0.0,2.0566558837890625,2.0565860271453857,5.992242257946145e-10,6.982593913562596e-05,0.0
1344,adam,0.00025,0.0023135111841838807,0.0022557868651347235,2.0898388011960592e-10,5.772417898697313e-05,0.0,2.0564932823181152,2.056428909301758,5.992242257946145e-10,6.441721779992804e-05,0.0
1345,adam,0.00025,0.002282738540088758,0.002226430133305257,2.324184455820319e-10,5.6308237617486157e-05,0.0,2.0556397438049316,2.0555763244628906,5.992242257946145e-10,6.353725621011108e-05,0.0
1346,adam,0.00025,0.002268894575536251,0.002214262156485347,2.1566493259612817e-10,5.4632179399050074e-05,0.0,2.0554587841033936,2.055393934249878,5.992242257946145e-10,6.484409823315218e-05,0.0
1347,adam,0.00025,0.0022603226934734266,0.0022047576640034094,2.057557416979747e-10,5.5564908507221844e-05,0.0,2.0558860301971436,2.05582332611084,5.992242257946145e-10,6.264539842959493e-05,0.0
1348,adam,0.00025,0.0022426554387493525,0.002188170481531415,2.264103820904743e-10,5.448470801638905e-05,0.0,2.055889129638672,2.0558271408081055,5.992242257946145e-10,6.203783414093778e-05,0.0
1349,adam,0.00025,0.002236367126897676,0.0021836059568158817,2.323126649300935e-10,5.2761009783353074e-05,0.0,2.0551795959472656,2.055116891860962,5.992242257946145e-10,6.267932621994987e-05,0.0
1350,adam,0.00025,0.0022190697927726433,0.0021664030900865328,2.1290881608049768e-10,5.266652897262247e-05,0.0,2.055185556411743,2.0551235675811768,5.992242257946145e-10,6.209530693013221e-05,0.0
1351,adam,0.00025,0.002203647425631061,0.0021517051936825737,2.0615275934289935e-10,5.194207619751978e-05,0.0,2.0556390285491943,2.0555763244628906,5.992242257946145e-10,6.266572745516896e-05,0.0
1352,adam,0.00025,0.0021882329892832786,0.002136899925972102,2.0486196535028744e-10,5.133287208991533e-05,0.0,2.0541980266571045,2.054136276245117,5.992242257946145e-10,6.163370562717319e-05,0.0
1353,adam,0.00025,0.0022045006007829215,0.002152512603061041,2.0498489754721195e-10,5.198780149839877e-05,0.0,2.055389881134033,2.0553297996520996,5.992242257946145e-10,6.010380820953287e-05,0.0
1354,adam,0.00025,0.0021707679588871542,0.0021194886503508314,2.0507069373444622e-10,5.127906206325861e-05,0.0,2.0542378425598145,2.054178237915039,5.992242257946145e-10,5.965265881968662e-05,0.0
1355,adam,0.00025,0.002171547654143069,0.002119858101650607,2.052433348493316e-10,5.168943926037173e-05,0.0,2.05373215675354,2.053668975830078,5.992242257946145e-10,6.327772280201316e-05,0.0
1356,adam,0.00025,0.002178533424739726,0.0021266246112645604,2.0491201087083996e-10,5.1908561090385774e-05,0.0,2.055095672607422,2.0550358295440674,5.992242257946145e-10,5.989173223497346e-05,0.0
1357,adam,0.00025,0.002167946866393322,0.002116687570378417,2.0675597086189268e-10,5.125917073200981e-05,0.0,2.053365707397461,2.0533008575439453,5.992242257946145e-10,6.496775313280523e-05,0.0
1358,adam,0.00025,0.002168542308936594,0.0021157354858587496,2.2017865603691253e-10,5.28065772869013e-05,0.0,2.054029703140259,2.0539700984954834,5.992242257946145e-10,5.967395190964453e-05,0.0
1359,adam,0.00025,0.002154174944735132,0.002104183644405566,2.047293845928518e-10,4.9991071136901155e-05,0.0,2.053422689437866,2.053363561630249,5.992242257946145e-10,5.923920980421826e-05,0.0
1360,adam,0.00025,0.0021420458506327122,0.002091159378323937,2.408513782082751e-10,5.0886294502561213e-05,0.0,2.0536272525787354,2.053567886352539,5.992242257946145e-10,5.941873314441182e-05,0.0
1361,adam,0.00025,0.002137510888132965,0.0020876734524790663,2.0479068526436168e-10,4.983720646123402e-05,0.0,2.052953004837036,2.0528931617736816,5.992242257946145e-10,5.989322380628437e-05,0.0
1362,adam,0.00025,0.002144405330909649,0.0020934954336553346,2.0472536248343772e-10,5.090971035315306e-05,0.0,2.0540192127227783,2.053957223892212,5.992242257946145e-10,6.20775026618503e-05,0.0
1363,adam,0.00025,0.0021779702801723033,0.0021233987354207784,2.0626953720025126e-10,5.457135398501123e-05,0.0,2.0528066158294678,2.052738904953003,5.992242257946145e-10,6.759311509085819e-05,0.0
1364,adam,0.00025,0.002157053651899332,0.0021036713806097396,2.161213688424149e-10,5.338209416549944e-05,0.0,2.0526530742645264,2.0525927543640137,5.992242257946145e-10,6.030066288076341e-05,0.0
1365,adam,0.00025,0.0021526076561713126,0.002100234265526524,2.0834380275351355e-10,5.2373164407981676e-05,0.0,2.053758144378662,2.053694009780884,5.992242257946145e-10,6.411949289031327e-05,0.0
1366,adam,0.00025,0.0021553386250161566,0.0021039258026576135,2.075029847292877e-10,5.141258066032606e-05,0.0,2.0526957511901855,2.052626132965088,5.992242257946145e-10,6.95306298439391e-05,0.0
1367,adam,0.00025,0.002258850981888827,0.002206846696935827,2.0491986540731353e-10,5.200404712013551e-05,0.0,2.0529444217681885,2.0528836250305176,5.992242257946145e-10,6.087800284149125e-05,0.0
1368,adam,0.00025,0.0021404766994237434,0.0020900965137116145,2.265111848756037e-10,5.03799669786531e-05,0.0,2.052259683609009,2.052201747894287,5.992242257946145e-10,5.783750020782463e-05,0.0
1369,adam,0.00025,0.002281023858813569,0.0022272446658462286,2.047606960566272e-10,5.3778949222760275e-05,0.0,2.050339460372925,2.0502684116363525,5.992242257946145e-10,7.109524449333549e-05,0.0
1370,adam,0.00025,0.002357510125875706,0.0023035556623653974,2.0478360867247721e-10,5.395424568632734e-05,0.0,2.0529539585113525,2.0528805255889893,5.992242257946145e-10,7.34097629901953e-05,0.0
1371,adam,0.00025,0.0023350927876890637,0.002281807945109904,2.0510471509517877e-10,5.3284685009202803e-05,0.0,2.050945997238159,2.0508835315704346,5.992242257946145e-10,6.237874185899273e-05,0.0
1372,adam,0.00025,0.0022267635686148424,0.002173094624595251,2.1015166335437382e-10,5.3668677537643816e-05,0.0,2.052515983581543,2.0524532794952393,5.992242257946145e-10,6.258893699850887e-05,0.0
1373,adam,0.00025,0.0021891206306463573,0.002138396474038018,2.0899078214815112e-10,5.072391354588035e-05,0.0,2.053370237350464,2.05330753326416,5.992242257946145e-10,6.260313239181414e-05,0.0
1374,adam,0.00025,0.002153702276700642,0.0021028978262620512,2.0472538434084168e-10,5.0804257170966594e-05,0.0,2.0525667667388916,2.0525081157684326,5.992242257946145e-10,5.86962814850267e-05,0.0
1375,adam,0.00025,0.0021476459478435572,0.0020996459606976714,2.2984774353396192e-10,4.799976181857346e-05,0.0,2.0500752925872803,2.050013303756714,5.992242257946145e-10,6.208184640854597e-05,0.0
1376,adam,0.00025,0.0020952560225850902,0.002046295609034132,2.0718693599770067e-10,4.896014979749452e-05,0.0,2.0520639419555664,2.052006244659424,5.992242257946145e-10,5.7582052249927074e-05,0.0
1377,adam,0.00025,0.002146462502423674,0.0020959888206562027,2.0472674127453719e-10,5.047352578912978e-05,0.0,2.050238609313965,2.0501797199249268,5.992242257946145e-10,5.890238389838487e-05,0.0
1378,adam,0.00025,0.002161381948099006,0.002112467926053796,2.0608070311330888e-10,4.891379467153456e-05,0.0,2.0519680976867676,2.0519096851348877,5.992242257946145e-10,5.842085010954179e-05,0.0
1379,adam,0.00025,0.002178392005589558,0.0021299619183992036,2.0472977989088601e-10,4.842989324060909e-05,0.0,2.0509390830993652,2.0508790016174316,5.992242257946145e-10,6.007702540955506e-05,0.0
1380,adam,0.00025,0.002293836743774591,0.002243848062789766,2.047345526557872e-10,4.998841723136138e-05,0.0,2.0528929233551025,2.052826166152954,5.992242257946145e-10,6.669459980912507e-05,0.0
1381,adam,0.00025,0.0025035568978637457,0.0024448901604046114,2.047254130089398e-10,5.8666530094342306e-05,0.0,2.0489916801452637,2.0489277839660645,5.992242257946145e-10,6.379862315952778e-05,0.0
1382,adam,0.00025,0.003208582194929477,0.00315065988979768,2.1776843496104137e-10,5.7922216456063325e-05,0.0,2.060879945755005,2.0607941150665283,5.992242257946145e-10,8.583707676734775e-05,0.0
1383,adam,0.00025,0.005578579206485301,0.005495216486451682,2.4185506297622453e-10,8.336258088093018e-05,0.0,2.0407309532165527,2.040632963180542,5.992242257946145e-10,9.798834071261808e-05,0.0
1384,adam,0.00025,0.009315106231952086,0.009192465506203007,2.0472538135159624e-10,0.0001226406870955543,0.0,2.050508737564087,2.050332546234131,5.992242257946145e-10,0.0001761015155352652,0.0
1385,adam,0.00025,0.008504993515089154,0.008371414383873343,2.0506738939404155e-10,0.00013357892567000818,0.0,2.0586249828338623,2.0585122108459473,5.992242257946145e-10,0.000112832487502601,0.0
1386,adam,0.00025,0.008425948733929545,0.00827709362783935,2.0546305645011988e-10,0.00014885486461935216,0.0,2.0448391437530518,2.044711112976074,5.992242257946145e-10,0.0001279932912439108,0.0
1387,adam,0.00025,0.009835575940087438,0.0096769687224878,2.3282580978200323e-10,0.00015860697476455243,0.0,2.0339818000793457,2.0335795879364014,5.992242257946145e-10,0.0004022697976324707,0.0
1388,adam,0.00025,0.011931333225220442,0.011685655612382106,2.0483102720083843e-10,0.00024567735545133473,0.0,2.0645804405212402,2.0643599033355713,5.992242257946145e-10,0.00022050397819839418,0.0
1389,adam,0.00025,0.030811290052952245,0.03049709100741893,2.264049944133726e-10,0.00031419940842170035,0.0,2.066363573074341,2.065911054611206,5.992242257946145e-10,0.00045240300823934376,0.0
1390,adam,0.00025,0.06464245409006253,0.06381490756757557,2.0551433418033807e-10,0.0008275463242171099,0.0,2.0537497997283936,2.0530593395233154,5.992242257946145e-10,0.0006905460613779724,0.0
1391,adam,0.00025,0.06331756722647697,0.06253050273517147,2.047254549491012e-10,0.0007870644549257122,0.0,2.0375685691833496,2.036978244781494,5.992242257946145e-10,0.0005903808050788939,0.0
1392,adam,0.00025,0.04873282933840528,0.04816032119560987,2.0506715662261139e-10,0.0005725081009586575,0.0,2.008305549621582,2.007697343826294,5.992242257946145e-10,0.0006081370520405471,0.0
1393,adam,0.00025,0.036901169281918555,0.03638392681023106,2.04759858308286e-10,0.0005172420151211554,0.0,2.08001708984375,2.0795416831970215,5.992242257946145e-10,0.0004754785040859133,0.0
1394,adam,0.00025,0.03025209385668859,0.02978110418189317,2.0491988070946003e-10,0.00047098925824684557,0.0,2.05238676071167,2.0519003868103027,5.992242257946145e-10,0.0004864871734753251,0.0
1395,adam,0.00025,0.024535279080737382,0.024125475494656712,2.0837812554459533e-10,0.0004098035087736207,0.0,2.039182662963867,2.0388708114624023,5.992242257946145e-10,0.00031196826603263617,0.0
1396,adam,0.00025,0.022355617984430864,0.0220507032063324,2.0473228642674027e-10,0.00030491464076476404,0.0,2.0359883308410645,2.0357537269592285,5.992242257946145e-10,0.00023467530263587832,0.0
1397,adam,0.00025,0.013223855901742354,0.013008098903810605,2.047268237499235e-10,0.00021575681967078708,0.0,2.044949531555176,2.0445971488952637,5.992242257946145e-10,0.00035243123420514166,0.0
1398,adam,0.00025,0.009900064091198146,0.009693399391835555,2.0483436607636454e-10,0.00020666451018769294,0.0,2.046538829803467,2.04638671875,5.992242257946145e-10,0.0001520710065960884,0.0
1399,adam,0.00025,0.006924837158294395,0.006779619012377225,2.0472855926982883e-10,0.00014521803495881613,0.0,2.033057451248169,2.0328848361968994,5.992242257946145e-10,0.0001726394984871149,0.0
1400,adam,0.00025,0.0053890539857093245,0.005277516640489921,2.0642913991395747e-10,0.00011153725245094392,0.0,2.0363616943359375,2.0362651348114014,5.992242257946145e-10,9.659495117375627e-05,0.0
1401,adam,0.00025,0.005061941090389155,0.004939165839459747,2.051158006422641e-10,0.00012277511041247635,0.0,2.0366055965423584,2.0364503860473633,5.992242257946145e-10,0.00015524910122621804,0.0
1402,adam,0.00025,0.004783675743965432,0.004688622684625443,2.047258953747579e-10,9.505296611678204e-05,0.0,2.034675121307373,2.034579038619995,5.992242257946145e-10,9.604089427739382e-05,0.0
1403,adam,0.00025,0.0034450332168489695,0.0033630398320383392,2.0506709481249964e-10,8.199325702662463e-05,0.0,2.034925699234009,2.0348451137542725,5.992242257946145e-10,8.070212788879871e-05,0.0
1404,adam,0.00025,0.0032159797701751813,0.003144437687296886,2.047253795517174e-10,7.15419480457058e-05,0.0,2.03865122795105,2.0385632514953613,5.992242257946145e-10,8.796527254162356e-05,0.0
1405,adam,0.00025,0.0028398909271345474,0.002771123152342625,2.2207740140600203e-10,6.876760949126037e-05,0.0,2.0320792198181152,2.0320019721984863,5.992242257946145e-10,7.716748950770125e-05,0.0
1406,adam,0.00025,0.00286013180448208,0.002793414329062216,2.0476042401825837e-10,6.671725031992537e-05,0.0,2.038717269897461,2.0386335849761963,5.992242257946145e-10,8.378546772291884e-05,0.0
1407,adam,0.00025,0.002985720413562376,0.002920850398368202,2.0472537334275745e-10,6.486980441877677e-05,0.0,2.0345170497894287,2.0344395637512207,5.992242257946145e-10,7.742901652818546e-05,0.0
1408,adam,0.00025,0.00311709306697594,0.00305121012206655,2.0473266785797825e-10,6.588271139662538e-05,0.0,2.038393497467041,2.038309097290039,5.992242257946145e-10,8.440086821792647e-05,0.0
1409,adam,0.00025,0.003138649422908202,0.003068931408051867,2.0472563535667994e-10,6.971782454456843e-05,0.0,2.033501625061035,2.0334229469299316,5.992242257946145e-10,7.860385085223243e-05,0.0
1410,adam,0.00025,0.002905317560362164,0.0028396187408361584,2.0487763780937516e-10,6.569863148797594e-05,0.0,2.0387394428253174,2.0386672019958496,5.992242257946145e-10,7.232423376990482e-05,0.0
1411,adam,0.00025,0.0025591339144739322,0.002499805581464898,2.0783461606755442e-10,5.932809426667518e-05,0.0,2.035351037979126,2.035278797149658,5.992242257946145e-10,7.22026961739175e-05,0.0
1412,adam,0.00025,0.002399192380835302,0.002339321916224435,2.2206886069003544e-10,5.987028748677403e-05,0.0,2.035888433456421,2.0358176231384277,5.992242257946145e-10,7.073504821164533e-05,0.0
1413,adam,0.00025,0.0023246210912475362,0.002268119831569493,2.0578674109869885e-10,5.6501129392927396e-05,0.0,2.038288116455078,2.0382211208343506,5.992242257946145e-10,6.700014637317508e-05,0.0
1414,adam,0.00025,0.002259921999211656,0.0022030997497495264,2.0472833460126141e-10,5.6822135775291827e-05,0.0,2.036855936050415,2.0367894172668457,5.992242257946145e-10,6.65687330183573e-05,0.0
1415,adam,0.00025,0.0022486918678623624,0.0021947768873360474,2.0472545914622886e-10,5.3914750196781824e-05,0.0,2.0373377799987793,2.0372724533081055,5.992242257946145e-10,6.542939809150994e-05,0.0
1416,adam,0.00025,0.0022177733189892024,0.002163953577110078,2.047254360724161e-10,5.381955747907341e-05,0.0,2.037599802017212,2.0375330448150635,5.992242257946145e-10,6.671602022834122e-05,0.0
1417,adam,0.00025,0.0021891996584599838,0.002135922357410891,2.0472548216003462e-10,5.327706526259135e-05,0.0,2.036886215209961,2.0368213653564453,5.992242257946145e-10,6.478797877207398e-05,0.0
1418,adam,0.00025,0.0021704762439185288,0.0021158669842407107,2.048776207146621e-10,5.460907914311974e-05,0.0,2.0383095741271973,2.038243293762207,5.992242257946145e-10,6.628842675127089e-05,0.0
1419,adam,0.00025,0.0027920296051888727,0.0027392493320803624,2.0608742171289557e-10,5.2780051873924094e-05,0.0,2.037492036819458,2.037423849105835,5.992242257946145e-10,6.809095066273585e-05,0.0
1420,adam,0.00025,0.002137891511665657,0.0020851480767305475,2.0472551069244533e-10,5.2743286005352275e-05,0.0,2.0383455753326416,2.038283348083496,5.992242257946145e-10,6.224490061867982e-05,0.0
1421,adam,0.00025,0.0021353554766392335,0.0020847127016168088,2.0476341165211762e-10,5.0642604037420824e-05,0.0,2.0370066165924072,2.036944627761841,5.992242257946145e-10,6.209758430486545e-05,0.0
1422,adam,0.00025,0.0021088144931127317,0.0020579788651957642,2.089842079821576e-10,5.083534597360995e-05,0.0,2.0384669303894043,2.038404703140259,5.992242257946145e-10,6.22634106548503e-05,0.0
1423,adam,0.00025,0.002106901400111383,0.0020537205746222753,2.0475940353678963e-10,5.3180585155132576e-05,0.0,2.0379788875579834,2.037916421890259,5.992242257946145e-10,6.249811849556863e-05,0.0
1424,adam,0.00025,0.0020961542177246884,0.0020452905519050546,2.0511553954266404e-10,5.0863518481492065e-05,0.0,2.0380403995513916,2.0379796028137207,5.992242257946145e-10,6.0847716667922214e-05,0.0
1425,adam,0.00025,0.00208166616721428,0.0020320194598753005,2.0606927803804297e-10,4.964648314853548e-05,0.0,2.0375263690948486,2.037465810775757,5.992242257946145e-10,6.060543819330633e-05,0.0
1426,adam,0.00025,0.002721764598391019,0.002672121012437856,2.0474449076382085e-10,4.9643348802419496e-05,0.0,2.0379409790039062,2.0378811359405518,5.992242257946145e-10,5.983674418530427e-05,0.0
1427,adam,0.00025,0.0020544675426208414,0.0020049284503329545,2.0511559130561507e-10,4.9538947678229306e-05,0.0,2.0375192165374756,2.0374598503112793,5.992242257946145e-10,5.92534379393328e-05,0.0
1428,adam,0.00025,0.0020498139929259196,0.0020011462256661616,2.047293813224973e-10,4.8667512828615145e-05,0.0,2.038179874420166,2.038121223449707,5.992242257946145e-10,5.869297092431225e-05,0.0
1429,adam,0.00025,0.0020670938210969325,0.002017633774812566,2.1608742384583182e-10,4.9459808906249236e-05,0.0,2.0383570194244385,2.0382986068725586,5.992242257946145e-10,5.838419747306034e-05,0.0
1430,adam,0.00025,0.002039115108345868,0.0019916619639843702,2.0472536327504626e-10,4.745295495922619e-05,0.0,2.0375449657440186,2.037485361099243,5.992242257946145e-10,5.9561039961408824e-05,0.0
1431,adam,0.00025,0.002036529109318508,0.0019887469497916754,2.0472537721586192e-10,4.778196898769238e-05,0.0,2.0377204418182373,2.0376620292663574,5.992242257946145e-10,5.837885692017153e-05,0.0
1432,adam,0.00025,0.0020290254942665342,0.0019820042507490143,2.0540834717566243e-10,4.7021062982821604e-05,0.0,2.0383846759796143,2.038325548171997,5.992242257946145e-10,5.92404612689279e-05,0.0
1433,adam,0.00025,0.0020217830751789734,0.0019741089417948388,2.054058939719473e-10,4.767390782944858e-05,0.0,2.0379018783569336,2.037844181060791,5.992242257946145e-10,5.7626606576377526e-05,0.0
1434,adam,0.00025,0.0020076090513612144,0.0019593945908127353,2.0853577148920817e-10,4.8214309572358616e-05,0.0,2.037736415863037,2.037677526473999,5.992242257946145e-10,5.889371823286638e-05,0.0
1435,adam,0.00025,0.0020067628611286636,0.0019594132390921004,2.2640497579799716e-10,4.734938261208299e-05,0.0,2.037987232208252,2.037929058074951,5.992242257946145e-10,5.812220842926763e-05,0.0
1436,adam,0.00025,0.0020105480471102055,0.0019624249689513817,2.1328982438544962e-10,4.8122885345947e-05,0.0,2.0381181240081787,2.0380568504333496,5.992242257946145e-10,6.11770010436885e-05,0.0
1437,adam,0.00025,0.0026401468421681784,0.002590524683910189,2.0472855837329408e-10,4.9621944526734296e-05,0.0,2.038184881210327,2.038114547729492,5.992242257946145e-10,7.029772677924484e-05,0.0
1438,adam,0.00025,0.0020066648721694946,0.0019530078971001785,2.0484637566124762e-10,5.365681204239081e-05,0.0,2.0382485389709473,2.0381829738616943,5.992242257946145e-10,6.555005529662594e-05,0.0
1439,adam,0.00025,0.0019981707373517565,0.0019503079347487073,2.4374844834912165e-10,4.7862589553915313e-05,0.0,2.03721022605896,2.037153482437134,5.992242257946145e-10,5.674267958966084e-05,0.0
1440,adam,0.00025,0.001985394297662424,0.001939088171639014,2.0472854143305534e-10,4.6305962086989894e-05,0.0,2.0378596782684326,2.0378005504608154,5.992242257946145e-10,5.903584315092303e-05,0.0
1441,adam,0.00025,0.0020237611497577745,0.00197673522416153,2.0527256242656978e-10,4.7025729827510077e-05,0.0,2.0370168685913086,2.0369601249694824,5.992242257946145e-10,5.6822264014044777e-05,0.0
1442,adam,0.00025,0.002028441635047784,0.0019824620358122047,2.04725414637043e-10,4.5979385504324455e-05,0.0,2.0389630794525146,2.038907051086426,5.992242257946145e-10,5.591167791862972e-05,0.0
1443,adam,0.00025,0.002062529860268114,0.0020144918744335882,2.060690765568569e-10,4.8037794385891175e-05,0.0,2.037008762359619,2.0369508266448975,5.992242257946145e-10,5.8029498177347705e-05,0.0
1444,adam,0.00025,0.0027635317455860786,0.0027173467497050297,2.0472854215848612e-10,4.618480897988775e-05,0.0,2.0404322147369385,2.0403659343719482,5.992242257946145e-10,6.637519982177764e-05,0.0
1445,adam,0.00025,0.0023913231125334278,0.002337286339752609,2.2774864330959172e-10,5.403658178693149e-05,0.0,2.0354056358337402,2.0353314876556396,5.992242257946145e-10,7.424668001476675e-05,0.0
1446,adam,0.00025,0.0022257201017055195,0.0021698113559978083,2.1608727274506366e-10,5.590850378212053e-05,0.0,2.0396227836608887,2.0395631790161133,5.992242257946145e-10,5.950831837253645e-05,0.0
1447,adam,0.00025,0.002447848757583415,0.002394565148279071,2.0913621762472324e-10,5.328347901922825e-05,0.0,2.035858392715454,2.035784959793091,5.992242257946145e-10,7.349848601734266e-05,0.0
1448,adam,0.00025,0.0027947016424150206,0.002739473682595417,2.0474020866545881e-10,5.522774290511734e-05,0.0,2.0385937690734863,2.0385241508483887,5.992242257946145e-10,6.972754636080936e-05,0.0
1449,adam,0.00025,0.0031537386930722278,0.003093441846431233,2.0507611544843864e-10,6.029658243278391e-05,0.0,2.0347652435302734,2.034684181213379,5.992242257946145e-10,8.101341518340632e-05,0.0
1450,adam,0.00025,0.0032500148518010974,0.003174824007146526,2.086933892344117e-10,7.51906202367536e-05,0.0,2.0340709686279297,2.0339770317077637,5.992242257946145e-10,9.385854355059564e-05,0.0
1451,adam,0.00025,0.005394873449404258,0.005292926791298669,2.047267788815725e-10,0.00010194649576078518,0.0,2.04575252532959,2.045520067214966,5.992242257946145e-10,0.00023239369329530746,0.0
1452,adam,0.00025,0.01002616584446514,0.009836051969614346,2.085489826574278e-10,0.00019011353697351296,0.0,2.034882068634033,2.034705638885498,5.992242257946145e-10,0.00017642643069848418,0.0
1453,adam,0.00025,0.010456378251546994,0.01028489021700807,2.0472771588546937e-10,0.00017148784036180587,0.0,2.038097858428955,2.0379481315612793,5.992242257946145e-10,0.0001498130295658484,0.0
1454,adam,0.00025,0.005809087248053402,0.005662355870299507,2.0826075896025913e-10,0.0001467312144995958,0.0,2.0318775177001953,2.031792402267456,5.992242257946145e-10,8.523409633198753e-05,0.0
1455,adam,0.00025,0.005001752768293954,0.004923797168885358,2.0472542595578214e-10,7.795535748300608e-05,0.0,2.0366759300231934,2.036571502685547,5.992242257946145e-10,0.00010441109770908952,0.0
1456,adam,0.00025,0.0069267730723368,0.006786419275158551,2.2033392524995642e-10,0.00014035365120435017,0.0,2.0363900661468506,2.0362775325775146,5.992242257946145e-10,0.00011246911162743345,0.0
1457,adam,0.00025,0.006093949850765057,0.005990399440634064,2.0473674639893916e-10,0.00010355024733144091,0.0,2.039292335510254,2.039133071899414,5.992242257946145e-10,0.00015921714657451957,0.0
1458,adam,0.00025,0.0064746996577014215,0.006329044292215258,2.0472679954566918e-10,0.00014565529136234545,0.0,2.028459310531616,2.0283756256103516,5.992242257946145e-10,8.356993203051388e-05,0.0
1459,adam,0.00025,0.008556142507586628,0.008380121522350237,2.0473077558446826e-10,0.00017602079969947226,0.0,2.039412498474121,2.0391995906829834,5.992242257946145e-10,0.0002128715714206919,0.0
1460,adam,0.00025,0.008433487571892329,0.008290342491818592,2.1676105187914953e-10,0.000143144952289731,0.0,2.0609569549560547,2.060811758041382,5.992242257946145e-10,0.000145131372846663,0.0
1461,adam,0.00025,0.017849438125267625,0.017657904943916947,2.0864018568456735e-10,0.00019153268476657104,0.0,2.0693469047546387,2.069040060043335,5.992242257946145e-10,0.000306805974105373,0.0
1462,adam,0.00025,0.01647656233399175,0.016202312996028922,2.201786405322656e-10,0.00027424901963968296,0.0,2.0433144569396973,2.0430915355682373,5.992242257946145e-10,0.00022294983500614762,0.0
1463,adam,0.00025,0.018219083023723215,0.017974176269490272,2.0546187242723215e-10,0.0002449064813845325,0.0,2.048062801361084,2.047583818435669,5.992242257946145e-10,0.00047905032988637686,0.0
1464,adam,0.00025,0.02882837416836992,0.028439317538868636,2.086860832403344e-10,0.0003890566349582514,0.0,2.0130367279052734,2.012702465057373,5.992242257946145e-10,0.0003342272830195725,0.0
1465,adam,0.00025,0.013041603786405176,0.012765443592797965,2.047942302704344e-10,0.0002761601745078224,0.0,1.9993640184402466,1.9991939067840576,5.992242257946145e-10,0.00017007676069624722,0.0
1466,adam,0.00025,0.013109213934512809,0.012857397552579641,2.0933081051484696e-10,0.00025181627370329807,0.0,2.0432374477386475,2.043039321899414,5.992242257946145e-10,0.0001981620880542323,0.0
1467,adam,0.00025,0.011696784611558542,0.011479919863631949,2.0472757442168952e-10,0.0002168645769415889,0.0,2.049485921859741,2.0492286682128906,5.992242257946145e-10,0.0002572984085418284,0.0
1468,adam,0.00025,0.01393412338802591,0.013735216576606035,2.047254565244766e-10,0.00019890642124664737,0.0,2.0293970108032227,2.029195547103882,5.992242257946145e-10,0.00020149002375546843,0.0
1469,adam,0.00025,0.012184490624349564,0.011968882085056975,2.211910739545695e-10,0.00021560830327871372,0.0,2.010714530944824,2.0104470252990723,5.992242257946145e-10,0.00026759185129776597,0.0
1470,adam,0.00025,0.019807205942925066,0.019619653074187227,2.048470188998677e-10,0.00018755284418148221,0.0,2.0559301376342773,2.055772066116333,5.992242257946145e-10,0.000158020862727426,0.0
1471,adam,0.00025,0.01557926437817514,0.015357837197370827,2.160873743077948e-10,0.0002214269643445732,0.0,2.024169683456421,2.0238966941833496,5.992242257946145e-10,0.0002730408450588584,0.0
1472,adam,0.00025,0.017312039766693488,0.01713186953566037,2.0472537435078786e-10,0.00018017023330685333,0.0,2.0137991905212402,2.013638973236084,5.992242257946145e-10,0.0001602875126991421,0.0
1473,adam,0.00025,0.011913337322766893,0.01166640107112471,2.0616909760556488e-10,0.00024693608520465204,0.0,2.0524940490722656,2.052180290222168,5.992242257946145e-10,0.00031376301194541156,0.0
1474,adam,0.00025,0.009214276346028782,0.008997241195174865,2.047315465297164e-10,0.00021703503989556339,0.0,2.0484466552734375,2.048321008682251,5.992242257946145e-10,0.00012557688751257956,0.0
1475,adam,0.00025,0.005696359046851285,0.005577062765951268,2.0539367016584089e-10,0.00011929610900551779,0.0,2.032205820083618,2.0321006774902344,5.992242257946145e-10,0.00010504983947612345,0.0
1476,adam,0.00025,0.00626429334806744,0.006159073811431881,2.0472556798827017e-10,0.00010521932927076705,0.0,2.04681396484375,2.0466578006744385,5.992242257946145e-10,0.00015617195458617061,0.0
1477,adam,0.00025,0.005387385106587317,0.005290486202284228,2.060868524314485e-10,9.689866419648752e-05,0.0,2.0415594577789307,2.0414562225341797,5.992242257946145e-10,0.00010332571400795132,0.0
1478,adam,0.00025,0.005089289814350195,0.0049797511455835775,2.0472675216611034e-10,0.00010953845321637345,0.0,2.048642158508301,2.0485589504241943,5.992242257946145e-10,8.315192098962143e-05,0.0
1479,adam,0.00025,0.0048793227833812125,0.004791251150891185,2.0472537328782273e-10,8.807151652945322e-05,0.0,2.0395150184631348,2.0394325256347656,5.992242257946145e-10,8.25633032945916e-05,0.0
1480,adam,0.00025,0.003722936256963294,0.0036369583031046204,2.1290947224309354e-10,8.597771966378787e-05,0.0,2.0400497913360596,2.0399584770202637,5.992242257946145e-10,9.125034557655454e-05,0.0
1481,adam,0.00025,0.003282922385551501,0.00321128355426481,2.0472582891523267e-10,7.163860527725774e-05,0.0,2.037137746810913,2.0370676517486572,5.992242257946145e-10,7.010150147834793e-05,0.0
1482,adam,0.00025,0.002717200681217946,0.002655676806170959,2.048324501909178e-10,6.152371952339308e-05,0.0,2.039435625076294,2.0393552780151367,5.992242257946145e-10,8.042046829359606e-05,0.0
1483,adam,0.00025,0.0025618698236939963,0.0024992677062982693,2.0474586978893303e-10,6.260187274165219e-05,0.0,2.041219711303711,2.0411460399627686,5.992242257946145e-10,7.376881694654003e-05,0.0
1484,adam,0.00025,0.0024174198406399228,0.002358773534069769,2.0472551896181624e-10,5.864617901352176e-05,0.0,2.0398917198181152,2.0398271083831787,5.992242257946145e-10,6.466495688073337e-05,0.0
1485,adam,0.00025,0.0022837200413050596,0.002225960368377855,2.0488453821629893e-10,5.775952263320505e-05,0.0,2.04018497467041,2.0401248931884766,5.992242257946145e-10,6.0041871620342135e-05,0.0
1486,adam,0.00025,0.002288461742864456,0.0022347210433508735,2.047289039135524e-10,5.374048168960144e-05,0.0,2.0374197959899902,2.0373616218566895,5.992242257946145e-10,5.810861330246553e-05,0.0
1487,adam,0.00025,0.0022686109005007893,0.0022157669482112397,2.047254189215474e-10,5.284374492475763e-05,0.0,2.040550947189331,2.040492296218872,5.992242257946145e-10,5.8638910559238866e-05,0.0
1488,adam,0.00025,0.002132936100679217,0.0020808010012842715,2.0511853120734132e-10,5.213489725974796e-05,0.0,2.0387275218963623,2.0386672019958496,5.992242257946145e-10,6.033443787600845e-05,0.0
1489,adam,0.00025,0.00209168909714208,0.002040554889390478,2.0512016376257009e-10,5.113402949064039e-05,0.0,2.0379955768585205,2.0379393100738525,5.992242257946145e-10,5.635277193505317e-05,0.0
1490,adam,0.00025,0.002076224183838349,0.002029354785918258,2.0472537447511642e-10,4.686925558416988e-05,0.0,2.0405161380767822,2.0404622554779053,5.992242257946145e-10,5.3904288506601006e-05,0.0
1491,adam,0.00025,0.0021027303191658575,0.0020546605046547484,2.0512004152640505e-10,4.8069554395624436e-05,0.0,2.036954402923584,2.036898612976074,5.992242257946145e-10,5.590228465734981e-05,0.0
1492,adam,0.00025,0.002151391629013233,0.00210419766153791,2.0511553062197112e-10,4.719383491647022e-05,0.0,2.0398662090301514,2.0398027896881104,5.992242257946145e-10,6.336054502753541e-05,0.0
1493,adam,0.00025,0.002164846646337537,0.0021146575891179964,2.0472537359809817e-10,5.018892102270911e-05,0.0,2.0388031005859375,2.038745164871216,5.992242257946145e-10,5.800283543067053e-05,0.0
1494,adam,0.00025,0.0020371696627989877,0.001990417531487765,2.171028032723605e-10,4.6751883246543e-05,0.0,2.0379040241241455,2.0378453731536865,5.992242257946145e-10,5.871209941687994e-05,0.0
1495,adam,0.00025,0.0019613930271589197,0.0019156896269123536,2.058819024016121e-10,4.570319924823707e-05,0.0,2.0373570919036865,2.0373034477233887,5.992242257946145e-10,5.3694289817940444e-05,0.0
1496,adam,0.00025,0.0019538230008038227,0.0019096129508398008,2.0472551546186286e-10,4.4209769839653745e-05,0.0,2.037696361541748,2.0376410484313965,5.992242257946145e-10,5.5353259085677564e-05,0.0
1497,adam,0.00025,0.001966751031432068,0.0019203092306270264,2.04834204108253e-10,4.644154000743583e-05,0.0,2.0384786128997803,2.0384247303009033,5.992242257946145e-10,5.389473881223239e-05,0.0
1498,adam,0.00025,0.0019625824243121315,0.0019166912970831618,2.0472798296641906e-10,4.5890889396105194e-05,0.0,2.0382211208343506,2.0381669998168945,5.992242257946145e-10,5.4236130381468683e-05,0.0
1499,adam,0.00025,0.001941732978593791,0.001898492882901337,2.04726011914001e-10,4.3239892193014384e-05,0.0,2.0367472171783447,2.0366899967193604,5.992242257946145e-10,5.7285913499072194e-05,0.0
1500,adam,0.000125,0.00197228587421705,0.001921954026329331,2.0473315785684037e-10,5.0331612101217615e-05,0.0,2.037405014038086,2.0373427867889404,5.992242257946145e-10,6.217309419298545e-05,0.0
1501,adam,0.000125,0.0019314135388412979,0.0018851795794034842,2.0490512523267677e-10,4.623381710189278e-05,0.0,2.0375406742095947,2.037489175796509,5.992242257946145e-10,5.149315620656125e-05,0.0
1502,adam,0.000125,0.0018569315579952672,0.0018135600294044707,2.047488521145956e-10,4.337127552389575e-05,0.0,2.037407636642456,2.0373570919036865,5.992242257946145e-10,5.055252768215723e-05,0.0
1503,adam,0.000125,0.0018419148000248242,0.0017996999486058485,2.0472537652975696e-10,4.2214619725200464e-05,0.0,2.0375049114227295,2.0374510288238525,5.992242257946145e-10,5.3952197049511597e-05,0.0
1504,adam,0.000125,0.001834530496125808,0.001792068167560501,2.047403321586472e-10,4.246217758918647e-05,0.0,2.037517786026001,2.0374674797058105,5.992242257946145e-10,5.033006891608238e-05,0.0
1505,adam,0.000125,0.0018293674183951225,0.0017881727399071679,2.047253705857049e-10,4.119451227779791e-05,0.0,2.0371031761169434,2.0370523929595947,5.992242257946145e-10,5.071134364698082e-05,0.0
1506,adam,0.000125,0.001826712985348422,0.0017850607328000478,2.3231267148333595e-10,4.165203040429333e-05,0.0,2.037346839904785,2.0372955799102783,5.992242257946145e-10,5.135069295647554e-05,0.0
1507,adam,0.000125,0.0018262804587720893,0.0017847215713118203,2.0476009115188603e-10,4.1558664861440775e-05,0.0,2.036975145339966,2.0369246006011963,5.992242257946145e-10,5.06578799104318e-05,0.0
1508,adam,0.000125,0.0018211237038485706,0.0017795162493712269,2.0645419438678332e-10,4.160728190072405e-05,0.0,2.037234306335449,2.0371828079223633,5.992242257946145e-10,5.154397149453871e-05,0.0
1509,adam,0.000125,0.0018461831496097147,0.0018047360099444631,2.0472537016675778e-10,4.1446910699960426e-05,0.0,2.036985158920288,2.0369346141815186,5.992242257946145e-10,5.0479862693464383e-05,0.0
1510,adam,0.000125,0.0018172340314777102,0.0017756239794834983,2.0472551821203326e-10,4.160989692536532e-05,0.0,2.037193536758423,2.037144184112549,5.992242257946145e-10,4.945020191371441e-05,0.0
1511,adam,0.000125,0.0018152462980651762,0.0017734329958329909,2.1290012472193662e-10,4.1813145799096674e-05,0.0,2.0368142127990723,2.036764144897461,5.992242257946145e-10,5.002364923711866e-05,0.0
1512,adam,0.000125,0.001811139900382841,0.0017693492118269205,2.0868607874163654e-10,4.179048073638114e-05,0.0,2.0366759300231934,2.0366251468658447,5.992242257946145e-10,5.0878359616035596e-05,0.0
1513,adam,0.000125,0.0018077429085678887,0.0017659779405221343,2.047267476323665e-10,4.176474203632097e-05,0.0,2.0366625785827637,2.0366127490997314,5.992242257946145e-10,4.9908736400539055e-05,0.0
1514,adam,0.000125,0.001806679352739593,0.0017659520126471762,2.0472676599283794e-10,4.072715523761872e-05,0.0,2.03666615486145,2.036616563796997,5.992242257946145e-10,4.955242184223607e-05,0.0
1515,adam,0.000125,0.0018045584147330374,0.001763748823577771,2.04725372953832e-10,4.0809421761878184e-05,0.0,2.0368173122406006,2.0367677211761475,5.992242257946145e-10,4.953200550517067e-05,0.0
1516,adam,0.000125,0.0018024867968051694,0.0017611719958949834,2.0473077820031776e-10,4.131458786105213e-05,0.0,2.0367355346679688,2.0366857051849365,5.992242257946145e-10,4.9918682634597644e-05,0.0
1517,adam,0.000125,0.0018136681137548294,0.0017719298084557522,2.047257555248041e-10,4.1738162508409005e-05,0.0,2.0365970134735107,2.0365474224090576,5.992242257946145e-10,4.9603528168518096e-05,0.0
1518,adam,0.000125,0.0017955131697817706,0.0017550747870700434,2.055155742917491e-10,4.0438148062094115e-05,0.0,2.0365734100341797,2.0365242958068848,5.992242257946145e-10,4.904867455479689e-05,0.0
1519,adam,0.000125,0.001793539420759771,0.0017530588593217544,2.050673538565625e-10,4.048036112180853e-05,0.0,2.036594867706299,2.036545753479004,5.992242257946145e-10,4.9225756811210886e-05,0.0
1520,adam,0.000125,0.0017908810114022344,0.0017508037817606237,2.0749069408238204e-10,4.007705524600169e-05,0.0,2.0364744663238525,2.0364255905151367,5.992242257946145e-10,4.8788453568704426e-05,0.0
1521,adam,0.000125,0.0017895370947371703,0.0017492964871053118,2.3366558882381046e-10,4.02404330088757e-05,0.0,2.0363998413085938,2.0363504886627197,5.992242257946145e-10,4.934591561323032e-05,0.0
1522,adam,0.000125,0.0017843135174189229,0.0017445541670895182,2.3642158814187456e-10,3.9759135916028754e-05,0.0,2.0364508628845215,2.036400556564331,5.992242257946145e-10,5.030787724535912e-05,0.0
1523,adam,0.000125,0.0017826389994297642,0.0017426581871404778,2.0487763345890806e-10,3.998064494226128e-05,0.0,2.0363733768463135,2.0363247394561768,5.992242257946145e-10,4.855250153923407e-05,0.0
1524,adam,0.000125,0.0017807477197493427,0.001741389511153102,2.0523946230550134e-10,3.935803101740021e-05,0.0,2.036301374435425,2.036250591278076,5.992242257946145e-10,5.06787073391024e-05,0.0
1525,adam,0.000125,0.001781458475306863,0.0017401870645699091,2.2206892316826096e-10,4.1271148575106054e-05,0.0,2.036653757095337,2.0366008281707764,5.992242257946145e-10,5.293734648148529e-05,0.0
1526,adam,0.000125,0.0017872874341264833,0.0017471507417212706,2.2274076838157514e-10,4.013645730083226e-05,0.0,2.0363242626190186,2.0362744331359863,5.992242257946145e-10,4.991230525774881e-05,0.0
1527,adam,0.000125,0.0023701476675341837,0.002330132894712733,2.0551864879792946e-10,4.0014565229284926e-05,0.0,2.0362460613250732,2.036194324493408,5.992242257946145e-10,5.169383075553924e-05,0.0
1528,adam,0.000125,0.0017750179504218977,0.0017321092673228122,2.0510550479262134e-10,4.290853576094378e-05,0.0,2.0361552238464355,2.0361056327819824,5.992242257946145e-10,4.9565012886887416e-05,0.0
1529,adam,0.000125,0.0017691599241516087,0.0017279585590586066,2.049198615677628e-10,4.12011891057773e-05,0.0,2.0360333919525146,2.035984992980957,5.992242257946145e-10,4.837482993025333e-05,0.0
1530,adam,0.000125,0.0017651248817855958,0.0017253714868274983,2.0472537916715451e-10,3.975322374571988e-05,0.0,2.0359320640563965,2.035883665084839,5.992242257946145e-10,4.843913848162629e-05,0.0
1531,adam,0.000125,0.001762325471645454,0.0017233153303095605,2.204360265877832e-10,3.900992749095167e-05,0.0,2.0357203483581543,2.0356719493865967,5.992242257946145e-10,4.839491157326847e-05,0.0
1532,adam,0.000125,0.0017774165062292013,0.0017373930459143594,2.047253721426044e-10,4.002330774710572e-05,0.0,2.035579204559326,2.035529375076294,5.992242257946145e-10,4.972956230631098e-05,0.0
1533,adam,0.000125,0.0017588955961400643,0.001718773077300284,2.047267477533003e-10,4.012235672234965e-05,0.0,2.035696029663086,2.035645008087158,5.992242257946145e-10,5.102072100271471e-05,0.0
1534,adam,0.000125,0.0017591268697287887,0.0017182535157189704,2.047592057167943e-10,4.087309844180709e-05,0.0,2.0357322692871094,2.035681962966919,5.992242257946145e-10,5.0253285735379905e-05,0.0
1535,adam,0.000125,0.0017807309595809784,0.0017404888822056819,2.264053518827913e-10,4.024187455797801e-05,0.0,2.0357553958892822,2.0357072353363037,5.992242257946145e-10,4.807508230442181e-05,0.0
1536,adam,0.000125,0.0017559596235514618,0.0017150853454950266,2.2640734819956016e-10,4.087405886821216e-05,0.0,2.0355567932128906,2.0355069637298584,5.992242257946145e-10,4.9834885430755094e-05,0.0
1537,adam,0.000125,0.0017530774894112255,0.001712083954771515,2.051219982583514e-10,4.09933611535962e-05,0.0,2.035780429840088,2.0357325077056885,5.992242257946145e-10,4.784921839018352e-05,0.0
1538,adam,0.000125,0.0017476424291089643,0.0017082686572393868,2.0527365249977908e-10,3.9373514027829515e-05,0.0,2.0356643199920654,2.0356156826019287,5.992242257946145e-10,4.8614067054586485e-05,0.0
1539,adam,0.000125,0.0017456491477787495,0.0017065622232621536,2.0708459395142405e-10,3.908674329977657e-05,0.0,2.035503387451172,2.0354559421539307,5.992242257946145e-10,4.735438778880052e-05,0.0
1540,adam,0.000125,0.001742046013532672,0.001703451413050061,2.0898388096984172e-10,3.859446997012128e-05,0.0,2.0353877544403076,2.0353400707244873,5.992242257946145e-10,4.762566459248774e-05,0.0
1541,adam,0.000125,0.0017393721209373325,0.0017007370661303867,2.054989455793965e-10,3.863491792799323e-05,0.0,2.0357139110565186,2.03566575050354,5.992242257946145e-10,4.817124136025086e-05,0.0
1542,adam,0.000125,0.0017399121170456056,0.0017008828217512928,2.0898459670908225e-10,3.9029137496982e-05,0.0,2.0356452465057373,2.035595178604126,5.992242257946145e-10,5.014237103750929e-05,0.0
1543,adam,0.000125,0.0017346891618217342,0.0016961596593318973,2.0472552079746567e-10,3.852926067793305e-05,0.0,2.0351672172546387,2.0351200103759766,5.992242257946145e-10,4.73062573291827e-05,0.0
1544,adam,0.000125,0.0023214912580442615,0.0022830511297797784,2.0921726332649445e-10,3.8439951595137245e-05,0.0,2.035292148590088,2.035240411758423,5.992242257946145e-10,5.1709259423660114e-05,0.0
1545,adam,0.000125,0.0017355269155814312,0.0016935207495407667,2.0472544248147766e-10,4.2006048943221685e-05,0.0,2.0356204509735107,2.0355677604675293,5.992242257946145e-10,5.266253720037639e-05,0.0
1546,adam,0.000125,0.001729757339489879,0.0016896405759325717,2.0492026458479172e-10,4.011660348623991e-05,0.0,2.035220146179199,2.035172700881958,5.992242257946145e-10,4.736173286801204e-05,0.0
1547,adam,0.000125,0.0017265623682760634,0.001687160853180103,2.0869148402578713e-10,3.9401272942996e-05,0.0,2.035118341445923,2.03507137298584,5.992242257946145e-10,4.687310865847394e-05,0.0
1548,adam,0.000125,0.0017248923686565831,0.0016860822615853976,2.047253977115049e-10,3.8810001342426403e-05,0.0,2.0350968837738037,2.0350499153137207,5.992242257946145e-10,4.7070654545677826e-05,0.0
1549,adam,0.000125,0.001720693409879459,0.001682224446994951,2.0493456108470229e-10,3.846877507385216e-05,0.0,2.0352847576141357,2.0352373123168945,5.992242257946145e-10,4.7363879275508225e-05,0.0
1550,adam,0.000125,0.001718421495752409,0.0016806623643788043,2.0472576838802015e-10,3.775888831114571e-05,0.0,2.035144329071045,2.0350937843322754,5.992242257946145e-10,5.060100011178292e-05,0.0
1551,adam,0.000125,0.0023012033016129863,0.002263296290038852,2.0472700348608636e-10,3.790684286286705e-05,0.0,2.0352725982666016,2.0352237224578857,5.992242257946145e-10,4.892747529083863e-05,0.0
1552,adam,0.000125,0.0017179326168843545,0.0016773338611528743,2.047256314866228e-10,4.059859202243388e-05,0.0,2.03541898727417,2.0353665351867676,5.992242257946145e-10,5.2433140808716416e-05,0.0
1553,adam,0.000125,0.0017154269262391608,0.001675729134149151,2.0472537013624805e-10,3.9697629631518794e-05,0.0,2.0348386764526367,2.0347890853881836,5.992242257946145e-10,4.9492198741063476e-05,0.0
1554,adam,0.000125,0.0017121052878792398,0.00167138484903262,2.0540068321091482e-10,4.072026422363706e-05,0.0,2.035141944885254,2.035094976425171,5.992242257946145e-10,4.689378693001345e-05,0.0
1555,adam,0.000125,0.001710111195279751,0.001671576395892771,2.0539366745009444e-10,3.853456701108371e-05,0.0,2.0349462032318115,2.0348997116088867,5.992242257946145e-10,4.646609886549413e-05,0.0
1556,adam,0.000125,0.0017041511382558383,0.0016661567242408637,2.0472584099272805e-10,3.7994250988049316e-05,0.0,2.035017967224121,2.0349714756011963,5.992242257946145e-10,4.6567554818466306e-05,0.0
1557,adam,0.000125,0.001702930767351063,0.0016651047553750686,2.0574112072928232e-10,3.782578210120846e-05,0.0,2.0350089073181152,2.0349626541137695,5.992242257946145e-10,4.633422213373706e-05,0.0
1558,adam,0.000125,0.001715039663395146,0.0016773526731412858,2.0491180782576638e-10,3.768680130633584e-05,0.0,2.034651279449463,2.034604072570801,5.992242257946145e-10,4.7290224756579846e-05,0.0
1559,adam,0.000125,0.001700003271253081,0.0016617546352790669,2.0472537817143916e-10,3.82484543024475e-05,0.0,2.035140037536621,2.035087823867798,5.992242257946145e-10,5.228486770647578e-05,0.0
1560,adam,0.000125,0.0016954723760136403,0.0016562632954446599,2.0608962939796995e-10,3.920892982023361e-05,0.0,2.034945487976074,2.0348968505859375,5.992242257946145e-10,4.8704856453696266e-05,0.0
1561,adam,0.000125,0.0016954295861069113,0.001655931289860746,2.050671561887717e-10,3.949806728087424e-05,0.0,2.0346415042877197,2.034592866897583,5.992242257946145e-10,4.8754929593997076e-05,0.0
1562,adam,0.000125,0.0016904238145798445,0.0016523845406481996,2.0473085555741154e-10,3.803903132393316e-05,0.0,2.0343174934387207,2.034271001815796,5.992242257946145e-10,4.654366784961894e-05,0.0
1563,adam,0.000125,0.001686807085206965,0.001649114812607877,2.047942454576425e-10,3.769212435145164e-05,0.0,2.034554958343506,2.03450870513916,5.992242257946145e-10,4.625307701644488e-05,0.0
1564,adam,0.000125,0.0016849844869284425,0.0016469662987219635,2.0506707946002747e-10,3.801802085945383e-05,0.0,2.0345301628112793,2.0344836711883545,5.992242257946145e-10,4.659319165511988e-05,0.0
1565,adam,0.000125,0.0016836329341458622,0.0016459994585602544,2.0740140677981255e-10,3.763325526051631e-05,0.0,2.0346875190734863,2.0346412658691406,5.992242257946145e-10,4.623563290806487e-05,0.0
1566,adam,0.000125,0.0016800484372652136,0.001643199946556706,2.0488163066027277e-10,3.684828561745235e-05,0.0,2.034353494644165,2.034306764602661,5.992242257946145e-10,4.667424218496308e-05,0.0
1567,adam,0.000125,0.0016805437262519263,0.0016430910509370733,2.2017546820737537e-10,3.7452547758221044e-05,0.0,2.034486770629883,2.034440755844116,5.992242257946145e-10,4.5897158997831866e-05,0.0
1568,adam,0.000125,0.0016729440794733819,0.0016356974083464593,2.047289366042596e-10,3.7246466945362044e-05,0.0,2.034396171569824,2.034350633621216,5.992242257946145e-10,4.549469304038212e-05,0.0
1569,adam,0.000125,0.0016728502851037774,0.0016354999170289375,2.0472675408451423e-10,3.735012774086499e-05,0.0,2.0341110229492188,2.0340631008148193,5.992242257946145e-10,4.7940280637703836e-05,0.0
1570,adam,0.000125,0.0016712879478291143,0.0016337521592504345,2.0472538854296552e-10,3.753563464670151e-05,0.0,2.034456491470337,2.0344080924987793,5.992242257946145e-10,4.848983371630311e-05,0.0
1571,adam,0.000125,0.0016711730750103015,0.0016333865823980886,2.0506708803092226e-10,3.778623045036511e-05,0.0,2.0341734886169434,2.034125804901123,5.992242257946145e-10,4.771416206494905e-05,0.0
1572,adam,0.000125,0.002242865983134834,0.002205205186328385,2.0472555957834308e-10,3.76605410110642e-05,0.0,2.0344340801239014,2.034388303756714,5.992242257946145e-10,4.5813925680704415e-05,0.0
1573,adam,0.000125,0.0016626880133117083,0.0016255400187219493,2.0725185865848148e-10,3.7147767216083594e-05,0.0,2.0343692302703857,2.0343234539031982,5.992242257946145e-10,4.565973722492345e-05,0.0
1574,adam,0.000125,0.0016585773591941688,0.0016220864672504831,2.0472538571124835e-10,3.649077711997961e-05,0.0,2.0339486598968506,2.0339035987854004,5.992242257946145e-10,4.496819747146219e-05,0.0
1575,adam,0.000125,0.0016576291527599096,0.0016212494992942084,2.051200054453575e-10,3.637943268586241e-05,0.0,2.0340590476989746,2.0340092182159424,5.992242257946145e-10,4.985462510376237e-05,0.0
1576,adam,0.000125,0.0016568597093282733,0.0016189757952815853,2.0472674150408312e-10,3.78837455627945e-05,0.0,2.03434419631958,2.034298896789551,5.992242257946145e-10,4.5225428038975224e-05,0.0
1577,adam,0.000125,0.0016514046474185307,0.0016150295487022959,2.0996139043812547e-10,3.6374968203745084e-05,0.0,2.0339770317077637,2.0339314937591553,5.992242257946145e-10,4.54187611467205e-05,0.0
1578,adam,0.000125,0.0016500083402206656,0.0016127293965837453,2.0868770057899347e-10,3.7278774925653124e-05,0.0,2.0341086387634277,2.034061908721924,5.992242257946145e-10,4.6756293158978224e-05,0.0
1579,adam,0.000125,0.0022153190802782774,0.002178821127017727,2.047663451946646e-10,3.649774487257673e-05,0.0,2.0340394973754883,2.03399395942688,5.992242257946145e-10,4.543795876088552e-05,0.0
1580,adam,0.000125,0.001644929223402869,0.0016081288977147778,2.0719011246961457e-10,3.680012559925672e-05,0.0,2.034045934677124,2.034001111984253,5.992242257946145e-10,4.470709609449841e-05,0.0
1581,adam,0.000125,0.0016415581449109595,0.0016048562429205049,2.0622125628128255e-10,3.670173464342952e-05,0.0,2.034024953842163,2.033979892730713,5.992242257946145e-10,4.509128848440014e-05,0.0
1582,adam,0.000125,0.0016419163839600515,0.0016047541648731567,2.0492072884553535e-10,3.716196283676254e-05,0.0,2.033562183380127,2.033517599105835,5.992242257946145e-10,4.458703187992796e-05,0.0
1583,adam,0.000125,0.0016406412069045473,0.0016036180568335112,2.047255279915448e-10,3.702292542584473e-05,0.0,2.0339367389678955,2.0338921546936035,5.992242257946145e-10,4.448543768376112e-05,0.0
1584,adam,0.000125,0.0016343810602847952,0.0015982872937456705,2.1753239137335212e-10,3.6093562357564224e-05,0.0,2.033578872680664,2.033534288406372,5.992242257946145e-10,4.4626718590734527e-05,0.0
1585,adam,0.000125,0.001645502128667431,0.0016097683546831831,2.2423403373408408e-10,3.573356070774025e-05,0.0,2.0339748859405518,2.0339293479919434,5.992242257946145e-10,4.546752825262956e-05,0.0
1586,adam,0.000125,0.001630782055144664,0.0015940909579512663,2.060712553864834e-10,3.669088482638472e-05,0.0,2.0339419841766357,2.0338973999023438,5.992242257946145e-10,4.447453102329746e-05,0.0
1587,adam,0.000125,0.0016504860504937824,0.0016135742262122221,2.220688631636529e-10,3.691165397867735e-05,0.0,2.0337624549865723,2.033712387084961,5.992242257946145e-10,4.996061397832818e-05,0.0
1588,adam,0.000125,0.0016263620746030938,0.001589551189681515,2.047327224608984e-10,3.681071871142194e-05,0.0,2.0335147380828857,2.033470869064331,5.992242257946145e-10,4.392477421788499e-05,0.0
1589,adam,0.000125,0.001627830231882399,0.0015918722565402277,2.0472537150818334e-10,3.5957795262220316e-05,0.0,2.03362774848938,2.0335803031921387,5.992242257946145e-10,4.7357323637697846e-05,0.0
1590,adam,0.000125,0.0016191756767511833,0.001581263706611935,2.048967583654597e-10,3.791181393353327e-05,0.0,2.033456325531006,2.033411979675293,5.992242257946145e-10,4.424712824402377e-05,0.0
1591,adam,0.000125,0.0016220631005126052,0.001586613325343933,2.0472537706657567e-10,3.544954495282582e-05,0.0,2.0335755348205566,2.0335311889648438,5.992242257946145e-10,4.444553633220494e-05,0.0
1592,adam,0.000125,0.0016116990118462127,0.0015766848027851665,2.0472558216707065e-10,3.501402454730851e-05,0.0,2.033036231994629,2.032991647720337,5.992242257946145e-10,4.457501199794933e-05,0.0
1593,adam,0.000125,0.001615513210708741,0.0015787783959240187,2.0492005778012104e-10,3.6734692912432365e-05,0.0,2.0332374572753906,2.0331928730010986,5.992242257946145e-10,4.4556069042300805e-05,0.0
1594,adam,0.000125,0.0016118055100378115,0.001575745474838186,2.1289965637518216e-10,3.605984352361702e-05,0.0,2.033092975616455,2.0330491065979004,5.992242257946145e-10,4.3945867219008505e-05,0.0
1595,adam,0.000125,0.0016165027846000157,0.0015783003182150424,2.0508621463744917e-10,3.820226925199677e-05,0.0,2.033846378326416,2.0338003635406494,5.992242257946145e-10,4.5900502300355583e-05,0.0
1596,adam,0.000125,0.0016189414563996252,0.0015824057227291632,2.0472583378241633e-10,3.653550163562613e-05,0.0,2.0327303409576416,2.032686471939087,5.992242257946145e-10,4.380442260298878e-05,0.0
1597,adam,0.000125,0.002187752896134043,0.0021518042085517664,2.0636530124513278e-10,3.594847544263757e-05,0.0,2.033165454864502,2.033116340637207,5.992242257946145e-10,4.911922223982401e-05,0.0
1598,adam,0.000125,0.0016900890914257616,0.0016510863497387618,2.060888812235747e-10,3.900254159816541e-05,0.0,2.031463861465454,2.0314114093780518,5.992242257946145e-10,5.2407736802706495e-05,0.0
1599,adam,0.000125,0.0017788083277991973,0.0017409480351489037,2.0472537719668787e-10,3.786006720929436e-05,0.0,2.0355281829833984,2.035482406616211,5.992242257946145e-10,4.5879871322540566e-05,0.0
1600,adam,0.000125,0.001777350316842785,0.0017384817147103604,2.388999123359753e-10,3.886838430844364e-05,0.0,2.0319623947143555,2.031913995742798,5.992242257946145e-10,4.8349851567763835e-05,0.0
1601,adam,0.000125,0.0017319726466666907,0.0016942745860433206,2.0472541824885765e-10,3.769779607409873e-05,0.0,2.0334272384643555,2.0333797931671143,5.992242257946145e-10,4.755039481096901e-05,0.0
1602,adam,0.000125,0.0017034207776305266,0.0016653911588946357,2.0507025762733076e-10,3.802939090746804e-05,0.0,2.034679412841797,2.034632444381714,5.992242257946145e-10,4.6965880756033584e-05,0.0
1603,adam,0.000125,0.0017150839157693554,0.001676887652138248,2.1009627060761675e-10,3.819603841748176e-05,0.0,2.0313873291015625,2.031341314315796,5.992242257946145e-10,4.6056386054260656e-05,0.0
1604,adam,0.000125,0.0017573779514350463,0.0017191296719829552,2.047275826211405e-10,3.8248080272751395e-05,0.0,2.0321590900421143,2.0321125984191895,5.992242257946145e-10,4.642919157049619e-05,0.0
1605,adam,0.000125,0.001736288901156513,0.0016968413365248125,2.387358077175139e-10,3.944734180549858e-05,0.0,2.033383846282959,2.0333354473114014,5.992242257946145e-10,4.8383139073848724e-05,0.0
1606,adam,0.000125,0.0018541777244536206,0.0018158035054511856,2.047253919463224e-10,3.837401345663238e-05,0.0,2.030877113342285,2.0308308601379395,5.992242257946145e-10,4.633252683561295e-05,0.0
1607,adam,0.000125,0.0018829340369848069,0.0018415357626508921,2.1305190645927968e-10,4.13980858411378e-05,0.0,2.0334794521331787,2.0334324836730957,5.992242257946145e-10,4.7037381591508165e-05,0.0
1608,adam,0.000125,0.0020080813847016543,0.0019675085131893866,2.047270590210207e-10,4.057266642121249e-05,0.0,2.033493757247925,2.0334436893463135,5.992242257946145e-10,5.0136950449086726e-05,0.0
1609,adam,0.000125,0.0021084281215735245,0.0020677072570833843,2.2640496918671972e-10,4.0720578226682846e-05,0.0,2.0349221229553223,2.034869909286499,5.992242257946145e-10,5.212613905314356e-05,0.0
1610,adam,0.000125,0.0021303213034116197,0.0020861462471657433,2.047285482971986e-10,4.417488207764109e-05,0.0,2.0238091945648193,2.023759603500366,5.992242257946145e-10,4.955390977556817e-05,0.0
1611,adam,0.000125,0.0021134552807779983,0.0020728196323034354,2.0472757210725471e-10,4.063545202370733e-05,0.0,2.0354533195495605,2.0353972911834717,5.992242257946145e-10,5.612437234958634e-05,0.0
1612,adam,0.000125,0.0024965008051367477,0.0024556750904594082,2.12899655943063e-10,4.0825580754244584e-05,0.0,2.02825665473938,2.028209686279297,5.992242257946145e-10,4.689520210376941e-05,0.0
1613,adam,0.000125,0.002083598039462231,0.0020405251234478783,2.0472854789798137e-10,4.307269455239293e-05,0.0,2.0318024158477783,2.031750202178955,5.992242257946145e-10,5.2294431952759624e-05,0.0
1614,adam,0.000125,0.002354822605411755,0.0023067482470651157,2.0487762323221607e-10,4.8074140067910776e-05,0.0,2.0324296951293945,2.032363176345825,5.992242257946145e-10,6.647976260865107e-05,0.0
1615,adam,0.000125,0.0023738083291391376,0.0023207843441923615,2.047255653077798e-10,5.302378326632606e-05,0.0,2.031980037689209,2.03192400932312,5.992242257946145e-10,5.602168675977737e-05,0.0
1616,adam,0.000125,0.0031058015556482133,0.0030553913638868835,2.0491992022280586e-10,5.040992232352437e-05,0.0,2.030474901199341,2.0304136276245117,5.992242257946145e-10,6.12119838478975e-05,0.0
1617,adam,0.000125,0.002543446116760606,0.0024946929806901608,2.089838819712398e-10,4.8752954171504825e-05,0.0,2.0302295684814453,2.0301618576049805,5.992242257946145e-10,6.781567208236083e-05,0.0
1618,adam,0.000125,0.0037615314649883658,0.0036831038596574217,2.047253757301595e-10,7.8427422522509e-05,0.0,2.0291032791137695,2.02903151512146,5.992242257946145e-10,7.166003342717886e-05,0.0
1619,adam,0.000125,0.006147497006168123,0.006079084872908425,2.04759604094144e-10,6.841197500762064e-05,0.0,2.033141851425171,2.0330119132995605,5.992242257946145e-10,0.00012984090426471084,0.0
1620,adam,0.000125,0.008113924384815618,0.007955462409881875,2.057409671433625e-10,0.00015846185851842165,0.0,2.0348143577575684,2.0346739292144775,5.992242257946145e-10,0.00014042020484339446,0.0
1621,adam,0.000125,0.008173549038474448,0.00799191436090041,2.050670931349509e-10,0.0001816344674807624,0.0,2.0297155380249023,2.029531955718994,5.992242257946145e-10,0.0001835897855926305,0.0
1622,adam,0.000125,0.005428219184977934,0.005309311251039617,2.3231665430069155e-10,0.00011890772020706208,0.0,2.038538932800293,2.0384116172790527,5.992242257946145e-10,0.0001274095702683553,0.0
1623,adam,0.000125,0.0034499752073315904,0.0033775344054447487,2.0472539515864852e-10,7.244056746458227e-05,0.0,2.033405303955078,2.033323287963867,5.992242257946145e-10,8.211288513848558e-05,0.0
1624,adam,0.000125,0.002628812831972027,0.0025703108112793416,2.0483141963988498e-10,5.85017930916365e-05,0.0,2.034127950668335,2.0340659618377686,5.992242257946145e-10,6.198299524839967e-05,0.0
1625,adam,0.000125,0.0022550796456926037,0.002206500565080205,2.051156739643956e-10,4.857885960518615e-05,0.0,2.0313684940338135,2.031309127807617,5.992242257946145e-10,5.940150731476024e-05,0.0
1626,adam,0.000125,0.0027348407929821406,0.002687804753804812,2.0508189506958548e-10,4.7035871602929546e-05,0.0,2.032000780105591,2.0319488048553467,5.992242257946145e-10,5.205925845075399e-05,0.0
1627,adam,0.000125,0.002441478914988693,0.0023965560212673154,2.050670932454887e-10,4.4922685219717096e-05,0.0,2.0336718559265137,2.03361439704895,5.992242257946145e-10,5.74420701013878e-05,0.0
1628,adam,0.000125,0.002394720788288396,0.0023491162319260184,2.0718694166604515e-10,4.56043608210166e-05,0.0,2.0301992893218994,2.030139207839966,5.992242257946145e-10,6.0038295487174764e-05,0.0
1629,adam,0.000125,0.0023748312996758614,0.0023278325315914117,2.0507250179432594e-10,4.6998604375403374e-05,0.0,2.0330088138580322,2.0329580307006836,5.992242257946145e-10,5.082039933768101e-05,0.0
1630,adam,0.000125,0.0023022943423711695,0.002251530564535642,2.085528322030033e-10,5.076352044852683e-05,0.0,2.0298564434051514,2.02980899810791,5.992242257946145e-10,4.734838876174763e-05,0.0
1631,adam,0.000125,0.002038506219832925,0.0019992748530057725,2.162397018200707e-10,3.923113285964064e-05,0.0,2.0318198204040527,2.0317699909210205,5.992242257946145e-10,4.981613528798334e-05,0.0
1632,adam,0.000125,0.0019174274711986072,0.001878743223642232,2.047610840784631e-10,3.868404837703565e-05,0.0,2.0332930088043213,2.03324294090271,5.992242257946145e-10,5.0096172344638035e-05,0.0
1633,adam,0.000125,0.0017924693020177074,0.0017532215133542195,2.0749070601384696e-10,3.924761017515266e-05,0.0,2.031200408935547,2.03115177154541,5.992242257946145e-10,4.8635782150086015e-05,0.0
1634,adam,0.000125,0.0017370792702422477,0.001697889092611149,2.1115056158413034e-10,3.9189958670249325e-05,0.0,2.0319433212280273,2.031886577606201,5.992242257946145e-10,5.665317439706996e-05,0.0
1635,adam,0.000125,0.001671005018579308,0.0016334086503775325,2.0479074444993852e-10,3.75961606096098e-05,0.0,2.029557943344116,2.029515504837036,5.992242257946145e-10,4.253532461007126e-05,0.0
1636,adam,0.000125,0.0016739285674702842,0.0016386525785492267,2.047253675397397e-10,3.5275752793495485e-05,0.0,2.0346908569335938,2.03464674949646,5.992242257946145e-10,4.4201249693287537e-05,0.0
1637,adam,0.000125,0.001688062216999242,0.0016510748864675406,2.160872309632577e-10,3.6987073599448195e-05,0.0,2.029878854751587,2.0298330783843994,5.992242257946145e-10,4.5719330955762416e-05,0.0
1638,adam,0.000125,0.0016828405241540167,0.0016453970711154398,2.0472756658924204e-10,3.744327955246263e-05,0.0,2.032651662826538,2.032602548599243,5.992242257946145e-10,4.912623262498528e-05,0.0
1639,adam,0.000125,0.0017148217775684316,0.0016733581032895017,2.0472536955130232e-10,4.146349351685785e-05,0.0,2.0324697494506836,2.03242564201355,5.992242257946145e-10,4.409679604577832e-05,0.0
1640,adam,0.000125,0.001782857347279787,0.0017459320333728101,2.0868620519857337e-10,3.6925096310369554e-05,0.0,2.0302484035491943,2.0302045345306396,5.992242257946145e-10,4.390304457047023e-05,0.0
1641,adam,0.000125,0.0017388812375429552,0.0017035410091921221,2.047253718676777e-10,3.5340039971742954e-05,0.0,2.0309090614318848,2.0308611392974854,5.992242257946145e-10,4.788623482454568e-05,0.0
1642,adam,0.000125,0.0016241274170170072,0.001586107762705069,2.0610625951544598e-10,3.801945786108263e-05,0.0,2.0297319889068604,2.0296874046325684,5.992242257946145e-10,4.459229967324063e-05,0.0
1643,adam,0.000125,0.0016241414050455205,0.0015895607575657777,2.0785522925478864e-10,3.458046955984173e-05,0.0,2.0320348739624023,2.0319910049438477,5.992242257946145e-10,4.3855441617779434e-05,0.0
1644,adam,0.000125,0.001570655542309396,0.0015353820199379697,2.0900592545744849e-10,3.527327714891726e-05,0.0,2.032374143600464,2.032331705093384,5.992242257946145e-10,4.255745079717599e-05,0.0
1645,adam,0.000125,0.0015828758369025309,0.0015472584673261736,2.0608747924803203e-10,3.561712640021142e-05,0.0,2.029924154281616,2.0298802852630615,5.992242257946145e-10,4.377146979095414e-05,0.0
1646,adam,0.000125,0.0015906941298453603,0.0015535289930994622,2.0574136475718479e-10,3.7164906188991154e-05,0.0,2.0318093299865723,2.03176212310791,5.992242257946145e-10,4.713945236289874e-05,0.0
1647,adam,0.000125,0.0016567705097259022,0.001618126465473324,2.0472539945945004e-10,3.864380619233998e-05,0.0,2.0303683280944824,2.030320405960083,5.992242257946145e-10,4.804050695383921e-05,0.0
1648,adam,0.000125,0.0016984638750727754,0.0016630930149403866,2.0473457439111916e-10,3.537064822012326e-05,0.0,2.0323801040649414,2.0323362350463867,5.992242257946145e-10,4.3881784222321585e-05,0.0
1649,adam,0.000125,0.0017946560074051376,0.0017589296876394656,2.050706892725943e-10,3.572615980829141e-05,0.0,2.0304250717163086,2.030378818511963,5.992242257946145e-10,4.614248246070929e-05,0.0
1650,adam,0.000125,0.001802340895665111,0.0017630180191190448,2.0472538508463587e-10,3.932271215489891e-05,0.0,2.033066749572754,2.0330212116241455,5.992242257946145e-10,4.548249489744194e-05,0.0
1651,adam,0.000125,0.0018044584430754185,0.0017675340750429314,2.047253702986567e-10,3.692417703859974e-05,0.0,2.0317330360412598,2.031691312789917,5.992242257946145e-10,4.182569682598114e-05,0.0
1652,adam,0.000125,0.0019798332250502426,0.001940531212312635,2.0472537283013873e-10,3.930183515876706e-05,0.0,2.0349504947662354,2.0348989963531494,5.992242257946145e-10,5.138640335644595e-05,0.0
1653,adam,0.000125,0.0021972480717522558,0.002150129079382168,2.0472675231752079e-10,4.711880046670558e-05,0.0,2.030198812484741,2.0301268100738525,5.992242257946145e-10,7.19460440450348e-05,0.0
1654,adam,0.000125,0.0025261938862968236,0.0024781309693935327,2.0472537020396105e-10,4.806265837942192e-05,0.0,2.0301852226257324,2.0301337242126465,5.992242257946145e-10,5.153111487743445e-05,0.0
1655,adam,0.000125,0.0028820779589295853,0.002833517297403887,2.23287685298713e-10,4.856040186496102e-05,0.0,2.0292582511901855,2.0291965007781982,5.992242257946145e-10,6.167642277432606e-05,0.0
1656,adam,0.000125,0.0038703127902408596,0.0038156824630277697,2.0749552574630983e-10,5.4630080057904706e-05,0.0,2.0332112312316895,2.0330655574798584,5.992242257946145e-10,0.00014575121167581528,0.0
1657,adam,0.000125,0.0053579086234094575,0.00521524551732,2.0608742809867696e-10,0.00014266302332544,0.0,2.031212091445923,2.031139850616455,5.992242257946145e-10,7.225752051454037e-05,0.0
1658,adam,0.000125,0.004368913505459204,0.0042665872679208405,2.0472542092593175e-10,0.00010232608065052773,0.0,2.0283541679382324,2.028254747390747,5.992242257946145e-10,9.939391748048365e-05,0.0
1659,adam,0.000125,0.004124606755794957,0.004034304547531065,2.0472629069980782e-10,9.030204637383576e-05,0.0,2.0369088649749756,2.0368146896362305,5.992242257946145e-10,9.406082972418517e-05,0.0
1660,adam,0.000125,0.005546550186409149,0.005482096814375836,2.128999123401479e-10,6.445312533287506e-05,0.0,2.0379798412323,2.0378901958465576,5.992242257946145e-10,8.957868703873828e-05,0.0
1661,adam,0.000125,0.007921593452920206,0.007846041335142218,2.052665447188478e-10,7.555180627605296e-05,0.0,2.037102460861206,2.0370121002197266,5.992242257946145e-10,9.046202467288822e-05,0.0
1662,adam,0.000125,0.008765814985963516,0.008672014824696817,2.0479069230567708e-10,9.380000665260013e-05,0.0,2.0278921127319336,2.027808427810669,5.992242257946145e-10,8.363225788343698e-05,0.0
1663,adam,0.000125,0.006558624707395211,0.006462550169089809,2.0480158764672638e-10,9.607433867131476e-05,0.0,2.0482239723205566,2.0481481552124023,5.992242257946145e-10,7.571557216579095e-05,0.0
1664,adam,0.000125,0.007633160057594068,0.007536759600043297,2.162409600522925e-10,9.640024745749542e-05,0.0,2.060007333755493,2.0598995685577393,5.992242257946145e-10,0.00010780213051475585,0.0
1665,adam,0.000125,0.0057423980833846144,0.0056472323631169274,2.04729671643887e-10,9.516546197119169e-05,0.0,2.0333502292633057,2.033233165740967,5.992242257946145e-10,0.00011704061034834012,0.0
1666,adam,0.000125,0.008057798666413873,0.007971920669660904,2.0539366959365028e-10,8.587784850533353e-05,0.0,2.0231873989105225,2.0230712890625,5.992242257946145e-10,0.00011620495206443593,0.0
1667,adam,0.000125,0.007245017601235304,0.007168254349380732,2.047295858005885e-10,7.676307473047927e-05,0.0,2.034893274307251,2.0348217487335205,5.992242257946145e-10,7.155410276027396e-05,0.0
1668,adam,0.000125,0.0053722851516795345,0.00530850917857606,2.0718692725510304e-10,6.377586419148429e-05,0.0,2.029182195663452,2.0291121006011963,5.992242257946145e-10,7.014648872427642e-05,0.0
1669,adam,0.000125,0.004223930664011277,0.004149672786297742,2.1114783311863603e-10,7.425771400448866e-05,0.0,2.034176826477051,2.0340914726257324,5.992242257946145e-10,8.546428580302745e-05,0.0
1670,adam,0.000125,0.0027374667988624424,0.0026751335826702416,2.2308445987144707e-10,6.233299723135133e-05,0.0,2.026491403579712,2.026435613632202,5.992242257946145e-10,5.5732769396854565e-05,0.0
1671,adam,0.000125,0.001924968120874837,0.0018776360193442088,2.1003141021332473e-10,4.7331874611700187e-05,0.0,2.0290346145629883,2.0289838314056396,5.992242257946145e-10,5.081511699245311e-05,0.0
1672,adam,0.000125,0.001657126093050465,0.0016173058502317872,2.2246349904927247e-10,3.98200243125757e-05,0.0,2.029207468032837,2.0291595458984375,5.992242257946145e-10,4.7970104787964374e-05,0.0
1673,adam,0.000125,0.0015742359937576111,0.001535414547106484,2.0484476305572926e-10,3.882124292431399e-05,0.0,2.0286052227020264,2.0285558700561523,5.992242257946145e-10,4.942653686157428e-05,0.0
1674,adam,0.000125,0.0015373423593700863,0.0015025566681288183,2.0492000230413657e-10,3.4785513321367034e-05,0.0,2.0291502475738525,2.0291075706481934,5.992242257946145e-10,4.2674539145082235e-05,0.0
1675,adam,0.000125,0.0014975710000726394,0.0014635376865044236,2.2878059743541036e-10,3.403307687221968e-05,0.0,2.0299594402313232,2.029917001724243,5.992242257946145e-10,4.2529096390353516e-05,0.0
1676,adam,0.000125,0.0014809108615736477,0.0014473512001131894,2.0472674385008645e-10,3.355947137606563e-05,0.0,2.0298893451690674,2.029846668243408,5.992242257946145e-10,4.262277070665732e-05,0.0
1677,adam,0.000125,0.0014789042215852533,0.0014454213705903385,2.2017546651070055e-10,3.3482645676485845e-05,0.0,2.0294008255004883,2.0293569564819336,5.992242257946145e-10,4.397589873406105e-05,0.0
1678,adam,0.000125,0.0014701708896609489,0.0014356380561366677,2.0671456159620262e-10,3.4532625704741804e-05,0.0,2.030031442642212,2.029989004135132,5.992242257946145e-10,4.255216845194809e-05,0.0
1679,adam,0.000125,0.0014666945462522563,0.0014323194809549022,2.047253732123673e-10,3.4374838151052245e-05,0.0,2.029499053955078,2.0294551849365234,5.992242257946145e-10,4.378003359306604e-05,0.0
1680,adam,0.000125,0.0014542052522301674,0.0014202862403180916,2.0472854962931672e-10,3.391879693026567e-05,0.0,2.0298075675964355,2.0297653675079346,5.992242257946145e-10,4.2269173718523234e-05,0.0
1681,adam,0.000125,0.0014461278915405273,0.0014129522860457655,2.0472675385747632e-10,3.3175419162034814e-05,0.0,2.030134916305542,2.0300934314727783,5.992242257946145e-10,4.158030424150638e-05,0.0
1682,adam,0.000125,0.001439924686565064,0.001406644474627683,2.1114840419179602e-10,3.3279983881584485e-05,0.0,2.030158281326294,2.030116081237793,5.992242257946145e-10,4.2281757487216964e-05,0.0
1683,adam,0.000125,0.0014688355076941662,0.0014351918798638508,2.1328992355916405e-10,3.364343069733877e-05,0.0,2.0302937030792236,2.030249834060669,5.992242257946145e-10,4.3775358790298924e-05,0.0
1684,adam,0.000125,0.0014287744124885648,0.0013961821314296685,2.0868839967019847e-10,3.259210200212692e-05,0.0,2.0298213958740234,2.0297799110412598,5.992242257946145e-10,4.153549889451824e-05,0.0
1685,adam,0.000125,0.001423556575900875,0.001391010087900213,2.0507068052478212e-10,3.2546260513299785e-05,0.0,2.0302984714508057,2.0302574634552,5.992242257946145e-10,4.104577237740159e-05,0.0
1686,adam,0.000125,0.0014183493749442277,0.0013860629751434317,2.0587488875730206e-10,3.228620619211142e-05,0.0,2.0302963256835938,2.030255079269409,5.992242257946145e-10,4.1147657611873e-05,0.0
1687,adam,0.000125,0.001413251249687164,0.0013808744843117893,2.1745219091344722e-10,3.237657654153736e-05,0.0,2.029736042022705,2.0296943187713623,5.992242257946145e-10,4.1784660425037146e-05,0.0
1688,adam,0.000125,0.0014106030939728953,0.00137785164770321,2.2640839429477914e-10,3.2751184107837616e-05,0.0,2.0302071571350098,2.030165910720825,5.992242257946145e-10,4.1312458051834255e-05,0.0
1689,adam,0.000125,0.0014055545780138345,0.0013736262881138828,2.0868612000855234e-10,3.192809833763022e-05,0.0,2.0300850868225098,2.030043363571167,5.992242257946145e-10,4.170031024841592e-05,0.0
1690,adam,0.000125,0.0014102462846494745,0.0013777984586340608,2.0637245181621642e-10,3.2447593753204274e-05,0.0,2.0303680896759033,2.030327081680298,5.992242257946145e-10,4.1024537495104596e-05,0.0
1691,adam,0.000125,0.0014017901448823977,0.0013692115662706783,2.0472537344244098e-10,3.2578375453340414e-05,0.0,2.0306005477905273,2.0305590629577637,5.992242257946145e-10,4.140114469919354e-05,0.0
1692,adam,0.000125,0.0013935316346760374,0.0013611411577585386,2.0507068511699606e-10,3.239029842916352e-05,0.0,2.0304670333862305,2.030426502227783,5.992242257946145e-10,4.0645267290528864e-05,0.0
1693,adam,0.000125,0.0013905247760703787,0.001358743476885138,2.0472614311405764e-10,3.178113206558919e-05,0.0,2.030460834503174,2.0304195880889893,5.992242257946145e-10,4.134105984121561e-05,0.0
1694,adam,0.000125,0.0013852265783498297,0.0013535671278077643,2.0472544663760363e-10,3.165928217185865e-05,0.0,2.0301709175109863,2.030130386352539,5.992242257946145e-10,4.043046646984294e-05,0.0
1695,adam,0.000125,0.0013845381399733014,0.0013521699365810491,2.0872011463950587e-10,3.23680040992258e-05,0.0,2.030477523803711,2.0304367542266846,5.992242257946145e-10,4.082387386006303e-05,0.0
1696,adam,0.000125,0.001380423938826425,0.0013472456357703777,2.0472945098714556e-10,3.3178117064380785e-05,0.0,2.0301272869110107,2.0300865173339844,5.992242257946145e-10,4.0660801460035145e-05,0.0
1697,adam,0.000125,0.0013752006343565881,0.0013421528637991287,2.047253758175164e-10,3.3047595024982e-05,0.0,2.030374050140381,2.030333995819092,5.992242257946145e-10,4.012025965494104e-05,0.0
1698,adam,0.000125,0.0013697170397790615,0.0013372559642448323,2.0539453177553695e-10,3.2460894203723e-05,0.0,2.030663251876831,2.030623435974121,5.992242257946145e-10,3.9929564081830904e-05,0.0
1699,adam,0.000125,0.0013652095276484033,0.0013329293960850919,2.0479093094308834e-10,3.22799310197297e-05,0.0,2.0306618213653564,2.0306215286254883,5.992242257946145e-10,4.028344483231194e-05,0.0
1700,adam,0.000125,0.0013632330847030971,0.0013319755544216605,2.2309301393097348e-10,3.125730722786102e-05,0.0,2.030606985092163,2.030566930770874,5.992242257946145e-10,4.009728945675306e-05,0.0
1701,adam,0.000125,0.001358574818368652,0.0013274784614623059,2.0868607959663028e-10,3.109614647200942e-05,0.0,2.0306553840637207,2.0306129455566406,5.992242257946145e-10,4.240800626575947e-05,0.0
1702,adam,0.000125,0.0013533907931559952,0.0013213544261816423,2.3036567179320912e-10,3.203614028279844e-05,0.0,2.0305957794189453,2.0305562019348145,5.992242257946145e-10,3.962390110245906e-05,0.0
1703,adam,0.000125,0.0013502288311428856,0.0013192692167649511,2.0474482090634865e-10,3.095939769082179e-05,0.0,2.0302040576934814,2.030163526535034,5.992242257946145e-10,4.0538227040087804e-05,0.0
1704,adam,0.000125,0.0013471021047735121,0.001315757239353843,2.3031385075551802e-10,3.134458620479563e-05,0.0,2.0303924083709717,2.0303525924682617,5.992242257946145e-10,3.987599120591767e-05,0.0
1705,adam,0.000125,0.0013456071828841232,0.0013140187948010862,2.2651077152473974e-10,3.158820231874415e-05,0.0,2.0304930210113525,2.0304527282714844,5.992242257946145e-10,4.03214871766977e-05,0.0
1706,adam,0.000125,0.0013425944871414686,0.0013097240116621833,2.0687801051800246e-10,3.287029699095001e-05,0.0,2.030853271484375,2.030808448791504,5.992242257946145e-10,4.4831780542153865e-05,0.0
1707,adam,0.000125,0.001788438183211838,0.0017564537174621364,2.0718707939807577e-10,3.198431022610748e-05,0.0,2.0304906368255615,2.0304465293884277,5.992242257946145e-10,4.4166165025671944e-05,0.0
1708,adam,0.000125,0.0013380992077145493,0.0013054817736701807,2.0472538456649655e-10,3.261723611558409e-05,0.0,2.0303869247436523,2.0303449630737305,5.992242257946145e-10,4.191687185084447e-05,0.0
1709,adam,0.000125,0.0013333391307241982,0.001300849071412813,2.264093381785059e-10,3.2489817840541946e-05,0.0,2.0303258895874023,2.0302839279174805,5.992242257946145e-10,4.204115612083115e-05,0.0
1710,adam,0.000125,0.0017696013455861248,0.0017371284375258256,2.0472545776303067e-10,3.2472706379849114e-05,0.0,2.030425548553467,2.0303854942321777,5.992242257946145e-10,4.012179488199763e-05,0.0
1711,adam,0.000125,0.0013179330144339474,0.0012865976532339118,2.0608742337506538e-10,3.1335135417975835e-05,0.0,2.0306928157806396,2.030653476715088,5.992242257946145e-10,3.936551365768537e-05,0.0
1712,adam,0.000125,0.0013123044536769157,0.0012820878273487324,2.0622217104544595e-10,3.02164266940963e-05,0.0,2.030906915664673,2.030867338180542,5.992242257946145e-10,3.9583475881954655e-05,0.0
1713,adam,0.000125,0.0013098998424538877,0.0012785775543306954,2.2017547060901818e-10,3.132207586986624e-05,0.0,2.0307555198669434,2.030714988708496,5.992242257946145e-10,4.053900556755252e-05,0.0
1714,adam,0.000125,0.001736307098326506,0.0017058984012692235,2.0506872450616656e-10,3.040853948732547e-05,0.0,2.030878782272339,2.030837059020996,5.992242257946145e-10,4.1671530198073015e-05,0.0
1715,adam,0.000125,0.0013169763387850253,0.0012840571362175979,2.0514956946200608e-10,3.291900907242962e-05,0.0,2.0303893089294434,2.0303502082824707,5.992242257946145e-10,3.913667387678288e-05,0.0
1716,adam,0.000125,0.0013006354129174724,0.0012698412811005255,2.0472687916980693e-10,3.079392070048925e-05,0.0,2.0301835536956787,2.0301434993743896,5.992242257946145e-10,4.011822602478787e-05,0.0
1717,adam,0.000125,0.0013027745917497668,0.0012719666246994166,2.0472566963381037e-10,3.080776502883964e-05,0.0,2.031358480453491,2.031318426132202,5.992242257946145e-10,4.002829882665537e-05,0.0
1718,adam,0.000125,0.001311117594013922,0.0012796348200936336,2.0473456219867215e-10,3.148253540530277e-05,0.0,2.030627489089966,2.0305886268615723,5.992242257946145e-10,3.885033947881311e-05,0.0
1719,adam,0.000125,0.0013005245345993899,0.0012700194401986664,2.0539704510869164e-10,3.0504887149618298e-05,0.0,2.0313751697540283,2.03133225440979,5.992242257946145e-10,4.3020314478781074e-05,0.0
1720,adam,0.000125,0.0013154067855793983,0.0012839575265388703,2.201901816752122e-10,3.14490574737647e-05,0.0,2.0302412509918213,2.030200719833374,5.992242257946145e-10,4.063919550389983e-05,0.0
1721,adam,0.000125,0.0013265444558783202,0.0012954238954989705,2.0607590953197744e-10,3.1120387234295777e-05,0.0,2.0311896800994873,2.03114914894104,5.992242257946145e-10,4.059674029122107e-05,0.0
1722,adam,0.000125,0.0013317915399966296,0.0013000096168980235,2.0473228713593846e-10,3.178173733431322e-05,0.0,2.030508518218994,2.0304689407348633,5.992242257946145e-10,3.953842315240763e-05,0.0
1723,adam,0.000125,0.0013617685453937156,0.00133068118338997,2.0472544411946732e-10,3.1087124853002024e-05,0.0,2.031428575515747,2.0313892364501953,5.992242257946145e-10,3.944276613765396e-05,0.0
1724,adam,0.000125,0.001358738869384979,0.0013264935041661374,2.0477501359075474e-10,3.224515830879682e-05,0.0,2.0278689861297607,2.027827739715576,5.992242257946145e-10,4.1281349695054814e-05,0.0
1725,adam,0.000125,0.0014005925222591031,0.0013686342899745796,2.0474547689476508e-10,3.195801946276333e-05,0.0,2.0330145359039307,2.0329723358154297,5.992242257946145e-10,4.213609645375982e-05,0.0
1726,adam,0.000125,0.0014526625018334016,0.0014189928697305731,2.0791781454097445e-10,3.366941677995783e-05,0.0,2.030179023742676,2.0301353931427,5.992242257946145e-10,4.373201954877004e-05,0.0
1727,adam,0.000125,0.0015180713999143336,0.0014846858648525085,2.0472537705841305e-10,3.338535020702693e-05,0.0,2.034637212753296,2.0345969200134277,5.992242257946145e-10,4.0195442124968395e-05,0.0
1728,adam,0.000125,0.0017534493817947805,0.001718099036224885,2.4969309214695773e-10,3.535005635058042e-05,0.0,2.0277063846588135,2.0276482105255127,5.992242257946145e-10,5.812743620481342e-05,0.0
1729,adam,0.000125,0.0022839746306999587,0.0022427119438361842,2.0475951455178312e-10,4.126249609726074e-05,0.0,2.0320098400115967,2.031951665878296,5.992242257946145e-10,5.8267458371119574e-05,0.0
1730,adam,0.000125,0.003064347449253546,0.003011164462805027,2.3231665843378882e-10,5.318271109899797e-05,0.0,2.026874542236328,2.0267951488494873,5.992242257946145e-10,7.951245788717642e-05,0.0
1731,adam,0.000125,0.0038909778304514475,0.003830446985375602,2.089907879476302e-10,6.0530671589731355e-05,0.0,2.041787624359131,2.0417113304138184,5.992242257946145e-10,7.618205563630909e-05,0.0
1732,adam,0.000125,0.0061250580693013035,0.006031769749824889,2.0472540078438824e-10,9.328808391728671e-05,0.0,2.0407845973968506,2.0406746864318848,5.992242257946145e-10,0.00010993656178470701,0.0
1733,adam,0.000125,0.007775871083140373,0.00763556185120251,2.0898500862203169e-10,0.00014030909915163647,0.0,2.0331358909606934,2.0328686237335205,5.992242257946145e-10,0.00026727348449639976,0.0
1734,adam,0.000125,0.006450493601732887,0.006303929469140712,2.2207427200530546e-10,0.00014656389157607919,0.0,2.0216338634490967,2.021535634994507,5.992242257946145e-10,9.812702774070203e-05,0.0
1735,adam,0.000125,0.008504101708240341,0.008423684186709579,2.0474017643619928e-10,8.041728438001883e-05,0.0,2.044617176055908,2.044532060623169,5.992242257946145e-10,8.503800927428529e-05,0.0
1736,adam,0.000125,0.009308249791502021,0.009185374692606274,2.539922415688675e-10,0.00012287489835216547,0.0,2.0074260234832764,2.007298707962036,5.992242257946145e-10,0.00012722727842628956,0.0
1737,adam,0.000125,0.014414804347325116,0.014243387733586133,2.0608770468839204e-10,0.0001714163208816899,0.0,2.044057607650757,2.043898820877075,5.992242257946145e-10,0.0001587310543982312,0.0
1738,adam,0.000125,0.018977242842083797,0.018834878428606316,2.220722882115068e-10,0.00014236457082006382,0.0,2.046006441116333,2.045868158340454,5.992242257946145e-10,0.00013824313646182418,0.0
1739,adam,0.000125,0.011939596792217344,0.011817058810265735,2.2640788307165033e-10,0.00012253793011041125,0.0,2.040113925933838,2.03999662399292,5.992242257946145e-10,0.00011722819181159139,0.0
1740,adam,0.000125,0.014799751312239096,0.014632078120484948,2.047401919538164e-10,0.00016767294118835707,0.0,2.055922269821167,2.0556044578552246,5.992242257946145e-10,0.00031788350315764546,0.0
1741,adam,0.000125,0.014302879877504893,0.014075514642172493,2.0472536481818809e-10,0.0002273651871291804,0.0,2.027698278427124,2.0275580883026123,5.992242257946145e-10,0.0001401313056703657,0.0
1742,adam,0.000125,0.012231829867232591,0.012088894683984108,2.086874685402104e-10,0.00014293505728346645,0.0,2.0483665466308594,2.048217296600342,5.992242257946145e-10,0.00014926774019841105,0.0
1743,adam,0.000125,0.012887481483630836,0.012773041991749778,2.0751404288809206e-10,0.00011443934590715799,0.0,2.03316068649292,2.033048152923584,5.992242257946145e-10,0.00011257352161919698,0.0
1744,adam,0.000125,0.008142217782733496,0.008047577161050867,2.048447706295273e-10,9.464058666708297e-05,0.0,2.028754472732544,2.028660535812378,5.992242257946145e-10,9.397419489687309e-05,0.0
1745,adam,0.000125,0.009446715863305144,0.009327116917120293,2.051156801681195e-10,0.000119598724268144,0.0,2.034083127975464,2.033982276916504,5.992242257946145e-10,0.00010076886246679351,0.0
1746,adam,0.000125,0.007159026929002721,0.0070661868376191705,2.0746870983859737e-10,9.283989902542089e-05,0.0,2.0313925743103027,2.0313053131103516,5.992242257946145e-10,8.729875116841868e-05,0.0
1747,adam,0.000125,0.005390985141275451,0.005325590173015371,2.0472967437625647e-10,6.539483706546889e-05,0.0,2.0321035385131836,2.0320382118225098,5.992242257946145e-10,6.527391815325245e-05,0.0
1748,adam,0.000125,0.003801134225795977,0.0037462881664396264,2.0608752819001924e-10,5.484588245963096e-05,0.0,2.042473077774048,2.042417526245117,5.992242257946145e-10,5.565518586081453e-05,0.0
1749,adam,0.000125,0.0029715951095568016,0.0029250550505821593,2.0472549372730184e-10,4.653989617509069e-05,0.0,2.038804054260254,2.038750410079956,5.992242257946145e-10,5.358231283025816e-05,0.0
1750,adam,0.000125,0.0019021536681975704,0.0018599425930005964,2.0512679097776395e-10,4.221088613576285e-05,0.0,2.032306432723999,2.032261610031128,5.992242257946145e-10,4.489909406402148e-05,0.0
1751,adam,0.000125,0.0015544519446848426,0.0015175126172835007,2.0472577451708273e-10,3.693913117785996e-05,0.0,2.026550531387329,2.026505947113037,5.992242257946145e-10,4.469303894438781e-05,0.0
1752,adam,0.000125,0.0014460182246693876,0.001410408403899055,2.2208799365242959e-10,3.560956224646361e-05,0.0,2.028085708618164,2.028043508529663,5.992242257946145e-10,4.2240702896378934e-05,0.0
1753,adam,0.000125,0.001392761812894605,0.0013581343591795303,2.0758999014325554e-10,3.462726385805581e-05,0.0,2.0288195610046387,2.028777837753296,5.992242257946145e-10,4.167305814917199e-05,0.0
1754,adam,0.000125,0.0013531331569538452,0.001319518793025054,2.418836236777794e-10,3.3614137350923556e-05,0.0,2.0295004844665527,2.0294594764709473,5.992242257946145e-10,4.1106060962192714e-05,0.0
1755,adam,0.000125,0.0013311318725754973,0.0012979301536688581,2.047253800982654e-10,3.3201514725078596e-05,0.0,2.0298659801483154,2.029825210571289,5.992242257946145e-10,4.071595685672946e-05,0.0
1756,adam,0.000125,0.0013203832313593011,0.0012872551214968553,2.047930593574594e-10,3.312788589937554e-05,0.0,2.0297327041625977,2.0296919345855713,5.992242257946145e-10,4.080393773620017e-05,0.0
1757,adam,0.000125,0.0013105221660225652,0.0012780655270034913,2.0608622223730122e-10,3.2456438134431664e-05,0.0,2.029461145401001,2.0294206142425537,5.992242257946145e-10,4.061766230734065e-05,0.0
1758,adam,0.000125,0.001298897281230893,0.0012664766254602,2.0474469438052918e-10,3.2420464549431927e-05,0.0,2.029503107070923,2.0294625759124756,5.992242257946145e-10,4.065018583787605e-05,0.0
1759,adam,0.000125,0.0012891776314063463,0.0012573977364809252,2.0722104943044144e-10,3.177970506840211e-05,0.0,2.0295190811157227,2.029479503631592,5.992242257946145e-10,3.9460661355406046e-05,0.0
1760,adam,0.000125,0.0012824313089367934,0.0012504463411460165,2.0512008400162658e-10,3.1984757583813916e-05,0.0,2.0295050144195557,2.029465436935425,5.992242257946145e-10,3.949517849832773e-05,0.0
1761,adam,0.000125,0.0012722429128189106,0.00124081415560795,2.047254082960551e-10,3.142856064641819e-05,0.0,2.0295045375823975,2.0294651985168457,5.992242257946145e-10,3.929732338292524e-05,0.0
1762,adam,0.000125,0.001266271858185064,0.0012349305125098908,2.04774400034783e-10,3.134114683689404e-05,0.0,2.029679775238037,2.0296411514282227,5.992242257946145e-10,3.8654619856970385e-05,0.0
1763,adam,0.000125,0.0012618017608474474,0.0012301325350563275,2.334813030188609e-10,3.1668958058617136e-05,0.0,2.0294177532196045,2.029378652572632,5.992242257946145e-10,3.9163562178146094e-05,0.0
1764,adam,0.000125,0.0012562665579025634,0.0012242308839631733,2.097669993771645e-10,3.2035416666076344e-05,0.0,2.02923846244812,2.0291996002197266,5.992242257946145e-10,3.880492295138538e-05,0.0
1765,adam,0.000125,0.001250007595444913,0.0012187281572551,2.047258305226696e-10,3.1279223208002804e-05,0.0,2.0293595790863037,2.029317617416382,5.992242257946145e-10,4.197824819129892e-05,0.0
1766,adam,0.000125,0.0012442728329915553,0.0012131867679272546,2.047277515544503e-10,3.1085875775715976e-05,0.0,2.0295495986938477,2.029510974884033,5.992242257946145e-10,3.859988282783888e-05,0.0
1767,adam,0.000125,0.0012393070464895573,0.0012084517256880645,2.2507730575702174e-10,3.085510070377495e-05,0.0,2.0294718742370605,2.029433488845825,5.992242257946145e-10,3.8496116758324206e-05,0.0
1768,adam,0.000125,0.0016253086578217335,0.0015946515595715027,2.0591292997986e-10,3.065691578285623e-05,0.0,2.029214382171631,2.0291755199432373,5.992242257946145e-10,3.884146281052381e-05,0.0
1769,adam,0.000125,0.0012277854348212713,0.0011962126991420519,2.264078851052904e-10,3.157252160690405e-05,0.0,2.029719591140747,2.0296788215637207,5.992242257946145e-10,4.0825543692335486e-05,0.0
1770,adam,0.000125,0.0012253003933437867,0.0011930469245271524,2.1715816798076694e-10,3.225325713174243e-05,0.0,2.0293445587158203,2.0293045043945312,5.992242257946145e-10,4.006939707323909e-05,0.0
1771,adam,0.000125,0.0012199866978335194,0.0011893961309397127,2.0551018282390034e-10,3.05903213302372e-05,0.0,2.0293705463409424,2.0293326377868652,5.992242257946145e-10,3.799435216933489e-05,0.0
1772,adam,0.000125,0.0012153552743257023,0.0011848471040138975,2.0574092438450405e-10,3.0507928045153676e-05,0.0,2.029371976852417,2.0293338298797607,5.992242257946145e-10,3.8044279790483415e-05,0.0
1773,adam,0.000125,0.001210095713759074,0.0011799713156506186,2.2917611378223172e-10,3.0124179829726927e-05,0.0,2.029320001602173,2.0292816162109375,5.992242257946145e-10,3.8447418774012476e-05,0.0
1774,adam,0.000125,0.0012082826506230049,0.0011777818472182844,2.2640625734542618e-10,3.0500613888762018e-05,0.0,2.029414415359497,2.029376268386841,5.992242257946145e-10,3.81116806238424e-05,0.0
1775,adam,0.000125,0.0011980395993305137,0.001167913964309264,2.160872253497586e-10,3.0125399462122004e-05,0.0,2.02911376953125,2.0290756225585938,5.992242257946145e-10,3.8077414501458406e-05,0.0
1776,adam,0.000125,0.0012004798718407983,0.001170150291727623,2.047256197262056e-10,3.0329372975756996e-05,0.0,2.029269218444824,2.0292305946350098,5.992242257946145e-10,3.85256607842166e-05,0.0
1777,adam,0.000125,0.0012006723391095875,0.0011703256677719764,2.0483102997211847e-10,3.0346493531396845e-05,0.0,2.0291330814361572,2.0290944576263428,5.992242257946145e-10,3.8701953599229455e-05,0.0
1778,adam,0.000125,0.0011876117387146223,0.0011574531126825605,2.1628891354689028e-10,3.0158421509440814e-05,0.0,2.0292305946350098,2.0291929244995117,5.992242257946145e-10,3.7609541323035955e-05,0.0
1779,adam,0.000125,0.0011825968704215484,0.0011528783670655685,2.0476480264242382e-10,2.971835965581704e-05,0.0,2.0291805267333984,2.0291430950164795,5.992242257946145e-10,3.740786269190721e-05,0.0
1780,adam,0.000125,0.0011796606158895884,0.0011492433695821092,2.1609859843279226e-10,3.0417048719755257e-05,0.0,2.029294729232788,2.029257297515869,5.992242257946145e-10,3.740186366485432e-05,0.0
1781,adam,0.000125,0.0011735868974938057,0.0011433491181378486,2.0587488618253366e-10,3.0237540386224282e-05,0.0,2.0290303230285645,2.028992176055908,5.992242257946145e-10,3.8247388147283345e-05,0.0
1782,adam,0.000125,0.0011708832244039513,0.0011409089602238964,2.064147314332671e-10,2.997406545546255e-05,0.0,2.029177188873291,2.029139518737793,5.992242257946145e-10,3.761110929190181e-05,0.0
1783,adam,0.000125,0.001164975325082196,0.0011357076309650438,2.160963980241693e-10,2.9267476406857895e-05,0.0,2.0291292667388916,2.0290920734405518,5.992242257946145e-10,3.722767723957077e-05,0.0
1784,adam,0.000125,0.00118457954886253,0.0011548113689059392,2.0472614595664727e-10,2.9768011017949902e-05,0.0,2.029309034347534,2.029271364212036,5.992242257946145e-10,3.765014844248071e-05,0.0
1785,adam,0.000125,0.0011558844380488154,0.0011262643347436097,2.0473078202050252e-10,2.9619925953738857e-05,0.0,2.0291666984558105,2.0291295051574707,5.992242257946145e-10,3.7219972000457346e-05,0.0
1786,adam,0.000125,0.0011532412590895547,0.0011235818183195079,2.0594038349540042e-10,2.9659265578629856e-05,0.0,2.0292670726776123,2.0292301177978516,5.992242257946145e-10,3.7048874219181016e-05,0.0
1787,adam,0.000125,0.0011496654242364457,0.0011201350625924533,2.0475941740388034e-10,2.9530136657740513e-05,0.0,2.0292601585388184,2.0292232036590576,5.992242257946145e-10,3.7030888051958755e-05,0.0
1788,adam,0.000125,0.0011669256582536036,0.0011367689330654684,2.0507068534704657e-10,3.0156542266013275e-05,0.0,2.028982639312744,2.0289456844329834,5.992242257946145e-10,3.704610571730882e-05,0.0
1789,adam,0.000125,0.0011420561222621473,0.0011120842427772004,2.0472761970588076e-10,2.9971685989949037e-05,0.0,2.0292117595672607,2.029170274734497,5.992242257946145e-10,4.142434409004636e-05,0.0
1790,adam,0.000125,0.0011442777558841044,0.0011145089301862754,2.1289982785009372e-10,2.9768602644253406e-05,0.0,2.0292770862579346,2.029238700866699,5.992242257946145e-10,3.8362020859494805e-05,0.0
1791,adam,0.000125,0.0011446363278082572,0.0011136455123050837,2.047253886896809e-10,3.099063485478837e-05,0.0,2.0292811393737793,2.0292444229125977,5.992242257946145e-10,3.680386726045981e-05,0.0
1792,adam,0.000125,0.0011276560380792944,0.0010982372186845168,2.0608108300493875e-10,2.9418618055387924e-05,0.0,2.0291950702667236,2.0291571617126465,5.992242257946145e-10,3.789389302255586e-05,0.0
1793,adam,0.000125,0.001125426177168265,0.0010955084017041372,2.047254768153593e-10,2.991761778048385e-05,0.0,2.029139995574951,2.0291028022766113,5.992242257946145e-10,3.717166691785678e-05,0.0
1794,adam,0.000125,0.0014525593869620934,0.001423253981556627,2.290180627610062e-10,2.9305208954610862e-05,0.0,2.028942108154297,2.028904676437378,5.992242257946145e-10,3.7497786252060905e-05,0.0
1795,adam,0.000125,0.0011224619338463526,0.0010932074510492384,2.0607216754737044e-10,2.9254249056975823e-05,0.0,2.0295560359954834,2.0295188426971436,5.992242257946145e-10,3.728926458279602e-05,0.0
1796,adam,0.000125,0.001109443521272624,0.0010805146685015643,2.0837048184635175e-10,2.8928655865456676e-05,0.0,2.029078722000122,2.0290417671203613,5.992242257946145e-10,3.689108052640222e-05,0.0
1797,adam,0.000125,0.0011106043712061364,0.0010815157675096998,2.0488455558254065e-10,2.9088440442137653e-05,0.0,2.0289463996887207,2.02890944480896,5.992242257946145e-10,3.697962165460922e-05,0.0
1798,adam,0.000125,0.0011039192613679916,0.0010742950671556173,2.0472537281568789e-10,2.9624024023178208e-05,0.0,2.0293242931365967,2.0292861461639404,5.992242257946145e-10,3.807750181294978e-05,0.0
1799,adam,0.000125,0.0011020469919458264,0.0010716737124312203,2.0491986793493263e-10,3.0373085337487282e-05,0.0,2.029376983642578,2.0293359756469727,5.992242257946145e-10,4.095755866728723e-05,0.0
1800,adam,0.000125,0.001094996148822247,0.001065199245203985,2.2640495505365736e-10,2.9796711714880075e-05,0.0,2.0292885303497314,2.0292513370513916,5.992242257946145e-10,3.709682641783729e-05,0.0
1801,adam,0.000125,0.0010909134689427447,0.0010613681752147386,2.215377241126922e-10,2.9545090569627064e-05,0.0,2.0292739868164062,2.0292375087738037,5.992242257946145e-10,3.6588520742952824e-05,0.0
1802,adam,0.000125,0.0010874322924792068,0.0010581278111203574,2.0472537970239e-10,2.9304294685061905e-05,0.0,2.029313087463379,2.0292723178863525,5.992242257946145e-10,4.0842594899004325e-05,0.0
1803,adam,0.000125,0.0010946242000500206,0.001065573811501963,2.0587527617937247e-10,2.9050161174382083e-05,0.0,2.0294134616851807,2.029376983642578,5.992242257946145e-10,3.649819700513035e-05,0.0
1804,adam,0.000125,0.0010756102165032644,0.0010464279403095134,2.0473453716193994e-10,2.9182073490119365e-05,0.0,2.0292351245880127,2.0291976928710938,5.992242257946145e-10,3.7536039599217474e-05,0.0
1805,adam,0.000125,0.0010801587868627394,0.0010513726228964515,2.048779461307328e-10,2.878593329569412e-05,0.0,2.029041290283203,2.0290050506591797,5.992242257946145e-10,3.634529639384709e-05,0.0
1806,adam,0.000125,0.0010893014077737462,0.001060573993527214,2.1304521024523193e-10,2.8727242124659824e-05,0.0,2.0290071964263916,2.028970718383789,5.992242257946145e-10,3.6553232348524034e-05,0.0
1807,adam,0.000125,0.0010637043196766172,0.0010354354362789309,2.047253735587856e-10,2.826866011673701e-05,0.0,2.0292139053344727,2.02917742729187,5.992242257946145e-10,3.64024999726098e-05,0.0
1808,adam,0.000125,0.0010591347217996372,0.0010305288396921242,2.047301992223419e-10,2.8605658712876902e-05,0.0,2.0295958518981934,2.029559373855591,5.992242257946145e-10,3.6423789424588904e-05,0.0
1809,adam,0.000125,0.001064428031895659,0.0010356121783843264,2.0472536859877737e-10,2.8815684459004842e-05,0.0,2.029437303543091,2.029400587081909,5.992242257946145e-10,3.6779532820219174e-05,0.0
1810,adam,0.000125,0.0010571944039838854,0.0010289405327057466,2.0472547579452908e-10,2.8253636060071585e-05,0.0,2.0291175842285156,2.029081344604492,5.992242257946145e-10,3.622853910201229e-05,0.0
1811,adam,0.000125,0.0010600800087559037,0.0010314050905435579,2.0472539202324523e-10,2.86747446125446e-05,0.0,2.0292892456054688,2.029252529144287,5.992242257946145e-10,3.661351729533635e-05,0.0
1812,adam,0.000125,0.0010541986321186414,0.001025678770020022,2.2251676359181696e-10,2.851962324257329e-05,0.0,2.0296823978424072,2.0296456813812256,5.992242257946145e-10,3.6685414670500904e-05,0.0
1813,adam,0.000125,0.0010557947698544012,0.0010276754528604215,2.0541786874832904e-10,2.811909723732242e-05,0.0,2.0293569564819336,2.029320240020752,5.992242257946145e-10,3.675729749375023e-05,0.0
1814,adam,0.000125,0.0010559606052993331,0.0010274891992594348,2.0472537468426904e-10,2.8471211862779455e-05,0.0,2.0297505855560303,2.029714345932007,5.992242257946145e-10,3.633418236859143e-05,0.0
1815,adam,0.000125,0.001046519346346031,0.0010181718098465353,2.2767637683718248e-10,2.834731537859625e-05,0.0,2.0289013385772705,2.028864860534668,5.992242257946145e-10,3.642943556769751e-05,0.0
1816,adam,0.000125,0.0013188701013859827,0.001290757722017588,2.0539366590870623e-10,2.8112146878811473e-05,0.0,2.0295207500457764,2.0294830799102783,5.992242257946145e-10,3.778620884986594e-05,0.0
1817,adam,0.000125,0.001034107121085981,0.0010041413224826101,2.0472675730530408e-10,2.9965576231916202e-05,0.0,2.0291004180908203,2.029062509536743,5.992242257946145e-10,3.7885041820118204e-05,0.0
1818,adam,0.000125,0.0010434487485326827,0.0010137232802662766,2.0472536774696828e-10,2.972528250211326e-05,0.0,2.029921054840088,2.0298850536346436,5.992242257946145e-10,3.602305878303014e-05,0.0
1819,adam,0.000125,0.001045050874381559,0.0010170691566599999,2.2037060512859954e-10,2.7981516836916853e-05,0.0,2.0284171104431152,2.0283801555633545,5.992242257946145e-10,3.704465416376479e-05,0.0
1820,adam,0.000125,0.0010793395558721386,0.0010490288077562582,2.0473225604166006e-10,3.0310517104226165e-05,0.0,2.029946804046631,2.0299103260040283,5.992242257946145e-10,3.656686385511421e-05,0.0
1821,adam,0.000125,0.0010872049242607318,0.0010574963089311495,2.0875138543143259e-10,2.9708386819038424e-05,0.0,2.028252124786377,2.0282082557678223,5.992242257946145e-10,4.387973604025319e-05,0.0
1822,adam,0.000125,0.0011455410567577928,0.0011129717331641586,2.050706843886288e-10,3.256909212723258e-05,0.0,2.0310966968536377,2.031060218811035,5.992242257946145e-10,3.6396242649061605e-05,0.0
1823,adam,0.000125,0.001135693077230826,0.0011064709651691373,2.090292485474169e-10,2.9221909926491207e-05,0.0,2.027269124984741,2.027233123779297,5.992242257946145e-10,3.6085057217860594e-05,0.0
1824,adam,0.000125,0.0010850931412278442,0.0010567584140517283,2.049550520847869e-10,2.8334518788142304e-05,0.0,2.03157114982605,2.0315349102020264,5.992242257946145e-10,3.622999065555632e-05,0.0
1825,adam,0.000125,0.0010627941956045106,0.0010343559661123436,2.1147960477299266e-10,2.8438010758691235e-05,0.0,2.0272817611694336,2.0272440910339355,5.992242257946145e-10,3.7574529414996505e-05,0.0
1826,adam,0.000125,0.001105274979636306,0.001075463364031748,2.047253779341194e-10,2.9811423132741766e-05,0.0,2.0310771465301514,2.0310356616973877,5.992242257946145e-10,4.1437186155235395e-05,0.0
1827,adam,0.000125,0.0012170318605058128,0.0011842418170999736,2.0602714553697004e-10,3.278983888321818e-05,0.0,2.0266976356506348,2.02665638923645,5.992242257946145e-10,4.12541012337897e-05,0.0
1828,adam,0.000125,0.0013661898337886669,0.0013327443248272175,2.047345507010734e-10,3.3445325470893295e-05,0.0,2.0314903259277344,2.0314509868621826,5.992242257946145e-10,3.927234865841456e-05,0.0
1829,adam,0.000125,0.0017998593248194084,0.0017543981157359667,2.0749178742456943e-10,4.5460999558599724e-05,0.0,2.02827525138855,2.0282180309295654,5.992242257946145e-10,5.72561111766845e-05,0.0
1830,adam,0.000125,0.002129569951648591,0.0020775500488525722,2.2032889012128e-10,5.2019746817677515e-05,0.0,2.0330111980438232,2.0329580307006836,5.992242257946145e-10,5.325204983819276e-05,0.0
1831,adam,0.000125,0.0025527562538627535,0.0024994925952341873,2.0473227493612292e-10,5.3263436939232633e-05,0.0,2.026669979095459,2.026580572128296,5.992242257946145e-10,8.932744094636291e-05,0.0
1832,adam,0.000125,0.002671875925443601,0.0026084332675964106,2.051323906929658e-10,6.344245753098221e-05,0.0,2.031040668487549,2.030949592590332,5.992242257946145e-10,9.114810382016003e-05,0.0
1833,adam,0.000125,0.0026649510145944078,0.002608001661428716,2.0472575939574467e-10,5.694913488696329e-05,0.0,2.0270562171936035,2.0270044803619385,5.992242257946145e-10,5.182804670766927e-05,0.0
1834,adam,0.000125,0.0022874735441291705,0.0022270360677794088,2.0472848640635402e-10,6.043729058546887e-05,0.0,2.0308964252471924,2.030806541442871,5.992242257946145e-10,8.977813558885828e-05,0.0
1835,adam,0.000125,0.0021362720581237227,0.0020370478050608654,2.0834561715717042e-10,9.922405934048584e-05,0.0,2.026334285736084,2.0261662006378174,5.992242257946145e-10,0.00016816517745610327,0.0
1836,adam,0.000125,0.002216180397226708,0.002100521702232072,2.0472550588336283e-10,0.00011565852287276357,0.0,2.0225229263305664,2.022461175918579,5.992242257946145e-10,6.169715925352648e-05,0.0
1837,adam,0.000125,0.002891749219998019,0.0028333775226201396,2.064369830612492e-10,5.8371488194097765e-05,0.0,2.029712438583374,2.029585123062134,5.992242257946145e-10,0.00012719791266135871,0.0
1838,adam,0.000125,0.0030851264746161178,0.00297652975859819,2.093357954462019e-10,0.00010859654116757156,0.0,2.025402784347534,2.02532696723938,5.992242257946145e-10,7.586642459500581e-05,0.0
1839,adam,0.000125,0.003652874060207978,0.0035560384712880477,2.048312202988054e-10,9.683547909844492e-05,0.0,2.0217132568359375,2.021660804748535,5.992242257946145e-10,5.2388160838745534e-05,0.0
1840,adam,0.000125,0.0051205187337473035,0.005055459641880589,2.0472548987982342e-10,6.505894521069422e-05,0.0,2.0353095531463623,2.035196542739868,5.992242257946145e-10,0.00011305110820103437,0.0
1841,adam,0.000125,0.004705436294898391,0.0045447576194419526,2.0472537735595985e-10,0.0001606784680916462,0.0,2.034083604812622,2.033933162689209,5.992242257946145e-10,0.0001504960237070918,0.0
1842,adam,0.000125,0.004417709606059361,0.0042991302398149855,2.051155404108728e-10,0.0001185791347779741,0.0,2.021846294403076,2.021785020828247,5.992242257946145e-10,6.134514842415228e-05,0.0
1843,adam,0.000125,0.0028823674147133715,0.002804082694638055,2.0476480884537513e-10,7.828450475244608e-05,0.0,2.0296010971069336,2.0295259952545166,5.992242257946145e-10,7.50170584069565e-05,0.0
1844,adam,0.000125,0.0033606030119699426,0.003286467028374318,2.0622965820140966e-10,7.413582102344662e-05,0.0,2.024003028869629,2.023933172225952,5.992242257946145e-10,6.985721120145172e-05,0.0
1845,adam,0.000125,0.003533533206791617,0.003465030025836313,2.1290103679523186e-10,6.850298950666911e-05,0.0,2.040194034576416,2.0401177406311035,5.992242257946145e-10,7.630927575519308e-05,0.0
1846,adam,0.000125,0.0023571486963192,0.0023054136836435646,2.047285364736245e-10,5.173479689801752e-05,0.0,2.0273406505584717,2.0272817611694336,5.992242257946145e-10,5.893105480936356e-05,0.0
1847,adam,0.000125,0.002037131242104806,0.0019939711928600445,2.0539684067501342e-10,4.315986438996333e-05,0.0,2.034597396850586,2.034554958343506,5.992242257946145e-10,4.255747262504883e-05,0.0
1848,adam,0.000125,0.0015807058953214437,0.0015422238684550393,2.2206890597079222e-10,3.848180585919181e-05,0.0,2.0319061279296875,2.0318641662597656,5.992242257946145e-10,4.184639692539349e-05,0.0
1849,adam,0.000125,0.001403493770339992,0.0013588459296443034,2.0506847296435393e-10,4.464762332645478e-05,0.0,2.035829544067383,2.035776138305664,5.992242257946145e-10,5.351207801140845e-05,0.0
1850,adam,0.000125,0.0017953783462871797,0.0017577731887286063,2.1609124055020287e-10,3.7604918361466844e-05,0.0,2.031402111053467,2.031359910964966,5.992242257946145e-10,4.226264718454331e-05,0.0
1851,adam,0.000125,0.0016868152670213021,0.001651106522331247,2.0479366090458842e-10,3.570854937606782e-05,0.0,2.0326428413391113,2.032595634460449,5.992242257946145e-10,4.71713428851217e-05,0.0
1852,adam,0.000125,0.0016918362816795707,0.001653052353503881,2.0909021906150807e-10,3.878373809129698e-05,0.0,2.0361833572387695,2.0361266136169434,5.992242257946145e-10,5.6772943935357034e-05,0.0
1853,adam,0.000125,0.00163573513054871,0.0015927974491205532,2.0788531139231763e-10,4.293749293537985e-05,0.0,2.0260565280914307,2.026015281677246,5.992242257946145e-10,4.1330622480018064e-05,0.0
1854,adam,0.000125,0.0013724219024879858,0.001332387273578206,2.0472675673966474e-10,4.0034392213783576e-05,0.0,2.033991813659668,2.03393292427063,5.992242257946145e-10,5.897100709262304e-05,0.0
1855,adam,0.000125,0.0012851019964728039,0.0012494553229771554,2.0472537093660154e-10,3.56464992137262e-05,0.0,2.0264971256256104,2.0264573097229004,5.992242257946145e-10,3.969970202888362e-05,0.0
1856,adam,0.000125,0.0012440273676475044,0.0012091213229723508,2.0472537359581185e-10,3.490584765586391e-05,0.0,2.0322744846343994,2.0322365760803223,5.992242257946145e-10,3.7968988181091845e-05,0.0
1857,adam,0.000125,0.0013665629739989527,0.0013339917477424024,2.0473165118717508e-10,3.257104299336788e-05,0.0,2.0285515785217285,2.028500556945801,5.992242257946145e-10,5.1118007831973955e-05,0.0
1858,adam,0.000125,0.0013954805544926785,0.0013596154840342933,2.0472977839883748e-10,3.586485490814084e-05,0.0,2.0295557975769043,2.0295071601867676,5.992242257946145e-10,4.864104630541988e-05,0.0
1859,adam,0.000125,0.0014677523249702062,0.0014356428746395977,2.161951298818825e-10,3.210924660379533e-05,0.0,2.03043532371521,2.0303988456726074,5.992242257946145e-10,3.649945938377641e-05,0.0
1860,adam,0.000125,0.001479375219787471,0.0014476981450570747,2.047411868221768e-10,3.1676874414188205e-05,0.0,2.0222880840301514,2.0222487449645996,5.992242257946145e-10,3.9308804844040424e-05,0.0
1861,adam,0.000125,0.001656791428104043,0.0016199037272599526,2.050787740347554e-10,3.688750291530596e-05,0.0,2.0297889709472656,2.0297372341156006,5.992242257946145e-10,5.180129664950073e-05,0.0
1862,adam,0.000125,0.0017710898573568556,0.0017317125893896446,2.0472547463727032e-10,3.937704400414077e-05,0.0,2.0284762382507324,2.0284335613250732,5.992242257946145e-10,4.2783503886312246e-05,0.0
1863,adam,0.000125,0.001754827389959246,0.0017114887632487807,2.074906641831811e-10,4.333841252446291e-05,0.0,2.028425455093384,2.0283758640289307,5.992242257946145e-10,4.954047835781239e-05,0.0
1864,adam,0.000125,0.0015288513386622071,0.0014840690455457661,2.051156509348552e-10,4.478208893488045e-05,0.0,2.0232083797454834,2.023164749145508,5.992242257946145e-10,4.3530468246899545e-05,0.0
1865,adam,0.000125,0.0015064680555951782,0.001466469606384635,2.0484475571237712e-10,3.999823650246981e-05,0.0,2.0307822227478027,2.0307397842407227,5.992242257946145e-10,4.255732346791774e-05,0.0
1866,adam,0.000125,0.001440511357941432,0.0014037285654922016,2.0472552251276364e-10,3.678256643979694e-05,0.0,2.0268168449401855,2.0267763137817383,5.992242257946145e-10,4.0567534597357735e-05,0.0
1867,adam,0.000125,0.0013698666116397362,0.0013317913144419435,2.0507290612611212e-10,3.8075094380474184e-05,0.0,2.0278971195220947,2.0278425216674805,5.992242257946145e-10,5.457330553326756e-05,0.0
1868,adam,0.000125,0.0014013158943271264,0.0013614106901513878,2.0473464858854182e-10,3.990501204498287e-05,0.0,2.0295581817626953,2.0295145511627197,5.992242257946145e-10,4.359171725809574e-05,0.0
1869,adam,0.000125,0.0015522411122219637,0.001517214928753674,2.0472900067809668e-10,3.502597019178211e-05,0.0,2.028611421585083,2.0285677909851074,5.992242257946145e-10,4.368349982541986e-05,0.0
1870,adam,0.000125,0.0012554532404465135,0.001221346919919597,2.267507529024528e-10,3.410608962894912e-05,0.0,2.0264484882354736,2.026409387588501,5.992242257946145e-10,3.905353514710441e-05,0.0
1871,adam,0.000125,0.0011446630269347224,0.0011114673579868395,2.0483795153058818e-10,3.319547533919831e-05,0.0,2.028541088104248,2.028502941131592,5.992242257946145e-10,3.804202424362302e-05,0.0
1872,adam,0.000125,0.001555837516207248,0.0015160421280597802,2.086929843143231e-10,3.979518282903882e-05,0.0,2.0254313945770264,2.025378465652466,5.992242257946145e-10,5.2977335144532844e-05,0.0
1873,adam,0.000125,0.0021038833510829136,0.002056379587884294,2.0472537481569976e-10,4.7503579253316275e-05,0.0,2.0278050899505615,2.027759313583374,5.992242257946145e-10,4.566900315694511e-05,0.0
1874,adam,0.000125,0.0019040649422095157,0.0018628044890647288,2.0749357439928446e-10,4.126024509787385e-05,0.0,2.029257297515869,2.02919602394104,5.992242257946145e-10,6.131639383966103e-05,0.0
1875,adam,0.000125,0.002045288376393728,0.001984729588002665,2.058156333982604e-10,6.055856579223473e-05,0.0,2.0285887718200684,2.0285181999206543,5.992242257946145e-10,7.049583655316383e-05,0.0
1876,adam,0.000125,0.0024268921188195236,0.0023802064060873818,2.0484522465160796e-10,4.668554356612731e-05,0.0,2.031992197036743,2.0319337844848633,5.992242257946145e-10,5.832046008436009e-05,0.0
1877,adam,0.000125,0.0029574353466159664,0.002908202266553417,2.140345711611823e-10,4.9232896799367154e-05,0.0,2.023861885070801,2.023787021636963,5.992242257946145e-10,7.497546903323382e-05,0.0
1878,adam,0.000125,0.00277857891342137,0.002700100561924046,2.4378016169499776e-10,7.8478079103661e-05,0.0,2.031627893447876,2.031557321548462,5.992242257946145e-10,7.059586641844362e-05,0.0
1879,adam,0.000125,0.0031173668139672372,0.0030537312959495466,2.0472537487248737e-10,6.363538273035374e-05,0.0,2.0258238315582275,2.0257580280303955,5.992242257946145e-10,6.568886601598933e-05,0.0
1880,adam,0.000125,0.0021817003362230025,0.002124280079442542,2.0938399721518272e-10,5.742007147091499e-05,0.0,2.0351855754852295,2.0351269245147705,5.992242257946145e-10,5.865145067218691e-05,0.0
1881,adam,0.000125,0.0018958685686811805,0.0018522671052778605,2.093825604892796e-10,4.3601263996606576e-05,0.0,2.025103807449341,2.025052547454834,5.992242257946145e-10,5.117067848914303e-05,0.0
1882,adam,0.000125,0.0015358783712144941,0.0014947215931897517,2.220688786204954e-10,4.1156542692988296e-05,0.0,2.026784658432007,2.0267443656921387,5.992242257946145e-10,4.020209962618537e-05,0.0
1883,adam,0.000125,0.0014038830995559692,0.0013703795848414302,2.0489702796721914e-10,3.3503312920402095e-05,0.0,2.0282652378082275,2.0282251834869385,5.992242257946145e-10,3.995511360699311e-05,0.0
1884,adam,0.000125,0.0012844893208239228,0.0012525217898655683,2.0492123232683265e-10,3.196733939603291e-05,0.0,2.0276710987091064,2.0276200771331787,5.992242257946145e-10,5.099409827380441e-05,0.0
1885,adam,0.000125,0.001313182870944729,0.0012781802888639504,2.362928779386947e-10,3.5002343679479964e-05,0.0,2.0270121097564697,2.0269720554351807,5.992242257946145e-10,4.0109553083311766e-05,0.0
1886,adam,0.000125,0.001363632549328031,0.0013293771771714091,2.0474612005863452e-10,3.425519457778137e-05,0.0,2.029885768890381,2.0298452377319336,5.992242257946145e-10,4.064469612785615e-05,0.0
1887,adam,0.000125,0.0013113022832840215,0.0012771424771926831,2.0785522347294174e-10,3.4159600545535795e-05,0.0,2.02921462059021,2.0291717052459717,5.992242257946145e-10,4.3028219806728885e-05,0.0
1888,adam,0.000125,0.0012420027451298665,0.0012113402954128105,2.061490670050209e-10,3.066223155201442e-05,0.0,2.028167247772217,2.028125762939453,5.992242257946145e-10,4.145152342971414e-05,0.0
1889,adam,0.000125,0.0014847548627585638,0.001449852865334833,2.0472679850356388e-10,3.490183064513985e-05,0.0,2.0309433937072754,2.030900478363037,5.992242257946145e-10,4.282510053599253e-05,0.0
1890,adam,0.000125,0.0013314731913851574,0.0012955014935869258,2.345792461621243e-10,3.5971448937743844e-05,0.0,2.0259408950805664,2.0258889198303223,5.992242257946145e-10,5.185983536648564e-05,0.0
1891,adam,0.000125,0.001380313351546647,0.0013416547044471372,2.047275685309592e-10,3.865845178552263e-05,0.0,2.028904914855957,2.0288636684417725,5.992242257946145e-10,4.1238854464609176e-05,0.0
1892,adam,0.000125,0.0014019075060787145,0.0013659054748131894,2.074907564760995e-10,3.600184959395847e-05,0.0,2.0274157524108887,2.0273687839508057,5.992242257946145e-10,4.689313209382817e-05,0.0
1893,adam,0.000125,0.0013170841193641536,0.001275571557926014,2.2640788063621223e-10,4.151233918037178e-05,0.0,2.027101516723633,2.027064085006714,5.992242257946145e-10,3.744609057321213e-05,0.0
1894,adam,0.000125,0.0011116345522168558,0.0010820399729709607,2.0898388282076752e-10,2.9594366878882283e-05,0.0,2.0277421474456787,2.0277023315429688,5.992242257946145e-10,3.9829003071645275e-05,0.0
1895,adam,0.000125,0.0012505425038398243,0.0012205815291963518,2.0475946288923197e-10,2.9960745905555086e-05,0.0,2.0295746326446533,2.029534101486206,5.992242257946145e-10,4.0601607906864956e-05,0.0
1896,adam,0.000125,0.0018806898151524365,0.0018493818934075534,2.071887192555888e-10,3.130772461190645e-05,0.0,2.0283658504486084,2.028325319290161,5.992242257946145e-10,4.056151010445319e-05,0.0
1897,adam,0.000125,0.0012815258996852208,0.001248753564141225,2.437484480222993e-10,3.277211021668336e-05,0.0,2.0246384143829346,2.0246009826660156,5.992242257946145e-10,3.7486490327864885e-05,0.0
1898,adam,0.000125,0.0015451145409315359,0.0015110198328329716,2.2640612738431405e-10,3.409448390812031e-05,0.0,2.0276529788970947,2.0276033878326416,5.992242257946145e-10,4.955355325364508e-05,0.0
1899,adam,0.000125,0.0019093311930191703,0.0018758554579108022,2.1114818494054693e-10,3.3475494319645804e-05,0.0,2.028946876525879,2.028905153274536,5.992242257946145e-10,4.160966273047961e-05,0.0
1900,adam,0.000125,0.0012867388795712031,0.001255543393199332,2.047272073336641e-10,3.11952881020261e-05,0.0,2.0219197273254395,2.0218746662139893,5.992242257946145e-10,4.494928361964412e-05,0.0
1901,adam,0.000125,0.0011235584897804074,0.0010913395144598326,2.2743632648536808e-10,3.221878046133497e-05,0.0,2.0256292819976807,2.025587320327759,5.992242257946145e-10,4.198310125502758e-05,0.0
1902,adam,0.000125,0.0010951493168249726,0.0010610934150463436,2.172400577714371e-10,3.405568963898986e-05,0.0,2.030822277069092,2.030787706375122,5.992242257946145e-10,3.455538535490632e-05,0.0
1903,adam,0.000125,0.0010422346531413496,0.0010095086363435257,2.2729017816008182e-10,3.272578442192753e-05,0.0,2.0277793407440186,2.0277416706085205,5.992242257946145e-10,3.765585279325023e-05,0.0
1904,adam,0.000125,0.0008722756392671727,0.0008443227779935114,2.0606900419017354e-10,2.795265493205079e-05,0.0,2.027885675430298,2.027851104736328,5.992242257946145e-10,3.44828367815353e-05,0.0
1905,adam,0.000125,0.0008424162060691742,0.0008139231649693102,2.0474005535286594e-10,2.849284044259548e-05,0.0,2.0242199897766113,2.0241847038269043,5.992242257946145e-10,3.539804674801417e-05,0.0
1906,adam,0.000125,0.0008350205953320256,0.0008077226866589626,2.048517756385879e-10,2.7297705400997074e-05,0.0,2.0300676822662354,2.030032157897949,5.992242257946145e-10,3.561302219168283e-05,0.0
1907,adam,0.000125,0.0008268310375569854,0.0007996105669008102,2.0472545859457218e-10,2.7220273523198557e-05,0.0,2.028672933578491,2.0286378860473633,5.992242257946145e-10,3.509151065372862e-05,0.0
1908,adam,0.000125,0.0008663853805046529,0.0008376696714549325,2.0472537785780701e-10,2.8715524194922182e-05,0.0,2.0281851291656494,2.0281474590301514,5.992242257946145e-10,3.759374521905556e-05,0.0
1909,adam,0.000125,0.0009250510411220603,0.0008913291021599434,2.052615749793464e-10,3.37217411470192e-05,0.0,2.028433084487915,2.0283937454223633,5.992242257946145e-10,3.933088373742066e-05,0.0
1910,adam,0.000125,0.0009608858927094843,0.0009285528649343178,2.0491986714968015e-10,3.2332821206182416e-05,0.0,2.0287811756134033,2.0287444591522217,5.992242257946145e-10,3.683471368276514e-05,0.0
1911,adam,0.000125,0.0012509779335232452,0.0012138808833697112,2.051207113096348e-10,3.7096855749041424e-05,0.0,2.0218114852905273,2.021772623062134,5.992242257946145e-10,3.886627746396698e-05,0.0
1912,adam,0.000125,0.0014852599524601828,0.0014498874807031825,2.162817208286317e-10,3.5372281558920804e-05,0.0,2.027402400970459,2.0273568630218506,5.992242257946145e-10,4.555497434921563e-05,0.0
1913,adam,0.000125,0.0017499212262919173,0.0017070939866243862,2.0473449143474386e-10,4.282700933799788e-05,0.0,2.0291757583618164,2.029123306274414,5.992242257946145e-10,5.246790897217579e-05,0.0
1914,adam,0.000125,0.0020402465052029584,0.0020013320026919246,2.047263692233553e-10,3.891431333613582e-05,0.0,2.0270638465881348,2.0270161628723145,5.992242257946145e-10,4.770599844050594e-05,0.0
1915,adam,0.000125,0.0023213167623907793,0.002274099155329168,2.0574090892236427e-10,4.721740924651385e-05,0.0,2.031865119934082,2.0318033695220947,5.992242257946145e-10,6.173440488055348e-05,0.0
1916,adam,0.000125,0.00274828387046,0.0026821206920430996,2.0749065154565798e-10,6.616293376282556e-05,0.0,2.0296361446380615,2.029573678970337,5.992242257946145e-10,6.252206367207691e-05,0.0
1917,adam,0.000125,0.002886381287680706,0.0028213214500283357,2.0472545651339238e-10,6.505965257019852e-05,0.0,2.0248329639434814,2.024759531021118,5.992242257946145e-10,7.339332660194486e-05,0.0
1918,adam,0.000125,0.0020714336133096367,0.0020145033595326822,2.0472538169970693e-10,5.693004118256795e-05,0.0,2.0249946117401123,2.024932861328125,5.992242257946145e-10,6.181225762702525e-05,0.0
1919,adam,0.000125,0.0015365456783911213,0.001482690822740551,2.129650627877288e-10,5.385463578022609e-05,0.0,2.0220787525177,2.022028923034668,5.992242257946145e-10,4.98414046887774e-05,0.0
1920,adam,0.000125,0.0013192232108849566,0.0012786839870386757,2.365858528745703e-10,4.053901761835732e-05,0.0,2.0213229656219482,2.0212621688842773,5.992242257946145e-10,6.085110726417042e-05,0.0
1921,adam,0.000125,0.0014594683307223022,0.001423390320269391,2.0868613540454082e-10,3.6077833442504925e-05,0.0,2.030025005340576,2.029987335205078,5.992242257946145e-10,3.758156526600942e-05,0.0
1922,adam,0.000125,0.001003281175144366,0.0009709400837891735,2.0472544145625677e-10,3.234088012504799e-05,0.0,2.023700475692749,2.0236594676971436,5.992242257946145e-10,4.0957689634524286e-05,0.0
1923,adam,0.000125,0.0008530324448656756,0.0008222472642955836,2.1332385063279134e-10,3.078495751651644e-05,0.0,2.0271475315093994,2.027111291885376,5.992242257946145e-10,3.6348472349345684e-05,0.0
1924,adam,0.000125,0.0009217231618094957,0.0008908585768949706,2.0720608215165028e-10,3.086436390731251e-05,0.0,2.027599334716797,2.0275583267211914,5.992242257946145e-10,4.094218820682727e-05,0.0
1925,adam,0.000125,0.0010704504256864311,0.0010403449923614971,2.0475940540232345e-10,3.010523244029173e-05,0.0,2.022592544555664,2.022556781768799,5.992242257946145e-10,3.586255115806125e-05,0.0
1926,adam,0.000125,0.0010555132903391495,0.001023652690491872,2.3043097529025013e-10,3.1860381795922876e-05,0.0,2.023148775100708,2.0230956077575684,5.992242257946145e-10,5.3243275033310056e-05,0.0
1927,adam,0.000125,0.0010072593086078996,0.0009644882884458639,2.0472537569713515e-10,4.2770815412040974e-05,0.0,2.0264523029327393,2.026414632797241,5.992242257946145e-10,3.767190719372593e-05,0.0
1928,adam,0.000125,0.0008332224460900761,0.0007990635713213123,2.0591233147406398e-10,3.415867308831366e-05,0.0,2.026874303817749,2.026837110519409,5.992242257946145e-10,3.721367829712108e-05,0.0
1929,adam,0.000125,0.0008411229900957551,0.0008103993004624499,2.264118728147245e-10,3.072346180488239e-05,0.0,2.0222599506378174,2.0222249031066895,5.992242257946145e-10,3.5032458981731907e-05,0.0
1930,adam,0.000125,0.0008647543672850588,0.0008357399838132551,2.0506785525835751e-10,2.9014194183218933e-05,0.0,2.0279431343078613,2.027904510498047,5.992242257946145e-10,3.857968476950191e-05,0.0
1931,adam,0.000125,0.0008383061449421803,0.0008082081203610869,2.0606910570786636e-10,3.0097815852059284e-05,0.0,2.0229408740997314,2.022902488708496,5.992242257946145e-10,3.838802149402909e-05,0.0
1932,adam,0.000125,0.0008021923458727542,0.0007742545240034815,2.0539442964453933e-10,2.7937628374274937e-05,0.0,2.0262629985809326,2.0262279510498047,5.992242257946145e-10,3.515004937071353e-05,0.0
1933,adam,0.000125,0.0009294328847317956,0.0009011424845084548,2.3241831305499227e-10,2.8290170803302317e-05,0.0,2.0253140926361084,2.0252768993377686,5.992242257946145e-10,3.7090230762260035e-05,0.0
1934,adam,0.000125,0.001151285661762813,0.0011211032251594588,2.047258261476584e-10,3.0182250156940427e-05,0.0,2.0245752334594727,2.024538993835449,5.992242257946145e-10,3.630557330325246e-05,0.0
1935,adam,0.000125,0.0022207081819942687,0.002173404511268018,2.0720172612146004e-10,4.73034740480216e-05,0.0,2.025561809539795,2.0255162715911865,5.992242257946145e-10,4.5619712182087824e-05,0.0
1936,adam,0.000125,0.0024859076002030633,0.0024494417193636764,2.0474006137458198e-10,3.6465671200858196e-05,0.0,2.0256593227386475,2.0256125926971436,5.992242257946145e-10,4.663513391278684e-05,0.0
1937,adam,0.000125,0.002459982526488602,0.002421348443021998,2.0485731455982471e-10,3.863386291413917e-05,0.0,2.0333549976348877,2.0332977771759033,5.992242257946145e-10,5.7149125495925546e-05,0.0
1938,adam,0.000125,0.0027670751842379104,0.002719080919632688,2.0472538177728654e-10,4.799410544364946e-05,0.0,2.017939329147339,2.0178871154785156,5.992242257946145e-10,5.212906398810446e-05,0.0
1939,adam,0.000125,0.0034522236019256525,0.0034053543568006717,2.0474549261782079e-10,4.686912916440633e-05,0.0,2.0363566875457764,2.0362677574157715,5.992242257946145e-10,8.883389091352001e-05,0.0
1940,adam,0.000125,0.007176298357080668,0.007069917170156259,2.2755502604627724e-10,0.00010638106482474541,0.0,2.035292148590088,2.035203456878662,5.992242257946145e-10,8.865566633176059e-05,0.0
1941,adam,0.000125,0.004446932609425858,0.004374889249447733,2.0472538519756919e-10,7.204314556474856e-05,0.0,2.0140953063964844,2.0140154361724854,5.992242257946145e-10,7.979967631399632e-05,0.0
1942,adam,0.000125,0.005043251672759652,0.004967488988768309,2.0750048626141564e-10,7.576242160212132e-05,0.0,2.0336551666259766,2.0335865020751953,5.992242257946145e-10,6.8745190219488e-05,0.0
1943,adam,0.000125,0.006157786461699288,0.0060755615049856715,2.0606900007477463e-10,8.222473411478859e-05,0.0,2.0384600162506104,2.038255214691162,5.992242257946145e-10,0.00020481798856053501,0.0
1944,adam,0.000125,0.006012600875692442,0.005899875715840608,2.0472538016605286e-10,0.0001127249272485642,0.0,2.0273876190185547,2.027301073074341,5.992242257946145e-10,8.662820619065315e-05,0.0
1945,adam,0.000125,0.005828711102367379,0.005765517795225605,2.0473528257870032e-10,6.319317208181019e-05,0.0,2.0207109451293945,2.020636796951294,5.992242257946145e-10,7.420864858431742e-05,0.0
1946,adam,0.000125,0.0052913314357283525,0.005205945773923304,2.220688699034742e-10,8.538547717762413e-05,0.0,2.018064498901367,2.0179545879364014,5.992242257946145e-10,0.00010988846770487726,0.0
1947,adam,0.000125,0.00592591411259491,0.005778820835985243,2.0472676220575363e-10,0.00014709317474626005,0.0,2.0282840728759766,2.028157949447632,5.992242257946145e-10,0.0001260190038010478,0.0
1948,adam,0.000125,0.004383148952911142,0.004268157783371862,2.0491993890693654e-10,0.00011499102811285411,0.0,2.0234715938568115,2.0233864784240723,5.992242257946145e-10,8.501208503730595e-05,0.0
1949,adam,0.000125,0.0034647160791791975,0.0034027605288429186,2.0792781853693e-10,6.195539936015848e-05,0.0,2.0193893909454346,2.0193328857421875,5.992242257946145e-10,5.659411908709444e-05,0.0
1950,adam,0.000125,0.0025002369438880123,0.002442171760776546,2.1608723336226677e-10,5.8064969607585226e-05,0.0,2.0166029930114746,2.016528606414795,5.992242257946145e-10,7.434177678078413e-05,0.0
1951,adam,0.000125,0.0025430502064409666,0.002490485490852734,2.0472624005655493e-10,5.256454664959165e-05,0.0,2.0275702476501465,2.027523994445801,5.992242257946145e-10,4.616063233697787e-05,0.0
1952,adam,0.000125,0.0018993362173205242,0.0018577491136966273,2.0472598487917102e-10,4.158689330324705e-05,0.0,2.021228790283203,2.0211713314056396,5.992242257946145e-10,5.751598291681148e-05,0.0
1953,adam,0.000125,0.0016636123218631838,0.0016208870729315095,2.0507206391497932e-10,4.272504202162963e-05,0.0,2.0198395252227783,2.0197980403900146,5.992242257946145e-10,4.1582352423574775e-05,0.0
1954,adam,0.000125,0.0012656411927309819,0.0012321728099777829,2.058749133797028e-10,3.346818891714065e-05,0.0,2.019831895828247,2.0197930335998535,5.992242257946145e-10,3.8872563891345635e-05,0.0
1955,adam,0.000125,0.0009940184500010218,0.0009642254372010939,2.0472549905111567e-10,2.979281737225392e-05,0.0,2.0207409858703613,2.0207035541534424,5.992242257946145e-10,3.738810119102709e-05,0.0
1956,adam,0.000125,0.0009331932869827142,0.0009042803831107449,2.0615271842093772e-10,2.8912690709148592e-05,0.0,2.022838830947876,2.0228023529052734,5.992242257946145e-10,3.651065708254464e-05,0.0
1957,adam,0.000125,0.0007657856567675481,0.000735279216314666,2.047445532157652e-10,3.0506233542837435e-05,0.0,2.020939826965332,2.020899772644043,5.992242257946145e-10,4.006754170404747e-05,0.0
1958,adam,0.000125,0.0006965467509871814,0.0006667697434750153,2.047322815582265e-10,2.9776821975247003e-05,0.0,2.0207128524780273,2.0206775665283203,5.992242257946145e-10,3.5348224628251046e-05,0.0
1959,adam,0.000125,0.000675046614560415,0.0006485264566435944,2.0474010426197768e-10,2.6519949869907578e-05,0.0,2.0223169326782227,2.0222840309143066,5.992242257946145e-10,3.2907693821471184e-05,0.0
1960,adam,0.000125,0.0006364351684169378,0.0006096172601246508,2.0607308535071453e-10,2.681771115931042e-05,0.0,2.0229287147521973,2.022895574569702,5.992242257946145e-10,3.317731534480117e-05,0.0
1961,adam,0.000125,0.0006389331720129121,0.0006130953042884357,2.048358360998657e-10,2.5837659450189676e-05,0.0,2.021881341934204,2.0218453407287598,5.992242257946145e-10,3.597013346734457e-05,0.0
1962,adam,0.000125,0.0007318739608308533,0.0007058575538394507,2.0472675337323817e-10,2.6016205538326176e-05,0.0,2.021698474884033,2.0216636657714844,5.992242257946145e-10,3.479059159872122e-05,0.0
1963,adam,0.000125,0.0006443976944865426,0.0006179636802698951,2.0577589650814144e-10,2.6433806965542317e-05,0.0,2.02304744720459,2.0230119228363037,5.992242257946145e-10,3.541102705639787e-05,0.0
1964,adam,0.000125,0.000645546580926748,0.0006188229126564693,2.0512138462414493e-10,2.6723460905486718e-05,0.0,2.0215694904327393,2.0215365886688232,5.992242257946145e-10,3.2979809475364164e-05,0.0
1965,adam,0.000125,0.0006048573759471765,0.0005786253695987398,2.323287122847196e-10,2.6231769425066886e-05,0.0,2.02238130569458,2.0223469734191895,5.992242257946145e-10,3.442084198468365e-05,0.0
1966,adam,0.000125,0.0006168140371300979,0.0005902966222492978,2.0608367841804772e-10,2.651721786151029e-05,0.0,2.023477792739868,2.0234439373016357,5.992242257946145e-10,3.381832721061073e-05,0.0
1967,adam,0.000125,0.0005882514215045376,0.0005622957542072982,2.047307876919572e-10,2.5955471755878534e-05,0.0,2.0221681594848633,2.0221357345581055,5.992242257946145e-10,3.2401578209828585e-05,0.0
1968,adam,0.000125,0.0005761998618254438,0.0005506246834556805,2.071871265195377e-10,2.557497157340549e-05,0.0,2.022373914718628,2.02234148979187,5.992242257946145e-10,3.2354819268221036e-05,0.0
1969,adam,0.000125,0.0005710174173145788,0.0005457699116959702,2.2641413859228303e-10,2.5247279609175166e-05,0.0,2.023181915283203,2.023146629333496,5.992242257946145e-10,3.528229353833012e-05,0.0
1970,adam,0.000125,0.0005712607999157626,0.000545905970284366,2.0749607469425952e-10,2.5354623630846618e-05,0.0,2.022575855255127,2.0225441455841064,5.992242257946145e-10,3.179841587552801e-05,0.0
1971,adam,0.000125,0.0005577607225859538,0.0005331456268322654,2.3481089624324615e-10,2.4614845301584865e-05,0.0,2.0230515003204346,2.023019552230835,5.992242257946145e-10,3.191174619132653e-05,0.0
1972,adam,0.000125,0.0005561646139540244,0.0005317303966876352,2.0539453708336303e-10,2.443401365326281e-05,0.0,2.023066520690918,2.0230345726013184,5.992242257946145e-10,3.189771814504638e-05,0.0
1973,adam,0.000125,0.0005481036441778997,0.0005233196916378802,2.0757755932655846e-10,2.4783756089163944e-05,0.0,2.023237466812134,2.023204803466797,5.992242257946145e-10,3.260814992245287e-05,0.0
1974,adam,0.000125,0.0005719539258279838,0.0005466783022711752,2.0473080320132072e-10,2.5275420739490073e-05,0.0,2.0227479934692383,2.0227150917053223,5.992242257946145e-10,3.2812160497996956e-05,0.0
1975,adam,0.000125,0.0005474196968862088,0.0005213174936216092,2.0472537562748158e-10,2.6102004198946815e-05,0.0,2.0237128734588623,2.0236806869506836,5.992242257946145e-10,3.214454045519233e-05,0.0
1976,adam,0.000125,0.000539437558472855,0.0005146076928213006,2.0590926590202153e-10,2.4829673179738165e-05,0.0,2.0233888626098633,2.0233566761016846,5.992242257946145e-10,3.220359212718904e-05,0.0
1977,adam,0.000125,0.0005383862680901075,0.0005137707958056126,2.201847846784816e-10,2.4615250822535018e-05,0.0,2.0234596729278564,2.0234262943267822,5.992242257946145e-10,3.331802145112306e-05,0.0
1978,adam,0.000125,0.0005329595987859648,0.0005086162345833145,2.090056048600506e-10,2.4343157406292448e-05,0.0,2.0233728885650635,2.023341178894043,5.992242257946145e-10,3.175469464622438e-05,0.0
1979,adam,0.000125,0.0005297008210618515,0.0005052151391282678,2.049203773892515e-10,2.44854740003575e-05,0.0,2.0230746269226074,2.023042917251587,5.992242257946145e-10,3.180037674610503e-05,0.0
1980,adam,0.000125,0.0005250026133580832,0.0005009257547499146,2.0472833747678607e-10,2.407664999282133e-05,0.0,2.023824453353882,2.0237934589385986,5.992242257946145e-10,3.1015017157187685e-05,0.0
1981,adam,0.000125,0.0005238856647338253,0.0004998469648853643,2.0487762560034482e-10,2.4038495212153066e-05,0.0,2.023458480834961,2.0234272480010986,5.992242257946145e-10,3.133936115773395e-05,0.0
1982,adam,0.000125,0.0005207984231674345,0.0004969186884409282,2.2269200465176846e-10,2.3879518721514614e-05,0.0,2.0233092308044434,2.02327823638916,5.992242257946145e-10,3.1103343644645065e-05,0.0
1983,adam,0.000125,0.0005244030216999818,0.0005004820086469408,2.0749067238595074e-10,2.392080057234125e-05,0.0,2.024028778076172,2.0239973068237305,5.992242257946145e-10,3.157429091515951e-05,0.0
1984,adam,0.000125,0.0005431280333141331,0.0005192628213990247,2.0523493026044191e-10,2.38650061419321e-05,0.0,2.0236916542053223,2.023660182952881,5.992242257946145e-10,3.137388193863444e-05,0.0
1985,adam,0.000125,0.000517370977831888,0.0004932099127472611,2.0473164021132877e-10,2.4160862267308403e-05,0.0,2.0239312648773193,2.023900032043457,5.992242257946145e-10,3.11851836158894e-05,0.0
1986,adam,0.000125,0.0005191213276702911,0.0004949245503667044,2.0718693803650897e-10,2.4196565732381714e-05,0.0,2.023106813430786,2.0230729579925537,5.992242257946145e-10,3.37424899043981e-05,0.0
1987,adam,0.000125,0.0005200069972488564,0.0004952633626089664,2.0472639819499891e-10,2.4743423864492797e-05,0.0,2.023639678955078,2.0236079692840576,5.992242257946145e-10,3.181348438374698e-05,0.0
1988,adam,0.000125,0.0005187877195567125,0.0004947501074639149,2.0472541690149955e-10,2.403740427325829e-05,0.0,2.0236568450927734,2.023625135421753,5.992242257946145e-10,3.164195368299261e-05,0.0
1989,adam,0.000125,0.0005232386047282489,0.000499320900416933,2.3237795212553214e-10,2.3917466705825063e-05,0.0,2.0237114429473877,2.0236799716949463,5.992242257946145e-10,3.1400657462654635e-05,0.0
1990,adam,0.000125,0.0005345034460333409,0.000509379791765241,2.047253898457088e-10,2.512345554350759e-05,0.0,2.0233142375946045,2.0232818126678467,5.992242257946145e-10,3.24842803820502e-05,0.0
1991,adam,0.000125,0.0005582966732617933,0.0005323415371094598,2.1290505559620473e-10,2.5954927764360036e-05,0.0,2.0226242542266846,2.022592306137085,5.992242257946145e-10,3.194346936652437e-05,0.0
1992,adam,0.000125,0.0006062428437871858,0.0005758507977589034,2.0472598449235158e-10,3.0391839914045704e-05,0.0,2.0233843326568604,2.0233473777770996,5.992242257946145e-10,3.7027984944870695e-05,0.0
1993,adam,0.000125,0.000665495021166862,0.0006393828753061825,2.071869440732069e-10,2.611193758639274e-05,0.0,2.020637273788452,2.02060604095459,5.992242257946145e-10,3.128331445623189e-05,0.0
1994,adam,0.000125,0.0007701920803810935,0.0007421706941386219,2.2640571753979922e-10,2.8021167736369534e-05,0.0,2.026454210281372,2.0264148712158203,5.992242257946145e-10,3.943957563024014e-05,0.0
1995,adam,0.000125,0.0009661288604547735,0.000936569780606078,2.0472538810825563e-10,2.9558876804003376e-05,0.0,2.0204548835754395,2.020418882369995,5.992242257946145e-10,3.594356167013757e-05,0.0
1996,adam,0.000125,0.0014123236360319424,0.0013518662999558728,2.132965216049718e-10,6.045711029400991e-05,0.0,2.0211992263793945,2.0211033821105957,5.992242257946145e-10,9.584783401805907e-05,0.0
1997,adam,0.000125,0.001978139036509674,0.0019181374773324933,2.10246687434401e-10,6.000134771966259e-05,0.0,2.01900577545166,2.0189621448516846,5.992242257946145e-10,4.372650437289849e-05,0.0
1998,adam,0.000125,0.002100139779940946,0.002054041953670094,2.2357931592980035e-10,4.6097601398287225e-05,0.0,2.025313138961792,2.0252702236175537,5.992242257946145e-10,4.2986521293642e-05,0.0
1999,adam,0.000125,0.0018668613010959234,0.001823492337280186,2.0472537624114537e-10,4.336875213084568e-05,0.0,2.0189812183380127,2.0189290046691895,5.992242257946145e-10,5.227487054071389e-05,0.0
2000,adam,6.25e-05,0.0019017139238712844,0.0018490126567485277,2.047258266764187e-10,5.270106566968025e-05,0.0,2.024261951446533,2.024190664291382,5.992242257946145e-10,7.128017750801519e-05,0.0
2001,lbfgs,1.0,0.00206720270216465,0.0004803225165233016,2.096387785588405e-10,2.3553138817078434e-05,0.0,2.0231869220733643,2.023155927658081,5.992242257946145e-10,3.098764500464313e-05,0.0
2002,lbfgs,1.0,0.0005038758390583098,0.00043015333358198404,2.096387785588405e-10,2.232564293080941e-05,0.0,2.0226423740386963,2.0226128101348877,5.992242257946145e-10,2.9533064662246034e-05,0.0
2003,lbfgs,1.0,0.00045247917296364903,0.00039650395046919584,2.096387785588405e-10,2.1215719243627973e-05,0.0,2.018688917160034,2.0186607837677,5.992242257946145e-10,2.8103842851123773e-05,0.0
2004,lbfgs,1.0,0.00041771988617256284,0.0003673879546113312,2.096387785588405e-10,2.0046481949975714e-05,0.0,2.015270709991455,2.0152440071105957,5.992242257946145e-10,2.6627603801898658e-05,0.0
2005,lbfgs,1.0,0.00038743464392609894,0.0003413059748709202,2.096387785588405e-10,1.8925449694506824e-05,0.0,2.0117127895355225,2.011687755584717,5.992242257946145e-10,2.5088027541642077e-05,0.0
2006,lbfgs,1.0,0.000360231613740325,0.0003096950822509825,2.096387785588405e-10,1.7431064406991936e-05,0.0,2.008188247680664,2.008164882659912,5.992242257946145e-10,2.332318399567157e-05,0.0
2007,lbfgs,1.0,0.00032712635584175587,0.00028298280085437,2.096387785588405e-10,1.5966681530699134e-05,0.0,2.0056567192077637,2.0056350231170654,5.992242257946145e-10,2.1711170120397583e-05,0.0
2008,lbfgs,1.0,0.00029894968611188233,0.0002653098781593144,2.096387785588405e-10,1.4990408999437932e-05,0.0,2.003232955932617,2.0032124519348145,5.992242257946145e-10,2.0555038645397872e-05,0.0
2009,lbfgs,1.0,0.00028030050452798605,0.0002426344872219488,2.096387785588405e-10,1.3861800653103273e-05,0.0,1.998012900352478,1.9979939460754395,5.992242257946145e-10,1.8928016288555227e-05,0.0
2010,lbfgs,1.0,0.00025649648159742355,0.0002231086400570348,2.096387785588405e-10,1.2838689144700766e-05,0.0,1.9945147037506104,1.9944974184036255,5.992242257946145e-10,1.7272739569307305e-05,0.0
2011,lbfgs,1.0,0.00023594753292854875,0.00020990872872062027,2.096387785588405e-10,1.2108097507734783e-05,0.0,1.9912854433059692,1.9912692308425903,5.992242257946145e-10,1.617429188627284e-05,0.0
2012,lbfgs,1.0,0.00022201702813617885,0.00019632371549960226,2.096387785588405e-10,1.1268723937973846e-05,0.0,1.9865976572036743,1.9865827560424805,5.992242257946145e-10,1.4876094610372093e-05,0.0
2013,lbfgs,1.0,0.0002075926458928734,0.00018182616622652858,2.096387785588405e-10,1.0496200047782622e-05,0.0,1.982505440711975,1.9824916124343872,5.992242257946145e-10,1.3790352568321396e-05,0.0
2014,lbfgs,1.0,0.0001923225645441562,0.00017154363740701228,2.096387785588405e-10,9.822260835790075e-06,0.0,1.9799120426177979,1.9798990488052368,5.992242257946145e-10,1.2998432794120163e-05,0.0
2015,lbfgs,1.0,0.00018136610742658377,0.00016186412540264428,2.096387785588405e-10,9.31890190258855e-06,0.0,1.979169249534607,1.9791568517684937,5.992242257946145e-10,1.2343988601060119e-05,0.0
2016,lbfgs,1.0,0.00017118323012255132,0.00015278834325727075,2.096387785588405e-10,8.951560630521271e-06,0.0,1.9770636558532715,1.977051854133606,5.992242257946145e-10,1.1783119589381386e-05,0.0
2017,lbfgs,1.0,0.00016174011398106813,0.00014413511962629855,2.096387785588405e-10,8.456448995275423e-06,0.0,1.9767858982086182,1.9767746925354004,5.992242257946145e-10,1.1207778698008042e-05,0.0
2018,lbfgs,1.0,0.00015259177598636597,0.00013763640890829265,2.096387785588405e-10,8.126857210299931e-06,0.0,1.976054310798645,1.9760435819625854,5.992242257946145e-10,1.0736524018284399e-05,0.0
2019,lbfgs,1.0,0.00014576346438843757,0.00013175976346246898,2.096387785588405e-10,7.772227945679333e-06,0.0,1.975117802619934,1.9751075506210327,5.992242257946145e-10,1.0210021173406858e-05,0.0
2020,lbfgs,1.0,0.0001395321887684986,0.00012507001520134509,2.096387785588405e-10,7.369522336375667e-06,0.0,1.9745943546295166,1.974584698677063,5.992242257946145e-10,9.63045113167027e-06,0.0
2021,lbfgs,1.0,0.0001324397453572601,0.00011991427163593471,2.096387785588405e-10,7.185411504906369e-06,0.0,1.9743701219558716,1.9743609428405762,5.992242257946145e-10,9.228293492924422e-06,0.0
2022,lbfgs,1.0,0.00012709989096038043,0.00011540653213160113,2.096387785588405e-10,6.907598617544863e-06,0.0,1.9743762016296387,1.974367380142212,5.992242257946145e-10,8.77082311490085e-06,0.0
2023,lbfgs,1.0,0.0001223143481183797,0.00011064532736781985,2.096387785588405e-10,6.636011676164344e-06,0.0,1.9742671251296997,1.9742586612701416,5.992242257946145e-10,8.42311874293955e-06,0.0
2024,lbfgs,1.0,0.00011728155368473381,0.00010635042417561635,2.096387785588405e-10,6.3995275922934525e-06,0.0,1.9732643365859985,1.973256230354309,5.992242257946145e-10,8.107620487862732e-06,0.0
2025,lbfgs,1.0,0.00011275016004219651,0.000102509482530877,2.096387785588405e-10,6.242983999982243e-06,0.0,1.9731613397598267,1.9731534719467163,5.992242257946145e-10,7.910769454611e-06,0.0
2026,lbfgs,1.0,0.000108752676169388,9.840637358138338e-05,2.096387785588405e-10,6.045041118341032e-06,0.0,1.9734011888504028,1.9733935594558716,5.992242257946145e-10,7.641569027327932e-06,0.0
2027,lbfgs,1.0,0.00010445162479300052,9.437017433810979e-05,2.096387785588405e-10,5.911732387176016e-06,0.0,1.9728926420211792,1.972885251045227,5.992242257946145e-10,7.427299351547845e-06,0.0
2028,lbfgs,1.0,0.00010028211545431986,9.151132690021768e-05,2.096387785588405e-10,5.825878361065406e-06,0.0,1.97298002243042,1.9729727506637573,5.992242257946145e-10,7.223301963676931e-06,0.0
2029,lbfgs,1.0,9.7337418992538e-05,8.83608081494458e-05,2.096387785588405e-10,5.682090431946563e-06,0.0,1.9724878072738647,1.9724807739257812,5.992242257946145e-10,7.061868018354289e-06,0.0
2030,lbfgs,1.0,9.404311276739463e-05,8.503410936100408e-05,2.096387785588405e-10,5.5244577197299805e-06,0.0,1.97306227684021,1.9730554819107056,5.992242257946145e-10,6.762314114894252e-06,0.0
2031,lbfgs,1.0,9.055878035724163e-05,8.225229248637334e-05,2.096387785588405e-10,5.396799224399729e-06,0.0,1.9737228155136108,1.9737162590026855,5.992242257946145e-10,6.564554951182799e-06,0.0
2032,lbfgs,1.0,8.764929953031242e-05,7.973331230459735e-05,2.096387785588405e-10,5.327375220076647e-06,0.0,1.9736998081207275,1.9736933708190918,5.992242257946145e-10,6.464540547312936e-06,0.0
2033,lbfgs,1.0,8.506089943693951e-05,7.715374522376806e-05,2.096387785588405e-10,5.248984962236136e-06,0.0,1.9737968444824219,1.9737905263900757,5.992242257946145e-10,6.325858066702494e-06,0.0
2034,lbfgs,1.0,8.2402941188775e-05,7.453830767190084e-05,2.096387785588405e-10,5.160431555850664e-06,0.0,1.9732494354248047,1.973243236541748,5.992242257946145e-10,6.183323876030045e-06,0.0
2035,lbfgs,1.0,7.969894795678556e-05,7.242229912662879e-05,2.096387785588405e-10,5.134413186169695e-06,0.0,1.9734309911727905,1.9734247922897339,5.992242257946145e-10,6.13944530414301e-06,0.0
2036,lbfgs,1.0,7.755692058708519e-05,7.0576774305664e-05,2.096387785588405e-10,5.069474809715757e-06,0.0,1.9735701084136963,1.9735640287399292,5.992242257946145e-10,6.0989445955783594e-06,0.0
2037,lbfgs,1.0,7.564645784441382e-05,6.846624455647543e-05,2.096387785588405e-10,5.0123753680964e-06,0.0,1.9741113185882568,1.9741052389144897,5.992242257946145e-10,6.060359737602994e-06,0.0
2038,lbfgs,1.0,7.347883365582675e-05,6.670407310593873e-05,2.096387785588405e-10,4.961338618159061e-06,0.0,1.9742099046707153,1.9742039442062378,5.992242257946145e-10,5.982722541375551e-06,0.0
2039,lbfgs,1.0,7.166562136262655e-05,6.491117528639734e-05,2.096387785588405e-10,4.902274667983875e-06,0.0,1.9744555950164795,1.9744497537612915,5.992242257946145e-10,5.8539067140372936e-06,0.0
2040,lbfgs,1.0,6.981365731917322e-05,6.306438444880769e-05,2.096387785588405e-10,4.816324690182228e-06,0.0,1.9739347696304321,1.9739290475845337,5.992242257946145e-10,5.758975021308288e-06,0.0
2041,lbfgs,1.0,6.788092287024483e-05,6.126050720922649e-05,2.096387785588405e-10,4.7781863941054326e-06,0.0,1.9746313095092773,1.974625587463379,5.992242257946145e-10,5.68500809094985e-06,0.0
2042,lbfgs,1.0,6.603890506085008e-05,5.964436786598526e-05,2.096387785588405e-10,4.726111001218669e-06,0.0,1.973972201347351,1.9739665985107422,5.992242257946145e-10,5.597453764494276e-06,0.0
2043,lbfgs,1.0,6.437068805098534e-05,5.8107430959353223e-05,2.096387785588405e-10,4.6903860493330285e-06,0.0,1.9741953611373901,1.9741897583007812,5.992242257946145e-10,5.5898685786814895e-06,0.0
2044,lbfgs,1.0,6.279802619246766e-05,5.6451750424457714e-05,2.096387785588405e-10,4.642495241569122e-06,0.0,1.9739032983779907,1.9738978147506714,5.992242257946145e-10,5.525405413209228e-06,0.0
2045,lbfgs,1.0,6.10944553045556e-05,5.497036181623116e-05,2.096387785588405e-10,4.542095666693058e-06,0.0,1.9739705324172974,1.9739651679992676,5.992242257946145e-10,5.417028660303913e-06,0.0
2046,lbfgs,1.0,5.951266939518973e-05,5.354128734325059e-05,2.096387785588405e-10,4.465338861336932e-06,0.0,1.9743062257766724,1.9743009805679321,5.992242257946145e-10,5.2944842536817305e-06,0.0
2047,lbfgs,1.0,5.800683720735833e-05,5.215645796852186e-05,2.096387785588405e-10,4.395100404508412e-06,0.0,1.9741520881652832,1.974146842956543,5.992242257946145e-10,5.216803856455954e-06,0.0
2048,lbfgs,1.0,5.6551769375801086e-05,5.075031367596239e-05,2.096387785588405e-10,4.329586317908252e-06,0.0,1.9740264415740967,1.974021315574646,5.992242257946145e-10,5.101038368593436e-06,0.0
2049,lbfgs,1.0,5.5080112360883504e-05,4.9584239604882896e-05,2.096387785588405e-10,4.2516153371252585e-06,0.0,1.9738050699234009,1.9738000631332397,5.992242257946145e-10,5.030058673582971e-06,0.0
2050,lbfgs,1.0,5.3836065490031615e-05,4.840130350203253e-05,2.096387785588405e-10,4.197996531729586e-06,0.0,1.9734529256820679,1.9734480381011963,5.992242257946145e-10,4.9221539484278765e-06,0.0
2051,lbfgs,1.0,5.2599512855522335e-05,4.727860141429119e-05,2.096387785588405e-10,4.15239856010885e-06,0.0,1.9736753702163696,1.973670482635498,5.992242257946145e-10,4.882334906142205e-06,0.0
2052,lbfgs,1.0,5.14312123414129e-05,4.599688691087067e-05,2.096387785588405e-10,4.140026248933282e-06,0.0,1.9732171297073364,1.9732122421264648,5.992242257946145e-10,4.8653182602720335e-06,0.0
2053,lbfgs,1.0,5.0137125072069466e-05,4.495191024034284e-05,2.096387785588405e-10,4.074333446624223e-06,0.0,1.9734222888946533,1.9734175205230713,5.992242257946145e-10,4.814977273781551e-06,0.0
2054,lbfgs,1.0,4.902645378024317e-05,4.4064679968869314e-05,2.096387785588405e-10,4.002357400167966e-06,0.0,1.9730629920959473,1.9730582237243652,5.992242257946145e-10,4.760117008117959e-06,0.0
2055,lbfgs,1.0,4.8067249736050144e-05,4.320082371123135e-05,2.096387785588405e-10,3.971135356550803e-06,0.0,1.9735032320022583,1.9734984636306763,5.992242257946145e-10,4.756195721711265e-06,0.0
2056,lbfgs,1.0,4.717216870631091e-05,4.2311228753533214e-05,2.096387785588405e-10,3.91206276617595e-06,0.0,1.9734652042388916,1.9734604358673096,5.992242257946145e-10,4.720676770375576e-06,0.0
2057,lbfgs,1.0,4.622350388672203e-05,4.1526611312292516e-05,2.096387785588405e-10,3.845104401989374e-06,0.0,1.9732719659805298,1.9732673168182373,5.992242257946145e-10,4.638917289412348e-06,0.0
2058,lbfgs,1.0,4.5371925807558e-05,4.080405051354319e-05,2.096387785588405e-10,3.815814579866128e-06,0.0,1.9733378887176514,1.9733332395553589,5.992242257946145e-10,4.610978976415936e-06,0.0
2059,lbfgs,1.0,4.462007564143278e-05,4.0056154830381274e-05,2.096387785588405e-10,3.7826896459591808e-06,0.0,1.9734899997711182,1.9734854698181152,5.992242257946145e-10,4.584146154229529e-06,0.0
2060,lbfgs,1.0,4.383905616123229e-05,3.928123624064028e-05,2.096387785588405e-10,3.7439342577272328e-06,0.0,1.9734774827957153,1.9734729528427124,5.992242257946145e-10,4.578326297632884e-06,0.0
2061,lbfgs,1.0,4.302538218325935e-05,3.858638592646457e-05,2.096387785588405e-10,3.698131649798597e-06,0.0,1.9731292724609375,1.9731247425079346,5.992242257946145e-10,4.5111637518857606e-06,0.0
2062,lbfgs,1.0,4.228472971590236e-05,3.7906003854004666e-05,2.096387785588405e-10,3.67008783541678e-06,0.0,1.9725563526153564,1.9725518226623535,5.992242257946145e-10,4.476251433516154e-06,0.0
2063,lbfgs,1.0,4.157630246481858e-05,3.716742139658891e-05,2.096387785588405e-10,3.6335636650619563e-06,0.0,1.9722671508789062,1.9722627401351929,5.992242257946145e-10,4.4414637159206904e-06,0.0
2064,lbfgs,1.0,4.080119470017962e-05,3.6646761145675555e-05,2.096387785588405e-10,3.609157602113555e-06,0.0,1.9720425605773926,1.9720381498336792,5.992242257946145e-10,4.4220819290785585e-06,0.0
2065,lbfgs,1.0,4.02561308874283e-05,3.610294879763387e-05,2.096387785588405e-10,3.5683956411958206e-06,0.0,1.9722734689712524,1.972269058227539,5.992242257946145e-10,4.369770067569334e-06,0.0
2066,lbfgs,1.0,3.967155498685315e-05,3.556973024387844e-05,2.096387785588405e-10,3.51191511072102e-06,0.0,1.972612738609314,1.9726084470748901,5.992242257946145e-10,4.319308573030867e-06,0.0
2067,lbfgs,1.0,3.908185681211762e-05,3.5018227208638564e-05,2.096387785588405e-10,3.5041682622249937e-06,0.0,1.9725369215011597,1.9725326299667358,5.992242257946145e-10,4.296624865673948e-06,0.0
2068,lbfgs,1.0,3.852260488201864e-05,3.448853749432601e-05,2.096387785588405e-10,3.469012199275312e-06,0.0,1.9724973440170288,1.972493052482605,5.992242257946145e-10,4.249091034580488e-06,0.0
2069,lbfgs,1.0,3.795776137849316e-05,3.402331640245393e-05,2.096387785588405e-10,3.424482656555483e-06,0.0,1.9723141193389893,1.972309947013855,5.992242257946145e-10,4.205942332191626e-06,0.0
2070,lbfgs,1.0,3.7448011426022276e-05,3.354739601491019e-05,2.096387785588405e-10,3.3873059237521375e-06,0.0,1.9722206592559814,1.9722164869308472,5.992242257946145e-10,4.168117357039591e-06,0.0
2071,lbfgs,1.0,3.693491453304887e-05,3.300271782791242e-05,2.096387785588405e-10,3.362466713952017e-06,0.0,1.972376823425293,1.9723726511001587,5.992242257946145e-10,4.158948740951018e-06,0.0
2072,lbfgs,1.0,3.6365396226756275e-05,3.262233440182172e-05,2.096387785588405e-10,3.3266530863329535e-06,0.0,1.9724786281585693,1.9724745750427246,5.992242257946145e-10,4.105726475245319e-06,0.0
2073,lbfgs,1.0,3.5949196899309754e-05,3.2179417758015916e-05,2.096387785588405e-10,3.2936482057266403e-06,0.0,1.9724996089935303,1.9724955558776855,5.992242257946145e-10,4.083214207639685e-06,0.0
2074,lbfgs,1.0,3.5473276511766016e-05,3.179009581799619e-05,2.096387785588405e-10,3.2649741115164943e-06,0.0,1.9722715616226196,1.972267508506775,5.992242257946145e-10,4.0466552491125185e-06,0.0
2075,lbfgs,1.0,3.505528002278879e-05,3.134233338641934e-05,2.096387785588405e-10,3.2327075132343452e-06,0.0,1.972618579864502,1.9726145267486572,5.992242257946145e-10,4.0271170291816816e-06,0.0
2076,lbfgs,1.0,3.457525235717185e-05,3.103009657934308e-05,2.096387785588405e-10,3.202209654773469e-06,0.0,1.972538709640503,1.9725346565246582,5.992242257946145e-10,3.9940050555742346e-06,0.0
2077,lbfgs,1.0,3.423251837375574e-05,3.063811891479418e-05,2.096387785588405e-10,3.1719469006930012e-06,0.0,1.9729366302490234,1.9729326963424683,5.992242257946145e-10,3.9576448216394056e-06,0.0
2078,lbfgs,1.0,3.381027636351064e-05,3.026146259799134e-05,2.096387785588405e-10,3.1421329822478583e-06,0.0,1.9731647968292236,1.9731608629226685,5.992242257946145e-10,3.922027644875925e-06,0.0
2079,lbfgs,1.0,3.340380499139428e-05,2.993310772581026e-05,2.096387785588405e-10,3.1100969408726087e-06,0.0,1.9732043743133545,1.9732004404067993,5.992242257946145e-10,3.885072146658786e-06,0.0
2080,lbfgs,1.0,3.304341225884855e-05,2.961638347187545e-05,2.096387785588405e-10,3.0835747111268574e-06,0.0,1.9735300540924072,1.9735262393951416,5.992242257946145e-10,3.849104359687772e-06,0.0
2081,lbfgs,1.0,3.2700168958399445e-05,2.9288714358699508e-05,2.096387785588405e-10,3.0388944196602097e-06,0.0,1.9736498594284058,1.9736460447311401,5.992242257946145e-10,3.7864106161578093e-06,0.0
2082,lbfgs,1.0,3.23278181895148e-05,2.8988526537432335e-05,2.096387785588405e-10,3.0136300210870104e-06,0.0,1.9736796617507935,1.9736758470535278,5.992242257946145e-10,3.7646198052243562e-06,0.0
2083,lbfgs,1.0,3.2002364605432376e-05,2.8678054150077514e-05,2.096387785588405e-10,2.9824536795786116e-06,0.0,1.9738317728042603,1.9738280773162842,5.992242257946145e-10,3.7285387861629715e-06,0.0
2084,lbfgs,1.0,3.1660718377679586e-05,2.8359707357594743e-05,2.096387785588405e-10,2.95381778414594e-06,0.0,1.9735138416290283,1.9735101461410522,5.992242257946145e-10,3.6863750665361295e-06,0.0
2085,lbfgs,1.0,3.131373523501679e-05,2.8063883291906677e-05,2.096387785588405e-10,2.920546194218332e-06,0.0,1.9734656810760498,1.9734619855880737,5.992242257946145e-10,3.6554536109179026e-06,0.0
2086,lbfgs,1.0,3.098464003414847e-05,2.7703761588782072e-05,2.096387785588405e-10,2.9038028515060432e-06,0.0,1.9735056161880493,1.9735020399093628,5.992242257946145e-10,3.6318945149105275e-06,0.0
2087,lbfgs,1.0,3.0607774533564225e-05,2.7419862817623653e-05,2.096387785588405e-10,2.880461579479743e-06,0.0,1.9735857248306274,1.973582148551941,5.992242257946145e-10,3.601843218348222e-06,0.0
2088,lbfgs,1.0,3.03005326713901e-05,2.71493354375707e-05,2.096387785588405e-10,2.8591368845809484e-06,0.0,1.9739246368408203,1.9739210605621338,5.992242257946145e-10,3.5721748190553626e-06,0.0
2089,lbfgs,1.0,3.000868127855938e-05,2.6878340577241033e-05,2.096387785588405e-10,2.850516466423869e-06,0.0,1.9740866422653198,1.9740830659866333,5.992242257946145e-10,3.5513776310835965e-06,0.0
2090,lbfgs,1.0,2.972906622744631e-05,2.6514631827012636e-05,2.096387785588405e-10,2.834480937963235e-06,0.0,1.9743902683258057,1.9743866920471191,5.992242257946145e-10,3.533457629600889e-06,0.0
2091,lbfgs,1.0,2.9349321266636252e-05,2.622902138682548e-05,2.096387785588405e-10,2.798579316731775e-06,0.0,1.9747446775436401,1.9747412204742432,5.992242257946145e-10,3.484027502054232e-06,0.0
2092,lbfgs,1.0,2.902780943259131e-05,2.5935143639799207e-05,2.096387785588405e-10,2.7739481538446853e-06,0.0,1.9752109050750732,1.9752074480056763,5.992242257946145e-10,3.4453878470230848e-06,0.0
2093,lbfgs,1.0,2.8709300750051625e-05,2.5652871045167558e-05,2.096387785588405e-10,2.7519208742887713e-06,0.0,1.975769281387329,1.9757658243179321,5.992242257946145e-10,3.429829575907206e-06,0.0
2094,lbfgs,1.0,2.8405000193743035e-05,2.5428302251384594e-05,2.096387785588405e-10,2.722591943893349e-06,0.0,1.975969672203064,1.9759663343429565,5.992242257946145e-10,3.385118816368049e-06,0.0
2095,lbfgs,1.0,2.81511038338067e-05,2.5200975869665854e-05,2.096387785588405e-10,2.705640326894354e-06,0.0,1.9760313034057617,1.9760279655456543,5.992242257946145e-10,3.3643630104052136e-06,0.0
2096,lbfgs,1.0,2.7906826289836317e-05,2.4939314243965782e-05,2.096387785588405e-10,2.6873401566263055e-06,0.0,1.976090431213379,1.9760870933532715,5.992242257946145e-10,3.3392516343155876e-06,0.0
2097,lbfgs,1.0,2.762686381174717e-05,2.4685868993401527e-05,2.096387785588405e-10,2.6586890271573793e-06,0.0,1.976245403289795,1.9762420654296875,5.992242257946145e-10,3.3128649192804005e-06,0.0
2098,lbfgs,1.0,2.7344767659087665e-05,2.4474993551848456e-05,2.096387785588405e-10,2.6397701731184497e-06,0.0,1.976693034172058,1.9766898155212402,5.992242257946145e-10,3.2754812764324015e-06,0.0
2099,lbfgs,1.0,2.7114972908748314e-05,2.424522244837135e-05,2.096387785588405e-10,2.6216600872430718e-06,0.0,1.9767000675201416,1.9766968488693237,5.992242257946145e-10,3.2489176646777196e-06,0.0
2100,lbfgs,1.0,2.6867091946769506e-05,2.3989325200091116e-05,2.096387785588405e-10,2.6193611120106652e-06,0.0,1.9767303466796875,1.9767271280288696,5.992242257946145e-10,3.2425243716716068e-06,0.0
2101,lbfgs,1.0,2.660889549588319e-05,2.371583650528919e-05,2.096387785588405e-10,2.5997562715929234e-06,0.0,1.97728431224823,1.977281093597412,5.992242257946145e-10,3.2140872008312726e-06,0.0
2102,lbfgs,1.0,2.6315801733289845e-05,2.3469676307286136e-05,2.096387785588405e-10,2.5682782052172115e-06,0.0,1.9776610136032104,1.9776577949523926,5.992242257946145e-10,3.1724277960165637e-06,0.0
2103,lbfgs,1.0,2.603816392365843e-05,2.3242950192070566e-05,2.096387785588405e-10,2.561610699558514e-06,0.0,1.9775750637054443,1.9775718450546265,5.992242257946145e-10,3.1612721613782924e-06,0.0
2104,lbfgs,1.0,2.5804769393289462e-05,2.3023836547508836e-05,2.096387785588405e-10,2.5429553716094233e-06,0.0,1.9777687788009644,1.977765679359436,5.992242257946145e-10,3.136233999612159e-06,0.0
2105,lbfgs,1.0,2.556700201239437e-05,2.281806337123271e-05,2.096387785588405e-10,2.526031721572508e-06,0.0,1.9780532121658325,1.9780501127243042,5.992242257946145e-10,3.1039123769005528e-06,0.0
2106,lbfgs,1.0,2.5344304958707653e-05,2.2604275727644563e-05,2.096387785588405e-10,2.509326122890343e-06,0.0,1.9780266284942627,1.9780235290527344,5.992242257946145e-10,3.0866535780660342e-06,0.0
2107,lbfgs,1.0,2.511381171643734e-05,2.244366805825848e-05,2.096387785588405e-10,2.4953417323558824e-06,0.0,1.9781025648117065,1.9780994653701782,5.992242257946145e-10,3.072955678362632e-06,0.0
2108,lbfgs,1.0,2.4939219656516798e-05,2.22380203922512e-05,2.096387785588405e-10,2.479807562849601e-06,0.0,1.9783356189727783,1.97833251953125,5.992242257946145e-10,3.0496908038912807e-06,0.0
2109,lbfgs,1.0,2.4718037821003236e-05,2.2037962480681017e-05,2.096387785588405e-10,2.461337999193347e-06,0.0,1.9788362979888916,1.9788333177566528,5.992242257946145e-10,3.021667907887604e-06,0.0
2110,lbfgs,1.0,2.4499509891029447e-05,2.1833115170011297e-05,2.096387785588405e-10,2.447260385451955e-06,0.0,1.9794166088104248,1.979413628578186,5.992242257946145e-10,2.9973468826938188e-06,0.0
2111,lbfgs,1.0,2.4280585421365686e-05,2.164490615541581e-05,2.096387785588405e-10,2.4295209186675493e-06,0.0,1.9794256687164307,1.979422688484192,5.992242257946145e-10,2.97642009172705e-06,0.0
2112,lbfgs,1.0,2.4074635803117417e-05,2.1465719328261912e-05,2.096387785588405e-10,2.4047169517871225e-06,0.0,1.9792691469192505,1.9792661666870117,5.992242257946145e-10,2.9409429771476425e-06,0.0
2113,lbfgs,1.0,2.3870645236456767e-05,2.1296331397024915e-05,2.096387785588405e-10,2.3902455268398626e-06,0.0,1.979371190071106,1.9793682098388672,5.992242257946145e-10,2.922236944868928e-06,0.0
2114,lbfgs,1.0,2.368678542552516e-05,2.113911796186585e-05,2.096387785588405e-10,2.3786740257492056e-06,0.0,1.9794578552246094,1.9794549942016602,5.992242257946145e-10,2.918410700658569e-06,0.0
2115,lbfgs,1.0,2.351800139877014e-05,2.093550210702233e-05,2.096387785588405e-10,2.3788381895428756e-06,0.0,1.9796473979949951,1.979644536972046,5.992242257946145e-10,2.912298441515304e-06,0.0
2116,lbfgs,1.0,2.3314549252972938e-05,2.0783721993211657e-05,2.096387785588405e-10,2.3703573788225185e-06,0.0,1.9798656702041626,1.9798628091812134,5.992242257946145e-10,2.9009036097704666e-06,0.0
2117,lbfgs,1.0,2.3154289010562934e-05,2.0611141735571437e-05,2.096387785588405e-10,2.3454183519788785e-06,0.0,1.9799209833145142,1.979918122291565,5.992242257946145e-10,2.8676888632617192e-06,0.0
2118,lbfgs,1.0,2.2956768589210697e-05,2.0426188712008297e-05,2.096387785588405e-10,2.339655111427419e-06,0.0,1.980298399925232,1.9802955389022827,5.992242257946145e-10,2.8551023660838837e-06,0.0
2119,lbfgs,1.0,2.2766053007217124e-05,2.0239624063833617e-05,2.096387785588405e-10,2.3313054953177925e-06,0.0,1.9805552959442139,1.9805524349212646,5.992242257946145e-10,2.8427316465240438e-06,0.0
2120,lbfgs,1.0,2.2571139197680168e-05,2.0097118976991624e-05,2.096387785588405e-10,2.3171878638095222e-06,0.0,1.9807876348495483,1.9807847738265991,5.992242257946145e-10,2.8258320980967255e-06,0.0
2121,lbfgs,1.0,2.2414515115087852e-05,1.9941115169785917e-05,2.096387785588405e-10,2.302845587109914e-06,0.0,1.9809502363204956,1.9809473752975464,5.992242257946145e-10,2.806531028909376e-06,0.0
2122,lbfgs,1.0,2.224417039542459e-05,1.977044485101942e-05,2.096387785588405e-10,2.2778554011892993e-06,0.0,1.9811203479766846,1.981117606163025,5.992242257946145e-10,2.777279860310955e-06,0.0
2123,lbfgs,1.0,2.2048508981242776e-05,1.9599041479523294e-05,2.096387785588405e-10,2.265354169139755e-06,0.0,1.9810545444488525,1.9810518026351929,5.992242257946145e-10,2.757980155365658e-06,0.0
2124,lbfgs,1.0,2.1864605514565483e-05,1.943815004779026e-05,2.096387785588405e-10,2.2584058569918852e-06,0.0,1.9813117980957031,1.9813090562820435,5.992242257946145e-10,2.745613073784625e-06,0.0
2125,lbfgs,1.0,2.1696765543310903e-05,1.9287523173261434e-05,2.096387785588405e-10,2.241475613118382e-06,0.0,1.9817672967910767,1.981764554977417,5.992242257946145e-10,2.725647391343955e-06,0.0
2126,lbfgs,1.0,2.1529207515413873e-05,1.913870255521033e-05,2.096387785588405e-10,2.228933453807258e-06,0.0,1.9818785190582275,1.9818757772445679,5.992242257946145e-10,2.7000191948900465e-06,0.0
2127,lbfgs,1.0,2.136784496542532e-05,1.9069429981755093e-05,2.096387785588405e-10,2.224481249868404e-06,0.0,1.9818599224090576,1.981857180595398,5.992242257946145e-10,2.6922330107481685e-06,0.0
2128,lbfgs,1.0,2.1294119505910203e-05,1.8944256225950085e-05,2.096387785588405e-10,2.215716676801094e-06,0.0,1.9818612337112427,1.981858491897583,5.992242257946145e-10,2.683098955458263e-06,0.0
2129,lbfgs,1.0,2.116018185915891e-05,1.8809974790201522e-05,2.096387785588405e-10,2.2015035483491374e-06,0.0,1.9819920063018799,1.9819893836975098,5.992242257946145e-10,2.66738720711146e-06,0.0
2130,lbfgs,1.0,2.101168684021104e-05,1.8663426089915447e-05,2.096387785588405e-10,2.1932032723270822e-06,0.0,1.9823191165924072,1.982316493988037,5.992242257946145e-10,2.6528866783337435e-06,0.0
2131,lbfgs,1.0,2.0856838091276586e-05,1.852880814112723e-05,2.096387785588405e-10,2.177533815483912e-06,0.0,1.9825209379196167,1.9825183153152466,5.992242257946145e-10,2.6351167434768286e-06,0.0
2132,lbfgs,1.0,2.0706551367766224e-05,1.8397311578155495e-05,2.096387785588405e-10,2.1684102193830768e-06,0.0,1.9825576543807983,1.9825550317764282,5.992242257946145e-10,2.623724412842421e-06,0.0
2133,lbfgs,1.0,2.0565930753946304e-05,1.8241933503304608e-05,2.096387785588405e-10,2.145287908206228e-06,0.0,1.9827936887741089,1.9827910661697388,5.992242257946145e-10,2.598982973722741e-06,0.0
2134,lbfgs,1.0,2.0387429685797542e-05,1.810135472624097e-05,2.096387785588405e-10,2.143535994036938e-06,0.0,1.983194351196289,1.983191728591919,5.992242257946145e-10,2.59771013588761e-06,0.0
2135,lbfgs,1.0,2.024509922193829e-05,1.79867165570613e-05,2.096387785588405e-10,2.1259018012642628e-06,0.0,1.9837112426757812,1.9837086200714111,5.992242257946145e-10,2.5712283786560874e-06,0.0
2136,lbfgs,1.0,2.0112827769480646e-05,1.787163273547776e-05,2.096387785588405e-10,2.123113745255978e-06,0.0,1.9837301969528198,1.9837275743484497,5.992242257946145e-10,2.563746647865628e-06,0.0
2137,lbfgs,1.0,1.999495543714147e-05,1.7721891708788462e-05,2.096387785588405e-10,2.112446281898883e-06,0.0,1.983952522277832,1.9839500188827515,5.992242257946145e-10,2.547652684370405e-06,0.0
2138,lbfgs,1.0,1.983454785658978e-05,1.762219653755892e-05,2.096387785588405e-10,2.0977431631763466e-06,0.0,1.9842379093170166,1.984235405921936,5.992242257946145e-10,2.5336012186016887e-06,0.0
2139,lbfgs,1.0,1.9720147975021973e-05,1.7467245925217867e-05,2.096387785588405e-10,2.087148004648043e-06,0.0,1.9845871925354004,1.9845846891403198,5.992242257946145e-10,2.5214294510078616e-06,0.0
2140,lbfgs,1.0,1.955460356839467e-05,1.7341058992315084e-05,2.096387785588405e-10,2.0780371414730325e-06,0.0,1.9846036434173584,1.9846011400222778,5.992242257946145e-10,2.5055421701836167e-06,0.0
2141,lbfgs,1.0,1.9419305317569524e-05,1.7246145944227464e-05,2.096387785588405e-10,2.0664610929088667e-06,0.0,1.9848219156265259,1.9848194122314453,5.992242257946145e-10,2.4931555344664957e-06,0.0
2142,lbfgs,1.0,1.931281622091774e-05,1.7163236407213844e-05,2.096387785588405e-10,2.045962219199282e-06,0.0,1.9852138757705688,1.9852113723754883,5.992242257946145e-10,2.4674238829902606e-06,0.0
2143,lbfgs,1.0,1.920940849231556e-05,1.713295750960242e-05,2.096387785588405e-10,2.0482750642258907e-06,0.0,1.985152244567871,1.9851497411727905,5.992242257946145e-10,2.4698329070815817e-06,0.0
2144,lbfgs,1.0,1.9181441530236043e-05,1.710354808892589e-05,2.096387785588405e-10,2.048855321845622e-06,0.0,1.985137701034546,1.9851351976394653,5.992242257946145e-10,2.4662849682499655e-06,0.0
2145,lbfgs,1.0,1.9152612367179245e-05,1.6980196960503235e-05,2.096387785588405e-10,2.033663122347207e-06,0.0,1.9851430654525757,1.9851405620574951,5.992242257946145e-10,2.4503985969204223e-06,0.0
2146,lbfgs,1.0,1.9014069039258175e-05,1.6863423297763802e-05,2.096387785588405e-10,2.0280979242670583e-06,0.0,1.9856353998184204,1.9856328964233398,5.992242257946145e-10,2.4443786514893873e-06,0.0
2147,lbfgs,1.0,1.8891731087933294e-05,1.6753105228417553e-05,2.096387785588405e-10,2.0249426597729325e-06,0.0,1.9857925176620483,1.9857901334762573,5.992242257946145e-10,2.4410808237007586e-06,0.0
2148,lbfgs,1.0,1.8778257071971893e-05,1.666715797910001e-05,2.096387785588405e-10,2.0115694496780634e-06,0.0,1.9860621690750122,1.9860597848892212,5.992242257946145e-10,2.4282196591229877e-06,0.0
2149,lbfgs,1.0,1.8678936612559482e-05,1.6573601897107437e-05,2.096387785588405e-10,1.9991900899185566e-06,0.0,1.986321210861206,1.986318826675415,5.992242257946145e-10,2.4139842480508378e-06,0.0
2150,lbfgs,1.0,1.8573000488686375e-05,1.655203232076019e-05,2.096387785588405e-10,1.9971744222857524e-06,0.0,1.9864698648452759,1.9864674806594849,5.992242257946145e-10,2.411618879705202e-06,0.0
2151,lbfgs,1.0,1.854941547208e-05,1.64758585015079e-05,2.096387785588405e-10,1.9872425127687166e-06,0.0,1.986716866493225,1.986714482307434,5.992242257946145e-10,2.3994207367650233e-06,0.0
2152,lbfgs,1.0,1.846330997068435e-05,1.6364901966881007e-05,2.096387785588405e-10,1.97866188500484e-06,0.0,1.9868298768997192,1.9868274927139282,5.992242257946145e-10,2.387703943895758e-06,0.0
2153,lbfgs,1.0,1.834377326304093e-05,1.625577533559408e-05,2.096387785588405e-10,1.9730084659386193e-06,0.0,1.987033486366272,1.987031102180481,5.992242257946145e-10,2.3757377221045317e-06,0.0
2154,lbfgs,1.0,1.8228993212687783e-05,1.6154897821252234e-05,2.096387785588405e-10,1.9579481431719614e-06,0.0,1.987318515777588,1.9873161315917969,5.992242257946145e-10,2.3614154542883625e-06,0.0
2155,lbfgs,1.0,1.8113054466084577e-05,1.604715725989081e-05,2.096387785588405e-10,1.948575572896516e-06,0.0,1.9879202842712402,1.9879179000854492,5.992242257946145e-10,2.3424886421707924e-06,0.0
2156,lbfgs,1.0,1.7995942471316084e-05,1.59366027219221e-05,2.096387785588405e-10,1.940923311849474e-06,0.0,1.988216757774353,1.988214373588562,5.992242257946145e-10,2.3303994112211512e-06,0.0
2157,lbfgs,1.0,1.7877735444926657e-05,1.5824476577108726e-05,2.096387785588405e-10,1.9282008452137234e-06,0.0,1.9883419275283813,1.9883396625518799,5.992242257946145e-10,2.314198127351119e-06,0.0
2158,lbfgs,1.0,1.7752887288224883e-05,1.5719024304416962e-05,2.096387785588405e-10,1.9154654182784725e-06,0.0,1.9885448217391968,1.9885425567626953,5.992242257946145e-10,2.293012585141696e-06,0.0
2159,lbfgs,1.0,1.763469845172949e-05,1.569649793964345e-05,2.096387785588405e-10,1.916845121741062e-06,0.0,1.9885468482971191,1.9885445833206177,5.992242257946145e-10,2.294047817485989e-06,0.0
2160,lbfgs,1.0,1.761355269991327e-05,1.561225508339703e-05,2.096387785588405e-10,1.9076621811109362e-06,0.0,1.9885351657867432,1.9885329008102417,5.992242257946145e-10,2.2759384137316374e-06,0.0
2161,lbfgs,1.0,1.752012576616835e-05,1.5511537640122697e-05,2.096387785588405e-10,1.9022986634809058e-06,0.0,1.9886091947555542,1.9886069297790527,5.992242257946145e-10,2.27010968956165e-06,0.0
2162,lbfgs,1.0,1.741404594213236e-05,1.541265010018833e-05,2.096387785588405e-10,1.890595967779518e-06,0.0,1.98869788646698,1.9886956214904785,5.992242257946145e-10,2.257233063573949e-06,0.0
2163,lbfgs,1.0,1.730345502437558e-05,1.533023896627128e-05,2.096387785588405e-10,1.8904354419646552e-06,0.0,1.9887025356292725,1.988700270652771,5.992242257946145e-10,2.256324023619527e-06,0.0
2164,lbfgs,1.0,1.722088381939102e-05,1.5217216969176661e-05,2.096387785588405e-10,1.8791891989167198e-06,0.0,1.9887069463729858,1.9887046813964844,5.992242257946145e-10,2.241980382677866e-06,0.0
2165,lbfgs,1.0,1.7096615920308977e-05,1.5192738828773145e-05,2.096387785588405e-10,1.880286845334922e-06,0.0,1.9886596202850342,1.9886573553085327,5.992242257946145e-10,2.2430281205743086e-06,0.0
2166,lbfgs,1.0,1.7073236449505202e-05,1.510531274107052e-05,2.096387785588405e-10,1.8563819139671978e-06,0.0,1.9887747764587402,1.9887725114822388,5.992242257946145e-10,2.220038140876568e-06,0.0
2167,lbfgs,1.0,1.696190520306118e-05,1.5010390598035883e-05,2.096387785588405e-10,1.8474424905434716e-06,0.0,1.9888627529144287,1.9888604879379272,5.992242257946145e-10,2.210236971222912e-06,0.0
2168,lbfgs,1.0,1.6858042727108113e-05,1.4972993085393682e-05,2.096387785588405e-10,1.8403899275654112e-06,0.0,1.9889605045318604,1.9889583587646484,5.992242257946145e-10,2.1971657133690314e-06,0.0
2169,lbfgs,1.0,1.6813593902043067e-05,1.4888791156408843e-05,2.096387785588405e-10,1.8424406107442337e-06,0.0,1.9888328313827515,1.9888306856155396,5.992242257946145e-10,2.1980056317261187e-06,0.0
2170,lbfgs,1.0,1.6731441064621322e-05,1.4848477803752758e-05,2.096387785588405e-10,1.8359199884798727e-06,0.0,1.9889355897903442,1.9889334440231323,5.992242257946145e-10,2.1909304450673517e-06,0.0
2171,lbfgs,1.0,1.6684607544448227e-05,1.476565648772521e-05,2.096387785588405e-10,1.8215069985672017e-06,0.0,1.9893344640731812,1.9893323183059692,5.992242257946145e-10,2.1718722109653754e-06,0.0
2172,lbfgs,1.0,1.6587373465881683e-05,1.4684867892356124e-05,2.096387785588405e-10,1.8219112689621397e-06,0.0,1.9894804954528809,1.989478349685669,5.992242257946145e-10,2.165406840504147e-06,0.0
2173,lbfgs,1.0,1.6506988686160184e-05,1.4591872968594544e-05,2.096387785588405e-10,1.8116135152013157e-06,0.0,1.9896557331085205,1.9896535873413086,5.992242257946145e-10,2.1517323602893157e-06,0.0
2174,lbfgs,1.0,1.6403697372879833e-05,1.451553816878004e-05,2.096387785588405e-10,1.8075273828799254e-06,0.0,1.9897351264953613,1.9897329807281494,5.992242257946145e-10,2.1434530026454013e-06,0.0
2175,lbfgs,1.0,1.6323276213370264e-05,1.4456289136433043e-05,2.096387785588405e-10,1.8021905816567596e-06,0.0,1.9899659156799316,1.9899637699127197,5.992242257946145e-10,2.1333476070140023e-06,0.0
2176,lbfgs,1.0,1.625868935661856e-05,1.4380470020114444e-05,2.096387785588405e-10,1.7868669601739384e-06,0.0,1.9899659156799316,1.9899637699127197,5.992242257946145e-10,2.116134055540897e-06,0.0
2177,lbfgs,1.0,1.6167547073564492e-05,1.4339889276016038e-05,2.096387785588405e-10,1.7841088038039743e-06,0.0,1.9901052713394165,1.9901031255722046,5.992242257946145e-10,2.1118212316650897e-06,0.0
2178,lbfgs,1.0,1.612420783203561e-05,1.4250303138396703e-05,2.096387785588405e-10,1.7802731235860847e-06,0.0,1.9898027181625366,1.9898005723953247,5.992242257946145e-10,2.110557943524327e-06,0.0
2179,lbfgs,1.0,1.6030786355258897e-05,1.4176813238009345e-05,2.096387785588405e-10,1.7669549379206728e-06,0.0,1.9901211261749268,1.9901189804077148,5.992242257946145e-10,2.093325974783511e-06,0.0
2180,lbfgs,1.0,1.5943978723953478e-05,1.4093028767092619e-05,2.096387785588405e-10,1.7640996929912944e-06,0.0,1.9900801181793213,1.9900779724121094,5.992242257946145e-10,2.0907027646899223e-06,0.0
2181,lbfgs,1.0,1.5857338439673185e-05,1.4027839824848343e-05,2.096387785588405e-10,1.7564227619004669e-06,0.0,1.9900680780410767,1.9900660514831543,5.992242257946145e-10,2.079403884636122e-06,0.0
2182,lbfgs,1.0,1.5784473362145945e-05,1.3953610505268443e-05,2.096387785588405e-10,1.7520720803076983e-06,0.0,1.9899544715881348,1.9899524450302124,5.992242257946145e-10,2.074316171274404e-06,0.0
2183,lbfgs,1.0,1.5705893019912764e-05,1.3934451089880895e-05,2.096387785588405e-10,1.7445875073462958e-06,0.0,1.9900047779083252,1.9900027513504028,5.992242257946145e-10,2.0647496512538055e-06,0.0
2184,lbfgs,1.0,1.5679248463129625e-05,1.3933679838373791e-05,2.096387785588405e-10,1.7444466493543587e-06,0.0,1.9900033473968506,1.9900013208389282,5.992242257946145e-10,2.064715090455138e-06,0.0
2185,lbfgs,1.0,1.5678337149438448e-05,1.3841670806868933e-05,2.096387785588405e-10,1.734196985125891e-06,0.0,1.9898804426193237,1.9898784160614014,5.992242257946145e-10,2.0529466837615473e-06,0.0
2186,lbfgs,1.0,1.5576077203149907e-05,1.3776661035080906e-05,2.096387785588405e-10,1.7279447774853907e-06,0.0,1.989959716796875,1.9899576902389526,5.992242257946145e-10,2.041968627963797e-06,0.0
2187,lbfgs,1.0,1.5504816474276595e-05,1.3712099644180853e-05,2.096387785588405e-10,1.7139086594397668e-06,0.0,1.9900057315826416,1.9900037050247192,5.992242257946145e-10,2.0287623101467034e-06,0.0
2188,lbfgs,1.0,1.542621794214938e-05,1.3696030691789929e-05,2.096387785588405e-10,1.7141109083240735e-06,0.0,1.9900774955749512,1.9900754690170288,5.992242257946145e-10,2.0272127585485578e-06,0.0
2189,lbfgs,1.0,1.5410350897582248e-05,1.3664145626535174e-05,2.096387785588405e-10,1.7097596582971164e-06,0.0,1.9900387525558472,1.9900367259979248,5.992242257946145e-10,2.024934246946941e-06,0.0
2190,lbfgs,1.0,1.537411480967421e-05,1.3606851098302286e-05,2.096387785588405e-10,1.7042151512214332e-06,0.0,1.9898605346679688,1.9898585081100464,5.992242257946145e-10,2.0206059616612038e-06,0.0
2191,lbfgs,1.0,1.5311276001739316e-05,1.3541161024477333e-05,2.096387785588405e-10,1.690454837444122e-06,0.0,1.989766001701355,1.9897639751434326,5.992242257946145e-10,2.0027903246955248e-06,0.0
2192,lbfgs,1.0,1.523182618257124e-05,1.3465136362356134e-05,2.096387785588405e-10,1.6832937035360374e-06,0.0,1.9897401332855225,1.9897381067276,5.992242257946145e-10,1.992770194192417e-06,0.0
2193,lbfgs,1.0,1.514864015916828e-05,1.3398444025369827e-05,2.096387785588405e-10,1.6743196056268062e-06,0.0,1.9899390935897827,1.9899370670318604,5.992242257946145e-10,1.9832248199236346e-06,0.0
2194,lbfgs,1.0,1.507297383795958e-05,1.3331276932149194e-05,2.096387785588405e-10,1.667988499320927e-06,0.0,1.989909052848816,1.9899070262908936,5.992242257946145e-10,1.9806966520263813e-06,0.0
2195,lbfgs,1.0,1.4999475752119906e-05,1.3261126696306746e-05,2.096387785588405e-10,1.6645750520183356e-06,0.0,1.9896495342254639,1.9896475076675415,5.992242257946145e-10,1.975324948944035e-06,0.0
2196,lbfgs,1.0,1.4925912182661705e-05,1.3243355169834103e-05,2.096387785588405e-10,1.657348548178561e-06,0.0,1.9897788763046265,1.989776849746704,5.992242257946145e-10,1.969132654267014e-06,0.0
2197,lbfgs,1.0,1.4900913811288774e-05,1.3239504369266797e-05,2.096387785588405e-10,1.6580714827796328e-06,0.0,1.989769458770752,1.9897674322128296,5.992242257946145e-10,1.9682315723912325e-06,0.0
2198,lbfgs,1.0,1.4897786059009377e-05,1.323732067248784e-05,2.096387785588405e-10,1.6578829900026903e-06,0.0,1.9897656440734863,1.9897637367248535,5.992242257946145e-10,1.9668998447741615e-06,0.0
2199,lbfgs,1.0,1.4895414096827153e-05,1.3236623999546282e-05,2.096387785588405e-10,1.6561868960707216e-06,0.0,1.989766240119934,1.9897643327713013,5.992242257946145e-10,1.965994215424871e-06,0.0
2200,lbfgs,1.0,1.4893021216266789e-05,1.3170661986805499e-05,2.096387785588405e-10,1.6480081512781908e-06,0.0,1.9897027015686035,1.9897007942199707,5.992242257946145e-10,1.954844947249512e-06,0.0
2201,lbfgs,1.0,1.4818880117672961e-05,1.3166448297852185e-05,2.096387785588405e-10,1.645907332203933e-06,0.0,1.9897550344467163,1.9897531270980835,5.992242257946145e-10,1.95354073184717e-06,0.0
2202,lbfgs,1.0,1.4812565495958552e-05,1.3145381672075018e-05,2.096387785588405e-10,1.6454123397124931e-06,0.0,1.9897719621658325,1.9897700548171997,5.992242257946145e-10,1.9488857105898205e-06,0.0
2203,lbfgs,1.0,1.4791004105063621e-05,1.3096456314087845e-05,2.096387785588405e-10,1.636701199458912e-06,0.0,1.989910364151001,1.9899084568023682,5.992242257946145e-10,1.943195911735529e-06,0.0
2204,lbfgs,1.0,1.4733367606822867e-05,1.3096456314087845e-05,2.096387785588405e-10,1.636701199458912e-06,0.0,1.989910364151001,1.9899084568023682,5.992242257946145e-10,1.943195911735529e-06,0.0
2205,lbfgs,1.0,1.4733367606822867e-05,1.3096456314087845e-05,2.096387785588405e-10,1.636701199458912e-06,0.0,1.989910364151001,1.9899084568023682,5.992242257946145e-10,1.943195911735529e-06,0.0
2206,lbfgs,1.0,1.4733367606822867e-05,1.3096456314087845e-05,2.096387785588405e-10,1.636701199458912e-06,0.0,1.989910364151001,1.9899084568023682,5.992242257946145e-10,1.943195911735529e-06,0.0
2207,lbfgs,1.0,1.4733367606822867e-05,1.3096456314087845e-05,2.096387785588405e-10,1.636701199458912e-06,0.0,1.989910364151001,1.9899084568023682,5.992242257946145e-10,1.943195911735529e-06,0.0
2208,lbfgs,1.0,1.4733367606822867e-05,1.3096456314087845e-05,2.096387785588405e-10,1.636701199458912e-06,0.0,1.989910364151001,1.9899084568023682,5.992242257946145e-10,1.943195911735529e-06,0.0
2209,lbfgs,1.0,1.4733367606822867e-05,1.3096456314087845e-05,2.096387785588405e-10,1.636701199458912e-06,0.0,1.989910364151001,1.9899084568023682,5.992242257946145e-10,1.943195911735529e-06,0.0
2210,lbfgs,1.0,1.4733367606822867e-05,1.3096456314087845e-05,2.096387785588405e-10,1.636701199458912e-06,0.0,1.989910364151001,1.9899084568023682,5.992242257946145e-10,1.943195911735529e-06,0.0
2211,lbfgs,1.0,1.4733367606822867e-05,1.3096456314087845e-05,2.096387785588405e-10,1.636701199458912e-06,0.0,1.989910364151001,1.9899084568023682,5.992242257946145e-10,1.943195911735529e-06,0.0
2212,lbfgs,1.0,1.4733367606822867e-05,1.3096456314087845e-05,2.096387785588405e-10,1.636701199458912e-06,0.0,1.989910364151001,1.9899084568023682,5.992242257946145e-10,1.943195911735529e-06,0.0
2213,lbfgs,1.0,1.4733367606822867e-05,1.3096456314087845e-05,2.096387785588405e-10,1.636701199458912e-06,0.0,1.989910364151001,1.9899084568023682,5.992242257946145e-10,1.943195911735529e-06,0.0
2214,lbfgs,1.0,1.4733367606822867e-05,1.3096456314087845e-05,2.096387785588405e-10,1.636701199458912e-06,0.0,1.989910364151001,1.9899084568023682,5.992242257946145e-10,1.943195911735529e-06,0.0
2215,lbfgs,1.0,1.4733367606822867e-05,1.3096456314087845e-05,2.096387785588405e-10,1.636701199458912e-06,0.0,1.989910364151001,1.9899084568023682,5.992242257946145e-10,1.943195911735529e-06,0.0
2216,lbfgs,1.0,1.4733367606822867e-05,1.3096456314087845e-05,2.096387785588405e-10,1.636701199458912e-06,0.0,1.989910364151001,1.9899084568023682,5.992242257946145e-10,1.943195911735529e-06,0.0
2217,lbfgs,1.0,1.4733367606822867e-05,1.3096456314087845e-05,2.096387785588405e-10,1.636701199458912e-06,0.0,1.989910364151001,1.9899084568023682,5.992242257946145e-10,1.943195911735529e-06,0.0
2218,lbfgs,1.0,1.4733367606822867e-05,1.3096456314087845e-05,2.096387785588405e-10,1.636701199458912e-06,0.0,1.989910364151001,1.9899084568023682,5.992242257946145e-10,1.943195911735529e-06,0.0
2219,lbfgs,1.0,1.4733367606822867e-05,1.3096456314087845e-05,2.096387785588405e-10,1.636701199458912e-06,0.0,1.989910364151001,1.9899084568023682,5.992242257946145e-10,1.943195911735529e-06,0.0
2220,lbfgs,1.0,1.4733367606822867e-05,1.3096456314087845e-05,2.096387785588405e-10,1.636701199458912e-06,0.0,1.989910364151001,1.9899084568023682,5.992242257946145e-10,1.943195911735529e-06,0.0
2221,lbfgs,1.0,1.4733367606822867e-05,1.3096456314087845e-05,2.096387785588405e-10,1.636701199458912e-06,0.0,1.989910364151001,1.9899084568023682,5.992242257946145e-10,1.943195911735529e-06,0.0
2222,lbfgs,1.0,1.4733367606822867e-05,1.3096456314087845e-05,2.096387785588405e-10,1.636701199458912e-06,0.0,1.989910364151001,1.9899084568023682,5.992242257946145e-10,1.943195911735529e-06,0.0
2223,lbfgs,1.0,1.4733367606822867e-05,1.3096456314087845e-05,2.096387785588405e-10,1.636701199458912e-06,0.0,1.989910364151001,1.9899084568023682,5.992242257946145e-10,1.943195911735529e-06,0.0
2224,lbfgs,1.0,1.4733367606822867e-05,1.3096456314087845e-05,2.096387785588405e-10,1.636701199458912e-06,0.0,1.989910364151001,1.9899084568023682,5.992242257946145e-10,1.943195911735529e-06,0.0
2225,lbfgs,1.0,1.4733367606822867e-05,1.3096456314087845e-05,2.096387785588405e-10,1.636701199458912e-06,0.0,1.989910364151001,1.9899084568023682,5.992242257946145e-10,1.943195911735529e-06,0.0
2226,lbfgs,1.0,1.4733367606822867e-05,1.3096456314087845e-05,2.096387785588405e-10,1.636701199458912e-06,0.0,1.989910364151001,1.9899084568023682,5.992242257946145e-10,1.943195911735529e-06,0.0
2227,lbfgs,1.0,1.4733367606822867e-05,1.3096456314087845e-05,2.096387785588405e-10,1.636701199458912e-06,0.0,1.989910364151001,1.9899084568023682,5.992242257946145e-10,1.943195911735529e-06,0.0
2228,lbfgs,1.0,1.4733367606822867e-05,1.3096456314087845e-05,2.096387785588405e-10,1.636701199458912e-06,0.0,1.989910364151001,1.9899084568023682,5.992242257946145e-10,1.943195911735529e-06,0.0
2229,lbfgs,1.0,1.4733367606822867e-05,1.3096456314087845e-05,2.096387785588405e-10,1.636701199458912e-06,0.0,1.989910364151001,1.9899084568023682,5.992242257946145e-10,1.943195911735529e-06,0.0
2230,lbfgs,1.0,1.4733367606822867e-05,1.3096456314087845e-05,2.096387785588405e-10,1.636701199458912e-06,0.0,1.989910364151001,1.9899084568023682,5.992242257946145e-10,1.943195911735529e-06,0.0
2231,lbfgs,1.0,1.4733367606822867e-05,1.3096456314087845e-05,2.096387785588405e-10,1.636701199458912e-06,0.0,1.989910364151001,1.9899084568023682,5.992242257946145e-10,1.943195911735529e-06,0.0
2232,lbfgs,1.0,1.4733367606822867e-05,1.3096456314087845e-05,2.096387785588405e-10,1.636701199458912e-06,0.0,1.989910364151001,1.9899084568023682,5.992242257946145e-10,1.943195911735529e-06,0.0
2233,lbfgs,1.0,1.4733367606822867e-05,1.3096456314087845e-05,2.096387785588405e-10,1.636701199458912e-06,0.0,1.989910364151001,1.9899084568023682,5.992242257946145e-10,1.943195911735529e-06,0.0
2234,lbfgs,1.0,1.4733367606822867e-05,1.3096456314087845e-05,2.096387785588405e-10,1.636701199458912e-06,0.0,1.989910364151001,1.9899084568023682,5.992242257946145e-10,1.943195911735529e-06,0.0
2235,lbfgs,1.0,1.4733367606822867e-05,1.3096456314087845e-05,2.096387785588405e-10,1.636701199458912e-06,0.0,1.989910364151001,1.9899084568023682,5.992242257946145e-10,1.943195911735529e-06,0.0
2236,lbfgs,1.0,1.4733367606822867e-05,1.3096456314087845e-05,2.096387785588405e-10,1.636701199458912e-06,0.0,1.989910364151001,1.9899084568023682,5.992242257946145e-10,1.943195911735529e-06,0.0
2237,lbfgs,1.0,1.4733367606822867e-05,1.3096456314087845e-05,2.096387785588405e-10,1.636701199458912e-06,0.0,1.989910364151001,1.9899084568023682,5.992242257946145e-10,1.943195911735529e-06,0.0
2238,lbfgs,1.0,1.4733367606822867e-05,1.3096456314087845e-05,2.096387785588405e-10,1.636701199458912e-06,0.0,1.989910364151001,1.9899084568023682,5.992242257946145e-10,1.943195911735529e-06,0.0
2239,lbfgs,1.0,1.4733367606822867e-05,1.3096456314087845e-05,2.096387785588405e-10,1.636701199458912e-06,0.0,1.989910364151001,1.9899084568023682,5.992242257946145e-10,1.943195911735529e-06,0.0
2240,lbfgs,1.0,1.4733367606822867e-05,1.3096456314087845e-05,2.096387785588405e-10,1.636701199458912e-06,0.0,1.989910364151001,1.9899084568023682,5.992242257946145e-10,1.943195911735529e-06,0.0
2241,lbfgs,1.0,1.4733367606822867e-05,1.3096456314087845e-05,2.096387785588405e-10,1.636701199458912e-06,0.0,1.989910364151001,1.9899084568023682,5.992242257946145e-10,1.943195911735529e-06,0.0
2242,lbfgs,1.0,1.4733367606822867e-05,1.3096456314087845e-05,2.096387785588405e-10,1.636701199458912e-06,0.0,1.989910364151001,1.9899084568023682,5.992242257946145e-10,1.943195911735529e-06,0.0
2243,lbfgs,1.0,1.4733367606822867e-05,1.3096456314087845e-05,2.096387785588405e-10,1.636701199458912e-06,0.0,1.989910364151001,1.9899084568023682,5.992242257946145e-10,1.943195911735529e-06,0.0
2244,lbfgs,1.0,1.4733367606822867e-05,1.3096456314087845e-05,2.096387785588405e-10,1.636701199458912e-06,0.0,1.989910364151001,1.9899084568023682,5.992242257946145e-10,1.943195911735529e-06,0.0
2245,lbfgs,1.0,1.4733367606822867e-05,1.3096456314087845e-05,2.096387785588405e-10,1.636701199458912e-06,0.0,1.989910364151001,1.9899084568023682,5.992242257946145e-10,1.943195911735529e-06,0.0
2246,lbfgs,1.0,1.4733367606822867e-05,1.3096456314087845e-05,2.096387785588405e-10,1.636701199458912e-06,0.0,1.989910364151001,1.9899084568023682,5.992242257946145e-10,1.943195911735529e-06,0.0
2247,lbfgs,1.0,1.4733367606822867e-05,1.3096456314087845e-05,2.096387785588405e-10,1.636701199458912e-06,0.0,1.989910364151001,1.9899084568023682,5.992242257946145e-10,1.943195911735529e-06,0.0
2248,lbfgs,1.0,1.4733367606822867e-05,1.3096456314087845e-05,2.096387785588405e-10,1.636701199458912e-06,0.0,1.989910364151001,1.9899084568023682,5.992242257946145e-10,1.943195911735529e-06,0.0
2249,lbfgs,1.0,1.4733367606822867e-05,1.3096456314087845e-05,2.096387785588405e-10,1.636701199458912e-06,0.0,1.989910364151001,1.9899084568023682,5.992242257946145e-10,1.943195911735529e-06,0.0
2250,lbfgs,1.0,1.4733367606822867e-05,1.3096456314087845e-05,2.096387785588405e-10,1.636701199458912e-06,0.0,1.989910364151001,1.9899084568023682,5.992242257946145e-10,1.943195911735529e-06,0.0
2251,lbfgs,1.0,1.4733367606822867e-05,1.3096456314087845e-05,2.096387785588405e-10,1.636701199458912e-06,0.0,1.989910364151001,1.9899084568023682,5.992242257946145e-10,1.943195911735529e-06,0.0
2252,lbfgs,1.0,1.4733367606822867e-05,1.3096456314087845e-05,2.096387785588405e-10,1.636701199458912e-06,0.0,1.989910364151001,1.9899084568023682,5.992242257946145e-10,1.943195911735529e-06,0.0
2253,lbfgs,1.0,1.4733367606822867e-05,1.3096456314087845e-05,2.096387785588405e-10,1.636701199458912e-06,0.0,1.989910364151001,1.9899084568023682,5.992242257946145e-10,1.943195911735529e-06,0.0
2254,lbfgs,1.0,1.4733367606822867e-05,1.3096456314087845e-05,2.096387785588405e-10,1.636701199458912e-06,0.0,1.989910364151001,1.9899084568023682,5.992242257946145e-10,1.943195911735529e-06,0.0
2255,lbfgs,1.0,1.4733367606822867e-05,1.3096456314087845e-05,2.096387785588405e-10,1.636701199458912e-06,0.0,1.989910364151001,1.9899084568023682,5.992242257946145e-10,1.943195911735529e-06,0.0
2256,lbfgs,1.0,1.4733367606822867e-05,1.3096456314087845e-05,2.096387785588405e-10,1.636701199458912e-06,0.0,1.989910364151001,1.9899084568023682,5.992242257946145e-10,1.943195911735529e-06,0.0
2257,lbfgs,1.0,1.4733367606822867e-05,1.3096456314087845e-05,2.096387785588405e-10,1.636701199458912e-06,0.0,1.989910364151001,1.9899084568023682,5.992242257946145e-10,1.943195911735529e-06,0.0
2258,lbfgs,1.0,1.4733367606822867e-05,1.3096456314087845e-05,2.096387785588405e-10,1.636701199458912e-06,0.0,1.989910364151001,1.9899084568023682,5.992242257946145e-10,1.943195911735529e-06,0.0
2259,lbfgs,1.0,1.4733367606822867e-05,1.3096456314087845e-05,2.096387785588405e-10,1.636701199458912e-06,0.0,1.989910364151001,1.9899084568023682,5.992242257946145e-10,1.943195911735529e-06,0.0
2260,lbfgs,1.0,1.4733367606822867e-05,1.3096456314087845e-05,2.096387785588405e-10,1.636701199458912e-06,0.0,1.989910364151001,1.9899084568023682,5.992242257946145e-10,1.943195911735529e-06,0.0
2261,lbfgs,1.0,1.4733367606822867e-05,1.3096456314087845e-05,2.096387785588405e-10,1.636701199458912e-06,0.0,1.989910364151001,1.9899084568023682,5.992242257946145e-10,1.943195911735529e-06,0.0
2262,lbfgs,1.0,1.4733367606822867e-05,1.3096456314087845e-05,2.096387785588405e-10,1.636701199458912e-06,0.0,1.989910364151001,1.9899084568023682,5.992242257946145e-10,1.943195911735529e-06,0.0
2263,lbfgs,1.0,1.4733367606822867e-05,1.3096456314087845e-05,2.096387785588405e-10,1.636701199458912e-06,0.0,1.989910364151001,1.9899084568023682,5.992242257946145e-10,1.943195911735529e-06,0.0
2264,lbfgs,1.0,1.4733367606822867e-05,1.3096456314087845e-05,2.096387785588405e-10,1.636701199458912e-06,0.0,1.989910364151001,1.9899084568023682,5.992242257946145e-10,1.943195911735529e-06,0.0
2265,lbfgs,1.0,1.4733367606822867e-05,1.3096456314087845e-05,2.096387785588405e-10,1.636701199458912e-06,0.0,1.989910364151001,1.9899084568023682,5.992242257946145e-10,1.943195911735529e-06,0.0
2266,lbfgs,1.0,1.4733367606822867e-05,1.3096456314087845e-05,2.096387785588405e-10,1.636701199458912e-06,0.0,1.989910364151001,1.9899084568023682,5.992242257946145e-10,1.943195911735529e-06,0.0
2267,lbfgs,1.0,1.4733367606822867e-05,1.3096456314087845e-05,2.096387785588405e-10,1.636701199458912e-06,0.0,1.989910364151001,1.9899084568023682,5.992242257946145e-10,1.943195911735529e-06,0.0
2268,lbfgs,1.0,1.4733367606822867e-05,1.3096456314087845e-05,2.096387785588405e-10,1.636701199458912e-06,0.0,1.989910364151001,1.9899084568023682,5.992242257946145e-10,1.943195911735529e-06,0.0
2269,lbfgs,1.0,1.4733367606822867e-05,1.3096456314087845e-05,2.096387785588405e-10,1.636701199458912e-06,0.0,1.989910364151001,1.9899084568023682,5.992242257946145e-10,1.943195911735529e-06,0.0
2270,lbfgs,1.0,1.4733367606822867e-05,1.3096456314087845e-05,2.096387785588405e-10,1.636701199458912e-06,0.0,1.989910364151001,1.9899084568023682,5.992242257946145e-10,1.943195911735529e-06,0.0
2271,lbfgs,1.0,1.4733367606822867e-05,1.3096456314087845e-05,2.096387785588405e-10,1.636701199458912e-06,0.0,1.989910364151001,1.9899084568023682,5.992242257946145e-10,1.943195911735529e-06,0.0
2272,lbfgs,1.0,1.4733367606822867e-05,1.3096456314087845e-05,2.096387785588405e-10,1.636701199458912e-06,0.0,1.989910364151001,1.9899084568023682,5.992242257946145e-10,1.943195911735529e-06,0.0
2273,lbfgs,1.0,1.4733367606822867e-05,1.3096456314087845e-05,2.096387785588405e-10,1.636701199458912e-06,0.0,1.989910364151001,1.9899084568023682,5.992242257946145e-10,1.943195911735529e-06,0.0
2274,lbfgs,1.0,1.4733367606822867e-05,1.3096456314087845e-05,2.096387785588405e-10,1.636701199458912e-06,0.0,1.989910364151001,1.9899084568023682,5.992242257946145e-10,1.943195911735529e-06,0.0
2275,lbfgs,1.0,1.4733367606822867e-05,1.3096456314087845e-05,2.096387785588405e-10,1.636701199458912e-06,0.0,1.989910364151001,1.9899084568023682,5.992242257946145e-10,1.943195911735529e-06,0.0
2276,lbfgs,1.0,1.4733367606822867e-05,1.3096456314087845e-05,2.096387785588405e-10,1.636701199458912e-06,0.0,1.989910364151001,1.9899084568023682,5.992242257946145e-10,1.943195911735529e-06,0.0
2277,lbfgs,1.0,1.4733367606822867e-05,1.3096456314087845e-05,2.096387785588405e-10,1.636701199458912e-06,0.0,1.989910364151001,1.9899084568023682,5.992242257946145e-10,1.943195911735529e-06,0.0
2278,lbfgs,1.0,1.4733367606822867e-05,1.3096456314087845e-05,2.096387785588405e-10,1.636701199458912e-06,0.0,1.989910364151001,1.9899084568023682,5.992242257946145e-10,1.943195911735529e-06,0.0
2279,lbfgs,1.0,1.4733367606822867e-05,1.3096456314087845e-05,2.096387785588405e-10,1.636701199458912e-06,0.0,1.989910364151001,1.9899084568023682,5.992242257946145e-10,1.943195911735529e-06,0.0
2280,lbfgs,1.0,1.4733367606822867e-05,1.3096456314087845e-05,2.096387785588405e-10,1.636701199458912e-06,0.0,1.989910364151001,1.9899084568023682,5.992242257946145e-10,1.943195911735529e-06,0.0
2281,lbfgs,1.0,1.4733367606822867e-05,1.3096456314087845e-05,2.096387785588405e-10,1.636701199458912e-06,0.0,1.989910364151001,1.9899084568023682,5.992242257946145e-10,1.943195911735529e-06,0.0
2282,lbfgs,1.0,1.4733367606822867e-05,1.3096456314087845e-05,2.096387785588405e-10,1.636701199458912e-06,0.0,1.989910364151001,1.9899084568023682,5.992242257946145e-10,1.943195911735529e-06,0.0
2283,lbfgs,1.0,1.4733367606822867e-05,1.3096456314087845e-05,2.096387785588405e-10,1.636701199458912e-06,0.0,1.989910364151001,1.9899084568023682,5.992242257946145e-10,1.943195911735529e-06,0.0
2284,lbfgs,1.0,1.4733367606822867e-05,1.3096456314087845e-05,2.096387785588405e-10,1.636701199458912e-06,0.0,1.989910364151001,1.9899084568023682,5.992242257946145e-10,1.943195911735529e-06,0.0
2285,lbfgs,1.0,1.4733367606822867e-05,1.3096456314087845e-05,2.096387785588405e-10,1.636701199458912e-06,0.0,1.989910364151001,1.9899084568023682,5.992242257946145e-10,1.943195911735529e-06,0.0
2286,lbfgs,1.0,1.4733367606822867e-05,1.3096456314087845e-05,2.096387785588405e-10,1.636701199458912e-06,0.0,1.989910364151001,1.9899084568023682,5.992242257946145e-10,1.943195911735529e-06,0.0
2287,lbfgs,1.0,1.4733367606822867e-05,1.3096456314087845e-05,2.096387785588405e-10,1.636701199458912e-06,0.0,1.989910364151001,1.9899084568023682,5.992242257946145e-10,1.943195911735529e-06,0.0
2288,lbfgs,1.0,1.4733367606822867e-05,1.3096456314087845e-05,2.096387785588405e-10,1.636701199458912e-06,0.0,1.989910364151001,1.9899084568023682,5.992242257946145e-10,1.943195911735529e-06,0.0
2289,lbfgs,1.0,1.4733367606822867e-05,1.3096456314087845e-05,2.096387785588405e-10,1.636701199458912e-06,0.0,1.989910364151001,1.9899084568023682,5.992242257946145e-10,1.943195911735529e-06,0.0
2290,lbfgs,1.0,1.4733367606822867e-05,1.3096456314087845e-05,2.096387785588405e-10,1.636701199458912e-06,0.0,1.989910364151001,1.9899084568023682,5.992242257946145e-10,1.943195911735529e-06,0.0
2291,lbfgs,1.0,1.4733367606822867e-05,1.3096456314087845e-05,2.096387785588405e-10,1.636701199458912e-06,0.0,1.989910364151001,1.9899084568023682,5.992242257946145e-10,1.943195911735529e-06,0.0
2292,lbfgs,1.0,1.4733367606822867e-05,1.3096456314087845e-05,2.096387785588405e-10,1.636701199458912e-06,0.0,1.989910364151001,1.9899084568023682,5.992242257946145e-10,1.943195911735529e-06,0.0
2293,lbfgs,1.0,1.4733367606822867e-05,1.3096456314087845e-05,2.096387785588405e-10,1.636701199458912e-06,0.0,1.989910364151001,1.9899084568023682,5.992242257946145e-10,1.943195911735529e-06,0.0
2294,lbfgs,1.0,1.4733367606822867e-05,1.3096456314087845e-05,2.096387785588405e-10,1.636701199458912e-06,0.0,1.989910364151001,1.9899084568023682,5.992242257946145e-10,1.943195911735529e-06,0.0
2295,lbfgs,1.0,1.4733367606822867e-05,1.3096456314087845e-05,2.096387785588405e-10,1.636701199458912e-06,0.0,1.989910364151001,1.9899084568023682,5.992242257946145e-10,1.943195911735529e-06,0.0
2296,lbfgs,1.0,1.4733367606822867e-05,1.3096456314087845e-05,2.096387785588405e-10,1.636701199458912e-06,0.0,1.989910364151001,1.9899084568023682,5.992242257946145e-10,1.943195911735529e-06,0.0
2297,lbfgs,1.0,1.4733367606822867e-05,1.3096456314087845e-05,2.096387785588405e-10,1.636701199458912e-06,0.0,1.989910364151001,1.9899084568023682,5.992242257946145e-10,1.943195911735529e-06,0.0
2298,lbfgs,1.0,1.4733367606822867e-05,1.3096456314087845e-05,2.096387785588405e-10,1.636701199458912e-06,0.0,1.989910364151001,1.9899084568023682,5.992242257946145e-10,1.943195911735529e-06,0.0
2299,lbfgs,1.0,1.4733367606822867e-05,1.3096456314087845e-05,2.096387785588405e-10,1.636701199458912e-06,0.0,1.989910364151001,1.9899084568023682,5.992242257946145e-10,1.943195911735529e-06,0.0
2300,lbfgs,1.0,1.4733367606822867e-05,1.3096456314087845e-05,2.096387785588405e-10,1.636701199458912e-06,0.0,1.989910364151001,1.9899084568023682,5.992242257946145e-10,1.943195911735529e-06,0.0
2301,lbfgs,1.0,1.4733367606822867e-05,1.3096456314087845e-05,2.096387785588405e-10,1.636701199458912e-06,0.0,1.989910364151001,1.9899084568023682,5.992242257946145e-10,1.943195911735529e-06,0.0
2302,lbfgs,1.0,1.4733367606822867e-05,1.3096456314087845e-05,2.096387785588405e-10,1.636701199458912e-06,0.0,1.989910364151001,1.9899084568023682,5.992242257946145e-10,1.943195911735529e-06,0.0
2303,lbfgs,1.0,1.4733367606822867e-05,1.3096456314087845e-05,2.096387785588405e-10,1.636701199458912e-06,0.0,1.989910364151001,1.9899084568023682,5.992242257946145e-10,1.943195911735529e-06,0.0
2304,lbfgs,1.0,1.4733367606822867e-05,1.3096456314087845e-05,2.096387785588405e-10,1.636701199458912e-06,0.0,1.989910364151001,1.9899084568023682,5.992242257946145e-10,1.943195911735529e-06,0.0
2305,lbfgs,1.0,1.4733367606822867e-05,1.3096456314087845e-05,2.096387785588405e-10,1.636701199458912e-06,0.0,1.989910364151001,1.9899084568023682,5.992242257946145e-10,1.943195911735529e-06,0.0
2306,lbfgs,1.0,1.4733367606822867e-05,1.3096456314087845e-05,2.096387785588405e-10,1.636701199458912e-06,0.0,1.989910364151001,1.9899084568023682,5.992242257946145e-10,1.943195911735529e-06,0.0
2307,lbfgs,1.0,1.4733367606822867e-05,1.3096456314087845e-05,2.096387785588405e-10,1.636701199458912e-06,0.0,1.989910364151001,1.9899084568023682,5.992242257946145e-10,1.943195911735529e-06,0.0
2308,lbfgs,1.0,1.4733367606822867e-05,1.3096456314087845e-05,2.096387785588405e-10,1.636701199458912e-06,0.0,1.989910364151001,1.9899084568023682,5.992242257946145e-10,1.943195911735529e-06,0.0
2309,lbfgs,1.0,1.4733367606822867e-05,1.3096456314087845e-05,2.096387785588405e-10,1.636701199458912e-06,0.0,1.989910364151001,1.9899084568023682,5.992242257946145e-10,1.943195911735529e-06,0.0
2310,lbfgs,1.0,1.4733367606822867e-05,1.3096456314087845e-05,2.096387785588405e-10,1.636701199458912e-06,0.0,1.989910364151001,1.9899084568023682,5.992242257946145e-10,1.943195911735529e-06,0.0
2311,lbfgs,1.0,1.4733367606822867e-05,1.3096456314087845e-05,2.096387785588405e-10,1.636701199458912e-06,0.0,1.989910364151001,1.9899084568023682,5.992242257946145e-10,1.943195911735529e-06,0.0
2312,lbfgs,1.0,1.4733367606822867e-05,1.3096456314087845e-05,2.096387785588405e-10,1.636701199458912e-06,0.0,1.989910364151001,1.9899084568023682,5.992242257946145e-10,1.943195911735529e-06,0.0
2313,lbfgs,1.0,1.4733367606822867e-05,1.3096456314087845e-05,2.096387785588405e-10,1.636701199458912e-06,0.0,1.989910364151001,1.9899084568023682,5.992242257946145e-10,1.943195911735529e-06,0.0
2314,lbfgs,1.0,1.4733367606822867e-05,1.3096456314087845e-05,2.096387785588405e-10,1.636701199458912e-06,0.0,1.989910364151001,1.9899084568023682,5.992242257946145e-10,1.943195911735529e-06,0.0
2315,lbfgs,1.0,1.4733367606822867e-05,1.3096456314087845e-05,2.096387785588405e-10,1.636701199458912e-06,0.0,1.989910364151001,1.9899084568023682,5.992242257946145e-10,1.943195911735529e-06,0.0
2316,lbfgs,1.0,1.4733367606822867e-05,1.3096456314087845e-05,2.096387785588405e-10,1.636701199458912e-06,0.0,1.989910364151001,1.9899084568023682,5.992242257946145e-10,1.943195911735529e-06,0.0
2317,lbfgs,1.0,1.4733367606822867e-05,1.3096456314087845e-05,2.096387785588405e-10,1.636701199458912e-06,0.0,1.989910364151001,1.9899084568023682,5.992242257946145e-10,1.943195911735529e-06,0.0
2318,lbfgs,1.0,1.4733367606822867e-05,1.3096456314087845e-05,2.096387785588405e-10,1.636701199458912e-06,0.0,1.989910364151001,1.9899084568023682,5.992242257946145e-10,1.943195911735529e-06,0.0
2319,lbfgs,1.0,1.4733367606822867e-05,1.3096456314087845e-05,2.096387785588405e-10,1.636701199458912e-06,0.0,1.989910364151001,1.9899084568023682,5.992242257946145e-10,1.943195911735529e-06,0.0
2320,lbfgs,1.0,1.4733367606822867e-05,1.3096456314087845e-05,2.096387785588405e-10,1.636701199458912e-06,0.0,1.989910364151001,1.9899084568023682,5.992242257946145e-10,1.943195911735529e-06,0.0
2321,lbfgs,1.0,1.4733367606822867e-05,1.3096456314087845e-05,2.096387785588405e-10,1.636701199458912e-06,0.0,1.989910364151001,1.9899084568023682,5.992242257946145e-10,1.943195911735529e-06,0.0
2322,lbfgs,1.0,1.4733367606822867e-05,1.3096456314087845e-05,2.096387785588405e-10,1.636701199458912e-06,0.0,1.989910364151001,1.9899084568023682,5.992242257946145e-10,1.943195911735529e-06,0.0
2323,lbfgs,1.0,1.4733367606822867e-05,1.3096456314087845e-05,2.096387785588405e-10,1.636701199458912e-06,0.0,1.989910364151001,1.9899084568023682,5.992242257946145e-10,1.943195911735529e-06,0.0
2324,lbfgs,1.0,1.4733367606822867e-05,1.3096456314087845e-05,2.096387785588405e-10,1.636701199458912e-06,0.0,1.989910364151001,1.9899084568023682,5.992242257946145e-10,1.943195911735529e-06,0.0
2325,lbfgs,1.0,1.4733367606822867e-05,1.3096456314087845e-05,2.096387785588405e-10,1.636701199458912e-06,0.0,1.989910364151001,1.9899084568023682,5.992242257946145e-10,1.943195911735529e-06,0.0
2326,lbfgs,1.0,1.4733367606822867e-05,1.3096456314087845e-05,2.096387785588405e-10,1.636701199458912e-06,0.0,1.989910364151001,1.9899084568023682,5.992242257946145e-10,1.943195911735529e-06,0.0
2327,lbfgs,1.0,1.4733367606822867e-05,1.3096456314087845e-05,2.096387785588405e-10,1.636701199458912e-06,0.0,1.989910364151001,1.9899084568023682,5.992242257946145e-10,1.943195911735529e-06,0.0
2328,lbfgs,1.0,1.4733367606822867e-05,1.3096456314087845e-05,2.096387785588405e-10,1.636701199458912e-06,0.0,1.989910364151001,1.9899084568023682,5.992242257946145e-10,1.943195911735529e-06,0.0
2329,lbfgs,1.0,1.4733367606822867e-05,1.3096456314087845e-05,2.096387785588405e-10,1.636701199458912e-06,0.0,1.989910364151001,1.9899084568023682,5.992242257946145e-10,1.943195911735529e-06,0.0
2330,lbfgs,1.0,1.4733367606822867e-05,1.3096456314087845e-05,2.096387785588405e-10,1.636701199458912e-06,0.0,1.989910364151001,1.9899084568023682,5.992242257946145e-10,1.943195911735529e-06,0.0
2331,lbfgs,1.0,1.4733367606822867e-05,1.3096456314087845e-05,2.096387785588405e-10,1.636701199458912e-06,0.0,1.989910364151001,1.9899084568023682,5.992242257946145e-10,1.943195911735529e-06,0.0
2332,lbfgs,1.0,1.4733367606822867e-05,1.3096456314087845e-05,2.096387785588405e-10,1.636701199458912e-06,0.0,1.989910364151001,1.9899084568023682,5.992242257946145e-10,1.943195911735529e-06,0.0
2333,lbfgs,1.0,1.4733367606822867e-05,1.3096456314087845e-05,2.096387785588405e-10,1.636701199458912e-06,0.0,1.989910364151001,1.9899084568023682,5.992242257946145e-10,1.943195911735529e-06,0.0
2334,lbfgs,1.0,1.4733367606822867e-05,1.3096456314087845e-05,2.096387785588405e-10,1.636701199458912e-06,0.0,1.989910364151001,1.9899084568023682,5.992242257946145e-10,1.943195911735529e-06,0.0
2335,lbfgs,1.0,1.4733367606822867e-05,1.3096456314087845e-05,2.096387785588405e-10,1.636701199458912e-06,0.0,1.989910364151001,1.9899084568023682,5.992242257946145e-10,1.943195911735529e-06,0.0
2336,lbfgs,1.0,1.4733367606822867e-05,1.3096456314087845e-05,2.096387785588405e-10,1.636701199458912e-06,0.0,1.989910364151001,1.9899084568023682,5.992242257946145e-10,1.943195911735529e-06,0.0
2337,lbfgs,1.0,1.4733367606822867e-05,1.3096456314087845e-05,2.096387785588405e-10,1.636701199458912e-06,0.0,1.989910364151001,1.9899084568023682,5.992242257946145e-10,1.943195911735529e-06,0.0
2338,lbfgs,1.0,1.4733367606822867e-05,1.3096456314087845e-05,2.096387785588405e-10,1.636701199458912e-06,0.0,1.989910364151001,1.9899084568023682,5.992242257946145e-10,1.943195911735529e-06,0.0
2339,lbfgs,1.0,1.4733367606822867e-05,1.3096456314087845e-05,2.096387785588405e-10,1.636701199458912e-06,0.0,1.989910364151001,1.9899084568023682,5.992242257946145e-10,1.943195911735529e-06,0.0
2340,lbfgs,1.0,1.4733367606822867e-05,1.3096456314087845e-05,2.096387785588405e-10,1.636701199458912e-06,0.0,1.989910364151001,1.9899084568023682,5.992242257946145e-10,1.943195911735529e-06,0.0
2341,lbfgs,1.0,1.4733367606822867e-05,1.3096456314087845e-05,2.096387785588405e-10,1.636701199458912e-06,0.0,1.989910364151001,1.9899084568023682,5.992242257946145e-10,1.943195911735529e-06,0.0
2342,lbfgs,1.0,1.4733367606822867e-05,1.3096456314087845e-05,2.096387785588405e-10,1.636701199458912e-06,0.0,1.989910364151001,1.9899084568023682,5.992242257946145e-10,1.943195911735529e-06,0.0
2343,lbfgs,1.0,1.4733367606822867e-05,1.3096456314087845e-05,2.096387785588405e-10,1.636701199458912e-06,0.0,1.989910364151001,1.9899084568023682,5.992242257946145e-10,1.943195911735529e-06,0.0
2344,lbfgs,1.0,1.4733367606822867e-05,1.3096456314087845e-05,2.096387785588405e-10,1.636701199458912e-06,0.0,1.989910364151001,1.9899084568023682,5.992242257946145e-10,1.943195911735529e-06,0.0
2345,lbfgs,1.0,1.4733367606822867e-05,1.3096456314087845e-05,2.096387785588405e-10,1.636701199458912e-06,0.0,1.989910364151001,1.9899084568023682,5.992242257946145e-10,1.943195911735529e-06,0.0
2346,lbfgs,1.0,1.4733367606822867e-05,1.3096456314087845e-05,2.096387785588405e-10,1.636701199458912e-06,0.0,1.989910364151001,1.9899084568023682,5.992242257946145e-10,1.943195911735529e-06,0.0
2347,lbfgs,1.0,1.4733367606822867e-05,1.3096456314087845e-05,2.096387785588405e-10,1.636701199458912e-06,0.0,1.989910364151001,1.9899084568023682,5.992242257946145e-10,1.943195911735529e-06,0.0
2348,lbfgs,1.0,1.4733367606822867e-05,1.3096456314087845e-05,2.096387785588405e-10,1.636701199458912e-06,0.0,1.989910364151001,1.9899084568023682,5.992242257946145e-10,1.943195911735529e-06,0.0
2349,lbfgs,1.0,1.4733367606822867e-05,1.3096456314087845e-05,2.096387785588405e-10,1.636701199458912e-06,0.0,1.989910364151001,1.9899084568023682,5.992242257946145e-10,1.943195911735529e-06,0.0
2350,lbfgs,1.0,1.4733367606822867e-05,1.3096456314087845e-05,2.096387785588405e-10,1.636701199458912e-06,0.0,1.989910364151001,1.9899084568023682,5.992242257946145e-10,1.943195911735529e-06,0.0
2351,lbfgs,1.0,1.4733367606822867e-05,1.3096456314087845e-05,2.096387785588405e-10,1.636701199458912e-06,0.0,1.989910364151001,1.9899084568023682,5.992242257946145e-10,1.943195911735529e-06,0.0
2352,lbfgs,1.0,1.4733367606822867e-05,1.3096456314087845e-05,2.096387785588405e-10,1.636701199458912e-06,0.0,1.989910364151001,1.9899084568023682,5.992242257946145e-10,1.943195911735529e-06,0.0
2353,lbfgs,1.0,1.4733367606822867e-05,1.3096456314087845e-05,2.096387785588405e-10,1.636701199458912e-06,0.0,1.989910364151001,1.9899084568023682,5.992242257946145e-10,1.943195911735529e-06,0.0
2354,lbfgs,1.0,1.4733367606822867e-05,1.3096456314087845e-05,2.096387785588405e-10,1.636701199458912e-06,0.0,1.989910364151001,1.9899084568023682,5.992242257946145e-10,1.943195911735529e-06,0.0
2355,lbfgs,1.0,1.4733367606822867e-05,1.3096456314087845e-05,2.096387785588405e-10,1.636701199458912e-06,0.0,1.989910364151001,1.9899084568023682,5.992242257946145e-10,1.943195911735529e-06,0.0
2356,lbfgs,1.0,1.4733367606822867e-05,1.3096456314087845e-05,2.096387785588405e-10,1.636701199458912e-06,0.0,1.989910364151001,1.9899084568023682,5.992242257946145e-10,1.943195911735529e-06,0.0
2357,lbfgs,1.0,1.4733367606822867e-05,1.3096456314087845e-05,2.096387785588405e-10,1.636701199458912e-06,0.0,1.989910364151001,1.9899084568023682,5.992242257946145e-10,1.943195911735529e-06,0.0
2358,lbfgs,1.0,1.4733367606822867e-05,1.3096456314087845e-05,2.096387785588405e-10,1.636701199458912e-06,0.0,1.989910364151001,1.9899084568023682,5.992242257946145e-10,1.943195911735529e-06,0.0
2359,lbfgs,1.0,1.4733367606822867e-05,1.3096456314087845e-05,2.096387785588405e-10,1.636701199458912e-06,0.0,1.989910364151001,1.9899084568023682,5.992242257946145e-10,1.943195911735529e-06,0.0
2360,lbfgs,1.0,1.4733367606822867e-05,1.3096456314087845e-05,2.096387785588405e-10,1.636701199458912e-06,0.0,1.989910364151001,1.9899084568023682,5.992242257946145e-10,1.943195911735529e-06,0.0
2361,lbfgs,1.0,1.4733367606822867e-05,1.3096456314087845e-05,2.096387785588405e-10,1.636701199458912e-06,0.0,1.989910364151001,1.9899084568023682,5.992242257946145e-10,1.943195911735529e-06,0.0
2362,lbfgs,1.0,1.4733367606822867e-05,1.3096456314087845e-05,2.096387785588405e-10,1.636701199458912e-06,0.0,1.989910364151001,1.9899084568023682,5.992242257946145e-10,1.943195911735529e-06,0.0
2363,lbfgs,1.0,1.4733367606822867e-05,1.3096456314087845e-05,2.096387785588405e-10,1.636701199458912e-06,0.0,1.989910364151001,1.9899084568023682,5.992242257946145e-10,1.943195911735529e-06,0.0
2364,lbfgs,1.0,1.4733367606822867e-05,1.3096456314087845e-05,2.096387785588405e-10,1.636701199458912e-06,0.0,1.989910364151001,1.9899084568023682,5.992242257946145e-10,1.943195911735529e-06,0.0
2365,lbfgs,1.0,1.4733367606822867e-05,1.3096456314087845e-05,2.096387785588405e-10,1.636701199458912e-06,0.0,1.989910364151001,1.9899084568023682,5.992242257946145e-10,1.943195911735529e-06,0.0
2366,lbfgs,1.0,1.4733367606822867e-05,1.3096456314087845e-05,2.096387785588405e-10,1.636701199458912e-06,0.0,1.989910364151001,1.9899084568023682,5.992242257946145e-10,1.943195911735529e-06,0.0
2367,lbfgs,1.0,1.4733367606822867e-05,1.3096456314087845e-05,2.096387785588405e-10,1.636701199458912e-06,0.0,1.989910364151001,1.9899084568023682,5.992242257946145e-10,1.943195911735529e-06,0.0
2368,lbfgs,1.0,1.4733367606822867e-05,1.3096456314087845e-05,2.096387785588405e-10,1.636701199458912e-06,0.0,1.989910364151001,1.9899084568023682,5.992242257946145e-10,1.943195911735529e-06,0.0
2369,lbfgs,1.0,1.4733367606822867e-05,1.3096456314087845e-05,2.096387785588405e-10,1.636701199458912e-06,0.0,1.989910364151001,1.9899084568023682,5.992242257946145e-10,1.943195911735529e-06,0.0
2370,lbfgs,1.0,1.4733367606822867e-05,1.3096456314087845e-05,2.096387785588405e-10,1.636701199458912e-06,0.0,1.989910364151001,1.9899084568023682,5.992242257946145e-10,1.943195911735529e-06,0.0
2371,lbfgs,1.0,1.4733367606822867e-05,1.3096456314087845e-05,2.096387785588405e-10,1.636701199458912e-06,0.0,1.989910364151001,1.9899084568023682,5.992242257946145e-10,1.943195911735529e-06,0.0
2372,lbfgs,1.0,1.4733367606822867e-05,1.3096456314087845e-05,2.096387785588405e-10,1.636701199458912e-06,0.0,1.989910364151001,1.9899084568023682,5.992242257946145e-10,1.943195911735529e-06,0.0
2373,lbfgs,1.0,1.4733367606822867e-05,1.3096456314087845e-05,2.096387785588405e-10,1.636701199458912e-06,0.0,1.989910364151001,1.9899084568023682,5.992242257946145e-10,1.943195911735529e-06,0.0
2374,lbfgs,1.0,1.4733367606822867e-05,1.3096456314087845e-05,2.096387785588405e-10,1.636701199458912e-06,0.0,1.989910364151001,1.9899084568023682,5.992242257946145e-10,1.943195911735529e-06,0.0
2375,lbfgs,1.0,1.4733367606822867e-05,1.3096456314087845e-05,2.096387785588405e-10,1.636701199458912e-06,0.0,1.989910364151001,1.9899084568023682,5.992242257946145e-10,1.943195911735529e-06,0.0
2376,lbfgs,1.0,1.4733367606822867e-05,1.3096456314087845e-05,2.096387785588405e-10,1.636701199458912e-06,0.0,1.989910364151001,1.9899084568023682,5.992242257946145e-10,1.943195911735529e-06,0.0
2377,lbfgs,1.0,1.4733367606822867e-05,1.3096456314087845e-05,2.096387785588405e-10,1.636701199458912e-06,0.0,1.989910364151001,1.9899084568023682,5.992242257946145e-10,1.943195911735529e-06,0.0
2378,lbfgs,1.0,1.4733367606822867e-05,1.3096456314087845e-05,2.096387785588405e-10,1.636701199458912e-06,0.0,1.989910364151001,1.9899084568023682,5.992242257946145e-10,1.943195911735529e-06,0.0
2379,lbfgs,1.0,1.4733367606822867e-05,1.3096456314087845e-05,2.096387785588405e-10,1.636701199458912e-06,0.0,1.989910364151001,1.9899084568023682,5.992242257946145e-10,1.943195911735529e-06,0.0
2380,lbfgs,1.0,1.4733367606822867e-05,1.3096456314087845e-05,2.096387785588405e-10,1.636701199458912e-06,0.0,1.989910364151001,1.9899084568023682,5.992242257946145e-10,1.943195911735529e-06,0.0
2381,lbfgs,1.0,1.4733367606822867e-05,1.3096456314087845e-05,2.096387785588405e-10,1.636701199458912e-06,0.0,1.989910364151001,1.9899084568023682,5.992242257946145e-10,1.943195911735529e-06,0.0
2382,lbfgs,1.0,1.4733367606822867e-05,1.3096456314087845e-05,2.096387785588405e-10,1.636701199458912e-06,0.0,1.989910364151001,1.9899084568023682,5.992242257946145e-10,1.943195911735529e-06,0.0
2383,lbfgs,1.0,1.4733367606822867e-05,1.3096456314087845e-05,2.096387785588405e-10,1.636701199458912e-06,0.0,1.989910364151001,1.9899084568023682,5.992242257946145e-10,1.943195911735529e-06,0.0
2384,lbfgs,1.0,1.4733367606822867e-05,1.3096456314087845e-05,2.096387785588405e-10,1.636701199458912e-06,0.0,1.989910364151001,1.9899084568023682,5.992242257946145e-10,1.943195911735529e-06,0.0
2385,lbfgs,1.0,1.4733367606822867e-05,1.3096456314087845e-05,2.096387785588405e-10,1.636701199458912e-06,0.0,1.989910364151001,1.9899084568023682,5.992242257946145e-10,1.943195911735529e-06,0.0
2386,lbfgs,1.0,1.4733367606822867e-05,1.3096456314087845e-05,2.096387785588405e-10,1.636701199458912e-06,0.0,1.989910364151001,1.9899084568023682,5.992242257946145e-10,1.943195911735529e-06,0.0
2387,lbfgs,1.0,1.4733367606822867e-05,1.3096456314087845e-05,2.096387785588405e-10,1.636701199458912e-06,0.0,1.989910364151001,1.9899084568023682,5.992242257946145e-10,1.943195911735529e-06,0.0
2388,lbfgs,1.0,1.4733367606822867e-05,1.3096456314087845e-05,2.096387785588405e-10,1.636701199458912e-06,0.0,1.989910364151001,1.9899084568023682,5.992242257946145e-10,1.943195911735529e-06,0.0
2389,lbfgs,1.0,1.4733367606822867e-05,1.3096456314087845e-05,2.096387785588405e-10,1.636701199458912e-06,0.0,1.989910364151001,1.9899084568023682,5.992242257946145e-10,1.943195911735529e-06,0.0
2390,lbfgs,1.0,1.4733367606822867e-05,1.3096456314087845e-05,2.096387785588405e-10,1.636701199458912e-06,0.0,1.989910364151001,1.9899084568023682,5.992242257946145e-10,1.943195911735529e-06,0.0
2391,lbfgs,1.0,1.4733367606822867e-05,1.3096456314087845e-05,2.096387785588405e-10,1.636701199458912e-06,0.0,1.989910364151001,1.9899084568023682,5.992242257946145e-10,1.943195911735529e-06,0.0
2392,lbfgs,1.0,1.4733367606822867e-05,1.3096456314087845e-05,2.096387785588405e-10,1.636701199458912e-06,0.0,1.989910364151001,1.9899084568023682,5.992242257946145e-10,1.943195911735529e-06,0.0
2393,lbfgs,1.0,1.4733367606822867e-05,1.3096456314087845e-05,2.096387785588405e-10,1.636701199458912e-06,0.0,1.989910364151001,1.9899084568023682,5.992242257946145e-10,1.943195911735529e-06,0.0
2394,lbfgs,1.0,1.4733367606822867e-05,1.3096456314087845e-05,2.096387785588405e-10,1.636701199458912e-06,0.0,1.989910364151001,1.9899084568023682,5.992242257946145e-10,1.943195911735529e-06,0.0
2395,lbfgs,1.0,1.4733367606822867e-05,1.3096456314087845e-05,2.096387785588405e-10,1.636701199458912e-06,0.0,1.989910364151001,1.9899084568023682,5.992242257946145e-10,1.943195911735529e-06,0.0
2396,lbfgs,1.0,1.4733367606822867e-05,1.3096456314087845e-05,2.096387785588405e-10,1.636701199458912e-06,0.0,1.989910364151001,1.9899084568023682,5.992242257946145e-10,1.943195911735529e-06,0.0
2397,lbfgs,1.0,1.4733367606822867e-05,1.3096456314087845e-05,2.096387785588405e-10,1.636701199458912e-06,0.0,1.989910364151001,1.9899084568023682,5.992242257946145e-10,1.943195911735529e-06,0.0
2398,lbfgs,1.0,1.4733367606822867e-05,1.3096456314087845e-05,2.096387785588405e-10,1.636701199458912e-06,0.0,1.989910364151001,1.9899084568023682,5.992242257946145e-10,1.943195911735529e-06,0.0
2399,lbfgs,1.0,1.4733367606822867e-05,1.3096456314087845e-05,2.096387785588405e-10,1.636701199458912e-06,0.0,1.989910364151001,1.9899084568023682,5.992242257946145e-10,1.943195911735529e-06,0.0
2400,lbfgs,1.0,1.4733367606822867e-05,1.3096456314087845e-05,2.096387785588405e-10,1.636701199458912e-06,0.0,1.989910364151001,1.9899084568023682,5.992242257946145e-10,1.943195911735529e-06,0.0
2401,lbfgs,1.0,1.4733367606822867e-05,1.3096456314087845e-05,2.096387785588405e-10,1.636701199458912e-06,0.0,1.989910364151001,1.9899084568023682,5.992242257946145e-10,1.943195911735529e-06,0.0
2402,lbfgs,1.0,1.4733367606822867e-05,1.3096456314087845e-05,2.096387785588405e-10,1.636701199458912e-06,0.0,1.989910364151001,1.9899084568023682,5.992242257946145e-10,1.943195911735529e-06,0.0
2403,lbfgs,1.0,1.4733367606822867e-05,1.3096456314087845e-05,2.096387785588405e-10,1.636701199458912e-06,0.0,1.989910364151001,1.9899084568023682,5.992242257946145e-10,1.943195911735529e-06,0.0
2404,lbfgs,1.0,1.4733367606822867e-05,1.3096456314087845e-05,2.096387785588405e-10,1.636701199458912e-06,0.0,1.989910364151001,1.9899084568023682,5.992242257946145e-10,1.943195911735529e-06,0.0
2405,lbfgs,1.0,1.4733367606822867e-05,1.3096456314087845e-05,2.096387785588405e-10,1.636701199458912e-06,0.0,1.989910364151001,1.9899084568023682,5.992242257946145e-10,1.943195911735529e-06,0.0
2406,lbfgs,1.0,1.4733367606822867e-05,1.3096456314087845e-05,2.096387785588405e-10,1.636701199458912e-06,0.0,1.989910364151001,1.9899084568023682,5.992242257946145e-10,1.943195911735529e-06,0.0
2407,lbfgs,1.0,1.4733367606822867e-05,1.3096456314087845e-05,2.096387785588405e-10,1.636701199458912e-06,0.0,1.989910364151001,1.9899084568023682,5.992242257946145e-10,1.943195911735529e-06,0.0
2408,lbfgs,1.0,1.4733367606822867e-05,1.3096456314087845e-05,2.096387785588405e-10,1.636701199458912e-06,0.0,1.989910364151001,1.9899084568023682,5.992242257946145e-10,1.943195911735529e-06,0.0
2409,lbfgs,1.0,1.4733367606822867e-05,1.3096456314087845e-05,2.096387785588405e-10,1.636701199458912e-06,0.0,1.989910364151001,1.9899084568023682,5.992242257946145e-10,1.943195911735529e-06,0.0
2410,lbfgs,1.0,1.4733367606822867e-05,1.3096456314087845e-05,2.096387785588405e-10,1.636701199458912e-06,0.0,1.989910364151001,1.9899084568023682,5.992242257946145e-10,1.943195911735529e-06,0.0
2411,lbfgs,1.0,1.4733367606822867e-05,1.3096456314087845e-05,2.096387785588405e-10,1.636701199458912e-06,0.0,1.989910364151001,1.9899084568023682,5.992242257946145e-10,1.943195911735529e-06,0.0
2412,lbfgs,1.0,1.4733367606822867e-05,1.3096456314087845e-05,2.096387785588405e-10,1.636701199458912e-06,0.0,1.989910364151001,1.9899084568023682,5.992242257946145e-10,1.943195911735529e-06,0.0
2413,lbfgs,1.0,1.4733367606822867e-05,1.3096456314087845e-05,2.096387785588405e-10,1.636701199458912e-06,0.0,1.989910364151001,1.9899084568023682,5.992242257946145e-10,1.943195911735529e-06,0.0
2414,lbfgs,1.0,1.4733367606822867e-05,1.3096456314087845e-05,2.096387785588405e-10,1.636701199458912e-06,0.0,1.989910364151001,1.9899084568023682,5.992242257946145e-10,1.943195911735529e-06,0.0
2415,lbfgs,1.0,1.4733367606822867e-05,1.3096456314087845e-05,2.096387785588405e-10,1.636701199458912e-06,0.0,1.989910364151001,1.9899084568023682,5.992242257946145e-10,1.943195911735529e-06,0.0
2416,lbfgs,1.0,1.4733367606822867e-05,1.3096456314087845e-05,2.096387785588405e-10,1.636701199458912e-06,0.0,1.989910364151001,1.9899084568023682,5.992242257946145e-10,1.943195911735529e-06,0.0
2417,lbfgs,1.0,1.4733367606822867e-05,1.3096456314087845e-05,2.096387785588405e-10,1.636701199458912e-06,0.0,1.989910364151001,1.9899084568023682,5.992242257946145e-10,1.943195911735529e-06,0.0
2418,lbfgs,1.0,1.4733367606822867e-05,1.3096456314087845e-05,2.096387785588405e-10,1.636701199458912e-06,0.0,1.989910364151001,1.9899084568023682,5.992242257946145e-10,1.943195911735529e-06,0.0
2419,lbfgs,1.0,1.4733367606822867e-05,1.3096456314087845e-05,2.096387785588405e-10,1.636701199458912e-06,0.0,1.989910364151001,1.9899084568023682,5.992242257946145e-10,1.943195911735529e-06,0.0
2420,lbfgs,1.0,1.4733367606822867e-05,1.3096456314087845e-05,2.096387785588405e-10,1.636701199458912e-06,0.0,1.989910364151001,1.9899084568023682,5.992242257946145e-10,1.943195911735529e-06,0.0
2421,lbfgs,1.0,1.4733367606822867e-05,1.3096456314087845e-05,2.096387785588405e-10,1.636701199458912e-06,0.0,1.989910364151001,1.9899084568023682,5.992242257946145e-10,1.943195911735529e-06,0.0
2422,lbfgs,1.0,1.4733367606822867e-05,1.3096456314087845e-05,2.096387785588405e-10,1.636701199458912e-06,0.0,1.989910364151001,1.9899084568023682,5.992242257946145e-10,1.943195911735529e-06,0.0
2423,lbfgs,1.0,1.4733367606822867e-05,1.3096456314087845e-05,2.096387785588405e-10,1.636701199458912e-06,0.0,1.989910364151001,1.9899084568023682,5.992242257946145e-10,1.943195911735529e-06,0.0
2424,lbfgs,1.0,1.4733367606822867e-05,1.3096456314087845e-05,2.096387785588405e-10,1.636701199458912e-06,0.0,1.989910364151001,1.9899084568023682,5.992242257946145e-10,1.943195911735529e-06,0.0
2425,lbfgs,1.0,1.4733367606822867e-05,1.3096456314087845e-05,2.096387785588405e-10,1.636701199458912e-06,0.0,1.989910364151001,1.9899084568023682,5.992242257946145e-10,1.943195911735529e-06,0.0
2426,lbfgs,1.0,1.4733367606822867e-05,1.3096456314087845e-05,2.096387785588405e-10,1.636701199458912e-06,0.0,1.989910364151001,1.9899084568023682,5.992242257946145e-10,1.943195911735529e-06,0.0
2427,lbfgs,1.0,1.4733367606822867e-05,1.3096456314087845e-05,2.096387785588405e-10,1.636701199458912e-06,0.0,1.989910364151001,1.9899084568023682,5.992242257946145e-10,1.943195911735529e-06,0.0
2428,lbfgs,1.0,1.4733367606822867e-05,1.3096456314087845e-05,2.096387785588405e-10,1.636701199458912e-06,0.0,1.989910364151001,1.9899084568023682,5.992242257946145e-10,1.943195911735529e-06,0.0
2429,lbfgs,1.0,1.4733367606822867e-05,1.3096456314087845e-05,2.096387785588405e-10,1.636701199458912e-06,0.0,1.989910364151001,1.9899084568023682,5.992242257946145e-10,1.943195911735529e-06,0.0
2430,lbfgs,1.0,1.4733367606822867e-05,1.3096456314087845e-05,2.096387785588405e-10,1.636701199458912e-06,0.0,1.989910364151001,1.9899084568023682,5.992242257946145e-10,1.943195911735529e-06,0.0
2431,lbfgs,1.0,1.4733367606822867e-05,1.3096456314087845e-05,2.096387785588405e-10,1.636701199458912e-06,0.0,1.989910364151001,1.9899084568023682,5.992242257946145e-10,1.943195911735529e-06,0.0
2432,lbfgs,1.0,1.4733367606822867e-05,1.3096456314087845e-05,2.096387785588405e-10,1.636701199458912e-06,0.0,1.989910364151001,1.9899084568023682,5.992242257946145e-10,1.943195911735529e-06,0.0
2433,lbfgs,1.0,1.4733367606822867e-05,1.3096456314087845e-05,2.096387785588405e-10,1.636701199458912e-06,0.0,1.989910364151001,1.9899084568023682,5.992242257946145e-10,1.943195911735529e-06,0.0
2434,lbfgs,1.0,1.4733367606822867e-05,1.3096456314087845e-05,2.096387785588405e-10,1.636701199458912e-06,0.0,1.989910364151001,1.9899084568023682,5.992242257946145e-10,1.943195911735529e-06,0.0
2435,lbfgs,1.0,1.4733367606822867e-05,1.3096456314087845e-05,2.096387785588405e-10,1.636701199458912e-06,0.0,1.989910364151001,1.9899084568023682,5.992242257946145e-10,1.943195911735529e-06,0.0
2436,lbfgs,1.0,1.4733367606822867e-05,1.3096456314087845e-05,2.096387785588405e-10,1.636701199458912e-06,0.0,1.989910364151001,1.9899084568023682,5.992242257946145e-10,1.943195911735529e-06,0.0
2437,lbfgs,1.0,1.4733367606822867e-05,1.3096456314087845e-05,2.096387785588405e-10,1.636701199458912e-06,0.0,1.989910364151001,1.9899084568023682,5.992242257946145e-10,1.943195911735529e-06,0.0
2438,lbfgs,1.0,1.4733367606822867e-05,1.3096456314087845e-05,2.096387785588405e-10,1.636701199458912e-06,0.0,1.989910364151001,1.9899084568023682,5.992242257946145e-10,1.943195911735529e-06,0.0
2439,lbfgs,1.0,1.4733367606822867e-05,1.3096456314087845e-05,2.096387785588405e-10,1.636701199458912e-06,0.0,1.989910364151001,1.9899084568023682,5.992242257946145e-10,1.943195911735529e-06,0.0
2440,lbfgs,1.0,1.4733367606822867e-05,1.3096456314087845e-05,2.096387785588405e-10,1.636701199458912e-06,0.0,1.989910364151001,1.9899084568023682,5.992242257946145e-10,1.943195911735529e-06,0.0
2441,lbfgs,1.0,1.4733367606822867e-05,1.3096456314087845e-05,2.096387785588405e-10,1.636701199458912e-06,0.0,1.989910364151001,1.9899084568023682,5.992242257946145e-10,1.943195911735529e-06,0.0
2442,lbfgs,1.0,1.4733367606822867e-05,1.3096456314087845e-05,2.096387785588405e-10,1.636701199458912e-06,0.0,1.989910364151001,1.9899084568023682,5.992242257946145e-10,1.943195911735529e-06,0.0
2443,lbfgs,1.0,1.4733367606822867e-05,1.3096456314087845e-05,2.096387785588405e-10,1.636701199458912e-06,0.0,1.989910364151001,1.9899084568023682,5.992242257946145e-10,1.943195911735529e-06,0.0
2444,lbfgs,1.0,1.4733367606822867e-05,1.3096456314087845e-05,2.096387785588405e-10,1.636701199458912e-06,0.0,1.989910364151001,1.9899084568023682,5.992242257946145e-10,1.943195911735529e-06,0.0
2445,lbfgs,1.0,1.4733367606822867e-05,1.3096456314087845e-05,2.096387785588405e-10,1.636701199458912e-06,0.0,1.989910364151001,1.9899084568023682,5.992242257946145e-10,1.943195911735529e-06,0.0
2446,lbfgs,1.0,1.4733367606822867e-05,1.3096456314087845e-05,2.096387785588405e-10,1.636701199458912e-06,0.0,1.989910364151001,1.9899084568023682,5.992242257946145e-10,1.943195911735529e-06,0.0
2447,lbfgs,1.0,1.4733367606822867e-05,1.3096456314087845e-05,2.096387785588405e-10,1.636701199458912e-06,0.0,1.989910364151001,1.9899084568023682,5.992242257946145e-10,1.943195911735529e-06,0.0
2448,lbfgs,1.0,1.4733367606822867e-05,1.3096456314087845e-05,2.096387785588405e-10,1.636701199458912e-06,0.0,1.989910364151001,1.9899084568023682,5.992242257946145e-10,1.943195911735529e-06,0.0
2449,lbfgs,1.0,1.4733367606822867e-05,1.3096456314087845e-05,2.096387785588405e-10,1.636701199458912e-06,0.0,1.989910364151001,1.9899084568023682,5.992242257946145e-10,1.943195911735529e-06,0.0
2450,lbfgs,1.0,1.4733367606822867e-05,1.3096456314087845e-05,2.096387785588405e-10,1.636701199458912e-06,0.0,1.989910364151001,1.9899084568023682,5.992242257946145e-10,1.943195911735529e-06,0.0
2451,lbfgs,1.0,1.4733367606822867e-05,1.3096456314087845e-05,2.096387785588405e-10,1.636701199458912e-06,0.0,1.989910364151001,1.9899084568023682,5.992242257946145e-10,1.943195911735529e-06,0.0
2452,lbfgs,1.0,1.4733367606822867e-05,1.3096456314087845e-05,2.096387785588405e-10,1.636701199458912e-06,0.0,1.989910364151001,1.9899084568023682,5.992242257946145e-10,1.943195911735529e-06,0.0
2453,lbfgs,1.0,1.4733367606822867e-05,1.3096456314087845e-05,2.096387785588405e-10,1.636701199458912e-06,0.0,1.989910364151001,1.9899084568023682,5.992242257946145e-10,1.943195911735529e-06,0.0
2454,lbfgs,1.0,1.4733367606822867e-05,1.3096456314087845e-05,2.096387785588405e-10,1.636701199458912e-06,0.0,1.989910364151001,1.9899084568023682,5.992242257946145e-10,1.943195911735529e-06,0.0
2455,lbfgs,1.0,1.4733367606822867e-05,1.3096456314087845e-05,2.096387785588405e-10,1.636701199458912e-06,0.0,1.989910364151001,1.9899084568023682,5.992242257946145e-10,1.943195911735529e-06,0.0
2456,lbfgs,1.0,1.4733367606822867e-05,1.3096456314087845e-05,2.096387785588405e-10,1.636701199458912e-06,0.0,1.989910364151001,1.9899084568023682,5.992242257946145e-10,1.943195911735529e-06,0.0
2457,lbfgs,1.0,1.4733367606822867e-05,1.3096456314087845e-05,2.096387785588405e-10,1.636701199458912e-06,0.0,1.989910364151001,1.9899084568023682,5.992242257946145e-10,1.943195911735529e-06,0.0
2458,lbfgs,1.0,1.4733367606822867e-05,1.3096456314087845e-05,2.096387785588405e-10,1.636701199458912e-06,0.0,1.989910364151001,1.9899084568023682,5.992242257946145e-10,1.943195911735529e-06,0.0
2459,lbfgs,1.0,1.4733367606822867e-05,1.3096456314087845e-05,2.096387785588405e-10,1.636701199458912e-06,0.0,1.989910364151001,1.9899084568023682,5.992242257946145e-10,1.943195911735529e-06,0.0
2460,lbfgs,1.0,1.4733367606822867e-05,1.3096456314087845e-05,2.096387785588405e-10,1.636701199458912e-06,0.0,1.989910364151001,1.9899084568023682,5.992242257946145e-10,1.943195911735529e-06,0.0
2461,lbfgs,1.0,1.4733367606822867e-05,1.3096456314087845e-05,2.096387785588405e-10,1.636701199458912e-06,0.0,1.989910364151001,1.9899084568023682,5.992242257946145e-10,1.943195911735529e-06,0.0
2462,lbfgs,1.0,1.4733367606822867e-05,1.3096456314087845e-05,2.096387785588405e-10,1.636701199458912e-06,0.0,1.989910364151001,1.9899084568023682,5.992242257946145e-10,1.943195911735529e-06,0.0
2463,lbfgs,1.0,1.4733367606822867e-05,1.3096456314087845e-05,2.096387785588405e-10,1.636701199458912e-06,0.0,1.989910364151001,1.9899084568023682,5.992242257946145e-10,1.943195911735529e-06,0.0
2464,lbfgs,1.0,1.4733367606822867e-05,1.3096456314087845e-05,2.096387785588405e-10,1.636701199458912e-06,0.0,1.989910364151001,1.9899084568023682,5.992242257946145e-10,1.943195911735529e-06,0.0
2465,lbfgs,1.0,1.4733367606822867e-05,1.3096456314087845e-05,2.096387785588405e-10,1.636701199458912e-06,0.0,1.989910364151001,1.9899084568023682,5.992242257946145e-10,1.943195911735529e-06,0.0
2466,lbfgs,1.0,1.4733367606822867e-05,1.3096456314087845e-05,2.096387785588405e-10,1.636701199458912e-06,0.0,1.989910364151001,1.9899084568023682,5.992242257946145e-10,1.943195911735529e-06,0.0
2467,lbfgs,1.0,1.4733367606822867e-05,1.3096456314087845e-05,2.096387785588405e-10,1.636701199458912e-06,0.0,1.989910364151001,1.9899084568023682,5.992242257946145e-10,1.943195911735529e-06,0.0
2468,lbfgs,1.0,1.4733367606822867e-05,1.3096456314087845e-05,2.096387785588405e-10,1.636701199458912e-06,0.0,1.989910364151001,1.9899084568023682,5.992242257946145e-10,1.943195911735529e-06,0.0
2469,lbfgs,1.0,1.4733367606822867e-05,1.3096456314087845e-05,2.096387785588405e-10,1.636701199458912e-06,0.0,1.989910364151001,1.9899084568023682,5.992242257946145e-10,1.943195911735529e-06,0.0
2470,lbfgs,1.0,1.4733367606822867e-05,1.3096456314087845e-05,2.096387785588405e-10,1.636701199458912e-06,0.0,1.989910364151001,1.9899084568023682,5.992242257946145e-10,1.943195911735529e-06,0.0
2471,lbfgs,1.0,1.4733367606822867e-05,1.3096456314087845e-05,2.096387785588405e-10,1.636701199458912e-06,0.0,1.989910364151001,1.9899084568023682,5.992242257946145e-10,1.943195911735529e-06,0.0
2472,lbfgs,1.0,1.4733367606822867e-05,1.3096456314087845e-05,2.096387785588405e-10,1.636701199458912e-06,0.0,1.989910364151001,1.9899084568023682,5.992242257946145e-10,1.943195911735529e-06,0.0
2473,lbfgs,1.0,1.4733367606822867e-05,1.3096456314087845e-05,2.096387785588405e-10,1.636701199458912e-06,0.0,1.989910364151001,1.9899084568023682,5.992242257946145e-10,1.943195911735529e-06,0.0
2474,lbfgs,1.0,1.4733367606822867e-05,1.3096456314087845e-05,2.096387785588405e-10,1.636701199458912e-06,0.0,1.989910364151001,1.9899084568023682,5.992242257946145e-10,1.943195911735529e-06,0.0
2475,lbfgs,1.0,1.4733367606822867e-05,1.3096456314087845e-05,2.096387785588405e-10,1.636701199458912e-06,0.0,1.989910364151001,1.9899084568023682,5.992242257946145e-10,1.943195911735529e-06,0.0
2476,lbfgs,1.0,1.4733367606822867e-05,1.3096456314087845e-05,2.096387785588405e-10,1.636701199458912e-06,0.0,1.989910364151001,1.9899084568023682,5.992242257946145e-10,1.943195911735529e-06,0.0
2477,lbfgs,1.0,1.4733367606822867e-05,1.3096456314087845e-05,2.096387785588405e-10,1.636701199458912e-06,0.0,1.989910364151001,1.9899084568023682,5.992242257946145e-10,1.943195911735529e-06,0.0
2478,lbfgs,1.0,1.4733367606822867e-05,1.3096456314087845e-05,2.096387785588405e-10,1.636701199458912e-06,0.0,1.989910364151001,1.9899084568023682,5.992242257946145e-10,1.943195911735529e-06,0.0
2479,lbfgs,1.0,1.4733367606822867e-05,1.3096456314087845e-05,2.096387785588405e-10,1.636701199458912e-06,0.0,1.989910364151001,1.9899084568023682,5.992242257946145e-10,1.943195911735529e-06,0.0
2480,lbfgs,1.0,1.4733367606822867e-05,1.3096456314087845e-05,2.096387785588405e-10,1.636701199458912e-06,0.0,1.989910364151001,1.9899084568023682,5.992242257946145e-10,1.943195911735529e-06,0.0
2481,lbfgs,1.0,1.4733367606822867e-05,1.3096456314087845e-05,2.096387785588405e-10,1.636701199458912e-06,0.0,1.989910364151001,1.9899084568023682,5.992242257946145e-10,1.943195911735529e-06,0.0
2482,lbfgs,1.0,1.4733367606822867e-05,1.3096456314087845e-05,2.096387785588405e-10,1.636701199458912e-06,0.0,1.989910364151001,1.9899084568023682,5.992242257946145e-10,1.943195911735529e-06,0.0
2483,lbfgs,1.0,1.4733367606822867e-05,1.3096456314087845e-05,2.096387785588405e-10,1.636701199458912e-06,0.0,1.989910364151001,1.9899084568023682,5.992242257946145e-10,1.943195911735529e-06,0.0
2484,lbfgs,1.0,1.4733367606822867e-05,1.3096456314087845e-05,2.096387785588405e-10,1.636701199458912e-06,0.0,1.989910364151001,1.9899084568023682,5.992242257946145e-10,1.943195911735529e-06,0.0
2485,lbfgs,1.0,1.4733367606822867e-05,1.3096456314087845e-05,2.096387785588405e-10,1.636701199458912e-06,0.0,1.989910364151001,1.9899084568023682,5.992242257946145e-10,1.943195911735529e-06,0.0
2486,lbfgs,1.0,1.4733367606822867e-05,1.3096456314087845e-05,2.096387785588405e-10,1.636701199458912e-06,0.0,1.989910364151001,1.9899084568023682,5.992242257946145e-10,1.943195911735529e-06,0.0
2487,lbfgs,1.0,1.4733367606822867e-05,1.3096456314087845e-05,2.096387785588405e-10,1.636701199458912e-06,0.0,1.989910364151001,1.9899084568023682,5.992242257946145e-10,1.943195911735529e-06,0.0
2488,lbfgs,1.0,1.4733367606822867e-05,1.3096456314087845e-05,2.096387785588405e-10,1.636701199458912e-06,0.0,1.989910364151001,1.9899084568023682,5.992242257946145e-10,1.943195911735529e-06,0.0
2489,lbfgs,1.0,1.4733367606822867e-05,1.3096456314087845e-05,2.096387785588405e-10,1.636701199458912e-06,0.0,1.989910364151001,1.9899084568023682,5.992242257946145e-10,1.943195911735529e-06,0.0
2490,lbfgs,1.0,1.4733367606822867e-05,1.3096456314087845e-05,2.096387785588405e-10,1.636701199458912e-06,0.0,1.989910364151001,1.9899084568023682,5.992242257946145e-10,1.943195911735529e-06,0.0
2491,lbfgs,1.0,1.4733367606822867e-05,1.3096456314087845e-05,2.096387785588405e-10,1.636701199458912e-06,0.0,1.989910364151001,1.9899084568023682,5.992242257946145e-10,1.943195911735529e-06,0.0
2492,lbfgs,1.0,1.4733367606822867e-05,1.3096456314087845e-05,2.096387785588405e-10,1.636701199458912e-06,0.0,1.989910364151001,1.9899084568023682,5.992242257946145e-10,1.943195911735529e-06,0.0
2493,lbfgs,1.0,1.4733367606822867e-05,1.3096456314087845e-05,2.096387785588405e-10,1.636701199458912e-06,0.0,1.989910364151001,1.9899084568023682,5.992242257946145e-10,1.943195911735529e-06,0.0
2494,lbfgs,1.0,1.4733367606822867e-05,1.3096456314087845e-05,2.096387785588405e-10,1.636701199458912e-06,0.0,1.989910364151001,1.9899084568023682,5.992242257946145e-10,1.943195911735529e-06,0.0
2495,lbfgs,1.0,1.4733367606822867e-05,1.3096456314087845e-05,2.096387785588405e-10,1.636701199458912e-06,0.0,1.989910364151001,1.9899084568023682,5.992242257946145e-10,1.943195911735529e-06,0.0
2496,lbfgs,1.0,1.4733367606822867e-05,1.3096456314087845e-05,2.096387785588405e-10,1.636701199458912e-06,0.0,1.989910364151001,1.9899084568023682,5.992242257946145e-10,1.943195911735529e-06,0.0
2497,lbfgs,1.0,1.4733367606822867e-05,1.3096456314087845e-05,2.096387785588405e-10,1.636701199458912e-06,0.0,1.989910364151001,1.9899084568023682,5.992242257946145e-10,1.943195911735529e-06,0.0
2498,lbfgs,1.0,1.4733367606822867e-05,1.3096456314087845e-05,2.096387785588405e-10,1.636701199458912e-06,0.0,1.989910364151001,1.9899084568023682,5.992242257946145e-10,1.943195911735529e-06,0.0
2499,lbfgs,1.0,1.4733367606822867e-05,1.3096456314087845e-05,2.096387785588405e-10,1.636701199458912e-06,0.0,1.989910364151001,1.9899084568023682,5.992242257946145e-10,1.943195911735529e-06,0.0
2500,lbfgs,1.0,1.4733367606822867e-05,1.3096456314087845e-05,2.096387785588405e-10,1.636701199458912e-06,0.0,1.989910364151001,1.9899084568023682,5.992242257946145e-10,1.943195911735529e-06,0.0
2501,lbfgs,1.0,1.4733367606822867e-05,1.3096456314087845e-05,2.096387785588405e-10,1.636701199458912e-06,0.0,1.989910364151001,1.9899084568023682,5.992242257946145e-10,1.943195911735529e-06,0.0
2502,lbfgs,1.0,1.4733367606822867e-05,1.3096456314087845e-05,2.096387785588405e-10,1.636701199458912e-06,0.0,1.989910364151001,1.9899084568023682,5.992242257946145e-10,1.943195911735529e-06,0.0
2503,lbfgs,1.0,1.4733367606822867e-05,1.3096456314087845e-05,2.096387785588405e-10,1.636701199458912e-06,0.0,1.989910364151001,1.9899084568023682,5.992242257946145e-10,1.943195911735529e-06,0.0
2504,lbfgs,1.0,1.4733367606822867e-05,1.3096456314087845e-05,2.096387785588405e-10,1.636701199458912e-06,0.0,1.989910364151001,1.9899084568023682,5.992242257946145e-10,1.943195911735529e-06,0.0
2505,lbfgs,1.0,1.4733367606822867e-05,1.3096456314087845e-05,2.096387785588405e-10,1.636701199458912e-06,0.0,1.989910364151001,1.9899084568023682,5.992242257946145e-10,1.943195911735529e-06,0.0
2506,lbfgs,1.0,1.4733367606822867e-05,1.3096456314087845e-05,2.096387785588405e-10,1.636701199458912e-06,0.0,1.989910364151001,1.9899084568023682,5.992242257946145e-10,1.943195911735529e-06,0.0
2507,lbfgs,1.0,1.4733367606822867e-05,1.3096456314087845e-05,2.096387785588405e-10,1.636701199458912e-06,0.0,1.989910364151001,1.9899084568023682,5.992242257946145e-10,1.943195911735529e-06,0.0
2508,lbfgs,1.0,1.4733367606822867e-05,1.3096456314087845e-05,2.096387785588405e-10,1.636701199458912e-06,0.0,1.989910364151001,1.9899084568023682,5.992242257946145e-10,1.943195911735529e-06,0.0
2509,lbfgs,1.0,1.4733367606822867e-05,1.3096456314087845e-05,2.096387785588405e-10,1.636701199458912e-06,0.0,1.989910364151001,1.9899084568023682,5.992242257946145e-10,1.943195911735529e-06,0.0
2510,lbfgs,1.0,1.4733367606822867e-05,1.3096456314087845e-05,2.096387785588405e-10,1.636701199458912e-06,0.0,1.989910364151001,1.9899084568023682,5.992242257946145e-10,1.943195911735529e-06,0.0
2511,lbfgs,1.0,1.4733367606822867e-05,1.3096456314087845e-05,2.096387785588405e-10,1.636701199458912e-06,0.0,1.989910364151001,1.9899084568023682,5.992242257946145e-10,1.943195911735529e-06,0.0
2512,lbfgs,1.0,1.4733367606822867e-05,1.3096456314087845e-05,2.096387785588405e-10,1.636701199458912e-06,0.0,1.989910364151001,1.9899084568023682,5.992242257946145e-10,1.943195911735529e-06,0.0
2513,lbfgs,1.0,1.4733367606822867e-05,1.3096456314087845e-05,2.096387785588405e-10,1.636701199458912e-06,0.0,1.989910364151001,1.9899084568023682,5.992242257946145e-10,1.943195911735529e-06,0.0
2514,lbfgs,1.0,1.4733367606822867e-05,1.3096456314087845e-05,2.096387785588405e-10,1.636701199458912e-06,0.0,1.989910364151001,1.9899084568023682,5.992242257946145e-10,1.943195911735529e-06,0.0
2515,lbfgs,1.0,1.4733367606822867e-05,1.3096456314087845e-05,2.096387785588405e-10,1.636701199458912e-06,0.0,1.989910364151001,1.9899084568023682,5.992242257946145e-10,1.943195911735529e-06,0.0
2516,lbfgs,1.0,1.4733367606822867e-05,1.3096456314087845e-05,2.096387785588405e-10,1.636701199458912e-06,0.0,1.989910364151001,1.9899084568023682,5.992242257946145e-10,1.943195911735529e-06,0.0
2517,lbfgs,1.0,1.4733367606822867e-05,1.3096456314087845e-05,2.096387785588405e-10,1.636701199458912e-06,0.0,1.989910364151001,1.9899084568023682,5.992242257946145e-10,1.943195911735529e-06,0.0
2518,lbfgs,1.0,1.4733367606822867e-05,1.3096456314087845e-05,2.096387785588405e-10,1.636701199458912e-06,0.0,1.989910364151001,1.9899084568023682,5.992242257946145e-10,1.943195911735529e-06,0.0
2519,lbfgs,1.0,1.4733367606822867e-05,1.3096456314087845e-05,2.096387785588405e-10,1.636701199458912e-06,0.0,1.989910364151001,1.9899084568023682,5.992242257946145e-10,1.943195911735529e-06,0.0
2520,lbfgs,1.0,1.4733367606822867e-05,1.3096456314087845e-05,2.096387785588405e-10,1.636701199458912e-06,0.0,1.989910364151001,1.9899084568023682,5.992242257946145e-10,1.943195911735529e-06,0.0
2521,lbfgs,1.0,1.4733367606822867e-05,1.3096456314087845e-05,2.096387785588405e-10,1.636701199458912e-06,0.0,1.989910364151001,1.9899084568023682,5.992242257946145e-10,1.943195911735529e-06,0.0
2522,lbfgs,1.0,1.4733367606822867e-05,1.3096456314087845e-05,2.096387785588405e-10,1.636701199458912e-06,0.0,1.989910364151001,1.9899084568023682,5.992242257946145e-10,1.943195911735529e-06,0.0
2523,lbfgs,1.0,1.4733367606822867e-05,1.3096456314087845e-05,2.096387785588405e-10,1.636701199458912e-06,0.0,1.989910364151001,1.9899084568023682,5.992242257946145e-10,1.943195911735529e-06,0.0
2524,lbfgs,1.0,1.4733367606822867e-05,1.3096456314087845e-05,2.096387785588405e-10,1.636701199458912e-06,0.0,1.989910364151001,1.9899084568023682,5.992242257946145e-10,1.943195911735529e-06,0.0
2525,lbfgs,1.0,1.4733367606822867e-05,1.3096456314087845e-05,2.096387785588405e-10,1.636701199458912e-06,0.0,1.989910364151001,1.9899084568023682,5.992242257946145e-10,1.943195911735529e-06,0.0
2526,lbfgs,1.0,1.4733367606822867e-05,1.3096456314087845e-05,2.096387785588405e-10,1.636701199458912e-06,0.0,1.989910364151001,1.9899084568023682,5.992242257946145e-10,1.943195911735529e-06,0.0
2527,lbfgs,1.0,1.4733367606822867e-05,1.3096456314087845e-05,2.096387785588405e-10,1.636701199458912e-06,0.0,1.989910364151001,1.9899084568023682,5.992242257946145e-10,1.943195911735529e-06,0.0
2528,lbfgs,1.0,1.4733367606822867e-05,1.3096456314087845e-05,2.096387785588405e-10,1.636701199458912e-06,0.0,1.989910364151001,1.9899084568023682,5.992242257946145e-10,1.943195911735529e-06,0.0
2529,lbfgs,1.0,1.4733367606822867e-05,1.3096456314087845e-05,2.096387785588405e-10,1.636701199458912e-06,0.0,1.989910364151001,1.9899084568023682,5.992242257946145e-10,1.943195911735529e-06,0.0
2530,lbfgs,1.0,1.4733367606822867e-05,1.3096456314087845e-05,2.096387785588405e-10,1.636701199458912e-06,0.0,1.989910364151001,1.9899084568023682,5.992242257946145e-10,1.943195911735529e-06,0.0
2531,lbfgs,1.0,1.4733367606822867e-05,1.3096456314087845e-05,2.096387785588405e-10,1.636701199458912e-06,0.0,1.989910364151001,1.9899084568023682,5.992242257946145e-10,1.943195911735529e-06,0.0
2532,lbfgs,1.0,1.4733367606822867e-05,1.3096456314087845e-05,2.096387785588405e-10,1.636701199458912e-06,0.0,1.989910364151001,1.9899084568023682,5.992242257946145e-10,1.943195911735529e-06,0.0
2533,lbfgs,1.0,1.4733367606822867e-05,1.3096456314087845e-05,2.096387785588405e-10,1.636701199458912e-06,0.0,1.989910364151001,1.9899084568023682,5.992242257946145e-10,1.943195911735529e-06,0.0
2534,lbfgs,1.0,1.4733367606822867e-05,1.3096456314087845e-05,2.096387785588405e-10,1.636701199458912e-06,0.0,1.989910364151001,1.9899084568023682,5.992242257946145e-10,1.943195911735529e-06,0.0
2535,lbfgs,1.0,1.4733367606822867e-05,1.3096456314087845e-05,2.096387785588405e-10,1.636701199458912e-06,0.0,1.989910364151001,1.9899084568023682,5.992242257946145e-10,1.943195911735529e-06,0.0
2536,lbfgs,1.0,1.4733367606822867e-05,1.3096456314087845e-05,2.096387785588405e-10,1.636701199458912e-06,0.0,1.989910364151001,1.9899084568023682,5.992242257946145e-10,1.943195911735529e-06,0.0
2537,lbfgs,1.0,1.4733367606822867e-05,1.3096456314087845e-05,2.096387785588405e-10,1.636701199458912e-06,0.0,1.989910364151001,1.9899084568023682,5.992242257946145e-10,1.943195911735529e-06,0.0
2538,lbfgs,1.0,1.4733367606822867e-05,1.3096456314087845e-05,2.096387785588405e-10,1.636701199458912e-06,0.0,1.989910364151001,1.9899084568023682,5.992242257946145e-10,1.943195911735529e-06,0.0
2539,lbfgs,1.0,1.4733367606822867e-05,1.3096456314087845e-05,2.096387785588405e-10,1.636701199458912e-06,0.0,1.989910364151001,1.9899084568023682,5.992242257946145e-10,1.943195911735529e-06,0.0
2540,lbfgs,1.0,1.4733367606822867e-05,1.3096456314087845e-05,2.096387785588405e-10,1.636701199458912e-06,0.0,1.989910364151001,1.9899084568023682,5.992242257946145e-10,1.943195911735529e-06,0.0
2541,lbfgs,1.0,1.4733367606822867e-05,1.3096456314087845e-05,2.096387785588405e-10,1.636701199458912e-06,0.0,1.989910364151001,1.9899084568023682,5.992242257946145e-10,1.943195911735529e-06,0.0
2542,lbfgs,1.0,1.4733367606822867e-05,1.3096456314087845e-05,2.096387785588405e-10,1.636701199458912e-06,0.0,1.989910364151001,1.9899084568023682,5.992242257946145e-10,1.943195911735529e-06,0.0
2543,lbfgs,1.0,1.4733367606822867e-05,1.3096456314087845e-05,2.096387785588405e-10,1.636701199458912e-06,0.0,1.989910364151001,1.9899084568023682,5.992242257946145e-10,1.943195911735529e-06,0.0
2544,lbfgs,1.0,1.4733367606822867e-05,1.3096456314087845e-05,2.096387785588405e-10,1.636701199458912e-06,0.0,1.989910364151001,1.9899084568023682,5.992242257946145e-10,1.943195911735529e-06,0.0
2545,lbfgs,1.0,1.4733367606822867e-05,1.3096456314087845e-05,2.096387785588405e-10,1.636701199458912e-06,0.0,1.989910364151001,1.9899084568023682,5.992242257946145e-10,1.943195911735529e-06,0.0
2546,lbfgs,1.0,1.4733367606822867e-05,1.3096456314087845e-05,2.096387785588405e-10,1.636701199458912e-06,0.0,1.989910364151001,1.9899084568023682,5.992242257946145e-10,1.943195911735529e-06,0.0
2547,lbfgs,1.0,1.4733367606822867e-05,1.3096456314087845e-05,2.096387785588405e-10,1.636701199458912e-06,0.0,1.989910364151001,1.9899084568023682,5.992242257946145e-10,1.943195911735529e-06,0.0
2548,lbfgs,1.0,1.4733367606822867e-05,1.3096456314087845e-05,2.096387785588405e-10,1.636701199458912e-06,0.0,1.989910364151001,1.9899084568023682,5.992242257946145e-10,1.943195911735529e-06,0.0
2549,lbfgs,1.0,1.4733367606822867e-05,1.3096456314087845e-05,2.096387785588405e-10,1.636701199458912e-06,0.0,1.989910364151001,1.9899084568023682,5.992242257946145e-10,1.943195911735529e-06,0.0
2550,lbfgs,1.0,1.4733367606822867e-05,1.3096456314087845e-05,2.096387785588405e-10,1.636701199458912e-06,0.0,1.989910364151001,1.9899084568023682,5.992242257946145e-10,1.943195911735529e-06,0.0
2551,lbfgs,1.0,1.4733367606822867e-05,1.3096456314087845e-05,2.096387785588405e-10,1.636701199458912e-06,0.0,1.989910364151001,1.9899084568023682,5.992242257946145e-10,1.943195911735529e-06,0.0
2552,lbfgs,1.0,1.4733367606822867e-05,1.3096456314087845e-05,2.096387785588405e-10,1.636701199458912e-06,0.0,1.989910364151001,1.9899084568023682,5.992242257946145e-10,1.943195911735529e-06,0.0
2553,lbfgs,1.0,1.4733367606822867e-05,1.3096456314087845e-05,2.096387785588405e-10,1.636701199458912e-06,0.0,1.989910364151001,1.9899084568023682,5.992242257946145e-10,1.943195911735529e-06,0.0
2554,lbfgs,1.0,1.4733367606822867e-05,1.3096456314087845e-05,2.096387785588405e-10,1.636701199458912e-06,0.0,1.989910364151001,1.9899084568023682,5.992242257946145e-10,1.943195911735529e-06,0.0
2555,lbfgs,1.0,1.4733367606822867e-05,1.3096456314087845e-05,2.096387785588405e-10,1.636701199458912e-06,0.0,1.989910364151001,1.9899084568023682,5.992242257946145e-10,1.943195911735529e-06,0.0
2556,lbfgs,1.0,1.4733367606822867e-05,1.3096456314087845e-05,2.096387785588405e-10,1.636701199458912e-06,0.0,1.989910364151001,1.9899084568023682,5.992242257946145e-10,1.943195911735529e-06,0.0
2557,lbfgs,1.0,1.4733367606822867e-05,1.3096456314087845e-05,2.096387785588405e-10,1.636701199458912e-06,0.0,1.989910364151001,1.9899084568023682,5.992242257946145e-10,1.943195911735529e-06,0.0
2558,lbfgs,1.0,1.4733367606822867e-05,1.3096456314087845e-05,2.096387785588405e-10,1.636701199458912e-06,0.0,1.989910364151001,1.9899084568023682,5.992242257946145e-10,1.943195911735529e-06,0.0
2559,lbfgs,1.0,1.4733367606822867e-05,1.3096456314087845e-05,2.096387785588405e-10,1.636701199458912e-06,0.0,1.989910364151001,1.9899084568023682,5.992242257946145e-10,1.943195911735529e-06,0.0
2560,lbfgs,1.0,1.4733367606822867e-05,1.3096456314087845e-05,2.096387785588405e-10,1.636701199458912e-06,0.0,1.989910364151001,1.9899084568023682,5.992242257946145e-10,1.943195911735529e-06,0.0
2561,lbfgs,1.0,1.4733367606822867e-05,1.3096456314087845e-05,2.096387785588405e-10,1.636701199458912e-06,0.0,1.989910364151001,1.9899084568023682,5.992242257946145e-10,1.943195911735529e-06,0.0
2562,lbfgs,1.0,1.4733367606822867e-05,1.3096456314087845e-05,2.096387785588405e-10,1.636701199458912e-06,0.0,1.989910364151001,1.9899084568023682,5.992242257946145e-10,1.943195911735529e-06,0.0
2563,lbfgs,1.0,1.4733367606822867e-05,1.3096456314087845e-05,2.096387785588405e-10,1.636701199458912e-06,0.0,1.989910364151001,1.9899084568023682,5.992242257946145e-10,1.943195911735529e-06,0.0
2564,lbfgs,1.0,1.4733367606822867e-05,1.3096456314087845e-05,2.096387785588405e-10,1.636701199458912e-06,0.0,1.989910364151001,1.9899084568023682,5.992242257946145e-10,1.943195911735529e-06,0.0
2565,lbfgs,1.0,1.4733367606822867e-05,1.3096456314087845e-05,2.096387785588405e-10,1.636701199458912e-06,0.0,1.989910364151001,1.9899084568023682,5.992242257946145e-10,1.943195911735529e-06,0.0
2566,lbfgs,1.0,1.4733367606822867e-05,1.3096456314087845e-05,2.096387785588405e-10,1.636701199458912e-06,0.0,1.989910364151001,1.9899084568023682,5.992242257946145e-10,1.943195911735529e-06,0.0
2567,lbfgs,1.0,1.4733367606822867e-05,1.3096456314087845e-05,2.096387785588405e-10,1.636701199458912e-06,0.0,1.989910364151001,1.9899084568023682,5.992242257946145e-10,1.943195911735529e-06,0.0
2568,lbfgs,1.0,1.4733367606822867e-05,1.3096456314087845e-05,2.096387785588405e-10,1.636701199458912e-06,0.0,1.989910364151001,1.9899084568023682,5.992242257946145e-10,1.943195911735529e-06,0.0
2569,lbfgs,1.0,1.4733367606822867e-05,1.3096456314087845e-05,2.096387785588405e-10,1.636701199458912e-06,0.0,1.989910364151001,1.9899084568023682,5.992242257946145e-10,1.943195911735529e-06,0.0
2570,lbfgs,1.0,1.4733367606822867e-05,1.3096456314087845e-05,2.096387785588405e-10,1.636701199458912e-06,0.0,1.989910364151001,1.9899084568023682,5.992242257946145e-10,1.943195911735529e-06,0.0
2571,lbfgs,1.0,1.4733367606822867e-05,1.3096456314087845e-05,2.096387785588405e-10,1.636701199458912e-06,0.0,1.989910364151001,1.9899084568023682,5.992242257946145e-10,1.943195911735529e-06,0.0
2572,lbfgs,1.0,1.4733367606822867e-05,1.3096456314087845e-05,2.096387785588405e-10,1.636701199458912e-06,0.0,1.989910364151001,1.9899084568023682,5.992242257946145e-10,1.943195911735529e-06,0.0
2573,lbfgs,1.0,1.4733367606822867e-05,1.3096456314087845e-05,2.096387785588405e-10,1.636701199458912e-06,0.0,1.989910364151001,1.9899084568023682,5.992242257946145e-10,1.943195911735529e-06,0.0
2574,lbfgs,1.0,1.4733367606822867e-05,1.3096456314087845e-05,2.096387785588405e-10,1.636701199458912e-06,0.0,1.989910364151001,1.9899084568023682,5.992242257946145e-10,1.943195911735529e-06,0.0
2575,lbfgs,1.0,1.4733367606822867e-05,1.3096456314087845e-05,2.096387785588405e-10,1.636701199458912e-06,0.0,1.989910364151001,1.9899084568023682,5.992242257946145e-10,1.943195911735529e-06,0.0
2576,lbfgs,1.0,1.4733367606822867e-05,1.3096456314087845e-05,2.096387785588405e-10,1.636701199458912e-06,0.0,1.989910364151001,1.9899084568023682,5.992242257946145e-10,1.943195911735529e-06,0.0
2577,lbfgs,1.0,1.4733367606822867e-05,1.3096456314087845e-05,2.096387785588405e-10,1.636701199458912e-06,0.0,1.989910364151001,1.9899084568023682,5.992242257946145e-10,1.943195911735529e-06,0.0
2578,lbfgs,1.0,1.4733367606822867e-05,1.3096456314087845e-05,2.096387785588405e-10,1.636701199458912e-06,0.0,1.989910364151001,1.9899084568023682,5.992242257946145e-10,1.943195911735529e-06,0.0
2579,lbfgs,1.0,1.4733367606822867e-05,1.3096456314087845e-05,2.096387785588405e-10,1.636701199458912e-06,0.0,1.989910364151001,1.9899084568023682,5.992242257946145e-10,1.943195911735529e-06,0.0
2580,lbfgs,1.0,1.4733367606822867e-05,1.3096456314087845e-05,2.096387785588405e-10,1.636701199458912e-06,0.0,1.989910364151001,1.9899084568023682,5.992242257946145e-10,1.943195911735529e-06,0.0
2581,lbfgs,1.0,1.4733367606822867e-05,1.3096456314087845e-05,2.096387785588405e-10,1.636701199458912e-06,0.0,1.989910364151001,1.9899084568023682,5.992242257946145e-10,1.943195911735529e-06,0.0
2582,lbfgs,1.0,1.4733367606822867e-05,1.3096456314087845e-05,2.096387785588405e-10,1.636701199458912e-06,0.0,1.989910364151001,1.9899084568023682,5.992242257946145e-10,1.943195911735529e-06,0.0
2583,lbfgs,1.0,1.4733367606822867e-05,1.3096456314087845e-05,2.096387785588405e-10,1.636701199458912e-06,0.0,1.989910364151001,1.9899084568023682,5.992242257946145e-10,1.943195911735529e-06,0.0
2584,lbfgs,1.0,1.4733367606822867e-05,1.3096456314087845e-05,2.096387785588405e-10,1.636701199458912e-06,0.0,1.989910364151001,1.9899084568023682,5.992242257946145e-10,1.943195911735529e-06,0.0
2585,lbfgs,1.0,1.4733367606822867e-05,1.3096456314087845e-05,2.096387785588405e-10,1.636701199458912e-06,0.0,1.989910364151001,1.9899084568023682,5.992242257946145e-10,1.943195911735529e-06,0.0
2586,lbfgs,1.0,1.4733367606822867e-05,1.3096456314087845e-05,2.096387785588405e-10,1.636701199458912e-06,0.0,1.989910364151001,1.9899084568023682,5.992242257946145e-10,1.943195911735529e-06,0.0
2587,lbfgs,1.0,1.4733367606822867e-05,1.3096456314087845e-05,2.096387785588405e-10,1.636701199458912e-06,0.0,1.989910364151001,1.9899084568023682,5.992242257946145e-10,1.943195911735529e-06,0.0
2588,lbfgs,1.0,1.4733367606822867e-05,1.3096456314087845e-05,2.096387785588405e-10,1.636701199458912e-06,0.0,1.989910364151001,1.9899084568023682,5.992242257946145e-10,1.943195911735529e-06,0.0
2589,lbfgs,1.0,1.4733367606822867e-05,1.3096456314087845e-05,2.096387785588405e-10,1.636701199458912e-06,0.0,1.989910364151001,1.9899084568023682,5.992242257946145e-10,1.943195911735529e-06,0.0
2590,lbfgs,1.0,1.4733367606822867e-05,1.3096456314087845e-05,2.096387785588405e-10,1.636701199458912e-06,0.0,1.989910364151001,1.9899084568023682,5.992242257946145e-10,1.943195911735529e-06,0.0
2591,lbfgs,1.0,1.4733367606822867e-05,1.3096456314087845e-05,2.096387785588405e-10,1.636701199458912e-06,0.0,1.989910364151001,1.9899084568023682,5.992242257946145e-10,1.943195911735529e-06,0.0
2592,lbfgs,1.0,1.4733367606822867e-05,1.3096456314087845e-05,2.096387785588405e-10,1.636701199458912e-06,0.0,1.989910364151001,1.9899084568023682,5.992242257946145e-10,1.943195911735529e-06,0.0
2593,lbfgs,1.0,1.4733367606822867e-05,1.3096456314087845e-05,2.096387785588405e-10,1.636701199458912e-06,0.0,1.989910364151001,1.9899084568023682,5.992242257946145e-10,1.943195911735529e-06,0.0
2594,lbfgs,1.0,1.4733367606822867e-05,1.3096456314087845e-05,2.096387785588405e-10,1.636701199458912e-06,0.0,1.989910364151001,1.9899084568023682,5.992242257946145e-10,1.943195911735529e-06,0.0
2595,lbfgs,1.0,1.4733367606822867e-05,1.3096456314087845e-05,2.096387785588405e-10,1.636701199458912e-06,0.0,1.989910364151001,1.9899084568023682,5.992242257946145e-10,1.943195911735529e-06,0.0
2596,lbfgs,1.0,1.4733367606822867e-05,1.3096456314087845e-05,2.096387785588405e-10,1.636701199458912e-06,0.0,1.989910364151001,1.9899084568023682,5.992242257946145e-10,1.943195911735529e-06,0.0
2597,lbfgs,1.0,1.4733367606822867e-05,1.3096456314087845e-05,2.096387785588405e-10,1.636701199458912e-06,0.0,1.989910364151001,1.9899084568023682,5.992242257946145e-10,1.943195911735529e-06,0.0
2598,lbfgs,1.0,1.4733367606822867e-05,1.3096456314087845e-05,2.096387785588405e-10,1.636701199458912e-06,0.0,1.989910364151001,1.9899084568023682,5.992242257946145e-10,1.943195911735529e-06,0.0
2599,lbfgs,1.0,1.4733367606822867e-05,1.3096456314087845e-05,2.096387785588405e-10,1.636701199458912e-06,0.0,1.989910364151001,1.9899084568023682,5.992242257946145e-10,1.943195911735529e-06,0.0
2600,lbfgs,1.0,1.4733367606822867e-05,1.3096456314087845e-05,2.096387785588405e-10,1.636701199458912e-06,0.0,1.989910364151001,1.9899084568023682,5.992242257946145e-10,1.943195911735529e-06,0.0
2601,lbfgs,1.0,1.4733367606822867e-05,1.3096456314087845e-05,2.096387785588405e-10,1.636701199458912e-06,0.0,1.989910364151001,1.9899084568023682,5.992242257946145e-10,1.943195911735529e-06,0.0
2602,lbfgs,1.0,1.4733367606822867e-05,1.3096456314087845e-05,2.096387785588405e-10,1.636701199458912e-06,0.0,1.989910364151001,1.9899084568023682,5.992242257946145e-10,1.943195911735529e-06,0.0
2603,lbfgs,1.0,1.4733367606822867e-05,1.3096456314087845e-05,2.096387785588405e-10,1.636701199458912e-06,0.0,1.989910364151001,1.9899084568023682,5.992242257946145e-10,1.943195911735529e-06,0.0
2604,lbfgs,1.0,1.4733367606822867e-05,1.3096456314087845e-05,2.096387785588405e-10,1.636701199458912e-06,0.0,1.989910364151001,1.9899084568023682,5.992242257946145e-10,1.943195911735529e-06,0.0
2605,lbfgs,1.0,1.4733367606822867e-05,1.3096456314087845e-05,2.096387785588405e-10,1.636701199458912e-06,0.0,1.989910364151001,1.9899084568023682,5.992242257946145e-10,1.943195911735529e-06,0.0
2606,lbfgs,1.0,1.4733367606822867e-05,1.3096456314087845e-05,2.096387785588405e-10,1.636701199458912e-06,0.0,1.989910364151001,1.9899084568023682,5.992242257946145e-10,1.943195911735529e-06,0.0
2607,lbfgs,1.0,1.4733367606822867e-05,1.3096456314087845e-05,2.096387785588405e-10,1.636701199458912e-06,0.0,1.989910364151001,1.9899084568023682,5.992242257946145e-10,1.943195911735529e-06,0.0
2608,lbfgs,1.0,1.4733367606822867e-05,1.3096456314087845e-05,2.096387785588405e-10,1.636701199458912e-06,0.0,1.989910364151001,1.9899084568023682,5.992242257946145e-10,1.943195911735529e-06,0.0
2609,lbfgs,1.0,1.4733367606822867e-05,1.3096456314087845e-05,2.096387785588405e-10,1.636701199458912e-06,0.0,1.989910364151001,1.9899084568023682,5.992242257946145e-10,1.943195911735529e-06,0.0
2610,lbfgs,1.0,1.4733367606822867e-05,1.3096456314087845e-05,2.096387785588405e-10,1.636701199458912e-06,0.0,1.989910364151001,1.9899084568023682,5.992242257946145e-10,1.943195911735529e-06,0.0
2611,lbfgs,1.0,1.4733367606822867e-05,1.3096456314087845e-05,2.096387785588405e-10,1.636701199458912e-06,0.0,1.989910364151001,1.9899084568023682,5.992242257946145e-10,1.943195911735529e-06,0.0
2612,lbfgs,1.0,1.4733367606822867e-05,1.3096456314087845e-05,2.096387785588405e-10,1.636701199458912e-06,0.0,1.989910364151001,1.9899084568023682,5.992242257946145e-10,1.943195911735529e-06,0.0
2613,lbfgs,1.0,1.4733367606822867e-05,1.3096456314087845e-05,2.096387785588405e-10,1.636701199458912e-06,0.0,1.989910364151001,1.9899084568023682,5.992242257946145e-10,1.943195911735529e-06,0.0
2614,lbfgs,1.0,1.4733367606822867e-05,1.3096456314087845e-05,2.096387785588405e-10,1.636701199458912e-06,0.0,1.989910364151001,1.9899084568023682,5.992242257946145e-10,1.943195911735529e-06,0.0
2615,lbfgs,1.0,1.4733367606822867e-05,1.3096456314087845e-05,2.096387785588405e-10,1.636701199458912e-06,0.0,1.989910364151001,1.9899084568023682,5.992242257946145e-10,1.943195911735529e-06,0.0
2616,lbfgs,1.0,1.4733367606822867e-05,1.3096456314087845e-05,2.096387785588405e-10,1.636701199458912e-06,0.0,1.989910364151001,1.9899084568023682,5.992242257946145e-10,1.943195911735529e-06,0.0
2617,lbfgs,1.0,1.4733367606822867e-05,1.3096456314087845e-05,2.096387785588405e-10,1.636701199458912e-06,0.0,1.989910364151001,1.9899084568023682,5.992242257946145e-10,1.943195911735529e-06,0.0
2618,lbfgs,1.0,1.4733367606822867e-05,1.3096456314087845e-05,2.096387785588405e-10,1.636701199458912e-06,0.0,1.989910364151001,1.9899084568023682,5.992242257946145e-10,1.943195911735529e-06,0.0
2619,lbfgs,1.0,1.4733367606822867e-05,1.3096456314087845e-05,2.096387785588405e-10,1.636701199458912e-06,0.0,1.989910364151001,1.9899084568023682,5.992242257946145e-10,1.943195911735529e-06,0.0
2620,lbfgs,1.0,1.4733367606822867e-05,1.3096456314087845e-05,2.096387785588405e-10,1.636701199458912e-06,0.0,1.989910364151001,1.9899084568023682,5.992242257946145e-10,1.943195911735529e-06,0.0
2621,lbfgs,1.0,1.4733367606822867e-05,1.3096456314087845e-05,2.096387785588405e-10,1.636701199458912e-06,0.0,1.989910364151001,1.9899084568023682,5.992242257946145e-10,1.943195911735529e-06,0.0
2622,lbfgs,1.0,1.4733367606822867e-05,1.3096456314087845e-05,2.096387785588405e-10,1.636701199458912e-06,0.0,1.989910364151001,1.9899084568023682,5.992242257946145e-10,1.943195911735529e-06,0.0
2623,lbfgs,1.0,1.4733367606822867e-05,1.3096456314087845e-05,2.096387785588405e-10,1.636701199458912e-06,0.0,1.989910364151001,1.9899084568023682,5.992242257946145e-10,1.943195911735529e-06,0.0
2624,lbfgs,1.0,1.4733367606822867e-05,1.3096456314087845e-05,2.096387785588405e-10,1.636701199458912e-06,0.0,1.989910364151001,1.9899084568023682,5.992242257946145e-10,1.943195911735529e-06,0.0
2625,lbfgs,1.0,1.4733367606822867e-05,1.3096456314087845e-05,2.096387785588405e-10,1.636701199458912e-06,0.0,1.989910364151001,1.9899084568023682,5.992242257946145e-10,1.943195911735529e-06,0.0
2626,lbfgs,1.0,1.4733367606822867e-05,1.3096456314087845e-05,2.096387785588405e-10,1.636701199458912e-06,0.0,1.989910364151001,1.9899084568023682,5.992242257946145e-10,1.943195911735529e-06,0.0
2627,lbfgs,1.0,1.4733367606822867e-05,1.3096456314087845e-05,2.096387785588405e-10,1.636701199458912e-06,0.0,1.989910364151001,1.9899084568023682,5.992242257946145e-10,1.943195911735529e-06,0.0
2628,lbfgs,1.0,1.4733367606822867e-05,1.3096456314087845e-05,2.096387785588405e-10,1.636701199458912e-06,0.0,1.989910364151001,1.9899084568023682,5.992242257946145e-10,1.943195911735529e-06,0.0
2629,lbfgs,1.0,1.4733367606822867e-05,1.3096456314087845e-05,2.096387785588405e-10,1.636701199458912e-06,0.0,1.989910364151001,1.9899084568023682,5.992242257946145e-10,1.943195911735529e-06,0.0
2630,lbfgs,1.0,1.4733367606822867e-05,1.3096456314087845e-05,2.096387785588405e-10,1.636701199458912e-06,0.0,1.989910364151001,1.9899084568023682,5.992242257946145e-10,1.943195911735529e-06,0.0
2631,lbfgs,1.0,1.4733367606822867e-05,1.3096456314087845e-05,2.096387785588405e-10,1.636701199458912e-06,0.0,1.989910364151001,1.9899084568023682,5.992242257946145e-10,1.943195911735529e-06,0.0
2632,lbfgs,1.0,1.4733367606822867e-05,1.3096456314087845e-05,2.096387785588405e-10,1.636701199458912e-06,0.0,1.989910364151001,1.9899084568023682,5.992242257946145e-10,1.943195911735529e-06,0.0
2633,lbfgs,1.0,1.4733367606822867e-05,1.3096456314087845e-05,2.096387785588405e-10,1.636701199458912e-06,0.0,1.989910364151001,1.9899084568023682,5.992242257946145e-10,1.943195911735529e-06,0.0
2634,lbfgs,1.0,1.4733367606822867e-05,1.3096456314087845e-05,2.096387785588405e-10,1.636701199458912e-06,0.0,1.989910364151001,1.9899084568023682,5.992242257946145e-10,1.943195911735529e-06,0.0
2635,lbfgs,1.0,1.4733367606822867e-05,1.3096456314087845e-05,2.096387785588405e-10,1.636701199458912e-06,0.0,1.989910364151001,1.9899084568023682,5.992242257946145e-10,1.943195911735529e-06,0.0
2636,lbfgs,1.0,1.4733367606822867e-05,1.3096456314087845e-05,2.096387785588405e-10,1.636701199458912e-06,0.0,1.989910364151001,1.9899084568023682,5.992242257946145e-10,1.943195911735529e-06,0.0
2637,lbfgs,1.0,1.4733367606822867e-05,1.3096456314087845e-05,2.096387785588405e-10,1.636701199458912e-06,0.0,1.989910364151001,1.9899084568023682,5.992242257946145e-10,1.943195911735529e-06,0.0
2638,lbfgs,1.0,1.4733367606822867e-05,1.3096456314087845e-05,2.096387785588405e-10,1.636701199458912e-06,0.0,1.989910364151001,1.9899084568023682,5.992242257946145e-10,1.943195911735529e-06,0.0
2639,lbfgs,1.0,1.4733367606822867e-05,1.3096456314087845e-05,2.096387785588405e-10,1.636701199458912e-06,0.0,1.989910364151001,1.9899084568023682,5.992242257946145e-10,1.943195911735529e-06,0.0
2640,lbfgs,1.0,1.4733367606822867e-05,1.3096456314087845e-05,2.096387785588405e-10,1.636701199458912e-06,0.0,1.989910364151001,1.9899084568023682,5.992242257946145e-10,1.943195911735529e-06,0.0
2641,lbfgs,1.0,1.4733367606822867e-05,1.3096456314087845e-05,2.096387785588405e-10,1.636701199458912e-06,0.0,1.989910364151001,1.9899084568023682,5.992242257946145e-10,1.943195911735529e-06,0.0
2642,lbfgs,1.0,1.4733367606822867e-05,1.3096456314087845e-05,2.096387785588405e-10,1.636701199458912e-06,0.0,1.989910364151001,1.9899084568023682,5.992242257946145e-10,1.943195911735529e-06,0.0
2643,lbfgs,1.0,1.4733367606822867e-05,1.3096456314087845e-05,2.096387785588405e-10,1.636701199458912e-06,0.0,1.989910364151001,1.9899084568023682,5.992242257946145e-10,1.943195911735529e-06,0.0
2644,lbfgs,1.0,1.4733367606822867e-05,1.3096456314087845e-05,2.096387785588405e-10,1.636701199458912e-06,0.0,1.989910364151001,1.9899084568023682,5.992242257946145e-10,1.943195911735529e-06,0.0
2645,lbfgs,1.0,1.4733367606822867e-05,1.3096456314087845e-05,2.096387785588405e-10,1.636701199458912e-06,0.0,1.989910364151001,1.9899084568023682,5.992242257946145e-10,1.943195911735529e-06,0.0
2646,lbfgs,1.0,1.4733367606822867e-05,1.3096456314087845e-05,2.096387785588405e-10,1.636701199458912e-06,0.0,1.989910364151001,1.9899084568023682,5.992242257946145e-10,1.943195911735529e-06,0.0
2647,lbfgs,1.0,1.4733367606822867e-05,1.3096456314087845e-05,2.096387785588405e-10,1.636701199458912e-06,0.0,1.989910364151001,1.9899084568023682,5.992242257946145e-10,1.943195911735529e-06,0.0
2648,lbfgs,1.0,1.4733367606822867e-05,1.3096456314087845e-05,2.096387785588405e-10,1.636701199458912e-06,0.0,1.989910364151001,1.9899084568023682,5.992242257946145e-10,1.943195911735529e-06,0.0
2649,lbfgs,1.0,1.4733367606822867e-05,1.3096456314087845e-05,2.096387785588405e-10,1.636701199458912e-06,0.0,1.989910364151001,1.9899084568023682,5.992242257946145e-10,1.943195911735529e-06,0.0
2650,lbfgs,1.0,1.4733367606822867e-05,1.3096456314087845e-05,2.096387785588405e-10,1.636701199458912e-06,0.0,1.989910364151001,1.9899084568023682,5.992242257946145e-10,1.943195911735529e-06,0.0
2651,lbfgs,1.0,1.4733367606822867e-05,1.3096456314087845e-05,2.096387785588405e-10,1.636701199458912e-06,0.0,1.989910364151001,1.9899084568023682,5.992242257946145e-10,1.943195911735529e-06,0.0
2652,lbfgs,1.0,1.4733367606822867e-05,1.3096456314087845e-05,2.096387785588405e-10,1.636701199458912e-06,0.0,1.989910364151001,1.9899084568023682,5.992242257946145e-10,1.943195911735529e-06,0.0
2653,lbfgs,1.0,1.4733367606822867e-05,1.3096456314087845e-05,2.096387785588405e-10,1.636701199458912e-06,0.0,1.989910364151001,1.9899084568023682,5.992242257946145e-10,1.943195911735529e-06,0.0
2654,lbfgs,1.0,1.4733367606822867e-05,1.3096456314087845e-05,2.096387785588405e-10,1.636701199458912e-06,0.0,1.989910364151001,1.9899084568023682,5.992242257946145e-10,1.943195911735529e-06,0.0
2655,lbfgs,1.0,1.4733367606822867e-05,1.3096456314087845e-05,2.096387785588405e-10,1.636701199458912e-06,0.0,1.989910364151001,1.9899084568023682,5.992242257946145e-10,1.943195911735529e-06,0.0
2656,lbfgs,1.0,1.4733367606822867e-05,1.3096456314087845e-05,2.096387785588405e-10,1.636701199458912e-06,0.0,1.989910364151001,1.9899084568023682,5.992242257946145e-10,1.943195911735529e-06,0.0
2657,lbfgs,1.0,1.4733367606822867e-05,1.3096456314087845e-05,2.096387785588405e-10,1.636701199458912e-06,0.0,1.989910364151001,1.9899084568023682,5.992242257946145e-10,1.943195911735529e-06,0.0
2658,lbfgs,1.0,1.4733367606822867e-05,1.3096456314087845e-05,2.096387785588405e-10,1.636701199458912e-06,0.0,1.989910364151001,1.9899084568023682,5.992242257946145e-10,1.943195911735529e-06,0.0
2659,lbfgs,1.0,1.4733367606822867e-05,1.3096456314087845e-05,2.096387785588405e-10,1.636701199458912e-06,0.0,1.989910364151001,1.9899084568023682,5.992242257946145e-10,1.943195911735529e-06,0.0
2660,lbfgs,1.0,1.4733367606822867e-05,1.3096456314087845e-05,2.096387785588405e-10,1.636701199458912e-06,0.0,1.989910364151001,1.9899084568023682,5.992242257946145e-10,1.943195911735529e-06,0.0
2661,lbfgs,1.0,1.4733367606822867e-05,1.3096456314087845e-05,2.096387785588405e-10,1.636701199458912e-06,0.0,1.989910364151001,1.9899084568023682,5.992242257946145e-10,1.943195911735529e-06,0.0
2662,lbfgs,1.0,1.4733367606822867e-05,1.3096456314087845e-05,2.096387785588405e-10,1.636701199458912e-06,0.0,1.989910364151001,1.9899084568023682,5.992242257946145e-10,1.943195911735529e-06,0.0
2663,lbfgs,1.0,1.4733367606822867e-05,1.3096456314087845e-05,2.096387785588405e-10,1.636701199458912e-06,0.0,1.989910364151001,1.9899084568023682,5.992242257946145e-10,1.943195911735529e-06,0.0
2664,lbfgs,1.0,1.4733367606822867e-05,1.3096456314087845e-05,2.096387785588405e-10,1.636701199458912e-06,0.0,1.989910364151001,1.9899084568023682,5.992242257946145e-10,1.943195911735529e-06,0.0
2665,lbfgs,1.0,1.4733367606822867e-05,1.3096456314087845e-05,2.096387785588405e-10,1.636701199458912e-06,0.0,1.989910364151001,1.9899084568023682,5.992242257946145e-10,1.943195911735529e-06,0.0
2666,lbfgs,1.0,1.4733367606822867e-05,1.3096456314087845e-05,2.096387785588405e-10,1.636701199458912e-06,0.0,1.989910364151001,1.9899084568023682,5.992242257946145e-10,1.943195911735529e-06,0.0
2667,lbfgs,1.0,1.4733367606822867e-05,1.3096456314087845e-05,2.096387785588405e-10,1.636701199458912e-06,0.0,1.989910364151001,1.9899084568023682,5.992242257946145e-10,1.943195911735529e-06,0.0
2668,lbfgs,1.0,1.4733367606822867e-05,1.3096456314087845e-05,2.096387785588405e-10,1.636701199458912e-06,0.0,1.989910364151001,1.9899084568023682,5.992242257946145e-10,1.943195911735529e-06,0.0
2669,lbfgs,1.0,1.4733367606822867e-05,1.3096456314087845e-05,2.096387785588405e-10,1.636701199458912e-06,0.0,1.989910364151001,1.9899084568023682,5.992242257946145e-10,1.943195911735529e-06,0.0
2670,lbfgs,1.0,1.4733367606822867e-05,1.3096456314087845e-05,2.096387785588405e-10,1.636701199458912e-06,0.0,1.989910364151001,1.9899084568023682,5.992242257946145e-10,1.943195911735529e-06,0.0
2671,lbfgs,1.0,1.4733367606822867e-05,1.3096456314087845e-05,2.096387785588405e-10,1.636701199458912e-06,0.0,1.989910364151001,1.9899084568023682,5.992242257946145e-10,1.943195911735529e-06,0.0
2672,lbfgs,1.0,1.4733367606822867e-05,1.3096456314087845e-05,2.096387785588405e-10,1.636701199458912e-06,0.0,1.989910364151001,1.9899084568023682,5.992242257946145e-10,1.943195911735529e-06,0.0
2673,lbfgs,1.0,1.4733367606822867e-05,1.3096456314087845e-05,2.096387785588405e-10,1.636701199458912e-06,0.0,1.989910364151001,1.9899084568023682,5.992242257946145e-10,1.943195911735529e-06,0.0
2674,lbfgs,1.0,1.4733367606822867e-05,1.3096456314087845e-05,2.096387785588405e-10,1.636701199458912e-06,0.0,1.989910364151001,1.9899084568023682,5.992242257946145e-10,1.943195911735529e-06,0.0
2675,lbfgs,1.0,1.4733367606822867e-05,1.3096456314087845e-05,2.096387785588405e-10,1.636701199458912e-06,0.0,1.989910364151001,1.9899084568023682,5.992242257946145e-10,1.943195911735529e-06,0.0
2676,lbfgs,1.0,1.4733367606822867e-05,1.3096456314087845e-05,2.096387785588405e-10,1.636701199458912e-06,0.0,1.989910364151001,1.9899084568023682,5.992242257946145e-10,1.943195911735529e-06,0.0
2677,lbfgs,1.0,1.4733367606822867e-05,1.3096456314087845e-05,2.096387785588405e-10,1.636701199458912e-06,0.0,1.989910364151001,1.9899084568023682,5.992242257946145e-10,1.943195911735529e-06,0.0
2678,lbfgs,1.0,1.4733367606822867e-05,1.3096456314087845e-05,2.096387785588405e-10,1.636701199458912e-06,0.0,1.989910364151001,1.9899084568023682,5.992242257946145e-10,1.943195911735529e-06,0.0
2679,lbfgs,1.0,1.4733367606822867e-05,1.3096456314087845e-05,2.096387785588405e-10,1.636701199458912e-06,0.0,1.989910364151001,1.9899084568023682,5.992242257946145e-10,1.943195911735529e-06,0.0
2680,lbfgs,1.0,1.4733367606822867e-05,1.3096456314087845e-05,2.096387785588405e-10,1.636701199458912e-06,0.0,1.989910364151001,1.9899084568023682,5.992242257946145e-10,1.943195911735529e-06,0.0
2681,lbfgs,1.0,1.4733367606822867e-05,1.3096456314087845e-05,2.096387785588405e-10,1.636701199458912e-06,0.0,1.989910364151001,1.9899084568023682,5.992242257946145e-10,1.943195911735529e-06,0.0
2682,lbfgs,1.0,1.4733367606822867e-05,1.3096456314087845e-05,2.096387785588405e-10,1.636701199458912e-06,0.0,1.989910364151001,1.9899084568023682,5.992242257946145e-10,1.943195911735529e-06,0.0
2683,lbfgs,1.0,1.4733367606822867e-05,1.3096456314087845e-05,2.096387785588405e-10,1.636701199458912e-06,0.0,1.989910364151001,1.9899084568023682,5.992242257946145e-10,1.943195911735529e-06,0.0
2684,lbfgs,1.0,1.4733367606822867e-05,1.3096456314087845e-05,2.096387785588405e-10,1.636701199458912e-06,0.0,1.989910364151001,1.9899084568023682,5.992242257946145e-10,1.943195911735529e-06,0.0
2685,lbfgs,1.0,1.4733367606822867e-05,1.3096456314087845e-05,2.096387785588405e-10,1.636701199458912e-06,0.0,1.989910364151001,1.9899084568023682,5.992242257946145e-10,1.943195911735529e-06,0.0
2686,lbfgs,1.0,1.4733367606822867e-05,1.3096456314087845e-05,2.096387785588405e-10,1.636701199458912e-06,0.0,1.989910364151001,1.9899084568023682,5.992242257946145e-10,1.943195911735529e-06,0.0
2687,lbfgs,1.0,1.4733367606822867e-05,1.3096456314087845e-05,2.096387785588405e-10,1.636701199458912e-06,0.0,1.989910364151001,1.9899084568023682,5.992242257946145e-10,1.943195911735529e-06,0.0
2688,lbfgs,1.0,1.4733367606822867e-05,1.3096456314087845e-05,2.096387785588405e-10,1.636701199458912e-06,0.0,1.989910364151001,1.9899084568023682,5.992242257946145e-10,1.943195911735529e-06,0.0
2689,lbfgs,1.0,1.4733367606822867e-05,1.3096456314087845e-05,2.096387785588405e-10,1.636701199458912e-06,0.0,1.989910364151001,1.9899084568023682,5.992242257946145e-10,1.943195911735529e-06,0.0
2690,lbfgs,1.0,1.4733367606822867e-05,1.3096456314087845e-05,2.096387785588405e-10,1.636701199458912e-06,0.0,1.989910364151001,1.9899084568023682,5.992242257946145e-10,1.943195911735529e-06,0.0
2691,lbfgs,1.0,1.4733367606822867e-05,1.3096456314087845e-05,2.096387785588405e-10,1.636701199458912e-06,0.0,1.989910364151001,1.9899084568023682,5.992242257946145e-10,1.943195911735529e-06,0.0
2692,lbfgs,1.0,1.4733367606822867e-05,1.3096456314087845e-05,2.096387785588405e-10,1.636701199458912e-06,0.0,1.989910364151001,1.9899084568023682,5.992242257946145e-10,1.943195911735529e-06,0.0
2693,lbfgs,1.0,1.4733367606822867e-05,1.3096456314087845e-05,2.096387785588405e-10,1.636701199458912e-06,0.0,1.989910364151001,1.9899084568023682,5.992242257946145e-10,1.943195911735529e-06,0.0
2694,lbfgs,1.0,1.4733367606822867e-05,1.3096456314087845e-05,2.096387785588405e-10,1.636701199458912e-06,0.0,1.989910364151001,1.9899084568023682,5.992242257946145e-10,1.943195911735529e-06,0.0
2695,lbfgs,1.0,1.4733367606822867e-05,1.3096456314087845e-05,2.096387785588405e-10,1.636701199458912e-06,0.0,1.989910364151001,1.9899084568023682,5.992242257946145e-10,1.943195911735529e-06,0.0
2696,lbfgs,1.0,1.4733367606822867e-05,1.3096456314087845e-05,2.096387785588405e-10,1.636701199458912e-06,0.0,1.989910364151001,1.9899084568023682,5.992242257946145e-10,1.943195911735529e-06,0.0
2697,lbfgs,1.0,1.4733367606822867e-05,1.3096456314087845e-05,2.096387785588405e-10,1.636701199458912e-06,0.0,1.989910364151001,1.9899084568023682,5.992242257946145e-10,1.943195911735529e-06,0.0
2698,lbfgs,1.0,1.4733367606822867e-05,1.3096456314087845e-05,2.096387785588405e-10,1.636701199458912e-06,0.0,1.989910364151001,1.9899084568023682,5.992242257946145e-10,1.943195911735529e-06,0.0
2699,lbfgs,1.0,1.4733367606822867e-05,1.3096456314087845e-05,2.096387785588405e-10,1.636701199458912e-06,0.0,1.989910364151001,1.9899084568023682,5.992242257946145e-10,1.943195911735529e-06,0.0
2700,lbfgs,1.0,1.4733367606822867e-05,1.3096456314087845e-05,2.096387785588405e-10,1.636701199458912e-06,0.0,1.989910364151001,1.9899084568023682,5.992242257946145e-10,1.943195911735529e-06,0.0
2701,lbfgs,1.0,1.4733367606822867e-05,1.3096456314087845e-05,2.096387785588405e-10,1.636701199458912e-06,0.0,1.989910364151001,1.9899084568023682,5.992242257946145e-10,1.943195911735529e-06,0.0
2702,lbfgs,1.0,1.4733367606822867e-05,1.3096456314087845e-05,2.096387785588405e-10,1.636701199458912e-06,0.0,1.989910364151001,1.9899084568023682,5.992242257946145e-10,1.943195911735529e-06,0.0
2703,lbfgs,1.0,1.4733367606822867e-05,1.3096456314087845e-05,2.096387785588405e-10,1.636701199458912e-06,0.0,1.989910364151001,1.9899084568023682,5.992242257946145e-10,1.943195911735529e-06,0.0
2704,lbfgs,1.0,1.4733367606822867e-05,1.3096456314087845e-05,2.096387785588405e-10,1.636701199458912e-06,0.0,1.989910364151001,1.9899084568023682,5.992242257946145e-10,1.943195911735529e-06,0.0
2705,lbfgs,1.0,1.4733367606822867e-05,1.3096456314087845e-05,2.096387785588405e-10,1.636701199458912e-06,0.0,1.989910364151001,1.9899084568023682,5.992242257946145e-10,1.943195911735529e-06,0.0
2706,lbfgs,1.0,1.4733367606822867e-05,1.3096456314087845e-05,2.096387785588405e-10,1.636701199458912e-06,0.0,1.989910364151001,1.9899084568023682,5.992242257946145e-10,1.943195911735529e-06,0.0
2707,lbfgs,1.0,1.4733367606822867e-05,1.3096456314087845e-05,2.096387785588405e-10,1.636701199458912e-06,0.0,1.989910364151001,1.9899084568023682,5.992242257946145e-10,1.943195911735529e-06,0.0
2708,lbfgs,1.0,1.4733367606822867e-05,1.3096456314087845e-05,2.096387785588405e-10,1.636701199458912e-06,0.0,1.989910364151001,1.9899084568023682,5.992242257946145e-10,1.943195911735529e-06,0.0
2709,lbfgs,1.0,1.4733367606822867e-05,1.3096456314087845e-05,2.096387785588405e-10,1.636701199458912e-06,0.0,1.989910364151001,1.9899084568023682,5.992242257946145e-10,1.943195911735529e-06,0.0
2710,lbfgs,1.0,1.4733367606822867e-05,1.3096456314087845e-05,2.096387785588405e-10,1.636701199458912e-06,0.0,1.989910364151001,1.9899084568023682,5.992242257946145e-10,1.943195911735529e-06,0.0
2711,lbfgs,1.0,1.4733367606822867e-05,1.3096456314087845e-05,2.096387785588405e-10,1.636701199458912e-06,0.0,1.989910364151001,1.9899084568023682,5.992242257946145e-10,1.943195911735529e-06,0.0
2712,lbfgs,1.0,1.4733367606822867e-05,1.3096456314087845e-05,2.096387785588405e-10,1.636701199458912e-06,0.0,1.989910364151001,1.9899084568023682,5.992242257946145e-10,1.943195911735529e-06,0.0
2713,lbfgs,1.0,1.4733367606822867e-05,1.3096456314087845e-05,2.096387785588405e-10,1.636701199458912e-06,0.0,1.989910364151001,1.9899084568023682,5.992242257946145e-10,1.943195911735529e-06,0.0
2714,lbfgs,1.0,1.4733367606822867e-05,1.3096456314087845e-05,2.096387785588405e-10,1.636701199458912e-06,0.0,1.989910364151001,1.9899084568023682,5.992242257946145e-10,1.943195911735529e-06,0.0
2715,lbfgs,1.0,1.4733367606822867e-05,1.3096456314087845e-05,2.096387785588405e-10,1.636701199458912e-06,0.0,1.989910364151001,1.9899084568023682,5.992242257946145e-10,1.943195911735529e-06,0.0
2716,lbfgs,1.0,1.4733367606822867e-05,1.3096456314087845e-05,2.096387785588405e-10,1.636701199458912e-06,0.0,1.989910364151001,1.9899084568023682,5.992242257946145e-10,1.943195911735529e-06,0.0
2717,lbfgs,1.0,1.4733367606822867e-05,1.3096456314087845e-05,2.096387785588405e-10,1.636701199458912e-06,0.0,1.989910364151001,1.9899084568023682,5.992242257946145e-10,1.943195911735529e-06,0.0
2718,lbfgs,1.0,1.4733367606822867e-05,1.3096456314087845e-05,2.096387785588405e-10,1.636701199458912e-06,0.0,1.989910364151001,1.9899084568023682,5.992242257946145e-10,1.943195911735529e-06,0.0
2719,lbfgs,1.0,1.4733367606822867e-05,1.3096456314087845e-05,2.096387785588405e-10,1.636701199458912e-06,0.0,1.989910364151001,1.9899084568023682,5.992242257946145e-10,1.943195911735529e-06,0.0
2720,lbfgs,1.0,1.4733367606822867e-05,1.3096456314087845e-05,2.096387785588405e-10,1.636701199458912e-06,0.0,1.989910364151001,1.9899084568023682,5.992242257946145e-10,1.943195911735529e-06,0.0
2721,lbfgs,1.0,1.4733367606822867e-05,1.3096456314087845e-05,2.096387785588405e-10,1.636701199458912e-06,0.0,1.989910364151001,1.9899084568023682,5.992242257946145e-10,1.943195911735529e-06,0.0
2722,lbfgs,1.0,1.4733367606822867e-05,1.3096456314087845e-05,2.096387785588405e-10,1.636701199458912e-06,0.0,1.989910364151001,1.9899084568023682,5.992242257946145e-10,1.943195911735529e-06,0.0
2723,lbfgs,1.0,1.4733367606822867e-05,1.3096456314087845e-05,2.096387785588405e-10,1.636701199458912e-06,0.0,1.989910364151001,1.9899084568023682,5.992242257946145e-10,1.943195911735529e-06,0.0
2724,lbfgs,1.0,1.4733367606822867e-05,1.3096456314087845e-05,2.096387785588405e-10,1.636701199458912e-06,0.0,1.989910364151001,1.9899084568023682,5.992242257946145e-10,1.943195911735529e-06,0.0
2725,lbfgs,1.0,1.4733367606822867e-05,1.3096456314087845e-05,2.096387785588405e-10,1.636701199458912e-06,0.0,1.989910364151001,1.9899084568023682,5.992242257946145e-10,1.943195911735529e-06,0.0
2726,lbfgs,1.0,1.4733367606822867e-05,1.3096456314087845e-05,2.096387785588405e-10,1.636701199458912e-06,0.0,1.989910364151001,1.9899084568023682,5.992242257946145e-10,1.943195911735529e-06,0.0
2727,lbfgs,1.0,1.4733367606822867e-05,1.3096456314087845e-05,2.096387785588405e-10,1.636701199458912e-06,0.0,1.989910364151001,1.9899084568023682,5.992242257946145e-10,1.943195911735529e-06,0.0
2728,lbfgs,1.0,1.4733367606822867e-05,1.3096456314087845e-05,2.096387785588405e-10,1.636701199458912e-06,0.0,1.989910364151001,1.9899084568023682,5.992242257946145e-10,1.943195911735529e-06,0.0
2729,lbfgs,1.0,1.4733367606822867e-05,1.3096456314087845e-05,2.096387785588405e-10,1.636701199458912e-06,0.0,1.989910364151001,1.9899084568023682,5.992242257946145e-10,1.943195911735529e-06,0.0
2730,lbfgs,1.0,1.4733367606822867e-05,1.3096456314087845e-05,2.096387785588405e-10,1.636701199458912e-06,0.0,1.989910364151001,1.9899084568023682,5.992242257946145e-10,1.943195911735529e-06,0.0
2731,lbfgs,1.0,1.4733367606822867e-05,1.3096456314087845e-05,2.096387785588405e-10,1.636701199458912e-06,0.0,1.989910364151001,1.9899084568023682,5.992242257946145e-10,1.943195911735529e-06,0.0
2732,lbfgs,1.0,1.4733367606822867e-05,1.3096456314087845e-05,2.096387785588405e-10,1.636701199458912e-06,0.0,1.989910364151001,1.9899084568023682,5.992242257946145e-10,1.943195911735529e-06,0.0
2733,lbfgs,1.0,1.4733367606822867e-05,1.3096456314087845e-05,2.096387785588405e-10,1.636701199458912e-06,0.0,1.989910364151001,1.9899084568023682,5.992242257946145e-10,1.943195911735529e-06,0.0
2734,lbfgs,1.0,1.4733367606822867e-05,1.3096456314087845e-05,2.096387785588405e-10,1.636701199458912e-06,0.0,1.989910364151001,1.9899084568023682,5.992242257946145e-10,1.943195911735529e-06,0.0
2735,lbfgs,1.0,1.4733367606822867e-05,1.3096456314087845e-05,2.096387785588405e-10,1.636701199458912e-06,0.0,1.989910364151001,1.9899084568023682,5.992242257946145e-10,1.943195911735529e-06,0.0
2736,lbfgs,1.0,1.4733367606822867e-05,1.3096456314087845e-05,2.096387785588405e-10,1.636701199458912e-06,0.0,1.989910364151001,1.9899084568023682,5.992242257946145e-10,1.943195911735529e-06,0.0
2737,lbfgs,1.0,1.4733367606822867e-05,1.3096456314087845e-05,2.096387785588405e-10,1.636701199458912e-06,0.0,1.989910364151001,1.9899084568023682,5.992242257946145e-10,1.943195911735529e-06,0.0
2738,lbfgs,1.0,1.4733367606822867e-05,1.3096456314087845e-05,2.096387785588405e-10,1.636701199458912e-06,0.0,1.989910364151001,1.9899084568023682,5.992242257946145e-10,1.943195911735529e-06,0.0
2739,lbfgs,1.0,1.4733367606822867e-05,1.3096456314087845e-05,2.096387785588405e-10,1.636701199458912e-06,0.0,1.989910364151001,1.9899084568023682,5.992242257946145e-10,1.943195911735529e-06,0.0
2740,lbfgs,1.0,1.4733367606822867e-05,1.3096456314087845e-05,2.096387785588405e-10,1.636701199458912e-06,0.0,1.989910364151001,1.9899084568023682,5.992242257946145e-10,1.943195911735529e-06,0.0
2741,lbfgs,1.0,1.4733367606822867e-05,1.3096456314087845e-05,2.096387785588405e-10,1.636701199458912e-06,0.0,1.989910364151001,1.9899084568023682,5.992242257946145e-10,1.943195911735529e-06,0.0
2742,lbfgs,1.0,1.4733367606822867e-05,1.3096456314087845e-05,2.096387785588405e-10,1.636701199458912e-06,0.0,1.989910364151001,1.9899084568023682,5.992242257946145e-10,1.943195911735529e-06,0.0
2743,lbfgs,1.0,1.4733367606822867e-05,1.3096456314087845e-05,2.096387785588405e-10,1.636701199458912e-06,0.0,1.989910364151001,1.9899084568023682,5.992242257946145e-10,1.943195911735529e-06,0.0
2744,lbfgs,1.0,1.4733367606822867e-05,1.3096456314087845e-05,2.096387785588405e-10,1.636701199458912e-06,0.0,1.989910364151001,1.9899084568023682,5.992242257946145e-10,1.943195911735529e-06,0.0
2745,lbfgs,1.0,1.4733367606822867e-05,1.3096456314087845e-05,2.096387785588405e-10,1.636701199458912e-06,0.0,1.989910364151001,1.9899084568023682,5.992242257946145e-10,1.943195911735529e-06,0.0
2746,lbfgs,1.0,1.4733367606822867e-05,1.3096456314087845e-05,2.096387785588405e-10,1.636701199458912e-06,0.0,1.989910364151001,1.9899084568023682,5.992242257946145e-10,1.943195911735529e-06,0.0
2747,lbfgs,1.0,1.4733367606822867e-05,1.3096456314087845e-05,2.096387785588405e-10,1.636701199458912e-06,0.0,1.989910364151001,1.9899084568023682,5.992242257946145e-10,1.943195911735529e-06,0.0
2748,lbfgs,1.0,1.4733367606822867e-05,1.3096456314087845e-05,2.096387785588405e-10,1.636701199458912e-06,0.0,1.989910364151001,1.9899084568023682,5.992242257946145e-10,1.943195911735529e-06,0.0
2749,lbfgs,1.0,1.4733367606822867e-05,1.3096456314087845e-05,2.096387785588405e-10,1.636701199458912e-06,0.0,1.989910364151001,1.9899084568023682,5.992242257946145e-10,1.943195911735529e-06,0.0
2750,lbfgs,1.0,1.4733367606822867e-05,1.3096456314087845e-05,2.096387785588405e-10,1.636701199458912e-06,0.0,1.989910364151001,1.9899084568023682,5.992242257946145e-10,1.943195911735529e-06,0.0
2751,lbfgs,1.0,1.4733367606822867e-05,1.3096456314087845e-05,2.096387785588405e-10,1.636701199458912e-06,0.0,1.989910364151001,1.9899084568023682,5.992242257946145e-10,1.943195911735529e-06,0.0
2752,lbfgs,1.0,1.4733367606822867e-05,1.3096456314087845e-05,2.096387785588405e-10,1.636701199458912e-06,0.0,1.989910364151001,1.9899084568023682,5.992242257946145e-10,1.943195911735529e-06,0.0
2753,lbfgs,1.0,1.4733367606822867e-05,1.3096456314087845e-05,2.096387785588405e-10,1.636701199458912e-06,0.0,1.989910364151001,1.9899084568023682,5.992242257946145e-10,1.943195911735529e-06,0.0
2754,lbfgs,1.0,1.4733367606822867e-05,1.3096456314087845e-05,2.096387785588405e-10,1.636701199458912e-06,0.0,1.989910364151001,1.9899084568023682,5.992242257946145e-10,1.943195911735529e-06,0.0
2755,lbfgs,1.0,1.4733367606822867e-05,1.3096456314087845e-05,2.096387785588405e-10,1.636701199458912e-06,0.0,1.989910364151001,1.9899084568023682,5.992242257946145e-10,1.943195911735529e-06,0.0
2756,lbfgs,1.0,1.4733367606822867e-05,1.3096456314087845e-05,2.096387785588405e-10,1.636701199458912e-06,0.0,1.989910364151001,1.9899084568023682,5.992242257946145e-10,1.943195911735529e-06,0.0
2757,lbfgs,1.0,1.4733367606822867e-05,1.3096456314087845e-05,2.096387785588405e-10,1.636701199458912e-06,0.0,1.989910364151001,1.9899084568023682,5.992242257946145e-10,1.943195911735529e-06,0.0
2758,lbfgs,1.0,1.4733367606822867e-05,1.3096456314087845e-05,2.096387785588405e-10,1.636701199458912e-06,0.0,1.989910364151001,1.9899084568023682,5.992242257946145e-10,1.943195911735529e-06,0.0
2759,lbfgs,1.0,1.4733367606822867e-05,1.3096456314087845e-05,2.096387785588405e-10,1.636701199458912e-06,0.0,1.989910364151001,1.9899084568023682,5.992242257946145e-10,1.943195911735529e-06,0.0
2760,lbfgs,1.0,1.4733367606822867e-05,1.3096456314087845e-05,2.096387785588405e-10,1.636701199458912e-06,0.0,1.989910364151001,1.9899084568023682,5.992242257946145e-10,1.943195911735529e-06,0.0
2761,lbfgs,1.0,1.4733367606822867e-05,1.3096456314087845e-05,2.096387785588405e-10,1.636701199458912e-06,0.0,1.989910364151001,1.9899084568023682,5.992242257946145e-10,1.943195911735529e-06,0.0
2762,lbfgs,1.0,1.4733367606822867e-05,1.3096456314087845e-05,2.096387785588405e-10,1.636701199458912e-06,0.0,1.989910364151001,1.9899084568023682,5.992242257946145e-10,1.943195911735529e-06,0.0
2763,lbfgs,1.0,1.4733367606822867e-05,1.3096456314087845e-05,2.096387785588405e-10,1.636701199458912e-06,0.0,1.989910364151001,1.9899084568023682,5.992242257946145e-10,1.943195911735529e-06,0.0
2764,lbfgs,1.0,1.4733367606822867e-05,1.3096456314087845e-05,2.096387785588405e-10,1.636701199458912e-06,0.0,1.989910364151001,1.9899084568023682,5.992242257946145e-10,1.943195911735529e-06,0.0
2765,lbfgs,1.0,1.4733367606822867e-05,1.3096456314087845e-05,2.096387785588405e-10,1.636701199458912e-06,0.0,1.989910364151001,1.9899084568023682,5.992242257946145e-10,1.943195911735529e-06,0.0
2766,lbfgs,1.0,1.4733367606822867e-05,1.3096456314087845e-05,2.096387785588405e-10,1.636701199458912e-06,0.0,1.989910364151001,1.9899084568023682,5.992242257946145e-10,1.943195911735529e-06,0.0
2767,lbfgs,1.0,1.4733367606822867e-05,1.3096456314087845e-05,2.096387785588405e-10,1.636701199458912e-06,0.0,1.989910364151001,1.9899084568023682,5.992242257946145e-10,1.943195911735529e-06,0.0
2768,lbfgs,1.0,1.4733367606822867e-05,1.3096456314087845e-05,2.096387785588405e-10,1.636701199458912e-06,0.0,1.989910364151001,1.9899084568023682,5.992242257946145e-10,1.943195911735529e-06,0.0
2769,lbfgs,1.0,1.4733367606822867e-05,1.3096456314087845e-05,2.096387785588405e-10,1.636701199458912e-06,0.0,1.989910364151001,1.9899084568023682,5.992242257946145e-10,1.943195911735529e-06,0.0
2770,lbfgs,1.0,1.4733367606822867e-05,1.3096456314087845e-05,2.096387785588405e-10,1.636701199458912e-06,0.0,1.989910364151001,1.9899084568023682,5.992242257946145e-10,1.943195911735529e-06,0.0
2771,lbfgs,1.0,1.4733367606822867e-05,1.3096456314087845e-05,2.096387785588405e-10,1.636701199458912e-06,0.0,1.989910364151001,1.9899084568023682,5.992242257946145e-10,1.943195911735529e-06,0.0
2772,lbfgs,1.0,1.4733367606822867e-05,1.3096456314087845e-05,2.096387785588405e-10,1.636701199458912e-06,0.0,1.989910364151001,1.9899084568023682,5.992242257946145e-10,1.943195911735529e-06,0.0
2773,lbfgs,1.0,1.4733367606822867e-05,1.3096456314087845e-05,2.096387785588405e-10,1.636701199458912e-06,0.0,1.989910364151001,1.9899084568023682,5.992242257946145e-10,1.943195911735529e-06,0.0
2774,lbfgs,1.0,1.4733367606822867e-05,1.3096456314087845e-05,2.096387785588405e-10,1.636701199458912e-06,0.0,1.989910364151001,1.9899084568023682,5.992242257946145e-10,1.943195911735529e-06,0.0
2775,lbfgs,1.0,1.4733367606822867e-05,1.3096456314087845e-05,2.096387785588405e-10,1.636701199458912e-06,0.0,1.989910364151001,1.9899084568023682,5.992242257946145e-10,1.943195911735529e-06,0.0
2776,lbfgs,1.0,1.4733367606822867e-05,1.3096456314087845e-05,2.096387785588405e-10,1.636701199458912e-06,0.0,1.989910364151001,1.9899084568023682,5.992242257946145e-10,1.943195911735529e-06,0.0
2777,lbfgs,1.0,1.4733367606822867e-05,1.3096456314087845e-05,2.096387785588405e-10,1.636701199458912e-06,0.0,1.989910364151001,1.9899084568023682,5.992242257946145e-10,1.943195911735529e-06,0.0
2778,lbfgs,1.0,1.4733367606822867e-05,1.3096456314087845e-05,2.096387785588405e-10,1.636701199458912e-06,0.0,1.989910364151001,1.9899084568023682,5.992242257946145e-10,1.943195911735529e-06,0.0
2779,lbfgs,1.0,1.4733367606822867e-05,1.3096456314087845e-05,2.096387785588405e-10,1.636701199458912e-06,0.0,1.989910364151001,1.9899084568023682,5.992242257946145e-10,1.943195911735529e-06,0.0
2780,lbfgs,1.0,1.4733367606822867e-05,1.3096456314087845e-05,2.096387785588405e-10,1.636701199458912e-06,0.0,1.989910364151001,1.9899084568023682,5.992242257946145e-10,1.943195911735529e-06,0.0
2781,lbfgs,1.0,1.4733367606822867e-05,1.3096456314087845e-05,2.096387785588405e-10,1.636701199458912e-06,0.0,1.989910364151001,1.9899084568023682,5.992242257946145e-10,1.943195911735529e-06,0.0
2782,lbfgs,1.0,1.4733367606822867e-05,1.3096456314087845e-05,2.096387785588405e-10,1.636701199458912e-06,0.0,1.989910364151001,1.9899084568023682,5.992242257946145e-10,1.943195911735529e-06,0.0
2783,lbfgs,1.0,1.4733367606822867e-05,1.3096456314087845e-05,2.096387785588405e-10,1.636701199458912e-06,0.0,1.989910364151001,1.9899084568023682,5.992242257946145e-10,1.943195911735529e-06,0.0
2784,lbfgs,1.0,1.4733367606822867e-05,1.3096456314087845e-05,2.096387785588405e-10,1.636701199458912e-06,0.0,1.989910364151001,1.9899084568023682,5.992242257946145e-10,1.943195911735529e-06,0.0
2785,lbfgs,1.0,1.4733367606822867e-05,1.3096456314087845e-05,2.096387785588405e-10,1.636701199458912e-06,0.0,1.989910364151001,1.9899084568023682,5.992242257946145e-10,1.943195911735529e-06,0.0
2786,lbfgs,1.0,1.4733367606822867e-05,1.3096456314087845e-05,2.096387785588405e-10,1.636701199458912e-06,0.0,1.989910364151001,1.9899084568023682,5.992242257946145e-10,1.943195911735529e-06,0.0
2787,lbfgs,1.0,1.4733367606822867e-05,1.3096456314087845e-05,2.096387785588405e-10,1.636701199458912e-06,0.0,1.989910364151001,1.9899084568023682,5.992242257946145e-10,1.943195911735529e-06,0.0
2788,lbfgs,1.0,1.4733367606822867e-05,1.3096456314087845e-05,2.096387785588405e-10,1.636701199458912e-06,0.0,1.989910364151001,1.9899084568023682,5.992242257946145e-10,1.943195911735529e-06,0.0
2789,lbfgs,1.0,1.4733367606822867e-05,1.3096456314087845e-05,2.096387785588405e-10,1.636701199458912e-06,0.0,1.989910364151001,1.9899084568023682,5.992242257946145e-10,1.943195911735529e-06,0.0
2790,lbfgs,1.0,1.4733367606822867e-05,1.3096456314087845e-05,2.096387785588405e-10,1.636701199458912e-06,0.0,1.989910364151001,1.9899084568023682,5.992242257946145e-10,1.943195911735529e-06,0.0
2791,lbfgs,1.0,1.4733367606822867e-05,1.3096456314087845e-05,2.096387785588405e-10,1.636701199458912e-06,0.0,1.989910364151001,1.9899084568023682,5.992242257946145e-10,1.943195911735529e-06,0.0
2792,lbfgs,1.0,1.4733367606822867e-05,1.3096456314087845e-05,2.096387785588405e-10,1.636701199458912e-06,0.0,1.989910364151001,1.9899084568023682,5.992242257946145e-10,1.943195911735529e-06,0.0
2793,lbfgs,1.0,1.4733367606822867e-05,1.3096456314087845e-05,2.096387785588405e-10,1.636701199458912e-06,0.0,1.989910364151001,1.9899084568023682,5.992242257946145e-10,1.943195911735529e-06,0.0
2794,lbfgs,1.0,1.4733367606822867e-05,1.3096456314087845e-05,2.096387785588405e-10,1.636701199458912e-06,0.0,1.989910364151001,1.9899084568023682,5.992242257946145e-10,1.943195911735529e-06,0.0
2795,lbfgs,1.0,1.4733367606822867e-05,1.3096456314087845e-05,2.096387785588405e-10,1.636701199458912e-06,0.0,1.989910364151001,1.9899084568023682,5.992242257946145e-10,1.943195911735529e-06,0.0
2796,lbfgs,1.0,1.4733367606822867e-05,1.3096456314087845e-05,2.096387785588405e-10,1.636701199458912e-06,0.0,1.989910364151001,1.9899084568023682,5.992242257946145e-10,1.943195911735529e-06,0.0
2797,lbfgs,1.0,1.4733367606822867e-05,1.3096456314087845e-05,2.096387785588405e-10,1.636701199458912e-06,0.0,1.989910364151001,1.9899084568023682,5.992242257946145e-10,1.943195911735529e-06,0.0
2798,lbfgs,1.0,1.4733367606822867e-05,1.3096456314087845e-05,2.096387785588405e-10,1.636701199458912e-06,0.0,1.989910364151001,1.9899084568023682,5.992242257946145e-10,1.943195911735529e-06,0.0
2799,lbfgs,1.0,1.4733367606822867e-05,1.3096456314087845e-05,2.096387785588405e-10,1.636701199458912e-06,0.0,1.989910364151001,1.9899084568023682,5.992242257946145e-10,1.943195911735529e-06,0.0
2800,lbfgs,1.0,1.4733367606822867e-05,1.3096456314087845e-05,2.096387785588405e-10,1.636701199458912e-06,0.0,1.989910364151001,1.9899084568023682,5.992242257946145e-10,1.943195911735529e-06,0.0
2801,lbfgs,1.0,1.4733367606822867e-05,1.3096456314087845e-05,2.096387785588405e-10,1.636701199458912e-06,0.0,1.989910364151001,1.9899084568023682,5.992242257946145e-10,1.943195911735529e-06,0.0
2802,lbfgs,1.0,1.4733367606822867e-05,1.3096456314087845e-05,2.096387785588405e-10,1.636701199458912e-06,0.0,1.989910364151001,1.9899084568023682,5.992242257946145e-10,1.943195911735529e-06,0.0
2803,lbfgs,1.0,1.4733367606822867e-05,1.3096456314087845e-05,2.096387785588405e-10,1.636701199458912e-06,0.0,1.989910364151001,1.9899084568023682,5.992242257946145e-10,1.943195911735529e-06,0.0
2804,lbfgs,1.0,1.4733367606822867e-05,1.3096456314087845e-05,2.096387785588405e-10,1.636701199458912e-06,0.0,1.989910364151001,1.9899084568023682,5.992242257946145e-10,1.943195911735529e-06,0.0
2805,lbfgs,1.0,1.4733367606822867e-05,1.3096456314087845e-05,2.096387785588405e-10,1.636701199458912e-06,0.0,1.989910364151001,1.9899084568023682,5.992242257946145e-10,1.943195911735529e-06,0.0
2806,lbfgs,1.0,1.4733367606822867e-05,1.3096456314087845e-05,2.096387785588405e-10,1.636701199458912e-06,0.0,1.989910364151001,1.9899084568023682,5.992242257946145e-10,1.943195911735529e-06,0.0
2807,lbfgs,1.0,1.4733367606822867e-05,1.3096456314087845e-05,2.096387785588405e-10,1.636701199458912e-06,0.0,1.989910364151001,1.9899084568023682,5.992242257946145e-10,1.943195911735529e-06,0.0
2808,lbfgs,1.0,1.4733367606822867e-05,1.3096456314087845e-05,2.096387785588405e-10,1.636701199458912e-06,0.0,1.989910364151001,1.9899084568023682,5.992242257946145e-10,1.943195911735529e-06,0.0
2809,lbfgs,1.0,1.4733367606822867e-05,1.3096456314087845e-05,2.096387785588405e-10,1.636701199458912e-06,0.0,1.989910364151001,1.9899084568023682,5.992242257946145e-10,1.943195911735529e-06,0.0
2810,lbfgs,1.0,1.4733367606822867e-05,1.3096456314087845e-05,2.096387785588405e-10,1.636701199458912e-06,0.0,1.989910364151001,1.9899084568023682,5.992242257946145e-10,1.943195911735529e-06,0.0
2811,lbfgs,1.0,1.4733367606822867e-05,1.3096456314087845e-05,2.096387785588405e-10,1.636701199458912e-06,0.0,1.989910364151001,1.9899084568023682,5.992242257946145e-10,1.943195911735529e-06,0.0
2812,lbfgs,1.0,1.4733367606822867e-05,1.3096456314087845e-05,2.096387785588405e-10,1.636701199458912e-06,0.0,1.989910364151001,1.9899084568023682,5.992242257946145e-10,1.943195911735529e-06,0.0
2813,lbfgs,1.0,1.4733367606822867e-05,1.3096456314087845e-05,2.096387785588405e-10,1.636701199458912e-06,0.0,1.989910364151001,1.9899084568023682,5.992242257946145e-10,1.943195911735529e-06,0.0
2814,lbfgs,1.0,1.4733367606822867e-05,1.3096456314087845e-05,2.096387785588405e-10,1.636701199458912e-06,0.0,1.989910364151001,1.9899084568023682,5.992242257946145e-10,1.943195911735529e-06,0.0
2815,lbfgs,1.0,1.4733367606822867e-05,1.3096456314087845e-05,2.096387785588405e-10,1.636701199458912e-06,0.0,1.989910364151001,1.9899084568023682,5.992242257946145e-10,1.943195911735529e-06,0.0
2816,lbfgs,1.0,1.4733367606822867e-05,1.3096456314087845e-05,2.096387785588405e-10,1.636701199458912e-06,0.0,1.989910364151001,1.9899084568023682,5.992242257946145e-10,1.943195911735529e-06,0.0
2817,lbfgs,1.0,1.4733367606822867e-05,1.3096456314087845e-05,2.096387785588405e-10,1.636701199458912e-06,0.0,1.989910364151001,1.9899084568023682,5.992242257946145e-10,1.943195911735529e-06,0.0
2818,lbfgs,1.0,1.4733367606822867e-05,1.3096456314087845e-05,2.096387785588405e-10,1.636701199458912e-06,0.0,1.989910364151001,1.9899084568023682,5.992242257946145e-10,1.943195911735529e-06,0.0
2819,lbfgs,1.0,1.4733367606822867e-05,1.3096456314087845e-05,2.096387785588405e-10,1.636701199458912e-06,0.0,1.989910364151001,1.9899084568023682,5.992242257946145e-10,1.943195911735529e-06,0.0
2820,lbfgs,1.0,1.4733367606822867e-05,1.3096456314087845e-05,2.096387785588405e-10,1.636701199458912e-06,0.0,1.989910364151001,1.9899084568023682,5.992242257946145e-10,1.943195911735529e-06,0.0
2821,lbfgs,1.0,1.4733367606822867e-05,1.3096456314087845e-05,2.096387785588405e-10,1.636701199458912e-06,0.0,1.989910364151001,1.9899084568023682,5.992242257946145e-10,1.943195911735529e-06,0.0
2822,lbfgs,1.0,1.4733367606822867e-05,1.3096456314087845e-05,2.096387785588405e-10,1.636701199458912e-06,0.0,1.989910364151001,1.9899084568023682,5.992242257946145e-10,1.943195911735529e-06,0.0
2823,lbfgs,1.0,1.4733367606822867e-05,1.3096456314087845e-05,2.096387785588405e-10,1.636701199458912e-06,0.0,1.989910364151001,1.9899084568023682,5.992242257946145e-10,1.943195911735529e-06,0.0
2824,lbfgs,1.0,1.4733367606822867e-05,1.3096456314087845e-05,2.096387785588405e-10,1.636701199458912e-06,0.0,1.989910364151001,1.9899084568023682,5.992242257946145e-10,1.943195911735529e-06,0.0
2825,lbfgs,1.0,1.4733367606822867e-05,1.3096456314087845e-05,2.096387785588405e-10,1.636701199458912e-06,0.0,1.989910364151001,1.9899084568023682,5.992242257946145e-10,1.943195911735529e-06,0.0
2826,lbfgs,1.0,1.4733367606822867e-05,1.3096456314087845e-05,2.096387785588405e-10,1.636701199458912e-06,0.0,1.989910364151001,1.9899084568023682,5.992242257946145e-10,1.943195911735529e-06,0.0
2827,lbfgs,1.0,1.4733367606822867e-05,1.3096456314087845e-05,2.096387785588405e-10,1.636701199458912e-06,0.0,1.989910364151001,1.9899084568023682,5.992242257946145e-10,1.943195911735529e-06,0.0
2828,lbfgs,1.0,1.4733367606822867e-05,1.3096456314087845e-05,2.096387785588405e-10,1.636701199458912e-06,0.0,1.989910364151001,1.9899084568023682,5.992242257946145e-10,1.943195911735529e-06,0.0
2829,lbfgs,1.0,1.4733367606822867e-05,1.3096456314087845e-05,2.096387785588405e-10,1.636701199458912e-06,0.0,1.989910364151001,1.9899084568023682,5.992242257946145e-10,1.943195911735529e-06,0.0
2830,lbfgs,1.0,1.4733367606822867e-05,1.3096456314087845e-05,2.096387785588405e-10,1.636701199458912e-06,0.0,1.989910364151001,1.9899084568023682,5.992242257946145e-10,1.943195911735529e-06,0.0
2831,lbfgs,1.0,1.4733367606822867e-05,1.3096456314087845e-05,2.096387785588405e-10,1.636701199458912e-06,0.0,1.989910364151001,1.9899084568023682,5.992242257946145e-10,1.943195911735529e-06,0.0
2832,lbfgs,1.0,1.4733367606822867e-05,1.3096456314087845e-05,2.096387785588405e-10,1.636701199458912e-06,0.0,1.989910364151001,1.9899084568023682,5.992242257946145e-10,1.943195911735529e-06,0.0
2833,lbfgs,1.0,1.4733367606822867e-05,1.3096456314087845e-05,2.096387785588405e-10,1.636701199458912e-06,0.0,1.989910364151001,1.9899084568023682,5.992242257946145e-10,1.943195911735529e-06,0.0
2834,lbfgs,1.0,1.4733367606822867e-05,1.3096456314087845e-05,2.096387785588405e-10,1.636701199458912e-06,0.0,1.989910364151001,1.9899084568023682,5.992242257946145e-10,1.943195911735529e-06,0.0
2835,lbfgs,1.0,1.4733367606822867e-05,1.3096456314087845e-05,2.096387785588405e-10,1.636701199458912e-06,0.0,1.989910364151001,1.9899084568023682,5.992242257946145e-10,1.943195911735529e-06,0.0
2836,lbfgs,1.0,1.4733367606822867e-05,1.3096456314087845e-05,2.096387785588405e-10,1.636701199458912e-06,0.0,1.989910364151001,1.9899084568023682,5.992242257946145e-10,1.943195911735529e-06,0.0
2837,lbfgs,1.0,1.4733367606822867e-05,1.3096456314087845e-05,2.096387785588405e-10,1.636701199458912e-06,0.0,1.989910364151001,1.9899084568023682,5.992242257946145e-10,1.943195911735529e-06,0.0
2838,lbfgs,1.0,1.4733367606822867e-05,1.3096456314087845e-05,2.096387785588405e-10,1.636701199458912e-06,0.0,1.989910364151001,1.9899084568023682,5.992242257946145e-10,1.943195911735529e-06,0.0
2839,lbfgs,1.0,1.4733367606822867e-05,1.3096456314087845e-05,2.096387785588405e-10,1.636701199458912e-06,0.0,1.989910364151001,1.9899084568023682,5.992242257946145e-10,1.943195911735529e-06,0.0
2840,lbfgs,1.0,1.4733367606822867e-05,1.3096456314087845e-05,2.096387785588405e-10,1.636701199458912e-06,0.0,1.989910364151001,1.9899084568023682,5.992242257946145e-10,1.943195911735529e-06,0.0
2841,lbfgs,1.0,1.4733367606822867e-05,1.3096456314087845e-05,2.096387785588405e-10,1.636701199458912e-06,0.0,1.989910364151001,1.9899084568023682,5.992242257946145e-10,1.943195911735529e-06,0.0
2842,lbfgs,1.0,1.4733367606822867e-05,1.3096456314087845e-05,2.096387785588405e-10,1.636701199458912e-06,0.0,1.989910364151001,1.9899084568023682,5.992242257946145e-10,1.943195911735529e-06,0.0
2843,lbfgs,1.0,1.4733367606822867e-05,1.3096456314087845e-05,2.096387785588405e-10,1.636701199458912e-06,0.0,1.989910364151001,1.9899084568023682,5.992242257946145e-10,1.943195911735529e-06,0.0
2844,lbfgs,1.0,1.4733367606822867e-05,1.3096456314087845e-05,2.096387785588405e-10,1.636701199458912e-06,0.0,1.989910364151001,1.9899084568023682,5.992242257946145e-10,1.943195911735529e-06,0.0
2845,lbfgs,1.0,1.4733367606822867e-05,1.3096456314087845e-05,2.096387785588405e-10,1.636701199458912e-06,0.0,1.989910364151001,1.9899084568023682,5.992242257946145e-10,1.943195911735529e-06,0.0
2846,lbfgs,1.0,1.4733367606822867e-05,1.3096456314087845e-05,2.096387785588405e-10,1.636701199458912e-06,0.0,1.989910364151001,1.9899084568023682,5.992242257946145e-10,1.943195911735529e-06,0.0
2847,lbfgs,1.0,1.4733367606822867e-05,1.3096456314087845e-05,2.096387785588405e-10,1.636701199458912e-06,0.0,1.989910364151001,1.9899084568023682,5.992242257946145e-10,1.943195911735529e-06,0.0
2848,lbfgs,1.0,1.4733367606822867e-05,1.3096456314087845e-05,2.096387785588405e-10,1.636701199458912e-06,0.0,1.989910364151001,1.9899084568023682,5.992242257946145e-10,1.943195911735529e-06,0.0
2849,lbfgs,1.0,1.4733367606822867e-05,1.3096456314087845e-05,2.096387785588405e-10,1.636701199458912e-06,0.0,1.989910364151001,1.9899084568023682,5.992242257946145e-10,1.943195911735529e-06,0.0
2850,lbfgs,1.0,1.4733367606822867e-05,1.3096456314087845e-05,2.096387785588405e-10,1.636701199458912e-06,0.0,1.989910364151001,1.9899084568023682,5.992242257946145e-10,1.943195911735529e-06,0.0
2851,lbfgs,1.0,1.4733367606822867e-05,1.3096456314087845e-05,2.096387785588405e-10,1.636701199458912e-06,0.0,1.989910364151001,1.9899084568023682,5.992242257946145e-10,1.943195911735529e-06,0.0
2852,lbfgs,1.0,1.4733367606822867e-05,1.3096456314087845e-05,2.096387785588405e-10,1.636701199458912e-06,0.0,1.989910364151001,1.9899084568023682,5.992242257946145e-10,1.943195911735529e-06,0.0
2853,lbfgs,1.0,1.4733367606822867e-05,1.3096456314087845e-05,2.096387785588405e-10,1.636701199458912e-06,0.0,1.989910364151001,1.9899084568023682,5.992242257946145e-10,1.943195911735529e-06,0.0
2854,lbfgs,1.0,1.4733367606822867e-05,1.3096456314087845e-05,2.096387785588405e-10,1.636701199458912e-06,0.0,1.989910364151001,1.9899084568023682,5.992242257946145e-10,1.943195911735529e-06,0.0
2855,lbfgs,1.0,1.4733367606822867e-05,1.3096456314087845e-05,2.096387785588405e-10,1.636701199458912e-06,0.0,1.989910364151001,1.9899084568023682,5.992242257946145e-10,1.943195911735529e-06,0.0
2856,lbfgs,1.0,1.4733367606822867e-05,1.3096456314087845e-05,2.096387785588405e-10,1.636701199458912e-06,0.0,1.989910364151001,1.9899084568023682,5.992242257946145e-10,1.943195911735529e-06,0.0
2857,lbfgs,1.0,1.4733367606822867e-05,1.3096456314087845e-05,2.096387785588405e-10,1.636701199458912e-06,0.0,1.989910364151001,1.9899084568023682,5.992242257946145e-10,1.943195911735529e-06,0.0
2858,lbfgs,1.0,1.4733367606822867e-05,1.3096456314087845e-05,2.096387785588405e-10,1.636701199458912e-06,0.0,1.989910364151001,1.9899084568023682,5.992242257946145e-10,1.943195911735529e-06,0.0
2859,lbfgs,1.0,1.4733367606822867e-05,1.3096456314087845e-05,2.096387785588405e-10,1.636701199458912e-06,0.0,1.989910364151001,1.9899084568023682,5.992242257946145e-10,1.943195911735529e-06,0.0
2860,lbfgs,1.0,1.4733367606822867e-05,1.3096456314087845e-05,2.096387785588405e-10,1.636701199458912e-06,0.0,1.989910364151001,1.9899084568023682,5.992242257946145e-10,1.943195911735529e-06,0.0
2861,lbfgs,1.0,1.4733367606822867e-05,1.3096456314087845e-05,2.096387785588405e-10,1.636701199458912e-06,0.0,1.989910364151001,1.9899084568023682,5.992242257946145e-10,1.943195911735529e-06,0.0
2862,lbfgs,1.0,1.4733367606822867e-05,1.3096456314087845e-05,2.096387785588405e-10,1.636701199458912e-06,0.0,1.989910364151001,1.9899084568023682,5.992242257946145e-10,1.943195911735529e-06,0.0
2863,lbfgs,1.0,1.4733367606822867e-05,1.3096456314087845e-05,2.096387785588405e-10,1.636701199458912e-06,0.0,1.989910364151001,1.9899084568023682,5.992242257946145e-10,1.943195911735529e-06,0.0
2864,lbfgs,1.0,1.4733367606822867e-05,1.3096456314087845e-05,2.096387785588405e-10,1.636701199458912e-06,0.0,1.989910364151001,1.9899084568023682,5.992242257946145e-10,1.943195911735529e-06,0.0
2865,lbfgs,1.0,1.4733367606822867e-05,1.3096456314087845e-05,2.096387785588405e-10,1.636701199458912e-06,0.0,1.989910364151001,1.9899084568023682,5.992242257946145e-10,1.943195911735529e-06,0.0
2866,lbfgs,1.0,1.4733367606822867e-05,1.3096456314087845e-05,2.096387785588405e-10,1.636701199458912e-06,0.0,1.989910364151001,1.9899084568023682,5.992242257946145e-10,1.943195911735529e-06,0.0
2867,lbfgs,1.0,1.4733367606822867e-05,1.3096456314087845e-05,2.096387785588405e-10,1.636701199458912e-06,0.0,1.989910364151001,1.9899084568023682,5.992242257946145e-10,1.943195911735529e-06,0.0
2868,lbfgs,1.0,1.4733367606822867e-05,1.3096456314087845e-05,2.096387785588405e-10,1.636701199458912e-06,0.0,1.989910364151001,1.9899084568023682,5.992242257946145e-10,1.943195911735529e-06,0.0
2869,lbfgs,1.0,1.4733367606822867e-05,1.3096456314087845e-05,2.096387785588405e-10,1.636701199458912e-06,0.0,1.989910364151001,1.9899084568023682,5.992242257946145e-10,1.943195911735529e-06,0.0
2870,lbfgs,1.0,1.4733367606822867e-05,1.3096456314087845e-05,2.096387785588405e-10,1.636701199458912e-06,0.0,1.989910364151001,1.9899084568023682,5.992242257946145e-10,1.943195911735529e-06,0.0
2871,lbfgs,1.0,1.4733367606822867e-05,1.3096456314087845e-05,2.096387785588405e-10,1.636701199458912e-06,0.0,1.989910364151001,1.9899084568023682,5.992242257946145e-10,1.943195911735529e-06,0.0
2872,lbfgs,1.0,1.4733367606822867e-05,1.3096456314087845e-05,2.096387785588405e-10,1.636701199458912e-06,0.0,1.989910364151001,1.9899084568023682,5.992242257946145e-10,1.943195911735529e-06,0.0
2873,lbfgs,1.0,1.4733367606822867e-05,1.3096456314087845e-05,2.096387785588405e-10,1.636701199458912e-06,0.0,1.989910364151001,1.9899084568023682,5.992242257946145e-10,1.943195911735529e-06,0.0
2874,lbfgs,1.0,1.4733367606822867e-05,1.3096456314087845e-05,2.096387785588405e-10,1.636701199458912e-06,0.0,1.989910364151001,1.9899084568023682,5.992242257946145e-10,1.943195911735529e-06,0.0
2875,lbfgs,1.0,1.4733367606822867e-05,1.3096456314087845e-05,2.096387785588405e-10,1.636701199458912e-06,0.0,1.989910364151001,1.9899084568023682,5.992242257946145e-10,1.943195911735529e-06,0.0
2876,lbfgs,1.0,1.4733367606822867e-05,1.3096456314087845e-05,2.096387785588405e-10,1.636701199458912e-06,0.0,1.989910364151001,1.9899084568023682,5.992242257946145e-10,1.943195911735529e-06,0.0
2877,lbfgs,1.0,1.4733367606822867e-05,1.3096456314087845e-05,2.096387785588405e-10,1.636701199458912e-06,0.0,1.989910364151001,1.9899084568023682,5.992242257946145e-10,1.943195911735529e-06,0.0
2878,lbfgs,1.0,1.4733367606822867e-05,1.3096456314087845e-05,2.096387785588405e-10,1.636701199458912e-06,0.0,1.989910364151001,1.9899084568023682,5.992242257946145e-10,1.943195911735529e-06,0.0
2879,lbfgs,1.0,1.4733367606822867e-05,1.3096456314087845e-05,2.096387785588405e-10,1.636701199458912e-06,0.0,1.989910364151001,1.9899084568023682,5.992242257946145e-10,1.943195911735529e-06,0.0
2880,lbfgs,1.0,1.4733367606822867e-05,1.3096456314087845e-05,2.096387785588405e-10,1.636701199458912e-06,0.0,1.989910364151001,1.9899084568023682,5.992242257946145e-10,1.943195911735529e-06,0.0
2881,lbfgs,1.0,1.4733367606822867e-05,1.3096456314087845e-05,2.096387785588405e-10,1.636701199458912e-06,0.0,1.989910364151001,1.9899084568023682,5.992242257946145e-10,1.943195911735529e-06,0.0
2882,lbfgs,1.0,1.4733367606822867e-05,1.3096456314087845e-05,2.096387785588405e-10,1.636701199458912e-06,0.0,1.989910364151001,1.9899084568023682,5.992242257946145e-10,1.943195911735529e-06,0.0
2883,lbfgs,1.0,1.4733367606822867e-05,1.3096456314087845e-05,2.096387785588405e-10,1.636701199458912e-06,0.0,1.989910364151001,1.9899084568023682,5.992242257946145e-10,1.943195911735529e-06,0.0
2884,lbfgs,1.0,1.4733367606822867e-05,1.3096456314087845e-05,2.096387785588405e-10,1.636701199458912e-06,0.0,1.989910364151001,1.9899084568023682,5.992242257946145e-10,1.943195911735529e-06,0.0
2885,lbfgs,1.0,1.4733367606822867e-05,1.3096456314087845e-05,2.096387785588405e-10,1.636701199458912e-06,0.0,1.989910364151001,1.9899084568023682,5.992242257946145e-10,1.943195911735529e-06,0.0
2886,lbfgs,1.0,1.4733367606822867e-05,1.3096456314087845e-05,2.096387785588405e-10,1.636701199458912e-06,0.0,1.989910364151001,1.9899084568023682,5.992242257946145e-10,1.943195911735529e-06,0.0
2887,lbfgs,1.0,1.4733367606822867e-05,1.3096456314087845e-05,2.096387785588405e-10,1.636701199458912e-06,0.0,1.989910364151001,1.9899084568023682,5.992242257946145e-10,1.943195911735529e-06,0.0
2888,lbfgs,1.0,1.4733367606822867e-05,1.3096456314087845e-05,2.096387785588405e-10,1.636701199458912e-06,0.0,1.989910364151001,1.9899084568023682,5.992242257946145e-10,1.943195911735529e-06,0.0
2889,lbfgs,1.0,1.4733367606822867e-05,1.3096456314087845e-05,2.096387785588405e-10,1.636701199458912e-06,0.0,1.989910364151001,1.9899084568023682,5.992242257946145e-10,1.943195911735529e-06,0.0
2890,lbfgs,1.0,1.4733367606822867e-05,1.3096456314087845e-05,2.096387785588405e-10,1.636701199458912e-06,0.0,1.989910364151001,1.9899084568023682,5.992242257946145e-10,1.943195911735529e-06,0.0
2891,lbfgs,1.0,1.4733367606822867e-05,1.3096456314087845e-05,2.096387785588405e-10,1.636701199458912e-06,0.0,1.989910364151001,1.9899084568023682,5.992242257946145e-10,1.943195911735529e-06,0.0
2892,lbfgs,1.0,1.4733367606822867e-05,1.3096456314087845e-05,2.096387785588405e-10,1.636701199458912e-06,0.0,1.989910364151001,1.9899084568023682,5.992242257946145e-10,1.943195911735529e-06,0.0
2893,lbfgs,1.0,1.4733367606822867e-05,1.3096456314087845e-05,2.096387785588405e-10,1.636701199458912e-06,0.0,1.989910364151001,1.9899084568023682,5.992242257946145e-10,1.943195911735529e-06,0.0
2894,lbfgs,1.0,1.4733367606822867e-05,1.3096456314087845e-05,2.096387785588405e-10,1.636701199458912e-06,0.0,1.989910364151001,1.9899084568023682,5.992242257946145e-10,1.943195911735529e-06,0.0
2895,lbfgs,1.0,1.4733367606822867e-05,1.3096456314087845e-05,2.096387785588405e-10,1.636701199458912e-06,0.0,1.989910364151001,1.9899084568023682,5.992242257946145e-10,1.943195911735529e-06,0.0
2896,lbfgs,1.0,1.4733367606822867e-05,1.3096456314087845e-05,2.096387785588405e-10,1.636701199458912e-06,0.0,1.989910364151001,1.9899084568023682,5.992242257946145e-10,1.943195911735529e-06,0.0
2897,lbfgs,1.0,1.4733367606822867e-05,1.3096456314087845e-05,2.096387785588405e-10,1.636701199458912e-06,0.0,1.989910364151001,1.9899084568023682,5.992242257946145e-10,1.943195911735529e-06,0.0
2898,lbfgs,1.0,1.4733367606822867e-05,1.3096456314087845e-05,2.096387785588405e-10,1.636701199458912e-06,0.0,1.989910364151001,1.9899084568023682,5.992242257946145e-10,1.943195911735529e-06,0.0
2899,lbfgs,1.0,1.4733367606822867e-05,1.3096456314087845e-05,2.096387785588405e-10,1.636701199458912e-06,0.0,1.989910364151001,1.9899084568023682,5.992242257946145e-10,1.943195911735529e-06,0.0
2900,lbfgs,1.0,1.4733367606822867e-05,1.3096456314087845e-05,2.096387785588405e-10,1.636701199458912e-06,0.0,1.989910364151001,1.9899084568023682,5.992242257946145e-10,1.943195911735529e-06,0.0
2901,lbfgs,1.0,1.4733367606822867e-05,1.3096456314087845e-05,2.096387785588405e-10,1.636701199458912e-06,0.0,1.989910364151001,1.9899084568023682,5.992242257946145e-10,1.943195911735529e-06,0.0
2902,lbfgs,1.0,1.4733367606822867e-05,1.3096456314087845e-05,2.096387785588405e-10,1.636701199458912e-06,0.0,1.989910364151001,1.9899084568023682,5.992242257946145e-10,1.943195911735529e-06,0.0
2903,lbfgs,1.0,1.4733367606822867e-05,1.3096456314087845e-05,2.096387785588405e-10,1.636701199458912e-06,0.0,1.989910364151001,1.9899084568023682,5.992242257946145e-10,1.943195911735529e-06,0.0
2904,lbfgs,1.0,1.4733367606822867e-05,1.3096456314087845e-05,2.096387785588405e-10,1.636701199458912e-06,0.0,1.989910364151001,1.9899084568023682,5.992242257946145e-10,1.943195911735529e-06,0.0
2905,lbfgs,1.0,1.4733367606822867e-05,1.3096456314087845e-05,2.096387785588405e-10,1.636701199458912e-06,0.0,1.989910364151001,1.9899084568023682,5.992242257946145e-10,1.943195911735529e-06,0.0
2906,lbfgs,1.0,1.4733367606822867e-05,1.3096456314087845e-05,2.096387785588405e-10,1.636701199458912e-06,0.0,1.989910364151001,1.9899084568023682,5.992242257946145e-10,1.943195911735529e-06,0.0
2907,lbfgs,1.0,1.4733367606822867e-05,1.3096456314087845e-05,2.096387785588405e-10,1.636701199458912e-06,0.0,1.989910364151001,1.9899084568023682,5.992242257946145e-10,1.943195911735529e-06,0.0
2908,lbfgs,1.0,1.4733367606822867e-05,1.3096456314087845e-05,2.096387785588405e-10,1.636701199458912e-06,0.0,1.989910364151001,1.9899084568023682,5.992242257946145e-10,1.943195911735529e-06,0.0
2909,lbfgs,1.0,1.4733367606822867e-05,1.3096456314087845e-05,2.096387785588405e-10,1.636701199458912e-06,0.0,1.989910364151001,1.9899084568023682,5.992242257946145e-10,1.943195911735529e-06,0.0
2910,lbfgs,1.0,1.4733367606822867e-05,1.3096456314087845e-05,2.096387785588405e-10,1.636701199458912e-06,0.0,1.989910364151001,1.9899084568023682,5.992242257946145e-10,1.943195911735529e-06,0.0
2911,lbfgs,1.0,1.4733367606822867e-05,1.3096456314087845e-05,2.096387785588405e-10,1.636701199458912e-06,0.0,1.989910364151001,1.9899084568023682,5.992242257946145e-10,1.943195911735529e-06,0.0
2912,lbfgs,1.0,1.4733367606822867e-05,1.3096456314087845e-05,2.096387785588405e-10,1.636701199458912e-06,0.0,1.989910364151001,1.9899084568023682,5.992242257946145e-10,1.943195911735529e-06,0.0
2913,lbfgs,1.0,1.4733367606822867e-05,1.3096456314087845e-05,2.096387785588405e-10,1.636701199458912e-06,0.0,1.989910364151001,1.9899084568023682,5.992242257946145e-10,1.943195911735529e-06,0.0
2914,lbfgs,1.0,1.4733367606822867e-05,1.3096456314087845e-05,2.096387785588405e-10,1.636701199458912e-06,0.0,1.989910364151001,1.9899084568023682,5.992242257946145e-10,1.943195911735529e-06,0.0
2915,lbfgs,1.0,1.4733367606822867e-05,1.3096456314087845e-05,2.096387785588405e-10,1.636701199458912e-06,0.0,1.989910364151001,1.9899084568023682,5.992242257946145e-10,1.943195911735529e-06,0.0
2916,lbfgs,1.0,1.4733367606822867e-05,1.3096456314087845e-05,2.096387785588405e-10,1.636701199458912e-06,0.0,1.989910364151001,1.9899084568023682,5.992242257946145e-10,1.943195911735529e-06,0.0
2917,lbfgs,1.0,1.4733367606822867e-05,1.3096456314087845e-05,2.096387785588405e-10,1.636701199458912e-06,0.0,1.989910364151001,1.9899084568023682,5.992242257946145e-10,1.943195911735529e-06,0.0
2918,lbfgs,1.0,1.4733367606822867e-05,1.3096456314087845e-05,2.096387785588405e-10,1.636701199458912e-06,0.0,1.989910364151001,1.9899084568023682,5.992242257946145e-10,1.943195911735529e-06,0.0
2919,lbfgs,1.0,1.4733367606822867e-05,1.3096456314087845e-05,2.096387785588405e-10,1.636701199458912e-06,0.0,1.989910364151001,1.9899084568023682,5.992242257946145e-10,1.943195911735529e-06,0.0
2920,lbfgs,1.0,1.4733367606822867e-05,1.3096456314087845e-05,2.096387785588405e-10,1.636701199458912e-06,0.0,1.989910364151001,1.9899084568023682,5.992242257946145e-10,1.943195911735529e-06,0.0
2921,lbfgs,1.0,1.4733367606822867e-05,1.3096456314087845e-05,2.096387785588405e-10,1.636701199458912e-06,0.0,1.989910364151001,1.9899084568023682,5.992242257946145e-10,1.943195911735529e-06,0.0
2922,lbfgs,1.0,1.4733367606822867e-05,1.3096456314087845e-05,2.096387785588405e-10,1.636701199458912e-06,0.0,1.989910364151001,1.9899084568023682,5.992242257946145e-10,1.943195911735529e-06,0.0
2923,lbfgs,1.0,1.4733367606822867e-05,1.3096456314087845e-05,2.096387785588405e-10,1.636701199458912e-06,0.0,1.989910364151001,1.9899084568023682,5.992242257946145e-10,1.943195911735529e-06,0.0
2924,lbfgs,1.0,1.4733367606822867e-05,1.3096456314087845e-05,2.096387785588405e-10,1.636701199458912e-06,0.0,1.989910364151001,1.9899084568023682,5.992242257946145e-10,1.943195911735529e-06,0.0
2925,lbfgs,1.0,1.4733367606822867e-05,1.3096456314087845e-05,2.096387785588405e-10,1.636701199458912e-06,0.0,1.989910364151001,1.9899084568023682,5.992242257946145e-10,1.943195911735529e-06,0.0
2926,lbfgs,1.0,1.4733367606822867e-05,1.3096456314087845e-05,2.096387785588405e-10,1.636701199458912e-06,0.0,1.989910364151001,1.9899084568023682,5.992242257946145e-10,1.943195911735529e-06,0.0
2927,lbfgs,1.0,1.4733367606822867e-05,1.3096456314087845e-05,2.096387785588405e-10,1.636701199458912e-06,0.0,1.989910364151001,1.9899084568023682,5.992242257946145e-10,1.943195911735529e-06,0.0
2928,lbfgs,1.0,1.4733367606822867e-05,1.3096456314087845e-05,2.096387785588405e-10,1.636701199458912e-06,0.0,1.989910364151001,1.9899084568023682,5.992242257946145e-10,1.943195911735529e-06,0.0
2929,lbfgs,1.0,1.4733367606822867e-05,1.3096456314087845e-05,2.096387785588405e-10,1.636701199458912e-06,0.0,1.989910364151001,1.9899084568023682,5.992242257946145e-10,1.943195911735529e-06,0.0
2930,lbfgs,1.0,1.4733367606822867e-05,1.3096456314087845e-05,2.096387785588405e-10,1.636701199458912e-06,0.0,1.989910364151001,1.9899084568023682,5.992242257946145e-10,1.943195911735529e-06,0.0
2931,lbfgs,1.0,1.4733367606822867e-05,1.3096456314087845e-05,2.096387785588405e-10,1.636701199458912e-06,0.0,1.989910364151001,1.9899084568023682,5.992242257946145e-10,1.943195911735529e-06,0.0
2932,lbfgs,1.0,1.4733367606822867e-05,1.3096456314087845e-05,2.096387785588405e-10,1.636701199458912e-06,0.0,1.989910364151001,1.9899084568023682,5.992242257946145e-10,1.943195911735529e-06,0.0
2933,lbfgs,1.0,1.4733367606822867e-05,1.3096456314087845e-05,2.096387785588405e-10,1.636701199458912e-06,0.0,1.989910364151001,1.9899084568023682,5.992242257946145e-10,1.943195911735529e-06,0.0
2934,lbfgs,1.0,1.4733367606822867e-05,1.3096456314087845e-05,2.096387785588405e-10,1.636701199458912e-06,0.0,1.989910364151001,1.9899084568023682,5.992242257946145e-10,1.943195911735529e-06,0.0
2935,lbfgs,1.0,1.4733367606822867e-05,1.3096456314087845e-05,2.096387785588405e-10,1.636701199458912e-06,0.0,1.989910364151001,1.9899084568023682,5.992242257946145e-10,1.943195911735529e-06,0.0
2936,lbfgs,1.0,1.4733367606822867e-05,1.3096456314087845e-05,2.096387785588405e-10,1.636701199458912e-06,0.0,1.989910364151001,1.9899084568023682,5.992242257946145e-10,1.943195911735529e-06,0.0
2937,lbfgs,1.0,1.4733367606822867e-05,1.3096456314087845e-05,2.096387785588405e-10,1.636701199458912e-06,0.0,1.989910364151001,1.9899084568023682,5.992242257946145e-10,1.943195911735529e-06,0.0
2938,lbfgs,1.0,1.4733367606822867e-05,1.3096456314087845e-05,2.096387785588405e-10,1.636701199458912e-06,0.0,1.989910364151001,1.9899084568023682,5.992242257946145e-10,1.943195911735529e-06,0.0
2939,lbfgs,1.0,1.4733367606822867e-05,1.3096456314087845e-05,2.096387785588405e-10,1.636701199458912e-06,0.0,1.989910364151001,1.9899084568023682,5.992242257946145e-10,1.943195911735529e-06,0.0
2940,lbfgs,1.0,1.4733367606822867e-05,1.3096456314087845e-05,2.096387785588405e-10,1.636701199458912e-06,0.0,1.989910364151001,1.9899084568023682,5.992242257946145e-10,1.943195911735529e-06,0.0
2941,lbfgs,1.0,1.4733367606822867e-05,1.3096456314087845e-05,2.096387785588405e-10,1.636701199458912e-06,0.0,1.989910364151001,1.9899084568023682,5.992242257946145e-10,1.943195911735529e-06,0.0
2942,lbfgs,1.0,1.4733367606822867e-05,1.3096456314087845e-05,2.096387785588405e-10,1.636701199458912e-06,0.0,1.989910364151001,1.9899084568023682,5.992242257946145e-10,1.943195911735529e-06,0.0
2943,lbfgs,1.0,1.4733367606822867e-05,1.3096456314087845e-05,2.096387785588405e-10,1.636701199458912e-06,0.0,1.989910364151001,1.9899084568023682,5.992242257946145e-10,1.943195911735529e-06,0.0
2944,lbfgs,1.0,1.4733367606822867e-05,1.3096456314087845e-05,2.096387785588405e-10,1.636701199458912e-06,0.0,1.989910364151001,1.9899084568023682,5.992242257946145e-10,1.943195911735529e-06,0.0
2945,lbfgs,1.0,1.4733367606822867e-05,1.3096456314087845e-05,2.096387785588405e-10,1.636701199458912e-06,0.0,1.989910364151001,1.9899084568023682,5.992242257946145e-10,1.943195911735529e-06,0.0
2946,lbfgs,1.0,1.4733367606822867e-05,1.3096456314087845e-05,2.096387785588405e-10,1.636701199458912e-06,0.0,1.989910364151001,1.9899084568023682,5.992242257946145e-10,1.943195911735529e-06,0.0
2947,lbfgs,1.0,1.4733367606822867e-05,1.3096456314087845e-05,2.096387785588405e-10,1.636701199458912e-06,0.0,1.989910364151001,1.9899084568023682,5.992242257946145e-10,1.943195911735529e-06,0.0
2948,lbfgs,1.0,1.4733367606822867e-05,1.3096456314087845e-05,2.096387785588405e-10,1.636701199458912e-06,0.0,1.989910364151001,1.9899084568023682,5.992242257946145e-10,1.943195911735529e-06,0.0
2949,lbfgs,1.0,1.4733367606822867e-05,1.3096456314087845e-05,2.096387785588405e-10,1.636701199458912e-06,0.0,1.989910364151001,1.9899084568023682,5.992242257946145e-10,1.943195911735529e-06,0.0
2950,lbfgs,1.0,1.4733367606822867e-05,1.3096456314087845e-05,2.096387785588405e-10,1.636701199458912e-06,0.0,1.989910364151001,1.9899084568023682,5.992242257946145e-10,1.943195911735529e-06,0.0
2951,lbfgs,1.0,1.4733367606822867e-05,1.3096456314087845e-05,2.096387785588405e-10,1.636701199458912e-06,0.0,1.989910364151001,1.9899084568023682,5.992242257946145e-10,1.943195911735529e-06,0.0
2952,lbfgs,1.0,1.4733367606822867e-05,1.3096456314087845e-05,2.096387785588405e-10,1.636701199458912e-06,0.0,1.989910364151001,1.9899084568023682,5.992242257946145e-10,1.943195911735529e-06,0.0
2953,lbfgs,1.0,1.4733367606822867e-05,1.3096456314087845e-05,2.096387785588405e-10,1.636701199458912e-06,0.0,1.989910364151001,1.9899084568023682,5.992242257946145e-10,1.943195911735529e-06,0.0
2954,lbfgs,1.0,1.4733367606822867e-05,1.3096456314087845e-05,2.096387785588405e-10,1.636701199458912e-06,0.0,1.989910364151001,1.9899084568023682,5.992242257946145e-10,1.943195911735529e-06,0.0
2955,lbfgs,1.0,1.4733367606822867e-05,1.3096456314087845e-05,2.096387785588405e-10,1.636701199458912e-06,0.0,1.989910364151001,1.9899084568023682,5.992242257946145e-10,1.943195911735529e-06,0.0
2956,lbfgs,1.0,1.4733367606822867e-05,1.3096456314087845e-05,2.096387785588405e-10,1.636701199458912e-06,0.0,1.989910364151001,1.9899084568023682,5.992242257946145e-10,1.943195911735529e-06,0.0
2957,lbfgs,1.0,1.4733367606822867e-05,1.3096456314087845e-05,2.096387785588405e-10,1.636701199458912e-06,0.0,1.989910364151001,1.9899084568023682,5.992242257946145e-10,1.943195911735529e-06,0.0
2958,lbfgs,1.0,1.4733367606822867e-05,1.3096456314087845e-05,2.096387785588405e-10,1.636701199458912e-06,0.0,1.989910364151001,1.9899084568023682,5.992242257946145e-10,1.943195911735529e-06,0.0
2959,lbfgs,1.0,1.4733367606822867e-05,1.3096456314087845e-05,2.096387785588405e-10,1.636701199458912e-06,0.0,1.989910364151001,1.9899084568023682,5.992242257946145e-10,1.943195911735529e-06,0.0
2960,lbfgs,1.0,1.4733367606822867e-05,1.3096456314087845e-05,2.096387785588405e-10,1.636701199458912e-06,0.0,1.989910364151001,1.9899084568023682,5.992242257946145e-10,1.943195911735529e-06,0.0
2961,lbfgs,1.0,1.4733367606822867e-05,1.3096456314087845e-05,2.096387785588405e-10,1.636701199458912e-06,0.0,1.989910364151001,1.9899084568023682,5.992242257946145e-10,1.943195911735529e-06,0.0
2962,lbfgs,1.0,1.4733367606822867e-05,1.3096456314087845e-05,2.096387785588405e-10,1.636701199458912e-06,0.0,1.989910364151001,1.9899084568023682,5.992242257946145e-10,1.943195911735529e-06,0.0
2963,lbfgs,1.0,1.4733367606822867e-05,1.3096456314087845e-05,2.096387785588405e-10,1.636701199458912e-06,0.0,1.989910364151001,1.9899084568023682,5.992242257946145e-10,1.943195911735529e-06,0.0
2964,lbfgs,1.0,1.4733367606822867e-05,1.3096456314087845e-05,2.096387785588405e-10,1.636701199458912e-06,0.0,1.989910364151001,1.9899084568023682,5.992242257946145e-10,1.943195911735529e-06,0.0
2965,lbfgs,1.0,1.4733367606822867e-05,1.3096456314087845e-05,2.096387785588405e-10,1.636701199458912e-06,0.0,1.989910364151001,1.9899084568023682,5.992242257946145e-10,1.943195911735529e-06,0.0
2966,lbfgs,1.0,1.4733367606822867e-05,1.3096456314087845e-05,2.096387785588405e-10,1.636701199458912e-06,0.0,1.989910364151001,1.9899084568023682,5.992242257946145e-10,1.943195911735529e-06,0.0
2967,lbfgs,1.0,1.4733367606822867e-05,1.3096456314087845e-05,2.096387785588405e-10,1.636701199458912e-06,0.0,1.989910364151001,1.9899084568023682,5.992242257946145e-10,1.943195911735529e-06,0.0
2968,lbfgs,1.0,1.4733367606822867e-05,1.3096456314087845e-05,2.096387785588405e-10,1.636701199458912e-06,0.0,1.989910364151001,1.9899084568023682,5.992242257946145e-10,1.943195911735529e-06,0.0
2969,lbfgs,1.0,1.4733367606822867e-05,1.3096456314087845e-05,2.096387785588405e-10,1.636701199458912e-06,0.0,1.989910364151001,1.9899084568023682,5.992242257946145e-10,1.943195911735529e-06,0.0
2970,lbfgs,1.0,1.4733367606822867e-05,1.3096456314087845e-05,2.096387785588405e-10,1.636701199458912e-06,0.0,1.989910364151001,1.9899084568023682,5.992242257946145e-10,1.943195911735529e-06,0.0
2971,lbfgs,1.0,1.4733367606822867e-05,1.3096456314087845e-05,2.096387785588405e-10,1.636701199458912e-06,0.0,1.989910364151001,1.9899084568023682,5.992242257946145e-10,1.943195911735529e-06,0.0
2972,lbfgs,1.0,1.4733367606822867e-05,1.3096456314087845e-05,2.096387785588405e-10,1.636701199458912e-06,0.0,1.989910364151001,1.9899084568023682,5.992242257946145e-10,1.943195911735529e-06,0.0
2973,lbfgs,1.0,1.4733367606822867e-05,1.3096456314087845e-05,2.096387785588405e-10,1.636701199458912e-06,0.0,1.989910364151001,1.9899084568023682,5.992242257946145e-10,1.943195911735529e-06,0.0
2974,lbfgs,1.0,1.4733367606822867e-05,1.3096456314087845e-05,2.096387785588405e-10,1.636701199458912e-06,0.0,1.989910364151001,1.9899084568023682,5.992242257946145e-10,1.943195911735529e-06,0.0
2975,lbfgs,1.0,1.4733367606822867e-05,1.3096456314087845e-05,2.096387785588405e-10,1.636701199458912e-06,0.0,1.989910364151001,1.9899084568023682,5.992242257946145e-10,1.943195911735529e-06,0.0
2976,lbfgs,1.0,1.4733367606822867e-05,1.3096456314087845e-05,2.096387785588405e-10,1.636701199458912e-06,0.0,1.989910364151001,1.9899084568023682,5.992242257946145e-10,1.943195911735529e-06,0.0
2977,lbfgs,1.0,1.4733367606822867e-05,1.3096456314087845e-05,2.096387785588405e-10,1.636701199458912e-06,0.0,1.989910364151001,1.9899084568023682,5.992242257946145e-10,1.943195911735529e-06,0.0
2978,lbfgs,1.0,1.4733367606822867e-05,1.3096456314087845e-05,2.096387785588405e-10,1.636701199458912e-06,0.0,1.989910364151001,1.9899084568023682,5.992242257946145e-10,1.943195911735529e-06,0.0
2979,lbfgs,1.0,1.4733367606822867e-05,1.3096456314087845e-05,2.096387785588405e-10,1.636701199458912e-06,0.0,1.989910364151001,1.9899084568023682,5.992242257946145e-10,1.943195911735529e-06,0.0
2980,lbfgs,1.0,1.4733367606822867e-05,1.3096456314087845e-05,2.096387785588405e-10,1.636701199458912e-06,0.0,1.989910364151001,1.9899084568023682,5.992242257946145e-10,1.943195911735529e-06,0.0
2981,lbfgs,1.0,1.4733367606822867e-05,1.3096456314087845e-05,2.096387785588405e-10,1.636701199458912e-06,0.0,1.989910364151001,1.9899084568023682,5.992242257946145e-10,1.943195911735529e-06,0.0
2982,lbfgs,1.0,1.4733367606822867e-05,1.3096456314087845e-05,2.096387785588405e-10,1.636701199458912e-06,0.0,1.989910364151001,1.9899084568023682,5.992242257946145e-10,1.943195911735529e-06,0.0
2983,lbfgs,1.0,1.4733367606822867e-05,1.3096456314087845e-05,2.096387785588405e-10,1.636701199458912e-06,0.0,1.989910364151001,1.9899084568023682,5.992242257946145e-10,1.943195911735529e-06,0.0
2984,lbfgs,1.0,1.4733367606822867e-05,1.3096456314087845e-05,2.096387785588405e-10,1.636701199458912e-06,0.0,1.989910364151001,1.9899084568023682,5.992242257946145e-10,1.943195911735529e-06,0.0
2985,lbfgs,1.0,1.4733367606822867e-05,1.3096456314087845e-05,2.096387785588405e-10,1.636701199458912e-06,0.0,1.989910364151001,1.9899084568023682,5.992242257946145e-10,1.943195911735529e-06,0.0
2986,lbfgs,1.0,1.4733367606822867e-05,1.3096456314087845e-05,2.096387785588405e-10,1.636701199458912e-06,0.0,1.989910364151001,1.9899084568023682,5.992242257946145e-10,1.943195911735529e-06,0.0
2987,lbfgs,1.0,1.4733367606822867e-05,1.3096456314087845e-05,2.096387785588405e-10,1.636701199458912e-06,0.0,1.989910364151001,1.9899084568023682,5.992242257946145e-10,1.943195911735529e-06,0.0
2988,lbfgs,1.0,1.4733367606822867e-05,1.3096456314087845e-05,2.096387785588405e-10,1.636701199458912e-06,0.0,1.989910364151001,1.9899084568023682,5.992242257946145e-10,1.943195911735529e-06,0.0
2989,lbfgs,1.0,1.4733367606822867e-05,1.3096456314087845e-05,2.096387785588405e-10,1.636701199458912e-06,0.0,1.989910364151001,1.9899084568023682,5.992242257946145e-10,1.943195911735529e-06,0.0
2990,lbfgs,1.0,1.4733367606822867e-05,1.3096456314087845e-05,2.096387785588405e-10,1.636701199458912e-06,0.0,1.989910364151001,1.9899084568023682,5.992242257946145e-10,1.943195911735529e-06,0.0
2991,lbfgs,1.0,1.4733367606822867e-05,1.3096456314087845e-05,2.096387785588405e-10,1.636701199458912e-06,0.0,1.989910364151001,1.9899084568023682,5.992242257946145e-10,1.943195911735529e-06,0.0
2992,lbfgs,1.0,1.4733367606822867e-05,1.3096456314087845e-05,2.096387785588405e-10,1.636701199458912e-06,0.0,1.989910364151001,1.9899084568023682,5.992242257946145e-10,1.943195911735529e-06,0.0
2993,lbfgs,1.0,1.4733367606822867e-05,1.3096456314087845e-05,2.096387785588405e-10,1.636701199458912e-06,0.0,1.989910364151001,1.9899084568023682,5.992242257946145e-10,1.943195911735529e-06,0.0
2994,lbfgs,1.0,1.4733367606822867e-05,1.3096456314087845e-05,2.096387785588405e-10,1.636701199458912e-06,0.0,1.989910364151001,1.9899084568023682,5.992242257946145e-10,1.943195911735529e-06,0.0
2995,lbfgs,1.0,1.4733367606822867e-05,1.3096456314087845e-05,2.096387785588405e-10,1.636701199458912e-06,0.0,1.989910364151001,1.9899084568023682,5.992242257946145e-10,1.943195911735529e-06,0.0
2996,lbfgs,1.0,1.4733367606822867e-05,1.3096456314087845e-05,2.096387785588405e-10,1.636701199458912e-06,0.0,1.989910364151001,1.9899084568023682,5.992242257946145e-10,1.943195911735529e-06,0.0
2997,lbfgs,1.0,1.4733367606822867e-05,1.3096456314087845e-05,2.096387785588405e-10,1.636701199458912e-06,0.0,1.989910364151001,1.9899084568023682,5.992242257946145e-10,1.943195911735529e-06,0.0
2998,lbfgs,1.0,1.4733367606822867e-05,1.3096456314087845e-05,2.096387785588405e-10,1.636701199458912e-06,0.0,1.989910364151001,1.9899084568023682,5.992242257946145e-10,1.943195911735529e-06,0.0
2999,lbfgs,1.0,1.4733367606822867e-05,1.3096456314087845e-05,2.096387785588405e-10,1.636701199458912e-06,0.0,1.989910364151001,1.9899084568023682,5.992242257946145e-10,1.943195911735529e-06,0.0
3000,lbfgs,1.0,1.4733367606822867e-05,1.3096456314087845e-05,2.096387785588405e-10,1.636701199458912e-06,0.0,1.989910364151001,1.9899084568023682,5.992242257946145e-10,1.943195911735529e-06,0.0
3001,lbfgs,1.0,1.4733367606822867e-05,1.3096456314087845e-05,2.096387785588405e-10,1.636701199458912e-06,0.0,1.989910364151001,1.9899084568023682,5.992242257946145e-10,1.943195911735529e-06,0.0
3002,lbfgs,1.0,1.4733367606822867e-05,1.3096456314087845e-05,2.096387785588405e-10,1.636701199458912e-06,0.0,1.989910364151001,1.9899084568023682,5.992242257946145e-10,1.943195911735529e-06,0.0
3003,lbfgs,1.0,1.4733367606822867e-05,1.3096456314087845e-05,2.096387785588405e-10,1.636701199458912e-06,0.0,1.989910364151001,1.9899084568023682,5.992242257946145e-10,1.943195911735529e-06,0.0
3004,lbfgs,1.0,1.4733367606822867e-05,1.3096456314087845e-05,2.096387785588405e-10,1.636701199458912e-06,0.0,1.989910364151001,1.9899084568023682,5.992242257946145e-10,1.943195911735529e-06,0.0
3005,lbfgs,1.0,1.4733367606822867e-05,1.3096456314087845e-05,2.096387785588405e-10,1.636701199458912e-06,0.0,1.989910364151001,1.9899084568023682,5.992242257946145e-10,1.943195911735529e-06,0.0
3006,lbfgs,1.0,1.4733367606822867e-05,1.3096456314087845e-05,2.096387785588405e-10,1.636701199458912e-06,0.0,1.989910364151001,1.9899084568023682,5.992242257946145e-10,1.943195911735529e-06,0.0
3007,lbfgs,1.0,1.4733367606822867e-05,1.3096456314087845e-05,2.096387785588405e-10,1.636701199458912e-06,0.0,1.989910364151001,1.9899084568023682,5.992242257946145e-10,1.943195911735529e-06,0.0
3008,lbfgs,1.0,1.4733367606822867e-05,1.3096456314087845e-05,2.096387785588405e-10,1.636701199458912e-06,0.0,1.989910364151001,1.9899084568023682,5.992242257946145e-10,1.943195911735529e-06,0.0
3009,lbfgs,1.0,1.4733367606822867e-05,1.3096456314087845e-05,2.096387785588405e-10,1.636701199458912e-06,0.0,1.989910364151001,1.9899084568023682,5.992242257946145e-10,1.943195911735529e-06,0.0
3010,lbfgs,1.0,1.4733367606822867e-05,1.3096456314087845e-05,2.096387785588405e-10,1.636701199458912e-06,0.0,1.989910364151001,1.9899084568023682,5.992242257946145e-10,1.943195911735529e-06,0.0
3011,lbfgs,1.0,1.4733367606822867e-05,1.3096456314087845e-05,2.096387785588405e-10,1.636701199458912e-06,0.0,1.989910364151001,1.9899084568023682,5.992242257946145e-10,1.943195911735529e-06,0.0
3012,lbfgs,1.0,1.4733367606822867e-05,1.3096456314087845e-05,2.096387785588405e-10,1.636701199458912e-06,0.0,1.989910364151001,1.9899084568023682,5.992242257946145e-10,1.943195911735529e-06,0.0
3013,lbfgs,1.0,1.4733367606822867e-05,1.3096456314087845e-05,2.096387785588405e-10,1.636701199458912e-06,0.0,1.989910364151001,1.9899084568023682,5.992242257946145e-10,1.943195911735529e-06,0.0
3014,lbfgs,1.0,1.4733367606822867e-05,1.3096456314087845e-05,2.096387785588405e-10,1.636701199458912e-06,0.0,1.989910364151001,1.9899084568023682,5.992242257946145e-10,1.943195911735529e-06,0.0
3015,lbfgs,1.0,1.4733367606822867e-05,1.3096456314087845e-05,2.096387785588405e-10,1.636701199458912e-06,0.0,1.989910364151001,1.9899084568023682,5.992242257946145e-10,1.943195911735529e-06,0.0
3016,lbfgs,1.0,1.4733367606822867e-05,1.3096456314087845e-05,2.096387785588405e-10,1.636701199458912e-06,0.0,1.989910364151001,1.9899084568023682,5.992242257946145e-10,1.943195911735529e-06,0.0
3017,lbfgs,1.0,1.4733367606822867e-05,1.3096456314087845e-05,2.096387785588405e-10,1.636701199458912e-06,0.0,1.989910364151001,1.9899084568023682,5.992242257946145e-10,1.943195911735529e-06,0.0
3018,lbfgs,1.0,1.4733367606822867e-05,1.3096456314087845e-05,2.096387785588405e-10,1.636701199458912e-06,0.0,1.989910364151001,1.9899084568023682,5.992242257946145e-10,1.943195911735529e-06,0.0
3019,lbfgs,1.0,1.4733367606822867e-05,1.3096456314087845e-05,2.096387785588405e-10,1.636701199458912e-06,0.0,1.989910364151001,1.9899084568023682,5.992242257946145e-10,1.943195911735529e-06,0.0
3020,lbfgs,1.0,1.4733367606822867e-05,1.3096456314087845e-05,2.096387785588405e-10,1.636701199458912e-06,0.0,1.989910364151001,1.9899084568023682,5.992242257946145e-10,1.943195911735529e-06,0.0
3021,lbfgs,1.0,1.4733367606822867e-05,1.3096456314087845e-05,2.096387785588405e-10,1.636701199458912e-06,0.0,1.989910364151001,1.9899084568023682,5.992242257946145e-10,1.943195911735529e-06,0.0
3022,lbfgs,1.0,1.4733367606822867e-05,1.3096456314087845e-05,2.096387785588405e-10,1.636701199458912e-06,0.0,1.989910364151001,1.9899084568023682,5.992242257946145e-10,1.943195911735529e-06,0.0
3023,lbfgs,1.0,1.4733367606822867e-05,1.3096456314087845e-05,2.096387785588405e-10,1.636701199458912e-06,0.0,1.989910364151001,1.9899084568023682,5.992242257946145e-10,1.943195911735529e-06,0.0
3024,lbfgs,1.0,1.4733367606822867e-05,1.3096456314087845e-05,2.096387785588405e-10,1.636701199458912e-06,0.0,1.989910364151001,1.9899084568023682,5.992242257946145e-10,1.943195911735529e-06,0.0
3025,lbfgs,1.0,1.4733367606822867e-05,1.3096456314087845e-05,2.096387785588405e-10,1.636701199458912e-06,0.0,1.989910364151001,1.9899084568023682,5.992242257946145e-10,1.943195911735529e-06,0.0
3026,lbfgs,1.0,1.4733367606822867e-05,1.3096456314087845e-05,2.096387785588405e-10,1.636701199458912e-06,0.0,1.989910364151001,1.9899084568023682,5.992242257946145e-10,1.943195911735529e-06,0.0
3027,lbfgs,1.0,1.4733367606822867e-05,1.3096456314087845e-05,2.096387785588405e-10,1.636701199458912e-06,0.0,1.989910364151001,1.9899084568023682,5.992242257946145e-10,1.943195911735529e-06,0.0
3028,lbfgs,1.0,1.4733367606822867e-05,1.3096456314087845e-05,2.096387785588405e-10,1.636701199458912e-06,0.0,1.989910364151001,1.9899084568023682,5.992242257946145e-10,1.943195911735529e-06,0.0
3029,lbfgs,1.0,1.4733367606822867e-05,1.3096456314087845e-05,2.096387785588405e-10,1.636701199458912e-06,0.0,1.989910364151001,1.9899084568023682,5.992242257946145e-10,1.943195911735529e-06,0.0
3030,lbfgs,1.0,1.4733367606822867e-05,1.3096456314087845e-05,2.096387785588405e-10,1.636701199458912e-06,0.0,1.989910364151001,1.9899084568023682,5.992242257946145e-10,1.943195911735529e-06,0.0
3031,lbfgs,1.0,1.4733367606822867e-05,1.3096456314087845e-05,2.096387785588405e-10,1.636701199458912e-06,0.0,1.989910364151001,1.9899084568023682,5.992242257946145e-10,1.943195911735529e-06,0.0
3032,lbfgs,1.0,1.4733367606822867e-05,1.3096456314087845e-05,2.096387785588405e-10,1.636701199458912e-06,0.0,1.989910364151001,1.9899084568023682,5.992242257946145e-10,1.943195911735529e-06,0.0
3033,lbfgs,1.0,1.4733367606822867e-05,1.3096456314087845e-05,2.096387785588405e-10,1.636701199458912e-06,0.0,1.989910364151001,1.9899084568023682,5.992242257946145e-10,1.943195911735529e-06,0.0
3034,lbfgs,1.0,1.4733367606822867e-05,1.3096456314087845e-05,2.096387785588405e-10,1.636701199458912e-06,0.0,1.989910364151001,1.9899084568023682,5.992242257946145e-10,1.943195911735529e-06,0.0
3035,lbfgs,1.0,1.4733367606822867e-05,1.3096456314087845e-05,2.096387785588405e-10,1.636701199458912e-06,0.0,1.989910364151001,1.9899084568023682,5.992242257946145e-10,1.943195911735529e-06,0.0
3036,lbfgs,1.0,1.4733367606822867e-05,1.3096456314087845e-05,2.096387785588405e-10,1.636701199458912e-06,0.0,1.989910364151001,1.9899084568023682,5.992242257946145e-10,1.943195911735529e-06,0.0
3037,lbfgs,1.0,1.4733367606822867e-05,1.3096456314087845e-05,2.096387785588405e-10,1.636701199458912e-06,0.0,1.989910364151001,1.9899084568023682,5.992242257946145e-10,1.943195911735529e-06,0.0
3038,lbfgs,1.0,1.4733367606822867e-05,1.3096456314087845e-05,2.096387785588405e-10,1.636701199458912e-06,0.0,1.989910364151001,1.9899084568023682,5.992242257946145e-10,1.943195911735529e-06,0.0
3039,lbfgs,1.0,1.4733367606822867e-05,1.3096456314087845e-05,2.096387785588405e-10,1.636701199458912e-06,0.0,1.989910364151001,1.9899084568023682,5.992242257946145e-10,1.943195911735529e-06,0.0
3040,lbfgs,1.0,1.4733367606822867e-05,1.3096456314087845e-05,2.096387785588405e-10,1.636701199458912e-06,0.0,1.989910364151001,1.9899084568023682,5.992242257946145e-10,1.943195911735529e-06,0.0
3041,lbfgs,1.0,1.4733367606822867e-05,1.3096456314087845e-05,2.096387785588405e-10,1.636701199458912e-06,0.0,1.989910364151001,1.9899084568023682,5.992242257946145e-10,1.943195911735529e-06,0.0
3042,lbfgs,1.0,1.4733367606822867e-05,1.3096456314087845e-05,2.096387785588405e-10,1.636701199458912e-06,0.0,1.989910364151001,1.9899084568023682,5.992242257946145e-10,1.943195911735529e-06,0.0
3043,lbfgs,1.0,1.4733367606822867e-05,1.3096456314087845e-05,2.096387785588405e-10,1.636701199458912e-06,0.0,1.989910364151001,1.9899084568023682,5.992242257946145e-10,1.943195911735529e-06,0.0
3044,lbfgs,1.0,1.4733367606822867e-05,1.3096456314087845e-05,2.096387785588405e-10,1.636701199458912e-06,0.0,1.989910364151001,1.9899084568023682,5.992242257946145e-10,1.943195911735529e-06,0.0
3045,lbfgs,1.0,1.4733367606822867e-05,1.3096456314087845e-05,2.096387785588405e-10,1.636701199458912e-06,0.0,1.989910364151001,1.9899084568023682,5.992242257946145e-10,1.943195911735529e-06,0.0
3046,lbfgs,1.0,1.4733367606822867e-05,1.3096456314087845e-05,2.096387785588405e-10,1.636701199458912e-06,0.0,1.989910364151001,1.9899084568023682,5.992242257946145e-10,1.943195911735529e-06,0.0
3047,lbfgs,1.0,1.4733367606822867e-05,1.3096456314087845e-05,2.096387785588405e-10,1.636701199458912e-06,0.0,1.989910364151001,1.9899084568023682,5.992242257946145e-10,1.943195911735529e-06,0.0
3048,lbfgs,1.0,1.4733367606822867e-05,1.3096456314087845e-05,2.096387785588405e-10,1.636701199458912e-06,0.0,1.989910364151001,1.9899084568023682,5.992242257946145e-10,1.943195911735529e-06,0.0
3049,lbfgs,1.0,1.4733367606822867e-05,1.3096456314087845e-05,2.096387785588405e-10,1.636701199458912e-06,0.0,1.989910364151001,1.9899084568023682,5.992242257946145e-10,1.943195911735529e-06,0.0
3050,lbfgs,1.0,1.4733367606822867e-05,1.3096456314087845e-05,2.096387785588405e-10,1.636701199458912e-06,0.0,1.989910364151001,1.9899084568023682,5.992242257946145e-10,1.943195911735529e-06,0.0
3051,lbfgs,1.0,1.4733367606822867e-05,1.3096456314087845e-05,2.096387785588405e-10,1.636701199458912e-06,0.0,1.989910364151001,1.9899084568023682,5.992242257946145e-10,1.943195911735529e-06,0.0
3052,lbfgs,1.0,1.4733367606822867e-05,1.3096456314087845e-05,2.096387785588405e-10,1.636701199458912e-06,0.0,1.989910364151001,1.9899084568023682,5.992242257946145e-10,1.943195911735529e-06,0.0
3053,lbfgs,1.0,1.4733367606822867e-05,1.3096456314087845e-05,2.096387785588405e-10,1.636701199458912e-06,0.0,1.989910364151001,1.9899084568023682,5.992242257946145e-10,1.943195911735529e-06,0.0
3054,lbfgs,1.0,1.4733367606822867e-05,1.3096456314087845e-05,2.096387785588405e-10,1.636701199458912e-06,0.0,1.989910364151001,1.9899084568023682,5.992242257946145e-10,1.943195911735529e-06,0.0
3055,lbfgs,1.0,1.4733367606822867e-05,1.3096456314087845e-05,2.096387785588405e-10,1.636701199458912e-06,0.0,1.989910364151001,1.9899084568023682,5.992242257946145e-10,1.943195911735529e-06,0.0
3056,lbfgs,1.0,1.4733367606822867e-05,1.3096456314087845e-05,2.096387785588405e-10,1.636701199458912e-06,0.0,1.989910364151001,1.9899084568023682,5.992242257946145e-10,1.943195911735529e-06,0.0
3057,lbfgs,1.0,1.4733367606822867e-05,1.3096456314087845e-05,2.096387785588405e-10,1.636701199458912e-06,0.0,1.989910364151001,1.9899084568023682,5.992242257946145e-10,1.943195911735529e-06,0.0
3058,lbfgs,1.0,1.4733367606822867e-05,1.3096456314087845e-05,2.096387785588405e-10,1.636701199458912e-06,0.0,1.989910364151001,1.9899084568023682,5.992242257946145e-10,1.943195911735529e-06,0.0
3059,lbfgs,1.0,1.4733367606822867e-05,1.3096456314087845e-05,2.096387785588405e-10,1.636701199458912e-06,0.0,1.989910364151001,1.9899084568023682,5.992242257946145e-10,1.943195911735529e-06,0.0
3060,lbfgs,1.0,1.4733367606822867e-05,1.3096456314087845e-05,2.096387785588405e-10,1.636701199458912e-06,0.0,1.989910364151001,1.9899084568023682,5.992242257946145e-10,1.943195911735529e-06,0.0
3061,lbfgs,1.0,1.4733367606822867e-05,1.3096456314087845e-05,2.096387785588405e-10,1.636701199458912e-06,0.0,1.989910364151001,1.9899084568023682,5.992242257946145e-10,1.943195911735529e-06,0.0
3062,lbfgs,1.0,1.4733367606822867e-05,1.3096456314087845e-05,2.096387785588405e-10,1.636701199458912e-06,0.0,1.989910364151001,1.9899084568023682,5.992242257946145e-10,1.943195911735529e-06,0.0
3063,lbfgs,1.0,1.4733367606822867e-05,1.3096456314087845e-05,2.096387785588405e-10,1.636701199458912e-06,0.0,1.989910364151001,1.9899084568023682,5.992242257946145e-10,1.943195911735529e-06,0.0
3064,lbfgs,1.0,1.4733367606822867e-05,1.3096456314087845e-05,2.096387785588405e-10,1.636701199458912e-06,0.0,1.989910364151001,1.9899084568023682,5.992242257946145e-10,1.943195911735529e-06,0.0
3065,lbfgs,1.0,1.4733367606822867e-05,1.3096456314087845e-05,2.096387785588405e-10,1.636701199458912e-06,0.0,1.989910364151001,1.9899084568023682,5.992242257946145e-10,1.943195911735529e-06,0.0
3066,lbfgs,1.0,1.4733367606822867e-05,1.3096456314087845e-05,2.096387785588405e-10,1.636701199458912e-06,0.0,1.989910364151001,1.9899084568023682,5.992242257946145e-10,1.943195911735529e-06,0.0
3067,lbfgs,1.0,1.4733367606822867e-05,1.3096456314087845e-05,2.096387785588405e-10,1.636701199458912e-06,0.0,1.989910364151001,1.9899084568023682,5.992242257946145e-10,1.943195911735529e-06,0.0
3068,lbfgs,1.0,1.4733367606822867e-05,1.3096456314087845e-05,2.096387785588405e-10,1.636701199458912e-06,0.0,1.989910364151001,1.9899084568023682,5.992242257946145e-10,1.943195911735529e-06,0.0
3069,lbfgs,1.0,1.4733367606822867e-05,1.3096456314087845e-05,2.096387785588405e-10,1.636701199458912e-06,0.0,1.989910364151001,1.9899084568023682,5.992242257946145e-10,1.943195911735529e-06,0.0
3070,lbfgs,1.0,1.4733367606822867e-05,1.3096456314087845e-05,2.096387785588405e-10,1.636701199458912e-06,0.0,1.989910364151001,1.9899084568023682,5.992242257946145e-10,1.943195911735529e-06,0.0
3071,lbfgs,1.0,1.4733367606822867e-05,1.3096456314087845e-05,2.096387785588405e-10,1.636701199458912e-06,0.0,1.989910364151001,1.9899084568023682,5.992242257946145e-10,1.943195911735529e-06,0.0
3072,lbfgs,1.0,1.4733367606822867e-05,1.3096456314087845e-05,2.096387785588405e-10,1.636701199458912e-06,0.0,1.989910364151001,1.9899084568023682,5.992242257946145e-10,1.943195911735529e-06,0.0
3073,lbfgs,1.0,1.4733367606822867e-05,1.3096456314087845e-05,2.096387785588405e-10,1.636701199458912e-06,0.0,1.989910364151001,1.9899084568023682,5.992242257946145e-10,1.943195911735529e-06,0.0
3074,lbfgs,1.0,1.4733367606822867e-05,1.3096456314087845e-05,2.096387785588405e-10,1.636701199458912e-06,0.0,1.989910364151001,1.9899084568023682,5.992242257946145e-10,1.943195911735529e-06,0.0
3075,lbfgs,1.0,1.4733367606822867e-05,1.3096456314087845e-05,2.096387785588405e-10,1.636701199458912e-06,0.0,1.989910364151001,1.9899084568023682,5.992242257946145e-10,1.943195911735529e-06,0.0
3076,lbfgs,1.0,1.4733367606822867e-05,1.3096456314087845e-05,2.096387785588405e-10,1.636701199458912e-06,0.0,1.989910364151001,1.9899084568023682,5.992242257946145e-10,1.943195911735529e-06,0.0
3077,lbfgs,1.0,1.4733367606822867e-05,1.3096456314087845e-05,2.096387785588405e-10,1.636701199458912e-06,0.0,1.989910364151001,1.9899084568023682,5.992242257946145e-10,1.943195911735529e-06,0.0
3078,lbfgs,1.0,1.4733367606822867e-05,1.3096456314087845e-05,2.096387785588405e-10,1.636701199458912e-06,0.0,1.989910364151001,1.9899084568023682,5.992242257946145e-10,1.943195911735529e-06,0.0
3079,lbfgs,1.0,1.4733367606822867e-05,1.3096456314087845e-05,2.096387785588405e-10,1.636701199458912e-06,0.0,1.989910364151001,1.9899084568023682,5.992242257946145e-10,1.943195911735529e-06,0.0
3080,lbfgs,1.0,1.4733367606822867e-05,1.3096456314087845e-05,2.096387785588405e-10,1.636701199458912e-06,0.0,1.989910364151001,1.9899084568023682,5.992242257946145e-10,1.943195911735529e-06,0.0
3081,lbfgs,1.0,1.4733367606822867e-05,1.3096456314087845e-05,2.096387785588405e-10,1.636701199458912e-06,0.0,1.989910364151001,1.9899084568023682,5.992242257946145e-10,1.943195911735529e-06,0.0
3082,lbfgs,1.0,1.4733367606822867e-05,1.3096456314087845e-05,2.096387785588405e-10,1.636701199458912e-06,0.0,1.989910364151001,1.9899084568023682,5.992242257946145e-10,1.943195911735529e-06,0.0
3083,lbfgs,1.0,1.4733367606822867e-05,1.3096456314087845e-05,2.096387785588405e-10,1.636701199458912e-06,0.0,1.989910364151001,1.9899084568023682,5.992242257946145e-10,1.943195911735529e-06,0.0
3084,lbfgs,1.0,1.4733367606822867e-05,1.3096456314087845e-05,2.096387785588405e-10,1.636701199458912e-06,0.0,1.989910364151001,1.9899084568023682,5.992242257946145e-10,1.943195911735529e-06,0.0
3085,lbfgs,1.0,1.4733367606822867e-05,1.3096456314087845e-05,2.096387785588405e-10,1.636701199458912e-06,0.0,1.989910364151001,1.9899084568023682,5.992242257946145e-10,1.943195911735529e-06,0.0
3086,lbfgs,1.0,1.4733367606822867e-05,1.3096456314087845e-05,2.096387785588405e-10,1.636701199458912e-06,0.0,1.989910364151001,1.9899084568023682,5.992242257946145e-10,1.943195911735529e-06,0.0
3087,lbfgs,1.0,1.4733367606822867e-05,1.3096456314087845e-05,2.096387785588405e-10,1.636701199458912e-06,0.0,1.989910364151001,1.9899084568023682,5.992242257946145e-10,1.943195911735529e-06,0.0
3088,lbfgs,1.0,1.4733367606822867e-05,1.3096456314087845e-05,2.096387785588405e-10,1.636701199458912e-06,0.0,1.989910364151001,1.9899084568023682,5.992242257946145e-10,1.943195911735529e-06,0.0
3089,lbfgs,1.0,1.4733367606822867e-05,1.3096456314087845e-05,2.096387785588405e-10,1.636701199458912e-06,0.0,1.989910364151001,1.9899084568023682,5.992242257946145e-10,1.943195911735529e-06,0.0
3090,lbfgs,1.0,1.4733367606822867e-05,1.3096456314087845e-05,2.096387785588405e-10,1.636701199458912e-06,0.0,1.989910364151001,1.9899084568023682,5.992242257946145e-10,1.943195911735529e-06,0.0
3091,lbfgs,1.0,1.4733367606822867e-05,1.3096456314087845e-05,2.096387785588405e-10,1.636701199458912e-06,0.0,1.989910364151001,1.9899084568023682,5.992242257946145e-10,1.943195911735529e-06,0.0
3092,lbfgs,1.0,1.4733367606822867e-05,1.3096456314087845e-05,2.096387785588405e-10,1.636701199458912e-06,0.0,1.989910364151001,1.9899084568023682,5.992242257946145e-10,1.943195911735529e-06,0.0
3093,lbfgs,1.0,1.4733367606822867e-05,1.3096456314087845e-05,2.096387785588405e-10,1.636701199458912e-06,0.0,1.989910364151001,1.9899084568023682,5.992242257946145e-10,1.943195911735529e-06,0.0
3094,lbfgs,1.0,1.4733367606822867e-05,1.3096456314087845e-05,2.096387785588405e-10,1.636701199458912e-06,0.0,1.989910364151001,1.9899084568023682,5.992242257946145e-10,1.943195911735529e-06,0.0
3095,lbfgs,1.0,1.4733367606822867e-05,1.3096456314087845e-05,2.096387785588405e-10,1.636701199458912e-06,0.0,1.989910364151001,1.9899084568023682,5.992242257946145e-10,1.943195911735529e-06,0.0
3096,lbfgs,1.0,1.4733367606822867e-05,1.3096456314087845e-05,2.096387785588405e-10,1.636701199458912e-06,0.0,1.989910364151001,1.9899084568023682,5.992242257946145e-10,1.943195911735529e-06,0.0
3097,lbfgs,1.0,1.4733367606822867e-05,1.3096456314087845e-05,2.096387785588405e-10,1.636701199458912e-06,0.0,1.989910364151001,1.9899084568023682,5.992242257946145e-10,1.943195911735529e-06,0.0
3098,lbfgs,1.0,1.4733367606822867e-05,1.3096456314087845e-05,2.096387785588405e-10,1.636701199458912e-06,0.0,1.989910364151001,1.9899084568023682,5.992242257946145e-10,1.943195911735529e-06,0.0
3099,lbfgs,1.0,1.4733367606822867e-05,1.3096456314087845e-05,2.096387785588405e-10,1.636701199458912e-06,0.0,1.989910364151001,1.9899084568023682,5.992242257946145e-10,1.943195911735529e-06,0.0
3100,lbfgs,1.0,1.4733367606822867e-05,1.3096456314087845e-05,2.096387785588405e-10,1.636701199458912e-06,0.0,1.989910364151001,1.9899084568023682,5.992242257946145e-10,1.943195911735529e-06,0.0
3101,lbfgs,1.0,1.4733367606822867e-05,1.3096456314087845e-05,2.096387785588405e-10,1.636701199458912e-06,0.0,1.989910364151001,1.9899084568023682,5.992242257946145e-10,1.943195911735529e-06,0.0
3102,lbfgs,1.0,1.4733367606822867e-05,1.3096456314087845e-05,2.096387785588405e-10,1.636701199458912e-06,0.0,1.989910364151001,1.9899084568023682,5.992242257946145e-10,1.943195911735529e-06,0.0
3103,lbfgs,1.0,1.4733367606822867e-05,1.3096456314087845e-05,2.096387785588405e-10,1.636701199458912e-06,0.0,1.989910364151001,1.9899084568023682,5.992242257946145e-10,1.943195911735529e-06,0.0
3104,lbfgs,1.0,1.4733367606822867e-05,1.3096456314087845e-05,2.096387785588405e-10,1.636701199458912e-06,0.0,1.989910364151001,1.9899084568023682,5.992242257946145e-10,1.943195911735529e-06,0.0
3105,lbfgs,1.0,1.4733367606822867e-05,1.3096456314087845e-05,2.096387785588405e-10,1.636701199458912e-06,0.0,1.989910364151001,1.9899084568023682,5.992242257946145e-10,1.943195911735529e-06,0.0
3106,lbfgs,1.0,1.4733367606822867e-05,1.3096456314087845e-05,2.096387785588405e-10,1.636701199458912e-06,0.0,1.989910364151001,1.9899084568023682,5.992242257946145e-10,1.943195911735529e-06,0.0
3107,lbfgs,1.0,1.4733367606822867e-05,1.3096456314087845e-05,2.096387785588405e-10,1.636701199458912e-06,0.0,1.989910364151001,1.9899084568023682,5.992242257946145e-10,1.943195911735529e-06,0.0
3108,lbfgs,1.0,1.4733367606822867e-05,1.3096456314087845e-05,2.096387785588405e-10,1.636701199458912e-06,0.0,1.989910364151001,1.9899084568023682,5.992242257946145e-10,1.943195911735529e-06,0.0
3109,lbfgs,1.0,1.4733367606822867e-05,1.3096456314087845e-05,2.096387785588405e-10,1.636701199458912e-06,0.0,1.989910364151001,1.9899084568023682,5.992242257946145e-10,1.943195911735529e-06,0.0
3110,lbfgs,1.0,1.4733367606822867e-05,1.3096456314087845e-05,2.096387785588405e-10,1.636701199458912e-06,0.0,1.989910364151001,1.9899084568023682,5.992242257946145e-10,1.943195911735529e-06,0.0
3111,lbfgs,1.0,1.4733367606822867e-05,1.3096456314087845e-05,2.096387785588405e-10,1.636701199458912e-06,0.0,1.989910364151001,1.9899084568023682,5.992242257946145e-10,1.943195911735529e-06,0.0
3112,lbfgs,1.0,1.4733367606822867e-05,1.3096456314087845e-05,2.096387785588405e-10,1.636701199458912e-06,0.0,1.989910364151001,1.9899084568023682,5.992242257946145e-10,1.943195911735529e-06,0.0
3113,lbfgs,1.0,1.4733367606822867e-05,1.3096456314087845e-05,2.096387785588405e-10,1.636701199458912e-06,0.0,1.989910364151001,1.9899084568023682,5.992242257946145e-10,1.943195911735529e-06,0.0
3114,lbfgs,1.0,1.4733367606822867e-05,1.3096456314087845e-05,2.096387785588405e-10,1.636701199458912e-06,0.0,1.989910364151001,1.9899084568023682,5.992242257946145e-10,1.943195911735529e-06,0.0
3115,lbfgs,1.0,1.4733367606822867e-05,1.3096456314087845e-05,2.096387785588405e-10,1.636701199458912e-06,0.0,1.989910364151001,1.9899084568023682,5.992242257946145e-10,1.943195911735529e-06,0.0
3116,lbfgs,1.0,1.4733367606822867e-05,1.3096456314087845e-05,2.096387785588405e-10,1.636701199458912e-06,0.0,1.989910364151001,1.9899084568023682,5.992242257946145e-10,1.943195911735529e-06,0.0
3117,lbfgs,1.0,1.4733367606822867e-05,1.3096456314087845e-05,2.096387785588405e-10,1.636701199458912e-06,0.0,1.989910364151001,1.9899084568023682,5.992242257946145e-10,1.943195911735529e-06,0.0
3118,lbfgs,1.0,1.4733367606822867e-05,1.3096456314087845e-05,2.096387785588405e-10,1.636701199458912e-06,0.0,1.989910364151001,1.9899084568023682,5.992242257946145e-10,1.943195911735529e-06,0.0
3119,lbfgs,1.0,1.4733367606822867e-05,1.3096456314087845e-05,2.096387785588405e-10,1.636701199458912e-06,0.0,1.989910364151001,1.9899084568023682,5.992242257946145e-10,1.943195911735529e-06,0.0
3120,lbfgs,1.0,1.4733367606822867e-05,1.3096456314087845e-05,2.096387785588405e-10,1.636701199458912e-06,0.0,1.989910364151001,1.9899084568023682,5.992242257946145e-10,1.943195911735529e-06,0.0
3121,lbfgs,1.0,1.4733367606822867e-05,1.3096456314087845e-05,2.096387785588405e-10,1.636701199458912e-06,0.0,1.989910364151001,1.9899084568023682,5.992242257946145e-10,1.943195911735529e-06,0.0
3122,lbfgs,1.0,1.4733367606822867e-05,1.3096456314087845e-05,2.096387785588405e-10,1.636701199458912e-06,0.0,1.989910364151001,1.9899084568023682,5.992242257946145e-10,1.943195911735529e-06,0.0
3123,lbfgs,1.0,1.4733367606822867e-05,1.3096456314087845e-05,2.096387785588405e-10,1.636701199458912e-06,0.0,1.989910364151001,1.9899084568023682,5.992242257946145e-10,1.943195911735529e-06,0.0
3124,lbfgs,1.0,1.4733367606822867e-05,1.3096456314087845e-05,2.096387785588405e-10,1.636701199458912e-06,0.0,1.989910364151001,1.9899084568023682,5.992242257946145e-10,1.943195911735529e-06,0.0
3125,lbfgs,1.0,1.4733367606822867e-05,1.3096456314087845e-05,2.096387785588405e-10,1.636701199458912e-06,0.0,1.989910364151001,1.9899084568023682,5.992242257946145e-10,1.943195911735529e-06,0.0
3126,lbfgs,1.0,1.4733367606822867e-05,1.3096456314087845e-05,2.096387785588405e-10,1.636701199458912e-06,0.0,1.989910364151001,1.9899084568023682,5.992242257946145e-10,1.943195911735529e-06,0.0
3127,lbfgs,1.0,1.4733367606822867e-05,1.3096456314087845e-05,2.096387785588405e-10,1.636701199458912e-06,0.0,1.989910364151001,1.9899084568023682,5.992242257946145e-10,1.943195911735529e-06,0.0
3128,lbfgs,1.0,1.4733367606822867e-05,1.3096456314087845e-05,2.096387785588405e-10,1.636701199458912e-06,0.0,1.989910364151001,1.9899084568023682,5.992242257946145e-10,1.943195911735529e-06,0.0
3129,lbfgs,1.0,1.4733367606822867e-05,1.3096456314087845e-05,2.096387785588405e-10,1.636701199458912e-06,0.0,1.989910364151001,1.9899084568023682,5.992242257946145e-10,1.943195911735529e-06,0.0
3130,lbfgs,1.0,1.4733367606822867e-05,1.3096456314087845e-05,2.096387785588405e-10,1.636701199458912e-06,0.0,1.989910364151001,1.9899084568023682,5.992242257946145e-10,1.943195911735529e-06,0.0
3131,lbfgs,1.0,1.4733367606822867e-05,1.3096456314087845e-05,2.096387785588405e-10,1.636701199458912e-06,0.0,1.989910364151001,1.9899084568023682,5.992242257946145e-10,1.943195911735529e-06,0.0
3132,lbfgs,1.0,1.4733367606822867e-05,1.3096456314087845e-05,2.096387785588405e-10,1.636701199458912e-06,0.0,1.989910364151001,1.9899084568023682,5.992242257946145e-10,1.943195911735529e-06,0.0
3133,lbfgs,1.0,1.4733367606822867e-05,1.3096456314087845e-05,2.096387785588405e-10,1.636701199458912e-06,0.0,1.989910364151001,1.9899084568023682,5.992242257946145e-10,1.943195911735529e-06,0.0
3134,lbfgs,1.0,1.4733367606822867e-05,1.3096456314087845e-05,2.096387785588405e-10,1.636701199458912e-06,0.0,1.989910364151001,1.9899084568023682,5.992242257946145e-10,1.943195911735529e-06,0.0
3135,lbfgs,1.0,1.4733367606822867e-05,1.3096456314087845e-05,2.096387785588405e-10,1.636701199458912e-06,0.0,1.989910364151001,1.9899084568023682,5.992242257946145e-10,1.943195911735529e-06,0.0
3136,lbfgs,1.0,1.4733367606822867e-05,1.3096456314087845e-05,2.096387785588405e-10,1.636701199458912e-06,0.0,1.989910364151001,1.9899084568023682,5.992242257946145e-10,1.943195911735529e-06,0.0
3137,lbfgs,1.0,1.4733367606822867e-05,1.3096456314087845e-05,2.096387785588405e-10,1.636701199458912e-06,0.0,1.989910364151001,1.9899084568023682,5.992242257946145e-10,1.943195911735529e-06,0.0
3138,lbfgs,1.0,1.4733367606822867e-05,1.3096456314087845e-05,2.096387785588405e-10,1.636701199458912e-06,0.0,1.989910364151001,1.9899084568023682,5.992242257946145e-10,1.943195911735529e-06,0.0
3139,lbfgs,1.0,1.4733367606822867e-05,1.3096456314087845e-05,2.096387785588405e-10,1.636701199458912e-06,0.0,1.989910364151001,1.9899084568023682,5.992242257946145e-10,1.943195911735529e-06,0.0
3140,lbfgs,1.0,1.4733367606822867e-05,1.3096456314087845e-05,2.096387785588405e-10,1.636701199458912e-06,0.0,1.989910364151001,1.9899084568023682,5.992242257946145e-10,1.943195911735529e-06,0.0
3141,lbfgs,1.0,1.4733367606822867e-05,1.3096456314087845e-05,2.096387785588405e-10,1.636701199458912e-06,0.0,1.989910364151001,1.9899084568023682,5.992242257946145e-10,1.943195911735529e-06,0.0
3142,lbfgs,1.0,1.4733367606822867e-05,1.3096456314087845e-05,2.096387785588405e-10,1.636701199458912e-06,0.0,1.989910364151001,1.9899084568023682,5.992242257946145e-10,1.943195911735529e-06,0.0
3143,lbfgs,1.0,1.4733367606822867e-05,1.3096456314087845e-05,2.096387785588405e-10,1.636701199458912e-06,0.0,1.989910364151001,1.9899084568023682,5.992242257946145e-10,1.943195911735529e-06,0.0
3144,lbfgs,1.0,1.4733367606822867e-05,1.3096456314087845e-05,2.096387785588405e-10,1.636701199458912e-06,0.0,1.989910364151001,1.9899084568023682,5.992242257946145e-10,1.943195911735529e-06,0.0
3145,lbfgs,1.0,1.4733367606822867e-05,1.3096456314087845e-05,2.096387785588405e-10,1.636701199458912e-06,0.0,1.989910364151001,1.9899084568023682,5.992242257946145e-10,1.943195911735529e-06,0.0
3146,lbfgs,1.0,1.4733367606822867e-05,1.3096456314087845e-05,2.096387785588405e-10,1.636701199458912e-06,0.0,1.989910364151001,1.9899084568023682,5.992242257946145e-10,1.943195911735529e-06,0.0
3147,lbfgs,1.0,1.4733367606822867e-05,1.3096456314087845e-05,2.096387785588405e-10,1.636701199458912e-06,0.0,1.989910364151001,1.9899084568023682,5.992242257946145e-10,1.943195911735529e-06,0.0
3148,lbfgs,1.0,1.4733367606822867e-05,1.3096456314087845e-05,2.096387785588405e-10,1.636701199458912e-06,0.0,1.989910364151001,1.9899084568023682,5.992242257946145e-10,1.943195911735529e-06,0.0
3149,lbfgs,1.0,1.4733367606822867e-05,1.3096456314087845e-05,2.096387785588405e-10,1.636701199458912e-06,0.0,1.989910364151001,1.9899084568023682,5.992242257946145e-10,1.943195911735529e-06,0.0
3150,lbfgs,1.0,1.4733367606822867e-05,1.3096456314087845e-05,2.096387785588405e-10,1.636701199458912e-06,0.0,1.989910364151001,1.9899084568023682,5.992242257946145e-10,1.943195911735529e-06,0.0
3151,lbfgs,1.0,1.4733367606822867e-05,1.3096456314087845e-05,2.096387785588405e-10,1.636701199458912e-06,0.0,1.989910364151001,1.9899084568023682,5.992242257946145e-10,1.943195911735529e-06,0.0
3152,lbfgs,1.0,1.4733367606822867e-05,1.3096456314087845e-05,2.096387785588405e-10,1.636701199458912e-06,0.0,1.989910364151001,1.9899084568023682,5.992242257946145e-10,1.943195911735529e-06,0.0
3153,lbfgs,1.0,1.4733367606822867e-05,1.3096456314087845e-05,2.096387785588405e-10,1.636701199458912e-06,0.0,1.989910364151001,1.9899084568023682,5.992242257946145e-10,1.943195911735529e-06,0.0
3154,lbfgs,1.0,1.4733367606822867e-05,1.3096456314087845e-05,2.096387785588405e-10,1.636701199458912e-06,0.0,1.989910364151001,1.9899084568023682,5.992242257946145e-10,1.943195911735529e-06,0.0
3155,lbfgs,1.0,1.4733367606822867e-05,1.3096456314087845e-05,2.096387785588405e-10,1.636701199458912e-06,0.0,1.989910364151001,1.9899084568023682,5.992242257946145e-10,1.943195911735529e-06,0.0
3156,lbfgs,1.0,1.4733367606822867e-05,1.3096456314087845e-05,2.096387785588405e-10,1.636701199458912e-06,0.0,1.989910364151001,1.9899084568023682,5.992242257946145e-10,1.943195911735529e-06,0.0
3157,lbfgs,1.0,1.4733367606822867e-05,1.3096456314087845e-05,2.096387785588405e-10,1.636701199458912e-06,0.0,1.989910364151001,1.9899084568023682,5.992242257946145e-10,1.943195911735529e-06,0.0
3158,lbfgs,1.0,1.4733367606822867e-05,1.3096456314087845e-05,2.096387785588405e-10,1.636701199458912e-06,0.0,1.989910364151001,1.9899084568023682,5.992242257946145e-10,1.943195911735529e-06,0.0
3159,lbfgs,1.0,1.4733367606822867e-05,1.3096456314087845e-05,2.096387785588405e-10,1.636701199458912e-06,0.0,1.989910364151001,1.9899084568023682,5.992242257946145e-10,1.943195911735529e-06,0.0
3160,lbfgs,1.0,1.4733367606822867e-05,1.3096456314087845e-05,2.096387785588405e-10,1.636701199458912e-06,0.0,1.989910364151001,1.9899084568023682,5.992242257946145e-10,1.943195911735529e-06,0.0
3161,lbfgs,1.0,1.4733367606822867e-05,1.3096456314087845e-05,2.096387785588405e-10,1.636701199458912e-06,0.0,1.989910364151001,1.9899084568023682,5.992242257946145e-10,1.943195911735529e-06,0.0
3162,lbfgs,1.0,1.4733367606822867e-05,1.3096456314087845e-05,2.096387785588405e-10,1.636701199458912e-06,0.0,1.989910364151001,1.9899084568023682,5.992242257946145e-10,1.943195911735529e-06,0.0
3163,lbfgs,1.0,1.4733367606822867e-05,1.3096456314087845e-05,2.096387785588405e-10,1.636701199458912e-06,0.0,1.989910364151001,1.9899084568023682,5.992242257946145e-10,1.943195911735529e-06,0.0
3164,lbfgs,1.0,1.4733367606822867e-05,1.3096456314087845e-05,2.096387785588405e-10,1.636701199458912e-06,0.0,1.989910364151001,1.9899084568023682,5.992242257946145e-10,1.943195911735529e-06,0.0
3165,lbfgs,1.0,1.4733367606822867e-05,1.3096456314087845e-05,2.096387785588405e-10,1.636701199458912e-06,0.0,1.989910364151001,1.9899084568023682,5.992242257946145e-10,1.943195911735529e-06,0.0
3166,lbfgs,1.0,1.4733367606822867e-05,1.3096456314087845e-05,2.096387785588405e-10,1.636701199458912e-06,0.0,1.989910364151001,1.9899084568023682,5.992242257946145e-10,1.943195911735529e-06,0.0
3167,lbfgs,1.0,1.4733367606822867e-05,1.3096456314087845e-05,2.096387785588405e-10,1.636701199458912e-06,0.0,1.989910364151001,1.9899084568023682,5.992242257946145e-10,1.943195911735529e-06,0.0
3168,lbfgs,1.0,1.4733367606822867e-05,1.3096456314087845e-05,2.096387785588405e-10,1.636701199458912e-06,0.0,1.989910364151001,1.9899084568023682,5.992242257946145e-10,1.943195911735529e-06,0.0
3169,lbfgs,1.0,1.4733367606822867e-05,1.3096456314087845e-05,2.096387785588405e-10,1.636701199458912e-06,0.0,1.989910364151001,1.9899084568023682,5.992242257946145e-10,1.943195911735529e-06,0.0
3170,lbfgs,1.0,1.4733367606822867e-05,1.3096456314087845e-05,2.096387785588405e-10,1.636701199458912e-06,0.0,1.989910364151001,1.9899084568023682,5.992242257946145e-10,1.943195911735529e-06,0.0
3171,lbfgs,1.0,1.4733367606822867e-05,1.3096456314087845e-05,2.096387785588405e-10,1.636701199458912e-06,0.0,1.989910364151001,1.9899084568023682,5.992242257946145e-10,1.943195911735529e-06,0.0
3172,lbfgs,1.0,1.4733367606822867e-05,1.3096456314087845e-05,2.096387785588405e-10,1.636701199458912e-06,0.0,1.989910364151001,1.9899084568023682,5.992242257946145e-10,1.943195911735529e-06,0.0
3173,lbfgs,1.0,1.4733367606822867e-05,1.3096456314087845e-05,2.096387785588405e-10,1.636701199458912e-06,0.0,1.989910364151001,1.9899084568023682,5.992242257946145e-10,1.943195911735529e-06,0.0
3174,lbfgs,1.0,1.4733367606822867e-05,1.3096456314087845e-05,2.096387785588405e-10,1.636701199458912e-06,0.0,1.989910364151001,1.9899084568023682,5.992242257946145e-10,1.943195911735529e-06,0.0
3175,lbfgs,1.0,1.4733367606822867e-05,1.3096456314087845e-05,2.096387785588405e-10,1.636701199458912e-06,0.0,1.989910364151001,1.9899084568023682,5.992242257946145e-10,1.943195911735529e-06,0.0
3176,lbfgs,1.0,1.4733367606822867e-05,1.3096456314087845e-05,2.096387785588405e-10,1.636701199458912e-06,0.0,1.989910364151001,1.9899084568023682,5.992242257946145e-10,1.943195911735529e-06,0.0
3177,lbfgs,1.0,1.4733367606822867e-05,1.3096456314087845e-05,2.096387785588405e-10,1.636701199458912e-06,0.0,1.989910364151001,1.9899084568023682,5.992242257946145e-10,1.943195911735529e-06,0.0
3178,lbfgs,1.0,1.4733367606822867e-05,1.3096456314087845e-05,2.096387785588405e-10,1.636701199458912e-06,0.0,1.989910364151001,1.9899084568023682,5.992242257946145e-10,1.943195911735529e-06,0.0
3179,lbfgs,1.0,1.4733367606822867e-05,1.3096456314087845e-05,2.096387785588405e-10,1.636701199458912e-06,0.0,1.989910364151001,1.9899084568023682,5.992242257946145e-10,1.943195911735529e-06,0.0
3180,lbfgs,1.0,1.4733367606822867e-05,1.3096456314087845e-05,2.096387785588405e-10,1.636701199458912e-06,0.0,1.989910364151001,1.9899084568023682,5.992242257946145e-10,1.943195911735529e-06,0.0
3181,lbfgs,1.0,1.4733367606822867e-05,1.3096456314087845e-05,2.096387785588405e-10,1.636701199458912e-06,0.0,1.989910364151001,1.9899084568023682,5.992242257946145e-10,1.943195911735529e-06,0.0
3182,lbfgs,1.0,1.4733367606822867e-05,1.3096456314087845e-05,2.096387785588405e-10,1.636701199458912e-06,0.0,1.989910364151001,1.9899084568023682,5.992242257946145e-10,1.943195911735529e-06,0.0
3183,lbfgs,1.0,1.4733367606822867e-05,1.3096456314087845e-05,2.096387785588405e-10,1.636701199458912e-06,0.0,1.989910364151001,1.9899084568023682,5.992242257946145e-10,1.943195911735529e-06,0.0
3184,lbfgs,1.0,1.4733367606822867e-05,1.3096456314087845e-05,2.096387785588405e-10,1.636701199458912e-06,0.0,1.989910364151001,1.9899084568023682,5.992242257946145e-10,1.943195911735529e-06,0.0
3185,lbfgs,1.0,1.4733367606822867e-05,1.3096456314087845e-05,2.096387785588405e-10,1.636701199458912e-06,0.0,1.989910364151001,1.9899084568023682,5.992242257946145e-10,1.943195911735529e-06,0.0
3186,lbfgs,1.0,1.4733367606822867e-05,1.3096456314087845e-05,2.096387785588405e-10,1.636701199458912e-06,0.0,1.989910364151001,1.9899084568023682,5.992242257946145e-10,1.943195911735529e-06,0.0
3187,lbfgs,1.0,1.4733367606822867e-05,1.3096456314087845e-05,2.096387785588405e-10,1.636701199458912e-06,0.0,1.989910364151001,1.9899084568023682,5.992242257946145e-10,1.943195911735529e-06,0.0
3188,lbfgs,1.0,1.4733367606822867e-05,1.3096456314087845e-05,2.096387785588405e-10,1.636701199458912e-06,0.0,1.989910364151001,1.9899084568023682,5.992242257946145e-10,1.943195911735529e-06,0.0
3189,lbfgs,1.0,1.4733367606822867e-05,1.3096456314087845e-05,2.096387785588405e-10,1.636701199458912e-06,0.0,1.989910364151001,1.9899084568023682,5.992242257946145e-10,1.943195911735529e-06,0.0
3190,lbfgs,1.0,1.4733367606822867e-05,1.3096456314087845e-05,2.096387785588405e-10,1.636701199458912e-06,0.0,1.989910364151001,1.9899084568023682,5.992242257946145e-10,1.943195911735529e-06,0.0
3191,lbfgs,1.0,1.4733367606822867e-05,1.3096456314087845e-05,2.096387785588405e-10,1.636701199458912e-06,0.0,1.989910364151001,1.9899084568023682,5.992242257946145e-10,1.943195911735529e-06,0.0
3192,lbfgs,1.0,1.4733367606822867e-05,1.3096456314087845e-05,2.096387785588405e-10,1.636701199458912e-06,0.0,1.989910364151001,1.9899084568023682,5.992242257946145e-10,1.943195911735529e-06,0.0
3193,lbfgs,1.0,1.4733367606822867e-05,1.3096456314087845e-05,2.096387785588405e-10,1.636701199458912e-06,0.0,1.989910364151001,1.9899084568023682,5.992242257946145e-10,1.943195911735529e-06,0.0
3194,lbfgs,1.0,1.4733367606822867e-05,1.3096456314087845e-05,2.096387785588405e-10,1.636701199458912e-06,0.0,1.989910364151001,1.9899084568023682,5.992242257946145e-10,1.943195911735529e-06,0.0
3195,lbfgs,1.0,1.4733367606822867e-05,1.3096456314087845e-05,2.096387785588405e-10,1.636701199458912e-06,0.0,1.989910364151001,1.9899084568023682,5.992242257946145e-10,1.943195911735529e-06,0.0
3196,lbfgs,1.0,1.4733367606822867e-05,1.3096456314087845e-05,2.096387785588405e-10,1.636701199458912e-06,0.0,1.989910364151001,1.9899084568023682,5.992242257946145e-10,1.943195911735529e-06,0.0
3197,lbfgs,1.0,1.4733367606822867e-05,1.3096456314087845e-05,2.096387785588405e-10,1.636701199458912e-06,0.0,1.989910364151001,1.9899084568023682,5.992242257946145e-10,1.943195911735529e-06,0.0
3198,lbfgs,1.0,1.4733367606822867e-05,1.3096456314087845e-05,2.096387785588405e-10,1.636701199458912e-06,0.0,1.989910364151001,1.9899084568023682,5.992242257946145e-10,1.943195911735529e-06,0.0
3199,lbfgs,1.0,1.4733367606822867e-05,1.3096456314087845e-05,2.096387785588405e-10,1.636701199458912e-06,0.0,1.989910364151001,1.9899084568023682,5.992242257946145e-10,1.943195911735529e-06,0.0
3200,lbfgs,1.0,1.4733367606822867e-05,1.3096456314087845e-05,2.096387785588405e-10,1.636701199458912e-06,0.0,1.989910364151001,1.9899084568023682,5.992242257946145e-10,1.943195911735529e-06,0.0
3201,lbfgs,1.0,1.4733367606822867e-05,1.3096456314087845e-05,2.096387785588405e-10,1.636701199458912e-06,0.0,1.989910364151001,1.9899084568023682,5.992242257946145e-10,1.943195911735529e-06,0.0
3202,lbfgs,1.0,1.4733367606822867e-05,1.3096456314087845e-05,2.096387785588405e-10,1.636701199458912e-06,0.0,1.989910364151001,1.9899084568023682,5.992242257946145e-10,1.943195911735529e-06,0.0
3203,lbfgs,1.0,1.4733367606822867e-05,1.3096456314087845e-05,2.096387785588405e-10,1.636701199458912e-06,0.0,1.989910364151001,1.9899084568023682,5.992242257946145e-10,1.943195911735529e-06,0.0
3204,lbfgs,1.0,1.4733367606822867e-05,1.3096456314087845e-05,2.096387785588405e-10,1.636701199458912e-06,0.0,1.989910364151001,1.9899084568023682,5.992242257946145e-10,1.943195911735529e-06,0.0
3205,lbfgs,1.0,1.4733367606822867e-05,1.3096456314087845e-05,2.096387785588405e-10,1.636701199458912e-06,0.0,1.989910364151001,1.9899084568023682,5.992242257946145e-10,1.943195911735529e-06,0.0
3206,lbfgs,1.0,1.4733367606822867e-05,1.3096456314087845e-05,2.096387785588405e-10,1.636701199458912e-06,0.0,1.989910364151001,1.9899084568023682,5.992242257946145e-10,1.943195911735529e-06,0.0
3207,lbfgs,1.0,1.4733367606822867e-05,1.3096456314087845e-05,2.096387785588405e-10,1.636701199458912e-06,0.0,1.989910364151001,1.9899084568023682,5.992242257946145e-10,1.943195911735529e-06,0.0
3208,lbfgs,1.0,1.4733367606822867e-05,1.3096456314087845e-05,2.096387785588405e-10,1.636701199458912e-06,0.0,1.989910364151001,1.9899084568023682,5.992242257946145e-10,1.943195911735529e-06,0.0
3209,lbfgs,1.0,1.4733367606822867e-05,1.3096456314087845e-05,2.096387785588405e-10,1.636701199458912e-06,0.0,1.989910364151001,1.9899084568023682,5.992242257946145e-10,1.943195911735529e-06,0.0
3210,lbfgs,1.0,1.4733367606822867e-05,1.3096456314087845e-05,2.096387785588405e-10,1.636701199458912e-06,0.0,1.989910364151001,1.9899084568023682,5.992242257946145e-10,1.943195911735529e-06,0.0
3211,lbfgs,1.0,1.4733367606822867e-05,1.3096456314087845e-05,2.096387785588405e-10,1.636701199458912e-06,0.0,1.989910364151001,1.9899084568023682,5.992242257946145e-10,1.943195911735529e-06,0.0
3212,lbfgs,1.0,1.4733367606822867e-05,1.3096456314087845e-05,2.096387785588405e-10,1.636701199458912e-06,0.0,1.989910364151001,1.9899084568023682,5.992242257946145e-10,1.943195911735529e-06,0.0
3213,lbfgs,1.0,1.4733367606822867e-05,1.3096456314087845e-05,2.096387785588405e-10,1.636701199458912e-06,0.0,1.989910364151001,1.9899084568023682,5.992242257946145e-10,1.943195911735529e-06,0.0
3214,lbfgs,1.0,1.4733367606822867e-05,1.3096456314087845e-05,2.096387785588405e-10,1.636701199458912e-06,0.0,1.989910364151001,1.9899084568023682,5.992242257946145e-10,1.943195911735529e-06,0.0
3215,lbfgs,1.0,1.4733367606822867e-05,1.3096456314087845e-05,2.096387785588405e-10,1.636701199458912e-06,0.0,1.989910364151001,1.9899084568023682,5.992242257946145e-10,1.943195911735529e-06,0.0
3216,lbfgs,1.0,1.4733367606822867e-05,1.3096456314087845e-05,2.096387785588405e-10,1.636701199458912e-06,0.0,1.989910364151001,1.9899084568023682,5.992242257946145e-10,1.943195911735529e-06,0.0
3217,lbfgs,1.0,1.4733367606822867e-05,1.3096456314087845e-05,2.096387785588405e-10,1.636701199458912e-06,0.0,1.989910364151001,1.9899084568023682,5.992242257946145e-10,1.943195911735529e-06,0.0
3218,lbfgs,1.0,1.4733367606822867e-05,1.3096456314087845e-05,2.096387785588405e-10,1.636701199458912e-06,0.0,1.989910364151001,1.9899084568023682,5.992242257946145e-10,1.943195911735529e-06,0.0
3219,lbfgs,1.0,1.4733367606822867e-05,1.3096456314087845e-05,2.096387785588405e-10,1.636701199458912e-06,0.0,1.989910364151001,1.9899084568023682,5.992242257946145e-10,1.943195911735529e-06,0.0
3220,lbfgs,1.0,1.4733367606822867e-05,1.3096456314087845e-05,2.096387785588405e-10,1.636701199458912e-06,0.0,1.989910364151001,1.9899084568023682,5.992242257946145e-10,1.943195911735529e-06,0.0
3221,lbfgs,1.0,1.4733367606822867e-05,1.3096456314087845e-05,2.096387785588405e-10,1.636701199458912e-06,0.0,1.989910364151001,1.9899084568023682,5.992242257946145e-10,1.943195911735529e-06,0.0
3222,lbfgs,1.0,1.4733367606822867e-05,1.3096456314087845e-05,2.096387785588405e-10,1.636701199458912e-06,0.0,1.989910364151001,1.9899084568023682,5.992242257946145e-10,1.943195911735529e-06,0.0
3223,lbfgs,1.0,1.4733367606822867e-05,1.3096456314087845e-05,2.096387785588405e-10,1.636701199458912e-06,0.0,1.989910364151001,1.9899084568023682,5.992242257946145e-10,1.943195911735529e-06,0.0
3224,lbfgs,1.0,1.4733367606822867e-05,1.3096456314087845e-05,2.096387785588405e-10,1.636701199458912e-06,0.0,1.989910364151001,1.9899084568023682,5.992242257946145e-10,1.943195911735529e-06,0.0
3225,lbfgs,1.0,1.4733367606822867e-05,1.3096456314087845e-05,2.096387785588405e-10,1.636701199458912e-06,0.0,1.989910364151001,1.9899084568023682,5.992242257946145e-10,1.943195911735529e-06,0.0
3226,lbfgs,1.0,1.4733367606822867e-05,1.3096456314087845e-05,2.096387785588405e-10,1.636701199458912e-06,0.0,1.989910364151001,1.9899084568023682,5.992242257946145e-10,1.943195911735529e-06,0.0
3227,lbfgs,1.0,1.4733367606822867e-05,1.3096456314087845e-05,2.096387785588405e-10,1.636701199458912e-06,0.0,1.989910364151001,1.9899084568023682,5.992242257946145e-10,1.943195911735529e-06,0.0
3228,lbfgs,1.0,1.4733367606822867e-05,1.3096456314087845e-05,2.096387785588405e-10,1.636701199458912e-06,0.0,1.989910364151001,1.9899084568023682,5.992242257946145e-10,1.943195911735529e-06,0.0
3229,lbfgs,1.0,1.4733367606822867e-05,1.3096456314087845e-05,2.096387785588405e-10,1.636701199458912e-06,0.0,1.989910364151001,1.9899084568023682,5.992242257946145e-10,1.943195911735529e-06,0.0
3230,lbfgs,1.0,1.4733367606822867e-05,1.3096456314087845e-05,2.096387785588405e-10,1.636701199458912e-06,0.0,1.989910364151001,1.9899084568023682,5.992242257946145e-10,1.943195911735529e-06,0.0
3231,lbfgs,1.0,1.4733367606822867e-05,1.3096456314087845e-05,2.096387785588405e-10,1.636701199458912e-06,0.0,1.989910364151001,1.9899084568023682,5.992242257946145e-10,1.943195911735529e-06,0.0
3232,lbfgs,1.0,1.4733367606822867e-05,1.3096456314087845e-05,2.096387785588405e-10,1.636701199458912e-06,0.0,1.989910364151001,1.9899084568023682,5.992242257946145e-10,1.943195911735529e-06,0.0
3233,lbfgs,1.0,1.4733367606822867e-05,1.3096456314087845e-05,2.096387785588405e-10,1.636701199458912e-06,0.0,1.989910364151001,1.9899084568023682,5.992242257946145e-10,1.943195911735529e-06,0.0
3234,lbfgs,1.0,1.4733367606822867e-05,1.3096456314087845e-05,2.096387785588405e-10,1.636701199458912e-06,0.0,1.989910364151001,1.9899084568023682,5.992242257946145e-10,1.943195911735529e-06,0.0
3235,lbfgs,1.0,1.4733367606822867e-05,1.3096456314087845e-05,2.096387785588405e-10,1.636701199458912e-06,0.0,1.989910364151001,1.9899084568023682,5.992242257946145e-10,1.943195911735529e-06,0.0
3236,lbfgs,1.0,1.4733367606822867e-05,1.3096456314087845e-05,2.096387785588405e-10,1.636701199458912e-06,0.0,1.989910364151001,1.9899084568023682,5.992242257946145e-10,1.943195911735529e-06,0.0
3237,lbfgs,1.0,1.4733367606822867e-05,1.3096456314087845e-05,2.096387785588405e-10,1.636701199458912e-06,0.0,1.989910364151001,1.9899084568023682,5.992242257946145e-10,1.943195911735529e-06,0.0
3238,lbfgs,1.0,1.4733367606822867e-05,1.3096456314087845e-05,2.096387785588405e-10,1.636701199458912e-06,0.0,1.989910364151001,1.9899084568023682,5.992242257946145e-10,1.943195911735529e-06,0.0
3239,lbfgs,1.0,1.4733367606822867e-05,1.3096456314087845e-05,2.096387785588405e-10,1.636701199458912e-06,0.0,1.989910364151001,1.9899084568023682,5.992242257946145e-10,1.943195911735529e-06,0.0
3240,lbfgs,1.0,1.4733367606822867e-05,1.3096456314087845e-05,2.096387785588405e-10,1.636701199458912e-06,0.0,1.989910364151001,1.9899084568023682,5.992242257946145e-10,1.943195911735529e-06,0.0
3241,lbfgs,1.0,1.4733367606822867e-05,1.3096456314087845e-05,2.096387785588405e-10,1.636701199458912e-06,0.0,1.989910364151001,1.9899084568023682,5.992242257946145e-10,1.943195911735529e-06,0.0
3242,lbfgs,1.0,1.4733367606822867e-05,1.3096456314087845e-05,2.096387785588405e-10,1.636701199458912e-06,0.0,1.989910364151001,1.9899084568023682,5.992242257946145e-10,1.943195911735529e-06,0.0
3243,lbfgs,1.0,1.4733367606822867e-05,1.3096456314087845e-05,2.096387785588405e-10,1.636701199458912e-06,0.0,1.989910364151001,1.9899084568023682,5.992242257946145e-10,1.943195911735529e-06,0.0
3244,lbfgs,1.0,1.4733367606822867e-05,1.3096456314087845e-05,2.096387785588405e-10,1.636701199458912e-06,0.0,1.989910364151001,1.9899084568023682,5.992242257946145e-10,1.943195911735529e-06,0.0
3245,lbfgs,1.0,1.4733367606822867e-05,1.3096456314087845e-05,2.096387785588405e-10,1.636701199458912e-06,0.0,1.989910364151001,1.9899084568023682,5.992242257946145e-10,1.943195911735529e-06,0.0
3246,lbfgs,1.0,1.4733367606822867e-05,1.3096456314087845e-05,2.096387785588405e-10,1.636701199458912e-06,0.0,1.989910364151001,1.9899084568023682,5.992242257946145e-10,1.943195911735529e-06,0.0
3247,lbfgs,1.0,1.4733367606822867e-05,1.3096456314087845e-05,2.096387785588405e-10,1.636701199458912e-06,0.0,1.989910364151001,1.9899084568023682,5.992242257946145e-10,1.943195911735529e-06,0.0
3248,lbfgs,1.0,1.4733367606822867e-05,1.3096456314087845e-05,2.096387785588405e-10,1.636701199458912e-06,0.0,1.989910364151001,1.9899084568023682,5.992242257946145e-10,1.943195911735529e-06,0.0
3249,lbfgs,1.0,1.4733367606822867e-05,1.3096456314087845e-05,2.096387785588405e-10,1.636701199458912e-06,0.0,1.989910364151001,1.9899084568023682,5.992242257946145e-10,1.943195911735529e-06,0.0
3250,lbfgs,1.0,1.4733367606822867e-05,1.3096456314087845e-05,2.096387785588405e-10,1.636701199458912e-06,0.0,1.989910364151001,1.9899084568023682,5.992242257946145e-10,1.943195911735529e-06,0.0
3251,lbfgs,1.0,1.4733367606822867e-05,1.3096456314087845e-05,2.096387785588405e-10,1.636701199458912e-06,0.0,1.989910364151001,1.9899084568023682,5.992242257946145e-10,1.943195911735529e-06,0.0
3252,lbfgs,1.0,1.4733367606822867e-05,1.3096456314087845e-05,2.096387785588405e-10,1.636701199458912e-06,0.0,1.989910364151001,1.9899084568023682,5.992242257946145e-10,1.943195911735529e-06,0.0
3253,lbfgs,1.0,1.4733367606822867e-05,1.3096456314087845e-05,2.096387785588405e-10,1.636701199458912e-06,0.0,1.989910364151001,1.9899084568023682,5.992242257946145e-10,1.943195911735529e-06,0.0
3254,lbfgs,1.0,1.4733367606822867e-05,1.3096456314087845e-05,2.096387785588405e-10,1.636701199458912e-06,0.0,1.989910364151001,1.9899084568023682,5.992242257946145e-10,1.943195911735529e-06,0.0
3255,lbfgs,1.0,1.4733367606822867e-05,1.3096456314087845e-05,2.096387785588405e-10,1.636701199458912e-06,0.0,1.989910364151001,1.9899084568023682,5.992242257946145e-10,1.943195911735529e-06,0.0
3256,lbfgs,1.0,1.4733367606822867e-05,1.3096456314087845e-05,2.096387785588405e-10,1.636701199458912e-06,0.0,1.989910364151001,1.9899084568023682,5.992242257946145e-10,1.943195911735529e-06,0.0
3257,lbfgs,1.0,1.4733367606822867e-05,1.3096456314087845e-05,2.096387785588405e-10,1.636701199458912e-06,0.0,1.989910364151001,1.9899084568023682,5.992242257946145e-10,1.943195911735529e-06,0.0
3258,lbfgs,1.0,1.4733367606822867e-05,1.3096456314087845e-05,2.096387785588405e-10,1.636701199458912e-06,0.0,1.989910364151001,1.9899084568023682,5.992242257946145e-10,1.943195911735529e-06,0.0
3259,lbfgs,1.0,1.4733367606822867e-05,1.3096456314087845e-05,2.096387785588405e-10,1.636701199458912e-06,0.0,1.989910364151001,1.9899084568023682,5.992242257946145e-10,1.943195911735529e-06,0.0
3260,lbfgs,1.0,1.4733367606822867e-05,1.3096456314087845e-05,2.096387785588405e-10,1.636701199458912e-06,0.0,1.989910364151001,1.9899084568023682,5.992242257946145e-10,1.943195911735529e-06,0.0
3261,lbfgs,1.0,1.4733367606822867e-05,1.3096456314087845e-05,2.096387785588405e-10,1.636701199458912e-06,0.0,1.989910364151001,1.9899084568023682,5.992242257946145e-10,1.943195911735529e-06,0.0
3262,lbfgs,1.0,1.4733367606822867e-05,1.3096456314087845e-05,2.096387785588405e-10,1.636701199458912e-06,0.0,1.989910364151001,1.9899084568023682,5.992242257946145e-10,1.943195911735529e-06,0.0
3263,lbfgs,1.0,1.4733367606822867e-05,1.3096456314087845e-05,2.096387785588405e-10,1.636701199458912e-06,0.0,1.989910364151001,1.9899084568023682,5.992242257946145e-10,1.943195911735529e-06,0.0
3264,lbfgs,1.0,1.4733367606822867e-05,1.3096456314087845e-05,2.096387785588405e-10,1.636701199458912e-06,0.0,1.989910364151001,1.9899084568023682,5.992242257946145e-10,1.943195911735529e-06,0.0
3265,lbfgs,1.0,1.4733367606822867e-05,1.3096456314087845e-05,2.096387785588405e-10,1.636701199458912e-06,0.0,1.989910364151001,1.9899084568023682,5.992242257946145e-10,1.943195911735529e-06,0.0
3266,lbfgs,1.0,1.4733367606822867e-05,1.3096456314087845e-05,2.096387785588405e-10,1.636701199458912e-06,0.0,1.989910364151001,1.9899084568023682,5.992242257946145e-10,1.943195911735529e-06,0.0
3267,lbfgs,1.0,1.4733367606822867e-05,1.3096456314087845e-05,2.096387785588405e-10,1.636701199458912e-06,0.0,1.989910364151001,1.9899084568023682,5.992242257946145e-10,1.943195911735529e-06,0.0
3268,lbfgs,1.0,1.4733367606822867e-05,1.3096456314087845e-05,2.096387785588405e-10,1.636701199458912e-06,0.0,1.989910364151001,1.9899084568023682,5.992242257946145e-10,1.943195911735529e-06,0.0
3269,lbfgs,1.0,1.4733367606822867e-05,1.3096456314087845e-05,2.096387785588405e-10,1.636701199458912e-06,0.0,1.989910364151001,1.9899084568023682,5.992242257946145e-10,1.943195911735529e-06,0.0
3270,lbfgs,1.0,1.4733367606822867e-05,1.3096456314087845e-05,2.096387785588405e-10,1.636701199458912e-06,0.0,1.989910364151001,1.9899084568023682,5.992242257946145e-10,1.943195911735529e-06,0.0
3271,lbfgs,1.0,1.4733367606822867e-05,1.3096456314087845e-05,2.096387785588405e-10,1.636701199458912e-06,0.0,1.989910364151001,1.9899084568023682,5.992242257946145e-10,1.943195911735529e-06,0.0
3272,lbfgs,1.0,1.4733367606822867e-05,1.3096456314087845e-05,2.096387785588405e-10,1.636701199458912e-06,0.0,1.989910364151001,1.9899084568023682,5.992242257946145e-10,1.943195911735529e-06,0.0
3273,lbfgs,1.0,1.4733367606822867e-05,1.3096456314087845e-05,2.096387785588405e-10,1.636701199458912e-06,0.0,1.989910364151001,1.9899084568023682,5.992242257946145e-10,1.943195911735529e-06,0.0
3274,lbfgs,1.0,1.4733367606822867e-05,1.3096456314087845e-05,2.096387785588405e-10,1.636701199458912e-06,0.0,1.989910364151001,1.9899084568023682,5.992242257946145e-10,1.943195911735529e-06,0.0
3275,lbfgs,1.0,1.4733367606822867e-05,1.3096456314087845e-05,2.096387785588405e-10,1.636701199458912e-06,0.0,1.989910364151001,1.9899084568023682,5.992242257946145e-10,1.943195911735529e-06,0.0
3276,lbfgs,1.0,1.4733367606822867e-05,1.3096456314087845e-05,2.096387785588405e-10,1.636701199458912e-06,0.0,1.989910364151001,1.9899084568023682,5.992242257946145e-10,1.943195911735529e-06,0.0
3277,lbfgs,1.0,1.4733367606822867e-05,1.3096456314087845e-05,2.096387785588405e-10,1.636701199458912e-06,0.0,1.989910364151001,1.9899084568023682,5.992242257946145e-10,1.943195911735529e-06,0.0
3278,lbfgs,1.0,1.4733367606822867e-05,1.3096456314087845e-05,2.096387785588405e-10,1.636701199458912e-06,0.0,1.989910364151001,1.9899084568023682,5.992242257946145e-10,1.943195911735529e-06,0.0
3279,lbfgs,1.0,1.4733367606822867e-05,1.3096456314087845e-05,2.096387785588405e-10,1.636701199458912e-06,0.0,1.989910364151001,1.9899084568023682,5.992242257946145e-10,1.943195911735529e-06,0.0
3280,lbfgs,1.0,1.4733367606822867e-05,1.3096456314087845e-05,2.096387785588405e-10,1.636701199458912e-06,0.0,1.989910364151001,1.9899084568023682,5.992242257946145e-10,1.943195911735529e-06,0.0
3281,lbfgs,1.0,1.4733367606822867e-05,1.3096456314087845e-05,2.096387785588405e-10,1.636701199458912e-06,0.0,1.989910364151001,1.9899084568023682,5.992242257946145e-10,1.943195911735529e-06,0.0
3282,lbfgs,1.0,1.4733367606822867e-05,1.3096456314087845e-05,2.096387785588405e-10,1.636701199458912e-06,0.0,1.989910364151001,1.9899084568023682,5.992242257946145e-10,1.943195911735529e-06,0.0
3283,lbfgs,1.0,1.4733367606822867e-05,1.3096456314087845e-05,2.096387785588405e-10,1.636701199458912e-06,0.0,1.989910364151001,1.9899084568023682,5.992242257946145e-10,1.943195911735529e-06,0.0
3284,lbfgs,1.0,1.4733367606822867e-05,1.3096456314087845e-05,2.096387785588405e-10,1.636701199458912e-06,0.0,1.989910364151001,1.9899084568023682,5.992242257946145e-10,1.943195911735529e-06,0.0
3285,lbfgs,1.0,1.4733367606822867e-05,1.3096456314087845e-05,2.096387785588405e-10,1.636701199458912e-06,0.0,1.989910364151001,1.9899084568023682,5.992242257946145e-10,1.943195911735529e-06,0.0
3286,lbfgs,1.0,1.4733367606822867e-05,1.3096456314087845e-05,2.096387785588405e-10,1.636701199458912e-06,0.0,1.989910364151001,1.9899084568023682,5.992242257946145e-10,1.943195911735529e-06,0.0
3287,lbfgs,1.0,1.4733367606822867e-05,1.3096456314087845e-05,2.096387785588405e-10,1.636701199458912e-06,0.0,1.989910364151001,1.9899084568023682,5.992242257946145e-10,1.943195911735529e-06,0.0
3288,lbfgs,1.0,1.4733367606822867e-05,1.3096456314087845e-05,2.096387785588405e-10,1.636701199458912e-06,0.0,1.989910364151001,1.9899084568023682,5.992242257946145e-10,1.943195911735529e-06,0.0
3289,lbfgs,1.0,1.4733367606822867e-05,1.3096456314087845e-05,2.096387785588405e-10,1.636701199458912e-06,0.0,1.989910364151001,1.9899084568023682,5.992242257946145e-10,1.943195911735529e-06,0.0
3290,lbfgs,1.0,1.4733367606822867e-05,1.3096456314087845e-05,2.096387785588405e-10,1.636701199458912e-06,0.0,1.989910364151001,1.9899084568023682,5.992242257946145e-10,1.943195911735529e-06,0.0
3291,lbfgs,1.0,1.4733367606822867e-05,1.3096456314087845e-05,2.096387785588405e-10,1.636701199458912e-06,0.0,1.989910364151001,1.9899084568023682,5.992242257946145e-10,1.943195911735529e-06,0.0
3292,lbfgs,1.0,1.4733367606822867e-05,1.3096456314087845e-05,2.096387785588405e-10,1.636701199458912e-06,0.0,1.989910364151001,1.9899084568023682,5.992242257946145e-10,1.943195911735529e-06,0.0
3293,lbfgs,1.0,1.4733367606822867e-05,1.3096456314087845e-05,2.096387785588405e-10,1.636701199458912e-06,0.0,1.989910364151001,1.9899084568023682,5.992242257946145e-10,1.943195911735529e-06,0.0
3294,lbfgs,1.0,1.4733367606822867e-05,1.3096456314087845e-05,2.096387785588405e-10,1.636701199458912e-06,0.0,1.989910364151001,1.9899084568023682,5.992242257946145e-10,1.943195911735529e-06,0.0
3295,lbfgs,1.0,1.4733367606822867e-05,1.3096456314087845e-05,2.096387785588405e-10,1.636701199458912e-06,0.0,1.989910364151001,1.9899084568023682,5.992242257946145e-10,1.943195911735529e-06,0.0
3296,lbfgs,1.0,1.4733367606822867e-05,1.3096456314087845e-05,2.096387785588405e-10,1.636701199458912e-06,0.0,1.989910364151001,1.9899084568023682,5.992242257946145e-10,1.943195911735529e-06,0.0
3297,lbfgs,1.0,1.4733367606822867e-05,1.3096456314087845e-05,2.096387785588405e-10,1.636701199458912e-06,0.0,1.989910364151001,1.9899084568023682,5.992242257946145e-10,1.943195911735529e-06,0.0
3298,lbfgs,1.0,1.4733367606822867e-05,1.3096456314087845e-05,2.096387785588405e-10,1.636701199458912e-06,0.0,1.989910364151001,1.9899084568023682,5.992242257946145e-10,1.943195911735529e-06,0.0
3299,lbfgs,1.0,1.4733367606822867e-05,1.3096456314087845e-05,2.096387785588405e-10,1.636701199458912e-06,0.0,1.989910364151001,1.9899084568023682,5.992242257946145e-10,1.943195911735529e-06,0.0
3300,lbfgs,1.0,1.4733367606822867e-05,1.3096456314087845e-05,2.096387785588405e-10,1.636701199458912e-06,0.0,1.989910364151001,1.9899084568023682,5.992242257946145e-10,1.943195911735529e-06,0.0
3301,lbfgs,1.0,1.4733367606822867e-05,1.3096456314087845e-05,2.096387785588405e-10,1.636701199458912e-06,0.0,1.989910364151001,1.9899084568023682,5.992242257946145e-10,1.943195911735529e-06,0.0
3302,lbfgs,1.0,1.4733367606822867e-05,1.3096456314087845e-05,2.096387785588405e-10,1.636701199458912e-06,0.0,1.989910364151001,1.9899084568023682,5.992242257946145e-10,1.943195911735529e-06,0.0
3303,lbfgs,1.0,1.4733367606822867e-05,1.3096456314087845e-05,2.096387785588405e-10,1.636701199458912e-06,0.0,1.989910364151001,1.9899084568023682,5.992242257946145e-10,1.943195911735529e-06,0.0
3304,lbfgs,1.0,1.4733367606822867e-05,1.3096456314087845e-05,2.096387785588405e-10,1.636701199458912e-06,0.0,1.989910364151001,1.9899084568023682,5.992242257946145e-10,1.943195911735529e-06,0.0
3305,lbfgs,1.0,1.4733367606822867e-05,1.3096456314087845e-05,2.096387785588405e-10,1.636701199458912e-06,0.0,1.989910364151001,1.9899084568023682,5.992242257946145e-10,1.943195911735529e-06,0.0
3306,lbfgs,1.0,1.4733367606822867e-05,1.3096456314087845e-05,2.096387785588405e-10,1.636701199458912e-06,0.0,1.989910364151001,1.9899084568023682,5.992242257946145e-10,1.943195911735529e-06,0.0
3307,lbfgs,1.0,1.4733367606822867e-05,1.3096456314087845e-05,2.096387785588405e-10,1.636701199458912e-06,0.0,1.989910364151001,1.9899084568023682,5.992242257946145e-10,1.943195911735529e-06,0.0
3308,lbfgs,1.0,1.4733367606822867e-05,1.3096456314087845e-05,2.096387785588405e-10,1.636701199458912e-06,0.0,1.989910364151001,1.9899084568023682,5.992242257946145e-10,1.943195911735529e-06,0.0
3309,lbfgs,1.0,1.4733367606822867e-05,1.3096456314087845e-05,2.096387785588405e-10,1.636701199458912e-06,0.0,1.989910364151001,1.9899084568023682,5.992242257946145e-10,1.943195911735529e-06,0.0
3310,lbfgs,1.0,1.4733367606822867e-05,1.3096456314087845e-05,2.096387785588405e-10,1.636701199458912e-06,0.0,1.989910364151001,1.9899084568023682,5.992242257946145e-10,1.943195911735529e-06,0.0
3311,lbfgs,1.0,1.4733367606822867e-05,1.3096456314087845e-05,2.096387785588405e-10,1.636701199458912e-06,0.0,1.989910364151001,1.9899084568023682,5.992242257946145e-10,1.943195911735529e-06,0.0
3312,lbfgs,1.0,1.4733367606822867e-05,1.3096456314087845e-05,2.096387785588405e-10,1.636701199458912e-06,0.0,1.989910364151001,1.9899084568023682,5.992242257946145e-10,1.943195911735529e-06,0.0
3313,lbfgs,1.0,1.4733367606822867e-05,1.3096456314087845e-05,2.096387785588405e-10,1.636701199458912e-06,0.0,1.989910364151001,1.9899084568023682,5.992242257946145e-10,1.943195911735529e-06,0.0
3314,lbfgs,1.0,1.4733367606822867e-05,1.3096456314087845e-05,2.096387785588405e-10,1.636701199458912e-06,0.0,1.989910364151001,1.9899084568023682,5.992242257946145e-10,1.943195911735529e-06,0.0
3315,lbfgs,1.0,1.4733367606822867e-05,1.3096456314087845e-05,2.096387785588405e-10,1.636701199458912e-06,0.0,1.989910364151001,1.9899084568023682,5.992242257946145e-10,1.943195911735529e-06,0.0
3316,lbfgs,1.0,1.4733367606822867e-05,1.3096456314087845e-05,2.096387785588405e-10,1.636701199458912e-06,0.0,1.989910364151001,1.9899084568023682,5.992242257946145e-10,1.943195911735529e-06,0.0
3317,lbfgs,1.0,1.4733367606822867e-05,1.3096456314087845e-05,2.096387785588405e-10,1.636701199458912e-06,0.0,1.989910364151001,1.9899084568023682,5.992242257946145e-10,1.943195911735529e-06,0.0
3318,lbfgs,1.0,1.4733367606822867e-05,1.3096456314087845e-05,2.096387785588405e-10,1.636701199458912e-06,0.0,1.989910364151001,1.9899084568023682,5.992242257946145e-10,1.943195911735529e-06,0.0
3319,lbfgs,1.0,1.4733367606822867e-05,1.3096456314087845e-05,2.096387785588405e-10,1.636701199458912e-06,0.0,1.989910364151001,1.9899084568023682,5.992242257946145e-10,1.943195911735529e-06,0.0
3320,lbfgs,1.0,1.4733367606822867e-05,1.3096456314087845e-05,2.096387785588405e-10,1.636701199458912e-06,0.0,1.989910364151001,1.9899084568023682,5.992242257946145e-10,1.943195911735529e-06,0.0
3321,lbfgs,1.0,1.4733367606822867e-05,1.3096456314087845e-05,2.096387785588405e-10,1.636701199458912e-06,0.0,1.989910364151001,1.9899084568023682,5.992242257946145e-10,1.943195911735529e-06,0.0
3322,lbfgs,1.0,1.4733367606822867e-05,1.3096456314087845e-05,2.096387785588405e-10,1.636701199458912e-06,0.0,1.989910364151001,1.9899084568023682,5.992242257946145e-10,1.943195911735529e-06,0.0
3323,lbfgs,1.0,1.4733367606822867e-05,1.3096456314087845e-05,2.096387785588405e-10,1.636701199458912e-06,0.0,1.989910364151001,1.9899084568023682,5.992242257946145e-10,1.943195911735529e-06,0.0
3324,lbfgs,1.0,1.4733367606822867e-05,1.3096456314087845e-05,2.096387785588405e-10,1.636701199458912e-06,0.0,1.989910364151001,1.9899084568023682,5.992242257946145e-10,1.943195911735529e-06,0.0
3325,lbfgs,1.0,1.4733367606822867e-05,1.3096456314087845e-05,2.096387785588405e-10,1.636701199458912e-06,0.0,1.989910364151001,1.9899084568023682,5.992242257946145e-10,1.943195911735529e-06,0.0
3326,lbfgs,1.0,1.4733367606822867e-05,1.3096456314087845e-05,2.096387785588405e-10,1.636701199458912e-06,0.0,1.989910364151001,1.9899084568023682,5.992242257946145e-10,1.943195911735529e-06,0.0
3327,lbfgs,1.0,1.4733367606822867e-05,1.3096456314087845e-05,2.096387785588405e-10,1.636701199458912e-06,0.0,1.989910364151001,1.9899084568023682,5.992242257946145e-10,1.943195911735529e-06,0.0
3328,lbfgs,1.0,1.4733367606822867e-05,1.3096456314087845e-05,2.096387785588405e-10,1.636701199458912e-06,0.0,1.989910364151001,1.9899084568023682,5.992242257946145e-10,1.943195911735529e-06,0.0
3329,lbfgs,1.0,1.4733367606822867e-05,1.3096456314087845e-05,2.096387785588405e-10,1.636701199458912e-06,0.0,1.989910364151001,1.9899084568023682,5.992242257946145e-10,1.943195911735529e-06,0.0
3330,lbfgs,1.0,1.4733367606822867e-05,1.3096456314087845e-05,2.096387785588405e-10,1.636701199458912e-06,0.0,1.989910364151001,1.9899084568023682,5.992242257946145e-10,1.943195911735529e-06,0.0
3331,lbfgs,1.0,1.4733367606822867e-05,1.3096456314087845e-05,2.096387785588405e-10,1.636701199458912e-06,0.0,1.989910364151001,1.9899084568023682,5.992242257946145e-10,1.943195911735529e-06,0.0
3332,lbfgs,1.0,1.4733367606822867e-05,1.3096456314087845e-05,2.096387785588405e-10,1.636701199458912e-06,0.0,1.989910364151001,1.9899084568023682,5.992242257946145e-10,1.943195911735529e-06,0.0
3333,lbfgs,1.0,1.4733367606822867e-05,1.3096456314087845e-05,2.096387785588405e-10,1.636701199458912e-06,0.0,1.989910364151001,1.9899084568023682,5.992242257946145e-10,1.943195911735529e-06,0.0
3334,lbfgs,1.0,1.4733367606822867e-05,1.3096456314087845e-05,2.096387785588405e-10,1.636701199458912e-06,0.0,1.989910364151001,1.9899084568023682,5.992242257946145e-10,1.943195911735529e-06,0.0
3335,lbfgs,1.0,1.4733367606822867e-05,1.3096456314087845e-05,2.096387785588405e-10,1.636701199458912e-06,0.0,1.989910364151001,1.9899084568023682,5.992242257946145e-10,1.943195911735529e-06,0.0
3336,lbfgs,1.0,1.4733367606822867e-05,1.3096456314087845e-05,2.096387785588405e-10,1.636701199458912e-06,0.0,1.989910364151001,1.9899084568023682,5.992242257946145e-10,1.943195911735529e-06,0.0
3337,lbfgs,1.0,1.4733367606822867e-05,1.3096456314087845e-05,2.096387785588405e-10,1.636701199458912e-06,0.0,1.989910364151001,1.9899084568023682,5.992242257946145e-10,1.943195911735529e-06,0.0
3338,lbfgs,1.0,1.4733367606822867e-05,1.3096456314087845e-05,2.096387785588405e-10,1.636701199458912e-06,0.0,1.989910364151001,1.9899084568023682,5.992242257946145e-10,1.943195911735529e-06,0.0
3339,lbfgs,1.0,1.4733367606822867e-05,1.3096456314087845e-05,2.096387785588405e-10,1.636701199458912e-06,0.0,1.989910364151001,1.9899084568023682,5.992242257946145e-10,1.943195911735529e-06,0.0
3340,lbfgs,1.0,1.4733367606822867e-05,1.3096456314087845e-05,2.096387785588405e-10,1.636701199458912e-06,0.0,1.989910364151001,1.9899084568023682,5.992242257946145e-10,1.943195911735529e-06,0.0
3341,lbfgs,1.0,1.4733367606822867e-05,1.3096456314087845e-05,2.096387785588405e-10,1.636701199458912e-06,0.0,1.989910364151001,1.9899084568023682,5.992242257946145e-10,1.943195911735529e-06,0.0
3342,lbfgs,1.0,1.4733367606822867e-05,1.3096456314087845e-05,2.096387785588405e-10,1.636701199458912e-06,0.0,1.989910364151001,1.9899084568023682,5.992242257946145e-10,1.943195911735529e-06,0.0
3343,lbfgs,1.0,1.4733367606822867e-05,1.3096456314087845e-05,2.096387785588405e-10,1.636701199458912e-06,0.0,1.989910364151001,1.9899084568023682,5.992242257946145e-10,1.943195911735529e-06,0.0
3344,lbfgs,1.0,1.4733367606822867e-05,1.3096456314087845e-05,2.096387785588405e-10,1.636701199458912e-06,0.0,1.989910364151001,1.9899084568023682,5.992242257946145e-10,1.943195911735529e-06,0.0
3345,lbfgs,1.0,1.4733367606822867e-05,1.3096456314087845e-05,2.096387785588405e-10,1.636701199458912e-06,0.0,1.989910364151001,1.9899084568023682,5.992242257946145e-10,1.943195911735529e-06,0.0
3346,lbfgs,1.0,1.4733367606822867e-05,1.3096456314087845e-05,2.096387785588405e-10,1.636701199458912e-06,0.0,1.989910364151001,1.9899084568023682,5.992242257946145e-10,1.943195911735529e-06,0.0
3347,lbfgs,1.0,1.4733367606822867e-05,1.3096456314087845e-05,2.096387785588405e-10,1.636701199458912e-06,0.0,1.989910364151001,1.9899084568023682,5.992242257946145e-10,1.943195911735529e-06,0.0
3348,lbfgs,1.0,1.4733367606822867e-05,1.3096456314087845e-05,2.096387785588405e-10,1.636701199458912e-06,0.0,1.989910364151001,1.9899084568023682,5.992242257946145e-10,1.943195911735529e-06,0.0
3349,lbfgs,1.0,1.4733367606822867e-05,1.3096456314087845e-05,2.096387785588405e-10,1.636701199458912e-06,0.0,1.989910364151001,1.9899084568023682,5.992242257946145e-10,1.943195911735529e-06,0.0
3350,lbfgs,1.0,1.4733367606822867e-05,1.3096456314087845e-05,2.096387785588405e-10,1.636701199458912e-06,0.0,1.989910364151001,1.9899084568023682,5.992242257946145e-10,1.943195911735529e-06,0.0
3351,lbfgs,1.0,1.4733367606822867e-05,1.3096456314087845e-05,2.096387785588405e-10,1.636701199458912e-06,0.0,1.989910364151001,1.9899084568023682,5.992242257946145e-10,1.943195911735529e-06,0.0
3352,lbfgs,1.0,1.4733367606822867e-05,1.3096456314087845e-05,2.096387785588405e-10,1.636701199458912e-06,0.0,1.989910364151001,1.9899084568023682,5.992242257946145e-10,1.943195911735529e-06,0.0
3353,lbfgs,1.0,1.4733367606822867e-05,1.3096456314087845e-05,2.096387785588405e-10,1.636701199458912e-06,0.0,1.989910364151001,1.9899084568023682,5.992242257946145e-10,1.943195911735529e-06,0.0
3354,lbfgs,1.0,1.4733367606822867e-05,1.3096456314087845e-05,2.096387785588405e-10,1.636701199458912e-06,0.0,1.989910364151001,1.9899084568023682,5.992242257946145e-10,1.943195911735529e-06,0.0
3355,lbfgs,1.0,1.4733367606822867e-05,1.3096456314087845e-05,2.096387785588405e-10,1.636701199458912e-06,0.0,1.989910364151001,1.9899084568023682,5.992242257946145e-10,1.943195911735529e-06,0.0
3356,lbfgs,1.0,1.4733367606822867e-05,1.3096456314087845e-05,2.096387785588405e-10,1.636701199458912e-06,0.0,1.989910364151001,1.9899084568023682,5.992242257946145e-10,1.943195911735529e-06,0.0
3357,lbfgs,1.0,1.4733367606822867e-05,1.3096456314087845e-05,2.096387785588405e-10,1.636701199458912e-06,0.0,1.989910364151001,1.9899084568023682,5.992242257946145e-10,1.943195911735529e-06,0.0
3358,lbfgs,1.0,1.4733367606822867e-05,1.3096456314087845e-05,2.096387785588405e-10,1.636701199458912e-06,0.0,1.989910364151001,1.9899084568023682,5.992242257946145e-10,1.943195911735529e-06,0.0
3359,lbfgs,1.0,1.4733367606822867e-05,1.3096456314087845e-05,2.096387785588405e-10,1.636701199458912e-06,0.0,1.989910364151001,1.9899084568023682,5.992242257946145e-10,1.943195911735529e-06,0.0
3360,lbfgs,1.0,1.4733367606822867e-05,1.3096456314087845e-05,2.096387785588405e-10,1.636701199458912e-06,0.0,1.989910364151001,1.9899084568023682,5.992242257946145e-10,1.943195911735529e-06,0.0
3361,lbfgs,1.0,1.4733367606822867e-05,1.3096456314087845e-05,2.096387785588405e-10,1.636701199458912e-06,0.0,1.989910364151001,1.9899084568023682,5.992242257946145e-10,1.943195911735529e-06,0.0
3362,lbfgs,1.0,1.4733367606822867e-05,1.3096456314087845e-05,2.096387785588405e-10,1.636701199458912e-06,0.0,1.989910364151001,1.9899084568023682,5.992242257946145e-10,1.943195911735529e-06,0.0
3363,lbfgs,1.0,1.4733367606822867e-05,1.3096456314087845e-05,2.096387785588405e-10,1.636701199458912e-06,0.0,1.989910364151001,1.9899084568023682,5.992242257946145e-10,1.943195911735529e-06,0.0
3364,lbfgs,1.0,1.4733367606822867e-05,1.3096456314087845e-05,2.096387785588405e-10,1.636701199458912e-06,0.0,1.989910364151001,1.9899084568023682,5.992242257946145e-10,1.943195911735529e-06,0.0
3365,lbfgs,1.0,1.4733367606822867e-05,1.3096456314087845e-05,2.096387785588405e-10,1.636701199458912e-06,0.0,1.989910364151001,1.9899084568023682,5.992242257946145e-10,1.943195911735529e-06,0.0
3366,lbfgs,1.0,1.4733367606822867e-05,1.3096456314087845e-05,2.096387785588405e-10,1.636701199458912e-06,0.0,1.989910364151001,1.9899084568023682,5.992242257946145e-10,1.943195911735529e-06,0.0
3367,lbfgs,1.0,1.4733367606822867e-05,1.3096456314087845e-05,2.096387785588405e-10,1.636701199458912e-06,0.0,1.989910364151001,1.9899084568023682,5.992242257946145e-10,1.943195911735529e-06,0.0
3368,lbfgs,1.0,1.4733367606822867e-05,1.3096456314087845e-05,2.096387785588405e-10,1.636701199458912e-06,0.0,1.989910364151001,1.9899084568023682,5.992242257946145e-10,1.943195911735529e-06,0.0
3369,lbfgs,1.0,1.4733367606822867e-05,1.3096456314087845e-05,2.096387785588405e-10,1.636701199458912e-06,0.0,1.989910364151001,1.9899084568023682,5.992242257946145e-10,1.943195911735529e-06,0.0
3370,lbfgs,1.0,1.4733367606822867e-05,1.3096456314087845e-05,2.096387785588405e-10,1.636701199458912e-06,0.0,1.989910364151001,1.9899084568023682,5.992242257946145e-10,1.943195911735529e-06,0.0
3371,lbfgs,1.0,1.4733367606822867e-05,1.3096456314087845e-05,2.096387785588405e-10,1.636701199458912e-06,0.0,1.989910364151001,1.9899084568023682,5.992242257946145e-10,1.943195911735529e-06,0.0
3372,lbfgs,1.0,1.4733367606822867e-05,1.3096456314087845e-05,2.096387785588405e-10,1.636701199458912e-06,0.0,1.989910364151001,1.9899084568023682,5.992242257946145e-10,1.943195911735529e-06,0.0
3373,lbfgs,1.0,1.4733367606822867e-05,1.3096456314087845e-05,2.096387785588405e-10,1.636701199458912e-06,0.0,1.989910364151001,1.9899084568023682,5.992242257946145e-10,1.943195911735529e-06,0.0
3374,lbfgs,1.0,1.4733367606822867e-05,1.3096456314087845e-05,2.096387785588405e-10,1.636701199458912e-06,0.0,1.989910364151001,1.9899084568023682,5.992242257946145e-10,1.943195911735529e-06,0.0
3375,lbfgs,1.0,1.4733367606822867e-05,1.3096456314087845e-05,2.096387785588405e-10,1.636701199458912e-06,0.0,1.989910364151001,1.9899084568023682,5.992242257946145e-10,1.943195911735529e-06,0.0
3376,lbfgs,1.0,1.4733367606822867e-05,1.3096456314087845e-05,2.096387785588405e-10,1.636701199458912e-06,0.0,1.989910364151001,1.9899084568023682,5.992242257946145e-10,1.943195911735529e-06,0.0
3377,lbfgs,1.0,1.4733367606822867e-05,1.3096456314087845e-05,2.096387785588405e-10,1.636701199458912e-06,0.0,1.989910364151001,1.9899084568023682,5.992242257946145e-10,1.943195911735529e-06,0.0
3378,lbfgs,1.0,1.4733367606822867e-05,1.3096456314087845e-05,2.096387785588405e-10,1.636701199458912e-06,0.0,1.989910364151001,1.9899084568023682,5.992242257946145e-10,1.943195911735529e-06,0.0
3379,lbfgs,1.0,1.4733367606822867e-05,1.3096456314087845e-05,2.096387785588405e-10,1.636701199458912e-06,0.0,1.989910364151001,1.9899084568023682,5.992242257946145e-10,1.943195911735529e-06,0.0
3380,lbfgs,1.0,1.4733367606822867e-05,1.3096456314087845e-05,2.096387785588405e-10,1.636701199458912e-06,0.0,1.989910364151001,1.9899084568023682,5.992242257946145e-10,1.943195911735529e-06,0.0
3381,lbfgs,1.0,1.4733367606822867e-05,1.3096456314087845e-05,2.096387785588405e-10,1.636701199458912e-06,0.0,1.989910364151001,1.9899084568023682,5.992242257946145e-10,1.943195911735529e-06,0.0
3382,lbfgs,1.0,1.4733367606822867e-05,1.3096456314087845e-05,2.096387785588405e-10,1.636701199458912e-06,0.0,1.989910364151001,1.9899084568023682,5.992242257946145e-10,1.943195911735529e-06,0.0
3383,lbfgs,1.0,1.4733367606822867e-05,1.3096456314087845e-05,2.096387785588405e-10,1.636701199458912e-06,0.0,1.989910364151001,1.9899084568023682,5.992242257946145e-10,1.943195911735529e-06,0.0
3384,lbfgs,1.0,1.4733367606822867e-05,1.3096456314087845e-05,2.096387785588405e-10,1.636701199458912e-06,0.0,1.989910364151001,1.9899084568023682,5.992242257946145e-10,1.943195911735529e-06,0.0
3385,lbfgs,1.0,1.4733367606822867e-05,1.3096456314087845e-05,2.096387785588405e-10,1.636701199458912e-06,0.0,1.989910364151001,1.9899084568023682,5.992242257946145e-10,1.943195911735529e-06,0.0
3386,lbfgs,1.0,1.4733367606822867e-05,1.3096456314087845e-05,2.096387785588405e-10,1.636701199458912e-06,0.0,1.989910364151001,1.9899084568023682,5.992242257946145e-10,1.943195911735529e-06,0.0
3387,lbfgs,1.0,1.4733367606822867e-05,1.3096456314087845e-05,2.096387785588405e-10,1.636701199458912e-06,0.0,1.989910364151001,1.9899084568023682,5.992242257946145e-10,1.943195911735529e-06,0.0
3388,lbfgs,1.0,1.4733367606822867e-05,1.3096456314087845e-05,2.096387785588405e-10,1.636701199458912e-06,0.0,1.989910364151001,1.9899084568023682,5.992242257946145e-10,1.943195911735529e-06,0.0
3389,lbfgs,1.0,1.4733367606822867e-05,1.3096456314087845e-05,2.096387785588405e-10,1.636701199458912e-06,0.0,1.989910364151001,1.9899084568023682,5.992242257946145e-10,1.943195911735529e-06,0.0
3390,lbfgs,1.0,1.4733367606822867e-05,1.3096456314087845e-05,2.096387785588405e-10,1.636701199458912e-06,0.0,1.989910364151001,1.9899084568023682,5.992242257946145e-10,1.943195911735529e-06,0.0
3391,lbfgs,1.0,1.4733367606822867e-05,1.3096456314087845e-05,2.096387785588405e-10,1.636701199458912e-06,0.0,1.989910364151001,1.9899084568023682,5.992242257946145e-10,1.943195911735529e-06,0.0
3392,lbfgs,1.0,1.4733367606822867e-05,1.3096456314087845e-05,2.096387785588405e-10,1.636701199458912e-06,0.0,1.989910364151001,1.9899084568023682,5.992242257946145e-10,1.943195911735529e-06,0.0
3393,lbfgs,1.0,1.4733367606822867e-05,1.3096456314087845e-05,2.096387785588405e-10,1.636701199458912e-06,0.0,1.989910364151001,1.9899084568023682,5.992242257946145e-10,1.943195911735529e-06,0.0
3394,lbfgs,1.0,1.4733367606822867e-05,1.3096456314087845e-05,2.096387785588405e-10,1.636701199458912e-06,0.0,1.989910364151001,1.9899084568023682,5.992242257946145e-10,1.943195911735529e-06,0.0
3395,lbfgs,1.0,1.4733367606822867e-05,1.3096456314087845e-05,2.096387785588405e-10,1.636701199458912e-06,0.0,1.989910364151001,1.9899084568023682,5.992242257946145e-10,1.943195911735529e-06,0.0
3396,lbfgs,1.0,1.4733367606822867e-05,1.3096456314087845e-05,2.096387785588405e-10,1.636701199458912e-06,0.0,1.989910364151001,1.9899084568023682,5.992242257946145e-10,1.943195911735529e-06,0.0
3397,lbfgs,1.0,1.4733367606822867e-05,1.3096456314087845e-05,2.096387785588405e-10,1.636701199458912e-06,0.0,1.989910364151001,1.9899084568023682,5.992242257946145e-10,1.943195911735529e-06,0.0
3398,lbfgs,1.0,1.4733367606822867e-05,1.3096456314087845e-05,2.096387785588405e-10,1.636701199458912e-06,0.0,1.989910364151001,1.9899084568023682,5.992242257946145e-10,1.943195911735529e-06,0.0
3399,lbfgs,1.0,1.4733367606822867e-05,1.3096456314087845e-05,2.096387785588405e-10,1.636701199458912e-06,0.0,1.989910364151001,1.9899084568023682,5.992242257946145e-10,1.943195911735529e-06,0.0
3400,lbfgs,1.0,1.4733367606822867e-05,1.3096456314087845e-05,2.096387785588405e-10,1.636701199458912e-06,0.0,1.989910364151001,1.9899084568023682,5.992242257946145e-10,1.943195911735529e-06,0.0
3401,lbfgs,1.0,1.4733367606822867e-05,1.3096456314087845e-05,2.096387785588405e-10,1.636701199458912e-06,0.0,1.989910364151001,1.9899084568023682,5.992242257946145e-10,1.943195911735529e-06,0.0
3402,lbfgs,1.0,1.4733367606822867e-05,1.3096456314087845e-05,2.096387785588405e-10,1.636701199458912e-06,0.0,1.989910364151001,1.9899084568023682,5.992242257946145e-10,1.943195911735529e-06,0.0
3403,lbfgs,1.0,1.4733367606822867e-05,1.3096456314087845e-05,2.096387785588405e-10,1.636701199458912e-06,0.0,1.989910364151001,1.9899084568023682,5.992242257946145e-10,1.943195911735529e-06,0.0
3404,lbfgs,1.0,1.4733367606822867e-05,1.3096456314087845e-05,2.096387785588405e-10,1.636701199458912e-06,0.0,1.989910364151001,1.9899084568023682,5.992242257946145e-10,1.943195911735529e-06,0.0
3405,lbfgs,1.0,1.4733367606822867e-05,1.3096456314087845e-05,2.096387785588405e-10,1.636701199458912e-06,0.0,1.989910364151001,1.9899084568023682,5.992242257946145e-10,1.943195911735529e-06,0.0
3406,lbfgs,1.0,1.4733367606822867e-05,1.3096456314087845e-05,2.096387785588405e-10,1.636701199458912e-06,0.0,1.989910364151001,1.9899084568023682,5.992242257946145e-10,1.943195911735529e-06,0.0
3407,lbfgs,1.0,1.4733367606822867e-05,1.3096456314087845e-05,2.096387785588405e-10,1.636701199458912e-06,0.0,1.989910364151001,1.9899084568023682,5.992242257946145e-10,1.943195911735529e-06,0.0
3408,lbfgs,1.0,1.4733367606822867e-05,1.3096456314087845e-05,2.096387785588405e-10,1.636701199458912e-06,0.0,1.989910364151001,1.9899084568023682,5.992242257946145e-10,1.943195911735529e-06,0.0
3409,lbfgs,1.0,1.4733367606822867e-05,1.3096456314087845e-05,2.096387785588405e-10,1.636701199458912e-06,0.0,1.989910364151001,1.9899084568023682,5.992242257946145e-10,1.943195911735529e-06,0.0
3410,lbfgs,1.0,1.4733367606822867e-05,1.3096456314087845e-05,2.096387785588405e-10,1.636701199458912e-06,0.0,1.989910364151001,1.9899084568023682,5.992242257946145e-10,1.943195911735529e-06,0.0
3411,lbfgs,1.0,1.4733367606822867e-05,1.3096456314087845e-05,2.096387785588405e-10,1.636701199458912e-06,0.0,1.989910364151001,1.9899084568023682,5.992242257946145e-10,1.943195911735529e-06,0.0
3412,lbfgs,1.0,1.4733367606822867e-05,1.3096456314087845e-05,2.096387785588405e-10,1.636701199458912e-06,0.0,1.989910364151001,1.9899084568023682,5.992242257946145e-10,1.943195911735529e-06,0.0
3413,lbfgs,1.0,1.4733367606822867e-05,1.3096456314087845e-05,2.096387785588405e-10,1.636701199458912e-06,0.0,1.989910364151001,1.9899084568023682,5.992242257946145e-10,1.943195911735529e-06,0.0
3414,lbfgs,1.0,1.4733367606822867e-05,1.3096456314087845e-05,2.096387785588405e-10,1.636701199458912e-06,0.0,1.989910364151001,1.9899084568023682,5.992242257946145e-10,1.943195911735529e-06,0.0
3415,lbfgs,1.0,1.4733367606822867e-05,1.3096456314087845e-05,2.096387785588405e-10,1.636701199458912e-06,0.0,1.989910364151001,1.9899084568023682,5.992242257946145e-10,1.943195911735529e-06,0.0
3416,lbfgs,1.0,1.4733367606822867e-05,1.3096456314087845e-05,2.096387785588405e-10,1.636701199458912e-06,0.0,1.989910364151001,1.9899084568023682,5.992242257946145e-10,1.943195911735529e-06,0.0
3417,lbfgs,1.0,1.4733367606822867e-05,1.3096456314087845e-05,2.096387785588405e-10,1.636701199458912e-06,0.0,1.989910364151001,1.9899084568023682,5.992242257946145e-10,1.943195911735529e-06,0.0
3418,lbfgs,1.0,1.4733367606822867e-05,1.3096456314087845e-05,2.096387785588405e-10,1.636701199458912e-06,0.0,1.989910364151001,1.9899084568023682,5.992242257946145e-10,1.943195911735529e-06,0.0
3419,lbfgs,1.0,1.4733367606822867e-05,1.3096456314087845e-05,2.096387785588405e-10,1.636701199458912e-06,0.0,1.989910364151001,1.9899084568023682,5.992242257946145e-10,1.943195911735529e-06,0.0
3420,lbfgs,1.0,1.4733367606822867e-05,1.3096456314087845e-05,2.096387785588405e-10,1.636701199458912e-06,0.0,1.989910364151001,1.9899084568023682,5.992242257946145e-10,1.943195911735529e-06,0.0
3421,lbfgs,1.0,1.4733367606822867e-05,1.3096456314087845e-05,2.096387785588405e-10,1.636701199458912e-06,0.0,1.989910364151001,1.9899084568023682,5.992242257946145e-10,1.943195911735529e-06,0.0
3422,lbfgs,1.0,1.4733367606822867e-05,1.3096456314087845e-05,2.096387785588405e-10,1.636701199458912e-06,0.0,1.989910364151001,1.9899084568023682,5.992242257946145e-10,1.943195911735529e-06,0.0
3423,lbfgs,1.0,1.4733367606822867e-05,1.3096456314087845e-05,2.096387785588405e-10,1.636701199458912e-06,0.0,1.989910364151001,1.9899084568023682,5.992242257946145e-10,1.943195911735529e-06,0.0
3424,lbfgs,1.0,1.4733367606822867e-05,1.3096456314087845e-05,2.096387785588405e-10,1.636701199458912e-06,0.0,1.989910364151001,1.9899084568023682,5.992242257946145e-10,1.943195911735529e-06,0.0
3425,lbfgs,1.0,1.4733367606822867e-05,1.3096456314087845e-05,2.096387785588405e-10,1.636701199458912e-06,0.0,1.989910364151001,1.9899084568023682,5.992242257946145e-10,1.943195911735529e-06,0.0
3426,lbfgs,1.0,1.4733367606822867e-05,1.3096456314087845e-05,2.096387785588405e-10,1.636701199458912e-06,0.0,1.989910364151001,1.9899084568023682,5.992242257946145e-10,1.943195911735529e-06,0.0
3427,lbfgs,1.0,1.4733367606822867e-05,1.3096456314087845e-05,2.096387785588405e-10,1.636701199458912e-06,0.0,1.989910364151001,1.9899084568023682,5.992242257946145e-10,1.943195911735529e-06,0.0
3428,lbfgs,1.0,1.4733367606822867e-05,1.3096456314087845e-05,2.096387785588405e-10,1.636701199458912e-06,0.0,1.989910364151001,1.9899084568023682,5.992242257946145e-10,1.943195911735529e-06,0.0
3429,lbfgs,1.0,1.4733367606822867e-05,1.3096456314087845e-05,2.096387785588405e-10,1.636701199458912e-06,0.0,1.989910364151001,1.9899084568023682,5.992242257946145e-10,1.943195911735529e-06,0.0
3430,lbfgs,1.0,1.4733367606822867e-05,1.3096456314087845e-05,2.096387785588405e-10,1.636701199458912e-06,0.0,1.989910364151001,1.9899084568023682,5.992242257946145e-10,1.943195911735529e-06,0.0
3431,lbfgs,1.0,1.4733367606822867e-05,1.3096456314087845e-05,2.096387785588405e-10,1.636701199458912e-06,0.0,1.989910364151001,1.9899084568023682,5.992242257946145e-10,1.943195911735529e-06,0.0
3432,lbfgs,1.0,1.4733367606822867e-05,1.3096456314087845e-05,2.096387785588405e-10,1.636701199458912e-06,0.0,1.989910364151001,1.9899084568023682,5.992242257946145e-10,1.943195911735529e-06,0.0
3433,lbfgs,1.0,1.4733367606822867e-05,1.3096456314087845e-05,2.096387785588405e-10,1.636701199458912e-06,0.0,1.989910364151001,1.9899084568023682,5.992242257946145e-10,1.943195911735529e-06,0.0
3434,lbfgs,1.0,1.4733367606822867e-05,1.3096456314087845e-05,2.096387785588405e-10,1.636701199458912e-06,0.0,1.989910364151001,1.9899084568023682,5.992242257946145e-10,1.943195911735529e-06,0.0
3435,lbfgs,1.0,1.4733367606822867e-05,1.3096456314087845e-05,2.096387785588405e-10,1.636701199458912e-06,0.0,1.989910364151001,1.9899084568023682,5.992242257946145e-10,1.943195911735529e-06,0.0
3436,lbfgs,1.0,1.4733367606822867e-05,1.3096456314087845e-05,2.096387785588405e-10,1.636701199458912e-06,0.0,1.989910364151001,1.9899084568023682,5.992242257946145e-10,1.943195911735529e-06,0.0
3437,lbfgs,1.0,1.4733367606822867e-05,1.3096456314087845e-05,2.096387785588405e-10,1.636701199458912e-06,0.0,1.989910364151001,1.9899084568023682,5.992242257946145e-10,1.943195911735529e-06,0.0
3438,lbfgs,1.0,1.4733367606822867e-05,1.3096456314087845e-05,2.096387785588405e-10,1.636701199458912e-06,0.0,1.989910364151001,1.9899084568023682,5.992242257946145e-10,1.943195911735529e-06,0.0
3439,lbfgs,1.0,1.4733367606822867e-05,1.3096456314087845e-05,2.096387785588405e-10,1.636701199458912e-06,0.0,1.989910364151001,1.9899084568023682,5.992242257946145e-10,1.943195911735529e-06,0.0
3440,lbfgs,1.0,1.4733367606822867e-05,1.3096456314087845e-05,2.096387785588405e-10,1.636701199458912e-06,0.0,1.989910364151001,1.9899084568023682,5.992242257946145e-10,1.943195911735529e-06,0.0
3441,lbfgs,1.0,1.4733367606822867e-05,1.3096456314087845e-05,2.096387785588405e-10,1.636701199458912e-06,0.0,1.989910364151001,1.9899084568023682,5.992242257946145e-10,1.943195911735529e-06,0.0
3442,lbfgs,1.0,1.4733367606822867e-05,1.3096456314087845e-05,2.096387785588405e-10,1.636701199458912e-06,0.0,1.989910364151001,1.9899084568023682,5.992242257946145e-10,1.943195911735529e-06,0.0
3443,lbfgs,1.0,1.4733367606822867e-05,1.3096456314087845e-05,2.096387785588405e-10,1.636701199458912e-06,0.0,1.989910364151001,1.9899084568023682,5.992242257946145e-10,1.943195911735529e-06,0.0
3444,lbfgs,1.0,1.4733367606822867e-05,1.3096456314087845e-05,2.096387785588405e-10,1.636701199458912e-06,0.0,1.989910364151001,1.9899084568023682,5.992242257946145e-10,1.943195911735529e-06,0.0
3445,lbfgs,1.0,1.4733367606822867e-05,1.3096456314087845e-05,2.096387785588405e-10,1.636701199458912e-06,0.0,1.989910364151001,1.9899084568023682,5.992242257946145e-10,1.943195911735529e-06,0.0
3446,lbfgs,1.0,1.4733367606822867e-05,1.3096456314087845e-05,2.096387785588405e-10,1.636701199458912e-06,0.0,1.989910364151001,1.9899084568023682,5.992242257946145e-10,1.943195911735529e-06,0.0
3447,lbfgs,1.0,1.4733367606822867e-05,1.3096456314087845e-05,2.096387785588405e-10,1.636701199458912e-06,0.0,1.989910364151001,1.9899084568023682,5.992242257946145e-10,1.943195911735529e-06,0.0
3448,lbfgs,1.0,1.4733367606822867e-05,1.3096456314087845e-05,2.096387785588405e-10,1.636701199458912e-06,0.0,1.989910364151001,1.9899084568023682,5.992242257946145e-10,1.943195911735529e-06,0.0
3449,lbfgs,1.0,1.4733367606822867e-05,1.3096456314087845e-05,2.096387785588405e-10,1.636701199458912e-06,0.0,1.989910364151001,1.9899084568023682,5.992242257946145e-10,1.943195911735529e-06,0.0
3450,lbfgs,1.0,1.4733367606822867e-05,1.3096456314087845e-05,2.096387785588405e-10,1.636701199458912e-06,0.0,1.989910364151001,1.9899084568023682,5.992242257946145e-10,1.943195911735529e-06,0.0
3451,lbfgs,1.0,1.4733367606822867e-05,1.3096456314087845e-05,2.096387785588405e-10,1.636701199458912e-06,0.0,1.989910364151001,1.9899084568023682,5.992242257946145e-10,1.943195911735529e-06,0.0
3452,lbfgs,1.0,1.4733367606822867e-05,1.3096456314087845e-05,2.096387785588405e-10,1.636701199458912e-06,0.0,1.989910364151001,1.9899084568023682,5.992242257946145e-10,1.943195911735529e-06,0.0
3453,lbfgs,1.0,1.4733367606822867e-05,1.3096456314087845e-05,2.096387785588405e-10,1.636701199458912e-06,0.0,1.989910364151001,1.9899084568023682,5.992242257946145e-10,1.943195911735529e-06,0.0
3454,lbfgs,1.0,1.4733367606822867e-05,1.3096456314087845e-05,2.096387785588405e-10,1.636701199458912e-06,0.0,1.989910364151001,1.9899084568023682,5.992242257946145e-10,1.943195911735529e-06,0.0
3455,lbfgs,1.0,1.4733367606822867e-05,1.3096456314087845e-05,2.096387785588405e-10,1.636701199458912e-06,0.0,1.989910364151001,1.9899084568023682,5.992242257946145e-10,1.943195911735529e-06,0.0
3456,lbfgs,1.0,1.4733367606822867e-05,1.3096456314087845e-05,2.096387785588405e-10,1.636701199458912e-06,0.0,1.989910364151001,1.9899084568023682,5.992242257946145e-10,1.943195911735529e-06,0.0
3457,lbfgs,1.0,1.4733367606822867e-05,1.3096456314087845e-05,2.096387785588405e-10,1.636701199458912e-06,0.0,1.989910364151001,1.9899084568023682,5.992242257946145e-10,1.943195911735529e-06,0.0
3458,lbfgs,1.0,1.4733367606822867e-05,1.3096456314087845e-05,2.096387785588405e-10,1.636701199458912e-06,0.0,1.989910364151001,1.9899084568023682,5.992242257946145e-10,1.943195911735529e-06,0.0
3459,lbfgs,1.0,1.4733367606822867e-05,1.3096456314087845e-05,2.096387785588405e-10,1.636701199458912e-06,0.0,1.989910364151001,1.9899084568023682,5.992242257946145e-10,1.943195911735529e-06,0.0
3460,lbfgs,1.0,1.4733367606822867e-05,1.3096456314087845e-05,2.096387785588405e-10,1.636701199458912e-06,0.0,1.989910364151001,1.9899084568023682,5.992242257946145e-10,1.943195911735529e-06,0.0
3461,lbfgs,1.0,1.4733367606822867e-05,1.3096456314087845e-05,2.096387785588405e-10,1.636701199458912e-06,0.0,1.989910364151001,1.9899084568023682,5.992242257946145e-10,1.943195911735529e-06,0.0
3462,lbfgs,1.0,1.4733367606822867e-05,1.3096456314087845e-05,2.096387785588405e-10,1.636701199458912e-06,0.0,1.989910364151001,1.9899084568023682,5.992242257946145e-10,1.943195911735529e-06,0.0
3463,lbfgs,1.0,1.4733367606822867e-05,1.3096456314087845e-05,2.096387785588405e-10,1.636701199458912e-06,0.0,1.989910364151001,1.9899084568023682,5.992242257946145e-10,1.943195911735529e-06,0.0
3464,lbfgs,1.0,1.4733367606822867e-05,1.3096456314087845e-05,2.096387785588405e-10,1.636701199458912e-06,0.0,1.989910364151001,1.9899084568023682,5.992242257946145e-10,1.943195911735529e-06,0.0
3465,lbfgs,1.0,1.4733367606822867e-05,1.3096456314087845e-05,2.096387785588405e-10,1.636701199458912e-06,0.0,1.989910364151001,1.9899084568023682,5.992242257946145e-10,1.943195911735529e-06,0.0
3466,lbfgs,1.0,1.4733367606822867e-05,1.3096456314087845e-05,2.096387785588405e-10,1.636701199458912e-06,0.0,1.989910364151001,1.9899084568023682,5.992242257946145e-10,1.943195911735529e-06,0.0
3467,lbfgs,1.0,1.4733367606822867e-05,1.3096456314087845e-05,2.096387785588405e-10,1.636701199458912e-06,0.0,1.989910364151001,1.9899084568023682,5.992242257946145e-10,1.943195911735529e-06,0.0
3468,lbfgs,1.0,1.4733367606822867e-05,1.3096456314087845e-05,2.096387785588405e-10,1.636701199458912e-06,0.0,1.989910364151001,1.9899084568023682,5.992242257946145e-10,1.943195911735529e-06,0.0
3469,lbfgs,1.0,1.4733367606822867e-05,1.3096456314087845e-05,2.096387785588405e-10,1.636701199458912e-06,0.0,1.989910364151001,1.9899084568023682,5.992242257946145e-10,1.943195911735529e-06,0.0
3470,lbfgs,1.0,1.4733367606822867e-05,1.3096456314087845e-05,2.096387785588405e-10,1.636701199458912e-06,0.0,1.989910364151001,1.9899084568023682,5.992242257946145e-10,1.943195911735529e-06,0.0
3471,lbfgs,1.0,1.4733367606822867e-05,1.3096456314087845e-05,2.096387785588405e-10,1.636701199458912e-06,0.0,1.989910364151001,1.9899084568023682,5.992242257946145e-10,1.943195911735529e-06,0.0
3472,lbfgs,1.0,1.4733367606822867e-05,1.3096456314087845e-05,2.096387785588405e-10,1.636701199458912e-06,0.0,1.989910364151001,1.9899084568023682,5.992242257946145e-10,1.943195911735529e-06,0.0
3473,lbfgs,1.0,1.4733367606822867e-05,1.3096456314087845e-05,2.096387785588405e-10,1.636701199458912e-06,0.0,1.989910364151001,1.9899084568023682,5.992242257946145e-10,1.943195911735529e-06,0.0
3474,lbfgs,1.0,1.4733367606822867e-05,1.3096456314087845e-05,2.096387785588405e-10,1.636701199458912e-06,0.0,1.989910364151001,1.9899084568023682,5.992242257946145e-10,1.943195911735529e-06,0.0
3475,lbfgs,1.0,1.4733367606822867e-05,1.3096456314087845e-05,2.096387785588405e-10,1.636701199458912e-06,0.0,1.989910364151001,1.9899084568023682,5.992242257946145e-10,1.943195911735529e-06,0.0
3476,lbfgs,1.0,1.4733367606822867e-05,1.3096456314087845e-05,2.096387785588405e-10,1.636701199458912e-06,0.0,1.989910364151001,1.9899084568023682,5.992242257946145e-10,1.943195911735529e-06,0.0
3477,lbfgs,1.0,1.4733367606822867e-05,1.3096456314087845e-05,2.096387785588405e-10,1.636701199458912e-06,0.0,1.989910364151001,1.9899084568023682,5.992242257946145e-10,1.943195911735529e-06,0.0
3478,lbfgs,1.0,1.4733367606822867e-05,1.3096456314087845e-05,2.096387785588405e-10,1.636701199458912e-06,0.0,1.989910364151001,1.9899084568023682,5.992242257946145e-10,1.943195911735529e-06,0.0
3479,lbfgs,1.0,1.4733367606822867e-05,1.3096456314087845e-05,2.096387785588405e-10,1.636701199458912e-06,0.0,1.989910364151001,1.9899084568023682,5.992242257946145e-10,1.943195911735529e-06,0.0
3480,lbfgs,1.0,1.4733367606822867e-05,1.3096456314087845e-05,2.096387785588405e-10,1.636701199458912e-06,0.0,1.989910364151001,1.9899084568023682,5.992242257946145e-10,1.943195911735529e-06,0.0
3481,lbfgs,1.0,1.4733367606822867e-05,1.3096456314087845e-05,2.096387785588405e-10,1.636701199458912e-06,0.0,1.989910364151001,1.9899084568023682,5.992242257946145e-10,1.943195911735529e-06,0.0
3482,lbfgs,1.0,1.4733367606822867e-05,1.3096456314087845e-05,2.096387785588405e-10,1.636701199458912e-06,0.0,1.989910364151001,1.9899084568023682,5.992242257946145e-10,1.943195911735529e-06,0.0
3483,lbfgs,1.0,1.4733367606822867e-05,1.3096456314087845e-05,2.096387785588405e-10,1.636701199458912e-06,0.0,1.989910364151001,1.9899084568023682,5.992242257946145e-10,1.943195911735529e-06,0.0
3484,lbfgs,1.0,1.4733367606822867e-05,1.3096456314087845e-05,2.096387785588405e-10,1.636701199458912e-06,0.0,1.989910364151001,1.9899084568023682,5.992242257946145e-10,1.943195911735529e-06,0.0
3485,lbfgs,1.0,1.4733367606822867e-05,1.3096456314087845e-05,2.096387785588405e-10,1.636701199458912e-06,0.0,1.989910364151001,1.9899084568023682,5.992242257946145e-10,1.943195911735529e-06,0.0
3486,lbfgs,1.0,1.4733367606822867e-05,1.3096456314087845e-05,2.096387785588405e-10,1.636701199458912e-06,0.0,1.989910364151001,1.9899084568023682,5.992242257946145e-10,1.943195911735529e-06,0.0
3487,lbfgs,1.0,1.4733367606822867e-05,1.3096456314087845e-05,2.096387785588405e-10,1.636701199458912e-06,0.0,1.989910364151001,1.9899084568023682,5.992242257946145e-10,1.943195911735529e-06,0.0
3488,lbfgs,1.0,1.4733367606822867e-05,1.3096456314087845e-05,2.096387785588405e-10,1.636701199458912e-06,0.0,1.989910364151001,1.9899084568023682,5.992242257946145e-10,1.943195911735529e-06,0.0
3489,lbfgs,1.0,1.4733367606822867e-05,1.3096456314087845e-05,2.096387785588405e-10,1.636701199458912e-06,0.0,1.989910364151001,1.9899084568023682,5.992242257946145e-10,1.943195911735529e-06,0.0
3490,lbfgs,1.0,1.4733367606822867e-05,1.3096456314087845e-05,2.096387785588405e-10,1.636701199458912e-06,0.0,1.989910364151001,1.9899084568023682,5.992242257946145e-10,1.943195911735529e-06,0.0
3491,lbfgs,1.0,1.4733367606822867e-05,1.3096456314087845e-05,2.096387785588405e-10,1.636701199458912e-06,0.0,1.989910364151001,1.9899084568023682,5.992242257946145e-10,1.943195911735529e-06,0.0
3492,lbfgs,1.0,1.4733367606822867e-05,1.3096456314087845e-05,2.096387785588405e-10,1.636701199458912e-06,0.0,1.989910364151001,1.9899084568023682,5.992242257946145e-10,1.943195911735529e-06,0.0
3493,lbfgs,1.0,1.4733367606822867e-05,1.3096456314087845e-05,2.096387785588405e-10,1.636701199458912e-06,0.0,1.989910364151001,1.9899084568023682,5.992242257946145e-10,1.943195911735529e-06,0.0
3494,lbfgs,1.0,1.4733367606822867e-05,1.3096456314087845e-05,2.096387785588405e-10,1.636701199458912e-06,0.0,1.989910364151001,1.9899084568023682,5.992242257946145e-10,1.943195911735529e-06,0.0
3495,lbfgs,1.0,1.4733367606822867e-05,1.3096456314087845e-05,2.096387785588405e-10,1.636701199458912e-06,0.0,1.989910364151001,1.9899084568023682,5.992242257946145e-10,1.943195911735529e-06,0.0
3496,lbfgs,1.0,1.4733367606822867e-05,1.3096456314087845e-05,2.096387785588405e-10,1.636701199458912e-06,0.0,1.989910364151001,1.9899084568023682,5.992242257946145e-10,1.943195911735529e-06,0.0
3497,lbfgs,1.0,1.4733367606822867e-05,1.3096456314087845e-05,2.096387785588405e-10,1.636701199458912e-06,0.0,1.989910364151001,1.9899084568023682,5.992242257946145e-10,1.943195911735529e-06,0.0
3498,lbfgs,1.0,1.4733367606822867e-05,1.3096456314087845e-05,2.096387785588405e-10,1.636701199458912e-06,0.0,1.989910364151001,1.9899084568023682,5.992242257946145e-10,1.943195911735529e-06,0.0
3499,lbfgs,1.0,1.4733367606822867e-05,1.3096456314087845e-05,2.096387785588405e-10,1.636701199458912e-06,0.0,1.989910364151001,1.9899084568023682,5.992242257946145e-10,1.943195911735529e-06,0.0
3500,lbfgs,1.0,1.4733367606822867e-05,1.3096456314087845e-05,2.096387785588405e-10,1.636701199458912e-06,0.0,1.989910364151001,1.9899084568023682,5.992242257946145e-10,1.943195911735529e-06,0.0
3501,lbfgs,1.0,1.4733367606822867e-05,1.3096456314087845e-05,2.096387785588405e-10,1.636701199458912e-06,0.0,1.989910364151001,1.9899084568023682,5.992242257946145e-10,1.943195911735529e-06,0.0
3502,lbfgs,1.0,1.4733367606822867e-05,1.3096456314087845e-05,2.096387785588405e-10,1.636701199458912e-06,0.0,1.989910364151001,1.9899084568023682,5.992242257946145e-10,1.943195911735529e-06,0.0
3503,lbfgs,1.0,1.4733367606822867e-05,1.3096456314087845e-05,2.096387785588405e-10,1.636701199458912e-06,0.0,1.989910364151001,1.9899084568023682,5.992242257946145e-10,1.943195911735529e-06,0.0
3504,lbfgs,1.0,1.4733367606822867e-05,1.3096456314087845e-05,2.096387785588405e-10,1.636701199458912e-06,0.0,1.989910364151001,1.9899084568023682,5.992242257946145e-10,1.943195911735529e-06,0.0
3505,lbfgs,1.0,1.4733367606822867e-05,1.3096456314087845e-05,2.096387785588405e-10,1.636701199458912e-06,0.0,1.989910364151001,1.9899084568023682,5.992242257946145e-10,1.943195911735529e-06,0.0
3506,lbfgs,1.0,1.4733367606822867e-05,1.3096456314087845e-05,2.096387785588405e-10,1.636701199458912e-06,0.0,1.989910364151001,1.9899084568023682,5.992242257946145e-10,1.943195911735529e-06,0.0
3507,lbfgs,1.0,1.4733367606822867e-05,1.3096456314087845e-05,2.096387785588405e-10,1.636701199458912e-06,0.0,1.989910364151001,1.9899084568023682,5.992242257946145e-10,1.943195911735529e-06,0.0
3508,lbfgs,1.0,1.4733367606822867e-05,1.3096456314087845e-05,2.096387785588405e-10,1.636701199458912e-06,0.0,1.989910364151001,1.9899084568023682,5.992242257946145e-10,1.943195911735529e-06,0.0
3509,lbfgs,1.0,1.4733367606822867e-05,1.3096456314087845e-05,2.096387785588405e-10,1.636701199458912e-06,0.0,1.989910364151001,1.9899084568023682,5.992242257946145e-10,1.943195911735529e-06,0.0
3510,lbfgs,1.0,1.4733367606822867e-05,1.3096456314087845e-05,2.096387785588405e-10,1.636701199458912e-06,0.0,1.989910364151001,1.9899084568023682,5.992242257946145e-10,1.943195911735529e-06,0.0
3511,lbfgs,1.0,1.4733367606822867e-05,1.3096456314087845e-05,2.096387785588405e-10,1.636701199458912e-06,0.0,1.989910364151001,1.9899084568023682,5.992242257946145e-10,1.943195911735529e-06,0.0
3512,lbfgs,1.0,1.4733367606822867e-05,1.3096456314087845e-05,2.096387785588405e-10,1.636701199458912e-06,0.0,1.989910364151001,1.9899084568023682,5.992242257946145e-10,1.943195911735529e-06,0.0
3513,lbfgs,1.0,1.4733367606822867e-05,1.3096456314087845e-05,2.096387785588405e-10,1.636701199458912e-06,0.0,1.989910364151001,1.9899084568023682,5.992242257946145e-10,1.943195911735529e-06,0.0
3514,lbfgs,1.0,1.4733367606822867e-05,1.3096456314087845e-05,2.096387785588405e-10,1.636701199458912e-06,0.0,1.989910364151001,1.9899084568023682,5.992242257946145e-10,1.943195911735529e-06,0.0
3515,lbfgs,1.0,1.4733367606822867e-05,1.3096456314087845e-05,2.096387785588405e-10,1.636701199458912e-06,0.0,1.989910364151001,1.9899084568023682,5.992242257946145e-10,1.943195911735529e-06,0.0
3516,lbfgs,1.0,1.4733367606822867e-05,1.3096456314087845e-05,2.096387785588405e-10,1.636701199458912e-06,0.0,1.989910364151001,1.9899084568023682,5.992242257946145e-10,1.943195911735529e-06,0.0
3517,lbfgs,1.0,1.4733367606822867e-05,1.3096456314087845e-05,2.096387785588405e-10,1.636701199458912e-06,0.0,1.989910364151001,1.9899084568023682,5.992242257946145e-10,1.943195911735529e-06,0.0
3518,lbfgs,1.0,1.4733367606822867e-05,1.3096456314087845e-05,2.096387785588405e-10,1.636701199458912e-06,0.0,1.989910364151001,1.9899084568023682,5.992242257946145e-10,1.943195911735529e-06,0.0
3519,lbfgs,1.0,1.4733367606822867e-05,1.3096456314087845e-05,2.096387785588405e-10,1.636701199458912e-06,0.0,1.989910364151001,1.9899084568023682,5.992242257946145e-10,1.943195911735529e-06,0.0
3520,lbfgs,1.0,1.4733367606822867e-05,1.3096456314087845e-05,2.096387785588405e-10,1.636701199458912e-06,0.0,1.989910364151001,1.9899084568023682,5.992242257946145e-10,1.943195911735529e-06,0.0
3521,lbfgs,1.0,1.4733367606822867e-05,1.3096456314087845e-05,2.096387785588405e-10,1.636701199458912e-06,0.0,1.989910364151001,1.9899084568023682,5.992242257946145e-10,1.943195911735529e-06,0.0
3522,lbfgs,1.0,1.4733367606822867e-05,1.3096456314087845e-05,2.096387785588405e-10,1.636701199458912e-06,0.0,1.989910364151001,1.9899084568023682,5.992242257946145e-10,1.943195911735529e-06,0.0
3523,lbfgs,1.0,1.4733367606822867e-05,1.3096456314087845e-05,2.096387785588405e-10,1.636701199458912e-06,0.0,1.989910364151001,1.9899084568023682,5.992242257946145e-10,1.943195911735529e-06,0.0
3524,lbfgs,1.0,1.4733367606822867e-05,1.3096456314087845e-05,2.096387785588405e-10,1.636701199458912e-06,0.0,1.989910364151001,1.9899084568023682,5.992242257946145e-10,1.943195911735529e-06,0.0
3525,lbfgs,1.0,1.4733367606822867e-05,1.3096456314087845e-05,2.096387785588405e-10,1.636701199458912e-06,0.0,1.989910364151001,1.9899084568023682,5.992242257946145e-10,1.943195911735529e-06,0.0
3526,lbfgs,1.0,1.4733367606822867e-05,1.3096456314087845e-05,2.096387785588405e-10,1.636701199458912e-06,0.0,1.989910364151001,1.9899084568023682,5.992242257946145e-10,1.943195911735529e-06,0.0
3527,lbfgs,1.0,1.4733367606822867e-05,1.3096456314087845e-05,2.096387785588405e-10,1.636701199458912e-06,0.0,1.989910364151001,1.9899084568023682,5.992242257946145e-10,1.943195911735529e-06,0.0
3528,lbfgs,1.0,1.4733367606822867e-05,1.3096456314087845e-05,2.096387785588405e-10,1.636701199458912e-06,0.0,1.989910364151001,1.9899084568023682,5.992242257946145e-10,1.943195911735529e-06,0.0
3529,lbfgs,1.0,1.4733367606822867e-05,1.3096456314087845e-05,2.096387785588405e-10,1.636701199458912e-06,0.0,1.989910364151001,1.9899084568023682,5.992242257946145e-10,1.943195911735529e-06,0.0
3530,lbfgs,1.0,1.4733367606822867e-05,1.3096456314087845e-05,2.096387785588405e-10,1.636701199458912e-06,0.0,1.989910364151001,1.9899084568023682,5.992242257946145e-10,1.943195911735529e-06,0.0
3531,lbfgs,1.0,1.4733367606822867e-05,1.3096456314087845e-05,2.096387785588405e-10,1.636701199458912e-06,0.0,1.989910364151001,1.9899084568023682,5.992242257946145e-10,1.943195911735529e-06,0.0
3532,lbfgs,1.0,1.4733367606822867e-05,1.3096456314087845e-05,2.096387785588405e-10,1.636701199458912e-06,0.0,1.989910364151001,1.9899084568023682,5.992242257946145e-10,1.943195911735529e-06,0.0
3533,lbfgs,1.0,1.4733367606822867e-05,1.3096456314087845e-05,2.096387785588405e-10,1.636701199458912e-06,0.0,1.989910364151001,1.9899084568023682,5.992242257946145e-10,1.943195911735529e-06,0.0
3534,lbfgs,1.0,1.4733367606822867e-05,1.3096456314087845e-05,2.096387785588405e-10,1.636701199458912e-06,0.0,1.989910364151001,1.9899084568023682,5.992242257946145e-10,1.943195911735529e-06,0.0
3535,lbfgs,1.0,1.4733367606822867e-05,1.3096456314087845e-05,2.096387785588405e-10,1.636701199458912e-06,0.0,1.989910364151001,1.9899084568023682,5.992242257946145e-10,1.943195911735529e-06,0.0
3536,lbfgs,1.0,1.4733367606822867e-05,1.3096456314087845e-05,2.096387785588405e-10,1.636701199458912e-06,0.0,1.989910364151001,1.9899084568023682,5.992242257946145e-10,1.943195911735529e-06,0.0
3537,lbfgs,1.0,1.4733367606822867e-05,1.3096456314087845e-05,2.096387785588405e-10,1.636701199458912e-06,0.0,1.989910364151001,1.9899084568023682,5.992242257946145e-10,1.943195911735529e-06,0.0
3538,lbfgs,1.0,1.4733367606822867e-05,1.3096456314087845e-05,2.096387785588405e-10,1.636701199458912e-06,0.0,1.989910364151001,1.9899084568023682,5.992242257946145e-10,1.943195911735529e-06,0.0
3539,lbfgs,1.0,1.4733367606822867e-05,1.3096456314087845e-05,2.096387785588405e-10,1.636701199458912e-06,0.0,1.989910364151001,1.9899084568023682,5.992242257946145e-10,1.943195911735529e-06,0.0
3540,lbfgs,1.0,1.4733367606822867e-05,1.3096456314087845e-05,2.096387785588405e-10,1.636701199458912e-06,0.0,1.989910364151001,1.9899084568023682,5.992242257946145e-10,1.943195911735529e-06,0.0
3541,lbfgs,1.0,1.4733367606822867e-05,1.3096456314087845e-05,2.096387785588405e-10,1.636701199458912e-06,0.0,1.989910364151001,1.9899084568023682,5.992242257946145e-10,1.943195911735529e-06,0.0
3542,lbfgs,1.0,1.4733367606822867e-05,1.3096456314087845e-05,2.096387785588405e-10,1.636701199458912e-06,0.0,1.989910364151001,1.9899084568023682,5.992242257946145e-10,1.943195911735529e-06,0.0
3543,lbfgs,1.0,1.4733367606822867e-05,1.3096456314087845e-05,2.096387785588405e-10,1.636701199458912e-06,0.0,1.989910364151001,1.9899084568023682,5.992242257946145e-10,1.943195911735529e-06,0.0
3544,lbfgs,1.0,1.4733367606822867e-05,1.3096456314087845e-05,2.096387785588405e-10,1.636701199458912e-06,0.0,1.989910364151001,1.9899084568023682,5.992242257946145e-10,1.943195911735529e-06,0.0
3545,lbfgs,1.0,1.4733367606822867e-05,1.3096456314087845e-05,2.096387785588405e-10,1.636701199458912e-06,0.0,1.989910364151001,1.9899084568023682,5.992242257946145e-10,1.943195911735529e-06,0.0
3546,lbfgs,1.0,1.4733367606822867e-05,1.3096456314087845e-05,2.096387785588405e-10,1.636701199458912e-06,0.0,1.989910364151001,1.9899084568023682,5.992242257946145e-10,1.943195911735529e-06,0.0
3547,lbfgs,1.0,1.4733367606822867e-05,1.3096456314087845e-05,2.096387785588405e-10,1.636701199458912e-06,0.0,1.989910364151001,1.9899084568023682,5.992242257946145e-10,1.943195911735529e-06,0.0
3548,lbfgs,1.0,1.4733367606822867e-05,1.3096456314087845e-05,2.096387785588405e-10,1.636701199458912e-06,0.0,1.989910364151001,1.9899084568023682,5.992242257946145e-10,1.943195911735529e-06,0.0
3549,lbfgs,1.0,1.4733367606822867e-05,1.3096456314087845e-05,2.096387785588405e-10,1.636701199458912e-06,0.0,1.989910364151001,1.9899084568023682,5.992242257946145e-10,1.943195911735529e-06,0.0
3550,lbfgs,1.0,1.4733367606822867e-05,1.3096456314087845e-05,2.096387785588405e-10,1.636701199458912e-06,0.0,1.989910364151001,1.9899084568023682,5.992242257946145e-10,1.943195911735529e-06,0.0
3551,lbfgs,1.0,1.4733367606822867e-05,1.3096456314087845e-05,2.096387785588405e-10,1.636701199458912e-06,0.0,1.989910364151001,1.9899084568023682,5.992242257946145e-10,1.943195911735529e-06,0.0
3552,lbfgs,1.0,1.4733367606822867e-05,1.3096456314087845e-05,2.096387785588405e-10,1.636701199458912e-06,0.0,1.989910364151001,1.9899084568023682,5.992242257946145e-10,1.943195911735529e-06,0.0
3553,lbfgs,1.0,1.4733367606822867e-05,1.3096456314087845e-05,2.096387785588405e-10,1.636701199458912e-06,0.0,1.989910364151001,1.9899084568023682,5.992242257946145e-10,1.943195911735529e-06,0.0
3554,lbfgs,1.0,1.4733367606822867e-05,1.3096456314087845e-05,2.096387785588405e-10,1.636701199458912e-06,0.0,1.989910364151001,1.9899084568023682,5.992242257946145e-10,1.943195911735529e-06,0.0
3555,lbfgs,1.0,1.4733367606822867e-05,1.3096456314087845e-05,2.096387785588405e-10,1.636701199458912e-06,0.0,1.989910364151001,1.9899084568023682,5.992242257946145e-10,1.943195911735529e-06,0.0
3556,lbfgs,1.0,1.4733367606822867e-05,1.3096456314087845e-05,2.096387785588405e-10,1.636701199458912e-06,0.0,1.989910364151001,1.9899084568023682,5.992242257946145e-10,1.943195911735529e-06,0.0
3557,lbfgs,1.0,1.4733367606822867e-05,1.3096456314087845e-05,2.096387785588405e-10,1.636701199458912e-06,0.0,1.989910364151001,1.9899084568023682,5.992242257946145e-10,1.943195911735529e-06,0.0
3558,lbfgs,1.0,1.4733367606822867e-05,1.3096456314087845e-05,2.096387785588405e-10,1.636701199458912e-06,0.0,1.989910364151001,1.9899084568023682,5.992242257946145e-10,1.943195911735529e-06,0.0
3559,lbfgs,1.0,1.4733367606822867e-05,1.3096456314087845e-05,2.096387785588405e-10,1.636701199458912e-06,0.0,1.989910364151001,1.9899084568023682,5.992242257946145e-10,1.943195911735529e-06,0.0
3560,lbfgs,1.0,1.4733367606822867e-05,1.3096456314087845e-05,2.096387785588405e-10,1.636701199458912e-06,0.0,1.989910364151001,1.9899084568023682,5.992242257946145e-10,1.943195911735529e-06,0.0
3561,lbfgs,1.0,1.4733367606822867e-05,1.3096456314087845e-05,2.096387785588405e-10,1.636701199458912e-06,0.0,1.989910364151001,1.9899084568023682,5.992242257946145e-10,1.943195911735529e-06,0.0
3562,lbfgs,1.0,1.4733367606822867e-05,1.3096456314087845e-05,2.096387785588405e-10,1.636701199458912e-06,0.0,1.989910364151001,1.9899084568023682,5.992242257946145e-10,1.943195911735529e-06,0.0
3563,lbfgs,1.0,1.4733367606822867e-05,1.3096456314087845e-05,2.096387785588405e-10,1.636701199458912e-06,0.0,1.989910364151001,1.9899084568023682,5.992242257946145e-10,1.943195911735529e-06,0.0
3564,lbfgs,1.0,1.4733367606822867e-05,1.3096456314087845e-05,2.096387785588405e-10,1.636701199458912e-06,0.0,1.989910364151001,1.9899084568023682,5.992242257946145e-10,1.943195911735529e-06,0.0
3565,lbfgs,1.0,1.4733367606822867e-05,1.3096456314087845e-05,2.096387785588405e-10,1.636701199458912e-06,0.0,1.989910364151001,1.9899084568023682,5.992242257946145e-10,1.943195911735529e-06,0.0
3566,lbfgs,1.0,1.4733367606822867e-05,1.3096456314087845e-05,2.096387785588405e-10,1.636701199458912e-06,0.0,1.989910364151001,1.9899084568023682,5.992242257946145e-10,1.943195911735529e-06,0.0
3567,lbfgs,1.0,1.4733367606822867e-05,1.3096456314087845e-05,2.096387785588405e-10,1.636701199458912e-06,0.0,1.989910364151001,1.9899084568023682,5.992242257946145e-10,1.943195911735529e-06,0.0
3568,lbfgs,1.0,1.4733367606822867e-05,1.3096456314087845e-05,2.096387785588405e-10,1.636701199458912e-06,0.0,1.989910364151001,1.9899084568023682,5.992242257946145e-10,1.943195911735529e-06,0.0
3569,lbfgs,1.0,1.4733367606822867e-05,1.3096456314087845e-05,2.096387785588405e-10,1.636701199458912e-06,0.0,1.989910364151001,1.9899084568023682,5.992242257946145e-10,1.943195911735529e-06,0.0
3570,lbfgs,1.0,1.4733367606822867e-05,1.3096456314087845e-05,2.096387785588405e-10,1.636701199458912e-06,0.0,1.989910364151001,1.9899084568023682,5.992242257946145e-10,1.943195911735529e-06,0.0
3571,lbfgs,1.0,1.4733367606822867e-05,1.3096456314087845e-05,2.096387785588405e-10,1.636701199458912e-06,0.0,1.989910364151001,1.9899084568023682,5.992242257946145e-10,1.943195911735529e-06,0.0
3572,lbfgs,1.0,1.4733367606822867e-05,1.3096456314087845e-05,2.096387785588405e-10,1.636701199458912e-06,0.0,1.989910364151001,1.9899084568023682,5.992242257946145e-10,1.943195911735529e-06,0.0
3573,lbfgs,1.0,1.4733367606822867e-05,1.3096456314087845e-05,2.096387785588405e-10,1.636701199458912e-06,0.0,1.989910364151001,1.9899084568023682,5.992242257946145e-10,1.943195911735529e-06,0.0
3574,lbfgs,1.0,1.4733367606822867e-05,1.3096456314087845e-05,2.096387785588405e-10,1.636701199458912e-06,0.0,1.989910364151001,1.9899084568023682,5.992242257946145e-10,1.943195911735529e-06,0.0
3575,lbfgs,1.0,1.4733367606822867e-05,1.3096456314087845e-05,2.096387785588405e-10,1.636701199458912e-06,0.0,1.989910364151001,1.9899084568023682,5.992242257946145e-10,1.943195911735529e-06,0.0
3576,lbfgs,1.0,1.4733367606822867e-05,1.3096456314087845e-05,2.096387785588405e-10,1.636701199458912e-06,0.0,1.989910364151001,1.9899084568023682,5.992242257946145e-10,1.943195911735529e-06,0.0
3577,lbfgs,1.0,1.4733367606822867e-05,1.3096456314087845e-05,2.096387785588405e-10,1.636701199458912e-06,0.0,1.989910364151001,1.9899084568023682,5.992242257946145e-10,1.943195911735529e-06,0.0
3578,lbfgs,1.0,1.4733367606822867e-05,1.3096456314087845e-05,2.096387785588405e-10,1.636701199458912e-06,0.0,1.989910364151001,1.9899084568023682,5.992242257946145e-10,1.943195911735529e-06,0.0
3579,lbfgs,1.0,1.4733367606822867e-05,1.3096456314087845e-05,2.096387785588405e-10,1.636701199458912e-06,0.0,1.989910364151001,1.9899084568023682,5.992242257946145e-10,1.943195911735529e-06,0.0
3580,lbfgs,1.0,1.4733367606822867e-05,1.3096456314087845e-05,2.096387785588405e-10,1.636701199458912e-06,0.0,1.989910364151001,1.9899084568023682,5.992242257946145e-10,1.943195911735529e-06,0.0
3581,lbfgs,1.0,1.4733367606822867e-05,1.3096456314087845e-05,2.096387785588405e-10,1.636701199458912e-06,0.0,1.989910364151001,1.9899084568023682,5.992242257946145e-10,1.943195911735529e-06,0.0
3582,lbfgs,1.0,1.4733367606822867e-05,1.3096456314087845e-05,2.096387785588405e-10,1.636701199458912e-06,0.0,1.989910364151001,1.9899084568023682,5.992242257946145e-10,1.943195911735529e-06,0.0
3583,lbfgs,1.0,1.4733367606822867e-05,1.3096456314087845e-05,2.096387785588405e-10,1.636701199458912e-06,0.0,1.989910364151001,1.9899084568023682,5.992242257946145e-10,1.943195911735529e-06,0.0
3584,lbfgs,1.0,1.4733367606822867e-05,1.3096456314087845e-05,2.096387785588405e-10,1.636701199458912e-06,0.0,1.989910364151001,1.9899084568023682,5.992242257946145e-10,1.943195911735529e-06,0.0
3585,lbfgs,1.0,1.4733367606822867e-05,1.3096456314087845e-05,2.096387785588405e-10,1.636701199458912e-06,0.0,1.989910364151001,1.9899084568023682,5.992242257946145e-10,1.943195911735529e-06,0.0
3586,lbfgs,1.0,1.4733367606822867e-05,1.3096456314087845e-05,2.096387785588405e-10,1.636701199458912e-06,0.0,1.989910364151001,1.9899084568023682,5.992242257946145e-10,1.943195911735529e-06,0.0
3587,lbfgs,1.0,1.4733367606822867e-05,1.3096456314087845e-05,2.096387785588405e-10,1.636701199458912e-06,0.0,1.989910364151001,1.9899084568023682,5.992242257946145e-10,1.943195911735529e-06,0.0
3588,lbfgs,1.0,1.4733367606822867e-05,1.3096456314087845e-05,2.096387785588405e-10,1.636701199458912e-06,0.0,1.989910364151001,1.9899084568023682,5.992242257946145e-10,1.943195911735529e-06,0.0
3589,lbfgs,1.0,1.4733367606822867e-05,1.3096456314087845e-05,2.096387785588405e-10,1.636701199458912e-06,0.0,1.989910364151001,1.9899084568023682,5.992242257946145e-10,1.943195911735529e-06,0.0
3590,lbfgs,1.0,1.4733367606822867e-05,1.3096456314087845e-05,2.096387785588405e-10,1.636701199458912e-06,0.0,1.989910364151001,1.9899084568023682,5.992242257946145e-10,1.943195911735529e-06,0.0
3591,lbfgs,1.0,1.4733367606822867e-05,1.3096456314087845e-05,2.096387785588405e-10,1.636701199458912e-06,0.0,1.989910364151001,1.9899084568023682,5.992242257946145e-10,1.943195911735529e-06,0.0
3592,lbfgs,1.0,1.4733367606822867e-05,1.3096456314087845e-05,2.096387785588405e-10,1.636701199458912e-06,0.0,1.989910364151001,1.9899084568023682,5.992242257946145e-10,1.943195911735529e-06,0.0
3593,lbfgs,1.0,1.4733367606822867e-05,1.3096456314087845e-05,2.096387785588405e-10,1.636701199458912e-06,0.0,1.989910364151001,1.9899084568023682,5.992242257946145e-10,1.943195911735529e-06,0.0
3594,lbfgs,1.0,1.4733367606822867e-05,1.3096456314087845e-05,2.096387785588405e-10,1.636701199458912e-06,0.0,1.989910364151001,1.9899084568023682,5.992242257946145e-10,1.943195911735529e-06,0.0
3595,lbfgs,1.0,1.4733367606822867e-05,1.3096456314087845e-05,2.096387785588405e-10,1.636701199458912e-06,0.0,1.989910364151001,1.9899084568023682,5.992242257946145e-10,1.943195911735529e-06,0.0
3596,lbfgs,1.0,1.4733367606822867e-05,1.3096456314087845e-05,2.096387785588405e-10,1.636701199458912e-06,0.0,1.989910364151001,1.9899084568023682,5.992242257946145e-10,1.943195911735529e-06,0.0
3597,lbfgs,1.0,1.4733367606822867e-05,1.3096456314087845e-05,2.096387785588405e-10,1.636701199458912e-06,0.0,1.989910364151001,1.9899084568023682,5.992242257946145e-10,1.943195911735529e-06,0.0
3598,lbfgs,1.0,1.4733367606822867e-05,1.3096456314087845e-05,2.096387785588405e-10,1.636701199458912e-06,0.0,1.989910364151001,1.9899084568023682,5.992242257946145e-10,1.943195911735529e-06,0.0
3599,lbfgs,1.0,1.4733367606822867e-05,1.3096456314087845e-05,2.096387785588405e-10,1.636701199458912e-06,0.0,1.989910364151001,1.9899084568023682,5.992242257946145e-10,1.943195911735529e-06,0.0
3600,lbfgs,1.0,1.4733367606822867e-05,1.3096456314087845e-05,2.096387785588405e-10,1.636701199458912e-06,0.0,1.989910364151001,1.9899084568023682,5.992242257946145e-10,1.943195911735529e-06,0.0
3601,lbfgs,1.0,1.4733367606822867e-05,1.3096456314087845e-05,2.096387785588405e-10,1.636701199458912e-06,0.0,1.989910364151001,1.9899084568023682,5.992242257946145e-10,1.943195911735529e-06,0.0
3602,lbfgs,1.0,1.4733367606822867e-05,1.3096456314087845e-05,2.096387785588405e-10,1.636701199458912e-06,0.0,1.989910364151001,1.9899084568023682,5.992242257946145e-10,1.943195911735529e-06,0.0
3603,lbfgs,1.0,1.4733367606822867e-05,1.3096456314087845e-05,2.096387785588405e-10,1.636701199458912e-06,0.0,1.989910364151001,1.9899084568023682,5.992242257946145e-10,1.943195911735529e-06,0.0
3604,lbfgs,1.0,1.4733367606822867e-05,1.3096456314087845e-05,2.096387785588405e-10,1.636701199458912e-06,0.0,1.989910364151001,1.9899084568023682,5.992242257946145e-10,1.943195911735529e-06,0.0
3605,lbfgs,1.0,1.4733367606822867e-05,1.3096456314087845e-05,2.096387785588405e-10,1.636701199458912e-06,0.0,1.989910364151001,1.9899084568023682,5.992242257946145e-10,1.943195911735529e-06,0.0
3606,lbfgs,1.0,1.4733367606822867e-05,1.3096456314087845e-05,2.096387785588405e-10,1.636701199458912e-06,0.0,1.989910364151001,1.9899084568023682,5.992242257946145e-10,1.943195911735529e-06,0.0
3607,lbfgs,1.0,1.4733367606822867e-05,1.3096456314087845e-05,2.096387785588405e-10,1.636701199458912e-06,0.0,1.989910364151001,1.9899084568023682,5.992242257946145e-10,1.943195911735529e-06,0.0
3608,lbfgs,1.0,1.4733367606822867e-05,1.3096456314087845e-05,2.096387785588405e-10,1.636701199458912e-06,0.0,1.989910364151001,1.9899084568023682,5.992242257946145e-10,1.943195911735529e-06,0.0
3609,lbfgs,1.0,1.4733367606822867e-05,1.3096456314087845e-05,2.096387785588405e-10,1.636701199458912e-06,0.0,1.989910364151001,1.9899084568023682,5.992242257946145e-10,1.943195911735529e-06,0.0
3610,lbfgs,1.0,1.4733367606822867e-05,1.3096456314087845e-05,2.096387785588405e-10,1.636701199458912e-06,0.0,1.989910364151001,1.9899084568023682,5.992242257946145e-10,1.943195911735529e-06,0.0
3611,lbfgs,1.0,1.4733367606822867e-05,1.3096456314087845e-05,2.096387785588405e-10,1.636701199458912e-06,0.0,1.989910364151001,1.9899084568023682,5.992242257946145e-10,1.943195911735529e-06,0.0
3612,lbfgs,1.0,1.4733367606822867e-05,1.3096456314087845e-05,2.096387785588405e-10,1.636701199458912e-06,0.0,1.989910364151001,1.9899084568023682,5.992242257946145e-10,1.943195911735529e-06,0.0
3613,lbfgs,1.0,1.4733367606822867e-05,1.3096456314087845e-05,2.096387785588405e-10,1.636701199458912e-06,0.0,1.989910364151001,1.9899084568023682,5.992242257946145e-10,1.943195911735529e-06,0.0
3614,lbfgs,1.0,1.4733367606822867e-05,1.3096456314087845e-05,2.096387785588405e-10,1.636701199458912e-06,0.0,1.989910364151001,1.9899084568023682,5.992242257946145e-10,1.943195911735529e-06,0.0
3615,lbfgs,1.0,1.4733367606822867e-05,1.3096456314087845e-05,2.096387785588405e-10,1.636701199458912e-06,0.0,1.989910364151001,1.9899084568023682,5.992242257946145e-10,1.943195911735529e-06,0.0
3616,lbfgs,1.0,1.4733367606822867e-05,1.3096456314087845e-05,2.096387785588405e-10,1.636701199458912e-06,0.0,1.989910364151001,1.9899084568023682,5.992242257946145e-10,1.943195911735529e-06,0.0
3617,lbfgs,1.0,1.4733367606822867e-05,1.3096456314087845e-05,2.096387785588405e-10,1.636701199458912e-06,0.0,1.989910364151001,1.9899084568023682,5.992242257946145e-10,1.943195911735529e-06,0.0
3618,lbfgs,1.0,1.4733367606822867e-05,1.3096456314087845e-05,2.096387785588405e-10,1.636701199458912e-06,0.0,1.989910364151001,1.9899084568023682,5.992242257946145e-10,1.943195911735529e-06,0.0
3619,lbfgs,1.0,1.4733367606822867e-05,1.3096456314087845e-05,2.096387785588405e-10,1.636701199458912e-06,0.0,1.989910364151001,1.9899084568023682,5.992242257946145e-10,1.943195911735529e-06,0.0
3620,lbfgs,1.0,1.4733367606822867e-05,1.3096456314087845e-05,2.096387785588405e-10,1.636701199458912e-06,0.0,1.989910364151001,1.9899084568023682,5.992242257946145e-10,1.943195911735529e-06,0.0
3621,lbfgs,1.0,1.4733367606822867e-05,1.3096456314087845e-05,2.096387785588405e-10,1.636701199458912e-06,0.0,1.989910364151001,1.9899084568023682,5.992242257946145e-10,1.943195911735529e-06,0.0
3622,lbfgs,1.0,1.4733367606822867e-05,1.3096456314087845e-05,2.096387785588405e-10,1.636701199458912e-06,0.0,1.989910364151001,1.9899084568023682,5.992242257946145e-10,1.943195911735529e-06,0.0
3623,lbfgs,1.0,1.4733367606822867e-05,1.3096456314087845e-05,2.096387785588405e-10,1.636701199458912e-06,0.0,1.989910364151001,1.9899084568023682,5.992242257946145e-10,1.943195911735529e-06,0.0
3624,lbfgs,1.0,1.4733367606822867e-05,1.3096456314087845e-05,2.096387785588405e-10,1.636701199458912e-06,0.0,1.989910364151001,1.9899084568023682,5.992242257946145e-10,1.943195911735529e-06,0.0
3625,lbfgs,1.0,1.4733367606822867e-05,1.3096456314087845e-05,2.096387785588405e-10,1.636701199458912e-06,0.0,1.989910364151001,1.9899084568023682,5.992242257946145e-10,1.943195911735529e-06,0.0
3626,lbfgs,1.0,1.4733367606822867e-05,1.3096456314087845e-05,2.096387785588405e-10,1.636701199458912e-06,0.0,1.989910364151001,1.9899084568023682,5.992242257946145e-10,1.943195911735529e-06,0.0
3627,lbfgs,1.0,1.4733367606822867e-05,1.3096456314087845e-05,2.096387785588405e-10,1.636701199458912e-06,0.0,1.989910364151001,1.9899084568023682,5.992242257946145e-10,1.943195911735529e-06,0.0
3628,lbfgs,1.0,1.4733367606822867e-05,1.3096456314087845e-05,2.096387785588405e-10,1.636701199458912e-06,0.0,1.989910364151001,1.9899084568023682,5.992242257946145e-10,1.943195911735529e-06,0.0
3629,lbfgs,1.0,1.4733367606822867e-05,1.3096456314087845e-05,2.096387785588405e-10,1.636701199458912e-06,0.0,1.989910364151001,1.9899084568023682,5.992242257946145e-10,1.943195911735529e-06,0.0
3630,lbfgs,1.0,1.4733367606822867e-05,1.3096456314087845e-05,2.096387785588405e-10,1.636701199458912e-06,0.0,1.989910364151001,1.9899084568023682,5.992242257946145e-10,1.943195911735529e-06,0.0
3631,lbfgs,1.0,1.4733367606822867e-05,1.3096456314087845e-05,2.096387785588405e-10,1.636701199458912e-06,0.0,1.989910364151001,1.9899084568023682,5.992242257946145e-10,1.943195911735529e-06,0.0
3632,lbfgs,1.0,1.4733367606822867e-05,1.3096456314087845e-05,2.096387785588405e-10,1.636701199458912e-06,0.0,1.989910364151001,1.9899084568023682,5.992242257946145e-10,1.943195911735529e-06,0.0
3633,lbfgs,1.0,1.4733367606822867e-05,1.3096456314087845e-05,2.096387785588405e-10,1.636701199458912e-06,0.0,1.989910364151001,1.9899084568023682,5.992242257946145e-10,1.943195911735529e-06,0.0
3634,lbfgs,1.0,1.4733367606822867e-05,1.3096456314087845e-05,2.096387785588405e-10,1.636701199458912e-06,0.0,1.989910364151001,1.9899084568023682,5.992242257946145e-10,1.943195911735529e-06,0.0
3635,lbfgs,1.0,1.4733367606822867e-05,1.3096456314087845e-05,2.096387785588405e-10,1.636701199458912e-06,0.0,1.989910364151001,1.9899084568023682,5.992242257946145e-10,1.943195911735529e-06,0.0
3636,lbfgs,1.0,1.4733367606822867e-05,1.3096456314087845e-05,2.096387785588405e-10,1.636701199458912e-06,0.0,1.989910364151001,1.9899084568023682,5.992242257946145e-10,1.943195911735529e-06,0.0
3637,lbfgs,1.0,1.4733367606822867e-05,1.3096456314087845e-05,2.096387785588405e-10,1.636701199458912e-06,0.0,1.989910364151001,1.9899084568023682,5.992242257946145e-10,1.943195911735529e-06,0.0
3638,lbfgs,1.0,1.4733367606822867e-05,1.3096456314087845e-05,2.096387785588405e-10,1.636701199458912e-06,0.0,1.989910364151001,1.9899084568023682,5.992242257946145e-10,1.943195911735529e-06,0.0
3639,lbfgs,1.0,1.4733367606822867e-05,1.3096456314087845e-05,2.096387785588405e-10,1.636701199458912e-06,0.0,1.989910364151001,1.9899084568023682,5.992242257946145e-10,1.943195911735529e-06,0.0
3640,lbfgs,1.0,1.4733367606822867e-05,1.3096456314087845e-05,2.096387785588405e-10,1.636701199458912e-06,0.0,1.989910364151001,1.9899084568023682,5.992242257946145e-10,1.943195911735529e-06,0.0
3641,lbfgs,1.0,1.4733367606822867e-05,1.3096456314087845e-05,2.096387785588405e-10,1.636701199458912e-06,0.0,1.989910364151001,1.9899084568023682,5.992242257946145e-10,1.943195911735529e-06,0.0
3642,lbfgs,1.0,1.4733367606822867e-05,1.3096456314087845e-05,2.096387785588405e-10,1.636701199458912e-06,0.0,1.989910364151001,1.9899084568023682,5.992242257946145e-10,1.943195911735529e-06,0.0
3643,lbfgs,1.0,1.4733367606822867e-05,1.3096456314087845e-05,2.096387785588405e-10,1.636701199458912e-06,0.0,1.989910364151001,1.9899084568023682,5.992242257946145e-10,1.943195911735529e-06,0.0
3644,lbfgs,1.0,1.4733367606822867e-05,1.3096456314087845e-05,2.096387785588405e-10,1.636701199458912e-06,0.0,1.989910364151001,1.9899084568023682,5.992242257946145e-10,1.943195911735529e-06,0.0
3645,lbfgs,1.0,1.4733367606822867e-05,1.3096456314087845e-05,2.096387785588405e-10,1.636701199458912e-06,0.0,1.989910364151001,1.9899084568023682,5.992242257946145e-10,1.943195911735529e-06,0.0
3646,lbfgs,1.0,1.4733367606822867e-05,1.3096456314087845e-05,2.096387785588405e-10,1.636701199458912e-06,0.0,1.989910364151001,1.9899084568023682,5.992242257946145e-10,1.943195911735529e-06,0.0
3647,lbfgs,1.0,1.4733367606822867e-05,1.3096456314087845e-05,2.096387785588405e-10,1.636701199458912e-06,0.0,1.989910364151001,1.9899084568023682,5.992242257946145e-10,1.943195911735529e-06,0.0
3648,lbfgs,1.0,1.4733367606822867e-05,1.3096456314087845e-05,2.096387785588405e-10,1.636701199458912e-06,0.0,1.989910364151001,1.9899084568023682,5.992242257946145e-10,1.943195911735529e-06,0.0
3649,lbfgs,1.0,1.4733367606822867e-05,1.3096456314087845e-05,2.096387785588405e-10,1.636701199458912e-06,0.0,1.989910364151001,1.9899084568023682,5.992242257946145e-10,1.943195911735529e-06,0.0
3650,lbfgs,1.0,1.4733367606822867e-05,1.3096456314087845e-05,2.096387785588405e-10,1.636701199458912e-06,0.0,1.989910364151001,1.9899084568023682,5.992242257946145e-10,1.943195911735529e-06,0.0
3651,lbfgs,1.0,1.4733367606822867e-05,1.3096456314087845e-05,2.096387785588405e-10,1.636701199458912e-06,0.0,1.989910364151001,1.9899084568023682,5.992242257946145e-10,1.943195911735529e-06,0.0
3652,lbfgs,1.0,1.4733367606822867e-05,1.3096456314087845e-05,2.096387785588405e-10,1.636701199458912e-06,0.0,1.989910364151001,1.9899084568023682,5.992242257946145e-10,1.943195911735529e-06,0.0
3653,lbfgs,1.0,1.4733367606822867e-05,1.3096456314087845e-05,2.096387785588405e-10,1.636701199458912e-06,0.0,1.989910364151001,1.9899084568023682,5.992242257946145e-10,1.943195911735529e-06,0.0
3654,lbfgs,1.0,1.4733367606822867e-05,1.3096456314087845e-05,2.096387785588405e-10,1.636701199458912e-06,0.0,1.989910364151001,1.9899084568023682,5.992242257946145e-10,1.943195911735529e-06,0.0
3655,lbfgs,1.0,1.4733367606822867e-05,1.3096456314087845e-05,2.096387785588405e-10,1.636701199458912e-06,0.0,1.989910364151001,1.9899084568023682,5.992242257946145e-10,1.943195911735529e-06,0.0
3656,lbfgs,1.0,1.4733367606822867e-05,1.3096456314087845e-05,2.096387785588405e-10,1.636701199458912e-06,0.0,1.989910364151001,1.9899084568023682,5.992242257946145e-10,1.943195911735529e-06,0.0
3657,lbfgs,1.0,1.4733367606822867e-05,1.3096456314087845e-05,2.096387785588405e-10,1.636701199458912e-06,0.0,1.989910364151001,1.9899084568023682,5.992242257946145e-10,1.943195911735529e-06,0.0
3658,lbfgs,1.0,1.4733367606822867e-05,1.3096456314087845e-05,2.096387785588405e-10,1.636701199458912e-06,0.0,1.989910364151001,1.9899084568023682,5.992242257946145e-10,1.943195911735529e-06,0.0
3659,lbfgs,1.0,1.4733367606822867e-05,1.3096456314087845e-05,2.096387785588405e-10,1.636701199458912e-06,0.0,1.989910364151001,1.9899084568023682,5.992242257946145e-10,1.943195911735529e-06,0.0
3660,lbfgs,1.0,1.4733367606822867e-05,1.3096456314087845e-05,2.096387785588405e-10,1.636701199458912e-06,0.0,1.989910364151001,1.9899084568023682,5.992242257946145e-10,1.943195911735529e-06,0.0
3661,lbfgs,1.0,1.4733367606822867e-05,1.3096456314087845e-05,2.096387785588405e-10,1.636701199458912e-06,0.0,1.989910364151001,1.9899084568023682,5.992242257946145e-10,1.943195911735529e-06,0.0
3662,lbfgs,1.0,1.4733367606822867e-05,1.3096456314087845e-05,2.096387785588405e-10,1.636701199458912e-06,0.0,1.989910364151001,1.9899084568023682,5.992242257946145e-10,1.943195911735529e-06,0.0
3663,lbfgs,1.0,1.4733367606822867e-05,1.3096456314087845e-05,2.096387785588405e-10,1.636701199458912e-06,0.0,1.989910364151001,1.9899084568023682,5.992242257946145e-10,1.943195911735529e-06,0.0
3664,lbfgs,1.0,1.4733367606822867e-05,1.3096456314087845e-05,2.096387785588405e-10,1.636701199458912e-06,0.0,1.989910364151001,1.9899084568023682,5.992242257946145e-10,1.943195911735529e-06,0.0
3665,lbfgs,1.0,1.4733367606822867e-05,1.3096456314087845e-05,2.096387785588405e-10,1.636701199458912e-06,0.0,1.989910364151001,1.9899084568023682,5.992242257946145e-10,1.943195911735529e-06,0.0
3666,lbfgs,1.0,1.4733367606822867e-05,1.3096456314087845e-05,2.096387785588405e-10,1.636701199458912e-06,0.0,1.989910364151001,1.9899084568023682,5.992242257946145e-10,1.943195911735529e-06,0.0
3667,lbfgs,1.0,1.4733367606822867e-05,1.3096456314087845e-05,2.096387785588405e-10,1.636701199458912e-06,0.0,1.989910364151001,1.9899084568023682,5.992242257946145e-10,1.943195911735529e-06,0.0
3668,lbfgs,1.0,1.4733367606822867e-05,1.3096456314087845e-05,2.096387785588405e-10,1.636701199458912e-06,0.0,1.989910364151001,1.9899084568023682,5.992242257946145e-10,1.943195911735529e-06,0.0
3669,lbfgs,1.0,1.4733367606822867e-05,1.3096456314087845e-05,2.096387785588405e-10,1.636701199458912e-06,0.0,1.989910364151001,1.9899084568023682,5.992242257946145e-10,1.943195911735529e-06,0.0
3670,lbfgs,1.0,1.4733367606822867e-05,1.3096456314087845e-05,2.096387785588405e-10,1.636701199458912e-06,0.0,1.989910364151001,1.9899084568023682,5.992242257946145e-10,1.943195911735529e-06,0.0
3671,lbfgs,1.0,1.4733367606822867e-05,1.3096456314087845e-05,2.096387785588405e-10,1.636701199458912e-06,0.0,1.989910364151001,1.9899084568023682,5.992242257946145e-10,1.943195911735529e-06,0.0
3672,lbfgs,1.0,1.4733367606822867e-05,1.3096456314087845e-05,2.096387785588405e-10,1.636701199458912e-06,0.0,1.989910364151001,1.9899084568023682,5.992242257946145e-10,1.943195911735529e-06,0.0
3673,lbfgs,1.0,1.4733367606822867e-05,1.3096456314087845e-05,2.096387785588405e-10,1.636701199458912e-06,0.0,1.989910364151001,1.9899084568023682,5.992242257946145e-10,1.943195911735529e-06,0.0
3674,lbfgs,1.0,1.4733367606822867e-05,1.3096456314087845e-05,2.096387785588405e-10,1.636701199458912e-06,0.0,1.989910364151001,1.9899084568023682,5.992242257946145e-10,1.943195911735529e-06,0.0
3675,lbfgs,1.0,1.4733367606822867e-05,1.3096456314087845e-05,2.096387785588405e-10,1.636701199458912e-06,0.0,1.989910364151001,1.9899084568023682,5.992242257946145e-10,1.943195911735529e-06,0.0
3676,lbfgs,1.0,1.4733367606822867e-05,1.3096456314087845e-05,2.096387785588405e-10,1.636701199458912e-06,0.0,1.989910364151001,1.9899084568023682,5.992242257946145e-10,1.943195911735529e-06,0.0
3677,lbfgs,1.0,1.4733367606822867e-05,1.3096456314087845e-05,2.096387785588405e-10,1.636701199458912e-06,0.0,1.989910364151001,1.9899084568023682,5.992242257946145e-10,1.943195911735529e-06,0.0
3678,lbfgs,1.0,1.4733367606822867e-05,1.3096456314087845e-05,2.096387785588405e-10,1.636701199458912e-06,0.0,1.989910364151001,1.9899084568023682,5.992242257946145e-10,1.943195911735529e-06,0.0
3679,lbfgs,1.0,1.4733367606822867e-05,1.3096456314087845e-05,2.096387785588405e-10,1.636701199458912e-06,0.0,1.989910364151001,1.9899084568023682,5.992242257946145e-10,1.943195911735529e-06,0.0
3680,lbfgs,1.0,1.4733367606822867e-05,1.3096456314087845e-05,2.096387785588405e-10,1.636701199458912e-06,0.0,1.989910364151001,1.9899084568023682,5.992242257946145e-10,1.943195911735529e-06,0.0
3681,lbfgs,1.0,1.4733367606822867e-05,1.3096456314087845e-05,2.096387785588405e-10,1.636701199458912e-06,0.0,1.989910364151001,1.9899084568023682,5.992242257946145e-10,1.943195911735529e-06,0.0
3682,lbfgs,1.0,1.4733367606822867e-05,1.3096456314087845e-05,2.096387785588405e-10,1.636701199458912e-06,0.0,1.989910364151001,1.9899084568023682,5.992242257946145e-10,1.943195911735529e-06,0.0
3683,lbfgs,1.0,1.4733367606822867e-05,1.3096456314087845e-05,2.096387785588405e-10,1.636701199458912e-06,0.0,1.989910364151001,1.9899084568023682,5.992242257946145e-10,1.943195911735529e-06,0.0
3684,lbfgs,1.0,1.4733367606822867e-05,1.3096456314087845e-05,2.096387785588405e-10,1.636701199458912e-06,0.0,1.989910364151001,1.9899084568023682,5.992242257946145e-10,1.943195911735529e-06,0.0
3685,lbfgs,1.0,1.4733367606822867e-05,1.3096456314087845e-05,2.096387785588405e-10,1.636701199458912e-06,0.0,1.989910364151001,1.9899084568023682,5.992242257946145e-10,1.943195911735529e-06,0.0
3686,lbfgs,1.0,1.4733367606822867e-05,1.3096456314087845e-05,2.096387785588405e-10,1.636701199458912e-06,0.0,1.989910364151001,1.9899084568023682,5.992242257946145e-10,1.943195911735529e-06,0.0
3687,lbfgs,1.0,1.4733367606822867e-05,1.3096456314087845e-05,2.096387785588405e-10,1.636701199458912e-06,0.0,1.989910364151001,1.9899084568023682,5.992242257946145e-10,1.943195911735529e-06,0.0
3688,lbfgs,1.0,1.4733367606822867e-05,1.3096456314087845e-05,2.096387785588405e-10,1.636701199458912e-06,0.0,1.989910364151001,1.9899084568023682,5.992242257946145e-10,1.943195911735529e-06,0.0
3689,lbfgs,1.0,1.4733367606822867e-05,1.3096456314087845e-05,2.096387785588405e-10,1.636701199458912e-06,0.0,1.989910364151001,1.9899084568023682,5.992242257946145e-10,1.943195911735529e-06,0.0
3690,lbfgs,1.0,1.4733367606822867e-05,1.3096456314087845e-05,2.096387785588405e-10,1.636701199458912e-06,0.0,1.989910364151001,1.9899084568023682,5.992242257946145e-10,1.943195911735529e-06,0.0
3691,lbfgs,1.0,1.4733367606822867e-05,1.3096456314087845e-05,2.096387785588405e-10,1.636701199458912e-06,0.0,1.989910364151001,1.9899084568023682,5.992242257946145e-10,1.943195911735529e-06,0.0
3692,lbfgs,1.0,1.4733367606822867e-05,1.3096456314087845e-05,2.096387785588405e-10,1.636701199458912e-06,0.0,1.989910364151001,1.9899084568023682,5.992242257946145e-10,1.943195911735529e-06,0.0
3693,lbfgs,1.0,1.4733367606822867e-05,1.3096456314087845e-05,2.096387785588405e-10,1.636701199458912e-06,0.0,1.989910364151001,1.9899084568023682,5.992242257946145e-10,1.943195911735529e-06,0.0
3694,lbfgs,1.0,1.4733367606822867e-05,1.3096456314087845e-05,2.096387785588405e-10,1.636701199458912e-06,0.0,1.989910364151001,1.9899084568023682,5.992242257946145e-10,1.943195911735529e-06,0.0
3695,lbfgs,1.0,1.4733367606822867e-05,1.3096456314087845e-05,2.096387785588405e-10,1.636701199458912e-06,0.0,1.989910364151001,1.9899084568023682,5.992242257946145e-10,1.943195911735529e-06,0.0
3696,lbfgs,1.0,1.4733367606822867e-05,1.3096456314087845e-05,2.096387785588405e-10,1.636701199458912e-06,0.0,1.989910364151001,1.9899084568023682,5.992242257946145e-10,1.943195911735529e-06,0.0
3697,lbfgs,1.0,1.4733367606822867e-05,1.3096456314087845e-05,2.096387785588405e-10,1.636701199458912e-06,0.0,1.989910364151001,1.9899084568023682,5.992242257946145e-10,1.943195911735529e-06,0.0
3698,lbfgs,1.0,1.4733367606822867e-05,1.3096456314087845e-05,2.096387785588405e-10,1.636701199458912e-06,0.0,1.989910364151001,1.9899084568023682,5.992242257946145e-10,1.943195911735529e-06,0.0
3699,lbfgs,1.0,1.4733367606822867e-05,1.3096456314087845e-05,2.096387785588405e-10,1.636701199458912e-06,0.0,1.989910364151001,1.9899084568023682,5.992242257946145e-10,1.943195911735529e-06,0.0
3700,lbfgs,1.0,1.4733367606822867e-05,1.3096456314087845e-05,2.096387785588405e-10,1.636701199458912e-06,0.0,1.989910364151001,1.9899084568023682,5.992242257946145e-10,1.943195911735529e-06,0.0
3701,lbfgs,1.0,1.4733367606822867e-05,1.3096456314087845e-05,2.096387785588405e-10,1.636701199458912e-06,0.0,1.989910364151001,1.9899084568023682,5.992242257946145e-10,1.943195911735529e-06,0.0
3702,lbfgs,1.0,1.4733367606822867e-05,1.3096456314087845e-05,2.096387785588405e-10,1.636701199458912e-06,0.0,1.989910364151001,1.9899084568023682,5.992242257946145e-10,1.943195911735529e-06,0.0
3703,lbfgs,1.0,1.4733367606822867e-05,1.3096456314087845e-05,2.096387785588405e-10,1.636701199458912e-06,0.0,1.989910364151001,1.9899084568023682,5.992242257946145e-10,1.943195911735529e-06,0.0
3704,lbfgs,1.0,1.4733367606822867e-05,1.3096456314087845e-05,2.096387785588405e-10,1.636701199458912e-06,0.0,1.989910364151001,1.9899084568023682,5.992242257946145e-10,1.943195911735529e-06,0.0
3705,lbfgs,1.0,1.4733367606822867e-05,1.3096456314087845e-05,2.096387785588405e-10,1.636701199458912e-06,0.0,1.989910364151001,1.9899084568023682,5.992242257946145e-10,1.943195911735529e-06,0.0
3706,lbfgs,1.0,1.4733367606822867e-05,1.3096456314087845e-05,2.096387785588405e-10,1.636701199458912e-06,0.0,1.989910364151001,1.9899084568023682,5.992242257946145e-10,1.943195911735529e-06,0.0
3707,lbfgs,1.0,1.4733367606822867e-05,1.3096456314087845e-05,2.096387785588405e-10,1.636701199458912e-06,0.0,1.989910364151001,1.9899084568023682,5.992242257946145e-10,1.943195911735529e-06,0.0
3708,lbfgs,1.0,1.4733367606822867e-05,1.3096456314087845e-05,2.096387785588405e-10,1.636701199458912e-06,0.0,1.989910364151001,1.9899084568023682,5.992242257946145e-10,1.943195911735529e-06,0.0
3709,lbfgs,1.0,1.4733367606822867e-05,1.3096456314087845e-05,2.096387785588405e-10,1.636701199458912e-06,0.0,1.989910364151001,1.9899084568023682,5.992242257946145e-10,1.943195911735529e-06,0.0
3710,lbfgs,1.0,1.4733367606822867e-05,1.3096456314087845e-05,2.096387785588405e-10,1.636701199458912e-06,0.0,1.989910364151001,1.9899084568023682,5.992242257946145e-10,1.943195911735529e-06,0.0
3711,lbfgs,1.0,1.4733367606822867e-05,1.3096456314087845e-05,2.096387785588405e-10,1.636701199458912e-06,0.0,1.989910364151001,1.9899084568023682,5.992242257946145e-10,1.943195911735529e-06,0.0
3712,lbfgs,1.0,1.4733367606822867e-05,1.3096456314087845e-05,2.096387785588405e-10,1.636701199458912e-06,0.0,1.989910364151001,1.9899084568023682,5.992242257946145e-10,1.943195911735529e-06,0.0
3713,lbfgs,1.0,1.4733367606822867e-05,1.3096456314087845e-05,2.096387785588405e-10,1.636701199458912e-06,0.0,1.989910364151001,1.9899084568023682,5.992242257946145e-10,1.943195911735529e-06,0.0
3714,lbfgs,1.0,1.4733367606822867e-05,1.3096456314087845e-05,2.096387785588405e-10,1.636701199458912e-06,0.0,1.989910364151001,1.9899084568023682,5.992242257946145e-10,1.943195911735529e-06,0.0
3715,lbfgs,1.0,1.4733367606822867e-05,1.3096456314087845e-05,2.096387785588405e-10,1.636701199458912e-06,0.0,1.989910364151001,1.9899084568023682,5.992242257946145e-10,1.943195911735529e-06,0.0
3716,lbfgs,1.0,1.4733367606822867e-05,1.3096456314087845e-05,2.096387785588405e-10,1.636701199458912e-06,0.0,1.989910364151001,1.9899084568023682,5.992242257946145e-10,1.943195911735529e-06,0.0
3717,lbfgs,1.0,1.4733367606822867e-05,1.3096456314087845e-05,2.096387785588405e-10,1.636701199458912e-06,0.0,1.989910364151001,1.9899084568023682,5.992242257946145e-10,1.943195911735529e-06,0.0
3718,lbfgs,1.0,1.4733367606822867e-05,1.3096456314087845e-05,2.096387785588405e-10,1.636701199458912e-06,0.0,1.989910364151001,1.9899084568023682,5.992242257946145e-10,1.943195911735529e-06,0.0
3719,lbfgs,1.0,1.4733367606822867e-05,1.3096456314087845e-05,2.096387785588405e-10,1.636701199458912e-06,0.0,1.989910364151001,1.9899084568023682,5.992242257946145e-10,1.943195911735529e-06,0.0
3720,lbfgs,1.0,1.4733367606822867e-05,1.3096456314087845e-05,2.096387785588405e-10,1.636701199458912e-06,0.0,1.989910364151001,1.9899084568023682,5.992242257946145e-10,1.943195911735529e-06,0.0
3721,lbfgs,1.0,1.4733367606822867e-05,1.3096456314087845e-05,2.096387785588405e-10,1.636701199458912e-06,0.0,1.989910364151001,1.9899084568023682,5.992242257946145e-10,1.943195911735529e-06,0.0
3722,lbfgs,1.0,1.4733367606822867e-05,1.3096456314087845e-05,2.096387785588405e-10,1.636701199458912e-06,0.0,1.989910364151001,1.9899084568023682,5.992242257946145e-10,1.943195911735529e-06,0.0
3723,lbfgs,1.0,1.4733367606822867e-05,1.3096456314087845e-05,2.096387785588405e-10,1.636701199458912e-06,0.0,1.989910364151001,1.9899084568023682,5.992242257946145e-10,1.943195911735529e-06,0.0
3724,lbfgs,1.0,1.4733367606822867e-05,1.3096456314087845e-05,2.096387785588405e-10,1.636701199458912e-06,0.0,1.989910364151001,1.9899084568023682,5.992242257946145e-10,1.943195911735529e-06,0.0
3725,lbfgs,1.0,1.4733367606822867e-05,1.3096456314087845e-05,2.096387785588405e-10,1.636701199458912e-06,0.0,1.989910364151001,1.9899084568023682,5.992242257946145e-10,1.943195911735529e-06,0.0
3726,lbfgs,1.0,1.4733367606822867e-05,1.3096456314087845e-05,2.096387785588405e-10,1.636701199458912e-06,0.0,1.989910364151001,1.9899084568023682,5.992242257946145e-10,1.943195911735529e-06,0.0
3727,lbfgs,1.0,1.4733367606822867e-05,1.3096456314087845e-05,2.096387785588405e-10,1.636701199458912e-06,0.0,1.989910364151001,1.9899084568023682,5.992242257946145e-10,1.943195911735529e-06,0.0
3728,lbfgs,1.0,1.4733367606822867e-05,1.3096456314087845e-05,2.096387785588405e-10,1.636701199458912e-06,0.0,1.989910364151001,1.9899084568023682,5.992242257946145e-10,1.943195911735529e-06,0.0
3729,lbfgs,1.0,1.4733367606822867e-05,1.3096456314087845e-05,2.096387785588405e-10,1.636701199458912e-06,0.0,1.989910364151001,1.9899084568023682,5.992242257946145e-10,1.943195911735529e-06,0.0
3730,lbfgs,1.0,1.4733367606822867e-05,1.3096456314087845e-05,2.096387785588405e-10,1.636701199458912e-06,0.0,1.989910364151001,1.9899084568023682,5.992242257946145e-10,1.943195911735529e-06,0.0
3731,lbfgs,1.0,1.4733367606822867e-05,1.3096456314087845e-05,2.096387785588405e-10,1.636701199458912e-06,0.0,1.989910364151001,1.9899084568023682,5.992242257946145e-10,1.943195911735529e-06,0.0
3732,lbfgs,1.0,1.4733367606822867e-05,1.3096456314087845e-05,2.096387785588405e-10,1.636701199458912e-06,0.0,1.989910364151001,1.9899084568023682,5.992242257946145e-10,1.943195911735529e-06,0.0
3733,lbfgs,1.0,1.4733367606822867e-05,1.3096456314087845e-05,2.096387785588405e-10,1.636701199458912e-06,0.0,1.989910364151001,1.9899084568023682,5.992242257946145e-10,1.943195911735529e-06,0.0
3734,lbfgs,1.0,1.4733367606822867e-05,1.3096456314087845e-05,2.096387785588405e-10,1.636701199458912e-06,0.0,1.989910364151001,1.9899084568023682,5.992242257946145e-10,1.943195911735529e-06,0.0
3735,lbfgs,1.0,1.4733367606822867e-05,1.3096456314087845e-05,2.096387785588405e-10,1.636701199458912e-06,0.0,1.989910364151001,1.9899084568023682,5.992242257946145e-10,1.943195911735529e-06,0.0
3736,lbfgs,1.0,1.4733367606822867e-05,1.3096456314087845e-05,2.096387785588405e-10,1.636701199458912e-06,0.0,1.989910364151001,1.9899084568023682,5.992242257946145e-10,1.943195911735529e-06,0.0
3737,lbfgs,1.0,1.4733367606822867e-05,1.3096456314087845e-05,2.096387785588405e-10,1.636701199458912e-06,0.0,1.989910364151001,1.9899084568023682,5.992242257946145e-10,1.943195911735529e-06,0.0
3738,lbfgs,1.0,1.4733367606822867e-05,1.3096456314087845e-05,2.096387785588405e-10,1.636701199458912e-06,0.0,1.989910364151001,1.9899084568023682,5.992242257946145e-10,1.943195911735529e-06,0.0
3739,lbfgs,1.0,1.4733367606822867e-05,1.3096456314087845e-05,2.096387785588405e-10,1.636701199458912e-06,0.0,1.989910364151001,1.9899084568023682,5.992242257946145e-10,1.943195911735529e-06,0.0
3740,lbfgs,1.0,1.4733367606822867e-05,1.3096456314087845e-05,2.096387785588405e-10,1.636701199458912e-06,0.0,1.989910364151001,1.9899084568023682,5.992242257946145e-10,1.943195911735529e-06,0.0
3741,lbfgs,1.0,1.4733367606822867e-05,1.3096456314087845e-05,2.096387785588405e-10,1.636701199458912e-06,0.0,1.989910364151001,1.9899084568023682,5.992242257946145e-10,1.943195911735529e-06,0.0
3742,lbfgs,1.0,1.4733367606822867e-05,1.3096456314087845e-05,2.096387785588405e-10,1.636701199458912e-06,0.0,1.989910364151001,1.9899084568023682,5.992242257946145e-10,1.943195911735529e-06,0.0
3743,lbfgs,1.0,1.4733367606822867e-05,1.3096456314087845e-05,2.096387785588405e-10,1.636701199458912e-06,0.0,1.989910364151001,1.9899084568023682,5.992242257946145e-10,1.943195911735529e-06,0.0
3744,lbfgs,1.0,1.4733367606822867e-05,1.3096456314087845e-05,2.096387785588405e-10,1.636701199458912e-06,0.0,1.989910364151001,1.9899084568023682,5.992242257946145e-10,1.943195911735529e-06,0.0
3745,lbfgs,1.0,1.4733367606822867e-05,1.3096456314087845e-05,2.096387785588405e-10,1.636701199458912e-06,0.0,1.989910364151001,1.9899084568023682,5.992242257946145e-10,1.943195911735529e-06,0.0
3746,lbfgs,1.0,1.4733367606822867e-05,1.3096456314087845e-05,2.096387785588405e-10,1.636701199458912e-06,0.0,1.989910364151001,1.9899084568023682,5.992242257946145e-10,1.943195911735529e-06,0.0
3747,lbfgs,1.0,1.4733367606822867e-05,1.3096456314087845e-05,2.096387785588405e-10,1.636701199458912e-06,0.0,1.989910364151001,1.9899084568023682,5.992242257946145e-10,1.943195911735529e-06,0.0
3748,lbfgs,1.0,1.4733367606822867e-05,1.3096456314087845e-05,2.096387785588405e-10,1.636701199458912e-06,0.0,1.989910364151001,1.9899084568023682,5.992242257946145e-10,1.943195911735529e-06,0.0
3749,lbfgs,1.0,1.4733367606822867e-05,1.3096456314087845e-05,2.096387785588405e-10,1.636701199458912e-06,0.0,1.989910364151001,1.9899084568023682,5.992242257946145e-10,1.943195911735529e-06,0.0
3750,lbfgs,1.0,1.4733367606822867e-05,1.3096456314087845e-05,2.096387785588405e-10,1.636701199458912e-06,0.0,1.989910364151001,1.9899084568023682,5.992242257946145e-10,1.943195911735529e-06,0.0
3751,lbfgs,1.0,1.4733367606822867e-05,1.3096456314087845e-05,2.096387785588405e-10,1.636701199458912e-06,0.0,1.989910364151001,1.9899084568023682,5.992242257946145e-10,1.943195911735529e-06,0.0
3752,lbfgs,1.0,1.4733367606822867e-05,1.3096456314087845e-05,2.096387785588405e-10,1.636701199458912e-06,0.0,1.989910364151001,1.9899084568023682,5.992242257946145e-10,1.943195911735529e-06,0.0
3753,lbfgs,1.0,1.4733367606822867e-05,1.3096456314087845e-05,2.096387785588405e-10,1.636701199458912e-06,0.0,1.989910364151001,1.9899084568023682,5.992242257946145e-10,1.943195911735529e-06,0.0
3754,lbfgs,1.0,1.4733367606822867e-05,1.3096456314087845e-05,2.096387785588405e-10,1.636701199458912e-06,0.0,1.989910364151001,1.9899084568023682,5.992242257946145e-10,1.943195911735529e-06,0.0
3755,lbfgs,1.0,1.4733367606822867e-05,1.3096456314087845e-05,2.096387785588405e-10,1.636701199458912e-06,0.0,1.989910364151001,1.9899084568023682,5.992242257946145e-10,1.943195911735529e-06,0.0
3756,lbfgs,1.0,1.4733367606822867e-05,1.3096456314087845e-05,2.096387785588405e-10,1.636701199458912e-06,0.0,1.989910364151001,1.9899084568023682,5.992242257946145e-10,1.943195911735529e-06,0.0
3757,lbfgs,1.0,1.4733367606822867e-05,1.3096456314087845e-05,2.096387785588405e-10,1.636701199458912e-06,0.0,1.989910364151001,1.9899084568023682,5.992242257946145e-10,1.943195911735529e-06,0.0
3758,lbfgs,1.0,1.4733367606822867e-05,1.3096456314087845e-05,2.096387785588405e-10,1.636701199458912e-06,0.0,1.989910364151001,1.9899084568023682,5.992242257946145e-10,1.943195911735529e-06,0.0
3759,lbfgs,1.0,1.4733367606822867e-05,1.3096456314087845e-05,2.096387785588405e-10,1.636701199458912e-06,0.0,1.989910364151001,1.9899084568023682,5.992242257946145e-10,1.943195911735529e-06,0.0
3760,lbfgs,1.0,1.4733367606822867e-05,1.3096456314087845e-05,2.096387785588405e-10,1.636701199458912e-06,0.0,1.989910364151001,1.9899084568023682,5.992242257946145e-10,1.943195911735529e-06,0.0
3761,lbfgs,1.0,1.4733367606822867e-05,1.3096456314087845e-05,2.096387785588405e-10,1.636701199458912e-06,0.0,1.989910364151001,1.9899084568023682,5.992242257946145e-10,1.943195911735529e-06,0.0
3762,lbfgs,1.0,1.4733367606822867e-05,1.3096456314087845e-05,2.096387785588405e-10,1.636701199458912e-06,0.0,1.989910364151001,1.9899084568023682,5.992242257946145e-10,1.943195911735529e-06,0.0
3763,lbfgs,1.0,1.4733367606822867e-05,1.3096456314087845e-05,2.096387785588405e-10,1.636701199458912e-06,0.0,1.989910364151001,1.9899084568023682,5.992242257946145e-10,1.943195911735529e-06,0.0
3764,lbfgs,1.0,1.4733367606822867e-05,1.3096456314087845e-05,2.096387785588405e-10,1.636701199458912e-06,0.0,1.989910364151001,1.9899084568023682,5.992242257946145e-10,1.943195911735529e-06,0.0
3765,lbfgs,1.0,1.4733367606822867e-05,1.3096456314087845e-05,2.096387785588405e-10,1.636701199458912e-06,0.0,1.989910364151001,1.9899084568023682,5.992242257946145e-10,1.943195911735529e-06,0.0
3766,lbfgs,1.0,1.4733367606822867e-05,1.3096456314087845e-05,2.096387785588405e-10,1.636701199458912e-06,0.0,1.989910364151001,1.9899084568023682,5.992242257946145e-10,1.943195911735529e-06,0.0
3767,lbfgs,1.0,1.4733367606822867e-05,1.3096456314087845e-05,2.096387785588405e-10,1.636701199458912e-06,0.0,1.989910364151001,1.9899084568023682,5.992242257946145e-10,1.943195911735529e-06,0.0
3768,lbfgs,1.0,1.4733367606822867e-05,1.3096456314087845e-05,2.096387785588405e-10,1.636701199458912e-06,0.0,1.989910364151001,1.9899084568023682,5.992242257946145e-10,1.943195911735529e-06,0.0
3769,lbfgs,1.0,1.4733367606822867e-05,1.3096456314087845e-05,2.096387785588405e-10,1.636701199458912e-06,0.0,1.989910364151001,1.9899084568023682,5.992242257946145e-10,1.943195911735529e-06,0.0
3770,lbfgs,1.0,1.4733367606822867e-05,1.3096456314087845e-05,2.096387785588405e-10,1.636701199458912e-06,0.0,1.989910364151001,1.9899084568023682,5.992242257946145e-10,1.943195911735529e-06,0.0
3771,lbfgs,1.0,1.4733367606822867e-05,1.3096456314087845e-05,2.096387785588405e-10,1.636701199458912e-06,0.0,1.989910364151001,1.9899084568023682,5.992242257946145e-10,1.943195911735529e-06,0.0
3772,lbfgs,1.0,1.4733367606822867e-05,1.3096456314087845e-05,2.096387785588405e-10,1.636701199458912e-06,0.0,1.989910364151001,1.9899084568023682,5.992242257946145e-10,1.943195911735529e-06,0.0
3773,lbfgs,1.0,1.4733367606822867e-05,1.3096456314087845e-05,2.096387785588405e-10,1.636701199458912e-06,0.0,1.989910364151001,1.9899084568023682,5.992242257946145e-10,1.943195911735529e-06,0.0
3774,lbfgs,1.0,1.4733367606822867e-05,1.3096456314087845e-05,2.096387785588405e-10,1.636701199458912e-06,0.0,1.989910364151001,1.9899084568023682,5.992242257946145e-10,1.943195911735529e-06,0.0
3775,lbfgs,1.0,1.4733367606822867e-05,1.3096456314087845e-05,2.096387785588405e-10,1.636701199458912e-06,0.0,1.989910364151001,1.9899084568023682,5.992242257946145e-10,1.943195911735529e-06,0.0
3776,lbfgs,1.0,1.4733367606822867e-05,1.3096456314087845e-05,2.096387785588405e-10,1.636701199458912e-06,0.0,1.989910364151001,1.9899084568023682,5.992242257946145e-10,1.943195911735529e-06,0.0
3777,lbfgs,1.0,1.4733367606822867e-05,1.3096456314087845e-05,2.096387785588405e-10,1.636701199458912e-06,0.0,1.989910364151001,1.9899084568023682,5.992242257946145e-10,1.943195911735529e-06,0.0
3778,lbfgs,1.0,1.4733367606822867e-05,1.3096456314087845e-05,2.096387785588405e-10,1.636701199458912e-06,0.0,1.989910364151001,1.9899084568023682,5.992242257946145e-10,1.943195911735529e-06,0.0
3779,lbfgs,1.0,1.4733367606822867e-05,1.3096456314087845e-05,2.096387785588405e-10,1.636701199458912e-06,0.0,1.989910364151001,1.9899084568023682,5.992242257946145e-10,1.943195911735529e-06,0.0
3780,lbfgs,1.0,1.4733367606822867e-05,1.3096456314087845e-05,2.096387785588405e-10,1.636701199458912e-06,0.0,1.989910364151001,1.9899084568023682,5.992242257946145e-10,1.943195911735529e-06,0.0
3781,lbfgs,1.0,1.4733367606822867e-05,1.3096456314087845e-05,2.096387785588405e-10,1.636701199458912e-06,0.0,1.989910364151001,1.9899084568023682,5.992242257946145e-10,1.943195911735529e-06,0.0
3782,lbfgs,1.0,1.4733367606822867e-05,1.3096456314087845e-05,2.096387785588405e-10,1.636701199458912e-06,0.0,1.989910364151001,1.9899084568023682,5.992242257946145e-10,1.943195911735529e-06,0.0
3783,lbfgs,1.0,1.4733367606822867e-05,1.3096456314087845e-05,2.096387785588405e-10,1.636701199458912e-06,0.0,1.989910364151001,1.9899084568023682,5.992242257946145e-10,1.943195911735529e-06,0.0
3784,lbfgs,1.0,1.4733367606822867e-05,1.3096456314087845e-05,2.096387785588405e-10,1.636701199458912e-06,0.0,1.989910364151001,1.9899084568023682,5.992242257946145e-10,1.943195911735529e-06,0.0
3785,lbfgs,1.0,1.4733367606822867e-05,1.3096456314087845e-05,2.096387785588405e-10,1.636701199458912e-06,0.0,1.989910364151001,1.9899084568023682,5.992242257946145e-10,1.943195911735529e-06,0.0
3786,lbfgs,1.0,1.4733367606822867e-05,1.3096456314087845e-05,2.096387785588405e-10,1.636701199458912e-06,0.0,1.989910364151001,1.9899084568023682,5.992242257946145e-10,1.943195911735529e-06,0.0
3787,lbfgs,1.0,1.4733367606822867e-05,1.3096456314087845e-05,2.096387785588405e-10,1.636701199458912e-06,0.0,1.989910364151001,1.9899084568023682,5.992242257946145e-10,1.943195911735529e-06,0.0
3788,lbfgs,1.0,1.4733367606822867e-05,1.3096456314087845e-05,2.096387785588405e-10,1.636701199458912e-06,0.0,1.989910364151001,1.9899084568023682,5.992242257946145e-10,1.943195911735529e-06,0.0
3789,lbfgs,1.0,1.4733367606822867e-05,1.3096456314087845e-05,2.096387785588405e-10,1.636701199458912e-06,0.0,1.989910364151001,1.9899084568023682,5.992242257946145e-10,1.943195911735529e-06,0.0
3790,lbfgs,1.0,1.4733367606822867e-05,1.3096456314087845e-05,2.096387785588405e-10,1.636701199458912e-06,0.0,1.989910364151001,1.9899084568023682,5.992242257946145e-10,1.943195911735529e-06,0.0
3791,lbfgs,1.0,1.4733367606822867e-05,1.3096456314087845e-05,2.096387785588405e-10,1.636701199458912e-06,0.0,1.989910364151001,1.9899084568023682,5.992242257946145e-10,1.943195911735529e-06,0.0
3792,lbfgs,1.0,1.4733367606822867e-05,1.3096456314087845e-05,2.096387785588405e-10,1.636701199458912e-06,0.0,1.989910364151001,1.9899084568023682,5.992242257946145e-10,1.943195911735529e-06,0.0
3793,lbfgs,1.0,1.4733367606822867e-05,1.3096456314087845e-05,2.096387785588405e-10,1.636701199458912e-06,0.0,1.989910364151001,1.9899084568023682,5.992242257946145e-10,1.943195911735529e-06,0.0
3794,lbfgs,1.0,1.4733367606822867e-05,1.3096456314087845e-05,2.096387785588405e-10,1.636701199458912e-06,0.0,1.989910364151001,1.9899084568023682,5.992242257946145e-10,1.943195911735529e-06,0.0
3795,lbfgs,1.0,1.4733367606822867e-05,1.3096456314087845e-05,2.096387785588405e-10,1.636701199458912e-06,0.0,1.989910364151001,1.9899084568023682,5.992242257946145e-10,1.943195911735529e-06,0.0
3796,lbfgs,1.0,1.4733367606822867e-05,1.3096456314087845e-05,2.096387785588405e-10,1.636701199458912e-06,0.0,1.989910364151001,1.9899084568023682,5.992242257946145e-10,1.943195911735529e-06,0.0
3797,lbfgs,1.0,1.4733367606822867e-05,1.3096456314087845e-05,2.096387785588405e-10,1.636701199458912e-06,0.0,1.989910364151001,1.9899084568023682,5.992242257946145e-10,1.943195911735529e-06,0.0
3798,lbfgs,1.0,1.4733367606822867e-05,1.3096456314087845e-05,2.096387785588405e-10,1.636701199458912e-06,0.0,1.989910364151001,1.9899084568023682,5.992242257946145e-10,1.943195911735529e-06,0.0
3799,lbfgs,1.0,1.4733367606822867e-05,1.3096456314087845e-05,2.096387785588405e-10,1.636701199458912e-06,0.0,1.989910364151001,1.9899084568023682,5.992242257946145e-10,1.943195911735529e-06,0.0
3800,lbfgs,1.0,1.4733367606822867e-05,1.3096456314087845e-05,2.096387785588405e-10,1.636701199458912e-06,0.0,1.989910364151001,1.9899084568023682,5.992242257946145e-10,1.943195911735529e-06,0.0
3801,lbfgs,1.0,1.4733367606822867e-05,1.3096456314087845e-05,2.096387785588405e-10,1.636701199458912e-06,0.0,1.989910364151001,1.9899084568023682,5.992242257946145e-10,1.943195911735529e-06,0.0
3802,lbfgs,1.0,1.4733367606822867e-05,1.3096456314087845e-05,2.096387785588405e-10,1.636701199458912e-06,0.0,1.989910364151001,1.9899084568023682,5.992242257946145e-10,1.943195911735529e-06,0.0
3803,lbfgs,1.0,1.4733367606822867e-05,1.3096456314087845e-05,2.096387785588405e-10,1.636701199458912e-06,0.0,1.989910364151001,1.9899084568023682,5.992242257946145e-10,1.943195911735529e-06,0.0
3804,lbfgs,1.0,1.4733367606822867e-05,1.3096456314087845e-05,2.096387785588405e-10,1.636701199458912e-06,0.0,1.989910364151001,1.9899084568023682,5.992242257946145e-10,1.943195911735529e-06,0.0
3805,lbfgs,1.0,1.4733367606822867e-05,1.3096456314087845e-05,2.096387785588405e-10,1.636701199458912e-06,0.0,1.989910364151001,1.9899084568023682,5.992242257946145e-10,1.943195911735529e-06,0.0
3806,lbfgs,1.0,1.4733367606822867e-05,1.3096456314087845e-05,2.096387785588405e-10,1.636701199458912e-06,0.0,1.989910364151001,1.9899084568023682,5.992242257946145e-10,1.943195911735529e-06,0.0
3807,lbfgs,1.0,1.4733367606822867e-05,1.3096456314087845e-05,2.096387785588405e-10,1.636701199458912e-06,0.0,1.989910364151001,1.9899084568023682,5.992242257946145e-10,1.943195911735529e-06,0.0
3808,lbfgs,1.0,1.4733367606822867e-05,1.3096456314087845e-05,2.096387785588405e-10,1.636701199458912e-06,0.0,1.989910364151001,1.9899084568023682,5.992242257946145e-10,1.943195911735529e-06,0.0
3809,lbfgs,1.0,1.4733367606822867e-05,1.3096456314087845e-05,2.096387785588405e-10,1.636701199458912e-06,0.0,1.989910364151001,1.9899084568023682,5.992242257946145e-10,1.943195911735529e-06,0.0
3810,lbfgs,1.0,1.4733367606822867e-05,1.3096456314087845e-05,2.096387785588405e-10,1.636701199458912e-06,0.0,1.989910364151001,1.9899084568023682,5.992242257946145e-10,1.943195911735529e-06,0.0
3811,lbfgs,1.0,1.4733367606822867e-05,1.3096456314087845e-05,2.096387785588405e-10,1.636701199458912e-06,0.0,1.989910364151001,1.9899084568023682,5.992242257946145e-10,1.943195911735529e-06,0.0
3812,lbfgs,1.0,1.4733367606822867e-05,1.3096456314087845e-05,2.096387785588405e-10,1.636701199458912e-06,0.0,1.989910364151001,1.9899084568023682,5.992242257946145e-10,1.943195911735529e-06,0.0
3813,lbfgs,1.0,1.4733367606822867e-05,1.3096456314087845e-05,2.096387785588405e-10,1.636701199458912e-06,0.0,1.989910364151001,1.9899084568023682,5.992242257946145e-10,1.943195911735529e-06,0.0
3814,lbfgs,1.0,1.4733367606822867e-05,1.3096456314087845e-05,2.096387785588405e-10,1.636701199458912e-06,0.0,1.989910364151001,1.9899084568023682,5.992242257946145e-10,1.943195911735529e-06,0.0
3815,lbfgs,1.0,1.4733367606822867e-05,1.3096456314087845e-05,2.096387785588405e-10,1.636701199458912e-06,0.0,1.989910364151001,1.9899084568023682,5.992242257946145e-10,1.943195911735529e-06,0.0
3816,lbfgs,1.0,1.4733367606822867e-05,1.3096456314087845e-05,2.096387785588405e-10,1.636701199458912e-06,0.0,1.989910364151001,1.9899084568023682,5.992242257946145e-10,1.943195911735529e-06,0.0
3817,lbfgs,1.0,1.4733367606822867e-05,1.3096456314087845e-05,2.096387785588405e-10,1.636701199458912e-06,0.0,1.989910364151001,1.9899084568023682,5.992242257946145e-10,1.943195911735529e-06,0.0
3818,lbfgs,1.0,1.4733367606822867e-05,1.3096456314087845e-05,2.096387785588405e-10,1.636701199458912e-06,0.0,1.989910364151001,1.9899084568023682,5.992242257946145e-10,1.943195911735529e-06,0.0
3819,lbfgs,1.0,1.4733367606822867e-05,1.3096456314087845e-05,2.096387785588405e-10,1.636701199458912e-06,0.0,1.989910364151001,1.9899084568023682,5.992242257946145e-10,1.943195911735529e-06,0.0
3820,lbfgs,1.0,1.4733367606822867e-05,1.3096456314087845e-05,2.096387785588405e-10,1.636701199458912e-06,0.0,1.989910364151001,1.9899084568023682,5.992242257946145e-10,1.943195911735529e-06,0.0
3821,lbfgs,1.0,1.4733367606822867e-05,1.3096456314087845e-05,2.096387785588405e-10,1.636701199458912e-06,0.0,1.989910364151001,1.9899084568023682,5.992242257946145e-10,1.943195911735529e-06,0.0
3822,lbfgs,1.0,1.4733367606822867e-05,1.3096456314087845e-05,2.096387785588405e-10,1.636701199458912e-06,0.0,1.989910364151001,1.9899084568023682,5.992242257946145e-10,1.943195911735529e-06,0.0
3823,lbfgs,1.0,1.4733367606822867e-05,1.3096456314087845e-05,2.096387785588405e-10,1.636701199458912e-06,0.0,1.989910364151001,1.9899084568023682,5.992242257946145e-10,1.943195911735529e-06,0.0
3824,lbfgs,1.0,1.4733367606822867e-05,1.3096456314087845e-05,2.096387785588405e-10,1.636701199458912e-06,0.0,1.989910364151001,1.9899084568023682,5.992242257946145e-10,1.943195911735529e-06,0.0
3825,lbfgs,1.0,1.4733367606822867e-05,1.3096456314087845e-05,2.096387785588405e-10,1.636701199458912e-06,0.0,1.989910364151001,1.9899084568023682,5.992242257946145e-10,1.943195911735529e-06,0.0
3826,lbfgs,1.0,1.4733367606822867e-05,1.3096456314087845e-05,2.096387785588405e-10,1.636701199458912e-06,0.0,1.989910364151001,1.9899084568023682,5.992242257946145e-10,1.943195911735529e-06,0.0
3827,lbfgs,1.0,1.4733367606822867e-05,1.3096456314087845e-05,2.096387785588405e-10,1.636701199458912e-06,0.0,1.989910364151001,1.9899084568023682,5.992242257946145e-10,1.943195911735529e-06,0.0
3828,lbfgs,1.0,1.4733367606822867e-05,1.3096456314087845e-05,2.096387785588405e-10,1.636701199458912e-06,0.0,1.989910364151001,1.9899084568023682,5.992242257946145e-10,1.943195911735529e-06,0.0
3829,lbfgs,1.0,1.4733367606822867e-05,1.3096456314087845e-05,2.096387785588405e-10,1.636701199458912e-06,0.0,1.989910364151001,1.9899084568023682,5.992242257946145e-10,1.943195911735529e-06,0.0
3830,lbfgs,1.0,1.4733367606822867e-05,1.3096456314087845e-05,2.096387785588405e-10,1.636701199458912e-06,0.0,1.989910364151001,1.9899084568023682,5.992242257946145e-10,1.943195911735529e-06,0.0
3831,lbfgs,1.0,1.4733367606822867e-05,1.3096456314087845e-05,2.096387785588405e-10,1.636701199458912e-06,0.0,1.989910364151001,1.9899084568023682,5.992242257946145e-10,1.943195911735529e-06,0.0
3832,lbfgs,1.0,1.4733367606822867e-05,1.3096456314087845e-05,2.096387785588405e-10,1.636701199458912e-06,0.0,1.989910364151001,1.9899084568023682,5.992242257946145e-10,1.943195911735529e-06,0.0
3833,lbfgs,1.0,1.4733367606822867e-05,1.3096456314087845e-05,2.096387785588405e-10,1.636701199458912e-06,0.0,1.989910364151001,1.9899084568023682,5.992242257946145e-10,1.943195911735529e-06,0.0
3834,lbfgs,1.0,1.4733367606822867e-05,1.3096456314087845e-05,2.096387785588405e-10,1.636701199458912e-06,0.0,1.989910364151001,1.9899084568023682,5.992242257946145e-10,1.943195911735529e-06,0.0
3835,lbfgs,1.0,1.4733367606822867e-05,1.3096456314087845e-05,2.096387785588405e-10,1.636701199458912e-06,0.0,1.989910364151001,1.9899084568023682,5.992242257946145e-10,1.943195911735529e-06,0.0
3836,lbfgs,1.0,1.4733367606822867e-05,1.3096456314087845e-05,2.096387785588405e-10,1.636701199458912e-06,0.0,1.989910364151001,1.9899084568023682,5.992242257946145e-10,1.943195911735529e-06,0.0
3837,lbfgs,1.0,1.4733367606822867e-05,1.3096456314087845e-05,2.096387785588405e-10,1.636701199458912e-06,0.0,1.989910364151001,1.9899084568023682,5.992242257946145e-10,1.943195911735529e-06,0.0
3838,lbfgs,1.0,1.4733367606822867e-05,1.3096456314087845e-05,2.096387785588405e-10,1.636701199458912e-06,0.0,1.989910364151001,1.9899084568023682,5.992242257946145e-10,1.943195911735529e-06,0.0
3839,lbfgs,1.0,1.4733367606822867e-05,1.3096456314087845e-05,2.096387785588405e-10,1.636701199458912e-06,0.0,1.989910364151001,1.9899084568023682,5.992242257946145e-10,1.943195911735529e-06,0.0
3840,lbfgs,1.0,1.4733367606822867e-05,1.3096456314087845e-05,2.096387785588405e-10,1.636701199458912e-06,0.0,1.989910364151001,1.9899084568023682,5.992242257946145e-10,1.943195911735529e-06,0.0
3841,lbfgs,1.0,1.4733367606822867e-05,1.3096456314087845e-05,2.096387785588405e-10,1.636701199458912e-06,0.0,1.989910364151001,1.9899084568023682,5.992242257946145e-10,1.943195911735529e-06,0.0
3842,lbfgs,1.0,1.4733367606822867e-05,1.3096456314087845e-05,2.096387785588405e-10,1.636701199458912e-06,0.0,1.989910364151001,1.9899084568023682,5.992242257946145e-10,1.943195911735529e-06,0.0
3843,lbfgs,1.0,1.4733367606822867e-05,1.3096456314087845e-05,2.096387785588405e-10,1.636701199458912e-06,0.0,1.989910364151001,1.9899084568023682,5.992242257946145e-10,1.943195911735529e-06,0.0
3844,lbfgs,1.0,1.4733367606822867e-05,1.3096456314087845e-05,2.096387785588405e-10,1.636701199458912e-06,0.0,1.989910364151001,1.9899084568023682,5.992242257946145e-10,1.943195911735529e-06,0.0
3845,lbfgs,1.0,1.4733367606822867e-05,1.3096456314087845e-05,2.096387785588405e-10,1.636701199458912e-06,0.0,1.989910364151001,1.9899084568023682,5.992242257946145e-10,1.943195911735529e-06,0.0
3846,lbfgs,1.0,1.4733367606822867e-05,1.3096456314087845e-05,2.096387785588405e-10,1.636701199458912e-06,0.0,1.989910364151001,1.9899084568023682,5.992242257946145e-10,1.943195911735529e-06,0.0
3847,lbfgs,1.0,1.4733367606822867e-05,1.3096456314087845e-05,2.096387785588405e-10,1.636701199458912e-06,0.0,1.989910364151001,1.9899084568023682,5.992242257946145e-10,1.943195911735529e-06,0.0
3848,lbfgs,1.0,1.4733367606822867e-05,1.3096456314087845e-05,2.096387785588405e-10,1.636701199458912e-06,0.0,1.989910364151001,1.9899084568023682,5.992242257946145e-10,1.943195911735529e-06,0.0
3849,lbfgs,1.0,1.4733367606822867e-05,1.3096456314087845e-05,2.096387785588405e-10,1.636701199458912e-06,0.0,1.989910364151001,1.9899084568023682,5.992242257946145e-10,1.943195911735529e-06,0.0
3850,lbfgs,1.0,1.4733367606822867e-05,1.3096456314087845e-05,2.096387785588405e-10,1.636701199458912e-06,0.0,1.989910364151001,1.9899084568023682,5.992242257946145e-10,1.943195911735529e-06,0.0
3851,lbfgs,1.0,1.4733367606822867e-05,1.3096456314087845e-05,2.096387785588405e-10,1.636701199458912e-06,0.0,1.989910364151001,1.9899084568023682,5.992242257946145e-10,1.943195911735529e-06,0.0
3852,lbfgs,1.0,1.4733367606822867e-05,1.3096456314087845e-05,2.096387785588405e-10,1.636701199458912e-06,0.0,1.989910364151001,1.9899084568023682,5.992242257946145e-10,1.943195911735529e-06,0.0
3853,lbfgs,1.0,1.4733367606822867e-05,1.3096456314087845e-05,2.096387785588405e-10,1.636701199458912e-06,0.0,1.989910364151001,1.9899084568023682,5.992242257946145e-10,1.943195911735529e-06,0.0
3854,lbfgs,1.0,1.4733367606822867e-05,1.3096456314087845e-05,2.096387785588405e-10,1.636701199458912e-06,0.0,1.989910364151001,1.9899084568023682,5.992242257946145e-10,1.943195911735529e-06,0.0
3855,lbfgs,1.0,1.4733367606822867e-05,1.3096456314087845e-05,2.096387785588405e-10,1.636701199458912e-06,0.0,1.989910364151001,1.9899084568023682,5.992242257946145e-10,1.943195911735529e-06,0.0
3856,lbfgs,1.0,1.4733367606822867e-05,1.3096456314087845e-05,2.096387785588405e-10,1.636701199458912e-06,0.0,1.989910364151001,1.9899084568023682,5.992242257946145e-10,1.943195911735529e-06,0.0
3857,lbfgs,1.0,1.4733367606822867e-05,1.3096456314087845e-05,2.096387785588405e-10,1.636701199458912e-06,0.0,1.989910364151001,1.9899084568023682,5.992242257946145e-10,1.943195911735529e-06,0.0
3858,lbfgs,1.0,1.4733367606822867e-05,1.3096456314087845e-05,2.096387785588405e-10,1.636701199458912e-06,0.0,1.989910364151001,1.9899084568023682,5.992242257946145e-10,1.943195911735529e-06,0.0
3859,lbfgs,1.0,1.4733367606822867e-05,1.3096456314087845e-05,2.096387785588405e-10,1.636701199458912e-06,0.0,1.989910364151001,1.9899084568023682,5.992242257946145e-10,1.943195911735529e-06,0.0
3860,lbfgs,1.0,1.4733367606822867e-05,1.3096456314087845e-05,2.096387785588405e-10,1.636701199458912e-06,0.0,1.989910364151001,1.9899084568023682,5.992242257946145e-10,1.943195911735529e-06,0.0
3861,lbfgs,1.0,1.4733367606822867e-05,1.3096456314087845e-05,2.096387785588405e-10,1.636701199458912e-06,0.0,1.989910364151001,1.9899084568023682,5.992242257946145e-10,1.943195911735529e-06,0.0
3862,lbfgs,1.0,1.4733367606822867e-05,1.3096456314087845e-05,2.096387785588405e-10,1.636701199458912e-06,0.0,1.989910364151001,1.9899084568023682,5.992242257946145e-10,1.943195911735529e-06,0.0
3863,lbfgs,1.0,1.4733367606822867e-05,1.3096456314087845e-05,2.096387785588405e-10,1.636701199458912e-06,0.0,1.989910364151001,1.9899084568023682,5.992242257946145e-10,1.943195911735529e-06,0.0
3864,lbfgs,1.0,1.4733367606822867e-05,1.3096456314087845e-05,2.096387785588405e-10,1.636701199458912e-06,0.0,1.989910364151001,1.9899084568023682,5.992242257946145e-10,1.943195911735529e-06,0.0
3865,lbfgs,1.0,1.4733367606822867e-05,1.3096456314087845e-05,2.096387785588405e-10,1.636701199458912e-06,0.0,1.989910364151001,1.9899084568023682,5.992242257946145e-10,1.943195911735529e-06,0.0
3866,lbfgs,1.0,1.4733367606822867e-05,1.3096456314087845e-05,2.096387785588405e-10,1.636701199458912e-06,0.0,1.989910364151001,1.9899084568023682,5.992242257946145e-10,1.943195911735529e-06,0.0
3867,lbfgs,1.0,1.4733367606822867e-05,1.3096456314087845e-05,2.096387785588405e-10,1.636701199458912e-06,0.0,1.989910364151001,1.9899084568023682,5.992242257946145e-10,1.943195911735529e-06,0.0
3868,lbfgs,1.0,1.4733367606822867e-05,1.3096456314087845e-05,2.096387785588405e-10,1.636701199458912e-06,0.0,1.989910364151001,1.9899084568023682,5.992242257946145e-10,1.943195911735529e-06,0.0
3869,lbfgs,1.0,1.4733367606822867e-05,1.3096456314087845e-05,2.096387785588405e-10,1.636701199458912e-06,0.0,1.989910364151001,1.9899084568023682,5.992242257946145e-10,1.943195911735529e-06,0.0
3870,lbfgs,1.0,1.4733367606822867e-05,1.3096456314087845e-05,2.096387785588405e-10,1.636701199458912e-06,0.0,1.989910364151001,1.9899084568023682,5.992242257946145e-10,1.943195911735529e-06,0.0
3871,lbfgs,1.0,1.4733367606822867e-05,1.3096456314087845e-05,2.096387785588405e-10,1.636701199458912e-06,0.0,1.989910364151001,1.9899084568023682,5.992242257946145e-10,1.943195911735529e-06,0.0
3872,lbfgs,1.0,1.4733367606822867e-05,1.3096456314087845e-05,2.096387785588405e-10,1.636701199458912e-06,0.0,1.989910364151001,1.9899084568023682,5.992242257946145e-10,1.943195911735529e-06,0.0
3873,lbfgs,1.0,1.4733367606822867e-05,1.3096456314087845e-05,2.096387785588405e-10,1.636701199458912e-06,0.0,1.989910364151001,1.9899084568023682,5.992242257946145e-10,1.943195911735529e-06,0.0
3874,lbfgs,1.0,1.4733367606822867e-05,1.3096456314087845e-05,2.096387785588405e-10,1.636701199458912e-06,0.0,1.989910364151001,1.9899084568023682,5.992242257946145e-10,1.943195911735529e-06,0.0
3875,lbfgs,1.0,1.4733367606822867e-05,1.3096456314087845e-05,2.096387785588405e-10,1.636701199458912e-06,0.0,1.989910364151001,1.9899084568023682,5.992242257946145e-10,1.943195911735529e-06,0.0
3876,lbfgs,1.0,1.4733367606822867e-05,1.3096456314087845e-05,2.096387785588405e-10,1.636701199458912e-06,0.0,1.989910364151001,1.9899084568023682,5.992242257946145e-10,1.943195911735529e-06,0.0
3877,lbfgs,1.0,1.4733367606822867e-05,1.3096456314087845e-05,2.096387785588405e-10,1.636701199458912e-06,0.0,1.989910364151001,1.9899084568023682,5.992242257946145e-10,1.943195911735529e-06,0.0
3878,lbfgs,1.0,1.4733367606822867e-05,1.3096456314087845e-05,2.096387785588405e-10,1.636701199458912e-06,0.0,1.989910364151001,1.9899084568023682,5.992242257946145e-10,1.943195911735529e-06,0.0
3879,lbfgs,1.0,1.4733367606822867e-05,1.3096456314087845e-05,2.096387785588405e-10,1.636701199458912e-06,0.0,1.989910364151001,1.9899084568023682,5.992242257946145e-10,1.943195911735529e-06,0.0
3880,lbfgs,1.0,1.4733367606822867e-05,1.3096456314087845e-05,2.096387785588405e-10,1.636701199458912e-06,0.0,1.989910364151001,1.9899084568023682,5.992242257946145e-10,1.943195911735529e-06,0.0
3881,lbfgs,1.0,1.4733367606822867e-05,1.3096456314087845e-05,2.096387785588405e-10,1.636701199458912e-06,0.0,1.989910364151001,1.9899084568023682,5.992242257946145e-10,1.943195911735529e-06,0.0
3882,lbfgs,1.0,1.4733367606822867e-05,1.3096456314087845e-05,2.096387785588405e-10,1.636701199458912e-06,0.0,1.989910364151001,1.9899084568023682,5.992242257946145e-10,1.943195911735529e-06,0.0
3883,lbfgs,1.0,1.4733367606822867e-05,1.3096456314087845e-05,2.096387785588405e-10,1.636701199458912e-06,0.0,1.989910364151001,1.9899084568023682,5.992242257946145e-10,1.943195911735529e-06,0.0
3884,lbfgs,1.0,1.4733367606822867e-05,1.3096456314087845e-05,2.096387785588405e-10,1.636701199458912e-06,0.0,1.989910364151001,1.9899084568023682,5.992242257946145e-10,1.943195911735529e-06,0.0
3885,lbfgs,1.0,1.4733367606822867e-05,1.3096456314087845e-05,2.096387785588405e-10,1.636701199458912e-06,0.0,1.989910364151001,1.9899084568023682,5.992242257946145e-10,1.943195911735529e-06,0.0
3886,lbfgs,1.0,1.4733367606822867e-05,1.3096456314087845e-05,2.096387785588405e-10,1.636701199458912e-06,0.0,1.989910364151001,1.9899084568023682,5.992242257946145e-10,1.943195911735529e-06,0.0
3887,lbfgs,1.0,1.4733367606822867e-05,1.3096456314087845e-05,2.096387785588405e-10,1.636701199458912e-06,0.0,1.989910364151001,1.9899084568023682,5.992242257946145e-10,1.943195911735529e-06,0.0
3888,lbfgs,1.0,1.4733367606822867e-05,1.3096456314087845e-05,2.096387785588405e-10,1.636701199458912e-06,0.0,1.989910364151001,1.9899084568023682,5.992242257946145e-10,1.943195911735529e-06,0.0
3889,lbfgs,1.0,1.4733367606822867e-05,1.3096456314087845e-05,2.096387785588405e-10,1.636701199458912e-06,0.0,1.989910364151001,1.9899084568023682,5.992242257946145e-10,1.943195911735529e-06,0.0
3890,lbfgs,1.0,1.4733367606822867e-05,1.3096456314087845e-05,2.096387785588405e-10,1.636701199458912e-06,0.0,1.989910364151001,1.9899084568023682,5.992242257946145e-10,1.943195911735529e-06,0.0
3891,lbfgs,1.0,1.4733367606822867e-05,1.3096456314087845e-05,2.096387785588405e-10,1.636701199458912e-06,0.0,1.989910364151001,1.9899084568023682,5.992242257946145e-10,1.943195911735529e-06,0.0
3892,lbfgs,1.0,1.4733367606822867e-05,1.3096456314087845e-05,2.096387785588405e-10,1.636701199458912e-06,0.0,1.989910364151001,1.9899084568023682,5.992242257946145e-10,1.943195911735529e-06,0.0
3893,lbfgs,1.0,1.4733367606822867e-05,1.3096456314087845e-05,2.096387785588405e-10,1.636701199458912e-06,0.0,1.989910364151001,1.9899084568023682,5.992242257946145e-10,1.943195911735529e-06,0.0
3894,lbfgs,1.0,1.4733367606822867e-05,1.3096456314087845e-05,2.096387785588405e-10,1.636701199458912e-06,0.0,1.989910364151001,1.9899084568023682,5.992242257946145e-10,1.943195911735529e-06,0.0
3895,lbfgs,1.0,1.4733367606822867e-05,1.3096456314087845e-05,2.096387785588405e-10,1.636701199458912e-06,0.0,1.989910364151001,1.9899084568023682,5.992242257946145e-10,1.943195911735529e-06,0.0
3896,lbfgs,1.0,1.4733367606822867e-05,1.3096456314087845e-05,2.096387785588405e-10,1.636701199458912e-06,0.0,1.989910364151001,1.9899084568023682,5.992242257946145e-10,1.943195911735529e-06,0.0
3897,lbfgs,1.0,1.4733367606822867e-05,1.3096456314087845e-05,2.096387785588405e-10,1.636701199458912e-06,0.0,1.989910364151001,1.9899084568023682,5.992242257946145e-10,1.943195911735529e-06,0.0
3898,lbfgs,1.0,1.4733367606822867e-05,1.3096456314087845e-05,2.096387785588405e-10,1.636701199458912e-06,0.0,1.989910364151001,1.9899084568023682,5.992242257946145e-10,1.943195911735529e-06,0.0
3899,lbfgs,1.0,1.4733367606822867e-05,1.3096456314087845e-05,2.096387785588405e-10,1.636701199458912e-06,0.0,1.989910364151001,1.9899084568023682,5.992242257946145e-10,1.943195911735529e-06,0.0
3900,lbfgs,1.0,1.4733367606822867e-05,1.3096456314087845e-05,2.096387785588405e-10,1.636701199458912e-06,0.0,1.989910364151001,1.9899084568023682,5.992242257946145e-10,1.943195911735529e-06,0.0
3901,lbfgs,1.0,1.4733367606822867e-05,1.3096456314087845e-05,2.096387785588405e-10,1.636701199458912e-06,0.0,1.989910364151001,1.9899084568023682,5.992242257946145e-10,1.943195911735529e-06,0.0
3902,lbfgs,1.0,1.4733367606822867e-05,1.3096456314087845e-05,2.096387785588405e-10,1.636701199458912e-06,0.0,1.989910364151001,1.9899084568023682,5.992242257946145e-10,1.943195911735529e-06,0.0
3903,lbfgs,1.0,1.4733367606822867e-05,1.3096456314087845e-05,2.096387785588405e-10,1.636701199458912e-06,0.0,1.989910364151001,1.9899084568023682,5.992242257946145e-10,1.943195911735529e-06,0.0
3904,lbfgs,1.0,1.4733367606822867e-05,1.3096456314087845e-05,2.096387785588405e-10,1.636701199458912e-06,0.0,1.989910364151001,1.9899084568023682,5.992242257946145e-10,1.943195911735529e-06,0.0
3905,lbfgs,1.0,1.4733367606822867e-05,1.3096456314087845e-05,2.096387785588405e-10,1.636701199458912e-06,0.0,1.989910364151001,1.9899084568023682,5.992242257946145e-10,1.943195911735529e-06,0.0
3906,lbfgs,1.0,1.4733367606822867e-05,1.3096456314087845e-05,2.096387785588405e-10,1.636701199458912e-06,0.0,1.989910364151001,1.9899084568023682,5.992242257946145e-10,1.943195911735529e-06,0.0
3907,lbfgs,1.0,1.4733367606822867e-05,1.3096456314087845e-05,2.096387785588405e-10,1.636701199458912e-06,0.0,1.989910364151001,1.9899084568023682,5.992242257946145e-10,1.943195911735529e-06,0.0
3908,lbfgs,1.0,1.4733367606822867e-05,1.3096456314087845e-05,2.096387785588405e-10,1.636701199458912e-06,0.0,1.989910364151001,1.9899084568023682,5.992242257946145e-10,1.943195911735529e-06,0.0
3909,lbfgs,1.0,1.4733367606822867e-05,1.3096456314087845e-05,2.096387785588405e-10,1.636701199458912e-06,0.0,1.989910364151001,1.9899084568023682,5.992242257946145e-10,1.943195911735529e-06,0.0
3910,lbfgs,1.0,1.4733367606822867e-05,1.3096456314087845e-05,2.096387785588405e-10,1.636701199458912e-06,0.0,1.989910364151001,1.9899084568023682,5.992242257946145e-10,1.943195911735529e-06,0.0
3911,lbfgs,1.0,1.4733367606822867e-05,1.3096456314087845e-05,2.096387785588405e-10,1.636701199458912e-06,0.0,1.989910364151001,1.9899084568023682,5.992242257946145e-10,1.943195911735529e-06,0.0
3912,lbfgs,1.0,1.4733367606822867e-05,1.3096456314087845e-05,2.096387785588405e-10,1.636701199458912e-06,0.0,1.989910364151001,1.9899084568023682,5.992242257946145e-10,1.943195911735529e-06,0.0
3913,lbfgs,1.0,1.4733367606822867e-05,1.3096456314087845e-05,2.096387785588405e-10,1.636701199458912e-06,0.0,1.989910364151001,1.9899084568023682,5.992242257946145e-10,1.943195911735529e-06,0.0
3914,lbfgs,1.0,1.4733367606822867e-05,1.3096456314087845e-05,2.096387785588405e-10,1.636701199458912e-06,0.0,1.989910364151001,1.9899084568023682,5.992242257946145e-10,1.943195911735529e-06,0.0
3915,lbfgs,1.0,1.4733367606822867e-05,1.3096456314087845e-05,2.096387785588405e-10,1.636701199458912e-06,0.0,1.989910364151001,1.9899084568023682,5.992242257946145e-10,1.943195911735529e-06,0.0
3916,lbfgs,1.0,1.4733367606822867e-05,1.3096456314087845e-05,2.096387785588405e-10,1.636701199458912e-06,0.0,1.989910364151001,1.9899084568023682,5.992242257946145e-10,1.943195911735529e-06,0.0
3917,lbfgs,1.0,1.4733367606822867e-05,1.3096456314087845e-05,2.096387785588405e-10,1.636701199458912e-06,0.0,1.989910364151001,1.9899084568023682,5.992242257946145e-10,1.943195911735529e-06,0.0
3918,lbfgs,1.0,1.4733367606822867e-05,1.3096456314087845e-05,2.096387785588405e-10,1.636701199458912e-06,0.0,1.989910364151001,1.9899084568023682,5.992242257946145e-10,1.943195911735529e-06,0.0
3919,lbfgs,1.0,1.4733367606822867e-05,1.3096456314087845e-05,2.096387785588405e-10,1.636701199458912e-06,0.0,1.989910364151001,1.9899084568023682,5.992242257946145e-10,1.943195911735529e-06,0.0
3920,lbfgs,1.0,1.4733367606822867e-05,1.3096456314087845e-05,2.096387785588405e-10,1.636701199458912e-06,0.0,1.989910364151001,1.9899084568023682,5.992242257946145e-10,1.943195911735529e-06,0.0
3921,lbfgs,1.0,1.4733367606822867e-05,1.3096456314087845e-05,2.096387785588405e-10,1.636701199458912e-06,0.0,1.989910364151001,1.9899084568023682,5.992242257946145e-10,1.943195911735529e-06,0.0
3922,lbfgs,1.0,1.4733367606822867e-05,1.3096456314087845e-05,2.096387785588405e-10,1.636701199458912e-06,0.0,1.989910364151001,1.9899084568023682,5.992242257946145e-10,1.943195911735529e-06,0.0
3923,lbfgs,1.0,1.4733367606822867e-05,1.3096456314087845e-05,2.096387785588405e-10,1.636701199458912e-06,0.0,1.989910364151001,1.9899084568023682,5.992242257946145e-10,1.943195911735529e-06,0.0
3924,lbfgs,1.0,1.4733367606822867e-05,1.3096456314087845e-05,2.096387785588405e-10,1.636701199458912e-06,0.0,1.989910364151001,1.9899084568023682,5.992242257946145e-10,1.943195911735529e-06,0.0
3925,lbfgs,1.0,1.4733367606822867e-05,1.3096456314087845e-05,2.096387785588405e-10,1.636701199458912e-06,0.0,1.989910364151001,1.9899084568023682,5.992242257946145e-10,1.943195911735529e-06,0.0
3926,lbfgs,1.0,1.4733367606822867e-05,1.3096456314087845e-05,2.096387785588405e-10,1.636701199458912e-06,0.0,1.989910364151001,1.9899084568023682,5.992242257946145e-10,1.943195911735529e-06,0.0
3927,lbfgs,1.0,1.4733367606822867e-05,1.3096456314087845e-05,2.096387785588405e-10,1.636701199458912e-06,0.0,1.989910364151001,1.9899084568023682,5.992242257946145e-10,1.943195911735529e-06,0.0
3928,lbfgs,1.0,1.4733367606822867e-05,1.3096456314087845e-05,2.096387785588405e-10,1.636701199458912e-06,0.0,1.989910364151001,1.9899084568023682,5.992242257946145e-10,1.943195911735529e-06,0.0
3929,lbfgs,1.0,1.4733367606822867e-05,1.3096456314087845e-05,2.096387785588405e-10,1.636701199458912e-06,0.0,1.989910364151001,1.9899084568023682,5.992242257946145e-10,1.943195911735529e-06,0.0
3930,lbfgs,1.0,1.4733367606822867e-05,1.3096456314087845e-05,2.096387785588405e-10,1.636701199458912e-06,0.0,1.989910364151001,1.9899084568023682,5.992242257946145e-10,1.943195911735529e-06,0.0
3931,lbfgs,1.0,1.4733367606822867e-05,1.3096456314087845e-05,2.096387785588405e-10,1.636701199458912e-06,0.0,1.989910364151001,1.9899084568023682,5.992242257946145e-10,1.943195911735529e-06,0.0
3932,lbfgs,1.0,1.4733367606822867e-05,1.3096456314087845e-05,2.096387785588405e-10,1.636701199458912e-06,0.0,1.989910364151001,1.9899084568023682,5.992242257946145e-10,1.943195911735529e-06,0.0
3933,lbfgs,1.0,1.4733367606822867e-05,1.3096456314087845e-05,2.096387785588405e-10,1.636701199458912e-06,0.0,1.989910364151001,1.9899084568023682,5.992242257946145e-10,1.943195911735529e-06,0.0
3934,lbfgs,1.0,1.4733367606822867e-05,1.3096456314087845e-05,2.096387785588405e-10,1.636701199458912e-06,0.0,1.989910364151001,1.9899084568023682,5.992242257946145e-10,1.943195911735529e-06,0.0
3935,lbfgs,1.0,1.4733367606822867e-05,1.3096456314087845e-05,2.096387785588405e-10,1.636701199458912e-06,0.0,1.989910364151001,1.9899084568023682,5.992242257946145e-10,1.943195911735529e-06,0.0
3936,lbfgs,1.0,1.4733367606822867e-05,1.3096456314087845e-05,2.096387785588405e-10,1.636701199458912e-06,0.0,1.989910364151001,1.9899084568023682,5.992242257946145e-10,1.943195911735529e-06,0.0
3937,lbfgs,1.0,1.4733367606822867e-05,1.3096456314087845e-05,2.096387785588405e-10,1.636701199458912e-06,0.0,1.989910364151001,1.9899084568023682,5.992242257946145e-10,1.943195911735529e-06,0.0
3938,lbfgs,1.0,1.4733367606822867e-05,1.3096456314087845e-05,2.096387785588405e-10,1.636701199458912e-06,0.0,1.989910364151001,1.9899084568023682,5.992242257946145e-10,1.943195911735529e-06,0.0
3939,lbfgs,1.0,1.4733367606822867e-05,1.3096456314087845e-05,2.096387785588405e-10,1.636701199458912e-06,0.0,1.989910364151001,1.9899084568023682,5.992242257946145e-10,1.943195911735529e-06,0.0
3940,lbfgs,1.0,1.4733367606822867e-05,1.3096456314087845e-05,2.096387785588405e-10,1.636701199458912e-06,0.0,1.989910364151001,1.9899084568023682,5.992242257946145e-10,1.943195911735529e-06,0.0
3941,lbfgs,1.0,1.4733367606822867e-05,1.3096456314087845e-05,2.096387785588405e-10,1.636701199458912e-06,0.0,1.989910364151001,1.9899084568023682,5.992242257946145e-10,1.943195911735529e-06,0.0
3942,lbfgs,1.0,1.4733367606822867e-05,1.3096456314087845e-05,2.096387785588405e-10,1.636701199458912e-06,0.0,1.989910364151001,1.9899084568023682,5.992242257946145e-10,1.943195911735529e-06,0.0
3943,lbfgs,1.0,1.4733367606822867e-05,1.3096456314087845e-05,2.096387785588405e-10,1.636701199458912e-06,0.0,1.989910364151001,1.9899084568023682,5.992242257946145e-10,1.943195911735529e-06,0.0
3944,lbfgs,1.0,1.4733367606822867e-05,1.3096456314087845e-05,2.096387785588405e-10,1.636701199458912e-06,0.0,1.989910364151001,1.9899084568023682,5.992242257946145e-10,1.943195911735529e-06,0.0
3945,lbfgs,1.0,1.4733367606822867e-05,1.3096456314087845e-05,2.096387785588405e-10,1.636701199458912e-06,0.0,1.989910364151001,1.9899084568023682,5.992242257946145e-10,1.943195911735529e-06,0.0
3946,lbfgs,1.0,1.4733367606822867e-05,1.3096456314087845e-05,2.096387785588405e-10,1.636701199458912e-06,0.0,1.989910364151001,1.9899084568023682,5.992242257946145e-10,1.943195911735529e-06,0.0
3947,lbfgs,1.0,1.4733367606822867e-05,1.3096456314087845e-05,2.096387785588405e-10,1.636701199458912e-06,0.0,1.989910364151001,1.9899084568023682,5.992242257946145e-10,1.943195911735529e-06,0.0
3948,lbfgs,1.0,1.4733367606822867e-05,1.3096456314087845e-05,2.096387785588405e-10,1.636701199458912e-06,0.0,1.989910364151001,1.9899084568023682,5.992242257946145e-10,1.943195911735529e-06,0.0
3949,lbfgs,1.0,1.4733367606822867e-05,1.3096456314087845e-05,2.096387785588405e-10,1.636701199458912e-06,0.0,1.989910364151001,1.9899084568023682,5.992242257946145e-10,1.943195911735529e-06,0.0
3950,lbfgs,1.0,1.4733367606822867e-05,1.3096456314087845e-05,2.096387785588405e-10,1.636701199458912e-06,0.0,1.989910364151001,1.9899084568023682,5.992242257946145e-10,1.943195911735529e-06,0.0
3951,lbfgs,1.0,1.4733367606822867e-05,1.3096456314087845e-05,2.096387785588405e-10,1.636701199458912e-06,0.0,1.989910364151001,1.9899084568023682,5.992242257946145e-10,1.943195911735529e-06,0.0
3952,lbfgs,1.0,1.4733367606822867e-05,1.3096456314087845e-05,2.096387785588405e-10,1.636701199458912e-06,0.0,1.989910364151001,1.9899084568023682,5.992242257946145e-10,1.943195911735529e-06,0.0
3953,lbfgs,1.0,1.4733367606822867e-05,1.3096456314087845e-05,2.096387785588405e-10,1.636701199458912e-06,0.0,1.989910364151001,1.9899084568023682,5.992242257946145e-10,1.943195911735529e-06,0.0
3954,lbfgs,1.0,1.4733367606822867e-05,1.3096456314087845e-05,2.096387785588405e-10,1.636701199458912e-06,0.0,1.989910364151001,1.9899084568023682,5.992242257946145e-10,1.943195911735529e-06,0.0
3955,lbfgs,1.0,1.4733367606822867e-05,1.3096456314087845e-05,2.096387785588405e-10,1.636701199458912e-06,0.0,1.989910364151001,1.9899084568023682,5.992242257946145e-10,1.943195911735529e-06,0.0
3956,lbfgs,1.0,1.4733367606822867e-05,1.3096456314087845e-05,2.096387785588405e-10,1.636701199458912e-06,0.0,1.989910364151001,1.9899084568023682,5.992242257946145e-10,1.943195911735529e-06,0.0
3957,lbfgs,1.0,1.4733367606822867e-05,1.3096456314087845e-05,2.096387785588405e-10,1.636701199458912e-06,0.0,1.989910364151001,1.9899084568023682,5.992242257946145e-10,1.943195911735529e-06,0.0
3958,lbfgs,1.0,1.4733367606822867e-05,1.3096456314087845e-05,2.096387785588405e-10,1.636701199458912e-06,0.0,1.989910364151001,1.9899084568023682,5.992242257946145e-10,1.943195911735529e-06,0.0
3959,lbfgs,1.0,1.4733367606822867e-05,1.3096456314087845e-05,2.096387785588405e-10,1.636701199458912e-06,0.0,1.989910364151001,1.9899084568023682,5.992242257946145e-10,1.943195911735529e-06,0.0
3960,lbfgs,1.0,1.4733367606822867e-05,1.3096456314087845e-05,2.096387785588405e-10,1.636701199458912e-06,0.0,1.989910364151001,1.9899084568023682,5.992242257946145e-10,1.943195911735529e-06,0.0
3961,lbfgs,1.0,1.4733367606822867e-05,1.3096456314087845e-05,2.096387785588405e-10,1.636701199458912e-06,0.0,1.989910364151001,1.9899084568023682,5.992242257946145e-10,1.943195911735529e-06,0.0
3962,lbfgs,1.0,1.4733367606822867e-05,1.3096456314087845e-05,2.096387785588405e-10,1.636701199458912e-06,0.0,1.989910364151001,1.9899084568023682,5.992242257946145e-10,1.943195911735529e-06,0.0
3963,lbfgs,1.0,1.4733367606822867e-05,1.3096456314087845e-05,2.096387785588405e-10,1.636701199458912e-06,0.0,1.989910364151001,1.9899084568023682,5.992242257946145e-10,1.943195911735529e-06,0.0
3964,lbfgs,1.0,1.4733367606822867e-05,1.3096456314087845e-05,2.096387785588405e-10,1.636701199458912e-06,0.0,1.989910364151001,1.9899084568023682,5.992242257946145e-10,1.943195911735529e-06,0.0
3965,lbfgs,1.0,1.4733367606822867e-05,1.3096456314087845e-05,2.096387785588405e-10,1.636701199458912e-06,0.0,1.989910364151001,1.9899084568023682,5.992242257946145e-10,1.943195911735529e-06,0.0
3966,lbfgs,1.0,1.4733367606822867e-05,1.3096456314087845e-05,2.096387785588405e-10,1.636701199458912e-06,0.0,1.989910364151001,1.9899084568023682,5.992242257946145e-10,1.943195911735529e-06,0.0
3967,lbfgs,1.0,1.4733367606822867e-05,1.3096456314087845e-05,2.096387785588405e-10,1.636701199458912e-06,0.0,1.989910364151001,1.9899084568023682,5.992242257946145e-10,1.943195911735529e-06,0.0
3968,lbfgs,1.0,1.4733367606822867e-05,1.3096456314087845e-05,2.096387785588405e-10,1.636701199458912e-06,0.0,1.989910364151001,1.9899084568023682,5.992242257946145e-10,1.943195911735529e-06,0.0
3969,lbfgs,1.0,1.4733367606822867e-05,1.3096456314087845e-05,2.096387785588405e-10,1.636701199458912e-06,0.0,1.989910364151001,1.9899084568023682,5.992242257946145e-10,1.943195911735529e-06,0.0
3970,lbfgs,1.0,1.4733367606822867e-05,1.3096456314087845e-05,2.096387785588405e-10,1.636701199458912e-06,0.0,1.989910364151001,1.9899084568023682,5.992242257946145e-10,1.943195911735529e-06,0.0
3971,lbfgs,1.0,1.4733367606822867e-05,1.3096456314087845e-05,2.096387785588405e-10,1.636701199458912e-06,0.0,1.989910364151001,1.9899084568023682,5.992242257946145e-10,1.943195911735529e-06,0.0
3972,lbfgs,1.0,1.4733367606822867e-05,1.3096456314087845e-05,2.096387785588405e-10,1.636701199458912e-06,0.0,1.989910364151001,1.9899084568023682,5.992242257946145e-10,1.943195911735529e-06,0.0
3973,lbfgs,1.0,1.4733367606822867e-05,1.3096456314087845e-05,2.096387785588405e-10,1.636701199458912e-06,0.0,1.989910364151001,1.9899084568023682,5.992242257946145e-10,1.943195911735529e-06,0.0
3974,lbfgs,1.0,1.4733367606822867e-05,1.3096456314087845e-05,2.096387785588405e-10,1.636701199458912e-06,0.0,1.989910364151001,1.9899084568023682,5.992242257946145e-10,1.943195911735529e-06,0.0
3975,lbfgs,1.0,1.4733367606822867e-05,1.3096456314087845e-05,2.096387785588405e-10,1.636701199458912e-06,0.0,1.989910364151001,1.9899084568023682,5.992242257946145e-10,1.943195911735529e-06,0.0
3976,lbfgs,1.0,1.4733367606822867e-05,1.3096456314087845e-05,2.096387785588405e-10,1.636701199458912e-06,0.0,1.989910364151001,1.9899084568023682,5.992242257946145e-10,1.943195911735529e-06,0.0
3977,lbfgs,1.0,1.4733367606822867e-05,1.3096456314087845e-05,2.096387785588405e-10,1.636701199458912e-06,0.0,1.989910364151001,1.9899084568023682,5.992242257946145e-10,1.943195911735529e-06,0.0
3978,lbfgs,1.0,1.4733367606822867e-05,1.3096456314087845e-05,2.096387785588405e-10,1.636701199458912e-06,0.0,1.989910364151001,1.9899084568023682,5.992242257946145e-10,1.943195911735529e-06,0.0
3979,lbfgs,1.0,1.4733367606822867e-05,1.3096456314087845e-05,2.096387785588405e-10,1.636701199458912e-06,0.0,1.989910364151001,1.9899084568023682,5.992242257946145e-10,1.943195911735529e-06,0.0
3980,lbfgs,1.0,1.4733367606822867e-05,1.3096456314087845e-05,2.096387785588405e-10,1.636701199458912e-06,0.0,1.989910364151001,1.9899084568023682,5.992242257946145e-10,1.943195911735529e-06,0.0
3981,lbfgs,1.0,1.4733367606822867e-05,1.3096456314087845e-05,2.096387785588405e-10,1.636701199458912e-06,0.0,1.989910364151001,1.9899084568023682,5.992242257946145e-10,1.943195911735529e-06,0.0
3982,lbfgs,1.0,1.4733367606822867e-05,1.3096456314087845e-05,2.096387785588405e-10,1.636701199458912e-06,0.0,1.989910364151001,1.9899084568023682,5.992242257946145e-10,1.943195911735529e-06,0.0
3983,lbfgs,1.0,1.4733367606822867e-05,1.3096456314087845e-05,2.096387785588405e-10,1.636701199458912e-06,0.0,1.989910364151001,1.9899084568023682,5.992242257946145e-10,1.943195911735529e-06,0.0
3984,lbfgs,1.0,1.4733367606822867e-05,1.3096456314087845e-05,2.096387785588405e-10,1.636701199458912e-06,0.0,1.989910364151001,1.9899084568023682,5.992242257946145e-10,1.943195911735529e-06,0.0
3985,lbfgs,1.0,1.4733367606822867e-05,1.3096456314087845e-05,2.096387785588405e-10,1.636701199458912e-06,0.0,1.989910364151001,1.9899084568023682,5.992242257946145e-10,1.943195911735529e-06,0.0
3986,lbfgs,1.0,1.4733367606822867e-05,1.3096456314087845e-05,2.096387785588405e-10,1.636701199458912e-06,0.0,1.989910364151001,1.9899084568023682,5.992242257946145e-10,1.943195911735529e-06,0.0
3987,lbfgs,1.0,1.4733367606822867e-05,1.3096456314087845e-05,2.096387785588405e-10,1.636701199458912e-06,0.0,1.989910364151001,1.9899084568023682,5.992242257946145e-10,1.943195911735529e-06,0.0
3988,lbfgs,1.0,1.4733367606822867e-05,1.3096456314087845e-05,2.096387785588405e-10,1.636701199458912e-06,0.0,1.989910364151001,1.9899084568023682,5.992242257946145e-10,1.943195911735529e-06,0.0
3989,lbfgs,1.0,1.4733367606822867e-05,1.3096456314087845e-05,2.096387785588405e-10,1.636701199458912e-06,0.0,1.989910364151001,1.9899084568023682,5.992242257946145e-10,1.943195911735529e-06,0.0
3990,lbfgs,1.0,1.4733367606822867e-05,1.3096456314087845e-05,2.096387785588405e-10,1.636701199458912e-06,0.0,1.989910364151001,1.9899084568023682,5.992242257946145e-10,1.943195911735529e-06,0.0
3991,lbfgs,1.0,1.4733367606822867e-05,1.3096456314087845e-05,2.096387785588405e-10,1.636701199458912e-06,0.0,1.989910364151001,1.9899084568023682,5.992242257946145e-10,1.943195911735529e-06,0.0
3992,lbfgs,1.0,1.4733367606822867e-05,1.3096456314087845e-05,2.096387785588405e-10,1.636701199458912e-06,0.0,1.989910364151001,1.9899084568023682,5.992242257946145e-10,1.943195911735529e-06,0.0
3993,lbfgs,1.0,1.4733367606822867e-05,1.3096456314087845e-05,2.096387785588405e-10,1.636701199458912e-06,0.0,1.989910364151001,1.9899084568023682,5.992242257946145e-10,1.943195911735529e-06,0.0
3994,lbfgs,1.0,1.4733367606822867e-05,1.3096456314087845e-05,2.096387785588405e-10,1.636701199458912e-06,0.0,1.989910364151001,1.9899084568023682,5.992242257946145e-10,1.943195911735529e-06,0.0
3995,lbfgs,1.0,1.4733367606822867e-05,1.3096456314087845e-05,2.096387785588405e-10,1.636701199458912e-06,0.0,1.989910364151001,1.9899084568023682,5.992242257946145e-10,1.943195911735529e-06,0.0
3996,lbfgs,1.0,1.4733367606822867e-05,1.3096456314087845e-05,2.096387785588405e-10,1.636701199458912e-06,0.0,1.989910364151001,1.9899084568023682,5.992242257946145e-10,1.943195911735529e-06,0.0
3997,lbfgs,1.0,1.4733367606822867e-05,1.3096456314087845e-05,2.096387785588405e-10,1.636701199458912e-06,0.0,1.989910364151001,1.9899084568023682,5.992242257946145e-10,1.943195911735529e-06,0.0
3998,lbfgs,1.0,1.4733367606822867e-05,1.3096456314087845e-05,2.096387785588405e-10,1.636701199458912e-06,0.0,1.989910364151001,1.9899084568023682,5.992242257946145e-10,1.943195911735529e-06,0.0
3999,lbfgs,1.0,1.4733367606822867e-05,1.3096456314087845e-05,2.096387785588405e-10,1.636701199458912e-06,0.0,1.989910364151001,1.9899084568023682,5.992242257946145e-10,1.943195911735529e-06,0.0
4000,lbfgs,1.0,1.4733367606822867e-05,1.3096456314087845e-05,2.096387785588405e-10,1.636701199458912e-06,0.0,1.989910364151001,1.9899084568023682,5.992242257946145e-10,1.943195911735529e-06,0.0
