tau,moneyness,v,rho,kappa,gamma,bar_v,r,row_index,fd_delta,ad_delta,ad_minus_fd_delta,fd_gamma,ad_gamma,ad_minus_fd_gamma,fd_vega,ad_vega,ad_minus_fd_vega,fd_theta,ad_theta,ad_minus_fd_theta,fd_rho,ad_rho,ad_minus_fd_rho
0.4261666666666667,0.8,0.04,-0.7,2.0,0.3,0.04,0.01,38,-0.8926472344721048,-0.8926472608854443,-2.641333951558522e-08,1.6194419943937888,1.6194421824840874,1.8809029866950766e-07,0.12630773310554066,0.12630773389207278,7.865321172140227e-10,-0.003286300339216952,-0.0032863006968139583,-3.5759700625984103e-10,-0.35099950737818575,-0.35099963855341654,-1.3117523078864934e-07
0.537,0.8,0.04,-0.7,2.0,0.3,0.04,0.01,48,-0.8556683999524917,-0.855668415591549,-1.5639057382443866e-08,1.777296437799336,1.7772965618807948,1.2408145866338316e-07,0.14849856075291323,0.1484985616829453,9.300320791272298e-10,-0.008073091471855198,-0.008073091781508404,-3.096532058544099e-10,-0.42445189140635775,-0.4244520292862301,-1.3787987235280852e-07
0.57025,0.8,0.04,-0.7,2.0,0.3,0.04,0.01,51,-0.8451398398452714,-0.8451398531605394,-1.331526799930316e-08,1.7840243032862801,1.7840242831490947,-2.0137185474666808e-08,0.15381164469016606,0.1538116455977235,9.075574458616842e-10,-0.00902645711842176,-0.009026457381616127,-2.631943673420123e-10,-0.44605060768893035,-0.44605074766976205,-1.3998083170374542e-07
0.7919166666666667,0.8,0.04,-0.7,2.0,0.3,0.04,0.01,71,-0.7879382488248932,-0.7879382573660266,-8.541133467154793e-09,1.7290839982031514,1.7290840740869473,7.588379591361161e-08,0.1768952808831048,0.1768952814851577,6.020529075279057e-10,-0.012236185868708116,-0.0122361859184311,-4.972298441041634e-11,-0.5883363505407302,-0.5883365077261348,-1.57185404581206e-07
1.0468333333333333,0.8,0.04,-0.7,2.0,0.3,0.04,0.01,94,-0.7388037053329688,-0.7388037115426814,-6.209712632987419e-09,1.7211757574742137,1.721176009384538,2.519103243781018e-07,0.18628328146613748,0.1862832818747691,4.0863162853455037e-10,-0.013679919241699201,-0.013679919255036328,-1.3337126542056765e-11,-0.751461499313294,-0.75146168217427,-1.8286097602793205e-07
1.1133333333333333,0.8,0.04,-0.7,2.0,0.3,0.04,0.01,100,-0.7273848710882824,-0.7273848760793991,-4.9911166311034094e-09,1.7146478431540046,1.7146479782895399,1.3513553520638766e-07,0.18686294849898366,0.1868629488796367,3.806530368688499e-10,-0.013948131445812306,-0.013948131460034405,-1.4222099192773285e-11,-0.794203712373015,-0.7942039023288097,-1.8995579464942125e-07
1.3793333333333333,0.8,0.04,-0.7,2.0,0.3,0.04,0.01,124,-0.6875595803414181,-0.6875595806673478,-3.259297276514417e-10,1.620932507662154,1.6209325493487772,4.168662326442529e-08,0.18447058381346193,0.18447058413756667,3.2410474304356285e-10,-0.0145419997012175,-0.014541999723997445,-2.277994459731758e-11,-0.9655004176091497,-0.9655006346754863,-2.1706633657192498e-07
1.5455833333333333,0.8,0.04,-0.7,2.0,0.3,0.04,0.01,139,-0.6681635073117753,-0.6681635062971016,1.0146736784122368e-09,1.5314182338910243,1.5314182202754272,-1.361559709422977e-08,0.18062421035469622,0.18062421067507628,3.203800558182479e-10,-0.014410329731151528,-0.014410329755109665,-2.395813755717846e-11,-1.0719329917144305,-1.071933223840674,-2.3212624356006017e-07
1.56775,0.8,0.04,-0.7,2.0,0.3,0.04,0.01,141,-0.6658902142081535,-0.6658902131051475,1.1030060198535807e-09,1.519628045620891,1.519628208986756,1.633658650579406e-07,0.18003652317133412,0.18003652348742422,3.160900985399451e-10,-0.014364374815029057,-0.01436437483496217,-1.993311245229723e-11,-1.0860385500424674,-1.086038784067101,-2.3402463367183657e-07
1.63425,0.8,0.04,-0.7,2.0,0.3,0.04,0.01,147,-0.6594671409006214,-0.6594671396355914,1.2650299696659317e-09,1.485618492114149,1.4856184682681848,-2.384596431426189e-08,0.17820501367740715,0.17820501399849759,3.210904320205543e-10,-0.014193384371002926,-0.014193384385197743,-1.4194817196666598e-11,-1.1282016441072074,-1.1282018836999326,-2.395927252152319e-07
1.6453333333333333,0.8,0.04,-0.7,2.0,0.3,0.04,0.01,148,-0.6584511959714656,-0.6584511946919307,1.279534922460357e-09,1.4801914915985037,1.4801914361292856,-5.5469218107617735e-08,0.1778915893042854,0.17789158962832927,3.240438750662378e-10,-0.014160569453414151,-0.014160569467650373,-1.4236221576591213e-11,-1.1352048164624262,-1.1352050569640941,-2.40501667914117e-07
1.734,0.8,0.04,-0.7,2.0,0.3,0.04,0.01,156,-0.6508240538390109,-0.6508240525151152,1.3238956597660945e-09,1.4397262687593226,1.4397263548232386,8.606391599386143e-08,0.17532761866279056,0.17532761898912574,3.263351811000348e-10,-0.01386305468725757,-0.013863054698783222,-1.152565196060884e-11,-1.1909590552484917,-1.190959302892928,-2.476444362908836e-07
1.90025,0.8,0.04,-0.7,2.0,0.3,0.04,0.01,171,-0.638447871899317,-0.6384478706661303,1.2331866638959355e-09,1.3788002795056542,1.3788002121125706,-6.739308355818707e-08,0.17041666063491445,0.17041666098186858,3.4695413209107073e-10,-0.013208526556118816,-0.013208526555011538,1.107277464162948e-12,-1.2940591727306217,-1.2940594333309885,-2.6060036684150134e-07
1.9224166666666667,0.8,0.04,-0.7,2.0,0.3,0.04,0.01,173,-0.6369415568203973,-0.6369415556023837,1.2180135788852908e-09,1.3720623165403012,1.3720622755670955,-4.097320571716523e-08,0.16976546383440372,0.169765464187346,3.529422865078402e-10,-0.013118350367380405,-0.013118350367245823,1.3458158198975667e-13,-1.3076533933019385,-1.3076536556131306,-2.623111921007393e-07
1.9335,0.8,0.04,-0.7,2.0,0.3,0.04,0.01,174,-0.6361984678719679,-0.6361984666620147,1.2099531376819073e-09,1.3688030958691755,1.3688031126042115,1.6735036023618477e-08,0.169440867227727,0.16944086757913254,3.514055435527297e-10,-0.01307336589581598,-0.013073365896040075,-2.240950480736359e-13,-1.314436586044021,-1.3144368492079568,-2.6316393575420705e-07
0.3264166666666667,0.8022222222222223,0.04,-0.7,2.0,0.3,0.04,0.01,210,-0.9183053129770136,-0.9183053446822296,-3.1705216008148795e-08,1.2881359506833334,1.2881357921748875,-1.5850844592435465e-07,0.10186173449583391,0.10186173487721596,3.813820509401822e-10,0.0025165583344977094,0.0025165584385094435,1.0401173412138975e-10,-0.27949879315092296,-0.27949891685490363,-1.237039806700757e-07
0.5148333333333334,0.8022222222222223,0.04,-0.7,2.0,0.3,0.04,0.01,227,-0.8589837138180123,-0.8589837308349759,-1.7016963616001135e-08,1.7878977992547007,1.7878979678612132,1.686065125294789e-07,0.14652748162466422,0.14652748257195075,9.472865269977149e-10,-0.008062916405648934,-0.00806291676190001,-3.562510755145132e-10,-0.40830199806163314,-0.4083021343637254,-1.3630209227954992e-07
0.5480833333333334,0.8022222222222223,0.04,-0.7,2.0,0.3,0.04,0.01,230,-0.8481263011946016,-0.8481263155660635,-1.437146190941263e-08,1.800375556970657,1.8003756833845013,1.2641384428135893e-07,0.1522044101419373,0.15220441107926957,9.373322673589257e-10,-0.00912207580833213,-0.009122076116047532,-3.0771540177054746e-10,-0.4298969566751687,-0.4298970950139579,-1.3833878920177511e-07
0.6589166666666667,0.8022222222222223,0.04,-0.7,2.0,0.3,0.04,0.01,240,-0.8157352769191939,-0.8157352865213942,-9.602200257141646e-09,1.7779824112995612,1.7779824284152672,1.7115705963632877e-08,0.16707968440748955,0.16707968519765892,7.901693743761484e-10,-0.011385390548540597,-0.011385390691534287,-1.429936898056372e-10,-0.5011868755329385,-0.501187021430297,-1.4589735852776897e-07
0.7808333333333334,0.8022222222222223,0.04,-0.7,2.0,0.3,0.04,0.01,251,-0.7864934608507734,-0.7864934693554974,-8.504723925106816e-09,1.7422858017424048,1.74228570519479,-9.654761479183094e-08,0.1777347446289823,0.1777347452473439,6.183615841592882e-10,-0.012634265088157237,-0.012634265133526518,-4.536928124854178e-11,-0.5790182654528964,-0.5790184213391263,-1.5588622992446233e-07
0.8251666666666667,0.8022222222222223,0.04,-0.7,2.0,0.3,0.04,0.01,255,-0.7770395472739278,-0.7770395556215006,-8.347572855171848e-09,1.7362314197466588,1.73623140524801,-1.4498648948091386e-08,0.18047178213548287,0.18047178270592618,5.704433037045931e-10,-0.012944781417195683,-0.012944781452161797,-3.49661133380863e-11,-0.607265288809361,-0.6072654487509698,-1.5994160873500363e-07
0.936,0.8022222222222223,0.04,-0.7,2.0,0.3,0.04,0.01,265,-0.7551368997221752,-0.7551369072977231,-7.575547855687148e-09,1.732386084585258,1.732386258693422,1.7410816410823315e-07,0.18524163864136467,0.18524163911561636,4.742516934719276e-10,-0.013570480286162478,-0.013570480304716246,-1.8553767897055984e-11,-0.6779181307323134,-0.6779183015555572,-1.708232437724888e-07
0.9803333333333334,0.8022222222222223,0.04,-0.7,2.0,0.3,0.04,0.01,269,-0.7468911690454438,-0.7468911760761839,-7.030740101221511e-09,1.7320943873633254,1.732094358557498,-2.8805827501088288e-08,0.18644687620000822,0.1864468766504106,4.504023820572911e-10,-0.013782475492968294,-0.01378247550592082,-1.2952526204368375e-11,-0.7062271518443186,-0.7062273272390331,-1.7539471452998612e-07
1.202,0.8022222222222223,0.04,-0.7,2.0,0.3,0.04,0.01,289,-0.7092241357238571,-0.7092241386957637,-2.9719066096944857e-09,1.6992603518728444,1.6992602625144544,-8.935839002077728e-08,0.18800437619981292,0.18800437656128371,3.6147079773840574e-10,-0.014589125919284296,-0.014589125940853638,-2.1569341798755026e-11,-0.848313223516528,-0.8483134222007349,-1.9868420686464106e-07
1.4901666666666666,0.8022222222222223,0.04,-0.7,2.0,0.3,0.04,0.01,315,-0.6706885090584924,-0.6706885081848033,8.736891210503472e-10,1.5604151748505046,1.5604152899971802,1.1514667552781077e-07,0.1830451115304721,0.1830451118519328,3.214607191548424e-10,-0.014745922129744127,-0.0147459221521159,-2.2371772837037618e-11,-1.0330229656660417,-1.0330231920421553,-2.2637611363229837e-07
1.5566666666666666,0.8022222222222223,0.04,-0.7,2.0,0.3,0.04,0.01,321,-0.6636298823406439,-0.6636298811525161,1.1881278183523136e-09,1.5239995820870433,1.5239997045710443,1.2248400094172496e-07,0.18130989211787019,0.18130989243761386,3.1974367598053277e-10,-0.014614668623902372,-0.014614668645601119,-2.1698746965892468e-11,-1.0753096111161542,-1.075309843249678,-2.3213352373652185e-07
1.7561666666666667,0.8022222222222223,0.04,-0.7,2.0,0.3,0.04,0.01,339,-0.6458666634256982,-0.6458666620359365,1.3897617501257287e-09,1.4286701432997262,1.4286700540696091,-8.923011707295814e-08,0.17555823320927755,0.17555823354131544,3.3203789717717314e-10,-0.013956091928779557,-0.013956091937507482,-8.727924633022965e-12,-1.2007481175585477,-1.2007483659234492,-2.48364901533904e-07
0.271,0.8044444444444445,0.04,-0.7,2.0,0.3,0.04,0.01,386,-0.9266150206260759,-0.9266150498182696,-2.9192193662375132e-08,1.0796452065697792,1.0796450296543487,-1.7691543052755776e-07,0.0861234100364705,0.0861234101840692,1.475986971533061e-10,0.00575799991242576,0.0057580006688109425,7.563851827860346e-10,-0.235984342454032,-0.23598445989836464,-1.174443326479313e-07
0.28208333333333335,0.8044444444444445,0.04,-0.7,2.0,0.3,0.04,0.01,387,-0.9247530025421891,-0.9247530327226264,-3.018043737146314e-08,1.1285339329702992,1.1285338479411609,-8.502913839691928e-08,0.08975337267985717,0.08975337287811501,1.982578407000446e-10,0.005074371595692462,0.005074372221501155,6.258086930610585e-10,-0.24485295706422328,-0.24485307603623285,-1.1897200957733389e-07
0.34858333333333336,0.8044444444444445,0.04,-0.7,2.0,0.3,0.04,0.01,393,-0.9096154591603511,-0.9096154908181785,-3.1657827359588e-08,1.4274897930377506,1.4274898355281895,4.249043894510862e-08,0.1100049102814582,0.11000491082140408,5.399458796739864e-10,0.0003618561106311091,0.0003618559805735456,-1.3005756351438039e-10,-0.2947856425954132,-0.29478576821705915,-1.2562164597440528e-07
0.8695,0.8044444444444445,0.04,-0.7,2.0,0.3,0.04,0.01,440,-0.7641593524433665,-0.7641593604603959,-8.017029373696971e-09,1.744118696689334,1.7441187091742034,1.2484869360562811e-08,0.18420038476352207,0.18420038530074098,5.372189082475387e-10,-0.013657753832330144,-0.01365775385085382,-1.8523675648918214e-11,-0.6331110591847877,-0.6331112230163416,-1.6383155387877935e-07
0.9803333333333334,0.8044444444444445,0.04,-0.7,2.0,0.3,0.04,0.01,450,-0.7430317508405615,-0.743031757672838,-6.8322765223172155e-09,1.741338689909,1.741338732407903,4.249890306340376e-08,0.18783922530532515,0.1878392257576917,4.523665608768823e-10,-0.014189558674854164,-0.014189558687933642,-1.3079478472510786e-11,-0.7036343188099314,-0.7036344937738354,-1.7496390392057748e-07
1.1465833333333333,0.8044444444444445,0.04,-0.7,2.0,0.3,0.04,0.01,465,-0.7142523068214002,-0.714252310623723,-3.802322789958623e-09,1.7197120588674508,1.7197121426764497,8.380899885196413e-08,0.18945296234196274,0.18945296272150883,3.7954608900214737e-10,-0.014793244060007371,-0.014793244077448739,-1.7441367794468476e-11,-0.8098314751144031,-0.8098316674380608,-1.9232365766619353e-07
1.5455833333333333,0.8044444444444445,0.04,-0.7,2.0,0.3,0.04,0.01,501,-0.6613637495303526,-0.6613637482545256,1.2758269996027138e-09,1.5283572185609273,1.528357356883635,1.3832270773228572e-07,0.1825852027549646,0.18258520307759674,3.2263214322370004e-10,-0.014867745227742368,-0.01486774524874089,-2.0998522365367478e-11,-1.0646115493548325,-1.0646117796040626,-2.3024923012648912e-07
1.7118333333333333,0.8044444444444445,0.04,-0.7,2.0,0.3,0.04,0.01,516,-0.6462190085000652,-0.646219007017529,1.4825362049109003e-09,1.4455846936156647,1.445584635069299,-5.8546365755418606e-08,0.17777261567389346,0.17777261600763736,3.3374389363238777e-10,-0.014309699114256613,-0.014309699123523855,-9.267241488086775e-12,-1.16909337876267,-1.1690936226096718,-2.438470017018801e-07
0.12691666666666668,0.8066666666666668,0.04,-0.7,2.0,0.3,0.04,0.01,554,-0.9408960593068616,-0.9408960727730409,-1.3466179282772828e-08,0.6549722764148669,0.6549720920576441,-1.8435722282106326e-07,0.03162518758800803,0.03162518775521803,1.6721000278829834e-10,0.013470454507530372,0.013470449269264433,-5.238265939067066e-09,-0.10718929136177557,-0.10718936457180633,-7.321003075988486e-08
0.23775000000000002,0.8066666666666668,0.04,-0.7,2.0,0.3,0.04,0.01,564,-0.929040628274147,-0.9290406545560096,-2.6281862575139314e-08,0.9802676614878436,0.9802674467923174,-2.1469552624608923e-07,0.07604635671384918,0.0760463567732492,5.940001268633921e-11,0.007178994597123456,0.0071789955722388965,9.75115440650376e-10,-0.20792585745096903,-0.2079259695593118,-1.1210834277575188e-07
0.3596666666666667,0.8066666666666668,0.04,-0.7,2.0,0.3,0.04,0.01,575,-0.9031644161612562,-0.9031644472789084,-3.1117652232737214e-08,1.5146509463326296,1.5146509520353533,5.702723626654915e-09,0.11493419111524572,0.11493419175543777,6.401920521481586e-10,-0.0010904448144444245,-0.001090445070157067,-2.557126424669598e-10,-0.30161713048329486,-0.301617256881504,-1.2639820912152544e-07
0.41508333333333336,0.8066666666666668,0.04,-0.7,2.0,0.3,0.04,0.01,580,-0.8852996050126571,-0.8852996312957788,-2.628312167907154e-08,1.6958905002528724,1.6958906455220066,1.4526913427737043e-07,0.1294116539633794,0.12941165482109263,8.577132337705962e-10,-0.004868627876408738,-0.0048686283488456605,-4.724369229158754e-10,-0.3395087007972142,-0.33950883079167227,-1.2999445808681287e-07
0.5591666666666667,0.8066666666666668,0.04,-0.7,2.0,0.3,0.04,0.01,593,-0.8365259103770839,-0.8365259232192241,-1.2842140240110211e-08,1.8368133292145927,1.8368133646950793,3.548048654877789e-08,0.15766611832543354,0.15766611926990046,9.4446692133765e-10,-0.01082606203003933,-0.01082606232689413,-2.968548011572647e-10,-0.43340409173198147,-0.4334042302925689,-1.3856058744821098e-07
1.0246666666666666,0.8066666666666668,0.04,-0.7,2.0,0.3,0.04,0.01,635,-0.7311572164654667,-0.7311572223632729,-5.897806132360017e-09,1.7470576790801218,1.747057761624752,8.254463024215397e-08,0.1900126545686942,0.19001265500904888,4.4035466939540413e-10,-0.014768285737515319,-0.014768285749685837,-1.2170518065568459e-11,-0.7292212212163529,-0.729221400307227,-1.790908741305941e-07
1.10225,0.8066666666666668,0.04,-0.7,2.0,0.3,0.04,0.01,642,-0.7177450738345137,-0.7177450782523512,-4.4178375402381675e-09,1.735446300554777,1.7354463138810872,1.3326310055461477e-08,0.1906759385061907,0.19067593891073642,4.0454573024817364e-10,-0.01503020430268509,-0.015030204318933262,-1.6248171211263873e-11,-0.7786446481083953,-0.7786448352529891,-1.8714459382174198e-07
1.5345,0.8066666666666668,0.04,-0.7,2.0,0.3,0.04,0.01,681,-0.6590917956560138,-0.6590917942908212,1.3651926256130764e-09,1.5327013075383533,1.5327012553527104,-5.2185642918090025e-08,0.18386228536962368,0.18386228569825758,3.286338978725212e-10,-0.015123642281705818,-0.015123642301570461,-1.9864642916700426e-11,-1.0539444868801207,-1.0539447152517025,-2.283715818673926e-07
1.6675,0.8066666666666668,0.04,-0.7,2.0,0.3,0.04,0.01,693,-0.646684516394519,-0.6466845148314698,1.5630491345675068e-09,1.4638245254827709,1.4638244302674526,-9.521531829648211e-08,0.18000446046412266,0.18000446079472046,3.3059779913635623e-10,-0.01467055774417858,-0.014670557754400251,-1.022167073205793e-11,-1.13747860867916,-1.1374788479908353,-2.393116753651725e-07
1.7561666666666667,0.8066666666666668,0.04,-0.7,2.0,0.3,0.04,0.01,701,-0.6395255363278451,-0.6395255348034281,1.5244170370465326e-09,1.4247773905129435,1.424777423799606,3.3286662537435063e-08,0.1773048775956243,0.17730487793501276,3.3938846177861137e-10,-0.014300424401869627,-0.014300424408034494,-6.164867227820281e-12,-1.1925944947403788,-1.1925947410562912,-2.4631591233337247e-07
1.9224166666666667,0.8066666666666668,0.04,-0.7,2.0,0.3,0.04,0.01,716,-0.6278114114305344,-0.6278114100567461,1.3737883053366318e-09,1.3668792153698206,1.3668792380856338,2.2715813230433923e-08,0.17221142034701264,0.17221142070685344,3.598407960492267e-10,-0.013560700378167923,-0.013560700374614666,3.5532566472484817e-12,-1.2945037771411316,-1.294504036303735,-2.591626033776606e-07
1.9335,0.8066666666666668,0.04,-0.7,2.0,0.3,0.04,0.01,717,-0.6270899466880031,-0.6270899453278616,1.3601415549402418e-09,1.3636525492133345,1.3636525423501218,-6.8632126648537906e-09,0.17187597400714072,0.17187597436852886,3.613881416342224e-10,-0.013511954286560268,-0.0135119542839173,2.642967442123556e-12,-1.3012272652385137,-1.3012275252499217,-2.60011407959837e-07
0.10475000000000001,0.8088888888888889,0.04,-0.7,2.0,0.3,0.04,0.01,733,-0.942087216805193,-0.9420872288021379,-1.1996944881964566e-08,0.5892595827949876,0.5892593625818612,-2.2021312640063684e-07,0.021483811713102208,0.021483811953099296,2.3999708817501464e-10,0.017233908925218255,0.0172339081269842,-7.982340552437073e-10,-0.08746618722979549,-0.0874662529825171,-6.575272161468693e-08
0.18233333333333335,0.8088888888888889,0.04,-0.7,2.0,0.3,0.04,0.01,740,-0.933158243781318,-0.9331582637971704,-2.0015852419952296e-08,0.8307300458643141,0.830729863792437,-1.8207187713059625e-07,0.056071073192137666,0.05607107321067188,1.853421582875825e-11,0.008817051691950573,0.008817050676505622,-1.0154449503474439e-09,-0.15819259764127125,-0.15819269501425634,-9.737298509171488e-08
0.4594166666666667,0.8088888888888889,0.04,-0.7,2.0,0.3,0.04,0.01,765,-0.8659649396290658,-0.8659649605223679,-2.0893302088431653e-08,1.8119398120797214,1.8119399368586506,1.2477892918916211e-07,0.14143677434852453,0.1414367753267802,9.78255670913697e-10,-0.008069597348114854,-0.008069597856168583,-5.080537292950771e-10,-0.36728361751670047,-0.3672837498978465,-1.323811460451907e-07
0.6589166666666667,0.8088888888888889,0.04,-0.7,2.0,0.3,0.04,0.01,783,-0.8037562008987587,-0.803756210022843,-9.12408437692136e-09,1.815421382667104,1.8154215936647418,2.109976378061873e-07,0.17223248574629868,0.17223248654680728,8.005086038487264e-10,-0.013141319590986855,-0.013141319716032468,-1.2504561275328285e-10,-0.4950361076880294,-0.49503625281960933,-1.4513157992057657e-07
0.67,0.8088888888888889,0.04,-0.7,2.0,0.3,0.04,0.01,784,-0.8008805823116194,-0.8008805912777572,-8.966137832189247e-09,1.8106512261750751,1.8106512643762303,3.820115512809252e-08,0.1733770118622635,0.17337701264461305,7.823495462577768e-10,-0.013257772541741542,-0.013257772654900956,-1.1315941413070352e-10,-0.5020673446366752,-0.5020674905923831,-1.4595570785314038e-07
0.8805833333333334,0.8088888888888889,0.04,-0.7,2.0,0.3,0.04,0.01,803,-0.7541676987535273,-0.7541677064164948,-7.662967482779948e-09,1.7644717853482206,1.764471883854688,9.850646742748381e-08,0.18762071414310522,0.18762071468390662,5.408014036589748e-10,-0.014592205459101892,-0.01459220547609506,-1.699316728998035e-11,-0.6352765796333038,-0.6352767438118541,-1.6417855031036765e-07
0.9692500000000001,0.8088888888888889,0.04,-0.7,2.0,0.3,0.04,0.01,811,-0.7372879120637332,-0.7372879186488173,-6.585084033616795e-09,1.7597877766117875,1.7597877578202454,-1.879154210016054e-08,0.19036418314841153,0.19036418362908786,4.806763320708285e-10,-0.014960961262494576,-0.014960961275676844,-1.3182267777356316e-11,-0.6913899718609395,-0.6913901448194004,-1.729584608867185e-07
0.10475000000000001,0.8111111111111111,0.04,-0.7,2.0,0.3,0.04,0.01,914,-0.9407595522180345,-0.9407595650841889,-1.2866154364132854e-08,0.6058319096391429,0.6058316497993556,-2.598397873532221e-07,0.021626317058820455,0.021626317289286188,2.3046573330298692e-10,0.016957402126510646,0.016957401375422183,-7.510884622585756e-10,-0.08737113025722443,-0.08737119668298195,-6.642575751947266e-08
0.23775000000000002,0.8111111111111111,0.04,-0.7,2.0,0.3,0.04,0.01,926,-0.9245243600491948,-0.9245243882231134,-2.8173918642515616e-08,1.0528951988053592,1.0528949207447176,-2.780606416230569e-07,0.07859916512545362,0.07859916525114578,1.2569216500946112e-10,0.006581015660755973,0.006581016767515279,1.1067593057301206e-09,-0.2071759102287296,-0.20717602320912115,-1.1298039154228334e-07
0.28208333333333335,0.8111111111111111,0.04,-0.7,2.0,0.3,0.04,0.01,930,-0.9168179666248222,-0.9168179987327646,-3.2107942415926516e-08,1.2532642063023403,1.2532640456228326,-1.606795076991574e-07,0.09433601445507644,0.09433601478217868,3.271022341877483e-10,0.003796465066208121,0.003796465726195769,6.599876478663447e-10,-0.24301317544148104,-0.24301329502496913,-1.1958348808405184e-07
0.2931666666666667,0.8111111111111111,0.04,-0.7,2.0,0.3,0.04,0.01,931,-0.9144234141909846,-0.9144234467650784,-3.2574093755677325e-08,1.3059352960143045,1.3059351487354618,-1.472788426770677e-07,0.09806343478566126,0.09806343517380604,3.88144780205657e-10,0.0029500015837069515,0.0029500020652501,4.815431486719646e-10,-0.2514986822041432,-0.25149880299995153,-1.2079580835600012e-07
0.7919166666666667,0.8111111111111111,0.04,-0.7,2.0,0.3,0.04,0.01,976,-0.7684146794889601,-0.7684146876002758,-8.111315619174775e-09,1.7846875033367127,1.7846874558488166,-4.7487896059905665e-08,0.18470278190879652,0.18470278253799594,6.291994147922253e-10,-0.01462985620440116,-0.014629856228029162,-2.3628002332465314e-11,-0.5769221498906629,-0.5769223055363225,-1.556456595830369e-07
1.1133333333333333,0.8111111111111111,0.04,-0.7,2.0,0.3,0.04,0.01,1005,-0.7081646465896541,-0.7081646502322174,-3.6425633620496e-09,1.743494129624601,1.7434941141978446,-1.542675631682755e-08,0.19322621978304366,0.19322622019636077,4.133171027653759e-10,-0.015801061403197814,-0.015801061423075392,-1.9877578749660785e-11,-0.7799984582243513,-0.7799986453832878,-1.871589364599302e-07
1.4236666666666666,0.8111111111111111,0.04,-0.7,2.0,0.3,0.04,0.01,1033,-0.6642325999130227,-0.6642325988403398,1.0726829424712037e-09,1.5934256941685376,1.5934257304480721,3.627953448770427e-08,0.188773794045638,0.18877379438501166,3.3937366805680824e-10,-0.01587440605937962,-0.015874406084655766,-2.527614575975612e-11,-0.9768176113697513,-0.9768178283258215,-2.1695607022031993e-07
1.4458333333333333,0.8111111111111111,0.04,-0.7,2.0,0.3,0.04,0.01,1035,-0.6616928158560687,-0.6616928146329396,1.2231290424935537e-09,1.580267275369529,1.5802672402959759,-3.507355317289296e-08,0.18821354252490652,0.18821354286081118,3.359046651940645e-10,-0.01582634363270219,-0.01582634365521046,-2.2508269553744853e-11,-0.9908157963649245,-0.9908160152771925,-2.1891226809067632e-07
0.08258333333333334,0.8133333333333334,0.04,-0.7,2.0,0.3,0.04,0.01,1093,-0.9425916233117559,-0.942591633879399,-1.0567643093928325e-08,0.507196898369422,0.5071967595788408,-1.3879058113897003e-07,0.010804435887357133,0.010804436117374049,2.3001691523694134e-10,0.02050245740403689,0.020502476788815012,1.938477812296613e-08,-0.06777379008990336,-0.06777385446957847,-6.43796751048642e-08
0.404,0.8133333333333334,0.04,-0.7,2.0,0.3,0.04,0.01,1122,-0.8775767809282575,-0.8775768069737528,-2.60454953160405e-08,1.7730339474386625,1.7730341072391194,1.5980045686703193e-07,0.13244147742494383,0.13244147835915618,9.342123463706997e-10,-0.0064673964998707145,-0.006467397089472395,-5.896016808462634e-10,-0.3279605463911428,-0.3279606751710693,-1.287799265003997e-07
0.4594166666666667,0.8133333333333334,0.04,-0.7,2.0,0.3,0.04,0.01,1127,-0.8577903227319217,-0.8577903424758845,-1.9743962798024484e-08,1.8661274303610753,1.8661275438352098,1.134741345332202e-07,0.14530665081766148,0.14530665184224353,1.0245820580845333e-09,-0.009642610301202614,-0.009642610866748736,-5.655461220860358e-10,-0.36405512025161624,-0.36405525217875534,-1.3192713910203935e-07
0.47050000000000003,0.8133333333333334,0.04,-0.7,2.0,0.3,0.04,0.01,1128,-0.8538539402218326,-0.8538539588031251,-1.8581292504649127e-08,1.875952251872981,1.8759523587994562,1.069264752295851e-07,0.14761236763569108,0.1476123686647095,1.0290184260242086e-09,-0.010147852602809815,-0.010147853147610554,-5.448007392439003e-10,-0.371188565662095,-0.37118869821617945,-1.3255408443102468e-07
0.50375,0.8133333333333334,0.04,-0.7,2.0,0.3,0.04,0.01,1131,-0.842276305422357,-0.8422763208898887,-1.5467531699897563e-08,1.8916987337691538,1.8916989307796925,1.9701053877163588e-07,0.15402835842184825,0.15402835944827217,1.0264239180823864e-09,-0.011430013483887391,-0.011430013945628691,-4.617412997093284e-10,-0.3924839291694071,-0.3924840636432506,-1.344738435049564e-07
0.67,0.8133333333333334,0.04,-0.7,2.0,0.3,0.04,0.01,1146,-0.7927806497934342,-0.7927806584879833,-8.694549080701108e-09,1.834199092609623,1.8341990661667562,-2.6442866785103547e-08,0.1767498295857095,0.1767498303792899,7.935803958414311e-10,-0.014395406031791902,-0.014395406130650878,-9.88589765604786e-11,-0.497846744416941,-0.4978468898433069,-1.4542636589398583e-07
0.7586666666666667,0.8133333333333334,0.04,-0.7,2.0,0.3,0.04,0.01,1154,-0.7716971692021957,-0.7716971773571158,-8.15492018357844e-09,1.8026403619808562,1.8026404023734324,4.039257617272085e-08,0.18411291146019915,0.18411291213299438,6.727952361895717e-10,-0.01494995500866958,-0.014949955038063664,-2.939408438873414e-11,-0.5536883148217486,-0.5536884672950549,-1.5247330631407152e-07
0.8695,0.8133333333333334,0.04,-0.7,2.0,0.3,0.04,0.01,1164,-0.7484701344596945,-0.7484701419225559,-7.462861439933022e-09,1.7854619921431336,1.785461971238211,-2.0904922681808102e-08,0.19010045807316134,0.1901004586363664,5.632050659176713e-10,-0.015424726256679788,-0.015424726264864528,-8.184739344607728e-12,-0.623377452873275,-0.6233776152605808,-1.623873058242964e-07
1.4125833333333333,0.8133333333333334,0.04,-0.7,2.0,0.3,0.04,0.01,1213,-0.6619779788294422,-0.6619779776676901,1.1617521389339913e-09,1.5985734180823385,1.5985734247996297,6.717291167745998e-09,0.19007144522603658,0.19007144556723987,3.412032878458149e-10,-0.016156937121397652,-0.01615693714434306,-2.2945409461350152e-11,-0.9663795641282058,-0.9663797792432758,-2.1511506997917706e-07
1.4458333333333333,0.8133333333333334,0.04,-0.7,2.0,0.3,0.04,0.01,1216,-0.6581829993386468,-0.6581829979619231,1.3767236239914382e-09,1.578533312396324,1.5785334577667531,1.4537042902773578e-07,0.18921841007324414,0.18921841040964363,3.363994915961399e-10,-0.01607558132679654,-0.01607558134790801,-2.1111470210888328e-11,-0.9873185624290071,-0.9873187804598144,-2.180308072974313e-07
1.6675,0.8133333333333334,0.04,-0.7,2.0,0.3,0.04,0.01,1236,-0.636947602739163,-0.6369476009463756,1.7927873630085855e-09,1.4570972955985084,1.4570972771339676,-1.846454078524573e-08,0.18269041701435285,0.18269041735528482,3.409319770941721e-10,-0.015228373342474066,-0.015228373349381973,-6.907906538455855e-12,-1.1257218317534123,-1.125722068086208,-2.3633279555568265e-07
0.14908333333333335,0.8155555555555556,0.04,-0.7,2.0,0.3,0.04,0.01,1280,-0.9316304172894696,-0.9316304366293231,-1.933985349644729e-08,0.812227260449383,0.8122270270287126,-2.3342067034803904e-07,0.04386972485823093,0.04386972497319124,1.1496031210311841e-10,0.009788086738071744,0.009788082520192459,-4.217879285423054e-09,-0.1269873513626285,-0.12698743746998267,-8.610735416358928e-08
0.21558333333333335,0.8155555555555556,0.04,-0.7,2.0,0.3,0.04,0.01,1286,-0.9230051850098175,-0.9230052123715415,-2.736172399764314e-08,1.0367375069542106,1.0367372867659868,-2.201882238761499e-07,0.0725653433863993,0.07256534351424132,1.2784201475213308e-10,0.006933179985957327,0.006933180976845181,9.908878535400123e-10,-0.18738188322375837,-0.18738199239603587,-1.0917227749596137e-07
0.2599166666666667,0.8155555555555556,0.04,-0.7,2.0,0.3,0.04,0.01,1290,-0.9157338747446675,-0.9157339066973684,-3.19527009295939e-08,1.2331142468235967,1.2331141416768157,-1.0514678105977282e-07,0.08955044956543423,0.08955044987197429,3.0654005722663413e-10,0.004515967740315041,0.0045159687826662265,1.0423511853999146e-09,-0.22434580342650667,-0.2243459206481647,-1.1722165801919537e-07
0.4261666666666667,0.8155555555555556,0.04,-0.7,2.0,0.3,0.04,0.01,1305,-0.8656143665899951,-0.8656143894939525,-2.290395739734663e-08,1.8507253229937959,1.8507253867268079,6.373301197903913e-08,0.13980257306242527,0.13980257407994448,1.0175192077799267e-09,-0.008669978044800741,-0.008669978689321471,-6.445207301891687e-10,-0.3409693838203609,-0.3409695136458389,-1.2982547797912858e-07
0.6145833333333334,0.8155555555555556,0.04,-0.7,2.0,0.3,0.04,0.01,1322,-0.8034878817125835,-0.8034878911569248,-9.444341309006177e-09,1.874081834163377,1.8740818146707345,-1.9492642389096204e-08,0.17241807638665452,0.1724180772733467,8.866921918926352e-10,-0.014455207043295726,-0.014455207223705403,-1.804096767810126e-10,-0.4608158572508292,-0.4608159984616952,-1.4121086600038524e-07
0.7365,0.8155555555555556,0.04,-0.7,2.0,0.3,0.04,0.01,1333,-0.7726794429004091,-0.7726794510458769,-8.145467744746782e-09,1.8197163637045932,1.8197164124070015,4.8702408328438196e-08,0.1841076519611129,0.18410765266347537,7.02362473736784e-10,-0.015344321620813783,-0.015344321656210195,-3.539641149630235e-11,-0.5374964429583073,-0.5374965932962693,-1.503379619682832e-07
0.9138333333333334,0.8155555555555556,0.04,-0.7,2.0,0.3,0.04,0.01,1349,-0.7358591717679386,-0.7358591785300342,-6.762095661194678e-09,1.790956710712166,1.7909568633600148,1.5264784880564264e-07,0.19310114317008797,0.1931011437066258,5.365378141775068e-10,-0.016014609688780324,-0.016014609696735613,-7.955289205163751e-12,-0.6487268959678993,-0.6487270621893022,-1.6622140286415288e-07
0.9470833333333334,0.8155555555555556,0.04,-0.7,2.0,0.3,0.04,0.01,1352,-0.7295755919277391,-0.729575598200608,-6.272868890988548e-09,1.7874888985636161,1.7874889081173153,9.553699165110174e-09,0.19399896972097097,0.1939989702371732,5.162022198579308e-10,-0.016120528804480783,-0.016120528813032612,-8.551829383529608e-12,-0.6696022880608998,-0.6696024575085593,-1.6944765945936524e-07
1.2574166666666666,0.8155555555555556,0.04,-0.7,2.0,0.3,0.04,0.01,1380,-0.6783469395540975,-0.678346939953164,-3.990664465547411e-10,1.6884385667381707,1.6884386136988054,4.6960634714210414e-08,0.1943828477446452,0.194382848116536,3.7189079593602514e-10,-0.016640455103023033,-0.01664045513116174,-2.813870664253315e-11,-0.865176436752324,-0.8651766368181341,-2.0006581002984802e-07
1.4569166666666666,0.8155555555555556,0.04,-0.7,2.0,0.3,0.04,0.01,1398,-0.653466033350425,-0.6534660317695387,1.580886310748042e-09,1.569872792872573,1.5698727990821053,6.209532221745917e-09,0.1899141984484931,0.18991419879055133,3.420582150859275e-10,-0.016287644129669987,-0.01628764414928058,-1.9610594398367098e-11,-0.9907648053669726,-0.9907650234701518,-2.1810317918369293e-07
1.468,0.8155555555555556,0.04,-0.7,2.0,0.3,0.04,0.01,1399,-0.6522738109689119,-0.6522738093368913,1.63202062974932e-09,1.5631843014451974,1.5631843384439081,3.699871076179306e-08,0.1896086008375264,0.18960860118071582,3.4318942132571806e-10,-0.01625192861634539,-0.01625192863858094,-2.2235550206639587e-11,-0.9977106641172184,-0.99771088317191,-2.1905469160810043e-07
1.601,0.8155555555555556,0.04,-0.7,2.0,0.3,0.04,0.01,1411,-0.6393418992671485,-0.639341897377529,1.8896194609041572e-09,1.4877655357681263,1.4877655223826556,-1.3385470731819282e-08,0.1856675753134085,0.1856675756526082,3.391996961088495e-10,-0.015723912181603295,-0.015723912190365962,-8.762667674799829e-12,-1.0806550340876353,-1.0806552641407692,-2.3005313387614024e-07
1.6231666666666666,0.8155555555555556,0.04,-0.7,2.0,0.3,0.04,0.01,1413,-0.6374100798961502,-0.6374100780085873,1.8875628837733416e-09,1.476345895534692,1.4763459415611633,4.6026471300919525e-08,0.18497521974164544,0.1849752200809104,3.3926497722269744e-10,-0.015621838598822713,-0.015621838607069225,-8.246512847587262e-12,-1.0943952581132788,-1.0943954899428874,-2.318296086212257e-07
1.83375,0.8155555555555556,0.04,-0.7,2.0,0.3,0.04,0.01,1432,-0.6214590537539921,-0.6214590520984071,1.6555850024246865e-09,1.3871057857883784,1.38710581630974,3.052136166026287e-08,0.17822304210782236,0.17822304246643364,3.5861127956060557e-10,-0.01456998818497035,-0.014569988182591365,2.3789858971667854e-12,-1.2234670651649349,-1.223467313408167,-2.4824323219263533e-07
0.005,0.8177777777777778,0.04,-0.7,2.0,0.3,0.04,0.01,1448,-0.963355380276254,-0.9633553662100698,1.4066184217398359e-08,0.007976563853873131,0.007976550168334682,-1.3685538449020873e-08,-0.0029693026042110215,-0.0029693007459761773,1.8582348442104657e-09,-0.027021988239089856,-0.027022354847221226,-3.666081313698222e-07,0.0067603365686008665,0.006760278152335567,-5.841626529983629e-08
0.016083333333333335,0.8177777777777778,0.04,-0.7,2.0,0.3,0.04,0.01,1449,-0.9613545574636839,-0.961354547538018,9.925665955812235e-09,0.016676746095178885,0.01667666465209238,-8.144308650398502e-08,-0.0031945597489535515,-0.0031945583225861983,1.4263673532230459e-09,-0.03148150186357834,-0.03148173644057142,-2.3457699308004898e-07,0.0030840507998786126,0.003083967743721314,-8.305615729854374e-08
0.08258333333333334,0.8177777777777778,0.04,-0.7,2.0,0.3,0.04,0.01,1455,-0.9402711071310188,-0.9402711196165746,-1.2485555811458937e-08,0.5378887668605614,0.5378885954572815,-1.7140327990272652e-07,0.010658060302509709,0.010658060479547553,1.7703784445377568e-10,0.019756136954707237,0.01975615734660449,2.0391897254112834e-08,-0.06742645501656153,-0.06742652074540822,-6.572884669875378e-08
0.34858333333333336,0.8177777777777778,0.04,-0.7,2.0,0.3,0.04,0.01,1479,-0.8888964288590595,-0.8888964598236679,-3.0964608432881846e-08,1.6794356322291648,1.679435683323416,5.1094251274363955e-08,0.12094085653571729,0.12094085735300399,8.172866966527081e-10,-0.0036767879135757298,-0.0036767883123221155,-3.987463857366147e-10,-0.2882552178015696,-0.2882553429407384,-1.2513916880507736e-07
0.43725,0.8177777777777778,0.04,-0.7,2.0,0.3,0.04,0.01,1487,-0.8574224187654633,-0.85742243977202,-2.1006556716329783e-08,1.8958861092155388,1.8958861901208477,8.090530889681702e-08,0.14431632436542885,0.14431632542531753,1.0598886768242721e-09,-0.010112507553977634,-0.010112508225362658,-6.713850239647989e-10,-0.346531503302161,-0.3465316335157917,-1.3021363071130665e-07
0.76975,0.8177777777777778,0.04,-0.7,2.0,0.3,0.04,0.01,1517,-0.7611967059747982,-0.7611967138654397,-7.890641584573643e-09,1.8213234476149864,1.8213235225560906,7.494110421113476e-08,0.18796568483442355,0.18796568550347206,6.69048511037218e-10,-0.015978401547156462,-0.015978401564392505,-1.723604245440491e-11,-0.5560478201170616,-0.5560479729126,-1.5279553844393945e-07
0.9470833333333334,0.8177777777777778,0.04,-0.7,2.0,0.3,0.04,0.01,1533,-0.7255942178306662,-0.7255942238703523,-6.039686084591267e-09,1.7956964276644172,1.7956965401295006,1.1246508346829387e-07,0.19537582112830187,0.19537582164862946,5.20327586572833e-10,-0.01653504314788612,-0.01653504315574222,-7.85610118625435e-12,-0.6669966816133521,-0.6669968506260753,-1.690127231501748e-07
1.03575,0.8177777777777778,0.04,-0.7,2.0,0.3,0.04,0.01,1541,-0.7096014849364285,-0.7096014893211796,-4.3847511177474985e-09,1.779620023567574,1.7796200633410297,3.977345564010193e-08,0.1967325906086781,0.19673259107619281,4.675147213806241e-10,-0.016758228935237485,-0.01675822894857583,-1.3338344317936901e-11,-0.7225976283002644,-0.7225978060214022,-1.7772113780623044e-07
1.0468333333333333,0.8177777777777778,0.04,-0.7,2.0,0.3,0.04,0.01,1542,-0.7076774163344846,-0.7076774204952464,-4.160761846172534e-09,1.7768804205786637,1.7768805307245366,1.1014587286695132e-07,0.19681421759357165,0.19681421805476335,4.6119169594405207e-10,-0.016781841715718393,-0.016781841733050105,-1.733171245410503e-11,-0.7295566756383709,-0.7295568544569782,-1.7881860725488252e-07
1.3793333333333333,0.8177777777777778,0.04,-0.7,2.0,0.3,0.04,0.01,1572,-0.658764260494521,-0.6587642592428009,1.251720060935213e-09,1.6157392451754404,1.615739321512289,7.633684862007328e-08,0.19294316508891574,0.19294316544220755,3.532918124715678e-10,-0.016760319613146057,-0.016760319634859848,-2.171379048787614e-11,-0.9386471837515009,-0.9386473942288771,-2.104773761946177e-07
1.5234166666666666,0.8177777777777778,0.04,-0.7,2.0,0.3,0.04,0.01,1585,-0.6431897094462402,-0.6431897075335921,1.912648150970142e-09,1.5280225834635175,1.5280225743273614,-9.136156053912714e-09,0.18896533859974474,0.18896533894153997,3.417952310069694e-10,-0.016270074011670577,-0.016270074028313587,-1.6643009886907478e-11,-1.0287091458145714,-1.028709368604132,-2.227895605777519e-07
1.6231666666666666,0.8177777777777778,0.04,-0.7,2.0,0.3,0.04,0.01,1594,-0.6341321451261428,-0.6341321431631828,1.962960016754778e-09,1.473778532545822,1.4737786034357137,7.088989173453797e-08,0.18587005068917972,0.18587005103378362,3.4460390097024174e-10,-0.015811384932035155,-0.015811384940074877,-8.039721666186495e-12,-1.0905470038949372,-1.0905472347569602,-2.308620230540015e-07
1.734,0.8177777777777778,0.04,-0.7,2.0,0.3,0.04,0.01,1604,-0.6253724722192489,-0.6253724703795921,1.839656760260766e-09,1.422653575500199,1.4226536365240943,6.102389527029572e-08,0.18228625457458736,0.1822862549234573,3.488699329423639e-10,-0.015242890028105416,-0.015242890030572376,-2.4669606635274732e-12,-1.1586184698009205,-1.1586187093518003,-2.3955087979921075e-07
1.76725,0.8177777777777778,0.04,-0.7,2.0,0.3,0.04,0.01,1607,-0.6229607369284684,-0.6229607351334252,1.7950432251723214e-09,1.4092330968829003,1.4092331367956743,3.991277397474846e-08,0.18120086501857702,0.1812008653709425,3.523654701353962e-10,-0.015067798826429168,-0.015067798825620765,8.084036912103798e-13,-1.1788938418781647,-1.1788940840001627,-2.421219980064393e-07
1.8448333333333333,0.8177777777777778,0.04,-0.7,2.0,0.3,0.04,0.01,1614,-0.6176432043328295,-0.6176432026486698,1.6841597005878839e-09,1.3811130739060928,1.3811130218144922,-5.209160058861073e-08,0.1786743321090245,0.17867433247227033,3.6324582231017644e-10,-0.014661649855030046,-0.014661649852982312,2.0477335105351102e-12,-1.2259228096732355,-1.2259230577581137,-2.480848781960532e-07
0.21558333333333335,0.8200000000000001,0.04,-0.7,2.0,0.3,0.04,0.01,1648,-0.9182314821165605,-0.9182315113928838,-2.927632336557906e-08,1.1122794407736336,1.1122791603422564,-2.8043137723088307e-07,0.07499203280608713,0.07499203300294857,1.968614438130345e-10,0.006272982276539496,0.006272983438294147,1.1617546508135845e-09,-0.18659289376915522,-0.18659300390478845,-1.1013563322448405e-07
0.404,0.8200000000000001,0.04,-0.7,2.0,0.3,0.04,0.01,1665,-0.8654165273738745,-0.8654165517223222,-2.434844770249356e-08,1.8739092000341628,1.8739093072975181,1.0726335530897302e-07,0.13825006540277296,0.138250066440011,1.0372380454537478e-09,-0.008867774667353778,-0.008867775391412128,-7.240583497353237e-10,-0.32354626010339116,-0.3235463882561254,-1.281527342578137e-07
0.48158333333333336,0.8200000000000001,0.04,-0.7,2.0,0.3,0.04,0.01,1672,-0.8371695657385936,-0.8371695815500666,-1.581147301976671e-08,1.9498967496200947,1.9498968458077248,9.618763008312214e-08,0.1555780749115665,0.15557807599632056,1.0847540643510456e-09,-0.012958619858560727,-0.0129586204352566,-5.766958733471883e-10,-0.3730402234682073,-0.3730403559188718,-1.3245066449174558e-07
0.6810833333333334,0.8200000000000001,0.04,-0.7,2.0,0.3,0.04,0.01,1690,-0.7776733247275014,-0.7776733329486963,-8.221194947033439e-09,1.862891535475697,1.8628915645126494,2.9036952398087124e-08,0.1827781169957965,0.18277811778652986,7.90733367672658e-10,-0.016140220791133197,-0.016140220856142362,-6.500916471807727e-11,-0.4983366356334229,-0.49833678107466933,-1.454412464352295e-07
1.0025,0.8200000000000001,0.04,-0.7,2.0,0.3,0.04,0.01,1719,-0.7114962955953597,-0.7114963003691775,-4.773817896541743e-09,1.793314019504777,1.7933141261159318,1.0661115479315697e-07,0.19769401883112936,0.1976940193233528,4.922234286830474e-10,-0.017078066908010614,-0.0170780669216132,-1.3602584336691592e-11,-0.6990219613260684,-0.6990221352701097,-1.7394404128179275e-07
1.1576666666666666,0.8200000000000001,0.04,-0.7,2.0,0.3,0.04,0.01,1733,-0.6855386883965198,-0.6855386900098606,-1.6133407942930944e-09,1.7410600655631825,1.7410601509953283,8.543214580214453e-08,0.19791330281307418,0.19791330323125828,4.181840984607277e-10,-0.01729205530209832,-0.017292055325168778,-2.3070458737839417e-11,-0.79625678252912,-0.7962569716481195,-1.8911899946072452e-07
1.1909166666666666,0.8200000000000001,0.04,-0.7,2.0,0.3,0.04,0.01,1736,-0.6804559728108839,-0.6804559738101419,-9.992580096707115e-10,1.7250320977213462,1.7250321469235832,4.920223695137338e-08,0.19758179555101618,0.19758179595680783,4.057916502819836e-10,-0.01729891348001278,-0.017298913502462102,-2.244932365003116e-11,-0.8171233029881375,-0.8171234953050917,-1.9231695413957084e-07
1.4236666666666666,0.8200000000000001,0.04,-0.7,2.0,0.3,0.04,0.01,1757,-0.6500993892860629,-0.6500993875835793,1.7024835985424147e-09,1.585985731633599,1.5859857931711612,6.153756215709905e-08,0.1927990087603748,0.1927990091111965,3.508216772640793e-10,-0.016884653466497923,-0.016884653487178335,-2.0680412243789803e-11,-0.9629586083066688,-0.9629588217997248,-2.134930560115933e-07
1.4901666666666666,0.8200000000000001,0.04,-0.7,2.0,0.3,0.04,0.01,1763,-0.6430673292180666,-0.6430673272625503,1.9555163044415735e-09,1.5450453721976842,1.545045453653933,8.145624885713687e-08,0.19090269987809272,0.1909027002239266,3.4583388930364833e-10,-0.016629778506055404,-0.01662977852088493,-1.4829526495674372e-11,-1.0043925830184597,-1.0043928021331667,-2.191147070451649e-07
1.5234166666666666,0.8200000000000001,0.04,-0.7,2.0,0.3,0.04,0.01,1766,-0.6397969908246426,-0.6397969888045465,2.020096090404877e-09,1.525401324697917,1.5254013386754302,1.3977513146912202e-08,0.18990222612522145,0.18990222647143787,3.4621641664678293e-10,-0.016484888670370568,-0.01648488868429812,-1.392755355489328e-11,-1.0250452704832491,-1.0250454923473165,-2.2186406734014952e-07
1.6231666666666666,0.8200000000000001,0.04,-0.7,2.0,0.3,0.04,0.01,1775,-0.6308600256997587,-0.6308600236661043,2.033654467048507e-09,1.4711130119637872,1.4711130057845672,-6.179220024549181e-09,0.1867577110829799,0.18675771142998177,3.470018716811296e-10,-0.015998431928537782,-0.015998431937142375,-8.604592732774918e-12,-1.086694530525456,-1.0866947604229809,-2.2989752479496417e-07
1.7229166666666667,0.8200000000000001,0.04,-0.7,2.0,0.3,0.04,0.01,1784,-0.6230274223266441,-0.6230274204132158,1.913428304689546e-09,1.424804532690338,1.4248045266815899,-6.0087481656978525e-09,0.1834929792568496,0.18349297961047484,3.5362524020143837e-10,-0.015466293431243283,-0.015466293430707549,5.357346510859173e-13,-1.1478059666111817,-1.1478062043100645,-2.3769888279900897e-07
0.17125,0.8222222222222223,0.04,-0.7,2.0,0.3,0.04,0.01,1825,-0.9225567489515307,-0.9225567738852798,-2.493374906542556e-08,0.9748974572065805,0.9748972127279574,-2.444786231237117e-07,0.056573081174682294,0.056573081320926,1.462437046462206e-10,0.007543840218893205,0.007543838621560729,-1.59733247635796e-09,-0.1467426686005413,-0.14674276612659867,-9.752605736879083e-08
0.30425,0.8222222222222223,0.04,-0.7,2.0,0.3,0.04,0.01,1837,-0.8955106987976191,-0.8955107324281913,-3.363057221594801e-08,1.5807954278912462,1.5807954036594962,-2.423174993992916e-08,0.11026088738569362,0.11026088808281609,6.971224708607338e-10,-0.0009137034578943215,-0.0009137032873886573,1.7050566416664664e-10,-0.25523308340894,-0.2552332053807085,-1.2197176846306945e-07
0.7254166666666667,0.8222222222222223,0.04,-0.7,2.0,0.3,0.04,0.01,1875,-0.7629737758525768,-0.7629737837175702,-7.864993434303358e-09,1.855433792719019,1.8554338068971001,1.4178081153559674e-08,0.18803772224823545,0.1880377229873635,7.391280365531827e-10,-0.016833279327804762,-0.016833279350117355,-2.231259274565467e-11,-0.5237789026492357,-0.5237790512148588,-1.4856562313703137e-07
0.9249166666666667,0.8222222222222223,0.04,-0.7,2.0,0.3,0.04,0.01,1893,-0.7217297752536156,-0.721729781183153,-5.929537416626829e-09,1.8149537567291318,1.8149538130498952,5.6320763386352724e-08,0.19759020823878481,0.197590208791741,5.529561808437222e-10,-0.017312825882909166,-0.017312825889454028,-6.5448618746799525e-12,-0.647944964770053,-0.6479451307949716,-1.6602491859085688e-07
0.936,0.8222222222222223,0.04,-0.7,2.0,0.3,0.04,0.01,1894,-0.7196453268823455,-0.7196453326246268,-5.7422813171115195e-09,1.8131022017087162,1.8131023234003736,1.2169165741759969e-07,0.197858590272465,0.19785859081638119,5.439161898657119e-10,-0.01733762496403113,-0.017337624968915097,-4.883968229840718e-12,-0.6548478901499677,-0.6548480572224822,-1.6707251448977445e-07
0.9692500000000001,0.8222222222222223,0.04,-0.7,2.0,0.3,0.04,0.01,1897,-0.7134970614967873,-0.7134970666392941,-5.142506864785901e-09,1.8069145041321732,1.8069146489860564,1.44853883110585e-07,0.1985273373837637,0.19852733790660906,5.228453503480779e-10,-0.017408948139452374,-0.017408948151325817,-1.1873443200860478e-11,-0.6755664634891523,-0.6755666337338901,-1.7024473786264593e-07
1.0025,0.8222222222222223,0.04,-0.7,2.0,0.3,0.04,0.01,1900,-0.7075042196180714,-0.7075042241135602,-4.4954887590265e-09,1.7994929379927527,1.79949300754493,6.955217735082897e-08,0.19900338589215472,0.19900338639247347,5.003187586449798e-10,-0.017473989610966578,-0.017473989620996326,-1.002974786556976e-11,-0.6963011359807647,-0.6963013094282434,-1.734474787129514e-07
1.0135833333333333,0.8222222222222223,0.04,-0.7,2.0,0.3,0.04,0.01,1901,-0.7055411187004146,-0.7055411229723948,-4.271980214021198e-09,1.7966935994540023,1.7966936878526494,8.839864706899903e-08,0.199121798250268,0.19912179874644864,4.9618065212087e-10,-0.01749390541899709,-0.017493905434626093,-1.56290015651539e-11,-0.703216433954601,-0.7032166084755328,-1.745209318171348e-07
1.10225,0.8222222222222223,0.04,-0.7,2.0,0.3,0.04,0.01,1909,-0.6904755328690504,-0.6904755353026907,-2.43364028928994e-09,1.7675414465401218,1.7675415223701538,7.58300320313765e-08,0.19941835672498964,0.19941835717209333,4.4710368740652484e-10,-0.0176109583542583,-0.017610958375473027,-2.121472789107237e-11,-0.758603030512478,-0.758603213642424,-1.831299459853497e-07
1.7229166666666667,0.8222222222222223,0.04,-0.7,2.0,0.3,0.04,0.01,1965,-0.6198640485151341,-0.6198640465502063,1.9649277760436235e-09,1.422220854974121,1.422220851119277,-3.854843999562263e-09,0.18433161121322872,0.18433161156749261,3.54263895996354e-10,-0.015629416311863098,-0.015629416312281656,-4.1855754973063597e-13,-1.1437645359420323,-1.1437647726595455,-2.3671751314680023e-07
0.67,0.8244444444444445,0.04,-0.7,2.0,0.3,0.04,0.01,2051,-0.7720866231976375,-0.7720866312433783,-8.0457407403145e-09,1.8900021409029577,1.890002231642281,9.073932338843349e-08,0.1850439367084844,0.1850439375218377,8.133533013765515e-10,-0.017199057426448006,-0.017199057490060097,-6.361209128891154e-11,-0.4870365977494018,-0.487036741822051,-1.440726491996891e-07
1.0800833333333333,0.8244444444444445,0.04,-0.7,2.0,0.3,0.04,0.01,2088,-0.6901820106905432,-0.6901820132868272,-2.596283965594637e-09,1.7796591200713863,1.7796591918666391,7.179525285394561e-08,0.20067749454760753,0.2006774950123437,4.6473616621689473e-10,-0.01795913478111477,-0.017959134798669913,-1.755514136836389e-11,-0.7418828452358806,-0.7418830256420501,-1.8040616955872224e-07
1.1798333333333333,0.8244444444444445,0.04,-0.7,2.0,0.3,0.04,0.01,2097,-0.674432895737126,-0.6744328963872511,-6.501251759161164e-10,1.7330050922081952,1.7330051544491871,6.224099191598498e-08,0.20001166620362,0.20001166661914502,4.155250310500236e-10,-0.01796880078286378,-0.017968800805856843,-2.2993062315235235e-11,-0.8040976671329358,-0.8040978570501692,-1.8991723338412925e-07
1.3128333333333333,0.8244444444444445,0.04,-0.7,2.0,0.3,0.04,0.01,2109,-0.6560524137533275,-0.6560524125450451,1.2082823630521489e-09,1.6529643820373252,1.6529643963633334,1.432600815753915e-08,0.19763069496359087,0.19763069533900518,3.75414310749278e-10,-0.017751514973796123,-0.017751514999244704,-2.5448580742715166e-11,-0.8870594813500943,-0.8870596834770716,-2.0212697737775898e-07
1.335,0.8244444444444445,0.04,-0.7,2.0,0.3,0.04,0.01,2111,-0.6532882033243037,-0.6532882019038708,1.4204328824263257e-09,1.6386068696361278,1.6386070201284155,1.504922877426651e-07,0.19710903569697402,0.1971090360669513,3.6997727104193245e-10,-0.017689078475463527,-0.017689078498106303,-2.2642776542625143e-11,-0.9008678958816185,-0.9008680999764137,-2.04094795175358e-07
1.7229166666666667,0.8244444444444445,0.04,-0.7,2.0,0.3,0.04,0.01,2146,-0.616706488739821,-0.616706486731887,2.0079340412593183e-09,1.4195725234200651,1.4195725364093927,1.2989327613510682e-08,0.18516354195488582,0.1851635423101507,3.5526487307535604e-10,-0.015790458597064738,-0.015790458596967007,9.773085118958136e-14,-1.1397204597909938,-1.139720695529213,-2.3573821916755833e-07
0.19341666666666668,0.8266666666666667,0.04,-0.7,2.0,0.3,0.04,0.01,2189,-0.9143649762950734,-0.9143650058758462,-2.958077283121696e-08,1.1348089162810382,1.1348087345729827,-1.8170805549111435e-07,0.06888062413515361,0.06888062437550994,2.403563320596547e-10,0.006044940395188991,0.006044940907043292,5.118543011314869e-10,-0.16600146316742004,-0.16600156922812823,-1.0606070818819369e-07
0.4261666666666667,0.8266666666666667,0.04,-0.7,2.0,0.3,0.04,0.01,2210,-0.8442406852646189,-0.8442407049869038,-1.972228491631256e-08,1.9929983829936049,1.9929985446441854,1.6165058047690195e-07,0.14951453363026834,0.14951453478699692,1.1567285740365918e-09,-0.012774969452011842,-0.012774970274856372,-8.228445303598564e-10,-0.33284395863919514,-0.33284408727918874,-1.286399936017979e-07
0.5480833333333334,0.8266666666666667,0.04,-0.7,2.0,0.3,0.04,0.01,2221,-0.801806550258799,-0.8018065604659986,-1.0207199641065756e-08,1.979226527115685,1.9792267067676672,1.7965198217950729e-07,0.17243641097036688,0.17243641199454943,1.024182544329122e-09,-0.016891537857333105,-0.016891538198928916,-3.4159581066561806e-10,-0.40901713625085545,-0.4090172718842547,-1.3563339923416962e-07
0.5591666666666667,0.8266666666666667,0.04,-0.7,2.0,0.3,0.04,0.01,2222,-0.7983785321666326,-0.7983785419580793,-9.791446764495504e-09,1.9718254862244322,1.9718255777821225,9.155769031821137e-08,0.1740304790399938,0.17403048004568303,1.0056892263410333e-09,-0.017047168369421772,-0.017047168672489045,-3.0306727266671274e-10,-0.41591863383746985,-0.4159187701579727,-1.3632050283041153e-07
0.7143333333333334,0.8266666666666667,0.04,-0.7,2.0,0.3,0.04,0.01,2236,-0.7572349623602426,-0.7572349700326151,-7.672372515088455e-09,1.8803159140823311,1.8803159137509722,-3.313589402864636e-10,0.19035889296983854,0.19035889372946344,7.596248907670855e-10,-0.017836862188091995,-0.017836862209921533,-2.1829538177087215e-11,-0.5123369821490031,-0.5123371292589998,-1.4710999662881363e-07
0.7475833333333334,0.8266666666666667,0.04,-0.7,2.0,0.3,0.04,0.01,2239,-0.7496852072096105,-0.7496852147062746,-7.496664067296877e-09,1.868526541826121,1.8685265813733996,3.954727856303464e-08,0.19270197745516193,0.1927019781773896,7.222276665608263e-10,-0.017883525475492767,-0.017883525479305603,-3.812835464023223e-12,-0.5329432576267612,-0.5329434073456825,-1.4971892126069974e-07
1.2795833333333333,0.8266666666666667,0.04,-0.7,2.0,0.3,0.04,0.01,2287,-0.6566396403126507,-0.6566396392521621,1.0604885858356283e-09,1.672912242067781,1.6729122624485684,2.0380787280060986e-08,0.19941727005756693,0.1994172704445896,3.8702266391688056e-10,-0.018124080111564522,-0.018124080137392154,-2.5827631700003906e-11,-0.8631058149939641,-0.8631060133676246,-1.9837366049824112e-07
1.335,0.8266666666666667,0.04,-0.7,2.0,0.3,0.04,0.01,2292,-0.6496490460786153,-0.649649044478611,1.6000042402097847e-09,1.636594126885882,1.6365942546370182,1.2775113633622937e-07,0.19813352486686142,0.1981335252437221,3.7686068155018404e-10,-0.017960332417826796,-0.01796033244211069,-2.428389433983824e-11,-0.897539743909409,-0.8975399471931058,-2.0328369676470004e-07
1.7118333333333333,0.8266666666666667,0.04,-0.7,2.0,0.3,0.04,0.01,2326,-0.6143475392711428,-0.6143475371965479,2.0745949402822816e-09,1.4215308097309531,1.4215306676288526,-1.4210210053100525e-07,0.18636705343369475,0.18636705378737517,3.5368041828576224e-10,-0.01601574831325281,-0.01601574831410489,-8.520822936119998e-13,-1.1289736721652177,-1.1289739060754067,-2.3391018899587834e-07
1.7783333333333333,0.8266666666666667,0.04,-0.7,2.0,0.3,0.04,0.01,2332,-0.6097309673586127,-0.6097309654082324,1.950380301707355e-09,1.3949866650708742,1.3949867188646483,5.379377410186237e-08,0.18409789669035503,0.18409789705463384,3.642788015678633e-10,-0.015620307809993683,-0.015620307806539935,3.453747704496024e-12,-1.1690629855906631,-1.1690632246149701,-2.3902430701383537e-07
1.867,0.8266666666666667,0.04,-0.7,2.0,0.3,0.04,0.01,2340,-0.6040211412167151,-0.6040211394168095,1.7999056689532722e-09,1.364618401611395,1.3646184104326948,8.821299912753489e-09,0.1810969306879906,0.18109693106189823,3.739076270825592e-10,-0.015111245343646384,-0.015111245337793677,5.8527072077652065e-12,-1.2220807620171026,-1.2220810078376652,-2.458205625721632e-07
0.8473333333333334,0.8288888888888889,0.04,-0.7,2.0,0.3,0.04,0.01,2429,-0.7245759561720633,-0.7245759625743056,-6.4022422918696975e-09,1.8536240903310741,1.8536241621064522,7.177537808544798e-08,0.1993215668344428,0.1993215674683766,6.339337943472856e-10,-0.018469845530499907,-0.018469845522540867,7.959039677318813e-12,-0.5921993470402176,-0.5921995047908168,-1.5775059925005053e-07
0.90275,0.8288888888888889,0.04,-0.7,2.0,0.3,0.04,0.01,2434,-0.7137491035834331,-0.7137491091433217,-5.5598885495555805e-09,1.842145777586346,1.8421457684237108,-9.162635095094629e-09,0.20112998927540593,0.2011299898647844,5.893784627009069e-10,-0.018539371821613138,-0.018539371823853932,-2.240794355623521e-12,-0.6264157519700331,-0.6264159146606127,-1.6269057967477352e-07
1.23525,0.8288888888888889,0.04,-0.7,2.0,0.3,0.04,0.01,2464,-0.6588411911653824,-0.6588411904381313,7.272511481914989e-10,1.7001412500050606,1.700141400592427,1.5058736635431558e-07,0.20137633737218885,0.20137633777916322,4.069743708701168e-10,-0.018528363984332552,-0.018528364011449784,-2.7117232070938968e-11,-0.8323779840545276,-0.8323781776867062,-1.936321786244477e-07
1.3793333333333333,0.8288888888888889,0.04,-0.7,2.0,0.3,0.04,0.01,2477,-0.6408683062844589,-0.6408683042280862,2.0563727387568065e-09,1.604633298457614,1.604633361893052,6.343543801357043e-08,0.19796479870562433,0.19796479907253534,3.6691100158137147e-10,-0.01804912291639149,-0.01804912293776207,-2.137057891760108e-11,-0.9216289689968626,-0.921629175281975,-2.0628511232523294e-07
1.5788333333333333,0.8288888888888889,0.04,-0.7,2.0,0.3,0.04,0.01,2495,-0.621448086264853,-0.6214480839209762,2.3438768703698543e-09,1.4825495719961168,1.4825495545150225,-1.7481094349847126e-08,0.19173576412817583,0.19173576448113538,3.5295955047587313e-10,-0.016990658882609644,-0.016990658890952016,-8.342371932146264e-12,-1.0442389367246174,-1.044239159319183,-2.2259456566864344e-07
1.9445833333333333,0.8288888888888889,0.04,-0.7,2.0,0.3,0.04,0.01,2528,-0.5963623382149175,-0.5963623364868997,1.7280177289080711e-09,1.3397551901217497,1.339755198232177,8.11042721871047e-09,0.17926819824543028,0.17926819863202756,3.8659728196499543e-10,-0.014823861521490178,-0.014823861513865121,7.62505683593595e-12,-1.2636117958175763,-1.2636120466509178,-2.508333414308339e-07
0.005,0.8311111111111111,0.04,-0.7,2.0,0.3,0.04,0.01,2534,-0.9640167455265969,-0.9640167310180987,1.4508498180632046e-08,-0.10780317749592427,-0.10780329591456299,-1.1841863871431269e-07,-0.00829320407819134,-0.008293202429571767,1.6486195741904908e-09,-0.027652094821556394,-0.027652477898859808,-3.8307730341330393e-07,0.009111849746529233,0.009111805047727059,-4.469880217350397e-08
0.50375,0.8311111111111111,0.04,-0.7,2.0,0.3,0.04,0.01,2579,-0.8073046629997194,-0.807304674643385,-1.1643665587257601e-08,2.035801194288922,2.0358013400549546,1.4576603257765441e-07,0.16902703843954536,0.16902703955809523,1.118549863843299e-09,-0.017491709243533382,-0.017491709774486913,-5.309535311415203e-10,-0.37752780790115126,-0.37752794036412163,-1.3246297037028398e-07
0.5591666666666667,0.8311111111111111,0.04,-0.7,2.0,0.3,0.04,0.01,2584,-0.7895579900078775,-0.7895579992284725,-9.220594954229e-09,1.997163492917231,1.997163604886832,1.1196960092441088e-07,0.1775742256418522,0.17757422666062345,1.018771234040372e-09,-0.01839967200156778,-0.018399672295027956,-2.934601762982769e-10,-0.41183678142958646,-0.4118369172400057,-1.3581041924393134e-07
0.6035,0.8311111111111111,0.04,-0.7,2.0,0.3,0.04,0.01,2588,-0.7767214260276378,-0.776721434285897,-8.258259187599037e-09,1.9637065640232265,1.9637065477335933,-1.6289633197885678e-08,0.1831730926606101,0.18317309359619047,9.355803631816428e-10,-0.018710184382375594,-0.018710184539469828,-1.5709423345500184e-10,-0.439274170915549,-0.4392743095741747,-1.386586256924005e-07
0.8805833333333334,0.8311111111111111,0.04,-0.7,2.0,0.3,0.04,0.01,2613,-0.7139072241471589,-0.713907229828002,-5.680843129240998e-09,1.8545587732177182,1.8545588820268182,1.088090999523672e-07,0.20187030592616617,0.20187030654244573,6.16279555165633e-10,-0.018942370799690522,-0.018942370797968736,1.721785908292972e-12,-0.6101658366386431,-0.6101659969201834,-1.6028154026237473e-07
1.4125833333333333,0.8311111111111111,0.04,-0.7,2.0,0.3,0.04,0.01,2661,-0.633708778854658,-0.6337087765237029,2.3309550956085445e-09,1.5796296826131595,1.5796297632679193,8.065475975982395e-08,0.19797307340474468,0.1979730737707914,3.660467207122764e-10,-0.018134548308151865,-0.01813454832592296,-1.7771093624441292e-11,-0.9386815169866447,-0.9386817252177981,-2.0823115343127085e-07
1.4569166666666666,0.8311111111111111,0.04,-0.7,2.0,0.3,0.04,0.01,2665,-0.6291827691125296,-0.6291827666848787,2.4276508581166922e-09,1.5509417611303533,1.5509417614442882,3.139348780933915e-10,0.19661490154782024,0.1966149019064632,3.58642948672383e-10,-0.01789953762404428,-0.017899537639459222,-1.5414940157665313e-11,-0.9659261221099669,-0.9659263339984402,-2.1188847332265226e-07
1.5345,0.8311111111111111,0.04,-0.7,2.0,0.3,0.04,0.01,2672,-0.6219440570756629,-0.6219440546222409,2.453422021098106e-09,1.5039972101060783,1.5039972327355837,2.2629505380677983e-08,0.1940996777693993,0.19409967812556386,3.5616457005893665e-10,-0.01744905348946557,-0.017449053498883923,-9.418351515355639e-12,-1.0134262043640097,-1.0134264225170306,-2.1815302098104894e-07
1.70075,0.8311111111111111,0.04,-0.7,2.0,0.3,0.04,0.01,2687,-0.6088237469496771,-0.6088237447712036,2.1784735126928467e-09,1.4205953385859615,1.4205954084915087,6.990554712871244e-08,0.18839178279300706,0.18839178315252664,3.59519580772627e-10,-0.016401810186694732,-0.0164018101829615,3.7332324731575994e-12,-1.1142468662340976,-1.1142470973694039,-2.3113530622786982e-07
1.9556666666666667,0.8311111111111111,0.04,-0.7,2.0,0.3,0.04,0.01,2710,-0.5927514685699631,-0.5927514668272602,1.742702870899393e-09,1.3345003657683208,1.3345002849185328,-8.084978797562314e-08,0.17964077533710876,0.17964077572575768,3.886489186033515e-10,-0.014893838389262726,-0.014893838381459962,7.80276364353849e-12,-1.2656727868466666,-1.2656730375778427,-2.5073117604357265e-07
0.14908333333333335,0.8333333333333334,0.04,-0.7,2.0,0.3,0.04,0.01,2728,-0.9150918436603983,-0.9150918715567647,-2.7896366439073006e-08,1.0636341529757232,1.0636338739071807,-2.790685424969297e-07,0.049652271940092696,0.04965227218589314,2.458004424998883e-10,0.006827413887022793,0.006827410034385351,-3.852637441709161e-09,-0.12511594725053699,-0.1251160395413076,-9.229077060912694e-08
0.30425,0.8333333333333334,0.04,-0.7,2.0,0.3,0.04,0.01,2742,-0.8767064873724251,-0.8767065201050611,-3.273263604608445e-08,1.8029630288740606,1.8029631252203417,9.634628117538568e-08,0.11918811757494208,0.11918811853787373,9.629316510828545e-10,-0.004458984256411336,-0.004458984297145197,-4.0733861596253806e-11,-0.2496246343719477,-0.24962475596874625,-1.2159679854684136e-07
0.3375,0.8333333333333334,0.04,-0.7,2.0,0.3,0.04,0.01,2745,-0.8647602665690091,-0.8647602955919915,-2.9022982461768265e-08,1.9228818981531504,1.9228820006177711,1.0246462078811192e-07,0.13063598144749666,0.1306359825521638,1.1046671355430249e-09,-0.008077166194775387,-0.008077166832251233,-6.374758464156027e-10,-0.27170330974407575,-0.2717034331189288,-1.2337485305602414e-07
0.44833333333333336,0.8333333333333334,0.04,-0.7,2.0,0.3,0.04,0.01,2755,-0.8223817349753415,-0.82238175038066,-1.540531846533355e-08,2.07204171598363,2.0720418501774125,1.3419378230850043e-07,0.16026289951398542,0.16026290072816873,1.214183309450334e-09,-0.01641831041690467,-0.0164183112366997,-8.197950304711377e-10,-0.34135208646618453,-0.3413522155383039,-1.290721193814015e-07
0.4594166666666667,0.8333333333333334,0.04,-0.7,2.0,0.3,0.04,0.01,2756,-0.8183128218228197,-0.8183128362124087,-1.4389588964824895e-08,2.0708734005392415,2.0708735121580966,1.1161885504762381e-07,0.16257847862785613,0.16257847982843238,1.2005762495270744e-09,-0.016887303587870273,-0.016887304352761784,-7.648915112401511e-10,-0.34820071434849,-0.3482008440328922,-1.2968440221694522e-07
0.5148333333333334,0.8333333333333334,0.04,-0.7,2.0,0.3,0.04,0.01,2761,-0.7990723293933855,-0.7990723400123627,-1.0618977253074036e-08,2.043526911577054,2.043527013414381,1.0183732701563031e-07,0.17271365015059104,0.17271365126055743,1.1099663965730144e-09,-0.018470604774833976,-0.018470605257719742,-4.828857660954533e-10,-0.38240771081568536,-0.38240784367660086,-1.3286091549158385e-07
0.6589166666666667,0.8333333333333334,0.04,-0.7,2.0,0.3,0.04,0.01,2774,-0.7578383783955756,-0.7578383859550776,-7.559502024356846e-09,1.937706053944943,1.9377060724654915,1.85205484282136e-08,0.19052842861772,0.19052842947196383,8.542438145742182e-10,-0.019397609998805798,-0.01939761004548786,-4.6682060994562846e-11,-0.47131325006125047,-0.47131339223069724,-1.421694467707013e-07
0.7254166666666667,0.8333333333333334,0.04,-0.7,2.0,0.3,0.04,0.01,2780,-0.7420743255676099,-0.7420743327570632,-7.18945336597443e-09,1.9057170008718316,1.9057170671440278,6.627219617527658e-08,0.1958172246313561,0.1958172254005792,7.692231018818774e-10,-0.019369310385458638,-0.019369310379779004,5.6796338465670004e-12,-0.5122583798876368,-0.5122585269452427,-1.4705760587041539e-07
0.7919166666666667,0.8333333333333334,0.04,-0.7,2.0,0.3,0.04,0.01,2786,-0.7276137791283055,-0.7276137857790524,-6.650746953162923e-09,1.8841487620102626,1.8841488091148264,4.7104563805078215e-08,0.19974964431734854,0.19974964501443357,6.970850285892283e-10,-0.019346284293730864,-0.01934628427774779,1.5983075973835525e-11,-0.5531351462575995,-0.553135298579427,-1.5232182748459167e-07
1.0025,0.8333333333333334,0.04,-0.7,2.0,0.3,0.04,0.01,2805,-0.6873610569202437,-0.6873610599526317,-3.0323880073623855e-09,1.8246503474816933,1.8246503886980638,4.1216370538776914e-08,0.20540588169498664,0.20540588222679587,5.318092355377502e-10,-0.019432774774341688,-0.0194327747901823,-1.5840613543094406e-11,-0.6825493443017583,-0.6825495151981004,-1.7089634207767546e-07
1.0468333333333333,0.8333333333333334,0.04,-0.7,2.0,0.3,0.04,0.01,2809,-0.6797841919295444,-0.6797841940231201,-2.0935756461781807e-09,1.8061734941010599,1.8061735987166285,1.0461556865237753e-07,0.2055680072336752,0.2055680077377326,5.040574069248294e-10,-0.01943166673123997,-0.019431666747630937,-1.6390964974188904e-11,-0.7098490679149916,-0.7098492429008492,-1.7498585758168872e-07
1.1133333333333333,0.8333333333333334,0.04,-0.7,2.0,0.3,0.04,0.01,2815,-0.6690223650987481,-0.6690223658527251,-7.53976991951788e-10,1.7728705559161284,1.772870599383234,4.346710569258505e-08,0.20529883338032962,0.20529883384683056,4.665009489812633e-10,-0.01938617357213901,-0.019386173596629645,-2.4490635214258205e-11,-0.7508399368531815,-0.7508401179748063,-1.811216248093217e-07
1.335,0.8333333333333334,0.04,-0.7,2.0,0.3,0.04,0.01,2835,-0.6387620702411057,-0.638762068136564,2.1045416520593108e-09,1.6291605564600076,1.629160547621577,-8.838430654023455e-09,0.2011510059364563,0.2011510063190196,3.8256331436059554e-10,-0.018754295073863947,-0.01875429509803689,-2.4172941426314765e-11,-0.8875190502143082,-0.8875192510666926,-2.0085238439104813e-07
1.5455833333333333,0.8333333333333334,0.04,-0.7,2.0,0.3,0.04,0.01,2854,-0.6176504611664357,-0.6176504586518081,2.514627617244969e-09,1.4943801446287708,1.4943802233260362,7.86972653710194e-08,0.19460750116634395,0.19460750152250025,3.561562988974032e-10,-0.017572986681924085,-0.01757298668775835,-5.834263627768621e-12,-1.016460381042389,-1.016460599153908,-2.181115190680316e-07
1.9224166666666667,0.8333333333333334,0.04,-0.7,2.0,0.3,0.04,0.01,2888,-0.591689707162002,-0.5916897053513794,1.8106225407876764e-09,1.3410797694568544,1.3410798131528026,4.369594819308986e-08,0.1814941872778364,0.1814941876654893,3.8765290977238465e-10,-0.015201078994303563,-0.015201078980570435,1.3733127482429275e-11,-1.2417595510803847,-1.2417597982813415,-2.472009568155187e-07
1.9335,0.8333333333333334,0.04,-0.7,2.0,0.3,0.04,0.01,2889,-0.591051892656902,-0.5910518908600139,1.796888082772341e-09,1.3380455243794387,1.3380455438944432,1.9515004501258204e-08,0.18111925871130974,0.18111925909892737,3.876176324357772e-10,-0.015140037369493209,-0.0151400373599506,9.542608023216381e-12,-1.2482539949658367,-1.2482542430288575,-2.480630207912782e-07
0.28208333333333335,0.8355555555555556,0.04,-0.7,2.0,0.3,0.04,0.01,2921,-0.8801720561411874,-0.8801720904269339,-3.4285746464135514e-08,1.7504332233686526,1.75043330962955,8.626089731400555e-08,0.11261590956254675,0.11261591046108088,8.985341359846188e-10,-0.002720008425161069,-0.0027200079379617703,4.871992986994755e-10,-0.2331485828249713,-0.23314870296298554,-1.2013801423127468e-07
0.30425,0.8355555555555556,0.04,-0.7,2.0,0.3,0.04,0.01,2923,-0.8726515873014318,-0.8726516196544835,-3.235305168214353e-08,1.8463628015386035,1.8463629049849823,1.0344637879633467e-07,0.12100715809648666,0.12100715911198137,1.0154947160945227e-09,-0.005231418323953241,-0.005231418413738116,-8.978487484739839e-11,-0.24838359223469664,-0.24838371370831427,-1.2147361763692466e-07
0.4261666666666667,0.8355555555555556,0.04,-0.7,2.0,0.3,0.04,0.01,2934,-0.826078859902657,-0.8260788769278411,-1.702518415136467e-08,2.0910144615804427,2.091014638944307,1.773638644841924e-07,0.15722987052310677,0.15722987177637943,1.253272652324e-09,-0.016140968342598372,-0.016140969280081435,-9.374830634012454e-10,-0.3258442841999609,-0.32584441182163965,-1.276216787249318e-07
0.5591666666666667,0.8355555555555556,0.04,-0.7,2.0,0.3,0.04,0.01,2946,-0.7806281687525174,-0.7806281774258222,-8.673304852102603e-09,2.0210156714828287,2.0210157281897816,5.670695291115635e-08,0.1810759765552561,0.18107597758604474,1.0307886488813978e-09,-0.01973707678015746,-0.01973707706296554,-2.8280808250791267e-10,-0.40769284274655426,-0.4076929780487301,-1.3530217585211446e-07
0.6589166666666667,0.8355555555555556,0.04,-0.7,2.0,0.3,0.04,0.01,2955,-0.7535212373369071,-0.7535212447478806,-7.410973501542628e-09,1.9476879942192937,1.9476880748097105,8.05904167844318e-08,0.1921350089155449,0.19213500977457512,8.590302080779821e-10,-0.019950154768050288,-0.019950154808076766,-4.00264786593052e-11,-0.469075290401022,-0.4690754322935471,-1.418925250629144e-07
0.83625,0.8355555555555556,0.04,-0.7,2.0,0.3,0.04,0.01,2971,-0.7143463389956695,-0.7143463448769022,-5.881232723048413e-09,1.8808065577191613,1.8808066251892321,6.747007086360668e-08,0.20313471961283525,0.20313472028034985,6.675145991508202e-10,-0.019798581057245412,-0.019798581041306555,1.5938857872432877e-11,-0.5778535700776133,-0.5778537257253364,-1.5564772315457276e-07
1.1355,0.8355555555555556,0.04,-0.7,2.0,0.3,0.04,0.01,2998,-0.6616900141249993,-0.661690014193953,-6.895373161341922e-11,1.7606554908455863,1.760655567801872,7.695628578829883e-08,0.2062222848751849,0.20622228533233014,4.5714523833062515e-10,-0.019694376715700956,-0.019694376740886223,-2.5185267066296646e-11,-0.7615110353330345,-0.7615112178381485,-1.825051139103806e-07
1.1909166666666666,0.8355555555555556,0.04,-0.7,2.0,0.3,0.04,0.01,3003,-0.653594999444479,-0.653594998621547,8.229319448105343e-10,1.725692264087364,1.7256922612461925,-2.841171520273633e-09,0.20542150803770642,0.20542150847080057,4.33094143881263e-10,-0.019567015870219917,-0.0195670158946133,-2.4393383146747993e-11,-0.7956039790157909,-0.7956041665064634,-1.8749067243195583e-07
1.3239166666666666,0.8355555555555556,0.04,-0.7,2.0,0.3,0.04,0.01,3015,-0.6364331621873387,-0.6364331599926094,2.194729287197106e-09,1.6340004876935765,1.6340004678269884,-1.986658815233966e-08,0.20243925371130067,0.20243925409572402,3.844233542604769e-10,-0.019065570819598587,-0.019065570839802582,-2.0203994727241437e-11,-0.8773652469042104,-0.8773654460029372,-1.9909872683854246e-07
1.4569166666666666,0.8355555555555556,0.04,-0.7,2.0,0.3,0.04,0.01,3027,-0.6223044786847487,-0.6223044760637241,2.6210246195645936e-09,1.5442041284563501,1.5442041526769454,2.4220595307156145e-08,0.19845274580237993,0.1984527461690589,3.666789649692248e-10,-0.01833214713364839,-0.018332147144185525,-1.0537133665611265e-11,-0.9587859354184824,-0.9587861455424435,-2.1012396100861253e-07
1.6785833333333333,0.8355555555555556,0.04,-0.7,2.0,0.3,0.04,0.01,3047,-0.6040736409501646,-0.6040736386453331,2.304831436816812e-09,1.424278056605388,1.4242780770685244,2.0463136296555717e-08,0.19079948833822247,0.1907994887007912,3.6256872504303317e-10,-0.01686230021002988,-0.016862300206013342,4.016537102913276e-12,-1.0929430824682673,-1.0929433100019659,-2.2753369854910943e-07
1.7229166666666667,0.8355555555555556,0.04,-0.7,2.0,0.3,0.04,0.01,3051,-0.6010104830747598,-0.6010104808700908,2.2046690029142724e-09,1.4054940156160711,1.4054939671202538,-4.849581736188213e-08,0.1892211972388813,0.1892211976029488,3.640674983707015e-10,-0.016564882596159514,-0.01656488259087712,5.2823925789091675e-12,-1.119468760571729,-1.1194689915100966,-2.3093836754028985e-07
1.8005,0.8355555555555556,0.04,-0.7,2.0,0.3,0.04,0.01,3058,-0.5959789718183728,-0.5959789697818846,2.03648820029656e-09,1.376346550618912,1.3763466477240556,9.710514348171273e-08,0.18646959207072045,0.18646959244612765,3.754072053219204e-10,-0.016060003358298047,-0.016060003351371546,6.92650103939485e-12,-1.1656091507192268,-1.1656093875992966,-2.368800697816198e-07
1.8115833333333333,0.8355555555555556,0.04,-0.7,2.0,0.3,0.04,0.01,3059,-0.5952895446852124,-0.5952895426703905,2.0148219759263952e-09,1.372538319110994,1.3725382701025146,-4.900847949684817e-08,0.18607899390649107,0.1860789942817984,3.7530731300527975e-10,-0.01599004202740284,-0.015990042018502768,8.900071651885e-12,-1.1721706885878258,-1.1721709263128,-2.3772497415031069e-07
1.867,0.8355555555555556,0.04,-0.7,2.0,0.3,0.04,0.01,3064,-0.5919348517402501,-0.5919348498264407,1.9138093332315975e-09,1.3546931187935485,1.3546931781881246,5.9394576146232225e-08,0.1841401054857028,0.18414010586653237,3.808295623297653e-10,-0.015650142965312197,-0.015650142955746443,9.56575443855634e-12,-1.2048632943174875,-1.2048635362992082,-2.419817206611441e-07
0.02716666666666667,0.8377777777777778,0.04,-0.7,2.0,0.3,0.04,0.01,3079,-0.9560540783841442,-0.9560540828421021,-4.457957891723652e-09,0.07091765230615721,0.07091722564395289,-4.266622043169743e-07,-0.010362152840365235,-0.010362152282098951,5.582662838954366e-10,-0.029125379246014438,-0.02912546204388863,-8.27978741922697e-08,-0.001795648010005646,-0.001795733399686497,-8.538968085110114e-08
0.08258333333333334,0.8377777777777778,0.04,-0.7,2.0,0.3,0.04,0.01,3084,-0.9276146489257953,-0.9276146722830686,-2.3357273337687445e-08,0.7495439796612047,0.7495437074815485,-2.7217965614667605e-07,0.010820309944425954,0.01082030992448511,-1.994084411482966e-11,0.014705010112914252,0.014705035424620493,2.531170624139878e-08,-0.06510723594935208,-0.06510730888410472,-7.293475264014138e-08
0.23775000000000002,0.8377777777777778,0.04,-0.7,2.0,0.3,0.04,0.01,3098,-0.889752454012599,-0.8897524898650306,-3.585243169013097e-08,1.5757758015100265,1.5757758930595944,9.154956792656321e-08,0.09571553685916445,0.09571553754388455,6.847201000637071e-10,0.0010922492055254196,0.0010922508500526978,1.6445272782439346e-09,-0.199608106934146,-0.19960822322529226,-1.1629114626821035e-07
0.2599166666666667,0.8377777777777778,0.04,-0.7,2.0,0.3,0.04,0.01,3100,-0.883342535301368,-0.883342570724805,-3.542343707252371e-08,1.6899080079735285,1.689907998827083,-9.146445378860335e-09,0.10532444583849498,0.1053244466611254,8.226304221148339e-10,-0.0010197215655205483,-0.001019720457548425,1.1079721233368811e-09,-0.21622612403265906,-0.21622624251614475,-1.1848348568932465e-07
0.6589166666666667,0.8377777777777778,0.04,-0.7,2.0,0.3,0.04,0.01,3136,-0.7491821354604911,-0.7491821427218118,-7.261320766893675e-09,1.957470030511388,1.9574699684617116,-6.204967628598013e-08,0.1937307592381199,0.19373076010375884,8.656389494099415e-10,-0.020499791982681037,-0.02049979201354619,-3.086515418249114e-11,-0.4668251541101176,-0.4668252957244216,-1.416143040056106e-07
1.10225,0.8377777777777778,0.04,-0.7,2.0,0.3,0.04,0.01,3176,-0.6628535414648917,-0.6628535418565502,-3.9165848342292975e-10,1.780678482443676,1.7806785970149586,1.1457128246128434e-07,0.20769574958168224,0.20769575006156302,4.798807740069577e-10,-0.020095195063657423,-0.02009519508744172,-2.3784297448203873e-11,-0.7381091494161607,-0.7381093282785103,-1.7886234959796354e-07
1.2130833333333333,0.8377777777777778,0.04,-0.7,2.0,0.3,0.04,0.01,3186,-0.6467123122516627,-0.6467123109022433,1.3494193540353194e-09,1.709288410811638,1.7092885876089194,1.7679728148145557e-07,0.2060814098375774,0.2060814102655513,4.2797390631399423e-10,-0.019805239022396837,-0.019805239045735223,-2.3338386778704034e-11,-0.8060995613187738,-0.8060997500647715,-1.887459977201189e-07
1.23525,0.8377777777777778,0.04,-0.7,2.0,0.3,0.04,0.01,3188,-0.6437532253016076,-0.6437532236874336,1.6141740166730756e-09,1.6938618757622592,1.6938619952368632,1.1947460398786802e-07,0.2056206162115437,0.20562061662956027,4.1801656580631175e-10,-0.019723814753680458,-0.019723814780463016,-2.6782558809612667e-11,-0.8196958021977618,-0.8196959928820609,-1.9068429901736295e-07
1.2685,0.8377777777777778,0.04,-0.7,2.0,0.3,0.04,0.01,3191,-0.6394826156896904,-0.6394826137436118,1.9460786315761425e-09,1.6703768923598261,1.6703769760896119,8.372978577142476e-08,0.20485849123119682,0.20485849163677072,4.05573907791279e-10,-0.019587416388439083,-0.01958741641178326,-2.3344177285666845e-11,-0.8400826736051914,-0.8400828671707825,-1.9356559111116667e-07
1.4458333333333333,0.8377777777777778,0.04,-0.7,2.0,0.3,0.04,0.01,3207,-0.6199331299347466,-0.6199331272312342,2.7035124139374034e-09,1.5477573167554937,1.5477574022833651,8.552787145177376e-08,0.19972245568877778,0.19972245605902664,3.702488593493314e-10,-0.018615073969774354,-0.018615073980829927,-1.1055573123641693e-11,-0.9484656570556138,-0.9484658654068435,-2.083512297135215e-07
1.6453333333333333,0.8377777777777778,0.04,-0.7,2.0,0.3,0.04,0.01,3225,-0.6032814743303638,-0.6032814719126149,2.417748889982363e-09,1.436266044985146,1.4362660407462795,-4.238866591066426e-09,0.1928005612764072,0.1928005616381752,3.617679766865223e-10,-0.017250386513539828,-0.01725038651445238,-9.125512845375994e-13,-1.0690592671884491,-1.069059491224931,-2.2403648181068547e-07
1.7561666666666667,0.8377777777777778,0.04,-0.7,2.0,0.3,0.04,0.01,3235,-0.5957160258568406,-0.5957160237009946,2.155845946205659e-09,1.3895905703886768,1.389590633521316,6.313263911650324e-08,0.18881858370956017,0.1888185840814679,3.719077268371507e-10,-0.016489419678022976,-0.016489419670212342,7.810634083948997e-12,-1.1351740723569703,-1.1351743048982519,-2.3254128156402487e-07
1.8780833333333333,0.8377777777777778,0.04,-0.7,2.0,0.3,0.04,0.01,3246,-0.5882805019255533,-0.5882805000008752,1.9246780835757704e-09,1.3487997829741971,1.3487997830949798,1.2078271716120526e-10,0.18449787757002234,0.1844978779532754,3.8325306817021954e-10,-0.0157142180834402,-0.015714218071909907,1.1530294080630554e-11,-1.2070550320612827,-1.2070552739571778,-2.4189589509227005e-07
1.9778333333333333,0.8377777777777778,0.04,-0.7,2.0,0.3,0.04,0.01,3255,-0.5826551280471715,-0.5826551262529235,1.7942479724197824e-09,1.3217699823542262,1.3217699559215588,-2.643266738822092e-08,0.18107128993041788,0.18107129032660416,3.961862782286829e-10,-0.015150365722943482,-0.015150365712362815,1.0580666551240903e-11,-1.2651735578386725,-1.2651738074652006,-2.4962652811488795e-07
0.16016666666666668,0.8400000000000001,0.04,-0.7,2.0,0.3,0.04,0.01,3272,-0.9050857592883543,-0.9050857913376232,-3.2049268905431916e-08,1.233111060483516,1.2331109324713205,-1.2801219551050735e-07,0.058422382666900585,0.05842238302188037,3.549797816804201e-10,0.004741715553674419,0.004741713453496552,-2.1001778675519556e-09,-0.13392256473593322,-0.13392266360121566,-9.886528243296944e-08
0.4261666666666667,0.8400000000000001,0.04,-0.7,2.0,0.3,0.04,0.01,3296,-0.816687231964125,-0.8166872476446791,-1.568055418843528e-08,2.1346195672178325,2.1346197488309397,1.8161310721964696e-07,0.16104861077989585,0.1610486120768141,1.2969182394684253e-09,-0.017834778092834513,-0.017834779072438595,-9.796040818799145e-10,-0.32219782470949143,-0.32219795181890293,-1.2710941149629562e-07
0.6478333333333334,0.8400000000000001,0.04,-0.7,2.0,0.3,0.04,0.01,3316,-0.7475651366423142,-0.7475651438103872,-7.168073024033106e-09,1.9739468060109289,1.9739467845124339,-2.1498494984228955e-08,0.19432479805375769,0.1943247989423175,8.885598090646596e-10,-0.021074295201706228,-0.0210742952412062,-3.949997273711148e-11,-0.45778207766716816,-0.45778221823845267,-1.4057128450151168e-07
1.1465833333333333,0.8400000000000001,0.04,-0.7,2.0,0.3,0.04,0.01,3361,-0.652233454339346,-0.6522334536883297,6.510162409156806e-10,1.7528821782963888,1.752882273876851,9.558046221158634e-08,0.20830520332332236,0.20830520378285775,4.595353819691894e-10,-0.020329094722604246,-0.0203290947495335,-2.692925396563517e-11,-0.7622684307999339,-0.7622686129797835,-1.8217984965041012e-07
1.3793333333333333,0.8400000000000001,0.04,-0.7,2.0,0.3,0.04,0.01,3382,-0.6231237942780354,-0.6231237915685659,2.7094695376206346e-09,1.5886563065059534,1.588656285591799,-2.0914154408302466e-08,0.2027593449517584,0.2027593453305909,3.7883249315306955e-10,-0.01925585274384356,-0.019255852760068724,-1.6225163573801993e-11,-0.9044740936067774,-0.9044742956896569,-2.0208287943024317e-07
1.5123333333333333,0.8400000000000001,0.04,-0.7,2.0,0.3,0.04,0.01,3394,-0.6105059704004934,-0.6105059676604948,2.7399985613740796e-09,1.5030233252444347,1.503023324810756,-4.336786485481525e-10,0.19836018988764192,0.198360190250754,3.631120681912847e-10,-0.018367403664537596,-0.01836740367230319,-7.765593723618736e-12,-0.9851816244042799,-0.9851818371749737,-2.1277069373049073e-07
1.56775,0.8400000000000001,0.04,-0.7,2.0,0.3,0.04,0.01,3399,-0.605937781782695,-0.6059377791441565,2.638538498800358e-09,1.4718498420052128,1.471849976027218,1.3402200504941675e-07,0.196405984456971,0.19640598481529803,3.583270347107259e-10,-0.01797099583214501,-0.017970995833523934,-1.37892475216006e-12,-1.0186018743855996,-1.0186020914979512,-2.171123516525597e-07
1.8005,0.8400000000000001,0.04,-0.7,2.0,0.3,0.04,0.01,3420,-0.5898740507599698,-0.5898740486723176,2.0876521622525956e-09,1.370845056913872,1.370845109288598,5.237472611163696e-08,0.18799365812782742,0.18799365850236996,3.745425358747667e-10,-0.01633439136033976,-0.01633439135177251,8.567251075231042e-12,-1.157227129515992,-1.1572273645162243,-2.350002323847633e-07
1.8559166666666667,0.8400000000000001,0.04,-0.7,2.0,0.3,0.04,0.01,3425,-0.5865698228485483,-0.5865698208659726,1.98257565919846e-09,1.3528833830989129,1.3528833471063146,-3.5992598235168316e-08,0.18601679945370875,0.1860167998374047,3.836959638903181e-10,-0.015979189366271962,-0.0159791893567591,9.512862719773807e-12,-1.1897684019789023,-1.189768641233415,-2.392545126461698e-07
1.90025,0.8400000000000001,0.04,-0.7,2.0,0.3,0.04,0.01,3429,-0.5840211905441817,-0.5840211886311291,1.913052605218013e-09,1.3398270437559034,1.339826992059897,-5.1696006364565505e-08,0.18445645277795353,0.18445645316998735,3.920338220719799e-10,-0.0157095367607496,-0.015709536754742213,6.0073855612241545e-12,-1.2156645749823725,-1.2156648176533926,-2.426710201675064e-07
1.9556666666666667,0.8400000000000001,0.04,-0.7,2.0,0.3,0.04,0.01,3434,-0.5809314000247701,-0.5809313981813887,1.8433813364637786e-09,1.3249282809768559,1.3249283377887129,5.681185699657476e-08,0.18253779597243724,0.18253779636994868,3.975114404308755e-10,-0.015392226785093666,-0.015392226772881266,1.2212399494448967e-11,-1.2478615228565804,-1.2478617698310297,-2.4697444933607926e-07
0.02716666666666667,0.8422222222222222,0.04,-0.7,2.0,0.3,0.04,0.01,3441,-0.9557062681973816,-0.9557062759241105,-7.7267289233518e-09,0.08704910403611876,0.08704865625058683,-4.4778553193181025e-07,-0.011699422569899642,-0.011699422090000654,4.798989886034555e-10,-0.032075950654464336,-0.03207604518417647,-9.452971213436134e-08,-0.00026907366029726987,-0.000269157109792097,-8.344949482710744e-08
0.17125,0.8422222222222222,0.04,-0.7,2.0,0.3,0.04,0.01,3454,-0.8996922334533752,-0.8996922673271212,-3.387374591934389e-08,1.3295526068990426,1.3295524384329596,-1.6846608308362931e-07,0.06556345813452102,0.06556345856578874,4.3126771598345215e-10,0.003743135447292767,0.003743134825485909,-6.218068577396041e-10,-0.14323073789471175,-0.1432308412127483,-1.0331803654284322e-07
0.22666666666666668,0.8422222222222222,0.04,-0.7,2.0,0.3,0.04,0.01,3459,-0.8857341408433084,-0.885734177195239,-3.635193057682784e-08,1.6136925184984108,1.6136924700277586,-4.847065215862756e-08,0.09368396789097289,0.09368396862060696,7.296340753804031e-10,0.0007794747765299537,0.0007794766239421943,1.84741224065494e-09,-0.18929566098557782,-0.1892957762252018,-1.1523962398229948e-07
0.3929166666666667,0.8422222222222222,0.04,-0.7,2.0,0.3,0.04,0.01,3474,-0.8248607937859365,-0.824860812529123,-1.8743186558367597e-08,2.1487761431293606,2.1487763108894065,1.6776004585494775e-07,0.1547262250545245,0.15472622639611747,1.3415929756011025e-09,-0.016592827017658518,-0.01659282813426671,-1.116608191326085e-09,-0.3000736221990541,-0.3000737473478554,-1.2514880132208361e-07
0.5924166666666667,0.8422222222222222,0.04,-0.7,2.0,0.3,0.04,0.01,3492,-0.7576157416241958,-0.7576157490559859,-7.43179018325435e-09,2.024710749060077,2.0247107684732977,1.9413220808672804e-08,0.19029036966045076,0.19029037064609203,9.85641263051562e-10,-0.021752995538054654,-0.021752995685680506,-1.4762585251459903e-10,-0.4216804171512656,-0.42168055378722985,-1.3663596426516378e-07
0.6256666666666667,0.8422222222222222,0.04,-0.7,2.0,0.3,0.04,0.01,3495,-0.7487766675642882,-0.7487766747103257,-7.146037539484951e-09,1.9986394372839555,1.998639480021212,4.2737256400471324e-08,0.19381734479378965,0.19381734572224188,9.284522317631883e-10,-0.021694825725199207,-0.021694825793754535,-6.855532808103248e-11,-0.441990816002491,-0.4419909548080755,-1.388055844708802e-07
0.7365,0.8422222222222222,0.04,-0.7,2.0,0.3,0.04,0.01,3505,-0.7225194103784027,-0.7225194167916889,-6.413286124384854e-09,1.937688828834716,1.9376888833341892,5.4499473156610634e-08,0.20255225025023194,0.20255225103668867,7.864567330706507e-10,-0.02133063241024913,-0.02133063238120603,2.9043097787839756e-11,-0.5095806280981663,-0.5095807747285342,-1.466303679587e-07
0.9249166666666667,0.8422222222222222,0.04,-0.7,2.0,0.3,0.04,0.01,3522,-0.6848123830817399,-0.684812386537369,-3.4556291161891295e-09,1.8718261968198036,1.8718262940691819,9.724937832800151e-08,0.20957384080505514,0.20957384142079888,6.157437337783733e-10,-0.02104339542605138,-0.021043395426797687,-7.46305794940838e-13,-0.6241683793267727,-0.6241685413023981,-1.6197562535680277e-07
0.936,0.8422222222222222,0.04,-0.7,2.0,0.3,0.04,0.01,3523,-0.6827895246722115,-0.6827895278963458,-3.224134292878489e-09,1.8674272794783064,1.8674274824028851,2.0292457869608427e-07,0.2097479901091992,0.2097479907146365,6.054373113961731e-10,-0.02103413923190689,-0.02103413923597453,-4.0676385870686005e-12,-0.6309102908516606,-0.6309104537894508,-1.6293779014908694e-07
1.0468333333333333,0.8422222222222222,0.04,-0.7,2.0,0.3,0.04,0.01,3533,-0.6636892450975762,-0.6636892459843163,-8.867401257717233e-10,1.814114708453829,1.8141147722302176,6.377638861465584e-08,0.21034202249456402,0.21034202301999264,5.254286172817757e-10,-0.020899933276252725,-0.020899933297111248,-2.0858523241962246e-11,-0.698396121746464,-0.6983962944408761,-1.726944121038798e-07
1.7783333333333333,0.8422222222222222,0.04,-0.7,2.0,0.3,0.04,0.01,3599,-0.5881784027238213,-0.5881784005654165,2.158404788232815e-09,1.3757337852249307,1.3757338049720655,1.974713481622814e-08,0.18955003721010666,0.18955003758610478,3.7599812152677714e-10,-0.01661887692142039,-0.01661887691682092,4.59947011033357e-12,-1.1400049870391449,-1.1400052194144437,-2.323752987809513e-07
1.8005,0.8422222222222222,0.04,-0.7,2.0,0.3,0.04,0.01,3601,-0.5868308331326288,-0.586830831021274,2.1113548687168304e-09,1.3680457239262367,1.3680457240671824,1.4094569955602765e-10,0.18874586728237497,0.1887458676602831,3.7790812146276664e-10,-0.016469045109185343,-0.01646904509865632,1.0529022098637597e-11,-1.153035790667778,-1.1530360247408271,-2.3407304916567284e-07
0.07150000000000001,0.8444444444444444,0.04,-0.7,2.0,0.3,0.04,0.01,3626,-0.9269074822350343,-0.9269075083182036,-2.6083169291091224e-08,0.7446431887769833,0.7446428417088685,-3.470681148032284e-07,0.004258791146127816,0.004258790978644201,-1.67483614650632e-10,0.011156632702263858,0.011156682069220878,4.936695702055516e-08,-0.05313133416257054,-0.05313141209604649,-7.793347595042022e-08
0.50375,0.8444444444444444,0.04,-0.7,2.0,0.3,0.04,0.01,3665,-0.7795849165501134,-0.7795849257506644,-9.200550987742417e-09,2.1189045573688503,2.1189046076086857,5.0239835402976496e-08,0.1798911756172028,0.17989117679220717,1.1750043715785807e-09,-0.021935291592833916,-0.021935292122534644,-5.297007277249577e-10,-0.3655117397308172,-0.36551187067857804,-1.3094776085686988e-07
0.5480833333333334,0.8444444444444444,0.04,-0.7,2.0,0.3,0.04,0.01,3669,-0.7657302144811751,-0.7657302223677224,-7.88654730410343e-09,2.0752415896829746,2.0752415981661985,8.483223901123438e-09,0.1864782139734955,0.18647821505407083,1.0805753236642346e-09,-0.022328057164427983,-0.02232805746437552,-2.999475355591752e-10,-0.3924841548383351,-0.39248428844519256,-1.3360685746643952e-07
0.63675,0.8444444444444444,0.04,-0.7,2.0,0.3,0.04,0.01,3677,-0.7415116065030702,-0.741511613405594,-6.9025237747766255e-09,2.0001199946273474,2.000119976220224,-1.8407123381081192e-08,0.19647858592083955,0.19647858684045605,9.196164940661333e-10,-0.022223545565053238,-0.02222354560594362,-4.0890381358682504e-11,-0.44650692822750804,-0.44650706749810876,-1.3927060071861064e-07
1.1244166666666666,0.8444444444444444,0.04,-0.7,2.0,0.3,0.04,0.01,3721,-0.6476685274940663,-0.6476685266752367,8.188296707345444e-10,1.7657470902099348,1.7657471445047896,5.4294854834324724e-08,0.21080791839975244,0.21080791888200098,4.822485466515758e-10,-0.021049701376951724,-0.021049701402341692,-2.538996790590886e-11,-0.7426956340965407,-0.74269581300585,-1.7890930925634763e-07
1.1798333333333333,0.8444444444444444,0.04,-0.7,2.0,0.3,0.04,0.01,3726,-0.639789216448361,-0.6397892148348929,1.6134680258517164e-09,1.7268315555263314,1.7268314589027576,-9.662357380868514e-08,0.20989255379924576,0.20989255425287706,4.536312991909597e-10,-0.02084161029189402,-0.020841610320511097,-2.8617077457715467e-11,-0.7764121825927506,-0.7764123663109737,-1.837182230790546e-07
1.3128333333333333,0.8444444444444444,0.04,-0.7,2.0,0.3,0.04,0.01,3738,-0.6232044814410975,-0.6232044787102399,2.730857651123131e-09,1.6287872217635169,1.6287872670552357,4.5291718819839843e-08,0.20664033358416822,0.20664033398532045,4.011522225511044e-10,-0.020147982718737856,-0.020147982740137634,-2.139977778314872e-11,-0.8572638913896535,-0.8572640863563951,-1.94966741529079e-07
1.43475,0.8444444444444444,0.04,-0.7,2.0,0.3,0.04,0.01,3749,-0.6106780253958832,-0.6106780224453424,2.9505408116747844e-09,1.5436486477948819,1.543648774029652,1.262347701924682e-07,0.20278174868201826,0.2027817490571539,3.751356447700971e-10,-0.019322476693811597,-0.019322476702705305,-8.893708686175117e-12,-0.9310879385288073,-0.9310881433964661,-2.048676587262932e-07
1.4569166666666666,0.8444444444444444,0.04,-0.7,2.0,0.3,0.04,0.01,3751,-0.608642985969049,-0.6086429830351021,2.9339468632372245e-09,1.5293526861581697,1.5293526598021963,-2.635597340372442e-08,0.20202273338876253,0.20202273376432645,3.7556391330184624e-10,-0.019159662464074412,-0.019159662475082384,-1.100797231146089e-11,-0.944461876528635,-0.9444620831589622,-2.0663032718193364e-07
1.5234166666666666,0.8444444444444444,0.04,-0.7,2.0,0.3,0.04,0.01,3757,-0.602928231544092,-0.6029282287162602,2.8278318575658545e-09,1.489153553246858,1.4891535525501833,-6.966747179149024e-10,0.1996761253339474,0.1996761257007556,3.668081949292912e-10,-0.01865811666126871,-0.018658116667121253,-5.852544143758465e-12,-0.9844701380384846,-0.9844703498961729,-2.1185768828146934e-07
1.76725,0.8444444444444444,0.04,-0.7,2.0,0.3,0.04,0.01,3779,-0.585799400328324,-0.5857993981235753,2.2047487169274405e-09,1.3767814333043304,1.376781413425303,-1.987902753519677e-08,0.1907090405352252,0.19070904091179,3.7656480711412144e-10,-0.01683177035000094,-0.016831770341320582,8.680358515311681e-12,-1.1293443058590924,-1.1293445364699382,-2.306108457528211e-07
1.8780833333333333,0.8444444444444444,0.04,-0.7,2.0,0.3,0.04,0.01,3789,-0.5793144556491547,-0.579314453660024,1.9891307490027543e-09,1.3409711313583372,1.340971131685061,3.267237591586536e-10,0.186687751100173,0.18668775148727967,3.8710668004426907e-10,-0.016095220592982074,-0.01609522057785034,1.5131732672424292e-11,-1.194087059984833,-1.1940872991059224,-2.3912108937373944e-07
1.9224166666666667,0.8444444444444444,0.04,-0.7,2.0,0.3,0.04,0.01,3793,-0.5768573746947614,-0.5768573727714036,1.923357806354886e-09,1.3286143851765075,1.3286143892778535,4.101345929541367e-09,0.18511483799499295,0.1851148383905363,3.955433480751225e-10,-0.01582574247982471,-0.015825742466805976,1.3018735395275982e-11,-1.2197752372788973,-1.2197754798316411,-2.425527438898456e-07
1.9445833333333333,0.8444444444444444,0.04,-0.7,2.0,0.3,0.04,0.01,3795,-0.575651625104312,-0.5756516232078741,1.8964378956098926e-09,1.322790832425369,1.3227908446897672,1.2264398163708279e-08,0.18433756722335826,0.18433756762014752,3.9678926810893245e-10,-0.01569680098775783,-0.01569680097253415,1.5223679955544966e-11,-1.2325739760098153,-1.232574220289023,-2.442792077506084e-07
1.96675,0.8444444444444444,0.04,-0.7,2.0,0.3,0.04,0.01,3797,-0.5744591949441435,-0.5744591930730079,1.8711356908340804e-09,1.3171830515190663,1.3171830611319209,9.612854512397462e-09,0.1835668298517945,0.18356683025085105,3.9905653781424633e-10,-0.015571808219261296,-0.0155718082063611,1.2900196535992059e-11,-1.2453423854490164,-1.2453426314637022,-2.4601468573415275e-07
0.38183333333333336,0.8466666666666667,0.04,-0.7,2.0,0.3,0.04,0.01,3835,-0.8196364484229501,-0.819636467012076,-1.8589125905243975e-08,2.1924002030493384,2.1924003730207064,1.699713680913817e-07,0.15554875336776242,0.1555487547712198,1.4034573780907778e-09,-0.017515534005418942,-0.01751553519876893,-1.1933499882710308e-09,-0.2897755367539667,-0.2897756608574312,-1.2410346450497656e-07
0.3929166666666667,0.8466666666666667,0.04,-0.7,2.0,0.3,0.04,0.01,3836,-0.8152026106417187,-0.8152026278628777,-1.7221158943314663e-08,2.196730841674821,2.196731103955715,2.6228089389235265e-07,0.15854578594209912,0.15854578733872438,1.3966252598862638e-09,-0.01835734506308584,-0.018357346242644557,-1.1795587180618572e-09,-0.2964883993988865,-0.29648852404139675,-1.2464251025745554e-07
0.4594166666666667,0.8466666666666667,0.04,-0.7,2.0,0.3,0.04,0.01,3842,-0.789994202647637,-0.7899942137277159,-1.1080078965441942e-08,2.1725065246780417,2.1725066699121736,1.4523413183198386e-07,0.17374992064903005,0.17374992193994485,1.2909147917294916e-09,-0.021705569741847786,-0.021705570560862107,-8.190143216402213e-10,-0.33663349569265644,-0.3366336238532253,-1.2816056887965388e-07
0.6256666666666667,0.8466666666666667,0.04,-0.7,2.0,0.3,0.04,0.01,3857,-0.7398521699755745,-0.7398521767739884,-6.798413942910031e-09,2.01723084347627,2.0172309163574242,7.288115444481491e-08,0.19701344359607242,0.1970134445442888,9.48216366536414e-10,-0.022833664025251332,-0.02283366407809646,-5.284512757941506e-11,-0.4375087648136877,-0.4375089030803863,-1.3826669859051677e-07
0.7475833333333334,0.8466666666666667,0.04,-0.7,2.0,0.3,0.04,0.01,3868,-0.7114720931913898,-0.7114720990809666,-5.889576826234588e-09,1.9495734748797844,1.94957357833579,1.034560055401812e-07,0.20611440315260188,0.20611440394656907,7.939671975432105e-10,-0.02225945058734191,-0.022259450548472216,3.8869695656584824e-11,-0.5114839157042972,-0.511484062508788,-1.468044907859678e-07
0.8140833333333334,0.8466666666666667,0.04,-0.7,2.0,0.3,0.04,0.01,3874,-0.6976558126498,-0.6976558176242242,-4.974424205883565e-09,1.9240401050168998,1.9240401241220293,1.9105129478447225e-08,0.20922269331535848,0.20922269404108823,7.257297540697039e-10,-0.022056652566604384,-0.022056652540538086,2.6066298425275747e-11,-0.5517361255794051,-0.551736277498432,-1.519190269139159e-07
1.0800833333333333,0.8466666666666667,0.04,-0.7,2.0,0.3,0.04,0.01,3898,-0.6503957586839748,-0.6503957583503545,3.336203535653226e-10,1.7945720909295915,1.7945721844575824,9.352799090756037e-08,0.2124242844879498,0.2124242849973599,5.09410097437879e-10,-0.021525133143962538,-0.02152513316809755,-2.4135013432236008e-11,-0.7127866408630779,-0.7127868152799174,-1.74416839526792e-07
1.1465833333333333,0.8466666666666667,0.04,-0.7,2.0,0.3,0.04,0.01,3904,-0.6405596416268755,-0.6405596402268284,1.400047078270461e-09,1.7487616993383526,1.748761716097349,1.6758996412846727e-08,0.2115492133926422,0.21154921386274952,4.701073141877288e-10,-0.021288956443960005,-0.021288956470934383,-2.6974377592692278e-11,-0.7531295777954417,-0.7531297579613612,-1.801659195166394e-07
1.3793333333333333,0.8466666666666667,0.04,-0.7,2.0,0.3,0.04,0.01,3925,-0.6125703069760624,-0.6125703039574485,3.018613914385071e-09,1.5771828426602852,1.5771828304647733,-1.2195511933654757e-08,0.20552274768978473,0.20552274807424883,3.8446409944548066e-10,-0.01993908774269859,-0.019939087757175015,-1.4476423532139293e-11,-0.8941302840356768,-0.8941304836165773,-1.9958090047289545e-07
1.5455833333333333,0.8466666666666667,0.04,-0.7,2.0,0.3,0.04,0.01,3940,-0.5978654894868429,-0.5978654866690293,2.817813649080847e-09,1.4729548775127554,1.4729548555577974,-2.1954958073777675e-08,0.19970518956483052,0.1997051899311759,3.6634537070590056e-10,-0.018663153616982342,-0.018663153618832563,-1.850221365007343e-12,-0.9940186656277883,-0.9940188783223967,-2.1269460837025633e-07
1.6564166666666666,0.8466666666666667,0.04,-0.7,2.0,0.3,0.04,0.01,3950,-0.5898177239839486,-0.589817721470235,2.513713570628795e-09,1.4180300572652627,1.4180300698720527,1.2606790056324257e-08,0.19558963068044832,0.19558963104881252,3.6836420025387895e-10,-0.017792572051672506,-0.01779257204468623,6.986276140930059e-12,-1.0599411785276736,-1.059941399751189,-2.2122351550635244e-07
1.7783333333333333,0.8466666666666667,0.04,-0.7,2.0,0.3,0.04,0.01,3961,-0.582076903740264,-0.5820769015421374,2.1981265696524588e-09,1.3699225115404445,1.3699224997235349,-1.1816909673001419e-08,0.19104788579707432,0.19104788617583893,3.787646030151137e-10,-0.016888217066746147,-0.016888217052168992,1.4577155454942314e-11,-1.131698327239139,-1.13169855778421,-2.3054507103381638e-07
1.8559166666666667,0.8466666666666667,0.04,-0.7,2.0,0.3,0.04,0.01,3968,-0.5775773314030397,-0.5775773293615141,2.041525615226192e-09,1.3448237551338948,1.3448237238680167,-3.126587810875492e-08,0.18820615834802545,0.18820615873670524,3.8867978280343607e-10,-0.01636154461262529,-0.01636154459937412,1.3251170993822114e-11,-1.176913500268023,-1.176913736773493,-2.3650546987497023e-07
1.9224166666666667,0.8466666666666667,0.04,-0.7,2.0,0.3,0.04,0.01,3974,-0.5739077574071216,-0.5739077554633136,1.943808003446179e-09,1.3260371078960276,1.3260370240394506,-8.385657701559524e-08,0.1858209829518065,0.18582098334908606,3.9727957035218253e-10,-0.01594667279988804,-0.015946672791100548,8.787491567741057e-12,-1.2153813262315294,-1.2153815678809938,-2.4164946443860913e-07
0.016083333333333335,0.8488888888888889,0.04,-0.7,2.0,0.3,0.04,0.01,3983,-0.9630374731552094,-0.9630374758907561,-2.735546678067635e-09,-0.08657917993648567,-0.08657965467140714,-4.747349214712093e-07,-0.014667051553146626,-0.01466705068080498,8.723416468348066e-10,-0.04394717860456421,-0.04394747862842989,-3.0002386568195316e-07,0.011883357214914625,0.011883300035856071,-5.717905855393002e-08
0.20450000000000002,0.8488888888888889,0.04,-0.7,2.0,0.3,0.04,0.01,4000,-0.8811886761007914,-0.8811887132533155,-3.71525240572268e-08,1.6431562027685587,1.643156110902954,-9.186560467888683e-08,0.08708325103412573,0.08708325179093157,7.568058402185329e-10,0.00046574615192307434,0.0004657480506948972,1.8987718228779225e-09,-0.1692323420690589,-0.16923245468015993,-1.1261110102744887e-07
0.8916666666666667,0.8488888888888889,0.04,-0.7,2.0,0.3,0.04,0.01,4062,-0.6783900027088063,-0.6783900059383591,-3.229552736350172e-09,1.8989308070427313,1.898930993705816,1.8666308476689153e-07,0.21280474339246958,0.212804744054946,6.624764348206469e-10,-0.022322047090461705,-0.022322047084027886,6.433818755535725e-12,-0.5960126443538272,-0.5960128021438108,-1.57789983634693e-07
1.0135833333333333,0.8488888888888889,0.04,-0.7,2.0,0.3,0.04,0.01,4073,-0.6569702982682502,-0.6569702989195386,-6.512884676013186e-10,1.8364199744214105,1.8364199992101735,2.4788763042238315e-08,0.2139171223437819,0.21391712290441306,5.606311526129559e-10,-0.022064062111804006,-0.022064062130324667,-1.8520660699516966e-11,-0.669629532979582,-0.6696297010678507,-1.6808826863723425e-07
1.23525,0.8488888888888889,0.04,-0.7,2.0,0.3,0.04,0.01,4093,-0.6250046426811706,-0.6250046401106878,2.570482826591558e-09,1.6798205659807053,1.6798206104531952,4.4472489912905644e-08,0.21069094503972652,0.21069094546801892,4.282924015441836e-10,-0.021139865358510423,-0.021139865382175965,-2.3665541748485452e-11,-0.803713968668962,-0.8037141556382995,-1.8696933745676603e-07
1.4015,0.8488888888888889,0.04,-0.7,2.0,0.3,0.04,0.01,4108,-0.6069216700445301,-0.6069216669322639,3.1122662225158138e-09,1.5577820672296738,1.5577821466330475,7.940337365397454e-08,0.20568118022673554,0.2056811806083154,3.8157985104980696e-10,-0.019990781845863337,-0.019990781856785305,-1.0921968190968911e-11,-0.9040114695961499,-0.9040116701160752,-2.0051992533076657e-07
1.4790833333333333,0.8488888888888889,0.04,-0.7,2.0,0.3,0.04,0.01,4115,-0.5999570382529684,-0.5999570352331544,3.0198140654746908e-09,1.5075889120419461,1.5075890008120747,8.877012858121702e-08,0.20296076692419285,0.20296076729692591,3.72733066633657e-10,-0.019376284591393622,-0.019376284593893924,-2.5003020487357475e-12,-0.9505594525667516,-0.9505596592114132,-2.0664466160447148e-07
1.50125,0.8488888888888889,0.04,-0.7,2.0,0.3,0.04,0.01,4117,-0.5981125107692997,-0.5981125078007408,2.9685589542083335e-09,1.4942980242071968,1.494298131618908,1.074117110810846e-07,0.202157282884613,0.20215728325596163,3.7134864627752506e-10,-0.019196618741973426,-0.019196618744960883,-2.9874575036004103e-12,-0.9638173934395367,-0.9638176018140345,-2.083744978786939e-07
1.734,0.8488888888888889,0.04,-0.7,2.0,0.3,0.04,0.01,4138,-0.5817060641838401,-0.5817060618590406,2.3247994640485103e-09,1.382991277054657,1.3829912136980835,-6.335657354306079e-08,0.19344499082488142,0.19344499120080336,3.7592193247171224e-10,-0.01734512442980174,-0.017345124419916175,9.885564589140472e-12,-1.101624911424709,-1.101625137677844,-2.2625313511603906e-07
1.8226666666666667,0.8488888888888889,0.04,-0.7,2.0,0.3,0.04,0.01,4146,-0.5764647113759569,-0.5764647092518301,2.1241267633698158e-09,1.3523024366968173,1.352302425601916,-1.1094901219976805e-08,0.1901433904395733,0.19014339082501153,3.854382368828624e-10,-0.016709360328576173,-0.01670936031334025,1.523592363383841e-11,-1.1533514852588023,-1.1533517183051076,-2.3304630536458149e-07
1.8780833333333333,0.8488888888888889,0.04,-0.7,2.0,0.3,0.04,0.01,4151,-0.5733664403292926,-0.5733664383064584,2.02283423345051e-09,1.3356197370306688,1.335619765627725,2.8597056278556465e-08,0.18811658458212088,0.18811658497687822,3.947573379292635e-10,-0.01634204124550953,-0.01634204122931006,1.6199472319122776e-11,-1.1854457737849045,-1.18544601109935,-2.373144456502274e-07
0.30425,0.8511111111111112,0.04,-0.7,2.0,0.3,0.04,0.01,4190,-0.8416689473519923,-0.8416689754385169,-2.8086524661574686e-08,2.130456111526513,2.1304563085736894,1.9704717635349311e-07,0.13391623899475236,0.13391624037702995,1.3822775979388524e-09,-0.011148960469414826,-0.011148960939296706,-4.698818799331317e-10,-0.23866488818954923,-0.2386650085212285,-1.203316792597331e-07
0.34858333333333336,0.8511111111111112,0.04,-0.7,2.0,0.3,0.04,0.01,4194,-0.8234053287797805,-0.8234053502376533,-2.145787281193634e-08,2.217752004263218,2.2177521297774963,1.2551427808205062e-07,0.14946154243161702,0.1494615438991823,1.4675652637574643e-09,-0.016294097353874992,-0.01629409851903619,-1.1651611966922992e-09,-0.26610999219273124,-0.26611011430617754,-1.2211344629919907e-07
0.6256666666666667,0.8511111111111112,0.04,-0.7,2.0,0.3,0.04,0.01,4219,-0.7308471181992349,-0.7308471246378282,-6.438593325164277e-09,2.0348827317606677,2.034882793644638,6.188397039252891e-08,0.20015911614545967,0.2001591171060838,9.60624135792898e-10,-0.023957810491997966,-0.02395781052662386,-3.4625892431083827e-11,-0.4329828428187299,-0.43298298054784573,-1.3772911583442848e-07
0.8140833333333334,0.8511111111111112,0.04,-0.7,2.0,0.3,0.04,0.01,4236,-0.6890760972544374,-0.6890761016853776,-4.430940170330189e-09,1.9365906989143866,1.9365907843910173,8.547663066238442e-08,0.21193901676444526,0.21193901750361194,7.391666723144397e-10,-0.022946280507363248,-0.022946280480350793,2.701245477298997e-11,-0.5466550921864877,-0.5466552433391525,-1.511526648290129e-07
0.8473333333333334,0.8511111111111112,0.04,-0.7,2.0,0.3,0.04,0.01,4239,-0.6825530078041764,-0.6825530116238511,-3.819674687655095e-09,1.9226848557707399,1.9226848964854868,4.071474690725552e-08,0.2130179333297011,0.21301793403962102,7.099199283988611e-10,-0.022847174116907842,-0.02284717409359412,2.3313722480322596e-11,-0.5666686661974507,-0.5666688199627777,-1.5376532702671142e-07
0.9249166666666667,0.8511111111111112,0.04,-0.7,2.0,0.3,0.04,0.01,4246,-0.6681017013153434,-0.6681017035335178,-2.2181744219196275e-09,1.8869759726980462,1.8869760617707456,8.907269943847496e-08,0.21461349147322561,0.21461349211444058,6.412149700096847e-10,-0.022656952508720574,-0.022656952511794712,-3.0741381662480194e-12,-0.6133666216051603,-0.6133667816805359,-1.6007537562146013e-07
1.0911666666666666,0.8511111111111112,0.04,-0.7,2.0,0.3,0.04,0.01,4261,-0.6407597819968469,-0.6407597809341011,1.0627457802669937e-09,1.7851137124047511,1.7851137243870372,1.1982286052258928e-08,0.21450966644243064,0.2145096669528646,5.10433972866764e-10,-0.022159712431690792,-0.022159712458072047,-2.6381254819574096e-11,-0.7135687898693344,-0.7135689639899733,-1.7412063890720475e-07
1.1244166666666666,0.8511111111111112,0.04,-0.7,2.0,0.3,0.04,0.01,4264,-0.6359111764198122,-0.6359111748494309,1.5703812694667363e-09,1.7609553482067497,1.7609553706407137,2.2433964019796804e-08,0.21403687117005354,0.2140368716584293,4.883757565021796e-10,-0.02201660731754318,-0.022016607347163125,-2.9619945385306323e-11,-0.7336317722923813,-0.7336319492328637,-1.7694048237704152e-07
1.1465833333333333,0.8511111111111112,0.04,-0.7,2.0,0.3,0.04,0.01,4266,-0.6327966046631994,-0.6327966027956923,1.867507148922698e-09,1.7443973321373818,1.7443973581235044,2.5986122587084992e-08,0.21365495441613702,0.21365495489076156,4.746245341191724e-10,-0.021911303056676434,-0.021911303084267208,-2.7590773415964165e-11,-0.7470085713552621,-0.7470087501706325,-1.7881537039965423e-07
1.2241666666666666,0.8511111111111112,0.04,-0.7,2.0,0.3,0.04,0.01,4273,-0.6226347170767976,-0.6226347144212165,2.655581088362169e-09,1.684856132389001,1.6848561554658645,2.3076863531201752e-08,0.21195563637943504,0.2119556368170795,4.3764444845884043e-10,-0.021480967478393342,-0.02148096750263013,-2.4236786189124615e-11,-0.7938192023487778,-0.7938193876577138,-1.853089359737936e-07
1.50125,0.8511111111111112,0.04,-0.7,2.0,0.3,0.04,0.01,4298,-0.5947962693482467,-0.5947962663392424,3.0090042679731255e-09,1.4903098227714295,1.4903098337970226,1.1025593105173925e-08,0.20298878334726322,0.20298878371826032,3.709970941567775e-10,-0.019377085436894648,-0.019377085436869584,2.506328478091291e-14,-0.9601460502953185,-0.9601462577983512,-2.0750303264538417e-07
1.70075,0.8511111111111112,0.04,-0.7,2.0,0.3,0.04,0.01,4316,-0.5806854493094205,-0.5806854468806587,2.428761747275132e-09,1.3927392600310284,1.3927393241216426,6.409061414913708e-08,0.19545130401671384,0.1954513043918749,3.75161068877361e-10,-0.017737157809311066,-0.017737157800550463,8.760603353863416e-12,-1.078091362363004,-1.0780915851804407,-2.22817436723588e-07
1.8115833333333333,0.8511111111111112,0.04,-0.7,2.0,0.3,0.04,0.01,4326,-0.5740892864584957,-0.5740892842968345,2.161661183386343e-09,1.3529825010349938,1.3529825371584288,3.612343490999592e-08,0.19127521718523277,0.1912752175700936,3.8486083764333046e-10,-0.0169126573153211,-0.016912657300547307,1.477379329983819e-11,-1.1427020905112328,-1.1427023218091998,-2.312979670016091e-07
0.18233333333333335,0.8533333333333334,0.04,-0.7,2.0,0.3,0.04,0.01,4360,-0.8803762644625512,-0.8803763021718601,-3.770930889768209e-08,1.6259978391497398,1.6259978312527401,-7.896999720813369e-09,0.07769875910793034,0.07769875983540665,7.274763152986807e-10,0.00035170401882500535,0.0003517050601151683,1.0412901629277757e-09,-0.14955097490068625,-0.14955108375543624,-1.0885474999167144e-07
0.3264166666666667,0.8533333333333334,0.04,-0.7,2.0,0.3,0.04,0.01,4373,-0.8276930969441931,-0.8276931208285078,-2.3884314637179216e-08,2.2156177448273695,2.215617911750776,1.6692340665258598e-07,0.14392323352888092,0.14392323501296192,1.4840809969829394e-09,-0.014776822170881054,-0.014776823138082375,-9.672013207701058e-10,-0.2509023299920865,-0.25090245097608865,-1.2098400214988203e-07
0.5148333333333334,0.8533333333333334,0.04,-0.7,2.0,0.3,0.04,0.01,4390,-0.757060464127296,-0.7570604716230181,-7.495722154082785e-09,2.1514267284361566,2.1514267217007697,-6.735386914868968e-09,0.18858156128218062,0.1885815624671445,1.1849638770211612e-09,-0.024883342222836724,-0.02488334266403769,-4.4120096465150027e-10,-0.3638653271854919,-0.3638654578129981,-1.3062750620074226e-07
0.7143333333333334,0.8533333333333334,0.04,-0.7,2.0,0.3,0.04,0.01,4408,-0.7055846893129492,-0.7055846948989178,-5.585968687604748e-09,1.9879053375637668,1.9879053413394987,3.7757319493181285e-09,0.20848621075431062,0.20848621160502423,8.507136106672419e-10,-0.023876285396434715,-0.023876285347645156,4.878955919829231e-11,-0.4841430552147974,-0.4841431986377724,-1.4342297499636558e-07
1.2685,0.8533333333333334,0.04,-0.7,2.0,0.3,0.04,0.01,4458,-0.6136697426213644,-0.6136697395480134,3.07335101812356e-09,1.6466646907131732,1.6466647284971365,3.7783963291460054e-08,0.21172008968645128,0.21172009010373924,4.1728795419082587e-10,-0.021449629182684893,-0.021449629201030787,-1.8345894248206207e-11,-0.8172766380612484,-0.8172768262636242,-1.8820237579486587e-07
1.468,0.8533333333333334,0.04,-0.7,2.0,0.3,0.04,0.01,4476,-0.5941898109527999,-0.5941898078191976,3.133602266558455e-09,1.5061759700563115,1.5061759677627047,-2.293606859993247e-09,0.20504337211582624,0.20504337249101207,3.7518582685081014e-10,-0.019841745418358592,-0.019841745422967034,-4.608442100151322e-12,-0.9366953578904269,-0.9366955619501796,-2.0405975265092025e-07
1.5566666666666666,0.8533333333333334,0.04,-0.7,2.0,0.3,0.04,0.01,4484,-0.5872649553470555,-0.587264952462256,2.884799510383118e-09,1.455575365794104,1.4555753630767454,-2.717358560389016e-09,0.20172156654146844,0.2017215669141628,3.726943476056732e-10,-0.019076033903331346,-0.01907603390092345,2.407896798617415e-12,-0.9893318132114803,-0.9893320241248801,-2.1091339974521617e-07
1.6453333333333333,0.8533333333333334,0.04,-0.7,2.0,0.3,0.04,0.01,4492,-0.5811205658227958,-0.5811205632177685,2.6050273049804673e-09,1.4127031905397658,1.4127032555399315,6.500016569432887e-08,0.19832688771703744,0.19832688808851598,3.714785423714062e-10,-0.018325627312715254,-0.018325627303877358,8.837895693059039e-12,-1.0416053493048083,-1.0416055670068505,-2.1770204217119726e-07
1.6896666666666667,0.8533333333333334,0.04,-0.7,2.0,0.3,0.04,0.01,4496,-0.5782827207732877,-0.5782827182950824,2.4782053076322086e-09,1.3939287085706908,1.3939287056362506,-2.934440246349368e-09,0.19662460969988027,0.1966246100728178,3.7293754195921736e-10,-0.017963999331127578,-0.0179639993201713,1.095627755187678e-11,-1.0675912984078884,-1.0675915194936456,-2.210857572571001e-07
1.9778333333333333,0.8533333333333334,0.04,-0.7,2.0,0.3,0.04,0.01,4522,-0.5622281862635581,-0.5622281843324055,1.931152571188477e-09,1.3043431446035925,1.3043431172339366,-2.736965587502027e-08,0.1859195797905555,0.1859195801995229,4.0896738773277264e-10,-0.015974563056103674,-0.015974563040389564,1.5714110568332273e-11,-1.2337946087231932,-1.2337948520557294,-2.433325361206329e-07
0.08258333333333334,0.8555555555555556,0.04,-0.7,2.0,0.3,0.04,0.01,4532,-0.9117122137272671,-0.9117122488044059,-3.507713886019559e-08,1.0603854849744465,1.0603851039977572,-3.809766893070332e-07,0.01239538314767863,0.012395383033367917,-1.1431071193779285e-10,0.007439862939606634,0.007439893509971621,3.057036498683302e-08,-0.061929837017610234,-0.061929918048462734,-8.1030852500108e-08
0.2931666666666667,0.8555555555555556,0.04,-0.7,2.0,0.3,0.04,0.01,4551,-0.836636824220055,-0.8366368523904433,-2.817038824431961e-08,2.174207205940526,2.1742073067680443,1.0082751833451198e-07,0.1332529405173588,0.13325294196606807,1.4487092636628063e-09,-0.01153971532941167,-0.011539715620135933,-2.9072426237231053e-10,-0.22861301342769202,-0.2286131329740522,-1.1954636017219578e-07
0.3929166666666667,0.8555555555555556,0.04,-0.7,2.0,0.3,0.04,0.01,4560,-0.7952917764221523,-0.7952917906416586,-1.4219506239143698e-08,2.280536279264389,2.280536390024645,1.1076025607792417e-07,0.16607186503453386,0.16607186652935946,1.4948255966373836e-09,-0.021895283731920845,-0.021895285007103343,-1.2751824977896842e-09,-0.2890546833031471,-0.28905480696039976,-1.2365725265972571e-07
0.4261666666666667,0.8555555555555556,0.04,-0.7,2.0,0.3,0.04,0.01,4563,-0.7824549429737149,-0.7824549541853751,-1.1211660266852164e-08,2.25971385769963,2.2597138848617644,2.7162134319524966e-08,0.17409518863989448,0.1740951900638313,1.4239368295587695e-09,-0.02372721829402291,-0.023727219375349374,-1.0813264623987795e-09,-0.3087926406018793,-0.3087927659658245,-1.2536394522477678e-07
0.43725,0.8555555555555556,0.04,-0.7,2.0,0.3,0.04,0.01,4564,-0.7783545354404786,-0.7783545458585709,-1.0418092277753033e-08,2.2495691004431606,2.2495691969797993,9.653663868292028e-08,0.17650190928156229,0.17650191067559703,1.3940347487473304e-09,-0.024171334318673354,-0.024171335319118803,-1.0004454487066994e-09,-0.3153809892431081,-0.31538111520720447,-1.2596409637577466e-07
0.4594166666666667,0.8555555555555556,0.04,-0.7,2.0,0.3,0.04,0.01,4566,-0.7704362510867202,-0.770436260209737,-9.12301678646088e-09,2.226288672857457,2.226288774823499,1.0196604183221325e-07,0.18095485736877026,0.18095485870048852,1.3317182634420277e-09,-0.024845062163436626,-0.024845062991704945,-8.282683185145689e-10,-0.3285821463493155,-0.3285822735418505,-1.2719253500437233e-07
0.6256666666666667,0.8555555555555556,0.04,-0.7,2.0,0.3,0.04,0.01,4581,-0.7217657766886432,-0.7217657827497723,-6.061129154133482e-09,2.05155355481601,2.051553574539787,1.972377683401305e-08,0.20325202234619533,0.20325202331837652,9.721811966567628e-10,-0.025066949532887017,-0.025066949547715177,-1.4828159533575302e-11,-0.4284158492795509,-0.42841598647254553,-1.3719299463144097e-07
0.936,0.8555555555555556,0.04,-0.7,2.0,0.3,0.04,0.01,4609,-0.6577515975321468,-0.6577515988781998,-1.346052935780051e-09,1.88575682014136,1.8857569786710093,1.5852964940776815e-07,0.217170076934059,0.21717007757843876,6.443797717636812e-10,-0.023414567559831845,-0.023414567565855856,-6.024011151017916e-12,-0.614559885150634,-0.614560045159351,-1.6000871705390551e-07
1.0579166666666666,0.8555555555555556,0.04,-0.7,2.0,0.3,0.04,0.01,4620,-0.6377866949447419,-0.6377866938978896,1.0468523825579723e-09,1.8061737327990102,1.8061737905508508,5.7751840643049945e-08,0.21705429071261495,0.21705429125114328,5.385283330383572e-10,-0.022969013114826353,-0.022969013140489238,-2.5662885011490388e-11,-0.6876541057256047,-0.6876542758117896,-1.7008618491409777e-07
1.16875,0.8555555555555556,0.04,-0.7,2.0,0.3,0.04,0.01,4630,-0.6221116820610828,-0.6221116795228776,2.5382052015743284e-09,1.7213321684694805,1.7213322527564439,8.428696340878616e-08,0.21524927817803685,0.21524927864686488,4.688280319520288e-10,-0.022386541366908874,-0.022386541392356563,-2.5447689094848513e-11,-0.7541720635760585,-0.7541722428638853,-1.7928782680698419e-07
1.2463333333333333,0.8555555555555556,0.04,-0.7,2.0,0.3,0.04,0.01,4637,-0.61254432052682,-0.6125443174169134,3.1099065544992754e-09,1.6598239394038927,1.6598239297047355,-9.699157255127488e-09,0.21329573228756615,0.21329573271872532,4.311591639272194e-10,-0.021864982914371334,-0.021864982934990597,-2.061926324126162e-11,-0.800715797692475,-0.8007159833347159,-1.8564224091299764e-07
1.2795833333333333,0.8555555555555556,0.04,-0.7,2.0,0.3,0.04,0.01,4640,-0.6087833340077953,-0.6087833307665496,3.2412457162678265e-09,1.6338871006160716,1.6338870655172817,-3.5098789874510317e-08,0.21232717681812785,0.21232717723532837,4.1720052412763664e-10,-0.021616294456211493,-0.02161629447597237,-1.976087696253792e-11,-0.8206429851564945,-0.8206431734881577,-1.8833166326448492e-07
1.4458333333333333,0.8555555555555556,0.04,-0.7,2.0,0.3,0.04,0.01,4655,-0.5926932731223356,-0.5926932698875462,3.2347893252904214e-09,1.5157873789473086,1.5157873453779511,-3.356935751597234e-08,0.2066911905848623,0.20669119096676827,3.819059790632906e-10,-0.020221766154071563,-0.02022176615911298,-5.041415201967325e-12,-0.9199082713884366,-0.9199084728829316,-2.0149449508899409e-07
1.4569166666666666,0.8555555555555556,0.04,-0.7,2.0,0.3,0.04,0.01,4656,-0.5917626063550729,-0.5917626031500955,3.2049773945885818e-09,1.508814423401006,1.5088143807877499,-4.261325603494015e-08,0.20628299854802412,0.20628299892514487,3.771207512937025e-10,-0.020123614961065073,-0.02012361496603839,-4.97331689719438e-12,-0.9264958118032629,-0.9264960141575698,-2.0235430686632583e-07
1.76725,0.8555555555555556,0.04,-0.7,2.0,0.3,0.04,0.01,4684,-0.5705846239673074,-0.5705846216811742,2.2861331716583777e-09,1.3617872718363344,1.3617873918438577,1.2000752325214137e-07,0.19438522651904488,0.19438522690175858,3.82713694069281e-10,-0.017489946222692954,-0.01748994620672795,1.59650036246628e-11,-1.1086758850731293,-1.10867611120784,-2.2613471073462676e-07
1.9113333333333333,0.8555555555555556,0.04,-0.7,2.0,0.3,0.04,0.01,4697,-0.5627428855953243,-0.5627428835732444,2.0220798369052773e-09,1.3183981795172883,1.3183982924172077,1.1289991941332289e-07,0.18898932330591034,0.18898932370572505,3.9981470911776285e-10,-0.016486730877868228,-0.016486730861136577,1.673165078708294e-11,-1.1915000428761036,-1.1915002801303602,-2.372542566853042e-07
1.9335,0.8555555555555556,0.04,-0.7,2.0,0.3,0.04,0.01,4699,-0.5615948558690409,-0.5615948538779193,1.991121600930512e-09,1.312653763463345,1.312653792617553,2.9154207936699095e-08,0.18818205551635048,0.18818205591887854,4.025280664343711e-10,-0.016349094062867442,-0.016349094047738967,1.5128474861736407e-11,-1.2041353272677913,-1.204135566252906,-2.3898511480879847e-07
1.96675,0.8555555555555556,0.04,-0.7,2.0,0.3,0.04,0.01,4702,-0.5598942460595391,-0.5598942441049766,1.954562511841118e-09,1.3044131247363921,1.3044130975037014,-2.7232690769096735e-08,0.18698437650926936,0.1869843769173515,4.0808215140408777e-10,-0.016151211924414488,-0.016151211906717696,1.7696791948518253e-11,-1.2230344506147794,-1.2230346922079127,-2.415931332766519e-07
0.016083333333333335,0.8577777777777779,0.04,-0.7,2.0,0.3,0.04,0.01,4707,-0.9636774125067193,-0.9636774242068621,-1.1700142743542585e-08,-0.049448092842574454,-0.04944871637293324,-6.235303587828755e-07,-0.018038870632230974,-0.018038869978466054,6.537649206717067e-10,-0.04994417852607902,-0.04994450768854767,-3.2916246864994614e-07,0.01513556742965827,0.015135518077794058,-4.935186421160809e-08
0.03825,0.8577777777777779,0.04,-0.7,2.0,0.3,0.04,0.01,4709,-0.9419543051022994,-0.941954335363106,-3.026080663826036e-08,0.48188554813144435,0.481885005718568,-5.424128763364955e-07,-0.0131004365812315,-0.013100436794909945,-2.1367844472985897e-10,-0.029757686945269812,-0.029757688222602593,-1.2773327812132251e-09,-0.008292329459758108,-0.008292420221373813,-9.076161570573116e-08
0.07150000000000001,0.8577777777777779,0.04,-0.7,2.0,0.3,0.04,0.01,4712,-0.915415313681861,-0.9154153496365665,-3.595470543515944e-08,0.9923702387615307,0.9923699388026015,-2.99958929250721e-07,0.004877898714117368,0.0048778984437121056,-2.7040526241750573e-10,0.004194611478436361,0.004194667090384835,5.5611948474205974e-08,-0.05021671264218708,-0.05021679711345602,-8.447126894489676e-08
0.19341666666666668,0.8577777777777779,0.04,-0.7,2.0,0.3,0.04,0.01,4723,-0.8693607284258886,-0.8693607666208518,-3.8194963192239584e-08,1.7856894934942247,1.785689450545908,-4.294831668083532e-08,0.08667689851249438,0.08667689942743072,9.149363350280382e-10,-0.0015947073335464967,-0.0015947054749443177,1.8586021790622381e-09,-0.15694168920166174,-0.15694180100121782,-1.117995560850904e-07
0.271,0.8577777777777779,0.04,-0.7,2.0,0.3,0.04,0.01,4730,-0.8409128839823032,-0.8409129147293954,-3.0747092205629656e-08,2.1432680574751117,2.1432683207883962,2.6331328450979186e-07,0.125712907644987,0.1257129090629257,1.417938710890354e-09,-0.00951772264154438,-0.00951772225252048,3.890238998993656e-10,-0.21287635327923993,-0.2128764718384208,-1.1855918086167705e-07
0.3596666666666667,0.8577777777777779,0.04,-0.7,2.0,0.3,0.04,0.01,4738,-0.8037182222932204,-0.8037182396464585,-1.7353238068729127e-08,2.3032759671748337,2.3032761930223353,2.2584750158927136e-07,0.15857509437805506,0.1585750959417782,1.5637231509657568e-09,-0.020147646896534477,-0.02014764823496827,-1.3384337943511682e-09,-0.26746245504763455,-0.26746257692597947,-1.2187834491639293e-07
0.7143333333333334,0.8577777777777779,0.04,-0.7,2.0,0.3,0.04,0.01,4770,-0.6967173557809181,-0.6967173609023185,-5.121400414864752e-09,2.0021890090315964,2.0021890373094475,2.8277851171765178e-08,0.21134084385296403,0.21134084471981904,8.66855004444389e-10,-0.02485011381364588,-0.024850113755552627,5.8093252430779785e-11,-0.47930207733429264,-0.47930222011737905,-1.4278308640980342e-07
0.90275,0.8577777777777779,0.04,-0.7,2.0,0.3,0.04,0.01,4787,-0.6594388856079325,-0.6594388873508418,-1.7429092613596708e-09,1.9066984324744851,1.9066985378388317,1.053643465809273e-07,0.2179949961397809,0.21799499681481982,6.750389136556123e-10,-0.0239197800189217,-0.02391978001787295,1.0487478940834905e-12,-0.5919423610223351,-0.5919425178741402,-1.5685180509983354e-07
0.9803333333333334,0.8577777777777779,0.04,-0.7,2.0,0.3,0.04,0.01,4794,-0.6460381331951925,-0.646038133306281,-1.1108847175478331e-10,1.8593370509911722,1.8593371662430083,1.1525183607474787e-07,0.21854894491912802,0.21854894552695017,6.078221537197948e-10,-0.023638804018955017,-0.023638804035860023,-1.6905005173484255e-11,-0.6383096449696923,-0.6383098080787121,-1.6310901973515257e-07
1.4901666666666666,0.8577777777777779,0.04,-0.7,2.0,0.3,0.04,0.01,4840,-0.5857583801394117,-0.585758376992121,3.147290761340571e-09,1.484473222124194,1.4844732741774775,5.2053283461361843e-08,0.20585323030050673,0.2058532306757167,3.7520997420159574e-10,-0.020002677624531007,-0.020002677624965173,-4.341665915674753e-13,-0.9425736941981455,-0.9425738982765091,-2.0407836354152664e-07
1.6675,0.8577777777777779,0.04,-0.7,2.0,0.3,0.04,0.01,4856,-0.5734634380728798,-0.5734634355048623,2.5680174653430754e-09,1.396294682654009,1.396294731329653,4.867564395993895e-08,0.19897136847774055,0.19897136885424896,3.765084077844705e-10,-0.01842366788837313,-0.01842366787523717,1.3135961068888591e-11,-1.0466856373436695,-1.0466858549869722,-2.17643302713455e-07
1.7118333333333333,0.8577777777777779,0.04,-0.7,2.0,0.3,0.04,0.01,4860,-0.570771293433997,-0.5707712909927968,2.4412002419538226e-09,1.3786758040756908,1.3786757492183401,-5.485735066201869e-08,0.19724368724535757,0.19724368762413982,3.7878225556120526e-10,-0.018055402814520782,-0.018055402802487283,1.2033499197094955e-11,-1.0724673738563006,-1.0724675948817899,-2.2102548924429755e-07
1.83375,0.8577777777777779,0.04,-0.7,2.0,0.3,0.04,0.01,4871,-0.5638962651859092,-0.5638962630312652,2.1546440187591998e-09,1.3374572088720171,1.3374572506455142,4.177349710587919e-08,0.1925627500885818,0.1925627504795683,3.9098649318169976e-10,-0.017124402228035907,-0.01712440221244372,1.559218726354672e-11,-1.142809156820107,-1.1428093871950933,-2.3037498619871144e-07
1.867,0.8577777777777779,0.04,-0.7,2.0,0.3,0.04,0.01,4874,-0.5621252612514338,-0.5621252591513433,2.1000905459089836e-09,1.3277657862076353,1.3277658195620068,3.335437148699327e-08,0.19131253598328457,0.19131253637767615,3.9439157495380073e-10,-0.016893495933534286,-0.016893495920193034,1.3341251714482638e-11,-1.1618472139460212,-1.1618474468930555,-2.3294703432874542e-07
1.9224166666666667,0.8577777777777779,0.04,-0.7,2.0,0.3,0.04,0.01,4879,-0.5592469874381167,-0.5592469854171594,2.0209572904050788e-09,1.3128151371555319,1.3128151398336534,2.6781215023419236e-09,0.18926050339734823,0.1892605037997762,4.0242795207312554e-10,-0.01653178896346419,-0.01653178894958554,1.3878648230658541e-11,-1.1934359718243637,-1.1934362090799044,-2.3725554076925448e-07
0.2599166666666667,0.86,0.04,-0.7,2.0,0.3,0.04,0.01,4910,-0.8406396236269875,-0.8406396552757923,-3.1648804799111474e-08,2.1448923775979623,2.144892588619717,2.1102175473686202e-07,0.12247729916120553,0.1224773005823167,1.4211111731832204e-09,-0.008964301960595611,-0.008964301202142934,7.584526773990463e-10,-0.2041698374269374,-0.20416995541562244,-1.1798868504442339e-07
0.3929166666666667,0.86,0.04,-0.7,2.0,0.3,0.04,0.01,4922,-0.7850746786054741,-0.7850746913758752,-1.277040106995031e-08,2.316513672551146,2.316513853797939,1.8124679312947478e-07,0.169764672800915,0.1697646743377846,1.5368696038020602e-09,-0.02365685606436907,-0.02365685737902249,-1.314653420847467e-09,-0.28522295073593606,-0.28522307392175494,-1.2318581887882374e-07
0.67,0.86,0.04,-0.7,2.0,0.3,0.04,0.01,4947,-0.7021320559522093,-0.7021320612947978,-5.342588482726285e-09,2.0354282204149143,2.0354281829293033,-3.748561105965109e-08,0.20985135168336,0.2098513526110658,9.277058010681571e-10,-0.025721365873032642,-0.025721365822676107,5.035653491414216e-11,-0.4503576371574225,-0.45035777666269317,-1.395052706687494e-07
0.70325,0.86,0.04,-0.7,2.0,0.3,0.04,0.01,4950,-0.6946781536398827,-0.6946781586517219,-5.011839165902643e-09,2.0151332602580396,2.0151332506940207,-9.56401891016867e-09,0.2120814885310518,0.21208148942015032,8.890985170317833e-10,-0.025423872689889215,-0.02542387263226953,5.7619686799625924e-11,-0.47024455084018757,-0.47024469255573703,-1.4171554946207365e-07
0.7475833333333334,0.86,0.04,-0.7,2.0,0.3,0.04,0.01,4954,-0.6851884019393184,-0.685188406361013,-4.421694566048018e-09,1.991021503222612,1.9910215083201919,5.097579913737604e-09,0.21453361518292136,0.21453361602158216,8.386608074673063e-10,-0.025086856449280104,-0.025086856393254954,5.6025149797189755e-11,-0.49672679064027836,-0.49672693541169405,-1.447714156888047e-07
0.83625,0.86,0.04,-0.7,2.0,0.3,0.04,0.01,4962,-0.6674863813561915,-0.6674863841858856,-2.8296940346450583e-09,1.9456921934724036,1.945692300425819,1.0695341545741144e-07,0.21787698113368004,0.21787698188176075,7.480807084903063e-10,-0.02459510902191875,-0.02459510899500369,2.6915056988707775e-11,-0.5496053879047724,-0.54960553915555,-1.5125077756916738e-07
0.936,0.86,0.04,-0.7,2.0,0.3,0.04,0.01,4971,-0.6493637171459121,-0.649363717863705,-7.177928251778098e-10,1.8885090269371574,1.8885091911155751,1.6417841774973851e-07,0.21954336794804963,0.21954336859838275,6.503331206886287e-10,-0.024186847008556,-0.02418684701825967,-9.703668424343448e-12,-0.6090532825149542,-0.6090534415274016,-1.5901244743155019e-07
0.9803333333333334,0.86,0.04,-0.7,2.0,0.3,0.04,0.01,4975,-0.641906257761865,-0.6419062575699003,1.9196477740734963e-10,1.859283824123814,1.8592838958834284,7.175961425076594e-08,0.21968775731726065,0.21968775792634732,6.090866699892672e-10,-0.02400491113024872,-0.024004911143861527,-1.3612808796859e-11,-0.6354866678849602,-0.635486830456469,-1.6257150881049398e-07
1.1355,0.86,0.04,-0.7,2.0,0.3,0.04,0.01,4989,-0.6188104179069565,-0.6188104153069691,2.599987336537879e-09,1.741134231236785,1.7411342611636271,2.9926842115557406e-08,0.21795676279065535,0.21795676328365196,4.929966157529719e-10,-0.023183492089406954,-0.023183492115876253,-2.6469298974873823e-11,-0.7280920917476785,-0.728092266944737,-1.7519705852730993e-07
1.5123333333333333,0.86,0.04,-0.7,2.0,0.3,0.04,0.01,5023,-0.5807922404779675,-0.5807922373797744,3.0981931464779677e-09,1.4676333981444856,1.4676333959900352,-2.154450395863705e-09,0.20579868169862126,0.2057986820737361,3.75114855843961e-10,-0.019966220524969547,-0.01996622052255791,2.411636862431621e-12,-0.9519708390139103,-0.9519710439549749,-2.0494106456325767e-07
1.5345,0.86,0.04,-0.7,2.0,0.3,0.04,0.01,5025,-0.57917183371059,-0.5791718306883068,3.022283201481457e-09,1.455518111592724,1.4555180370530336,-7.453969042003905e-08,0.20493696786014204,0.204936968234677,3.7453495860262365e-10,-0.01975903038436977,-0.0197590303797508,4.618968402203549e-12,-0.9650046535039647,-0.9650048601398044,-2.066358396612955e-07
1.7229166666666667,0.86,0.04,-0.7,2.0,0.3,0.04,0.01,5042,-0.5670655880558872,-0.5670655856350327,2.420854516849147e-09,1.3712899510354148,1.3712899346407894,-1.6394625435012244e-08,0.19753333668243167,0.19753333706361584,3.8118416756383056e-10,-0.01809531950197618,-0.018095319488265545,1.3710636792563236e-11,-1.0748397647697416,-1.074839985777118,-2.2100737639974e-07
1.7561666666666667,0.86,0.04,-0.7,2.0,0.3,0.04,0.01,5045,-0.565166886061369,-0.5651668837248314,2.336537630043267e-09,1.3594408571071526,1.3594408427559366,-1.4351215993357869e-08,0.19623753802100463,0.19623753840609032,3.8508568556139267e-10,-0.017828142863662855,-0.017828142849405416,1.4257438979425885e-11,-1.0940300732224795,-1.0940302967735773,-2.2355109785543448e-07
1.76725,0.86,0.04,-0.7,2.0,0.3,0.04,0.01,5046,-0.5645458319081254,-0.5645458295991403,2.3089850031965398e-09,1.355659268176268,1.3556592927739128,2.4597644809887242e-08,0.1958075831143269,0.1958075835025753,3.8824840564721796e-10,-0.017741223305861586,-0.01774122329204454,1.3817048200026605e-11,-1.1004133149633555,-1.100413539362792,-2.2439943658802974e-07
1.9889166666666667,0.86,0.04,-0.7,2.0,0.3,0.04,0.01,5066,-0.5530106563363113,-0.5530106543734435,1.9628677572214315e-09,1.2939478960527495,1.2939478726091582,-2.344359129047291e-08,0.18751101083833155,0.18751101125168076,4.133492159663632e-10,-0.0162465741337936,-0.016246574116859258,1.6934342816909975e-11,-1.2266216803406838,-1.2266219219798322,-2.416391484683089e-07
0.11583333333333334,0.8622222222222222,0.04,-0.7,2.0,0.3,0.04,0.01,5078,-0.8885421236132229,-0.8885421631533333,-3.9540110408076146e-08,1.4692009830952202,1.469200740212516,-2.4288270417116564e-07,0.03844885917841934,0.038448859528316656,3.498973194515642e-10,0.0017092269274932015,0.0017092247863926605,-2.141100541004984e-09,-0.09034385270140222,-0.09034394259283159,-8.989142936954853e-08
0.18233333333333335,0.8622222222222222,0.04,-0.7,2.0,0.3,0.04,0.01,5084,-0.8650176487171035,-0.8650176875609885,-3.884388499741931e-08,1.8307001747874807,1.8307001650639219,-9.723558846985725e-09,0.0829513670209947,0.08295136796986015,9.488654445499733e-10,-0.002474028820143026,-0.002474027332351766,1.4877912599825516e-09,-0.14631417448923711,-0.1463142848563514,-1.1036711428102919e-07
0.47050000000000003,0.8622222222222222,0.04,-0.7,2.0,0.3,0.04,0.01,5110,-0.7517522865838067,-0.7517522939698219,-7.386015243859845e-09,2.2455966752765733,2.2455966755875103,3.1093705388229864e-10,0.1882137166360487,0.18821371796817488,1.3321261871368506e-09,-0.02732805476898803,-0.02732805549654176,-7.275537290685197e-10,-0.32895833243395955,-0.32895845956961,-1.2713565045174846e-07
0.8916666666666667,0.8622222222222222,0.04,-0.7,2.0,0.3,0.04,0.01,5148,-0.6529317634648701,-0.6529317648068143,-1.3419441113882158e-09,1.917284048191803,1.9172841944829735,1.4629117051079277e-07,0.220257688186426,0.2202576888863588,6.99932806158543e-10,-0.024762056794747078,-0.02476205678670803,8.039048593477816e-12,-0.5799328475086796,-0.5799330025549979,-1.5504631833973548e-07
0.9914166666666667,0.8622222222222222,0.04,-0.7,2.0,0.3,0.04,0.01,5157,-0.6359865255006758,-0.6359865248005612,7.00114632934401e-10,1.8508605537093104,1.8508606790461897,1.2533687931970405e-07,0.2207890860454753,0.2207890866528902,6.074148961587866e-10,-0.024314901835298386,-0.024314901850786958,-1.5488572230326625e-11,-0.6392518529403646,-0.6392520158557532,-1.6291538862400756e-07
1.335,0.8622222222222222,0.04,-0.7,2.0,0.3,0.04,0.01,5188,-0.5923728818260643,-0.5923728782464428,3.579621488114526e-09,1.5781459028474387,1.5781458932967192,-9.550719548556685e-09,0.21320411945552342,0.2132041198587308,4.0320738414756363e-10,-0.021830338869238686,-0.021830338884234683,-1.499599749932301e-11,-0.8436354863158857,-0.8436356767157264,-1.9039984067159565e-07
1.7894166666666667,0.8622222222222222,0.04,-0.7,2.0,0.3,0.04,0.01,5229,-0.5603270842136077,-0.5603270819468299,2.2667777654916677e-09,1.3453166025634289,1.3453166881745198,8.56110908831198e-08,0.19564606213967606,0.19564606252974473,3.9006867180724214e-10,-0.017691744387399178,-0.017691744370294755,1.7104422045388645e-11,-1.108993092014121,-1.1089933172641546,-2.252500335142571e-07
0.02716666666666667,0.8644444444444445,0.04,-0.7,2.0,0.3,0.04,0.01,5251,-0.9515809183444079,-0.9515809508885872,-3.254417924036801e-08,0.3393503311688306,0.3393495613402219,-7.69828608748746e-07,-0.01778216951422995,-0.017782169474601907,3.962804390189589e-11,-0.05273553806264819,-0.05273570896701542,-1.7090436722766444e-07,0.008809975916151958,0.008809900240755121,-7.567539683610292e-08
0.06041666666666667,0.8644444444444445,0.04,-0.7,2.0,0.3,0.04,0.01,5254,-0.9164572874054144,-0.916457328250493,-4.084507854162922e-08,1.0069195144346565,1.0069191141702842,-4.0026437231333034e-07,-0.0021112508674647756,-0.0021112512932872965,-4.2582252090736517e-10,-0.007092891849413974,-0.007092812531022399,7.931839157444137e-08,-0.035661704572836905,-0.03566179703053712,-9.245770021815147e-08
0.08258333333333334,0.8644444444444445,0.04,-0.7,2.0,0.3,0.04,0.01,5256,-0.9014082956648739,-0.901408336589986,-4.0925112076983794e-08,1.2631997392542615,1.2631994011906724,-3.380635891225836e-07,0.013784004311151454,0.013784004190009644,-1.2114181012490288e-10,0.0026962722958490115,0.0026963059505417967,3.365469278520522e-08,-0.059936428953716314,-0.0599365146477358,-8.569401948460564e-08
0.63675,0.8644444444444445,0.04,-0.7,2.0,0.3,0.04,0.01,5306,-0.7007457358285119,-0.7007457409958201,-5.1673082479553045e-09,2.073001753588599,2.0730018856220154,1.3203341620027231e-07,0.21020133662078,0.21020133761166745,9.908874554209746e-10,-0.027108475093573503,-0.027108475064408877,2.916462557567279e-11,-0.4257782017347278,-0.42577833855103425,-1.3681630645079323e-07
0.9581666666666667,0.8644444444444445,0.04,-0.7,2.0,0.3,0.04,0.01,5335,-0.6372583012409505,-0.6372583008862472,3.547032667583494e-10,1.874070609808598,1.8740706212236664,1.1415068446041232e-08,0.22193566715816848,0.2219356677983628,6.401943142275712e-10,-0.024838484383726822,-0.024838484395118467,-1.1391644572089632e-11,-0.6166722133595093,-0.6166723731029211,-1.5974341183166985e-07
1.23525,0.8644444444444445,0.04,-0.7,2.0,0.3,0.04,0.01,5360,-0.5990873308291123,-0.5990873272557633,3.573348950069999e-09,1.6508414496518853,1.6508414676891219,1.8037236593215766e-08,0.2173280119108223,0.2173280123560372,4.452148927303057e-10,-0.022963208682891256,-0.022963208702488885,-1.9597629075107648e-11,-0.781163303671395,-0.781163485460925,-1.8178952998493259e-07
1.2685,0.8644444444444445,0.04,-0.7,2.0,0.3,0.04,0.01,5363,-0.5954949665601394,-0.595494962914783,3.645356461134952e-09,1.6241610778511273,1.6241611056125644,2.7761437149109724e-08,0.21629838182254946,0.21629838225049905,4.2794959242975494e-10,-0.02266633327030476,-0.02266633328830993,-1.8005166801948747e-11,-0.8008760310486418,-0.8008762154608557,-1.8441221394382978e-07
1.4015,0.8644444444444445,0.04,-0.7,2.0,0.3,0.04,0.01,5375,-0.5829267210613609,-0.5829267175532996,3.5080612859061944e-09,1.5266677033665133,1.5266676901687177,-1.3197795523112177e-08,0.21163974832275056,0.2116397487131953,3.904447321012583e-10,-0.02139025107983361,-0.021390251081981813,-2.148201755369783e-12,-0.8794913171725205,-0.8794915119430914,-1.9477057089378746e-07
1.4125833333333333,0.8644444444444445,0.04,-0.7,2.0,0.3,0.04,0.01,5376,-0.5819958392483393,-0.5819958357739525,3.4743867782793814e-09,1.5193378832822901,1.5193379080591731,2.477688298974101e-08,0.2112230031915685,0.2112230035789744,3.8740588514940555e-10,-0.021280296051418013,-0.021280296052449837,-1.0318239318518607e-12,-0.8860201203188256,-0.8860203159387053,-1.9561987973926165e-07
1.5234166666666666,0.8644444444444445,0.04,-0.7,2.0,0.3,0.04,0.01,5386,-0.573498394347699,-0.5734983912535969,3.0941020856545265e-09,1.4532990838533877,1.4532991128288395,2.8975451815682618e-08,0.2069176248804816,0.20691762525498916,3.74507563849491e-10,-0.020181969411364742,-0.02018196940525473,6.110011802062942e-12,-0.9510585639888047,-0.951058768104251,-2.0411544632281675e-07
1.7450833333333333,0.8644444444444445,0.04,-0.7,2.0,0.3,0.04,0.01,5406,-0.5597485976235883,-0.5597485952436742,2.3799141546376745e-09,1.3569823431591743,1.3569822933584725,-4.980070178461915e-08,0.1980749889328448,0.1980749893132698,3.8042499705959187e-10,-0.018165225463134815,-0.01816522544798569,1.5149125009994435e-11,-1.0794558617072125,-1.0794560827117439,-2.210045313422171e-07
1.83375,0.8644444444444445,0.04,-0.7,2.0,0.3,0.04,0.01,5414,-0.5550088031339162,-0.55500880094667,2.1872461619665273e-09,1.3287608569001463,1.3287609370344435,8.01342971978869e-08,0.19461445597127036,0.1946144563651466,3.9387623718134535e-10,-0.01747662607229361,-0.017476626053765373,1.8528237971660033e-11,-1.1300928847443603,-1.1300931125644234,-2.278200630367877e-07
0.03825,0.8666666666666667,0.04,-0.7,2.0,0.3,0.04,0.01,5433,-0.9368707065844639,-0.9368707476396255,-4.105516160368694e-08,0.6715249328825834,0.6715242608161777,-6.720664057491277e-07,-0.014298721962568983,-0.014298722299299202,-3.3673021836155836e-10,-0.039634072876854054,-0.03963408991818607,-1.704133201912983e-08,-0.00454001013325267,-0.004540102972890865,-9.283963819505664e-08
0.138,0.8666666666666667,0.04,-0.7,2.0,0.3,0.04,0.01,5442,-0.8728133261713678,-0.8728133669338005,-4.0762432762520007e-08,1.7054292006379868,1.7054290137006383,-1.869373484897352e-07,0.05630466933928546,0.05630467000072034,6.614348790900948e-10,-0.001962508885816616,-0.0019625116216633867,-2.7358467704838296e-09,-0.10810721647255828,-0.10810731581942526,-9.934686698298556e-08
0.18233333333333335,0.8666666666666667,0.04,-0.7,2.0,0.3,0.04,0.01,5446,-0.8566506986742994,-0.8566507375973149,-3.892301547736565e-08,1.9344627177897422,1.9344627246812525,6.8915102513500415e-09,0.08566847322311055,0.0856684742929979,1.0698873453840463e-09,-0.004040619704243076,-0.004040618005719693,1.698523382706596e-09,-0.1445033217925551,-0.14450343282672887,-1.1103417377200664e-07
0.6589166666666667,0.8666666666666667,0.04,-0.7,2.0,0.3,0.04,0.01,5489,-0.6910016132050112,-0.691001617958778,-4.753766824627803e-09,2.0631985120367347,2.0631985767890035,6.475226888014163e-08,0.21335544539452522,0.21335544636586837,9.713431448066245e-10,-0.027362770354116828,-0.027362770298734268,5.538255964943062e-11,-0.43661023824567713,-0.4366103761760757,-1.3793039854714806e-07
0.6810833333333334,0.8666666666666667,0.04,-0.7,2.0,0.3,0.04,0.01,5491,-0.6860228295486881,-0.6860228340764291,-4.527740959936466e-09,2.0479408863183224,2.0479409087079796,2.2389657239330063e-08,0.21488544561160117,0.21488544655207387,9.404726997175317e-10,-0.02710889984880449,-0.027108899783577785,6.522670598085867e-11,-0.4497816533897969,-0.44978179272715435,-1.3933735742988063e-07
0.936,0.8666666666666667,0.04,-0.7,2.0,0.3,0.04,0.01,5514,-0.6367682614176473,-0.636768261202159,2.154882938754099e-10,1.889506626162607,1.8895066254574837,-7.051232930876949e-10,0.22300306389652635,0.22300306456289773,6.663713747467881e-10,-0.02532154379966678,-0.02532154380756986,-7.903080967430753e-12,-0.6007490610987487,-0.6007492186018362,-1.5750308746120822e-07
1.23525,0.8666666666666667,0.04,-0.7,2.0,0.3,0.04,0.01,5541,-0.5954241440397912,-0.5954241403533386,3.6864525876367793e-09,1.646002134592095,1.6460022480551855,1.1346309047866043e-07,0.21823092776804276,0.21823092820826304,4.4022027689827326e-10,-0.023207851811285485,-0.023207851830082095,-1.87966101017345e-11,-0.7779298054293171,-0.7779299864884149,-1.8105909782573093e-07
1.2463333333333333,0.8666666666666667,0.04,-0.7,2.0,0.3,0.04,0.01,5542,-0.5942249561118051,-0.5942249524051219,3.706683293636104e-09,1.636996130316426,1.636996087498359,-4.2818067091943135e-08,0.21788838461628268,0.21788838505412014,4.378374607316715e-10,-0.023105854588256758,-0.023105854606800466,-1.8543708235618794e-11,-0.784484566879462,-0.7844847488062544,-1.8192679240858212e-07
1.2685,0.8666666666666667,0.04,-0.7,2.0,0.3,0.04,0.01,5544,-0.5918911642370517,-0.5918911605035619,3.733489739587981e-09,1.61924096631072,1.6192409823382223,1.602750243634432e-08,0.2171809589159024,0.2171809593435151,4.2761272300850806e-10,-0.0228980066711848,-0.022898006686641513,-1.5456712298966835e-11,-0.7975883197128275,-0.7975885033728803,-1.8366005283265707e-07
1.468,0.8666666666666667,0.04,-0.7,2.0,0.3,0.04,0.01,5562,-0.5742786211046513,-0.5742786177897586,3.3148926936732437e-09,1.4802634062949238,1.4802634161141057,9.81918191200748e-09,0.20987973251035408,0.20987973289431291,3.8395883694697375e-10,-0.020897702117106398,-0.02089770211384368,3.262716485874506e-12,-0.9149771359240333,-0.9149773349860088,-1.990619754588252e-07
1.96675,0.8666666666666667,0.04,-0.7,2.0,0.3,0.04,0.01,5607,-0.545474091013104,-0.5454740889887673,2.0243366982697353e-09,1.2911407193394453,1.2911407292009955,9.861550243073225e-09,0.19025306272096865,0.19025306313306503,4.1209638479422495e-10,-0.016700799323199345,-0.016700799304923623,1.8275721214155993e-11,-1.2007857255610932,-1.2007859629471618,-2.3738606858003664e-07
0.17125,0.8688888888888889,0.04,-0.7,2.0,0.3,0.04,0.01,5626,-0.8564242264987032,-0.8564242661441087,-3.964540551404383e-08,1.931206564109722,1.931206540999534,-2.31101879855089e-08,0.08002041196664145,0.08002041300013532,1.0334938738143506e-09,-0.0043227960234981655,-0.004322794986058246,1.0374399195614559e-09,-0.13478318459519967,-0.13478329382131304,-1.0922611337615962e-07
0.18233333333333335,0.8688888888888889,0.04,-0.7,2.0,0.3,0.04,0.01,5627,-0.8522942612186613,-0.8522943000542545,-3.8835593296759896e-08,1.9863118400076374,1.986311956414978,1.1640734065565539e-07,0.0870469238366256,0.08704692496711852,1.1304929214972503e-09,-0.004861343984308153,-0.004861342185838527,1.7984696258285804e-09,-0.14355136870813912,-0.1435514800598379,-1.1135169877829476e-07
0.23775000000000002,0.8688888888888889,0.04,-0.7,2.0,0.3,0.04,0.01,5632,-0.8303279685786813,-0.8303280006336674,-3.2054986109919525e-08,2.2323681403424445,2.2323683883499563,2.4800751186049297e-07,0.11852984460741789,0.11852984615303015,1.545612263176288e-09,-0.009815051485451143,-0.009815050016642827,1.4688083162933685e-09,-0.1838369711355814,-0.18383708786490405,-1.1672932265227587e-07
0.30425,0.8688888888888889,0.04,-0.7,2.0,0.3,0.04,0.01,5638,-0.8013460672161299,-0.8013460880805531,-2.086442318915971e-08,2.392965745001696,2.3929659821963134,2.3719461728077817e-07,0.1486664929849224,0.14866649474703614,1.762113732706183e-09,-0.018715951558556654,-0.01871595246874439,-9.101877376793688e-10,-0.22567385431493392,-0.22567397311671442,-1.1880178049650247e-07
0.6810833333333334,0.8688888888888889,0.04,-0.7,2.0,0.3,0.04,0.01,5672,-0.6814652704936752,-0.6814652747664758,-4.272800557814094e-09,2.0538060530039814,2.053806095502322,4.249834040237488e-08,0.21627354561015721,0.2162735465590058,9.488485830377869e-10,-0.027599316949067365,-0.027599316877789035,7.127833046016718e-11,-0.4473637698766686,-0.4473639089180769,-1.3904140833131962e-07
0.7143333333333334,0.8688888888888889,0.04,-0.7,2.0,0.3,0.04,0.01,5675,-0.6742965197029105,-0.6742965235301012,-3.827190675487202e-09,2.0321222427011065,2.032122257266191,1.4565084249795746e-08,0.2182379475762497,0.21823794848573658,9.094868747006046e-10,-0.027236439773259402,-0.027236439699253195,7.400620741226938e-11,-0.46705574076433276,-0.46705588194970105,-1.411853682853348e-07
0.9249166666666667,0.8688888888888889,0.04,-0.7,2.0,0.3,0.04,0.01,5694,-0.63442513520931,-0.6344251349146725,2.9463753659086933e-10,1.8971577891990776,1.897157846181593,5.698251537289423e-08,0.22408127986150994,0.22408128054481088,6.833009436046922e-10,-0.0257557822191945,-0.025755782226211076,-7.01657482116147e-12,-0.5914286644746747,-0.5914288206323074,-1.5615763271359384e-07
1.1909166666666666,0.8688888888888889,0.04,-0.7,2.0,0.3,0.04,0.01,5718,-0.5967096155200247,-0.5967096118587226,3.661302039326131e-09,1.6779298644964413,1.6779299309866784,6.64902370939302e-08,0.220437665693074,0.22043766616254978,4.694757915757464e-10,-0.02385994993192586,-0.02385994995357889,-2.1653030063406575e-11,-0.7485305771082196,-0.7485307539766941,-1.7686847453290966e-07
1.2906666666666666,0.8688888888888889,0.04,-0.7,2.0,0.3,0.04,0.01,5727,-0.5860870077187275,-0.5860870039079094,3.810818105520752e-09,1.5968319666548325,1.5968319155908208,-5.106401168575303e-08,0.2173049262296778,0.21730492665221318,4.2253539556114106e-10,-0.02290509759056425,-0.022905097603735977,-1.317172759751628e-11,-0.8073573674176326,-0.8073575520517875,-1.8463415485392431e-07
1.5455833333333333,0.8688888888888889,0.04,-0.7,2.0,0.3,0.04,0.01,5750,-0.5655654443403879,-0.5655654413097558,3.0306320786266383e-09,1.4335849674029788,1.433584931346466,-3.6056512886517567e-08,0.2075352167094091,0.20753521709013534,3.807262283217483e-10,-0.020265816780551393,-0.020265816772738653,7.812740038248833e-12,-0.9564972675016326,-0.9564974716515071,-2.0414987456085498e-07
1.56775,0.8688888888888889,0.04,-0.7,2.0,0.3,0.04,0.01,5752,-0.5641157515884343,-0.5641157486417067,2.946727639674407e-09,1.422647288862322,1.4226472231088365,-6.575348554527238e-08,0.2066354188677566,0.20663541924474865,3.769920486895728e-10,-0.020043657812246485,-0.02004365780315128,9.095203756803727e-12,-0.9693467882640472,-0.9693469940938905,-2.058298432805472e-07
1.6675,0.8688888888888889,0.04,-0.7,2.0,0.3,0.04,0.01,5761,-0.5580447511352449,-0.5580447485280714,2.60717347710937e-09,1.3790284303372147,1.3790284571142726,2.677705790432583e-08,0.20257947970697687,0.20257948008804894,3.8107206279391903e-10,-0.01908876277018079,-0.01908876275428873,1.5892058502497974e-11,-1.0268789299569536,-1.0268791433736775,-2.1341672384878052e-07
1.734,0.8688888888888889,0.04,-0.7,2.0,0.3,0.04,0.01,5767,-0.5543300673013785,-0.5543300648819317,2.419446754053922e-09,1.3544219912287048,1.3544220953136825,1.0408497774783143e-07,0.19989690792088233,0.19989690830559922,3.847168972281878e-10,-0.01850115902299332,-0.018501159004770833,1.8222486020125217e-11,-1.0649539130438979,-1.0649541315328181,-2.184889202894169e-07
0.10475000000000001,0.8711111111111112,0.04,-0.7,2.0,0.3,0.04,0.01,5801,-0.8798617331877423,-0.8798617767039747,-4.35162323952909e-08,1.6164292265807845,1.616429085767505,-1.4081327948112232e-07,0.03287256433878727,0.03287256462916348,2.90376209188814e-10,-0.0012231426128883616,-0.0012231381461762858,4.466712075733292e-09,-0.07857777089823048,-0.07857786176262803,-9.08643975477963e-08
0.11583333333333334,0.8711111111111112,0.04,-0.7,2.0,0.3,0.04,0.01,5802,-0.8745169623097793,-0.8745170051852105,-4.287543120540249e-08,1.6894294296854184,1.6894293048921771,-1.2479324129621716e-07,0.04161308510733375,0.04161308557138938,4.6405563419726903e-10,-0.0021419585652382445,-0.002141959509168253,-9.43930008375643e-10,-0.08810637711159641,-0.08810647091119828,-9.3799601863509e-08
0.47050000000000003,0.8711111111111112,0.04,-0.7,2.0,0.3,0.04,0.01,5834,-0.7316282430475107,-0.731628248974402,-5.926891311069937e-09,2.28101794119695,2.281018010352646,6.915569583654246e-08,0.1949173788513836,0.19491738022350358,1.3721199731975275e-09,-0.030224213804636024,-0.030224214492415018,-6.877789934800482e-10,-0.32049289350633003,-0.3204930197977779,-1.2629144785503144e-07
0.57025,0.8711111111111112,0.04,-0.7,2.0,0.3,0.04,0.01,5843,-0.7030813619196552,-0.7030813668262349,-4.906579698094049e-09,2.1535260352756325,2.153526123702844,8.842721133106579e-08,0.20842457410574777,0.20842457523216887,1.1264210952877107e-09,-0.029615677231698,-0.02961567732561358,-9.391558017379786e-11,-0.3793287619838215,-0.3793288940252357,-1.3204141419143056e-07
0.5924166666666667,0.8711111111111112,0.04,-0.7,2.0,0.3,0.04,0.01,5845,-0.6974765959119611,-0.6974766006996371,-4.787676033402022e-09,2.1311863329653846,2.131186398529511,6.556412657232613e-08,0.2106662682968552,0.21066626938106317,1.084207973400808e-09,-0.029304903102489455,-0.02930490313049719,-2.8007735020096902e-11,-0.39245603243170946,-0.39245616577778436,-1.3334607490422812e-07
0.7254166666666667,0.8711111111111112,0.04,-0.7,2.0,0.3,0.04,0.01,5857,-0.6674618620414186,-0.6674618654125847,-3.371166124033209e-09,2.0298916270089506,2.029891675341346,4.833239541923717e-08,0.22014361088701362,0.22014361179173042,9.047168014753026e-10,-0.027588807936795856,-0.027588807862241237,7.455461942251773e-11,-0.47112795484069436,-0.47112809642631764,-1.4158562328114854e-07
0.7586666666666667,0.8711111111111112,0.04,-0.7,2.0,0.3,0.04,0.01,5860,-0.6606884554399839,-0.6606884582397297,-2.7997457685557947e-09,2.0088717800348377,2.00887191134873,1.313138922043322e-07,0.22164642386413025,0.22164642472945806,8.653278094072903e-10,-0.02727279395903226,-0.02727279389465095,6.438130931152308e-11,-0.49074482818503573,-0.49074497197194755,-1.4378691182148629e-07
0.8140833333333334,0.8711111111111112,0.04,-0.7,2.0,0.3,0.04,0.01,5865,-0.6499176854375677,-0.649917687143837,-1.706269348034084e-09,1.9737797590790862,1.9737798715289938,1.1244990760772566e-07,0.22351691172164956,0.22351691252579658,8.041470267450279e-10,-0.026834435787048694,-0.026834435747717027,3.9331666396025255e-11,-0.523403000919076,-0.5234031485138635,-1.4759478750292487e-07
0.936,0.8711111111111112,0.04,-0.7,2.0,0.3,0.04,0.01,5876,-0.6283729254531745,-0.6283729246381523,8.150221608715924e-10,1.8881265079206955,1.888126603391219,9.547052348679586e-08,0.22524053655381682,0.22524053722717163,6.733548163495584e-10,-0.02606060760301787,-0.02606060761244097,-9.423097718785911e-12,-0.5951871124305896,-0.5951872689203543,-1.5648976470217235e-07
0.9803333333333334,0.8711111111111112,0.04,-0.7,2.0,0.3,0.04,0.01,5880,-0.6212727801743756,-0.6212727785488238,1.6255518042740391e-09,1.8531429224477591,1.8531429460486388,2.3600879694996024e-08,0.22518118083403316,0.225181181464411,6.303778332661381e-10,-0.02578205776648801,-0.025782057784429643,-1.7941634289364572e-11,-0.6212951529384336,-0.6212953127926554,-1.5985422174846775e-07
1.16875,0.8711111111111112,0.04,-0.7,2.0,0.3,0.04,0.01,5897,-0.5955502501568677,-0.5955502464681162,3.6887515264538706e-09,1.691916004520344,1.6919160592179652,5.469762109910903e-08,0.22196326094542362,0.2219632614260497,4.806260667233886e-10,-0.02432018677958614,-0.024320186800759452,-2.11733131028069e-11,-0.7323091940369952,-0.7323093684804598,-1.7444346456230164e-07
1.23525,0.8711111111111112,0.04,-0.7,2.0,0.3,0.04,0.01,5903,-0.5881308114333295,-0.5881308075544268,3.8789026435281926e-09,1.6359106347341168,1.6359106019845409,-3.2749575940016484e-08,0.2200023101928128,0.22000231063742098,4.4460818360292365e-10,-0.023685034537673788,-0.02368503455542631,-1.7752521674907484e-11,-0.7714564345005781,-0.77145661410537,-1.79604791927801e-07
0.03825,0.8733333333333334,0.04,-0.7,2.0,0.3,0.04,0.01,5976,-0.9318081275268286,-0.9318081773085034,-4.9781674782423124e-08,0.8530684630914109,0.8530677480832599,-7.150081510198802e-07,-0.014916236246304004,-0.014916236654709652,-4.0840564784205835e-10,-0.04820823779311256,-0.04820826586076329,-2.8067650724439286e-08,-0.0015123262975258456,-0.0015124215043756436,-9.52068497980102e-08
0.04933333333333333,0.8733333333333334,0.04,-0.7,2.0,0.3,0.04,0.01,5977,-0.9179046364084231,-0.9179046860157098,-4.960728672287473e-08,1.075935004979378,1.0759344312376276,-5.737417505535802e-07,-0.008784052989985192,-0.008784053502032697,-5.120475050912621e-10,-0.029247301336771114,-0.029247233113495058,6.822327605626732e-08,-0.017714236464350108,-0.0177143371929174,-1.0072856729270718e-07
0.8695,0.8733333333333334,0.04,-0.7,2.0,0.3,0.04,0.01,6051,-0.6354563737200059,-0.6354563739402933,-2.2028745494395707e-10,1.9372265874784134,1.9372266616483815,7.416996816722587e-08,0.22583561284247877,0.22583561359208154,7.496027687459161e-10,-0.02686100251322876,-0.026861002500471617,1.2757142564545632e-11,-0.5533412386754533,-0.5533413897884086,-1.5111295537106884e-07
1.3460833333333333,0.8733333333333334,0.04,-0.7,2.0,0.3,0.04,0.01,6094,-0.5740099643314345,-0.574009960526241,3.8051934936333964e-09,1.5453773705154106,1.5453773115411866,-5.897422394873786e-08,0.216963712509205,0.21696371291274516,4.03540173499195e-10,-0.022729087767597855,-0.022729087774169814,-6.57195825537471e-12,-0.8331180002879579,-0.8331181876620128,-1.873740549385161e-07
1.3793333333333333,0.8733333333333334,0.04,-0.7,2.0,0.3,0.04,0.01,6097,-0.5712196886363541,-0.5712196849383561,3.6979980189144612e-09,1.5223157873167636,1.5223157775668101,-9.749953511217768e-09,0.21569458020981314,0.21569458060690236,3.9708922261461055e-10,-0.02236228367813453,-0.02236228368119262,-3.058088504648282e-12,-0.8525280538759783,-0.8525282437865433,-1.8991056505157644e-07
1.6231666666666666,0.8733333333333334,0.04,-0.7,2.0,0.3,0.04,0.01,6119,-0.5544650909533599,-0.5544650882013924,2.751967542735656e-09,1.390002879464447,1.3900028816074783,2.1430313079662255e-09,0.20579631481790206,0.20579631519903338,3.811313209478584e-10,-0.019767396106928903,-0.0197673960908233,1.610560296239072e-11,-0.9936013952932532,-0.993601603702324,-2.0840907077879223e-07
1.8448333333333333,0.8733333333333334,0.04,-0.7,2.0,0.3,0.04,0.01,6139,-0.5427051368459002,-0.5427051346462854,2.1996147125946663e-09,1.313887693088489,1.31388781752694,1.2443845087695138e-07,0.19682127001846572,0.19682127041901443,4.0054870531491815e-10,-0.01784266177390359,-0.017842661755963572,1.794001752708496e-11,-1.11939502868183,-1.1193952540801866,-2.2539835664581176e-07
1.9778333333333333,0.8733333333333334,0.04,-0.7,2.0,0.3,0.04,0.01,6151,-0.5363781124138878,-0.5363781103637858,2.0501019770691187e-09,1.28042695612951,1.2804270244698974,6.834038734915282e-08,0.19172808236711525,0.19172808278479414,4.17678891473372e-10,-0.016949628312695753,-0.01694962829305182,1.964393231412842e-11,-1.1936223176710337,-1.1936225535095653,-2.358385315925915e-07
2.0,0.8733333333333334,0.04,-0.7,2.0,0.3,0.04,0.01,6153,-0.535351902915121,-0.5353519008791952,2.0359258723345874e-09,1.2754321515595635,1.2754322930120108,1.414524473108969e-07,0.1909066934317749,0.19090669385289905,4.211241355633888e-10,-0.016819728096972852,-0.0168197280805426,1.6430252991472827e-11,-1.205902022489852,-1.205902260095119,-2.3760526701721574e-07
0.43725,0.8755555555555556,0.04,-0.7,2.0,0.3,0.04,0.01,6193,-0.7322991153754788,-0.7322991214401238,-6.064645008407865e-09,2.347265298796586,2.3472653836922834,8.489569758296511e-08,0.19210444113224034,0.19210444263749774,1.5052573909546396e-09,-0.03124631231407604,-0.031246313284928186,-9.708521452045371e-10,-0.2968867044834955,-0.29688682854482057,-1.2406132504638734e-07
0.48158333333333336,0.8755555555555556,0.04,-0.7,2.0,0.3,0.04,0.01,6197,-0.7180342699437958,-0.7180342750313689,-5.087573029527448e-09,2.2793623405403807,2.279362399839055,5.929867441523129e-08,0.1999685766676529,0.19996857802854623,1.3608933424613667e-09,-0.03164940122299398,-0.031649401797625897,-5.746319184374293e-10,-0.32267742306524294,-0.32267754958723766,-1.265219947144125e-07
0.50375,0.8755555555555556,0.04,-0.7,2.0,0.3,0.04,0.01,6199,-0.711451481814479,-0.7114514866548993,-4.840420286811309e-09,2.2476205702171015,2.2476206500212776,7.980417615627289e-08,0.20329387060785686,0.2032938719055574,1.2977005303671518e-09,-0.031567923906988815,-0.03156792431616484,-4.091760263946753e-10,-0.3356523718761606,-0.335652499653971,-1.2777781038808556e-07
1.1465833333333333,0.8755555555555556,0.04,-0.7,2.0,0.3,0.04,0.01,6257,-0.5906249786380435,-0.5906249747836104,3.854433106020849e-09,1.7011482777995468,1.7011482550235033,-2.2776043495653653e-08,0.2243792902664743,0.22437929076369018,4.972158795801818e-10,-0.025053074846903556,-0.025053074868991377,-2.2087821155425402e-11,-0.7130491412302153,-0.7130493126115384,-1.713813230219685e-07
1.3571666666666666,0.8755555555555556,0.04,-0.7,2.0,0.3,0.04,0.01,6276,-0.5696519194954563,-0.5696519156951294,3.8003269420272545e-09,1.5325063634774594,1.5325063780193349,1.4541875481555167e-08,0.21733755758757134,0.21733755798947782,4.019064803184591e-10,-0.022793449292457524,-0.022793449294190395,-1.7328707913044639e-12,-0.8361530523365301,-0.8361532397924634,-1.874559332204484e-07
1.9224166666666667,0.8755555555555556,0.04,-0.7,2.0,0.3,0.04,0.01,6327,-0.5361026362518673,-0.5361026341448533,2.1070140077128485e-09,1.2907690194463584,1.2907690804734206,6.102706229249577e-08,0.19444290695336264,0.194442907366314,4.129513675454888e-10,-0.01740226526339428,-0.017402265245238635,1.815564365514888e-11,-1.158445513503581,-1.1584457441669664,-2.3066338550314924e-07
0.06041666666666667,0.8777777777777778,0.04,-0.7,2.0,0.3,0.04,0.01,6340,-0.9006485914904439,-0.9006486435764427,-5.208599884731768e-08,1.3794213965523383,1.3794209927575662,-4.037947720636481e-07,-0.0009069927986438131,-0.0009069932571044442,-4.584606311123021e-10,-0.01908538717745878,-0.019085298125387545,8.90520712344689e-08,-0.03134098145049502,-0.031341082455266595,-1.010047715743756e-07
0.07150000000000001,0.8777777777777778,0.04,-0.7,2.0,0.3,0.04,0.01,6341,-0.8906587261078847,-0.8906587762706428,-5.0162758169491894e-08,1.5119067220403792,1.5119064037556211,-3.1828475810513623e-07,0.0076318522726492866,0.007631851989737813,-2.8291147376180437e-10,-0.010005056564066361,-0.010004989348246935,6.721581942599475e-08,-0.04477003410191527,-0.044770130504516746,-9.640260147797397e-08
0.17125,0.8777777777777778,0.04,-0.7,2.0,0.3,0.04,0.01,6350,-0.8383200925886347,-0.8383201316516581,-3.906302337153278e-08,2.1417056045303084,2.1417056804828305,7.595252204950498e-08,0.08533760657986056,0.08533760785850866,1.278648104063862e-09,-0.007813661894173762,-0.007813660300149315,1.5940244471601694e-09,-0.1310115723744676,-0.13101168318700968,-1.1081254208678004e-07
0.24883333333333335,0.8777777777777778,0.04,-0.7,2.0,0.3,0.04,0.01,6357,-0.8047498168611833,-0.8047498433976406,-2.6536457253811818e-08,2.422927836143174,2.4229280270664524,1.909232785202164e-07,0.13099941301247808,0.1309994148573857,1.844907615566882e-09,-0.015141886552799688,-0.015141885750592091,8.022075972252685e-10,-0.18523693288474696,-0.18523704976472855,-1.1687998158205204e-07
0.34858333333333336,0.8777777777777778,0.04,-0.7,2.0,0.3,0.04,0.01,6366,-0.7604291387863782,-0.7604291499780295,-1.1191651272390857e-08,2.477886296148313,2.4778864920686585,1.959203457246872e-07,0.17150856899628142,0.17150857083191234,1.8356309250400216e-09,-0.027480090586812222,-0.027480092131882575,-1.5450703529096277e-09,-0.24405071759894814,-0.24405083718828927,-1.195893411243265e-07
0.5924166666666667,0.8777777777777778,0.04,-0.7,2.0,0.3,0.04,0.01,6388,-0.6832078733425007,-0.6832078774358031,-4.09330247475026e-09,2.1489672902275103,2.148967318112283,2.7884772713093753e-08,0.2150059621415512,0.2150059632558473,1.1142960998355989e-09,-0.03093688914337922,-0.03093688914747266,-4.0934408640502795e-12,-0.3855080418914414,-0.3855081745154676,-1.3262402620561886e-07
0.7475833333333334,0.8777777777777778,0.04,-0.7,2.0,0.3,0.04,0.01,6402,-0.6494444651450326,-0.6494444672249258,-2.079893146600398e-09,2.025997036803062,2.025997040803592,4.000529685299625e-09,0.22498975527626697,0.22498975617882813,9.025611646951148e-10,-0.0287083772874952,-0.028708377211189743,7.630545847958636e-11,-0.47661843913637814,-0.4766185811430838,-1.420067056723262e-07
1.10225,0.8777777777777778,0.04,-0.7,2.0,0.3,0.04,0.01,6434,-0.5921934718278177,-0.5921934680819709,3.745846743896664e-09,1.7356311388105894,1.7356311931485187,5.433792926723413e-08,0.22639219795062004,0.22639219848127184,5.306518002790028e-10,-0.025748578811324307,-0.0257485788365611,-2.523679182298011e-11,-0.6840250503574452,-0.6840252177151301,-1.6735768493258973e-07
1.3793333333333333,0.8777777777777778,0.04,-0.7,2.0,0.3,0.04,0.01,6459,-0.5644758296904917,-0.5644758259586348,3.7318569345856645e-09,1.5124047403336505,1.5124047542157635,1.3882113014673791e-08,0.2172503946812343,0.2172503950806499,3.994155839404101e-10,-0.022718703287516462,-0.02271870328461181,2.9046522131981334e-12,-0.8455773337971706,-0.8455775221706041,-1.883734335184073e-07
1.5788333333333333,0.8777777777777778,0.04,-0.7,2.0,0.3,0.04,0.01,6477,-0.5508761806752305,-0.5508761777682923,2.906938134650261e-09,1.4018424365769278,1.4018423610288084,-7.554811931598238e-08,0.20903759534077193,0.20903759572350022,3.8272829350205484e-10,-0.020480761678265402,-0.020480761662355698,1.590970410969561e-11,-0.9605278538572792,-0.9605280573116257,-2.034543464812799e-07
1.63425,0.8777777777777778,0.04,-0.7,2.0,0.3,0.04,0.01,6482,-0.5476795413598967,-0.5476795386505912,2.7093055576798974e-09,1.3781338598084503,1.3781338844634927,2.4655042452081943e-08,0.20671679752087835,0.20671679790349853,3.8262018553503196e-10,-0.019911875781680743,-0.01991187576486366,1.6817082448827847e-11,-0.9921506300976379,-0.9921508377537768,-2.0765613883977352e-07
1.7894166666666667,0.8777777777777778,0.04,-0.7,2.0,0.3,0.04,0.01,6496,-0.539565775625056,-0.5395657733160435,2.3090125367275505e-09,1.323931589358729,1.3239315065126283,-8.28461006463499e-08,0.2003194827766841,0.20031948317363754,3.969534423386989e-10,-0.018495527388529,-0.018495527368618144,1.9910854215376972e-11,-1.079881131010041,-1.079881350524216,-2.1951417505938764e-07
1.8005,0.8777777777777778,0.04,-0.7,2.0,0.3,0.04,0.01,6497,-0.5390214649189651,-0.5390214626324338,2.2865312976350083e-09,1.3206238824725602,1.3206238026744892,-7.979807103986047e-08,0.1998719949418415,0.19987199533682856,3.9498707082863405e-10,-0.018405037078006448,-0.01840503705863235,1.9374096077440228e-11,-1.0861001711598428,-1.086100391531821,-2.2037197822122323e-07
0.07150000000000001,0.88,0.04,-0.7,2.0,0.3,0.04,0.01,6522,-0.8872239462362486,-0.8872239977315726,-5.1495324004946497e-08,1.5796900509901235,1.57968980103185,-2.49958273412787e-07,0.00808093563404999,0.008080935360237317,-2.7381267392323494e-10,-0.011859354670934463,-0.011859285978945245,6.869198921830022e-08,-0.04409333761765111,-0.04409343549428512,-9.787663401289448e-08
0.09366666666666668,0.88,0.04,-0.7,2.0,0.3,0.04,0.01,6524,-0.8710660237914308,-0.8710660716536588,-4.7862227958717085e-08,1.7788561221254717,1.7788559075733514,-2.1455212029231063e-07,0.026606290816563738,0.026606290996361696,1.7979795777223195e-10,-0.0059958101882029435,-0.005995791586710199,1.8601492744567405e-08,-0.06634639136832154,-0.06634648542627836,-9.405795681205475e-08
0.14908333333333335,0.88,0.04,-0.7,2.0,0.3,0.04,0.01,6529,-0.8429609271081578,-0.8429609685069597,-4.139880183107181e-08,2.093761929111704,2.0937619224626434,-6.6490604133662146e-09,0.07098657563341104,0.07098657672229501,1.088883969102561e-09,-0.007911180919667471,-0.007911181098741237,-1.7907376623216287e-10,-0.11268538913374038,-0.11268549582960491,-1.0669586453238011e-07
0.63675,0.88,0.04,-0.7,2.0,0.3,0.04,0.01,6573,-0.6681631180237291,-0.6681631214938405,-3.4701114204338523e-09,2.1135484890022482,2.113548500585792,1.158354390184968e-08,0.2200608053948283,0.22006080644966786,1.0548395490417306e-09,-0.030696027917831437,-0.03069602784728473,7.054670736472701e-11,-0.4091898043978581,-0.40918993933782954,-1.3493997141900138e-07
0.7586666666666667,0.88,0.04,-0.7,2.0,0.3,0.04,0.01,6584,-0.6427752759249894,-0.6427752774756061,-1.5506167461154519e-09,2.020486078446737,2.020486165857037,8.741029988712512e-08,0.22665014247247317,0.22665014336698866,8.945154894579588e-10,-0.02902526344744638,-0.02902526337784405,6.960233084329914e-11,-0.4805534358887087,-0.4805535782522436,-1.423635349051544e-07
0.7919166666666667,0.88,0.04,-0.7,2.0,0.3,0.04,0.01,6587,-0.6364391411330106,-0.6364391420150479,-8.820373320617136e-10,1.9960614633385276,1.9960615390432561,7.570472848605903e-08,0.22772463235121165,0.22772463320431388,8.531022277491473e-10,-0.028689496946177062,-0.02868949689823655,4.794051267076327e-11,-0.4999700205786384,-0.4999701650970189,-1.4451838054041488e-07
0.9138333333333334,0.88,0.04,-0.7,2.0,0.3,0.04,0.01,6598,-0.6151577291922672,-0.6151577276231905,1.5690766463904993e-09,1.8996317602271162,1.8996319558104242,1.9558330799362977e-07,0.22952968576017696,0.22952968647222272,7.120457556908377e-10,-0.027667825127086765,-0.027667825128620493,-1.5337280057092784e-12,-0.5710861293797831,-0.5710862822569079,-1.5287712484823857e-07
1.2130833333333333,0.88,0.04,-0.7,2.0,0.3,0.04,0.01,6625,-0.5759034089498904,-0.5759034047603018,4.1895886759846235e-09,1.6328061930304116,1.6328062431009887,5.007057701789108e-08,0.22414757578859135,0.224147576246453,4.5786166524841576e-10,-0.024842761117416234,-0.024842761132834994,-1.5418760018759414e-11,-0.7455878833123597,-0.745588058382901,-1.7507054128618194e-07
1.7118333333333333,0.88,0.04,-0.7,2.0,0.3,0.04,0.01,6670,-0.5404991431920414,-0.5404991407072534,2.484788041989816e-09,1.3457231051727803,1.3457231136862031,8.513422855571662e-09,0.20414913680308344,0.20414913719087582,3.877923815398532e-10,-0.019284411500591903,-0.0192844114827672,1.782470351874288e-11,-1.032144394670087,-1.0321446074472909,-2.1277720385626253e-07
0.537,0.8822222222222222,0.04,-0.7,2.0,0.3,0.04,0.01,6745,-0.6874122807123961,-0.6874122846138783,-3.901482137358414e-09,2.221206668595599,2.2212067560546447,8.745904578333352e-08,0.2121107754635143,0.2121107767057167,1.2422023965008577e-09,-0.03300192750702036,-0.03300192768477254,-1.7775218102977774e-10,-0.3484258416155961,-0.34842597067485026,-1.290592541725033e-07
0.7365,0.8822222222222222,0.04,-0.7,2.0,0.3,0.04,0.01,6763,-0.6426013627815197,-0.6426013644428884,-1.6613687092714713e-09,2.039055888025665,2.0390559234186103,3.5392945463286196e-08,0.2270111908743433,0.22701119180260207,9.282587754011473e-10,-0.029713655890911683,-0.02971365581233641,7.857527475896298e-11,-0.46506870920753896,-0.465068849831713,-1.4062417402760374e-07
1.9889166666666667,0.8822222222222222,0.04,-0.7,2.0,0.3,0.04,0.01,6876,-0.5245537924333799,-0.5245537903420068,2.091373074719627e-09,1.2668965709838886,1.2668966313513914,6.03675027743833e-08,0.19373318686621843,0.19373318729075867,4.2454023629900917e-10,-0.017286661843640694,-0.01728666182207329,2.156740411263236e-11,-1.181933214041142,-1.181933447641461,-2.336003188663227e-07
0.17125,0.8844444444444445,0.04,-0.7,2.0,0.3,0.04,0.01,6893,-0.8235262183665243,-0.82352625612139,-3.775486567825226e-08,2.2955821701864387,2.29558233872675,1.6854031148483273e-07,0.08943517346197971,0.08943517493103642,1.4690567096131701e-09,-0.010667724741758589,-0.010667722752530903,1.989227685350592e-09,-0.12790479968452506,-0.12790491162436582,-1.1193984075785757e-07
0.47050000000000003,0.8844444444444445,0.04,-0.7,2.0,0.3,0.04,0.01,6920,-0.7009337078506261,-0.7009337118777728,-4.027146616181199e-09,2.320628156304849,2.3206282039867787,4.76819295158748e-08,0.20443599461225648,0.20443599604645973,1.4342032561565077e-09,-0.03435045449723395,-0.034350455112833064,-6.155991133516281e-10,-0.30755703220031183,-0.30755715739821465,-1.251979028227268e-07
1.1465833333333333,0.8844444444444445,0.04,-0.7,2.0,0.3,0.04,0.01,6981,-0.5755988022962399,-0.575598797996083,4.3001568972300674e-09,1.679343958338464,1.6793440979072864,1.395688224992142e-07,0.22790611145212525,0.2279061119531866,5.010613590705759e-10,-0.026068273931839636,-0.026068273949683217,-1.784358077960846e-11,-0.7006246187914178,-0.7006247875324902,-1.6874107244824188e-07
1.2574166666666666,0.8844444444444445,0.04,-0.7,2.0,0.3,0.04,0.01,6991,-0.5644764389239887,-0.5644764347029814,4.221007321447701e-09,1.5852767765167641,1.5852767611266123,-1.539015181961645e-08,0.22424520604455433,0.22424520648263424,4.3807990568467403e-10,-0.02474748318784248,-0.024747483197357093,-9.514614790484544e-12,-0.7648273895817514,-0.764827566580156,-1.7699840459961536e-07
1.3460833333333333,0.8844444444444445,0.04,-0.7,2.0,0.3,0.04,0.01,6999,-0.5569816135267414,-0.5569816096266822,3.900059164507752e-09,1.5196195135569468,1.519619569823577,5.626663024393963e-08,0.22085092792056837,0.22085092832483894,4.042705614715203e-10,-0.023643440557330475,-0.023643440555449285,1.881189648500481e-12,-0.8160130043539937,-0.8160131879854561,-1.8363146236932693e-07
0.8140833333333334,0.8866666666666667,0.04,-0.7,2.0,0.3,0.04,0.01,7132,-0.619144917325537,-0.6191449167973105,5.282264625705579e-10,1.979241656679953,1.979241757223609,1.00543655845442e-07,0.2317114312329338,0.2317114320748145,8.418807040388998e-10,-0.02968466752115151,-0.02968466747894472,4.220679014621531e-11,-0.504988157982722,-0.5049883027662322,-1.447835101808792e-07
1.10225,0.8866666666666667,0.04,-0.7,2.0,0.3,0.04,0.01,7158,-0.5768589781239564,-0.5768589738401677,4.283788657133414e-09,1.7141511515772478,1.714151227184463,7.560721515531554e-08,0.22998789521666563,0.2299878957484454,5.317797591164464e-10,-0.0268227983438174,-0.026822798365421844,-2.1604443928291417e-11,-0.6718611155763499,-0.6718612804162604,-1.6483991049920377e-07
1.23525,0.8866666666666667,0.04,-0.7,2.0,0.3,0.04,0.01,7170,-0.5629777318433282,-0.5629777275278703,4.315457879933149e-09,1.5973814604386405,1.5973815078610114,4.7422370919036894e-08,0.2258374107322325,0.2258374111816628,4.4943029853250493e-10,-0.025227496315283204,-0.025227496329110147,-1.3826943062733577e-11,-0.7487577470298434,-0.7487579216804361,-1.7465059265475702e-07
1.4901666666666666,0.8866666666666667,0.04,-0.7,2.0,0.3,0.04,0.01,7193,-0.5436803820442482,-0.5436803788014664,3.242781820844698e-09,1.428363674560451,1.4283635865528483,-8.800760276095332e-08,0.2155705292435084,0.21557052962617496,3.826665651018857e-10,-0.022018567232690023,-0.0220185672180373,1.4652723479002816e-11,-0.8950072136049148,-0.8950074072931719,-1.9368825709964455e-07
1.50125,0.8866666666666667,0.04,-0.7,2.0,0.3,0.04,0.01,7194,-0.542998714149201,-0.542998710957298,3.191902964161386e-09,1.422697376574078,1.4226974123314569,3.575737883565466e-08,0.21509560992283294,0.2150956103060953,3.8326236628805077e-10,-0.021886080351640746,-0.021886080338383764,1.3256982317466637e-11,-0.9013138314858948,-0.9013140260079088,-1.9452201394098978e-07
1.5899166666666666,0.8866666666666667,0.04,-0.7,2.0,0.3,0.04,0.01,7202,-0.5378720155888028,-0.5378720127465078,2.842295065974554e-09,1.3816512711706253,1.3816512488927875,-2.2277837796735867e-08,0.2112818860020016,0.21128188638398404,3.8198244567411166e-10,-0.020869516873106564,-0.02086951685234475,2.076181240817654e-11,-0.9515742300708618,-0.9515744312734525,-2.0120259069944524e-07
1.70075,0.8866666666666667,0.04,-0.7,2.0,0.3,0.04,0.01,7212,-0.5321071776433206,-0.532107175136347,2.5069736286909006e-09,1.3395323322784591,1.3395323038922435,-2.838621560030674e-08,0.2065464075265422,0.20654640791489387,3.883516841440837e-10,-0.019725172072382335,-0.019725172052596312,1.978602351404568e-11,-1.0138852425994882,-1.0138854522178768,-2.0961838864685944e-07
1.9889166666666667,0.8866666666666667,0.04,-0.7,2.0,0.3,0.04,0.01,7238,-0.5189355665652373,-0.5189355644507742,2.1144631601188735e-09,1.2612943522949394,1.2612944450681303,9.277319090728042e-08,0.19490520248313659,0.1949052029094334,4.2629680341299547e-10,-0.01748138677301614,-0.017481386755780738,1.7235400606718798e-11,-1.173042009939007,-1.1730422420168687,-2.3207786159495924e-07
0.02716666666666667,0.888888888888889,0.04,-0.7,2.0,0.3,0.04,0.01,7242,-0.9351275126225772,-0.9351275866264346,-7.400385737543758e-08,1.1089976978406746,1.1089967679715538,-9.2986912081372e-07,-0.022065269251816955,-0.022065269599354523,-3.4753756816829906e-10,-0.09133173089731494,-0.09133201099426325,-2.800969483018889e-07,0.02179254703089939,0.021792471123878058,-7.590702133172811e-08
1.1355,0.888888888888889,0.04,-0.7,2.0,0.3,0.04,0.01,7342,-0.5693497802990166,-0.5693497758417359,4.457280766700933e-09,1.6776840777721347,1.6776841469333328,6.91611981018525e-08,0.22992447188729948,0.22992447239492964,5.076301601292244e-10,-0.026684084099143357,-0.026684084114093735,-1.4950377741351772e-11,-0.6880104429685119,-0.6880106096048137,-1.666363018681949e-07
1.2574166666666666,0.888888888888889,0.04,-0.7,2.0,0.3,0.04,0.01,7353,-0.5574559058965645,-0.5574559016176039,4.278960519243924e-09,1.5739386516333553,1.5739387328126802,8.117932481788159e-08,0.22580833969831904,0.2258083401388667,4.405476539126596e-10,-0.025144368548252194,-0.025144368554441465,-6.189271317680323e-12,-0.7582681754966791,-0.7582683510979245,-1.7560124532245425e-07
1.335,0.888888888888889,0.04,-0.7,2.0,0.3,0.04,0.01,7360,-0.5510940984312929,-0.5510940944747506,3.956542315997069e-09,1.5167694489282013,1.5167694673711416,1.8442940286078624e-08,0.22278279374163268,0.22278279415062593,4.089932559292464e-10,-0.024130042854952904,-0.024130042851977417,2.9754879116161703e-12,-0.8028202892709779,-0.8028204706280758,-1.8135709789479648e-07
1.43475,0.888888888888889,0.04,-0.7,2.0,0.3,0.04,0.01,7369,-0.5440130117689845,-0.5440130082818126,3.4871718845863597e-09,1.4540025294884629,1.4540026022564736,7.276801072819694e-08,0.21863125449231302,0.21863125488056384,3.882508203822965e-10,-0.02284325407719834,-0.02284325406672246,1.0475877110227572e-11,-0.8598349982760767,-0.8598351870712783,-1.8879520158332497e-07
1.5123333333333333,0.888888888888889,0.04,-0.7,2.0,0.3,0.04,0.01,7376,-0.5391823255521122,-0.5391823224133512,3.1387610288646783e-09,1.4129672765150758,1.4129672310454429,-4.5469632947714445e-08,0.21529814197313035,0.21529814235792175,3.8479139319314015e-10,-0.02188721739612709,-0.021887217382035896,1.4091193489829124e-11,-0.9039238897497193,-0.9039240843581627,-1.9460844347118922e-07
1.56775,0.888888888888889,0.04,-0.7,2.0,0.3,0.04,0.01,7381,-0.5360165182326238,-0.5360165153187674,2.91385637840591e-09,1.3873417109566688,1.3873416991908303,-1.1765838525690242e-08,0.21289849407191141,0.21289849445214554,3.802341219660832e-10,-0.02123983843888011,-0.02123983841984515,1.9034961107333714e-11,-0.9352601049660014,-0.9352603037436527,-1.9877765122799929e-07
1.9556666666666667,0.888888888888889,0.04,-0.7,2.0,0.3,0.04,0.01,7416,-0.5175650150979205,-0.5175650129546414,2.143279109745322e-09,1.2659271408921313,1.2659272084972102,6.760507886838241e-08,0.19676465096526985,0.19676465138516483,4.1989497989725066e-10,-0.01778389657494661,-0.017783896555115048,1.9831563474737024e-11,-1.150498547810297,-1.1504987764929049,-2.2868260796116147e-07
0.09366666666666668,0.8911111111111112,0.04,-0.7,2.0,0.3,0.04,0.01,7429,-0.8494889118222659,-0.8494889622582327,-5.043596673637296e-08,2.1078947726183017,2.107894720085764,-5.253253787529388e-08,0.03041426699060268,0.030414267312366603,3.217639245323145e-10,-0.013480017083677964,-0.013479994968532617,2.211514534694592e-08,-0.06301438841428697,-0.0630144889176438,-1.0050335683131628e-07
0.18233333333333335,0.8911111111111112,0.04,-0.7,2.0,0.3,0.04,0.01,7437,-0.8025645634379686,-0.8025645970491396,-3.361117106859268e-08,2.4776469154108582,2.4776470930035557,1.775926974367792e-07,0.10133027286439444,0.10133027465212106,1.7877266195176489e-09,-0.014283143606810822,-0.014283140971125246,2.6356855760412135e-09,-0.13251616233313224,-0.1325162765144078,-1.1418127557338842e-07
0.5148333333333334,0.8911111111111112,0.04,-0.7,2.0,0.3,0.04,0.01,7467,-0.673251095398425,-0.6732510983933974,-2.994972381209493e-09,2.2686997919185714,2.2686998366020488,4.4683477362639223e-08,0.21516594035653203,0.21516594168709652,1.3305644919192616e-09,-0.03570983185055554,-0.03570983210079362,-2.50238080257148e-10,-0.3265278790626214,-0.3265280061755894,-1.2711296804024386e-07
0.5813333333333334,0.8911111111111112,0.04,-0.7,2.0,0.3,0.04,0.01,7473,-0.6569118131473373,-0.6569118158072162,-2.6598789837350978e-09,2.187522499252914,2.187522589102171,8.984925692345769e-08,0.22225707990486399,0.22225708109291187,1.1880478822945406e-09,-0.03431240287843362,-0.03431240286265202,1.578160518933558e-11,-0.3650297483281939,-0.36502987898729106,-1.3065909715281876e-07
0.6035,0.8911111111111112,0.04,-0.7,2.0,0.3,0.04,0.01,7475,-0.651856246171173,-0.6518562486349194,-2.4637464290933053e-09,2.164343806954072,2.1643438215351365,1.458106435592299e-08,0.2241476919355445,0.22414769308709243,1.1515479125812078e-09,-0.033827060018781774,-0.033827059959246036,5.953573745109964e-11,-0.3778849659910599,-0.37788509784254565,-1.3185148572958383e-07
0.9692500000000001,0.8911111111111112,0.04,-0.7,2.0,0.3,0.04,0.01,7508,-0.5860360138625065,-0.5860360102332461,3.629260336701634e-09,1.830990650764086,1.830990643096354,-7.667732004890127e-09,0.23431366406867493,0.23431366473026555,6.615906156248741e-10,-0.028838422068688807,-0.028838422082073035,-1.3384227753876488e-11,-0.5891398725363373,-0.5891400267514288,-1.5421509158564106e-07
1.3571666666666666,0.8911111111111112,0.04,-0.7,2.0,0.3,0.04,0.01,7543,-0.5460911658419776,-0.5460911619908305,3.851147067912564e-09,1.4966533401494786,1.4966533103532544,-2.979622415466565e-08,0.22260141054122884,0.22260141094374977,4.025209332514379e-10,-0.024003619565754475,-0.024003619560296976,5.457499036021218e-12,-0.8120809514146343,-0.8120811337046414,-1.8229000708913645e-07
1.3793333333333333,0.8911111111111112,0.04,-0.7,2.0,0.3,0.04,0.01,7545,-0.5445102961684767,-0.5445102924262584,3.742218313007584e-09,1.4824144967118258,1.4824144035355664,-9.317625937477203e-08,0.22167737459555248,0.22167737499433574,3.9878325641673484e-10,-0.023710066189702728,-0.023710066185454914,4.2478139061774556e-12,-0.8247281672074669,-0.8247283511438385,-1.8393637157831932e-07
1.4569166666666666,0.8911111111111112,0.04,-0.7,2.0,0.3,0.04,0.01,7552,-0.5393809108864001,-0.539380907516173,3.370227097398981e-09,1.4371201617624507,1.4371201964915579,3.472910714563682e-08,0.2183708256620065,0.21837082605012398,3.8811748259703904e-10,-0.02270507726567783,-0.022705077250449134,1.522869677583749e-11,-0.8688570122042383,-0.8688572019247688,-1.897205305079197e-07
1.468,0.8911111111111112,0.04,-0.7,2.0,0.3,0.04,0.01,7553,-0.5386941215035357,-0.5386941181866529,3.3168827684448843e-09,1.4311992702076282,1.4311991783662747,-9.184135341122612e-08,0.21789199011523763,0.21789199050174127,3.865036346528683e-10,-0.022565224570558762,-0.02256522455401835,1.6540411401644306e-11,-0.8751424610164982,-0.8751426515672819,-1.9055078370744383e-07
1.5788333333333333,0.8911111111111112,0.04,-0.7,2.0,0.3,0.04,0.01,7563,-0.5323394497165623,-0.5323394468511026,2.8654597583610553e-09,1.378722661038445,1.3787226457295423,-1.5308902812094516e-08,0.21307000554207645,0.21307000592488462,3.828081740486766e-10,-0.021234741150594205,-0.021234741129911094,2.0683111473518423e-11,-0.9377125912791995,-0.9377127901499512,-1.988707517552868e-07
1.6453333333333333,0.8911111111111112,0.04,-0.7,2.0,0.3,0.04,0.01,7569,-0.5288889182769596,-0.5288889156286137,2.648345875932989e-09,1.352375866847666,1.352375869360879,2.5132129710669915e-09,0.210182965664496,0.21018296604963974,3.8514372247000495e-10,-0.02050553781329789,-0.02050553779078092,2.2516970926700353e-11,-0.9749894295327244,-0.9749896334349111,-2.0390218669064097e-07
1.6675,0.8911111111111112,0.04,-0.7,2.0,0.3,0.04,0.01,7571,-0.5277857671891206,-0.5277857646015645,2.587556169331151e-09,1.344320657570286,1.3443206282544116,-2.9315874394697516e-08,0.20922673009099446,0.2092267304761514,3.85156934123998e-10,-0.020275162688626613,-0.02027516266561665,2.30099619913382e-11,-0.9873685755201755,-0.9873687811079473,-2.0558777180657017e-07
1.7118333333333333,0.8911111111111112,0.04,-0.7,2.0,0.3,0.04,0.01,7575,-0.525638622404373,-0.5256386199270774,2.4772955908858307e-09,1.329177720665875,1.32917762886199,-9.180388493845726e-08,0.2073273598512948,0.2073273602438843,3.925894886958048e-10,-0.01983408911013229,-0.01983408908517841,2.4953882710176956e-11,-1.0120557088985627,-1.0120559178658248,-2.0896726216079742e-07
1.7561666666666667,0.8911111111111112,0.04,-0.7,2.0,0.3,0.04,0.01,7579,-0.5235591981671284,-0.5235591957828413,2.384287101087068e-09,1.3151962047208698,1.315196229019566,2.429869616626945e-08,0.2054490689350208,0.20544906932905574,3.940349435627155e-10,-0.01941959760665135,-0.01941959758184744,2.480391239623181e-11,-1.0366469152707503,-1.0366471276392863,-2.1236853608996853e-07
1.9113333333333333,0.8911111111111112,0.04,-0.7,2.0,0.3,0.04,0.01,7593,-0.5166560053229685,-0.5166560031415847,2.181383851329599e-09,1.2734337528907957,1.2734337396090176,-1.3281778121765342e-08,0.1990879468619089,0.1990879472798282,4.179193102693546e-10,-0.018176915268230953,-0.018176915247801396,2.042955735137575e-11,-1.1219549015197006,-1.1219551259557259,-2.244360253200739e-07
0.10475000000000001,0.8933333333333333,0.04,-0.7,2.0,0.3,0.04,0.01,7611,-0.8371633933886707,-0.8371634413537585,-4.7965087790480254e-08,2.236443734371374,2.236443769795307,3.5423933120171114e-08,0.04119084711387555,0.041190847730146,6.162704513368311e-10,-0.014074620206111499,-0.014074610664568263,9.541543236069039e-09,-0.0719848090799391,-0.0719849113750628,-1.0229512370507621e-07
0.22666666666666668,0.8933333333333333,0.04,-0.7,2.0,0.3,0.04,0.01,7622,-0.7759074583119779,-0.7759074817570739,-2.3445095975738184e-08,2.614702403203051,2.6147026477915105,2.4458845970798393e-07,0.13071924351869268,0.1307192456838598,2.1651671289202312e-09,-0.019530411344281795,-0.019530409883626428,1.4606553674911815e-09,-0.16048457849339448,-0.16048469479499222,-1.1630159774123072e-07
0.30425,0.8933333333333333,0.04,-0.7,2.0,0.3,0.04,0.01,7629,-0.7397563978871896,-0.7397564082276773,-1.0340487688331734e-08,2.620294840827153,2.620295051500105,2.1067295197241265e-07,0.16793375802723332,0.16793376019617479,2.1689414708703225e-09,-0.02959143780956186,-0.02959143913777748,-1.3282156208216378e-09,-0.2056777322024389,-0.20567784955615326,-1.1735371435728226e-07
0.3375,0.8933333333333333,0.04,-0.7,2.0,0.3,0.04,0.01,7632,-0.7256499735390498,-0.725649980532381,-6.993331136406766e-09,2.5761614230734864,2.5761616030232677,1.7994978129820538e-07,0.17983965876620933,0.17983966080765243,2.0414430978998865e-09,-0.032928619048550045,-0.03292862065665673,-1.6081066825379686e-09,-0.2241312470679241,-0.22413136537322442,-1.1830530033396514e-07
0.70325,0.8933333333333333,0.04,-0.7,2.0,0.3,0.04,0.01,7665,-0.6262821661413842,-0.6262821668508808,-7.094965726039959e-10,2.0741948797420307,2.074194984000011,1.042579804710897e-07,0.23158868139180888,0.23158868240195943,1.010150546543187e-09,-0.03237246151907569,-0.0323724614195809,9.949478740889361e-11,-0.4331701992893455,-0.4331703363409742,-1.3705162865695897e-07
0.7475833333333334,0.8933333333333333,0.04,-0.7,2.0,0.3,0.04,0.01,7669,-0.6178314813728991,-0.617831481235008,1.3789114294837646e-10,2.035074192496822,2.035074295314666,1.0281784401655614e-07,0.23332870218301105,0.23332870313376364,9.507525877694434e-10,-0.03169666845395658,-0.03169666837753658,7.641999533181121e-11,-0.4587406664072202,-0.4587408060032345,-1.3959601430357793e-07
0.9692500000000001,0.8933333333333333,0.04,-0.7,2.0,0.3,0.04,0.01,7689,-0.5819726175178286,-0.5819726136920026,3.825825989345333e-09,1.826022430484464,1.82602254884756,1.1836309599111416e-07,0.23524997668888936,0.2352499773557114,6.668220420280591e-10,-0.029147162431825135,-0.029147162447681067,-1.585593115138728e-11,-0.5862817990649749,-0.5862819527571704,-1.5369219552585633e-07
1.1244166666666666,0.8933333333333333,0.04,-0.7,2.0,0.3,0.04,0.01,7703,-0.563086978318944,-0.5630869737149076,4.604036485389429e-09,1.6757476156703532,1.6757476740584896,5.838813632585982e-08,0.23190863978270193,0.23190864029854555,5.158436178209769e-10,-0.027299049616402726,-0.027299049633828416,-1.7425689363692598e-11,-0.6754590311031095,-0.6754591956772843,-1.6457417484350145e-07
1.1909166666666666,0.8933333333333333,0.04,-0.7,2.0,0.3,0.04,0.01,7709,-0.5564167397895114,-0.5564167352610612,4.528450281426899e-09,1.6166392169392196,1.6166392177390692,7.998495199501576e-10,0.22975989285259346,0.22975989332283647,4.702430111969136e-10,-0.026426777899740683,-0.026426777911777326,-1.2036642516033424e-11,-0.7136204006819025,-0.7136205700591797,-1.6937727720378604e-07
1.23525,0.8933333333333333,0.04,-0.7,2.0,0.3,0.04,0.01,7713,-0.5523864672285494,-0.5523864628341624,4.394387076445128e-09,1.5799451025255706,1.5799451017577983,-7.677722901888728e-10,0.2281637194265218,0.22816371987488648,4.483646787178941e-10,-0.025828104677216857,-0.02582810468302945,-5.812593462106719e-12,-0.7390230099002526,-0.7390231825099223,-1.726096696685886e-07
1.2685,0.8933333333333333,0.04,-0.7,2.0,0.3,0.04,0.01,7716,-0.5495629603860519,-0.5495629561253925,4.260659380861398e-09,1.5539860565016994,1.5539860727987462,1.6297046823154915e-08,0.22689849619589308,0.22689849662965378,4.337606940296723e-10,-0.02537418175574402,-0.025374181758551766,-2.807747090383117e-12,-0.7580486519362384,-0.7580488269821077,-1.750458693550172e-07
1.3793333333333333,0.8933333333333333,0.04,-0.7,2.0,0.3,0.04,0.01,7726,-0.5412215811112508,-0.5412215773809029,3.730347919450594e-09,1.4774313827903285,1.4774314331982352,5.040790673760398e-08,0.2223802133075048,0.22238021370526384,3.977590479209425e-10,-0.023864241320142865,-0.02386424131030656,9.836305381316635e-12,-0.8212555871679739,-0.8212557703898209,-1.832218470276814e-07
1.6675,0.8933333333333333,0.04,-0.7,2.0,0.3,0.04,0.01,7752,-0.5248022206971736,-0.5248022181113876,2.5857860297406887e-09,1.3408721910579402,1.3408722160915485,2.5033608297420074e-08,0.20984959989145402,0.20984960028080868,3.893546596245301e-10,-0.020383830657139113,-0.020383830634586854,2.2552258671648673e-11,-0.983429554937687,-0.9834297597877006,-2.0485001361869593e-07
1.9445833333333333,0.8933333333333333,0.04,-0.7,2.0,0.3,0.04,0.01,7777,-0.512418970957107,-0.5124189687869981,2.170108870380716e-09,1.2627195511427658,1.2627195495202226,-1.6225432108996074e-09,0.19834615147179546,0.19834615189422908,4.2243361586535855e-10,-0.0180457856899241,-0.0180457856672506,2.2673498495384692e-11,-1.1357167832129478,-1.1357170095395883,-2.2632664054000884e-07
0.21558333333333335,0.8955555555555555,0.04,-0.7,2.0,0.3,0.04,0.01,7802,-0.7754029101137566,-0.7754029347622898,-2.4648533214488566e-08,2.6310567849407995,2.631057080642535,2.9570173554205326e-07,0.12579232904950943,0.12579233122150935,2.17199991325856e-09,-0.019302071122412334,-0.019302069191047544,1.931364790319634e-09,-0.15200740063212037,-0.1520075168034729,-1.1617135253771949e-07
0.22666666666666668,0.8955555555555555,0.04,-0.7,2.0,0.3,0.04,0.01,7803,-0.7700628258716646,-0.7700628481985607,-2.2326896109703398e-08,2.645219099317586,2.645219361447644,2.6213005765995945e-07,0.132328762589215,0.1323287648124985,2.223283501745499e-09,-0.020597971986044405,-0.020597970570479143,1.4155652622305226e-09,-0.1589304340336023,-0.15893055039464024,-1.1636103794399055e-07
0.271,0.8955555555555555,0.04,-0.7,2.0,0.3,0.04,0.01,7807,-0.7489664472493107,-0.7489664613393544,-1.409004368735367e-08,2.6601940594783713,2.6601943022431542,2.427647829428281e-07,0.15537157342447594,0.15537157570260957,2.278133626187895e-09,-0.02644042577139294,-0.026440426296936263,-5.255433241369012e-10,-0.1851212023793597,-0.18512131913797136,-1.1675861166793311e-07
0.31533333333333335,0.8955555555555555,0.04,-0.7,2.0,0.3,0.04,0.01,7811,-0.7291245512874855,-0.7291245595605893,-8.273103757616695e-09,2.619241123991145,2.619241360986315,2.3699517015529636e-07,0.17379301380890388,0.173793015965444,2.156540113151806e-09,-0.03176672606408637,-0.031766727557631984,-1.4935456135733993e-09,-0.20992910650281804,-0.20992922406442424,-1.1756160619991185e-07
0.3264166666666667,0.8955555555555555,0.04,-0.7,2.0,0.3,0.04,0.01,7812,-0.7244552090458767,-0.7244552162666005,-7.2207237966637194e-09,2.602954296548887,2.6029544948293646,1.9828047737036059e-07,0.1777474600266754,0.17774746214034653,2.113671127013106e-09,-0.032856238344411426,-0.032856239923730844,-1.579319418298919e-09,-0.21604846806758116,-0.21604858594452267,-1.178769415133285e-07
0.47050000000000003,0.8955555555555555,0.04,-0.7,2.0,0.3,0.04,0.01,7825,-0.6750176495447929,-0.6750176521651182,-2.6203252900813823e-09,2.342701511948153,2.3427016124034985,1.0045534537539424e-07,0.21183741155526847,0.21183741304079698,1.4855285057624457e-09,-0.037575442080883814,-0.0375754426226235,-5.41739687831555e-10,-0.29663512756905597,-0.2966352520431411,-1.2447408515026126e-07
0.50375,0.8955555555555555,0.04,-0.7,2.0,0.3,0.04,0.01,7828,-0.6660120185236762,-0.6660120210446678,-2.520991637666725e-09,2.2916986142096363,2.2916986205931034,6.3834670882556566e-09,0.21655096676863328,0.21655096815012054,1.3814872579231974e-09,-0.037075644761103144,-0.037075645055078585,-2.939754412123463e-10,-0.31565944639509735,-0.31565957260476096,-1.2620966360898933e-07
0.76975,0.8955555555555555,0.04,-0.7,2.0,0.3,0.04,0.01,7852,-0.609290987478861,-0.6092909865925172,8.863437761519322e-10,2.0144073409333885,2.014407368344136,2.7410747449607697e-08,0.23510467675735836,0.2351046776812605,9.239021492302157e-10,-0.0317949750870683,-0.03179497502236201,6.470628893806563e-11,-0.4689165287397046,-0.46891666928272596,-1.4054302138744035e-07
0.8140833333333334,0.8955555555555555,0.04,-0.7,2.0,0.3,0.04,0.01,7856,-0.6015738955610084,-0.6015738938196792,1.7413291919510243e-09,1.9731573236425604,1.973157392748979,6.910641858759448e-08,0.2360464896870862,0.2360464905486281,8.615419211377429e-10,-0.031225248702804187,-0.031225248662342876,4.046131138468745e-11,-0.4943851197217186,-0.49438526291144436,-1.4318972574312028e-07
1.1798333333333333,0.8955555555555555,0.04,-0.7,2.0,0.3,0.04,0.01,7889,-0.5538676998199932,-0.5538676952288006,4.591192537262145e-09,1.6200700198032436,1.6200700776883414,5.788509782611584e-08,0.23092062626781096,0.23092062674645114,4.78640183043666e-10,-0.026786725022542868,-0.02678672503323602,-1.0693151225593667e-11,-0.7041044869887658,-0.7041046549131073,-1.6792434143209078e-07
1.3460833333333333,0.8955555555555555,0.04,-0.7,2.0,0.3,0.04,0.01,7904,-0.5402415613324496,-0.5402415574445262,3.887923427647877e-09,1.4936060138692753,1.4936060154849655,1.6156902482578062e-09,0.2244791013771008,0.22447910178387429,4.0677347601381086e-10,-0.024472966815569652,-0.02447296680831446,7.2551929741759835e-12,-0.7989138666855689,-0.7989140467463207,-1.8006075186427495e-07
1.43475,0.8955555555555555,0.04,-0.7,2.0,0.3,0.04,0.01,7912,-0.5343659719658778,-0.5343659685217211,3.4441566265641654e-09,1.4401356718263258,1.440135707264525,3.543819904194834e-08,0.22068301723965345,0.22068301762940432,3.897508704664432e-10,-0.02326877360972479,-0.02326877359630857,1.3416219524220452e-11,-0.8491487266634734,-0.8491489132907521,-1.8662727874207974e-07
1.6675,0.8955555555555555,0.04,-0.7,2.0,0.3,0.04,0.01,7933,-0.5218263306175364,-0.5218263280386914,2.5788449153907322e-09,1.337429766934406,1.3374298621362146,9.520180865862926e-08,0.2104648546977228,0.21046485508694363,3.892208222389115e-10,-0.02049075901178199,-0.02049075899156043,2.0221560537159178e-11,-0.9794932888138042,-0.9794934929358684,-2.0412206425124424e-07
0.3264166666666667,0.8977777777777778,0.04,-0.7,2.0,0.3,0.04,0.01,7993,-0.7186605233945598,-0.7186605299073464,-6.512786643320112e-09,2.6121051183158883,2.612105260005758,1.4168986961493601e-07,0.17936359583164974,0.17936359796610052,2.1344507827869563e-09,-0.0337756809901113,-0.033775682574095314,-1.5839840133979877e-09,-0.2140982843930328,-0.21409840221900964,-1.1782597683640539e-07
0.5148333333333334,0.8977777777777778,0.04,-0.7,2.0,0.3,0.04,0.01,8010,-0.6580898466795881,-0.6580898489181581,-2.238569996038109e-09,2.2791693532475676,2.279169314617246,-3.8630321608223994e-08,0.21931298402305677,0.21931298538372815,1.3606713811231685e-09,-0.03742149419408425,-0.037421494411046446,-2.1696219820732665e-10,-0.3197671128752494,-0.31976723950932634,-1.2663407694679663e-07
0.5259166666666667,0.8977777777777778,0.04,-0.7,2.0,0.3,0.04,0.01,8011,-0.6553254887062265,-0.6553254909061355,-2.199908921696192e-09,2.264064880019845,2.2640649017273713,2.170752644303775e-08,0.22062172760954624,0.22062172894346424,1.3339180038318688e-09,-0.037174708592130346,-0.03717470874789413,-1.5576378381565448e-10,-0.32612446458975264,-0.32612459179534703,-1.2720559439127754e-07
0.5480833333333334,0.8977777777777778,0.04,-0.7,2.0,0.3,0.04,0.01,8013,-0.6499655374418017,-0.6499655395370363,-2.0952345414215756e-09,2.2355765946779904,2.2355766576965097,6.301851929180202e-08,0.223027703417783,0.2230277047031216,1.285338613321585e-09,-0.03664994436929081,-0.03664994442969853,-6.040772049242804e-11,-0.3388592677966429,-0.33885939614003224,-1.2834338936063006e-07
0.7143333333333334,0.8977777777777778,0.04,-0.7,2.0,0.3,0.04,0.01,8028,-0.6149512538397572,-0.6149512537122996,1.2745760002985662e-10,2.0649032539399315,2.0649033370240746,8.308414312097057e-08,0.23437636956488705,0.23437637057362018,1.008733124807648e-09,-0.03304263405848329,-0.03304263395747517,1.0100811853597236e-10,-0.43451418769227534,-0.43451432475074725,-1.370584719051493e-07
0.7254166666666667,0.8977777777777778,0.04,-0.7,2.0,0.3,0.04,0.01,8029,-0.612869716679898,-0.6128697163386821,3.4121583336599315e-10,2.0545707468677676,2.0545707541714964,7.3037287329213996e-09,0.23480511175066887,0.23480511274333776,9.926688915307125e-10,-0.032859481984837124,-0.032859481890234174,9.460295047336587e-11,-0.44087885040358654,-0.4408789880799771,-1.3767639056583292e-07
0.7475833333333334,0.8977777777777778,0.04,-0.7,2.0,0.3,0.04,0.01,8031,-0.6087887767475264,-0.6087887759834881,7.64038277090151e-10,2.033863710781958,2.0338638088256564,9.804369849319983e-08,0.2355619989288793,0.2355619998898925,9.610131856963022e-10,-0.03251309621227216,-0.0325130961332512,7.902096338385789e-11,-0.45360189172380383,-0.45360203064265836,-1.3891885453087838e-07
1.3571666666666666,0.8977777777777778,0.04,-0.7,2.0,0.3,0.04,0.01,8086,-0.5361646964077704,-0.5361646925906538,3.817116622784056e-09,1.4813096638199852,1.4813097790254222,1.1520543696796892e-07,0.22470395748361294,0.22470395788503364,4.0142070223403437e-10,-0.02447309182959656,-0.024473091818776542,1.0820018492285755e-11,-0.8017731382632676,-0.8017733184487146,-1.8018544700737493e-07
1.5455833333333333,0.8977777777777778,0.04,-0.7,2.0,0.3,0.04,0.01,8103,-0.524908525283696,-0.5249085223306391,2.9530569101154924e-09,1.381364295172105,1.3813643376196465,4.244754148174934e-08,0.2164489027275951,0.21644890311252019,3.8492509180088064e-10,-0.021981224799100252,-0.02198122477533731,2.3762943002214598e-11,-0.907777149621869,-0.9077773438163587,-1.9419448971103037e-07
1.7783333333333333,0.8977777777777778,0.04,-0.7,2.0,0.3,0.04,0.01,8124,-0.5138484275239719,-0.5138484251709794,2.3529924675358416e-09,1.2991984904564546,1.2991985362567313,4.5800276682328445e-08,0.20629983935802065,0.20629983975288846,3.948678051202137e-10,-0.019520156882280038,-0.019520156862419813,1.9860224576007113e-11,-1.0365749665221247,-1.036575178408563,-2.1188643839487042e-07
1.9335,0.8977777777777778,0.04,-0.7,2.0,0.3,0.04,0.01,8138,-0.5072772161041073,-0.5072772139073344,2.1967728747185333e-09,1.259452164781294,1.2594522874747298,1.226934358555809e-07,0.19991169850741564,0.19991169892638594,4.18970302895616e-10,-0.01830565112700966,-0.01830565110661882,2.0390838323391947e-11,-1.1210123329283284,-1.121012556930399,-2.2400207067008182e-07
0.2599166666666667,0.9,0.04,-0.7,2.0,0.3,0.04,0.01,8168,-0.7422400032681964,-0.7422400171278781,-1.3859681735617357e-08,2.7021788279180115,2.702178965218965,1.3730095371755624e-07,0.15333311489569568,0.1533331172655229,2.3698272233474427e-09,-0.02705206180161901,-0.027052062008609188,-2.0699017846959045e-10,-0.17527368376665797,-0.17527380043206908,-1.1666541110955109e-07
0.44833333333333336,0.9,0.04,-0.7,2.0,0.3,0.04,0.01,8185,-0.6708317833258731,-0.670831785478683,-2.152809930322519e-09,2.38652705514264,2.386527030484138,-2.4658501907026675e-08,0.21107934276863582,0.21107934435268563,1.5840498079899845e-09,-0.03902114502442322,-0.03902114574098529,-7.165620666271799e-10,-0.27970052576029025,-0.2797006488674128,-1.2310712255159117e-07
0.5591666666666667,0.9,0.04,-0.7,2.0,0.3,0.04,0.01,8195,-0.6424219146386467,-0.6424219163983748,-1.7597280299597173e-09,2.224639167325293,2.2246392566035476,8.927825456694904e-08,0.2254239467198299,0.22542394798954568,1.2697157769636647e-09,-0.0368931230160241,-0.03689312303126108,-1.5236978345711805e-11,-0.3429129234114314,-0.3429130521426247,-1.287311932607338e-07
1.0911666666666666,0.9,0.04,-0.7,2.0,0.3,0.04,0.01,8243,-0.5554095891267818,-0.5554095843238305,4.8029513699532345e-09,1.6880895264970164,1.688089455007668,-7.148934844103394e-08,0.2353054122215814,0.23530541276307054,5.414891313115788e-10,-0.028448953508924957,-0.028448953526580282,-1.7655325118548504e-11,-0.6472723508194056,-0.6472725112288393,-1.6040943373596406e-07
1.1798333333333333,0.9,0.04,-0.7,2.0,0.3,0.04,0.01,8251,-0.5466947097704233,-0.5466947051261903,4.644232998174402e-09,1.6077525755164856,1.607752588781537,1.3265051279631734e-08,0.2324445541257436,0.2324445546022899,4.765463024192229e-10,-0.02719808900875087,-0.027198089017688627,-8.93775678467712e-12,-0.6977859481122062,-0.6977861147626012,-1.6665039503926948e-07
1.2685,0.9,0.04,-0.7,2.0,0.3,0.04,0.01,8259,-0.5392599147301114,-0.5392599104701978,4.259913533033455e-09,1.5369289146915932,1.5369288048559857,-1.0983560749799892e-07,0.2290753631079001,0.22907536353879634,4.3089623535941257e-10,-0.02590735394408794,-0.02590735394514685,-1.0589099042057626e-12,-0.7481634311226615,-0.7481636041544005,-1.7303173904803515e-07
1.43475,0.9,0.04,-0.7,2.0,0.3,0.04,0.01,8274,-0.5279857211873407,-0.5279857177797198,3.4076208521582885e-09,1.430992596640479,1.4309925165185913,-8.012188779105145e-08,0.22200385536755296,0.2220038557556055,3.8805253455009847e-10,-0.0235387745523008,-0.023538774537050187,1.5250613272232982e-11,-0.8420319199545223,-0.8420321051821643,-1.8522764200223918e-07
1.6896666666666667,0.9,0.04,-0.7,2.0,0.3,0.04,0.01,8297,-0.5148819788565462,-0.5148819763361379,2.520408326489587e-09,1.3231278711556271,1.3231279483892149,7.723358774747169e-08,0.2107024310796235,0.21070243147140214,3.917786373097698e-10,-0.02046839636921094,-0.02046839634464068,2.457025902180554e-11,-0.9838444664503343,-0.9838446708259124,-2.0437557812780227e-07
1.9556666666666667,0.9,0.04,-0.7,2.0,0.3,0.04,0.01,8321,-0.503579170284818,-0.5035791680819117,2.202906301818075e-09,1.25146000784504,1.2514598850953151,-1.227497248290632e-07,0.1995828370122965,0.19958283743232125,4.2002473721325373e-10,-0.018249260350239327,-0.018249260328401094,2.183823261114881e-11,-1.1286154715622887,-1.1286156966031407,-2.2504085195329537e-07
0.44833333333333336,0.9022222222222223,0.04,-0.7,2.0,0.3,0.04,0.01,8366,-0.6655253382584908,-0.6655253401349381,-1.8764473308507945e-09,2.3892117381740796,2.38921181476628,7.659220058187088e-08,0.21248666629197777,0.21248666788677556,1.5947977938246538e-09,-0.03965982245363042,-0.03965982315361304,-6.999826204778792e-10,-0.2775351404650517,-0.2775352634771126,-1.2301206092635297e-07
0.6256666666666667,0.9022222222222223,0.04,-0.7,2.0,0.3,0.04,0.01,8382,-0.6230898272057556,-0.6230898279559172,-7.501615995053612e-10,2.1525139934364113,2.152514104736825,1.1130041377427347e-07,0.2320156726608874,0.23201567381894866,1.1580612579997762e-09,-0.03571452109239759,-0.035714520988090366,1.0430722258147895e-10,-0.3786936882947678,-0.3786938201600978,-1.318653299886563e-07
1.9113333333333333,0.9022222222222223,0.04,-0.7,2.0,0.3,0.04,0.01,8498,-0.5025881557017831,-0.5025881534655774,2.236205665084867e-09,1.2587229064608962,1.2587230054123346,9.895143837646003e-08,0.20190945583517528,0.20190945625184056,4.1666528560746485e-10,-0.018641536425889615,-0.01864153640496688,2.0922735766149003e-11,-1.1004187626476036,-1.1004189834760625,-2.2082845885229574e-07
1.9335,0.9022222222222223,0.04,-0.7,2.0,0.3,0.04,0.01,8500,-0.5016927222009637,-0.501692719981756,2.219207706488646e-09,1.2535596283225203,1.253559545332522,-8.29899984289284e-08,0.2010142231585743,0.20101422357621054,4.176362311536508e-10,-0.018487029304903313,-0.01848702928186116,2.3042151520158427e-11,-1.1123472721701055,-1.1123474947452006,-2.2257509502132677e-07
1.9556666666666667,0.9022222222222223,0.04,-0.7,2.0,0.3,0.04,0.01,8502,-0.5008014140708839,-0.5008014118572864,2.213597416478308e-09,1.2485178335630565,1.248517847943434,1.4380377555411883e-08,0.2001276231643201,0.2001276235885631,4.242430018397414e-10,-0.018338983448634716,-0.01833898342605054,2.2584177583606646e-11,-1.1242535746774918,-1.1242537990113317,-2.2433383994879819e-07
2.0,0.9022222222222223,0.04,-0.7,2.0,0.3,0.04,0.01,8506,-0.49902888037203774,-0.4990288781695347,2.202503068815531e-09,1.2387592424056848,1.2387592422962792,-1.094055956940565e-10,0.19838082768813825,0.19838082811470037,4.2656211896030527e-10,-0.01806168442974876,-0.0180616844075994,2.2149358736012204e-11,-1.1480003288921736,-1.1480005567557017,-2.2786352804615717e-07
0.271,0.9044444444444445,0.04,-0.7,2.0,0.3,0.04,0.01,8531,-0.7250177507735212,-0.7250177609791456,-1.0205624456638418e-08,2.72480947804965,2.724809767999535,2.899498849906479e-07,0.16185078334618463,0.1618507857765371,2.430352474824815e-09,-0.03055255361109066,-0.030552554295871327,-6.847806661991473e-10,-0.17795497900943702,-0.17795509580208288,-1.1679264586006433e-07
0.2931666666666667,0.9044444444444445,0.04,-0.7,2.0,0.3,0.04,0.01,8533,-0.7150868185797077,-0.7150868260254976,-7.445789873550268e-09,2.693939007980539,2.6939392154581543,2.074776150884361e-07,0.17157708390426463,0.17157708626053736,2.356272732484399e-09,-0.03320702943142295,-0.03320703067593846,-1.2445155114781947e-09,-0.19015393675651804,-0.1901540537860242,-1.1702950616920837e-07
0.6478333333333334,0.9044444444444445,0.04,-0.7,2.0,0.3,0.04,0.01,8565,-0.6138465523399667,-0.6138465524468094,-1.0684275686401179e-10,2.130073580020042,2.1300736437623478,6.374230565597827e-08,0.23456180337173838,0.2345618045019463,1.130207927246829e-09,-0.035647318451237364,-0.035647318335513656,1.1572370839374457e-10,-0.38894757544115366,-0.3889477081840954,-1.3274294174969725e-07
0.7919166666666667,0.9044444444444445,0.04,-0.7,2.0,0.3,0.04,0.01,8578,-0.587696264781612,-0.5876962622960432,2.4855687508207325e-09,1.9837259945809649,1.983726071424018,7.684305303179428e-08,0.23978845184124964,0.23978845275087637,9.096267350461318e-10,-0.03301150610549031,-0.03301150605376889,5.172141881448766e-11,-0.4711324790290794,-0.4711326193973812,-1.403683018152968e-07
0.9692500000000001,0.9044444444444445,0.04,-0.7,2.0,0.3,0.04,0.01,8594,-0.5618360800907496,-0.5618360754432906,4.647458973217056e-09,1.7976404809161295,1.7976405143308047,3.341467524897723e-08,0.23970617109930759,0.2397061717669541,6.676465214017213e-10,-0.030616304942943096,-0.030616304957231152,-1.4288056848776876e-11,-0.5719812999933904,-0.5719814511132058,-1.511198153281157e-07
1.16875,0.9044444444444445,0.04,-0.7,2.0,0.3,0.04,0.01,8612,-0.540549292852438,-0.540549288138793,4.713645029852387e-09,1.6047778078620567,1.6047778601758953,5.231383859438665e-08,0.23432022751929127,0.23432022800809588,4.888046079010167e-10,-0.027760007809268794,-0.027760007818500857,-9.232063030717441e-12,-0.6851952420211527,-0.68519540664722,-1.6462606733380625e-07
1.3571666666666666,0.9044444444444445,0.04,-0.7,2.0,0.3,0.04,0.01,8629,-0.5263399632890464,-0.5263399595262851,3.762761324743735e-09,1.4661477254485078,1.4661476704534393,-5.499506849915292e-08,0.2267150819026953,0.22671508230357684,4.0088155017770077e-10,-0.024914311925194887,-0.024914311911466893,1.372799443566386e-11,-0.7914770018543904,-0.791477180009331,-1.7815494057771275e-07
1.4015,0.9044444444444445,0.04,-0.7,2.0,0.3,0.04,0.01,8633,-0.5235921701052249,-0.5235921665698189,3.5354059679804095e-09,1.4400541925585486,1.4400541002488858,-9.23096628024922e-08,0.22476706910468103,0.22476706950062486,3.959438332756804e-10,-0.02426937464050649,-0.024269374621513375,1.8993116107646202e-11,-0.8163299148256087,-0.8163300962332593,-1.8140765056795516e-07
1.4790833333333333,0.9044444444444445,0.04,-0.7,2.0,0.3,0.04,0.01,8640,-0.5191850476574111,-0.5191850444843717,3.173039386794585e-09,1.3996170500352179,1.3996169292090084,-1.2082620948206113e-07,0.22129863995037913,0.22129864033435973,3.839805973182564e-10,-0.02318925747257783,-0.023189257450578565,2.1999263521976786e-11,-0.8596452410807032,-0.8596454282224301,-1.871417268928255e-07
1.6453333333333333,0.9044444444444445,0.04,-0.7,2.0,0.3,0.04,0.01,8655,-0.5109979781989238,-0.5109979755829352,2.6159885369025915e-09,1.3313123103930735,1.3313121993090642,-1.1108400932435814e-07,0.2138330433137936,0.21383304369855058,3.8475697627937677e-10,-0.021143241241000643,-0.021143241215431808,2.556883524351683e-11,-0.9516103381924934,-0.9516105378029119,-1.9961041852756267e-07
1.7118333333333333,0.9044444444444445,0.04,-0.7,2.0,0.3,0.04,0.01,8661,-0.5080482572134004,-0.5080482547413567,2.4720436808678414e-09,1.309386998826767,1.309387039175922,4.034915490613855e-08,0.21089857680789414,0.21089857719666888,3.8877473462761714e-10,-0.02044039597637326,-0.02044039594992809,2.6445168971322985e-11,-0.9880466213475769,-0.9880468260137527,-2.0466617578485113e-07
1.76725,0.9044444444444445,0.04,-0.7,2.0,0.3,0.04,0.01,8666,-0.5056832991713611,-0.5056832967895176,2.381843500209868e-09,1.2928942666468046,1.292894241787746,-2.4859058589399297e-08,0.20849350982024561,0.20849351021748044,3.9723482836429014e-10,-0.019906448137235744,-0.0199064481120628,2.5172943590723307e-11,-1.018253251662965,-1.0182534605779523,-2.0891498730968294e-07
1.7894166666666667,0.9044444444444445,0.04,-0.7,2.0,0.3,0.04,0.01,8668,-0.5047561589163752,-0.5047561565630401,2.353335082361241e-09,1.2866861409666086,1.2866862164173356,7.545072699954858e-08,0.20754331864075715,0.20754331904107468,4.003175291256156e-10,-0.019705887853715964,-0.0197058878266873,2.7028664029149496e-11,-1.03029590355172,-1.030296114175405,-2.1062368493751649e-07
0.19341666666666668,0.9066666666666667,0.04,-0.7,2.0,0.3,0.04,0.01,8705,-0.7562474626873761,-0.7562474865282709,-2.3840894813886848e-08,2.7683634912234467,2.76836370414074,2.1291729312977736e-07,0.11919988021684425,0.11919988254955212,2.3327078740864593e-09,-0.022593671675091853,-0.02259366893065419,2.744437663237953e-09,-0.13069160522329037,-0.13069172184916894,-1.1662587856564599e-07
0.7919166666666667,0.9066666666666667,0.04,-0.7,2.0,0.3,0.04,0.01,8759,-0.5832918021345113,-0.5832917993748926,2.7596186447098603e-09,1.9802297301918514,1.9802297077971913,-2.239466012632363e-08,0.2407844675350601,0.2407844684517839,9.167237802198969e-10,-0.03337640626377425,-0.033376406210163634,5.361061594655325e-11,-0.4684993119809244,-0.46849945198342985,-1.40002505422121e-07
0.9914166666666667,0.9066666666666667,0.04,-0.7,2.0,0.3,0.04,0.01,8777,-0.5551473894203907,-0.5551473845461052,4.87428541973145e-09,1.7681631409027787,1.7681631090920604,-3.1810718281732875e-08,0.24015573625801867,0.24015573690122707,6.432084032059748e-10,-0.030585086151224683,-0.03058508616375742,-1.2532738735693272e-11,-0.5816864960803136,-0.5816866481236849,-1.520433712265401e-07
1.6453333333333333,0.9066666666666667,0.04,-0.7,2.0,0.3,0.04,0.01,8836,-0.5080433795272288,-0.5080433769194986,2.6077301429339173e-09,1.3278277782857728,1.327827681953071,-9.633270181552689e-08,0.21441427877438857,0.21441427916362613,3.8923755885100775e-10,-0.021243385339153598,-0.021243385311840494,2.731310316805846e-11,-0.947724560226848,-0.9477247591480605,-1.9892121250197903e-07
1.6896666666666667,0.9066666666666667,0.04,-0.7,2.0,0.3,0.04,0.01,8840,-0.5060946850161951,-0.5060946825038275,2.512367647256042e-09,1.3130640491576528,1.3130640827651934,3.3607540528279856e-08,0.21244466981318322,0.2124446702036426,3.9045938704518335e-10,-0.020764093403846662,-0.020764093377889824,2.595683737394161e-11,-0.9719690052902019,-0.9719692075783611,-2.0228815922340715e-07
1.7561666666666667,0.9066666666666667,0.04,-0.7,2.0,0.3,0.04,0.01,8846,-0.5032739934010544,-0.5032739910017727,2.399281662235353e-09,1.2928807413548071,1.2928807676679124,2.6313105250252988e-08,0.20953329658235376,0.20953329697989995,3.9754619041154626e-10,-0.02010274995856154,-0.0201027499351619,2.3399639864640775e-11,-1.0081660197913678,-1.0081662271649876,-2.0737361983158564e-07
1.9113333333333333,0.9066666666666667,0.04,-0.7,2.0,0.3,0.04,0.01,8860,-0.49700710785194335,-0.49700710559307465,2.2588687031976917e-09,1.2527380521820675,1.252738086133857,3.395178960197143e-08,0.20299283940677926,0.2029928398216155,4.1483624868554614e-10,-0.018819203080056024,-0.018819203055430268,2.462575629524899e-11,-1.0918377980032035,-1.0918380174332456,-2.1943004213653694e-07
0.12691666666666668,0.9088888888888889,0.04,-0.7,2.0,0.3,0.04,0.01,8880,-0.7847665083601796,-0.7847665471555125,-3.8795332946151007e-08,2.7229100640902004,2.7229102054807237,1.413905232894308e-07,0.06840632124388568,0.06840632270368528,1.4597996006449065e-09,-0.02261889447109644,-0.022618890395814547,4.075281893195504e-09,-0.08378225702369846,-0.08378236948345277,-1.1245975431450894e-07
0.3264166666666667,0.9088888888888889,0.04,-0.7,2.0,0.3,0.04,0.01,8898,-0.6894368740666124,-0.6894368774479827,-3.3813702948748414e-09,2.644673979812495,2.644674118989624,1.391771289327437e-07,0.187117538727119,0.18711754096843472,2.241315716355885e-09,-0.038239737325390655,-0.0382397389196639,-1.594273248139988e-09,-0.2043133189164048,-0.2043134367102091,-1.1779380429399744e-07
0.3929166666666667,0.9088888888888889,0.04,-0.7,2.0,0.3,0.04,0.01,8904,-0.6659273209413258,-0.6659273222807528,-1.3394270137467856e-09,2.501865771498135,2.501865870421975,9.892383978638009e-08,0.2057493023600171,0.20574930423774238,1.877725280818865e-09,-0.04139505667043186,-0.041395057889625116,-1.2191932532990002e-09,-0.24036743220767764,-0.24036755243847563,-1.2023079798417768e-07
0.6589166666666667,0.9088888888888889,0.04,-0.7,2.0,0.3,0.04,0.01,8928,-0.6022494096097342,-0.6022494089203236,6.8941052866478e-10,2.117631994758007,2.117632183153648,1.8839564130956887e-07,0.23741724757248006,0.2374172486983921,1.1259120302753445e-09,-0.036257360129868244,-0.03625736000744556,1.224226831020303e-10,-0.3903540999055516,-0.3903542327073751,-1.3280182353803127e-07
1.0025,0.9088888888888889,0.04,-0.7,2.0,0.3,0.04,0.01,8959,-0.5499389264312926,-0.5499389214238868,5.00740582332071e-09,1.7500634608147436,1.7500635393887254,7.857398176547292e-08,0.24074050271660763,0.24074050334881703,6.322093959454378e-10,-0.030686641293992123,-0.030686641304796074,-1.0803951483451257e-11,-0.5850641599930428,-0.585064312236407,-1.5224336413766082e-07
1.2795833333333333,0.9088888888888889,0.04,-0.7,2.0,0.3,0.04,0.01,8984,-0.5249192961795379,-0.524919292039006,4.1405319173293265e-09,1.5065175495987404,1.5065175178521628,-3.174657758897581e-08,0.231357687557332,0.23135768798273962,4.254076257925732e-10,-0.02639289529995925,-0.026392895292355657,7.603594837091165e-12,-0.7412148701702037,-0.7412150414104319,-1.7124022821946028e-07
1.6785833333333333,0.9088888888888889,0.04,-0.7,2.0,0.3,0.04,0.01,9020,-0.5036539991351563,-0.5036539966010795,2.5340768372572597e-09,1.3132687437522605,1.3132688090373785,6.528511797831982e-08,0.2135027958133362,0.21350279620155443,3.882182353365238e-10,-0.02097711973930716,-0.02097711970850319,3.080397048549344e-11,-0.9619822668449629,-0.9619824676102872,-2.007653242541707e-07
1.83375,0.9088888888888889,0.04,-0.7,2.0,0.3,0.04,0.01,9034,-0.49727580354319567,-0.4972758012279557,2.3152399442061267e-09,1.268696603329289,1.2686966498209746,4.649168561243755e-08,0.20675805286668458,0.20675805327356758,4.0688299951519014e-10,-0.019505805986252955,-0.019505805961170193,2.5082762256101176e-11,-1.045969068467073,-1.045969281145707,-2.1267863403728882e-07
1.9889166666666667,0.9088888888888889,0.04,-0.7,2.0,0.3,0.04,0.01,9048,-0.49122609689297714,-0.49122609464220585,2.250771291567588e-09,1.23225439574437,1.2322544896618532,9.391748334586225e-08,0.20039672410501752,0.20039672453538843,4.3037090557973556e-10,-0.018389960534798133,-0.01838996051437732,2.0420814345056826e-11,-1.128877805646189,-1.1288780305277117,-2.248815227368084e-07
0.07150000000000001,0.9111111111111111,0.04,-0.7,2.0,0.3,0.04,0.01,9056,-0.8218611034992163,-0.8218611619144054,-5.841518913030086e-08,2.644455640576915,2.64445579192056,1.5134364517166432e-07,0.01716466628075286,0.017164666368402907,8.765004694266665e-11,-0.04243760475461378,-0.04243751250044545,9.225416832542299e-08,-0.033624051526681686,-0.0336241723168522,-1.207901705116421e-07
0.22666666666666668,0.9111111111111111,0.04,-0.7,2.0,0.3,0.04,0.01,9070,-0.7274845566763305,-0.7274845712202275,-1.4543896975638404e-08,2.8169823210189016,2.8169825178855357,1.9686663410567462e-07,0.1432636645252311,0.14326366711734495,2.5921138568918423e-09,-0.028145840345605855,-0.02814583924943185,1.0961740057324754e-09,-0.14775976986756978,-0.1477598870363587,-1.1716878892120697e-07
0.31533333333333335,0.9111111111111111,0.04,-0.7,2.0,0.3,0.04,0.01,9078,-0.6879048381930319,-0.6879048416780807,-3.485048805096369e-09,2.6729866320351903,2.672986632398814,3.6362379773891007e-10,0.1847308135484449,0.18473081587280202,2.324357123439924e-09,-0.03820687436699444,-0.03820687591556396,-1.5485695226136187e-09,-0.1964183554381549,-0.19641847300222767,-1.1756407278240566e-07
0.37075,0.9111111111111111,0.04,-0.7,2.0,0.3,0.04,0.01,9083,-0.6675707687655436,-0.6675707700959969,-1.3304533030833454e-09,2.550755544283856,2.550755555874853,1.1590997051058594e-08,0.2017594131498851,0.20175941515720203,2.0073169237910804e-09,-0.04152778493388132,-0.04152778634140892,-1.4075276014158256e-09,-0.22622565335604639,-0.22622577266420954,-1.1930816315453008e-07
0.404,0.9111111111111111,0.04,-0.7,2.0,0.3,0.04,0.01,9086,-0.6569393090156972,-0.6569393099456393,-9.299421233066596e-10,2.4806293019707937,2.4806293563833566,5.441256289984153e-08,0.2095802271546987,0.2095802289899961,1.8352973862878486e-09,-0.0422472844947841,-0.04224728558108878,-1.08630467815507e-09,-0.2443558071435481,-0.244355927842098,-1.2069854990470752e-07
0.4261666666666667,0.9111111111111111,0.04,-0.7,2.0,0.3,0.04,0.01,9088,-0.65040509976938,-0.6504051006067131,-8.373330917521571e-10,2.4370387319283537,2.4370388331007597,1.0117240600848731e-07,0.2140055618400638,0.21400556356833159,1.7282677788887923e-09,-0.04231339232281528,-0.042313393175291286,-8.524760064521075e-10,-0.2565662424049153,-0.2565663641043621,-1.216994467978516e-07
0.7808333333333334,0.9111111111111111,0.04,-0.7,2.0,0.3,0.04,0.01,9120,-0.5762760921826371,-0.5762760890735906,3.1090464647220983e-09,1.9842821691318235,1.9842821254437906,-4.36880329690581e-08,0.24254895648841146,0.24254895742723956,9.388280985955788e-10,-0.034272595383494364,-0.0342725953258194,5.767496202846445e-11,-0.45696236507374033,-0.45696250376264164,-1.3868890130774858e-07
0.83625,0.9111111111111111,0.04,-0.7,2.0,0.3,0.04,0.01,9125,-0.5677100119435424,-0.5677100080344266,3.909115808831132e-09,1.9234785667010534,1.9234786655471685,9.884611507082752e-08,0.24315226143371838,0.24315226228763281,8.539144391583875e-10,-0.033396566003277006,-0.033396565974358305,2.891870076737746e-11,-0.48829670691342975,-0.4882968486319324,-1.4171850265531916e-07
0.9692500000000001,0.9111111111111111,0.04,-0.7,2.0,0.3,0.04,0.01,9137,-0.5499154713758947,-0.549915466368815,5.007079639796075e-09,1.7783008954275203,1.7783009894558375,9.402831713245519e-08,0.24219841022493638,0.24219841089460817,6.696717902432425e-10,-0.03143629762281108,-0.031436297635010935,-1.2199852239547226e-11,-0.563402371269589,-0.5634025208945581,-1.4962496908133005e-07
1.0800833333333333,0.9111111111111111,0.04,-0.7,2.0,0.3,0.04,0.01,9147,-0.5379066475803829,-0.5379066425342995,5.046083328963391e-09,1.6657587614821168,1.6657587231508442,-3.833127260044478e-08,0.23947689570119612,0.23947689625259563,5.513995093853197e-10,-0.029745895505917108,-0.02974589551861841,-1.2701301815853938e-11,-0.6258942739784112,-0.6258944307726747,-1.5679426346171255e-07
1.3460833333333333,0.9111111111111111,0.04,-0.7,2.0,0.3,0.04,0.01,9171,-0.5172871314435001,-0.5172871276934823,3.75001785180018e-09,1.457896658951796,1.4578966814084973,2.2456701165296522e-08,0.22912676856209901,0.22912676896162493,3.9952591235348223e-10,-0.02549921578262615,-0.02549921576743717,1.5188978547131526e-11,-0.7750249283765276,-0.7750251037711574,-1.7539462981996934e-07
1.3904166666666666,0.9111111111111111,0.04,-0.7,2.0,0.3,0.04,0.01,9175,-0.5146671249606216,-0.5146671214417082,3.518913382904998e-09,1.432145280144681,1.432145221830266,-5.8314415074534054e-08,0.22714823487271496,0.22714823526555955,3.9284459019128803e-10,-0.02482253355320929,-0.02482253353148485,2.1724441690018637e-11,-0.7996856612914327,-0.7996858399090574,-1.7861762469095765e-07
1.468,0.9111111111111111,0.04,-0.7,2.0,0.3,0.04,0.01,9182,-0.5104628455561422,-0.5104628423918458,3.164296380475662e-09,1.392242135467292,1.3922420775060946,-5.7961197397204955e-08,0.2236273268206579,0.22362732720619333,3.855354369086683e-10,-0.0236930275750169,-0.02369302755172749,2.3289412065530257e-11,-0.8426654044765836,-0.8426655887943515,-1.8431776793725874e-07
1.601,0.9111111111111111,0.04,-0.7,2.0,0.3,0.04,0.01,9194,-0.504104166537539,-0.504104163823026,2.7145129477545993e-09,1.336557312048292,1.3365573253944907,1.3346198590724612e-08,0.21755734112269276,0.21755734150411693,3.814241700261789e-10,-0.021955769304721207,-0.021955769276625157,2.809604979225888e-11,-0.9157680140073343,-0.9157682082368821,-1.9422954777859047e-07
1.9113333333333333,0.9111111111111111,0.04,-0.7,2.0,0.3,0.04,0.01,9222,-0.4914528035386556,-0.49145280125819446,2.2804611532478702e-09,1.2466874116379145,1.2466873645863317,-4.705158285212008e-08,0.20405025454958703,0.2040502549674053,4.178182799741137e-10,-0.018992237622306174,-0.018992237601260804,2.1045370307559708e-11,-1.0832775707539377,-1.0832777888125051,-2.1805856742496132e-07
0.07150000000000001,0.9133333333333333,0.04,-0.7,2.0,0.3,0.04,0.01,9237,-0.8158982423082939,-0.8158983001846233,-5.787632939568965e-08,2.7219999615413215,2.722000050152408,8.861108646840421e-08,0.01798372216879618,0.017983722297393694,1.285975145814966e-10,-0.044846754706645564,-0.04484666069652864,9.401011692722339e-08,-0.03283888819004266,-0.032839010723387074,-1.2253334441547636e-07
0.138,0.9133333333333333,0.04,-0.7,2.0,0.3,0.04,0.01,9243,-0.7660875868076289,-0.7660876206195565,-3.3811927591109736e-08,2.835182383309487,2.8351826590771254,2.757676385023444e-07,0.08052301995145617,0.08052302175250052,1.8010443553206912e-09,-0.024660573302512367,-0.024660569356249572,3.946262795706534e-09,-0.08988922261025933,-0.08988933787744793,-1.1526718859955487e-07
0.21558333333333335,0.9133333333333333,0.04,-0.7,2.0,0.3,0.04,0.01,9250,-0.7265775003152675,-0.7265775159367213,-1.5621453797187712e-08,2.8456841522084275,2.8456844084432307,2.5623480315317693e-07,0.13807287937470103,0.1380728819889072,2.6142061571032826e-09,-0.027977745914176122,-0.027977744269567905,1.6446082169718768e-09,-0.1397272638459235,-0.13972738130580828,-1.1745988479083813e-07
0.271,0.9133333333333333,0.04,-0.7,2.0,0.3,0.04,0.01,9255,-0.7005834088659457,-0.7005834156423789,-6.77643319235699e-09,2.7698685289845315,2.7698687056686473,1.7668411578242171e-07,0.1680196281107771,0.16801963067793654,2.5671594572340695e-09,-0.03457261850386972,-0.03457261931286939,-8.089996658688925e-10,-0.17073175295805043,-0.17073187007433643,-1.1711628600252766e-07
0.70325,0.9133333333333333,0.04,-0.7,2.0,0.3,0.04,0.01,9294,-0.5848261200578492,-0.5848261179885498,2.0692993984994246e-09,2.065841984977279,2.065842075993814,9.101653475340754e-08,0.24148741933849305,0.24148742040359963,1.0651065862621323e-09,-0.036093170978288014,-0.036093170868136404,1.1015161005545338e-10,-0.41050853639736096,-0.41050867082981385,-1.3443245289179728e-07
0.8916666666666667,0.9133333333333333,0.04,-0.7,2.0,0.3,0.04,0.01,9311,-0.5556940610443317,-0.5556940563581482,4.686183552315981e-09,1.8563036607854855,1.8563037517594903,9.097400477386941e-08,0.2439839471658073,0.24398394793796016,7.721528694215607e-10,-0.032873945527422954,-0.032873945520887536,6.535418040076735e-12,-0.5168464543219703,-0.5168465987960766,-1.4447410634499391e-07
0.90275,0.9133333333333333,0.04,-0.7,2.0,0.3,0.04,0.01,9312,-0.5542257070398349,-0.5542257022676282,4.772206629866105e-09,1.8440197036007078,1.8440197948511703,9.125046251945435e-08,0.24390217122985391,0.2439021719867678,7.569138926744046e-10,-0.032706506400692614,-0.03270650639758366,3.108957535857826e-12,-0.5230914838405543,-0.5230916289628026,-1.4512224832952114e-07
1.1244166666666666,0.9133333333333333,0.04,-0.7,2.0,0.3,0.04,0.01,9332,-0.5301433874679851,-0.530143382551255,4.916730023118987e-09,1.6179964090756727,1.617996342922714,-6.615295866652104e-08,0.23874978027610405,0.2387497807905304,5.144263626188916e-10,-0.029241693900450283,-0.02924169390455029,-4.100008527130328e-12,-0.6477816557803884,-0.6477818149884871,-1.592080987045108e-07
1.3460833333333333,0.9133333333333333,0.04,-0.7,2.0,0.3,0.04,0.01,9352,-0.5140529010098926,-0.5140528972852977,3.7245949657815913e-09,1.4529164843457565,1.4529165251899936,4.084423710359886e-08,0.22975000271693857,0.22975000312037575,4.034371725580854e-10,-0.02563355248300092,-0.025633552467703984,1.5296937327935467e-11,-0.7716196007183374,-0.7716197754763385,-1.7475800118127438e-07
1.7229166666666667,0.9133333333333333,0.04,-0.7,2.0,0.3,0.04,0.01,9386,-0.49601880054261915,-0.49601879808445853,2.45816061950066e-09,1.292881635084342,1.2928816244012773,-1.0683064655125918e-08,0.2126407519686957,0.21264075236336255,3.9466685475275654e-10,-0.020700763284364765,-0.020700763256244755,2.8120009792909073e-11,-0.9780979646051291,-0.9780981674023124,-2.027971832685438e-07
1.7561666666666667,0.9133333333333333,0.04,-0.7,2.0,0.3,0.04,0.01,9389,-0.4946868351413114,-0.49468683273017827,2.411133126489773e-09,1.2832573337284714,1.2832573885253855,5.4796914117360984e-08,0.21117661620842498,0.21117661660594725,3.975222651053656e-10,-0.02037400546203716,-0.02037400543448394,2.755322012215622e-11,-0.9960193913724491,-0.9960195967142347,-2.05341785575186e-07
1.8226666666666667,0.9133333333333333,0.04,-0.7,2.0,0.3,0.04,0.01,9395,-0.49207950686552815,-0.4920795045168179,2.34871022630756e-09,1.2653283476549149,1.265328330395757,-1.7259157880644693e-08,0.2082970396324879,0.20829704003701358,4.0452566296700354e-10,-0.019773326816047154,-0.019773326791868436,2.4178718055489767e-11,-1.0317142825667924,-1.0317144930317899,-2.1046499742993774e-07
1.8559166666666667,0.9133333333333333,0.04,-0.7,2.0,0.3,0.04,0.01,9398,-0.49079794166378976,-0.49079793934334054,2.3204492216599704e-09,1.2569313645460767,1.2569314224777117,5.793163504463905e-08,0.20688352481187944,0.20688352521872322,4.0684378088684525e-10,-0.019498604428430655,-0.019498604402118546,2.631210874182166e-11,-1.0494885051144653,-1.0494887181614545,-2.1304698916146947e-07
1.8780833333333333,0.9133333333333333,0.04,-0.7,2.0,0.3,0.04,0.01,9400,-0.48994993230383477,-0.4899499299936086,2.3102261770269195e-09,1.2515152081338243,1.2515152190531116,1.0919287252164622e-08,0.2059514469682222,0.20595144738398116,4.157589550413121e-10,-0.01932462558390524,-0.019324625559809495,2.4095746231633797e-11,-1.0613112122512258,-1.0613114270261417,-2.1477491585208952e-07
0.03825,0.9155555555555556,0.04,-0.7,2.0,0.3,0.04,0.01,9415,-0.8597471244651406,-0.8597472152222942,-9.075715368123127e-08,2.7424142748366798,2.742414281389979,6.553299236600196e-09,-0.012048774211403934,-0.012048774581184328,-3.697803938051969e-10,-0.12437474043898444,-0.12437476773053796,-2.7291553517105882e-08,0.020074677341136438,0.02007454770693312,-1.2963420331635334e-07
0.07150000000000001,0.9155555555555556,0.04,-0.7,2.0,0.3,0.04,0.01,9418,-0.8097639311457905,-0.8097639883382955,-5.7192505065195576e-08,2.798728274133744,2.7987284204099114,1.462761676229718e-07,0.018819897288080423,0.0188198974542627,1.6618227627329674e-10,-0.047268063387007064,-0.04726796764109703,9.574591003369548e-08,-0.03205394380284554,-0.03205406808484575,-1.2428200020508928e-07
0.21558333333333335,0.9155555555555556,0.04,-0.7,2.0,0.3,0.04,0.01,9431,-0.7202311519884791,-0.7202311665281043,-1.4539625170506554e-08,2.8657891823491433,2.8657894091445,2.2679535671699114e-07,0.139545850991879,0.13954585365776595,2.665886955632857e-09,-0.02905934005516253,-0.02905933844667079,1.6084917391079312e-09,-0.13816554196195707,-0.13816565966257638,-1.1770061930649334e-07
0.3264166666666667,0.9155555555555556,0.04,-0.7,2.0,0.3,0.04,0.01,9441,-0.6717677525762411,-0.6717677544212096,-1.8449685112997827e-09,2.655039404997339,2.655039497669509,9.267216993791294e-08,0.19149362603582132,0.19149362833614664,2.3003253191156148e-09,-0.040795714122895954,-0.040795715703415975,-1.5805200204166425e-09,-0.19844729906494385,-0.19844741702940186,-1.179644580073802e-07
0.4261666666666667,0.9155555555555556,0.04,-0.7,2.0,0.3,0.04,0.01,9450,-0.6395699092495016,-0.6395699095568742,-3.073725718394371e-10,2.4385614874611328,2.4385615615634846,7.410235181026792e-08,0.21663548208067374,0.21663548383610087,1.755427136984622e-09,-0.04356476532116349,-0.043564766141345586,-8.201820958508854e-10,-0.2523043556725696,-0.25230447732248357,-1.2164991397556335e-07
0.70325,0.9155555555555556,0.04,-0.7,2.0,0.3,0.04,0.01,9475,-0.5802385672178806,-0.5802385648597175,2.3581631092284283e-09,2.062891320264715,2.0628912852004575,-3.506425727550777e-08,0.24249654129754328,0.2424965423669351,1.0693918250925805e-09,-0.03648090792771064,-0.03648090781750157,1.1020906409697773e-10,-0.40798586331859676,-0.40798599747750847,-1.3415891170209804e-07
0.9249166666666667,0.9155555555555556,0.04,-0.7,2.0,0.3,0.04,0.01,9495,-0.5473329270003907,-0.5473329219583931,5.041997597210468e-09,1.8129546100476013,1.812954614677649,4.630047678588767e-09,0.2444937827508764,0.24449378347982725,7.289508441310488e-10,-0.032650324415586796,-0.03265032441884271,-3.255916369848677e-12,-0.5327797290739095,-0.532779875058449,-1.4598453956793378e-07
1.3793333333333333,0.9155555555555556,0.04,-0.7,2.0,0.3,0.04,0.01,9536,-0.5089341874216224,-0.5089341838953774,3.5262450737150175e-09,1.428904553013588,1.4289045447926065,-8.220981451145803e-09,0.22886401368771292,0.2288640140824619,3.947489835010032e-10,-0.025242470154812624,-0.025242470135756076,1.905654800626877e-11,-0.7866147401718038,-0.7866149167076993,-1.7653589556854143e-07
1.7894166666666667,0.9155555555555556,0.04,-0.7,2.0,0.3,0.04,0.01,9573,-0.4905470492683195,-0.4905470468865367,2.381782771010421e-09,1.27091550061742,1.2709155942977688,9.368034881163112e-08,0.2102571290134303,0.2102571294124196,3.9898931381010527e-10,-0.020151413007707397,-0.020151412982941735,2.476566174358652e-11,-1.0098018424459232,-1.0098020496806484,-2.072347251580453e-07
1.8226666666666667,0.9155555555555556,0.04,-0.7,2.0,0.3,0.04,0.01,9576,-0.489271146168202,-0.4892711438141481,2.3540538962585345e-09,1.2621940659318653,1.2621940182517781,-4.7680087211787736e-08,0.20882122015980498,0.20882122056492564,4.051206592414758e-10,-0.019858772430936256,-0.0198587724053662,2.5570056488843917e-11,-1.0275756971918348,-1.0275759069908716,-2.0979903680995449e-07
1.9778333333333333,0.9155555555555556,0.04,-0.7,2.0,0.3,0.04,0.01,9590,-0.48345174311723027,-0.48345174081781117,2.2994190995717645e-09,1.2255725240217785,1.225572486203347,-3.781843149752717e-08,0.20236760261735376,0.2023676030424228,4.2506903552563813e-10,-0.01871077773690777,-0.01871077771593896,2.0968810021670947e-11,-1.1098947000093284,-1.1098949219614902,-2.2195216176079668e-07
2.0,0.9155555555555556,0.04,-0.7,2.0,0.3,0.04,0.01,9592,-0.4826312174006919,-0.48263121510156093,2.2991309966968743e-09,1.2207590299739834,1.2207591232631652,9.328918171291889e-08,0.2014808825469283,0.20148088297576414,4.28835827959162e-10,-0.0185739189884071,-0.01857391896863997,1.9767132375392293e-11,-1.1215730865012097,-1.1215733102134378,-2.23712228075712e-07
0.07150000000000001,0.9177777777777778,0.04,-0.7,2.0,0.3,0.04,0.01,9599,-0.8034601985119905,-0.8034602548767102,-5.636471978043289e-08,2.874447393996782,2.87444756269616,1.6869937802255208e-07,0.0196718859857975,0.01967188619621447,2.1041697204071674e-10,-0.049697621134631165,-0.049697523674926955,9.74597042097125e-08,-0.03127028188373848,-0.03127040792246731,-1.260387288287701e-07
0.5148333333333334,0.9177777777777778,0.04,-0.7,2.0,0.3,0.04,0.01,9639,-0.6123310311963864,-0.6123310310738501,1.225363144286007e-10,2.2919969658308226,2.291997034586891,6.875606839429338e-08,0.2306700840250947,0.23067008548216966,1.4570749606868105e-09,-0.04218324756333214,-0.042183247685877306,-1.2254516845722208e-10,-0.2993934767276524,-0.2993936022547805,-1.2552712813640454e-07
0.6256666666666667,0.9177777777777778,0.04,-0.7,2.0,0.3,0.04,0.01,9649,-0.5896029160537553,-0.5896029146914922,1.362263080117998e-09,2.1496529473141734,2.1496530505974953,1.0328332189502021e-07,0.23988093796285803,0.23988093917717837,1.2143203387271484e-09,-0.038793478799731274,-0.03879347867268522,1.2704605423241588e-10,-0.36175346845662704,-0.3617535988267401,-1.3037011303840274e-07
0.90275,0.9177777777777778,0.04,-0.7,2.0,0.3,0.04,0.01,9674,-0.5460589111624253,-0.5460589061127836,5.049641704779617e-09,1.8309154845019826,1.8309155295743436,4.5072360954634405e-08,0.24555314533679373,0.24555314609307696,7.562832304852662e-10,-0.03327895563821903,-0.03327895563475695,3.4620847855215686e-12,-0.5175503767292783,-0.5175505209818203,-1.4425254202254933e-07
1.0025,0.9177777777777778,0.04,-0.7,2.0,0.3,0.04,0.01,9683,-0.5345040041018767,-0.5345039988186091,5.283267601186026e-09,1.7225497639383747,1.72254983566172,7.172334526295288e-08,0.24382319684046472,0.2438231974717104,6.312456946044875e-10,-0.03166730719761368,-0.03166730720629042,-8.676739882140794e-12,-0.5734593453746162,-0.5734594955910726,-1.5021645638491066e-07
1.10225,0.9177777777777778,0.04,-0.7,2.0,0.3,0.04,0.01,9692,-0.524884751653687,-0.5248847466410096,5.012677384286235e-09,1.6248212553193753,1.6248213336874866,7.836811133365984e-08,0.24089891163189825,0.24089891216227474,5.303764927244714e-10,-0.030001286096537072,-0.030001286103433476,-6.8964035870866525e-12,-0.6292635421108195,-0.6292636987293365,-1.5661851704429353e-07
1.1576666666666666,0.9177777777777778,0.04,-0.7,2.0,0.3,0.04,0.01,9697,-0.520270685467894,-0.520270680733887,4.734006964213222e-09,1.5762888827541843,1.5762888144137552,-6.834042909353855e-08,0.23890521719541202,0.23890521768486025,4.894482319439675e-10,-0.02905614168283166,-0.02905614168428763,-1.455970760622094e-12,-0.6601987193456671,-0.6601988796660822,-1.603204150546489e-07
1.30175,0.9177777777777778,0.04,-0.7,2.0,0.3,0.04,0.01,9710,-0.510241172934911,-0.5102411690266813,3.908229739835178e-09,1.4702138895206218,1.470213810660769,-7.885985287003905e-08,0.2329430129448251,0.23294301336013612,4.1531100780645147e-10,-0.026616757610731234,-0.02661675759799956,1.273167335447134e-11,-0.7402945083870294,-0.7402946787315954,-1.7034456600839576e-07
1.4790833333333333,0.9177777777777778,0.04,-0.7,2.0,0.3,0.04,0.01,9726,-0.5006908274986233,-0.5006908244304223,3.068200915556929e-09,1.3746580568296807,1.3746581180635105,6.123382978451275e-08,0.22486360123266658,0.22486360161412816,3.8146158454210877e-10,-0.023866382369980288,-0.02386638234348893,2.6491357718594344e-11,-0.8379511825162833,-0.837951365719351,-1.8320306771624217e-07
1.734,0.9177777777777778,0.04,-0.7,2.0,0.3,0.04,0.01,9749,-0.48985522535544,-0.48985522290399697,2.451443048556712e-09,1.2830926598983439,1.2830926057306473,-5.4167696550422306e-08,0.21321711657168452,0.21321711696620685,3.9452233147052596e-10,-0.020765494490593284,-0.020765494463651824,2.6941459480012142e-11,-0.9760685642420941,-0.9760687665660296,-2.0232393549424188e-07
0.10475000000000001,0.92,0.04,-0.7,2.0,0.3,0.04,0.01,9783,-0.7675925679814094,-0.7675926081815909,-4.0200181516958367e-08,2.960453894529369,2.96045421866824,3.241388708552506e-07,0.05334482797894613,0.053344829166246485,1.1873003552542727e-09,-0.03256055300174254,-0.03256053559170525,1.741003729377466e-08,-0.0623460978704804,-0.0623462150418904,-1.1717140999817355e-07
0.37075,0.92,0.04,-0.7,2.0,0.3,0.04,0.01,9807,-0.6448768907323793,-0.6448768907359997,-3.6204372833026355e-12,2.5541898554526377,2.554189916218307,6.076566938517658e-08,0.20721626731869114,0.20721626938030469,2.0616135465445495e-09,-0.0444290788570445,-0.044429080192403526,-1.3353590247455749e-09,-0.21807894407276096,-0.2180790635372415,-1.1946448053024028e-07
0.4261666666666667,0.92,0.04,-0.7,2.0,0.3,0.04,0.01,9812,-0.6287310448485628,-0.6287310446502189,1.9834389686224085e-10,2.4387023456196033,2.4387023609929233,1.5373319950384712e-08,0.21917415343533642,0.21917415521026898,1.7749325620375345e-09,-0.044778482907736894,-0.04477848369219736,-7.844604688056478e-10,-0.248050076365261,-0.24805019800526318,-1.2164000218195525e-07
0.5148333333333334,0.92,0.04,-0.7,2.0,0.3,0.04,0.01,9820,-0.6072380143601341,-0.6072380139703082,3.8982594929848347e-10,2.2916586600585376,2.291658747027512,8.696897424442795e-08,0.2318283841797053,0.2318283856462157,1.4665103853506167e-09,-0.042677207007027484,-0.042677207120644454,-1.1361696999889759e-10,-0.297129341136973,-0.297129466577107,-1.2544013400228593e-07
0.936,0.92,0.04,-0.7,2.0,0.3,0.04,0.01,9858,-0.5379985993265307,-0.5379985940363847,5.290145987935091e-09,1.7869039206641624,1.7869040037813197,8.311715737896463e-08,0.2459139769695612,0.2459139776812601,7.116989220179448e-10,-0.03300745248499548,-0.03300745248852806,-3.532577008691362e-12,-0.5333852966419445,-0.5333854423777419,-1.457357974299356e-07
1.1909166666666666,0.92,0.04,-0.7,2.0,0.3,0.04,0.01,9881,-0.5142860108366121,-0.5142860063134236,4.5231884904239905e-09,1.543205627174693,1.543205607425113,-1.9749579971417575e-08,0.23825610417221865,0.2382561046396191,4.674004516758146e-10,-0.028650531306434468,-0.028650531303127703,3.3067645843765092e-12,-0.6755672448910399,-0.6755674069110725,-1.6202003261245324e-07
1.3460833333333333,0.92,0.04,-0.7,2.0,0.3,0.04,0.01,9895,-0.5044160542937159,-0.5044160506541322,3.639583745496111e-09,1.4381923957307308,1.4381923978014002,2.070669413711812e-09,0.23155925338358418,0.23155925378600792,4.0242373322563196e-10,-0.026018929223520226,-0.02601892920568607,1.7834157761686953e-11,-0.7614177910103548,-0.7614179639153991,-1.729050442822455e-07
1.4236666666666666,0.92,0.04,-0.7,2.0,0.3,0.04,0.01,9902,-0.5003184102797542,-0.5003184070072085,3.2725456788895713e-09,1.3965995082632077,1.3965994234438086,-8.481939905990998e-08,0.22799994341751728,0.22799994380214667,3.8462938389827173e-10,-0.024793767158526325,-0.024793767134223058,2.430326773161795e-11,-0.8040419591971715,-0.8040421377133189,-1.7851614741992705e-07
1.4790833333333333,0.92,0.04,-0.7,2.0,0.3,0.04,0.01,9907,-0.49764056840775894,-0.4976405653558446,3.0519143323637365e-09,1.3705786811035736,1.3705785943439357,-8.67596379183766e-08,0.22542674554662523,0.22542674592977263,3.8314740269385084e-10,-0.023971318292015376,-0.023971318263398905,2.8616470304498876e-11,-0.8343457126197551,-0.8343458951920674,-1.8257231226836979e-07
1.5788333333333333,0.92,0.04,-0.7,2.0,0.3,0.04,0.01,9916,-0.4932162178943045,-0.4932162151488592,2.7454452600217394e-09,1.330174684288643,1.3301747989442012,1.1465555815881601e-07,0.2207948206729704,0.2207948210539724,3.810020077210652e-10,-0.02261680013243561,-0.022616800103048073,2.9387537542335807e-11,-0.8885726472246391,-0.8885728371954916,-1.8997085249328194e-07
1.7229166666666667,0.92,0.04,-0.7,2.0,0.3,0.04,0.01,9929,-0.48743243096532884,-0.48743242849249696,2.472831883704174e-09,1.283019623876669,1.283019539666195,-8.42104739273708e-08,0.2142337460656063,0.21423374645936175,3.9375544491626613e-10,-0.020963512405852702,-0.020963512377884432,2.796827006101843e-11,-0.9661418616337125,-0.9661420624655364,-2.008318238377882e-07
2.0,0.92,0.04,-0.7,2.0,0.3,0.04,0.01,9954,-0.4772193284420523,-0.47721932610572443,2.3363278534027643e-09,1.2145744104907763,1.2145743362587371,-7.423203918222043e-08,0.2024644391224184,0.20246443955382987,4.314114621095655e-10,-0.018736157160748057,-0.018736157139564658,2.118339878509623e-11,-1.1128131121114493,-1.1128133344828774,-2.2237142816017297e-07
0.04933333333333333,0.9222222222222223,0.04,-0.7,2.0,0.3,0.04,0.01,9959,-0.8197251796746019,-0.8197252531524846,-7.347788266720556e-08,3.0666183703509375,3.0666185081544515,1.378035139332212e-07,-3.667225786929684e-05,-3.667241164815026e-05,-1.53778853420692e-10,-0.10099343999425692,-0.10099330355611842,1.3643813849550934e-07,0.002953391816176709,0.0029532479094177256,-1.4390675898362862e-07
0.10475000000000001,0.9222222222222223,0.04,-0.7,2.0,0.3,0.04,0.01,9964,-0.760954823406379,-0.7609548623805695,-3.8974190541551934e-08,3.013244279093108,3.013244561046592,2.8195348411585996e-07,0.05441418655098562,0.05441418778980499,1.2388193665335834e-09,-0.03416251014611016,-0.03416249205443518,1.8091674977571692e-08,-0.0614984585291245,-0.061498577001465334,-1.1847234083345315e-07
0.31533333333333335,0.9222222222222223,0.04,-0.7,2.0,0.3,0.04,0.01,9983,-0.6581092237945702,-0.6581092247662235,-9.716533133641292e-10,2.687429358216864,2.6874294459813868,8.776452276038071e-08,0.19185009946146026,0.19185010188684365,2.425383394122349e-09,-0.042499206058602135,-0.042499207591653466,-1.5330513317146632e-09,-0.1867966338645055,-0.18679675193391768,-1.1806941216385702e-07
0.3929166666666667,0.9222222222222223,0.04,-0.7,2.0,0.3,0.04,0.01,9990,-0.6325306649355295,-0.6325306645257988,4.0973069381777805e-10,2.5053026750376794,2.5053027307786095,5.574093009386161e-08,0.21375716325877647,0.21375716521247676,1.9537002848846186e-09,-0.04546042506554937,-0.04546042617330072,-1.1077513489832214e-09,-0.22792099717651448,-0.22792111751315727,-1.2033664278932044e-07
0.44833333333333336,0.9222222222222223,0.04,-0.7,2.0,0.3,0.04,0.01,9995,-0.617611884333874,-0.6176118838868477,4.4702630486170847e-10,2.3974999069364955,2.397499909074108,2.13761230938303e-09,0.2241691195038059,0.22416912119945248,1.6956465676010168e-09,-0.045015304707407555,-0.0450153052638133,-5.564057478646411e-10,-0.2580526168632913,-0.2580527394297991,-1.225665078319338e-07
0.537,0.9222222222222223,0.04,-0.7,2.0,0.3,0.04,0.01,10003,-0.5974185249961461,-0.5974185241644635,8.316826116683274e-10,2.2595238791112138,2.2595238958890893,1.6777875533335873e-08,0.23524079575537593,0.23524079717197205,1.4165961181866749e-09,-0.04243364841914621,-0.042433648433826666,-1.4680458237936733e-11,-0.30723575465733954,-0.3072358809385931,-1.2628125356517472e-07
0.5813333333333334,0.9222222222222223,0.04,-0.7,2.0,0.3,0.04,0.01,10007,-0.5884576773185213,-0.5884576760001826,1.3183386604609382e-09,2.200657783779647,2.200657789274629,5.494981802911525e-09,0.2390262207448146,0.23902622206123453,1.3164199175186297e-09,-0.04097686050287541,-0.04097686041332713,8.954827851459513e-11,-0.33205031833780096,-0.33205044646136583,-1.2812356486868737e-07
0.7254166666666667,0.9222222222222223,0.04,-0.7,2.0,0.3,0.04,0.01,10020,-0.5629081410155057,-0.5629081374830658,3.532439896147821e-09,2.0253629384736627,2.025362956050863,1.7577200139839988e-08,0.2460663475623015,0.24606634860967777,1.0473762690477173e-09,-0.03711421628305178,-0.03711421618597793,9.70738489591838e-11,-0.4128420830752655,-0.41284221744487426,-1.3436960877299953e-07
0.9249166666666667,0.9222222222222223,0.04,-0.7,2.0,0.3,0.04,0.01,10038,-0.535315271896139,-0.5353152665505911,5.345547893220726e-09,1.792136773703934,1.7921368380892881,6.438535415931312e-08,0.24684932612872856,0.24684932685640926,7.276806934797264e-10,-0.03345252223764528,-0.03345252223775687,-1.1159129176263605e-13,-0.5243905336804744,-0.5243906783372081,-1.4465673370267496e-07
0.9692500000000001,0.9222222222222223,0.04,-0.7,2.0,0.3,0.04,0.01,10042,-0.5303476602884494,-0.5303476548888233,5.3996260795941e-09,1.7434710897212824,1.7434710846322632,-5.089019206039325e-09,0.24604897029448236,0.24604897096703296,6.725505985460956e-10,-0.032697696438280244,-0.032697696442560625,-4.280381604715444e-12,-0.549127322023446,-0.5491274692608171,-1.4723737107313895e-07
1.0246666666666666,0.9222222222222223,0.04,-0.7,2.0,0.3,0.04,0.01,10047,-0.5246851804185937,-0.5246851751051497,5.31344401810685e-09,1.6856674639464941,1.6856674713522577,7.40576355795497e-09,0.24468919129029543,0.24468919189554922,6.052537915302025e-10,-0.031743180082949296,-0.03174318008975971,-6.810413344382482e-12,-0.5800189765934466,-0.5800191271955896,-1.5060214297868413e-07
1.069,0.9222222222222223,0.04,-0.7,2.0,0.3,0.04,0.01,10051,-0.5205636100431843,-0.5205636048879795,5.155204818585446e-09,1.642245414656962,1.6422454081512476,-6.505714411630947e-09,0.24336036473115996,0.24336036529036814,5.592081797622939e-10,-0.030968424868382805,-0.030968424875642327,-7.259522843972022e-12,-0.6047037939335698,-0.6047039473307836,-1.5339721382012783e-07
1.23525,0.9222222222222223,0.04,-0.7,2.0,0.3,0.04,0.01,10066,-0.5078440074858526,-0.5078440032549739,4.23087864742655e-09,1.5042699003098292,1.504269918749551,1.8439721749530236e-08,0.2370446992965014,0.2370446997371725,4.406710829574223e-10,-0.02802979131993899,-0.028029791310918525,9.020464930564742e-12,-0.6969416128965733,-0.6969417773948695,-1.6449829620679424e-07
1.3793333333333333,0.9222222222222223,0.04,-0.7,2.0,0.3,0.04,0.01,10079,-0.4994548104611529,-0.49945480701156153,3.4495913903143105e-09,1.4149591276435558,1.4149590821956375,-4.5447918317620406e-08,0.23061823397049763,0.23061823436388867,3.9339104196400854e-10,-0.025601013899367864,-0.02560101387798787,2.1379994996628682e-11,-0.7762656705316562,-0.7762658452220724,-1.7469041624362802e-07
1.3904166666666666,0.9222222222222223,0.04,-0.7,2.0,0.3,0.04,0.01,10080,-0.4988832249379349,-0.49888322154144793,3.396486980555835e-09,1.4090928507348721,1.409092868270927,1.753605483045817e-08,0.23010685022223365,0.23010685061526026,3.9302661125617533e-10,-0.02542406626379612,-0.02542406623999346,2.380265776147361e-11,-0.782337760723284,-0.782337936212883,-1.754895989636296e-07
1.7450833333333333,0.9222222222222223,0.04,-0.7,2.0,0.3,0.04,0.01,10112,-0.48375138715778254,-0.48375138470205387,2.4557286759652186e-09,1.2733982701629287,1.2733982306254412,-3.953748750618047e-08,0.21375995408343118,0.21375995447667384,3.932426606567674e-10,-0.02082477376347258,-0.020824773734461743,2.901083887008049e-11,-0.9739859775359516,-0.9739861794185553,-2.0188260363429578e-07
1.9445833333333333,0.9222222222222223,0.04,-0.7,2.0,0.3,0.04,0.01,10130,-0.47649717491923815,-0.4764971725616758,2.3575623675498036e-09,1.2236417962219193,1.2236418802480629,8.402614359859228e-08,0.20520049248573535,0.20520049290496464,4.192292901716854e-10,-0.01917112653890274,-0.019171126516178163,2.2724575693411353e-11,-1.0794364504505827,-1.0794366677795106,-2.1732892796499925e-07
0.02716666666666667,0.9244444444444444,0.04,-0.7,2.0,0.3,0.04,0.01,10138,-0.8604278359811146,-0.86042795111566,-1.1513454534206602e-07,3.24631690140631,3.246316872438963,-2.8967346743513644e-08,-0.02111690318273851,-0.021116903575018175,-3.922796636135484e-10,-0.18027479656443357,-0.18027515822264306,-3.616582094911891e-07,0.04411139050662649,0.044111283398543706,-1.0710808278496797e-07
0.7808333333333334,0.9244444444444444,0.04,-0.7,2.0,0.3,0.04,0.01,10206,-0.5500109763044436,-0.550010971807853,4.496590655378441e-09,1.9536327527935882,1.9536327601965948,7.4030066521402205e-09,0.24800674134517475,0.2480067422956678,9.504930453818616e-10,-0.03631529108108489,-0.03631529102164109,5.944379710687286e-11,-0.4412544727031703,-0.4412546093765007,-1.3667333037536977e-07
0.7919166666666667,0.9244444444444444,0.04,-0.7,2.0,0.3,0.04,0.01,10207,-0.5484129974205054,-0.5484129928025121,4.617993321076597e-09,1.9403252671246207,1.9403252892611693,2.213654859417602e-08,0.2481235351136507,0.2481235360504192,9.36768496107021e-10,-0.036100227638058424,-0.03610022758474683,5.3311591252658275e-11,-0.44744220985673544,-0.447442347073755,-1.372170195801381e-07
1.0911666666666666,0.9244444444444444,0.04,-0.7,2.0,0.3,0.04,0.01,10234,-0.5150337880735489,-0.5150337830299466,5.043602313570261e-09,1.6148210713051725,1.614820972450737,-9.885443552626327e-08,0.24328671470813523,0.24328671524687426,5.387390256128555e-10,-0.03076538239055182,-0.03076538239664818,-6.096359528307005e-12,-0.6140206067933862,-0.6140207610965144,-1.5430312816366865e-07
1.16875,0.9244444444444444,0.04,-0.7,2.0,0.3,0.04,0.01,10241,-0.5090184367854966,-0.5090184321821752,4.603321390739268e-09,1.5485387111491278,1.548538614376541,-9.67725868328273e-08,0.24039797238986638,0.240397972865267,4.754006355245366e-10,-0.02936456275873245,-0.02936456275642662,2.3058291387378915e-12,-0.6569955587619469,-0.6569957181666068,-1.594046599162624e-07
1.2130833333333333,0.9244444444444444,0.04,-0.7,2.0,0.3,0.04,0.01,10245,-0.5059515391654668,-0.5059515348344105,4.331056291384527e-09,1.5145875914557294,1.514587600668057,9.212327567453826e-09,0.23858734901641143,0.2385873494685211,4.5210965526898406e-10,-0.028568224078456828,-0.028568224069256663,9.20016493544118e-12,-0.6814901689322639,-0.6814903313378659,-1.624056019666753e-07
1.2574166666666666,0.9244444444444444,0.04,-0.7,2.0,0.3,0.04,0.01,10249,-0.5031182776771281,-0.5031182736112,4.065928149721287e-09,1.4833782313594668,1.4833783251730424,9.381357557458614e-08,0.23669032610820762,0.2366903265379738,4.2976619485379786e-10,-0.02778200931474739,-0.02778200930210745,1.2639941177061687e-11,-0.7059313353222074,-0.7059315007851361,-1.6546292869179524e-07
1.5345,0.9244444444444444,0.04,-0.7,2.0,0.3,0.04,0.01,10274,-0.48915768662366466,-0.48915768377311236,2.850552294209052e-09,1.3395832887397319,1.339583363224262,7.448453009928357e-08,0.22392996117670538,0.22392996155460235,3.7789696372136916e-10,-0.023389855712263596,-0.023389855682613918,2.9649678545684566e-11,-0.857150741271212,-0.857150926695791,-1.854245789134623e-07
1.5788333333333333,0.9244444444444444,0.04,-0.7,2.0,0.3,0.04,0.01,10278,-0.4873205727477792,-0.487320570012614,2.735165205436374e-09,1.3228694722977608,1.3228694790630977,6.765336957315071e-09,0.22186109000371657,0.22186109038181157,3.7809499975338667e-10,-0.022801068468164543,-0.022801068438114133,3.0050410076976064e-11,-0.8810626739831628,-0.8810628627010375,-1.8871787466068213e-07
1.6231666666666666,0.9244444444444444,0.04,-0.7,2.0,0.3,0.04,0.01,10282,-0.48554914306844776,-0.4855491404279044,2.640543339538226e-09,1.3074028942794413,1.3074028922860497,-1.9933916739489632e-09,0.21980633096163604,0.2198063313403412,3.7870515057214504e-10,-0.02224764476588259,-0.022247644738085375,2.779721591794626e-11,-0.9048906824399294,-0.9048908744665786,-1.9202664913731127e-07
1.76725,0.9244444444444444,0.04,-0.7,2.0,0.3,0.04,0.01,10295,-0.4801128924106224,-0.4801128899688872,2.441735202918238e-09,1.2640194391178028,1.264019388298786,-5.081901677250755e-08,0.21328036034440334,0.21328036074203813,3.9763478620891135e-10,-0.020691456000532238,-0.020691455972946356,2.758588149576191e-11,-0.9817483343035893,-0.9817485372425848,-2.0293899549717054e-07
1.9889166666666667,0.9244444444444444,0.04,-0.7,2.0,0.3,0.04,0.01,10315,-0.4722238998147721,-0.4722238974380438,2.37672825864621e-09,1.2106885716178795,1.210688616887248,4.5269368476041905e-08,0.2038703786200191,0.20387037904824226,4.282231513830226e-10,-0.01896200165024675,-0.01896200162994497,2.030178108958225e-11,-1.098302488110603,-1.0983027082805605,-2.2016995759877034e-07
0.19341666666666668,0.9266666666666667,0.04,-0.7,2.0,0.3,0.04,0.01,10334,-0.69843742695197,-0.6984374405519894,-1.3600019443948952e-08,2.992051861827605,2.9920520612123434,1.993847384973435e-07,0.13194035488744982,0.13194035771612034,2.8286705200386564e-09,-0.032449094215791785,-0.03244909140371863,2.8120731576652958e-09,-0.11787273184807323,-0.11787285173558977,-1.19887516539241e-07
0.57025,0.9266666666666667,0.04,-0.7,2.0,0.3,0.04,0.01,10368,-0.5808052890898113,-0.5808052873365711,1.7532402196707153e-09,2.211057546774864,2.2110575642221098,1.7447245870272354e-08,0.24026764607235074,0.24026764742909737,1.3567466317088162e-09,-0.04220478673162831,-0.04220478665084871,8.077959828822756e-11,-0.32115589570502756,-0.3211560231112671,-1.2740623955842523e-07
0.7919166666666667,0.9266666666666667,0.04,-0.7,2.0,0.3,0.04,0.01,10388,-0.5441080970415568,-0.5441080922426144,4.7989424656336155e-09,1.9340440610138288,1.934044100544458,3.953062921446815e-08,0.2489614037665122,0.24896140470259645,9.36084237901369e-10,-0.036414908461609996,-0.03641490840949946,5.211053810683097e-11,-0.4448155819646027,-0.4448157188489366,-1.368843339233372e-07
0.9581666666666667,0.9266666666666667,0.04,-0.7,2.0,0.3,0.04,0.01,10403,-0.5237822687671062,-0.5237822632645329,5.502573285909307e-09,1.7409153021952228,1.7409152789657927,-2.3229430157201136e-08,0.24772310672202535,0.24772310740518524,6.831598897694136e-10,-0.033364100810659436,-0.03336410081482061,-4.161171407446318e-12,-0.5372767791132771,-0.5372769247974877,-1.4568421058402947e-07
0.9803333333333334,0.9266666666666667,0.04,-0.7,2.0,0.3,0.04,0.01,10405,-0.5215037229169134,-0.5215037174506564,5.466257002595398e-09,1.717132520895337,1.7171325993099387,7.841460170077141e-08,0.24722796866577523,0.24722796932151783,6.557425991093879e-10,-0.0329658062194621,-0.03296580622643918,-6.97707863706043e-12,-0.549582664646775,-0.549582811621449,-1.4697467398683273e-07
1.0911666666666666,0.9266666666666667,0.04,-0.7,2.0,0.3,0.04,0.01,10415,-0.5114527593950979,-0.5114527543701132,5.024984761625717e-09,1.608108471384817,1.6081084494191127,-2.1965704366522232e-08,0.24393261921926146,0.24393261975697153,5.377100709136329e-10,-0.030948427557492275,-0.03094842756155523,-4.062954833683463e-12,-0.6110087385231139,-0.61100889231243,-1.53789316170716e-07
1.1133333333333333,0.9266666666666667,0.04,-0.7,2.0,0.3,0.04,0.01,10417,-0.5096869583504082,-0.5096869534486135,4.901794747880217e-09,1.5884315751613087,1.5884315778896811,2.7283724168825074e-09,0.24314021190269264,0.24314021241915387,5.164612348895758e-10,-0.03054095411972324,-0.03054095412147485,-1.7516092742919653e-12,-0.6232687402937115,-0.6232688955106412,-1.55216929753621e-07
1.6785833333333333,0.9266666666666667,0.04,-0.7,2.0,0.3,0.04,0.01,10468,-0.4805473685307038,-0.48054736597922804,2.551475752898824e-09,1.2861970544175705,1.2861970820035278,2.7585957296238917e-08,0.21777256797111955,0.2177725683558057,3.846861440504057e-10,-0.02168930912344047,-0.02168930909468051,2.8759959691537773e-11,-0.9306566463480881,-0.9306568419211743,-1.9557308617024205e-07
1.70075,0.9266666666666667,0.04,-0.7,2.0,0.3,0.04,0.01,10470,-0.4797253571436899,-0.4797253546231911,2.520498809666094e-09,1.279533617948303,1.279533748326395,1.3037809210025841e-07,0.21676345638738104,0.21676345677759987,3.902188294713227e-10,-0.021446930252855267,-0.021446930222995174,2.986009356442665e-11,-0.9424529386120595,-0.9424531358602901,-1.9724823063782537e-07
1.7229166666666667,0.9266666666666667,0.04,-0.7,2.0,0.3,0.04,0.01,10472,-0.47891204164665635,-0.47891203914597624,2.500680107431208e-09,1.2730815707184817,1.273081574500429,3.781947199854585e-09,0.21576086052271792,0.21576086091411292,3.913949997436106e-10,-0.021213313712992177,-0.021213313684549914,2.844226243414738e-11,-0.9542283451625944,-0.9542285440928469,-1.9893025249295704e-07
1.76725,0.9266666666666667,0.04,-0.7,2.0,0.3,0.04,0.01,10476,-0.4773075866781884,-0.47730758422345526,2.4547331389790372e-09,1.2607531574282405,1.2607531903849136,3.295667316827178e-08,0.2137766663054541,0.21377666670288825,3.9743414115278597e-10,-0.02077189686866543,-0.020771896842537458,2.6127971314293674e-11,-0.9777169068873881,-0.9777171091936767,-2.0230628861028777e-07
0.138,0.9288888888888889,0.04,-0.7,2.0,0.3,0.04,0.01,10510,-0.719732140415652,-0.7197321655118916,-2.5096239530952857e-08,3.1111908882497374,3.1111912357722944,3.475225569538054e-07,0.08905280549004191,0.08905280769542004,2.205378130115676e-09,-0.033323992704933914,-0.03332398625473082,6.450203093866236e-09,-0.08260733746753846,-0.08260745880136083,-1.2133382237822232e-07
0.21558333333333335,0.9288888888888889,0.04,-0.7,2.0,0.3,0.04,0.01,10517,-0.6813550776198218,-0.6813550862684631,-8.648641247610556e-09,2.9577566618144147,2.9577568594996113,1.9768519665674944e-07,0.14799517558908293,0.14799517852632887,2.9372459464660494e-09,-0.0353984584518241,-0.03539845702888731,1.4229367892304445e-09,-0.12881797507927062,-0.12881809472013114,-1.1964086052418388e-07
0.271,0.9288888888888889,0.04,-0.7,2.0,0.3,0.04,0.01,10522,-0.6571277559051791,-0.6571277580476231,-2.142443999986199e-09,2.810072782799544,2.8100729897072068,2.0690766255881954e-07,0.17794767022794034,0.17794767299326783,2.7653274947692097e-09,-0.04122812875574644,-0.04122812970960288,-9.53856438279388e-10,-0.15817425675794528,-0.15817437521363356,-1.1845568828605657e-07
0.38183333333333336,0.9288888888888889,0.04,-0.7,2.0,0.3,0.04,0.01,10532,-0.6189553179365703,-0.618955316813466,1.1231042762460675e-09,2.526248418788235,2.5262484293050673,1.0516832293916423e-08,0.21495046497906067,0.21495046703251344,2.0534527689353155e-09,-0.04729486200984179,-0.047294863168949396,-1.159107608506016e-09,-0.21585467197209052,-0.21585479215267317,-1.2018058265228504e-07
0.47050000000000003,0.9288888888888889,0.04,-0.7,2.0,0.3,0.04,0.01,10540,-0.5964899691546233,-0.5964899679340349,1.2205884081240015e-09,2.356201050934814,2.3562011619312653,1.1099645114143186e-07,0.2308955531793444,0.23089555482579677,1.6464523633352712e-09,-0.0460415978646711,-0.0460415982016682,-3.3699709689472e-10,-0.263691386593809,-0.26369151002334607,-1.2342953709110205e-07
0.5259166666666667,0.9288888888888889,0.04,-0.7,2.0,0.3,0.04,0.01,10545,-0.584606210243116,-0.5846062086870627,1.5560532862224363e-09,2.2704572583132077,2.2704573044924743,4.617926663286198e-08,0.23738809864608246,0.23738810012153666,1.475454203259119e-09,-0.044190749886319214,-0.04419074992144498,-3.51257634090274e-11,-0.29421827968868774,-0.2942184052631929,-1.2557450512762358e-07
0.83625,0.9288888888888889,0.04,-0.7,2.0,0.3,0.04,0.01,10573,-0.5339354559312504,-0.5339354506265492,5.304701122810229e-09,1.873681843012065,1.8736819036918573,6.06797923019542e-08,0.2499107822787755,0.24991078314100423,8.622287328563516e-10,-0.03585463535647759,-0.03585463532746011,2.9017482860993482e-11,-0.4668213169679858,-0.4668214556832615,-1.3871527571041042e-07
1.1576666666666666,0.9288888888888889,0.04,-0.7,2.0,0.3,0.04,0.01,10602,-0.5029304496226294,-0.5029304450147435,4.607885961682712e-09,1.5450995011212498,1.5450994889503677,-1.2170882079942658e-08,0.24205964820937786,0.24205964869134172,4.819638577124863e-10,-0.029883343902262216,-0.029883343895243823,7.0183928113642935e-12,-0.6446534664628079,-0.6446536240585402,-1.5759573235296642e-07
1.56775,0.9288888888888889,0.04,-0.7,2.0,0.3,0.04,0.01,10639,-0.48189210623300616,-0.48189210347777034,2.7552358172755476e-09,1.3195683712385886,1.3195683863833296,1.5144741016825947e-08,0.22341426721736446,0.22341426759684535,3.7948089115502626e-10,-0.023123686698350854,-0.023123686667385564,3.0965289360418424e-11,-0.8676328394377486,-0.8676330261082715,-1.866705229280896e-07
1.6564166666666666,0.9288888888888889,0.04,-0.7,2.0,0.3,0.04,0.01,10647,-0.47850945809599366,-0.4785094555078957,2.588097958167168e-09,1.289636944457051,1.2896370704197027,1.2596265164255271e-07,0.21929035497456062,0.21929035535873118,3.8417055647776976e-10,-0.02202368180076464,-0.022023681768877756,3.1886882023712815e-11,-0.9149772911454246,-0.9149774844332028,-1.9328777822735788e-07
1.7229166666666667,0.9288888888888889,0.04,-0.7,2.0,0.3,0.04,0.01,10653,-0.47608667565562923,-0.47608667314591124,2.5097179889854715e-09,1.2697455253896095,1.2697455970451337,7.165552418086918e-08,0.21625524934246187,0.21625524973276788,3.903060097343314e-10,-0.021293740856825893,-0.02129374082719722,2.962867451383744e-11,-0.9502672737496387,-0.9502674720564922,-1.9830685349386812e-07
0.06041666666666667,0.9311111111111111,0.04,-0.7,2.0,0.3,0.04,0.01,10684,-0.7751744930501597,-0.7751745496485669,-5.6598407183194865e-08,3.3547968139591156,3.354797202423069,3.884639534490475e-07,0.013878037727899084,0.013878037943549509,2.1565042460092165e-10,-0.08418084459067832,-0.08418069129935053,1.532913277840775e-07,-0.011844898586133024,-0.01184504413822851,-1.455520954856543e-07
0.10475000000000001,0.9311111111111111,0.04,-0.7,2.0,0.3,0.04,0.01,10688,-0.7332884006493179,-0.7332884341123329,-3.3463015025603227e-08,3.2067975247462854,3.2067977885187187,2.6377243322883714e-07,0.058708558352757456,0.058708559802112335,1.4493548791683075e-09,-0.04053931703988656,-0.040539296270622034,2.076926452349026e-08,-0.05809570357742655,-0.05809582735131854,-1.2377389198986455e-07
0.24883333333333335,0.9311111111111111,0.04,-0.7,2.0,0.3,0.04,0.01,10701,-0.6600688765384666,-0.6600688800942885,-3.555821970202544e-09,2.8762177833874247,2.8762179610169563,1.7762953152811178e-07,0.1684098554576713,0.16840985835942138,2.9017500902117632e-09,-0.03986248733309217,-0.03986248760647356,-2.733813939115315e-10,-0.14491959835001567,-0.14491971743182977,-1.1908181410391627e-07
0.271,0.9311111111111111,0.04,-0.7,2.0,0.3,0.04,0.01,10703,-0.6508802359930094,-0.6508802376221473,-1.6291379356658808e-09,2.8125812498447367,2.812581279011787,2.916705010846954e-08,0.17926793302924793,0.17926793581790587,2.7886579434532877e-09,-0.04212879128703828,-0.04212879225634257,-9.693042896108395e-10,-0.156404270153232,-0.1564043888813589,-1.1872812691327006e-07
0.4926666666666667,0.9311111111111111,0.04,-0.7,2.0,0.3,0.04,0.01,10723,-0.5864288263535133,-0.5864288247818491,1.5716642431939931e-09,2.3185611958131958,2.3185612403752223,4.45620265132618e-08,0.23481441531900127,0.23481441690479857,1.5857972990307445e-09,-0.04581725219332533,-0.04581725237588469,-1.8255935652078392e-10,-0.2736420058552236,-0.27364213011455946,-1.242593358763422e-07
0.7586666666666667,0.9311111111111111,0.04,-0.7,2.0,0.3,0.04,0.01,10747,-0.5401462006326962,-0.5401461957977743,4.834921907281853e-09,1.962163484470203,1.962163549350865,6.488066195409203e-08,0.2502307846202756,0.25023078561828077,9.980051784985733e-10,-0.03773455567727957,-0.03773455560068685,7.659271827886727e-11,-0.42112276739926513,-0.4211229021355104,-1.3473624527193806e-07
0.936,0.9311111111111111,0.04,-0.7,2.0,0.3,0.04,0.01,10763,-0.5183446953671567,-0.5183446897624258,5.6047309016094005e-09,1.7504510674282159,1.7504510162844975,-5.1143718371449154e-08,0.24956690875474474,0.24956690946651555,7.117708089587893e-10,-0.03423644113917379,-0.0342364411392369,-6.310924005603624e-14,-0.519363675318199,-0.5193638188943738,-1.4357617472704476e-07
0.9581666666666667,0.9311111111111111,0.04,-0.7,2.0,0.3,0.04,0.01,10765,-0.5160776112617116,-0.5160776056922792,5.569432359742166e-09,1.7261509110966244,1.7261509493225151,3.822589067503657e-08,0.24911055953702466,0.24911056021775485,6.80730194435597e-10,-0.033819835742743276,-0.03381983574507893,-2.3356525047368848e-12,-0.5316184741509244,-0.531618618962633,-1.4481170851343705e-07
1.069,0.9311111111111111,0.04,-0.7,2.0,0.3,0.04,0.01,10775,-0.5060878509990929,-0.5060878458898519,5.109241030254452e-09,1.614842687347462,1.6148427260858442,3.873838227974602e-08,0.24595802749313722,0.2459580280469704,5.538331737664492e-10,-0.031723232274336044,-0.03172323227770587,-3.369825252175218e-12,-0.5927850987776789,-0.5927852501759169,-1.513982379464096e-07
1.202,0.9311111111111111,0.04,-0.7,2.0,0.3,0.04,0.01,10787,-0.4966014039256561,-0.4966013996273027,4.298353395437715e-09,1.5054132551650667,1.505413218676571,-3.6488495780417907e-08,0.24082341227443793,0.2408234127309666,4.5652867597389957e-10,-0.0292019293107737,-0.02920192930224634,8.527359374177479e-12,-0.6658644101238675,-0.6658645701413666,-1.600174990290526e-07
1.2574166666666666,0.9311111111111111,0.04,-0.7,2.0,0.3,0.04,0.01,10792,-0.49328289835087746,-0.4932828943828752,3.968002260101855e-09,1.4673016746069578,1.4673016297963049,-4.4810652966020825e-08,0.23841544028749273,0.23841544071544482,4.2795209043156035e-10,-0.02817707219729404,-0.02817707218280258,1.449146011522906e-11,-0.6961764066658327,-0.6961765704538142,-1.637879815108434e-07
1.335,0.9311111111111111,0.04,-0.7,2.0,0.3,0.04,0.01,10799,-0.48912359522493287,-0.48912359166548175,3.55945112273659e-09,1.4204975390397223,1.4204975412204537,2.180731373258027e-09,0.23488908909019557,0.23488908949185394,4.01658373228031e-10,-0.02679553393322709,-0.02679553390748897,2.5738119968643502e-11,-0.7384482824071559,-0.7384484516046914,-1.691975355377906e-07
1.4015,0.9311111111111111,0.04,-0.7,2.0,0.3,0.04,0.01,10805,-0.48592477401077083,-0.48592477074804397,3.2627268664597864e-09,1.3857328173827455,1.3857327870743155,-3.0308429987968566e-08,0.23178016274327806,0.23178016312808114,3.8480307829047433e-10,-0.0256768864891066,-0.02567688646330871,2.5797888131284807e-11,-0.7745114726329105,-0.774511646568027,-1.739351164209424e-07
0.10475000000000001,0.9333333333333333,0.04,-0.7,2.0,0.3,0.04,0.01,10869,-0.7261133427179101,-0.7261133746841771,-3.1966267077798705e-08,3.250422839218281,3.2504231982057923,3.589875112730567e-07,0.059779901173812044,0.05977990267572443,1.5019123861259587e-09,-0.042114286064182105,-0.042114264651294635,2.1412887470095843e-08,-0.05724700404934058,-0.05724712917393751,-1.2512459693359013e-07
0.21558333333333335,0.9333333333333333,0.04,-0.7,2.0,0.3,0.04,0.01,10879,-0.6681616221264342,-0.6681616291036984,-6.977264210838996e-09,2.9785555216710335,2.978555675664228,1.539931946403783e-07,0.1506443591357126,0.15064436214882862,3.0131160067004004e-09,-0.03742619496413524,-0.037426193593271345,1.3708638946230423e-09,-0.125740086622389,-0.12574020710369235,-1.20481303350628e-07
0.22666666666666668,0.9333333333333333,0.04,-0.7,2.0,0.3,0.04,0.01,10880,-0.6632220469989653,-0.6632220524534517,-5.454486418088322e-09,2.9463698300591368,2.9463699488199877,1.1876085093120992e-07,0.15739752777334248,0.1573975307791596,3.0058171229807584e-09,-0.038511216364361944,-0.03851121563621113,7.281508174195039e-10,-0.13164500984604033,-0.1316451299215752,-1.2007553487625167e-07
0.30425,0.9333333333333333,0.04,-0.7,2.0,0.3,0.04,0.01,10887,-0.6321184571003724,-0.6321184565888658,5.115066148420055e-10,2.7181852796376305,2.718185424917279,1.4527964875554744e-07,0.19434378201274582,0.19434378460528956,2.592543735246977e-09,-0.045767916480171644,-0.04576791792971355,-1.4495419031756995e-09,-0.17163508396172977,-0.17163520288305728,-1.189213275076817e-07
0.3929166666666667,0.9333333333333333,0.04,-0.7,2.0,0.3,0.04,0.01,10895,-0.6047244196878687,-0.6047244180938222,1.5940465614150412e-09,2.4985079311035108,2.4985079934362733,6.233276250711128e-08,0.21977400535562464,0.21977400737373873,2.0181140925057406e-09,-0.048560245615447695,-0.04856024662706688,-1.0116191842546307e-09,-0.21764945970725869,-0.21764958045247718,-1.2074521849037012e-07
0.70325,0.9333333333333333,0.04,-0.7,2.0,0.3,0.04,0.01,10923,-0.5438574659487327,-0.5438574615420954,4.406637388321144e-09,2.0263309585821787,2.0263309970936554,3.851147667432997e-08,0.2498931234697077,0.24989312457173096,1.1020232504321825e-09,-0.0393735024428743,-0.0393735023288396,1.1403469835080671e-10,-0.3878423784350188,-0.38784251055856667,-1.3212354788016967e-07
0.9470833333333334,0.9333333333333333,0.04,-0.7,2.0,0.3,0.04,0.01,10945,-0.513344796367679,-0.5133447907535327,5.614146370014339e-09,1.7307525232435061,1.730752465482628,-5.7760878080515e-08,0.25002456069282697,0.2500245613855441,6.927171058990211e-10,-0.034252720235578016,-0.034252720234382944,1.1950718192821341e-12,-0.5226810981760754,-0.5226812419447069,-1.4376863144427432e-07
1.2795833333333333,0.9333333333333333,0.04,-0.7,2.0,0.3,0.04,0.01,10975,-0.48881749091289617,-0.4888174870966334,3.816262750255817e-09,1.4480776688863273,1.4480776942652418,2.5378914525475693e-08,0.23797119367702235,0.23797119409287446,4.1585210275307816e-10,-0.027895809108224867,-0.027895809089797153,1.842771421567413e-11,-0.704995589340951,-0.7049957541119615,-1.6477101050238474e-07
1.734,0.9333333333333333,0.04,-0.7,2.0,0.3,0.04,0.01,11016,-0.47007541652377416,-0.47007541400122266,2.5225515010163235e-09,1.259920323626318,1.259920344877329,2.1251011173006873e-08,0.21671949724716422,0.21671949763930703,3.9214281821742247e-10,-0.021335793362053934,-0.021335793336280745,2.577318913843385e-11,-0.9481922872575654,-0.9481924851702973,-1.9791273186964276e-07
1.96675,0.9333333333333333,0.04,-0.7,2.0,0.3,0.04,0.01,11037,-0.46225413097678025,-0.46225412851860437,2.4581758850672486e-09,1.2026674434117979,1.2026674611103358,1.7698537968513506e-08,0.20662763052403665,0.20662763094560035,4.215637006144135e-10,-0.019406143130784592,-0.01940614310805512,2.272947108306056e-11,-1.0695273201567768,-1.0695275359859198,-2.1582914300211087e-07
0.5591666666666667,0.9355555555555556,0.04,-0.7,2.0,0.3,0.04,0.01,11091,-0.5632208874137984,-0.5632208846867967,2.727001735536305e-09,2.214343715334355,2.214343808734428,9.34000730090645e-08,0.24336773514294086,0.24336773655865113,1.4157102712353264e-09,-0.04427113135752059,-0.04427113128091588,7.660470868753322e-11,-0.30570151039507887,-0.30570163696114466,-1.265660657945311e-07
1.0800833333333333,0.9355555555555556,0.04,-0.7,2.0,0.3,0.04,0.01,11138,-0.4980999237864936,-0.49809991879772103,4.988772561720367e-09,1.5913269230116711,1.591326865804979,-5.720669205011575e-08,0.2467861347522221,0.24678613529346236,5.412402470650335e-10,-0.03185470134614565,-0.031854701342504406,3.641247026120453e-12,-0.5929165231013944,-0.5929166742291484,-1.5112775397785327e-07
1.1355,0.9355555555555556,0.04,-0.7,2.0,0.3,0.04,0.01,11143,-0.49415539776859196,-0.49415539312779505,4.640796913424339e-09,1.544364261474307,1.544364342664996,8.119068906076166e-08,0.24469748402672353,0.24469748452018325,4.934597175321187e-10,-0.030765189693096606,-0.030765189685614754,7.481851943547113e-12,-0.6232469669195662,-0.6232471215377839,-1.5461821778472995e-07
1.2241666666666666,0.9355555555555556,0.04,-0.7,2.0,0.3,0.04,0.01,11151,-0.4886390647383665,-0.4886390606439754,4.094391103937056e-09,1.478659947262706,1.4786598811085032,-6.615420278244244e-08,0.24098747400058684,0.24098747444037596,4.397891217866601e-10,-0.029050727864618486,-0.029050727848152026,1.6466460139863415e-11,-0.6716112490104398,-0.6716114094672011,-1.604567613222585e-07
1.2795833333333333,0.9355555555555556,0.04,-0.7,2.0,0.3,0.04,0.01,11156,-0.4856051767754277,-0.48560517298914563,3.786282065654234e-09,1.4430116102026602,1.4430116814967462,7.129408596817655e-08,0.23850870592978524,0.2385087063439242,4.141389731149303e-10,-0.028013459624776083,-0.028013459604266,2.0510083215130592e-11,-0.7017198123582258,-0.7017199765947856,-1.6423655979647123e-07
1.4458333333333333,0.9355555555555556,0.04,-0.7,2.0,0.3,0.04,0.01,11171,-0.47789540297049626,-0.47789539989778357,3.072712695395552e-09,1.3567136081249487,1.3567135296508053,-7.847414340567127e-08,0.23070802012303826,0.23070802050309958,3.800613157523003e-10,-0.02515961526269872,-0.025159615229342357,3.3356362810765816e-11,-0.791398181122227,-0.7913983571083476,-1.7598612056524132e-07
0.19341666666666668,0.9377777777777778,0.04,-0.7,2.0,0.3,0.04,0.01,11239,-0.6647514272450222,-0.6647514359888065,-8.743784252196463e-09,3.0660276387206586,3.066027794278089,1.5555743049233683e-07,0.13842329123450736,0.13842329428620737,3.0517000038088327e-09,-0.03765746798570224,-0.03765746512563496,2.8600672802303606e-09,-0.11081823028169513,-0.11081835279689715,-1.2251520202510857e-07
0.5480833333333334,0.9377777777777778,0.04,-0.7,2.0,0.3,0.04,0.01,11271,-0.5603228226430668,-0.5603228197748332,2.8682335395657788e-09,2.226540074534711,2.226540180788936,1.0625422497412274e-07,0.2434122558541557,0.24341225730785565,1.4536999382031013e-09,-0.0450948939940965,-0.04509489393822703,5.586946877356169e-11,-0.29730075979381154,-0.29730088589314685,-1.260993353069395e-07
0.6035,0.9377777777777778,0.04,-0.7,2.0,0.3,0.04,0.01,11276,-0.5505628682749703,-0.5505628647094722,3.565498007951362e-09,2.1482272585804374,2.148227413596486,1.5501604844203598e-07,0.24735986764098938,0.24735986895967607,1.3186866876235825e-09,-0.043072022520851405,-0.043072022388174404,1.3267700132990612e-10,-0.32779456299890375,-0.32779469101068087,-1.2801177712296052e-07
1.2685,0.9377777777777778,0.04,-0.7,2.0,0.3,0.04,0.01,11336,-0.48297351911391617,-0.482973515301308,3.812608173614507e-09,1.4447267132622343,1.4447266729475639,-4.0314670490815274e-08,0.23954133444581416,0.23954133486304668,4.1723252630632146e-10,-0.028334888966669025,-0.02833488894842221,1.8246813782152316e-11,-0.6924503112355068,-0.6924504741788359,-1.629433290517568e-07
0.20450000000000002,0.9400000000000001,0.04,-0.7,2.0,0.3,0.04,0.01,11421,-0.6530266874209267,-0.6530266936714645,-6.250537754048935e-09,3.0396837519264253,3.039683868883019,1.1695659374311163e-07,0.14726565993876395,0.14726566305982733,3.121063379962763e-09,-0.039432445993747844,-0.039432443944492225,2.0492556193629774e-09,-0.11536052605440328,-0.11536064856156897,-1.225071656896226e-07
0.5813333333333334,0.9400000000000001,0.04,-0.7,2.0,0.3,0.04,0.01,11455,-0.5495320111751495,-0.5495320076368907,3.5382587970644863e-09,2.1745280423535185,2.174528033949519,-8.403999274264606e-09,0.24684756130044505,0.24684756267776034,1.3773152895968366e-09,-0.04424153186195767,-0.04424153174408007,1.178776035115625e-10,-0.3132412183544375,-0.3132413454948659,-1.2714042835204609e-07
0.7475833333333334,0.9400000000000001,0.04,-0.7,2.0,0.3,0.04,0.01,11470,-0.5242881983560932,-0.5242881929508677,5.405225489418797e-09,1.9489778180226125,1.9489778716430812,5.362046873180759e-08,0.2532254701068104,0.2532254711311306,1.0243201842285998e-09,-0.03921631333177189,-0.03921631324757665,8.419524105685028e-11,-0.4047266915657016,-0.4047268247433838,-1.33177682160035e-07
0.7808333333333334,0.9400000000000001,0.04,-0.7,2.0,0.3,0.04,0.01,11473,-0.5199780056960868,-0.5199780000816379,5.614448905788549e-09,1.9060033246143249,1.9060033089776902,-1.563663465375953e-08,0.25355943921751,0.2535594401772589,9.597488914714347e-10,-0.038428152413921834,-0.0384281523512504,6.267143748406312e-11,-0.4230162082907718,-0.42301634284810014,-1.3455732833511647e-07
0.9138333333333334,0.9400000000000001,0.04,-0.7,2.0,0.3,0.04,0.01,11485,-0.505062255517913,-0.5050622497564021,5.761510823987237e-09,1.7449532513369448,1.744953172061113,-7.927583189903942e-08,0.2526496010777507,0.2526496018153692,7.376185218177511e-10,-0.03557621084115947,-0.035576210830845,1.0314471499128786e-11,-0.4960471819977219,-0.4960473228046335,-1.4080691157491998e-07
1.4901666666666666,0.9400000000000001,0.04,-0.7,2.0,0.3,0.04,0.01,11537,-0.4701690874719944,-0.47016908453853284,2.9334615292420096e-09,1.3301396040166225,1.3301395519433807,-5.2073241718630925e-08,0.22956913942551171,0.22956913979934523,3.7383351969566547e-10,-0.024651039418899234,-0.024651039384847414,3.405182039117882e-11,-0.8079525541096477,-0.8079527321760331,-1.7806638541451036e-07
1.5566666666666666,0.9400000000000001,0.04,-0.7,2.0,0.3,0.04,0.01,11543,-0.46772675657835716,-0.4677267537904556,2.787901576262186e-09,1.3050914238199596,1.3050913616303061,-6.218965342696947e-08,0.226391503754253,0.22639150412807307,3.738200859970675e-10,-0.023690782389035325,-0.023690782354058526,3.497679923469832e-11,-0.8432037161484884,-0.8432038990676671,-1.829191786928419e-07
1.867,0.9400000000000001,0.04,-0.7,2.0,0.3,0.04,0.01,11571,-0.45743429593139706,-0.4574342934087286,2.5226684630119678e-09,1.2156789602757456,1.215679019446274,5.9170528476926165e-08,0.2121914877054043,0.2121914881095388,4.041345036398525e-10,-0.020344759149582003,-0.02034475912239253,2.7189472895372546e-11,-1.0053538127832717,-1.0053540189948684,-2.0621159668721134e-07
0.06041666666666667,0.9422222222222223,0.04,-0.7,2.0,0.3,0.04,0.01,11589,-0.735919188173742,-0.7359192346303997,-4.6456657631921416e-08,3.699863727890662,3.6998642618618924,5.339712303431554e-07,0.01818905126071968,0.018189051704482123,4.437624434583398e-10,-0.09779255833314293,-0.09779239281178348,1.655213594520255e-07,-0.00829108065536488,-0.008291235699649187,-1.5504428430707096e-07
0.10475000000000001,0.9422222222222223,0.04,-0.7,2.0,0.3,0.04,0.01,11593,-0.6965116902413193,-0.6965117159572649,-2.5715945595194967e-08,3.404384268934635,3.404384626171529,3.572368942883486e-07,0.06401756620116883,0.06401756790485705,1.7036882182797086e-09,-0.048270059165855805,-0.048270035293999536,2.3871856269508385e-08,-0.053889091441230996,-0.05388922208359486,-1.3064236386445272e-07
0.17125,0.9422222222222223,0.04,-0.7,2.0,0.3,0.04,0.01,11599,-0.661000110878246,-0.6610001215396324,-1.0661386440347087e-08,3.1652355347855377,3.165235769464199,2.3467866139270654e-07,0.12429032871776047,0.12429033171210778,2.9943473117688413e-09,-0.038834045706995224,-0.038834040929690374,4.7773048503230164e-09,-0.09593625871717748,-0.09593638387751603,-1.251603385515887e-07
0.3929166666666667,0.9422222222222223,0.04,-0.7,2.0,0.3,0.04,0.01,11619,-0.5825598808442689,-0.5825598784343547,2.4099141571198857e-09,2.487788727800755,2.4877887900063675,6.220561266090385e-08,0.22414881996959957,0.22414882203515113,2.065551563124046e-09,-0.05085030309451288,-0.050850304035077086,-9.405642029114425e-10,-0.20953085766529933,-0.20953097894705636,-1.212817570261926e-07
0.83625,0.9422222222222223,0.04,-0.7,2.0,0.3,0.04,0.01,11659,-0.5092477871408707,-0.5092477812662656,5.874605135680611e-09,1.828711068685429,1.828711219204142,1.5051871282700802e-07,0.2542612967735419,0.25426129763558264,8.620407165871313e-10,-0.03745106028324452,-0.03745106025083308,3.241144158616649e-11,-0.45081268043589695,-0.45081281713572113,-1.3669982418251792e-07
1.16875,0.9422222222222223,0.04,-0.7,2.0,0.3,0.04,0.01,11689,-0.48191680126409564,-0.4819167969380953,4.3260003357303844e-09,1.5008986595232976,1.5008986320154791,-2.750781846749817e-08,0.24498193965771797,0.24498194012675023,4.690322574774086e-10,-0.03052243375482877,-0.03052243374234189,1.2486879585882349e-11,-0.6320941056641577,-0.6320942609628871,-1.5529872943176315e-07
1.1909166666666666,0.9422222222222223,0.04,-0.7,2.0,0.3,0.04,0.01,11691,-0.480647453581437,-0.4806474493967198,4.184717239397173e-09,1.4850302584856756,1.4850302099460237,-4.85396518534742e-08,0.24403440836394397,0.2440344088170779,4.531339470315032e-10,-0.030077288073887543,-0.03007728805982265,1.4064891612486363e-11,-0.644088692645095,-0.64408884938173,-1.5673663500415103e-07
1.2463333333333333,0.9422222222222223,0.04,-0.7,2.0,0.3,0.04,0.01,11696,-0.477684274898596,-0.4776842710251087,3.8734873086809785e-09,1.4482534241300193,1.4482533499716412,-7.41583781049826e-08,0.24157907817283497,0.24157907859830588,4.254709085049768e-10,-0.028985732460143354,-0.02898573244234687,1.779648303723569e-11,-0.6740091317576635,-0.6740092921699415,-1.6041227801633084e-07
1.4458333333333333,0.9422222222222223,0.04,-0.7,2.0,0.3,0.04,0.01,11714,-0.46889152723342264,-0.46889152417753266,3.055889985503768e-09,1.3444635987847064,1.344463632415441,3.363073464157651e-08,0.2321745187432167,0.23217451912093226,3.777155532791454e-10,-0.025426743541501207,-0.025426743509111005,3.239020163192663e-11,-0.7808362365406551,-0.7808364108595208,-1.743188656755379e-07
1.70075,0.9422222222222223,0.04,-0.7,2.0,0.3,0.04,0.01,11737,-0.46000633131024204,-0.4600063287006512,2.6095908212120378e-09,1.2556369749505691,1.2556369540449301,-2.090563899770359e-08,0.22008678983165275,0.22008679021646682,3.848140694984181e-10,-0.02198524953936354,-0.021985249507509314,3.1854224119554075e-11,-0.9150677022602693,-0.9150678952803273,-1.9302005793697674e-07
0.02716666666666667,0.9444444444444444,0.04,-0.7,2.0,0.3,0.04,0.01,11767,-0.782114699895281,-0.7821147948900149,-9.499473385687907e-08,4.544505602388504,4.544506583331467,9.80942962414133e-07,-0.01719895086280121,-0.017198951031805684,-1.6900447361023474e-10,-0.23536921435980684,-0.23536949131197568,-2.7695216883727447e-07,0.054807035164278206,0.05480689489538825,-1.4026888995460896e-07
0.08258333333333334,0.9444444444444444,0.04,-0.7,2.0,0.3,0.04,0.01,11772,-0.7056752554379653,-0.7056752874033491,-3.196538378436031e-08,3.558230227129755,3.558230703916562,4.76786806924423e-07,0.04219070980818196,0.042190710903893446,1.0957114868204165e-09,-0.06410967719062965,-0.06410960806817936,6.912245029133679e-08,-0.0342785981229804,-0.0342787376636995,-1.3954071910460275e-07
0.20450000000000002,0.9444444444444444,0.04,-0.7,2.0,0.3,0.04,0.01,11783,-0.6394828159272947,-0.6394828207666802,-4.839385447930056e-09,3.054432345939162,3.054432498219568,1.5228040606274362e-07,0.1496699737082302,0.1496699769002042,3.1919739906793865e-09,-0.041343552798153715,-0.041343550767378646,2.030775068939672e-09,-0.11249345368211094,-0.11249357737752116,-1.236954102201704e-07
0.44833333333333336,0.9444444444444444,0.04,-0.7,2.0,0.3,0.04,0.01,11805,-0.5645182712846197,-0.5645182685043617,2.7802580238045493e-09,2.3757379147282265,2.3757379204176976,5.68947111645457e-09,0.23499921859487793,0.2349992204043069,1.8094289677694775e-09,-0.05013326127602247,-0.05013326169331318,-4.1729071587059963e-10,-0.23665355077091832,-0.23665367369153892,-1.2292062059882092e-07
0.47050000000000003,0.9444444444444444,0.04,-0.7,2.0,0.3,0.04,0.01,11807,-0.5599679145905367,-0.559967911678537,2.9119997524418295e-09,2.3368592477757133,2.336859331455988,8.368027470950778e-08,0.238084335122124,0.23808433684301558,1.7208915681354853e-09,-0.049362734202279546,-0.049362734458950876,-2.566713300233836e-10,-0.24848633749574578,-0.24848646106765138,-1.2357190559697528e-07
0.4926666666666667,0.9444444444444444,0.04,-0.7,2.0,0.3,0.04,0.01,11809,-0.5556256768431134,-0.5556256737645584,3.0785549665068856e-09,2.2999016274782846,2.2999017611353616,1.336570769616685e-07,0.24078404203362047,0.24078404367594927,1.642328800732784e-09,-0.04851514813844493,-0.04851514826643257,-1.2798764131849438e-10,-0.2603986550931553,-0.2603987793284565,-1.242353012131936e-07
0.63675,0.9444444444444444,0.04,-0.7,2.0,0.3,0.04,0.01,11822,-0.531116975169138,-0.5311169704657651,4.7033729133616475e-09,2.0853483967409048,2.0853483727453055,-2.399559928534245e-08,0.25163768744645987,0.25163768870692604,1.260466175878605e-09,-0.04301166980434645,-0.04301166965866739,1.4567906603257796e-10,-0.3388909356082104,-0.3388910643441261,-1.2873591570539133e-07
1.3460833333333333,0.9444444444444444,0.04,-0.7,2.0,0.3,0.04,0.01,11886,-0.4698954198055494,-0.46989541642350036,3.382049029720946e-09,1.3868537290795402,1.3868537057443429,-2.333519732999889e-08,0.23742937436857514,0.2374293747589397,3.9036454624330474e-10,-0.027218513201920924,-0.027218513172479045,2.9441879489944256e-11,-0.724244822165182,-0.7242449888947984,-1.6672961633545924e-07
1.5345,0.9444444444444444,0.04,-0.7,2.0,0.3,0.04,0.01,11903,-0.46270638476661463,-0.46270638192507035,2.841544277654151e-09,1.3055661302052712,1.3055661612620155,3.1056744287383253e-08,0.22837845347137287,0.22837845384312,3.7174713307663865e-10,-0.024159018028740986,-0.02415901799217809,3.6562895072700385e-11,-0.8241780797939302,-0.8241782599687335,-1.8017480329923785e-07
1.7783333333333333,0.9444444444444444,0.04,-0.7,2.0,0.3,0.04,0.01,11925,-0.45478566331788595,-0.45478566073616783,2.581718117067311e-09,1.2310155034223058,1.2310155904943128,8.707200693791606e-08,0.21698972681449824,0.21698972720614265,3.916444113460926e-10,-0.021260986909771296,-0.02126098687785363,3.19176664265175e-11,-0.9514055606812954,-0.9514057589378198,-1.982565243086043e-07
0.02716666666666667,0.9466666666666667,0.04,-0.7,2.0,0.3,0.04,0.01,11948,-0.7718772090060944,-0.7718772995796064,-9.057351202379493e-08,4.6682558207944425,4.668256915945954,1.0951515116985888e-06,-0.016678275447726265,-0.01667827559116584,-1.4343957618900838e-10,-0.24093903378173687,-0.24093929462855893,-2.608468220588467e-07,0.055742959428339844,0.05574281515419762,-1.44274142223344e-07
0.4594166666666667,0.9466666666666667,0.04,-0.7,2.0,0.3,0.04,0.01,11987,-0.5569838805853655,-0.5569838775204828,3.0648826809809293e-09,2.352095346269678,2.352095381410036,3.514035773477531e-08,0.23753867890018154,0.23753868067489436,1.7747128211453855e-09,-0.05021205122815453,-0.05021205154983351,-3.216789820625898e-10,-0.24042508181963684,-0.24042520513282464,-1.233131877997895e-07
0.47050000000000003,0.9466666666666667,0.04,-0.7,2.0,0.3,0.04,0.01,11988,-0.5547793183051375,-0.5547793151656514,3.139486115522061e-09,2.332826132267485,2.332826184821942,5.255445723051366e-08,0.2390198290048301,0.239019830735118,1.7302879129488247e-09,-0.0498037629802911,-0.04980376322798709,-2.4769598871987597e-10,-0.24633267262166858,-0.2463327962473743,-1.2362570572799214e-07
0.803,0.9466666666666667,0.04,-0.7,2.0,0.3,0.04,0.01,12018,-0.5047952224000729,-0.5047952164329657,5.967107252757842e-09,1.854447159721495,1.8544471843285244,2.4607029303069794e-08,0.2557068266106216,0.2557068275318569,9.212353102583393e-10,-0.038707013703329074,-0.0387070136527083,5.06207714634499e-11,-0.4273559817070949,-0.42735611635822246,-1.3465112758126452e-07
0.8805833333333334,0.9466666666666667,0.04,-0.7,2.0,0.3,0.04,0.01,12025,-0.49664380049413426,-0.4966437945942582,5.8998760321671284e-09,1.7597925117129876,1.7597924620843919,-4.962859567747557e-08,0.2550847381875554,0.2550847389742157,7.866602924622157e-10,-0.036939978205682844,-0.03693997818663883,1.9044016363878313e-11,-0.4696801397968686,-0.4696802778999141,-1.3810304549943808e-07
0.9249166666666667,0.9466666666666667,0.04,-0.7,2.0,0.3,0.04,0.01,12029,-0.49250536691906877,-0.49250536118246263,5.736606134565392e-09,1.7095716495219015,1.7095716194224464,-3.009945515053403e-08,0.25427845833828067,0.25427845905419255,7.159118853294899e-10,-0.035968316067017114,-0.03596831605870831,8.308805032886113e-12,-0.493825474494336,-0.49382561476832676,-1.402739907563344e-07
0.9581666666666667,0.9466666666666667,0.04,-0.7,2.0,0.3,0.04,0.01,12032,-0.4896325313973049,-0.48963252582246525,5.574839645472451e-09,1.6739282987510151,1.673928189989891,-1.0876112410684868e-07,0.25349371549847344,0.25349371616763633,6.6916289176433e-10,-0.03524770829148316,-0.0352477082837343,7.748857111522511e-12,-0.5119125014821369,-0.5119126434653629,-1.4198322606517877e-07
1.0468333333333333,0.9466666666666667,0.04,-0.7,2.0,0.3,0.04,0.01,12040,-0.4828494035857833,-0.48284939855404974,5.0317335853478085e-09,1.5876798042935292,1.5876798619334767,5.7639947481646914e-08,0.25078576686092535,0.25078576742516745,5.64242097489398e-10,-0.033342998354279896,-0.03334299835079653,3.483366373124852e-12,-0.5600379860561805,-0.5600381329569846,-1.4690080407664396e-07
1.4015,0.9466666666666667,0.04,-0.7,2.0,0.3,0.04,0.01,12072,-0.4646032699448521,-0.4646032667680481,3.1768040420487864e-09,1.3557381550732828,1.3557381917937683,3.6720485541152925e-08,0.23524693912528594,0.23524693950507694,3.797910042013797e-10,-0.02633386206429833,-0.026333862033645055,3.065327505713533e-11,-0.7503401502289425,-0.7503403203236445,-1.7009470199003118e-07
1.5123333333333333,0.9466666666666667,0.04,-0.7,2.0,0.3,0.04,0.01,12082,-0.46056795043075693,-0.4605679475380975,2.8926594453082544e-09,1.309931935145059,1.3099319387654313,3.6203724462779974e-09,0.22989773681689196,0.22989773718734266,3.7045069789520824e-10,-0.02455972731046918,-0.02455972727519831,3.527087302779286e-11,-0.8088871634573391,-0.8088873414745988,-1.7801725971100524e-07
1.5455833333333333,0.9466666666666667,0.04,-0.7,2.0,0.3,0.04,0.01,12085,-0.4594348647424251,-0.4594348619119248,2.8305003341166923e-09,1.2978038033129025,1.2978038822368372,7.892393472097581e-08,0.22829892700512722,0.22829892737931293,3.741857101946522e-10,-0.02407694850006803,-0.024076948466399,3.3669029370075876e-11,-0.8263560910702628,-0.8263562714999808,-1.8042971805520835e-07
1.734,0.9466666666666667,0.04,-0.7,2.0,0.3,0.04,0.01,12102,-0.45341256503281246,-0.45341256241082945,2.6219830195906013e-09,1.2393713860747724,1.239371334660339,-5.141443337741691e-08,0.21943751921618682,0.21943751960039384,3.842070273041287e-10,-0.02177085585211569,-0.021770855821610226,3.05054627391943e-11,-0.9245163095598918,-0.9245165038985137,-1.9433862186168938e-07
1.83375,0.9466666666666667,0.04,-0.7,2.0,0.3,0.04,0.01,12111,-0.4503696654943601,-0.45036966290310615,2.591253933648119e-09,1.2135362076337586,1.2135363190209398,1.113871812563616e-07,0.2149442384712097,0.21494423887199665,4.007869591760027e-10,-0.020827482996310653,-0.02082748296653057,2.9780084648267646e-11,-0.9759306434480031,-0.9759308453035374,-2.0185553428753167e-07
1.9445833333333333,0.9466666666666667,0.04,-0.7,2.0,0.3,0.04,0.01,12121,-0.4470213550827884,-0.44702135248507413,2.5977142659172614e-09,1.1874244532084077,1.1874244702396486,1.703124086205321e-08,0.21015011337402467,0.21015011378861445,4.1458977917407935e-10,-0.019976359668938404,-0.01997635964575215,2.318625499930782e-11,-1.032642017586849,-1.032642227927791,-2.1034094199734454e-07
0.02716666666666667,0.9488888888888889,0.04,-0.7,2.0,0.3,0.04,0.01,12129,-0.7613714448355055,-0.761371530630918,-8.579541255215872e-08,4.785872915330502,4.785873950700824,1.0353703219223576e-06,-0.01614822094656715,-0.016148221061898418,-1.1533126884066824e-10,-0.24632132136832852,-0.24632156497687002,-2.4360854150584643e-07,0.05661421568610436,0.05661406739508032,-1.4829102404356753e-07
0.138,0.9488888888888889,0.04,-0.7,2.0,0.3,0.04,0.01,12139,-0.654971809271182,-0.6549718227549143,-1.3483732241859059e-08,3.3415048866780594,3.3415051326297776,2.459517181030435e-07,0.09933426837777093,0.0993342710362366,2.65846566982475e-09,-0.043844985154473104,-0.043844975685247936,9.469225167868522e-09,-0.07336140812698455,-0.07336153864994013,-1.3052295558257931e-07
0.17125,0.9488888888888889,0.04,-0.7,2.0,0.3,0.04,0.01,12142,-0.6397690937071099,-0.6397691016048227,-7.897712817062086e-09,3.2022276746923595,3.2022279200273034,2.453349439157648e-07,0.1277256984800329,0.12772570159925542,3.119222519165632e-09,-0.04180452422487824,-0.04180451916692235,5.057955887455279e-09,-0.09227234465031264,-0.09227247225804638,-1.2760773374087542e-07
0.67,0.9488888888888889,0.04,-0.7,2.0,0.3,0.04,0.01,12187,-0.5171630579167696,-0.5171630524918844,5.4248852077165566e-09,2.025088233215122,2.0250883254436904,9.222856833801529e-08,0.254456402153172,0.2544564033456506,1.192478615852366e-09,-0.04257860369692723,-0.04257860356360519,1.3332204090721334e-10,-0.35221639154633944,-0.3522165210651368,-1.2951879735378924e-07
0.7143333333333334,0.9488888888888889,0.04,-0.7,2.0,0.3,0.04,0.01,12191,-0.5112529678063388,-0.5112529620594949,5.746843889653519e-09,1.9636315781723646,1.9636316676220031,8.94496385850374e-08,0.25559525028327756,0.25559525137922784,1.0959502749763317e-09,-0.041255952651989,-0.04125595254640979,1.055792120396859e-10,-0.37640291049044483,-0.37640304150012716,-1.3100968232482302e-07
0.9470833333333334,0.9488888888888889,0.04,-0.7,2.0,0.3,0.04,0.01,12212,-0.4868314537259666,-0.4868314481139992,5.6119673907950585e-09,1.6781161543688583,1.6781161536111862,-7.576721472446479e-10,0.25434307416596913,0.2543430748477856,6.818164921540415e-10,-0.03567460873307726,-0.03567460872347016,9.607099837882771e-12,-0.503099522260117,-0.5030996632975852,-1.410374681487525e-07
1.1133333333333333,0.9488888888888889,0.04,-0.7,2.0,0.3,0.04,0.01,12227,-0.47509961107451704,-0.47509960651050515,4.564011890639819e-09,1.5252073173877,1.5252072882677206,-2.9119979538805296e-08,0.2488102980950646,0.2488102985941273,4.990626800704945e-10,-0.03206553033222037,-0.03206553032419618,8.02419242162955e-12,-0.593002073011259,-0.5930022234452262,-1.5043396728309233e-07
1.2130833333333333,0.9488888888888889,0.04,-0.7,2.0,0.3,0.04,0.01,12236,-0.4696825010538225,-0.4696824970877907,3.966031780766599e-09,1.4537920131618698,1.4537919207957792,-9.236609055385259e-08,0.2445613113249978,0.244561311761338,4.363401862050864e-10,-0.029981651882282634,-0.02998165186329975,1.898288470858489e-11,-0.6465916947945294,-0.6465918515409415,-1.5674641207219508e-07
1.5566666666666666,0.9488888888888889,0.04,-0.7,2.0,0.3,0.04,0.01,12267,-0.45619221339332494,-0.45619221057438175,2.8189431899861006e-09,1.290151341315493,1.2901512879259187,-5.338957431710867e-08,0.22820991593841544,0.228209916311616,3.7320055379375106e-10,-0.02399449136616938,-0.023994491333913546,3.225583342092442e-11,-0.8285016137871137,-0.8285017944747531,-1.8068763940615185e-07
1.6120833333333333,0.9488888888888889,0.04,-0.7,2.0,0.3,0.04,0.01,12272,-0.4544154315019866,-0.4544154287612634,2.7407232039422524e-09,1.271730371010804,1.271730390691829,1.9681024809869996e-08,0.22556357315281494,0.22556357352834994,3.7553499199205476e-10,-0.02325152396218111,-0.023251523927704847,3.447626212293997e-11,-0.8574121989726735,-0.8574123837074279,-1.8473475438263165e-07
1.8448333333333333,0.9488888888888889,0.04,-0.7,2.0,0.3,0.04,0.01,12293,-0.44734720304764886,-0.44734720043390175,2.6137471076381757e-09,1.207348773735184,1.2073487446786164,-2.9056567596441596e-08,0.21487382599355564,0.2148738263905053,3.9694966758041517e-10,-0.02080011912722335,-0.02080011909845395,2.876940005669404e-11,-0.977543576370643,-0.9775437784719733,-2.021013302266894e-07
1.9778333333333333,0.9488888888888889,0.04,-0.7,2.0,0.3,0.04,0.01,12305,-0.4433990478722172,-0.44339904524256324,2.629653939045795e-09,1.1764881513443015,1.1764881862201653,3.487586375250373e-08,0.20916336533241542,0.2091633657513177,4.189022739797821e-10,-0.019823899431448133,-0.01982389940983918,2.1608954209328957e-11,-1.0453232172427662,-1.045323429527395,-2.1228462876443643e-07
0.12691666666666668,0.9511111111111111,0.04,-0.7,2.0,0.3,0.04,0.01,12319,-0.6530566166275398,-0.6530566310034822,-1.437594243647311e-08,3.410128179837102,3.410128545369183,3.655320810480589e-07,0.09002881316902411,0.0900288156391949,2.47017079013645e-09,-0.04692475424138143,-0.04692474168632614,1.2555055287077899e-08,-0.06559243742584875,-0.06559257028191103,-1.328560622765318e-07
0.18233333333333335,0.9511111111111111,0.04,-0.7,2.0,0.3,0.04,0.01,12324,-0.6280133698383789,-0.6280133754265339,-5.588155049807142e-09,3.1643905232248137,3.164390616633579,9.34087651671689e-08,0.13737368759092483,0.1373736908235135,3.232588668966585e-09,-0.042923852829473974,-0.042923848832865395,3.9966085788045724e-09,-0.09693262006081615,-0.09693274755216645,-1.2749135029632708e-07
0.23775000000000002,0.9511111111111111,0.04,-0.7,2.0,0.3,0.04,0.01,12329,-0.6063429391579833,-0.6063429394135745,-2.555912148594075e-10,2.934679144139807,2.9346792594096947,1.1526988785703907e-07,0.17333083852058562,0.17333084172602242,3.2054368048761717e-09,-0.04678626716027312,-0.04678626717659022,-1.6317100448581812e-11,-0.12474292768543949,-0.12474305120440492,-1.2351896543083551e-07
0.31533333333333335,0.9511111111111111,0.04,-0.7,2.0,0.3,0.04,0.01,12336,-0.5806045576520202,-0.5806045550801401,2.5718801532903512e-09,2.6681559350816286,2.668156007936881,7.28552524975612e-08,0.20737575753992932,0.2073757601900089,2.6500795724526682e-09,-0.052149965348649574,-0.05214996675701402,-1.4083644458984246e-09,-0.16256123223229446,-0.16256135359413026,-1.2136183580313542e-07
0.6589166666666667,0.9511111111111111,0.04,-0.7,2.0,0.3,0.04,0.01,12367,-0.514180412617346,-0.5141804071177051,5.499640964856667e-09,2.033490105468605,2.033490103577245,-1.891359957539862e-09,0.2548184918119145,0.254818493032308,1.2203935084720285e-09,-0.04324165886068765,-0.04324165871958174,1.4110591167737496e-10,-0.34374523584249084,-0.34374536485783763,-1.2901534679476967e-07
0.7919166666666667,0.9511111111111111,0.04,-0.7,2.0,0.3,0.04,0.01,12379,-0.49778943584932733,-0.4977894297634024,6.085924930676612e-09,1.8525329520402423,1.8525329536368353,1.596593079966624e-09,0.2570038754407672,0.257003876380303,9.395357825070505e-10,-0.039470411653808046,-0.039470411597656234,5.615181236651168e-11,-0.41611987651499205,-0.41612001017948314,-1.336644910865381e-07
0.8473333333333334,0.9511111111111111,0.04,-0.7,2.0,0.3,0.04,0.01,12384,-0.49202958356885096,-0.49202957754336973,6.025481225080398e-09,1.7833679463730157,1.7833679180869635,-2.828605216720348e-08,0.25671818704289806,0.2567181878787477,8.35849611746653e-10,-0.03813295943774775,-0.03813295940596453,3.1783221887682345e-11,-0.44623317005970664,-0.4462333060242951,-1.3596458847686677e-07
1.1465833333333333,0.9511111111111111,0.04,-0.7,2.0,0.3,0.04,0.01,12411,-0.46985502057644846,-0.4698550162590787,4.317369739492705e-09,1.4940666648310952,1.4940666453762392,-1.9454855948453087e-08,0.24793908143028176,0.2479390819036898,4.73408034995515e-10,-0.031483025813849874,-0.03148302579764883,1.6201047448038963e-11,-0.6078438418260362,-0.6078439938719722,-1.520459359527493e-07
1.36825,0.9511111111111111,0.04,-0.7,2.0,0.3,0.04,0.01,12431,-0.459837949962974,-0.45983794668643946,3.2765345436835958e-09,1.3626171149749844,1.362617024257786,-9.071719841990955e-08,0.23776028461958143,0.23776028500368096,3.8409952995976937e-10,-0.0270878354962506,-0.027087835463329293,3.292130804077864e-11,-0.7259149807923443,-0.7259151475315045,-1.6673916025666813e-07
1.5234166666666666,0.9511111111111111,0.04,-0.7,2.0,0.3,0.04,0.01,12445,-0.4544003871456703,-0.4544003842555844,2.8900859483371732e-09,1.2981416469548535,1.298141745265729,9.831087544043271e-08,0.23024666251945936,0.2302466628885555,3.690961425384387e-10,-0.02454470623899918,-0.0245447062050407,3.3958481859830414e-11,-0.807483659576308,-0.8074838373144575,-1.7773814953159217e-07
1.9113333333333333,0.9511111111111111,0.04,-0.7,2.0,0.3,0.04,0.01,12480,-0.4427291042026493,-0.4427291015593545,2.6432948052601546e-09,1.1880515987661155,1.1880516699275638,7.116144828955839e-08,0.21238562496903035,0.2123856253781835,4.0915315580036804e-10,-0.020343388305033017,-0.02034338827885614,2.6176876638528412e-11,-1.0073480404274027,-1.0073482469859094,-2.0655850674344833e-07
0.02716666666666667,0.9533333333333334,0.04,-0.7,2.0,0.3,0.04,0.01,12491,-0.7396126022802054,-0.7396126776044116,-7.53242062057069e-08,5.000951017880562,5.000952216662511,1.1987819492631502e-06,-0.015068524422783003,-0.015068524485070064,-6.228706092570313e-11,-0.2564433726090151,-0.25644357876315377,-2.061541386488841e-07,0.0581495660207515,0.05814940972324773,-1.562975037658343e-07
0.21558333333333335,0.9533333333333334,0.04,-0.7,2.0,0.3,0.04,0.01,12508,-0.608004768196807,-0.6080047697494849,-1.5526778751606685e-09,3.02629059867332,3.0262907150974976,1.1642417740986843e-07,0.16134709169862704,0.16134709501086936,3.3122423137577073e-09,-0.04575118938088263,-0.04575118817659482,1.2042878083651232e-09,-0.11239452823399998,-0.11239465376870574,-1.255347057554923e-07
1.1355,0.9533333333333334,0.04,-0.7,2.0,0.3,0.04,0.01,12591,-0.46713080157682885,-0.46713079722999606,4.346832782609056e-09,1.4964262176619947,1.496426212729572,-4.932422692505156e-09,0.24888416272260405,0.24888416320443074,4.818266896577938e-10,-0.03184088458743628,-0.03184088457215348,1.5282802801053208e-11,-0.5988631350811735,-0.598863286001804,-1.509206305483346e-07
1.4125833333333333,0.9533333333333334,0.04,-0.7,2.0,0.3,0.04,0.01,12616,-0.45521510877472027,-0.45521510563497214,3.1397481281558726e-09,1.3381750679775095,1.3381750353681148,-3.2609394740035214e-08,0.23605667588036394,0.23605667625603458,3.7567063349008833e-10,-0.026389528776857296,-0.026389528743275447,3.3581849107067185e-11,-0.7458729038193473,-0.7458730731469482,-1.693276008296607e-07
1.5234166666666666,0.9533333333333334,0.04,-0.7,2.0,0.3,0.04,0.01,12626,-0.4515199108525575,-0.4515199079556874,2.8968700771514477e-09,1.294284261710299,1.2942843043661436,4.265584463425398e-08,0.2306754375483444,0.230675437918994,3.7064959435006983e-10,-0.02461624738596402,-0.02461624735213896,3.3825057338399134e-11,-0.8038760908831571,-0.8038762680867498,-1.772035926883575e-07
1.8780833333333333,0.9533333333333334,0.04,-0.7,2.0,0.3,0.04,0.01,12658,-0.44104484787671483,-0.44104484520965115,2.667063681016657e-09,1.1923110054823383,1.1923110284681826,2.2985844339018513e-08,0.21422846588028954,0.21422846628260098,4.0231143416669113e-10,-0.02065974125622927,-0.020659741227621126,2.8608143631814187e-11,-0.9863225524181507,-0.9863227558467205,-2.0342856976718338e-07
0.07150000000000001,0.9555555555555556,0.04,-0.7,2.0,0.3,0.04,0.01,12676,-0.6741518734944274,-0.6741519000171339,-2.652270647551802e-08,3.8557213116741096,3.8557217819075844,4.7023347482522126e-07,0.035169049934016816,0.03516905094332399,1.0093071725614244e-09,-0.08834840293847623,-0.08834828655322789,1.1638524834156616e-07,-0.0191386589766529,-0.019138814115879244,-1.5513922634394217e-07
0.09366666666666668,0.9555555555555556,0.04,-0.7,2.0,0.3,0.04,0.01,12678,-0.6570358444365348,-0.6570358634546223,-1.90180874382051e-08,3.648050499183153,3.6480509065188085,4.073356554279428e-07,0.05862676090789831,0.058626762572796455,1.6648981429612242e-09,-0.06339372635354168,-0.06339368329788002,4.305566166096231e-08,-0.04056061593878113,-0.04056075844047681,-1.425016956796421e-07
0.14908333333333335,0.9555555555555556,0.04,-0.7,2.0,0.3,0.04,0.01,12683,-0.6275770005375464,-0.6275770089308701,-8.393323702726718e-09,3.334070057536831,3.3340703466476755,2.8911084459792846e-07,0.11242288993032479,0.11242289290365878,2.9733339956816707e-09,-0.04563349260230942,-0.045633484257530894,8.344778527902275e-09,-0.07675027766017306,-0.07675041036307947,-1.3270290641353988e-07
0.6256666666666667,0.9555555555555556,0.04,-0.7,2.0,0.3,0.04,0.01,12726,-0.5096519009932521,-0.5096518954333207,5.559931404164331e-09,2.0670307993020387,2.0670307611547307,-3.8147307979130574e-08,0.25494121774417844,0.2549412190501012,1.3059227588207989e-09,-0.04501247979488143,-0.045012479646158746,1.487226869434366e-10,-0.32091258462312033,-0.32091271242353897,-1.2780041863669211e-07
0.8473333333333334,0.9555555555555556,0.04,-0.7,2.0,0.3,0.04,0.01,12746,-0.4841392716146975,-0.48413926556422854,6.050468959184485e-09,1.7672610846952708,1.76726106151257,-2.3182700870094664e-08,0.2578852698949946,0.2578852707314716,8.364769987778686e-10,-0.03855898378091194,-0.038558983746355864,3.455607328062271e-11,-0.44093320590618545,-0.4409333412953004,-1.3538911491917105e-07
1.0911666666666666,0.9555555555555556,0.04,-0.7,2.0,0.3,0.04,0.01,12768,-0.46622351539869766,-0.46622351080558777,4.593109892425673e-09,1.5244472670317144,1.5244473480627758,8.103106141632566e-08,0.2511590200414415,0.25115902055676353,5.153220072884324e-10,-0.03293612184818162,-0.03293612183573298,1.2448639341577916e-11,-0.5721382917738688,-0.5721384396090484,-1.4783517965355486e-07
1.6453333333333333,0.9555555555555556,0.04,-0.7,2.0,0.3,0.04,0.01,12818,-0.44500156553911596,-0.4450015627738642,2.7652517498033546e-09,1.250425180066017,1.2504252733912224,9.332520534144351e-08,0.22524864208228745,0.22524864245661222,3.743247656284865e-10,-0.02303688905205825,-0.023036889016226175,3.583207688895307e-11,-0.8633452304271372,-0.8633454159398576,-1.8551272040756572e-07
1.6675,0.9555555555555556,0.04,-0.7,2.0,0.3,0.04,0.01,12820,-0.44435993483277203,-0.4443599320829947,2.7497773502638267e-09,1.2438493457445077,1.2438494163604148,7.061590712176269e-08,0.22420248505738982,0.22420248543290186,3.7551203813102063e-10,-0.02277112001944359,-0.022771119986159907,3.328368483601629e-11,-0.8747514671722523,-0.8747516543079864,-1.8713573413098317e-07
1.70075,0.9555555555555556,0.04,-0.7,2.0,0.3,0.04,0.01,12823,-0.44340555851757335,-0.4434055557891448,2.7284285386564022e-09,1.234317775766769,1.234317724668574,-5.109819500859203e-08,0.2226452874154461,0.22264528779523676,3.797906711344723e-10,-0.022391405754274007,-0.02239140572026466,3.4009347421593006e-11,-0.8918262783798314,-0.8918264679617544,-1.8958192293805354e-07
2.0,0.9555555555555556,0.04,-0.7,2.0,0.3,0.04,0.01,12850,-0.43496487150296304,-0.43496486878497015,2.7179928863141356e-09,1.160889784301844,1.160889806699372,2.239752805444084e-08,0.20942392645578733,0.2094239268730609,4.17273576802657e-10,-0.01987993122093412,-0.019879931197881045,2.305307680861013e-11,-1.0437742139063344,-1.0437744260509632,-2.1214462875285278e-07
0.06041666666666667,0.9577777777777778,0.04,-0.7,2.0,0.3,0.04,0.01,12856,-0.6753992961568491,-0.6753993253388967,-2.9182047556197688e-08,4.054283327808994,4.0542839342207335,6.064117394899426e-07,0.024188018631216,0.02418801939519022,7.639742172216302e-10,-0.11430226939907612,-0.11430209386612827,1.7553294784367068e-07,-0.004179131839095185,-0.004179299065612532,-1.6722651734711602e-07
0.18233333333333335,0.9577777777777778,0.04,-0.7,2.0,0.3,0.04,0.01,12867,-0.6068520218330958,-0.6068520254705934,-3.637497525410538e-09,3.182714126970243,3.1827142028840925,7.59138494288436e-08,0.14053821096586538,0.140538214301999,3.3361336193582503e-09,-0.04557494001578011,-0.045574935871603946,4.144176161957613e-09,-0.09321737750950243,-0.09321750756610854,-1.3005660610965197e-07
0.63675,0.9577777777777778,0.04,-0.7,2.0,0.3,0.04,0.01,12908,-0.5035844600757844,-0.5035844542679282,5.8078561959717945e-09,2.0430539454663332,2.04305402036309,7.489675679650531e-08,0.25610820254130806,0.25610820381979027,1.2784822089884074e-09,-0.044908337271942766,-0.044908337122394844,1.4954792265653438e-10,-0.3245276787093576,-0.32452780671294934,-1.2800359172615572e-07
0.7586666666666667,0.9577777777777778,0.04,-0.7,2.0,0.3,0.04,0.01,12919,-0.48898235472903673,-0.4889823484805525,6.248484230031437e-09,1.87136713208913,1.8713670893976404,-4.26914896767272e-08,0.25875738243440194,0.2587573834364713,1.0020693719248186e-09,-0.04106628843494886,-0.04106628835703156,7.791729761397193e-11,-0.3904159568211829,-0.3904160885522313,-1.3173104840280558e-07
1.30175,0.9577777777777778,0.04,-0.7,2.0,0.3,0.04,0.01,12968,-0.4532257364610326,-0.45322573296880575,3.4922268410397805e-09,1.3822910177596626,1.3822910963296995,7.857003692102182e-08,0.2422633572978644,0.24226335769155458,3.9369016380241817e-10,-0.02859131365454126,-0.028591313625034167,2.950709468430013e-11,-0.6808550749036468,-0.6808552356442643,-1.6074061748305724e-07
1.3571666666666666,0.9577777777777778,0.04,-0.7,2.0,0.3,0.04,0.01,12973,-0.45118772814184416,-0.4511877248362965,3.3055476689192176e-09,1.3547138827396665,1.3547139274045525,4.466488601195806e-08,0.23959997745043315,0.23959997783125042,3.8081726660976756e-10,-0.02753523127632662,-0.027535231241701034,3.4625587119752055e-11,-0.709986431352283,-0.7099865958507314,-1.644984484183709e-07
1.6453333333333333,0.9577777777777778,0.04,-0.7,2.0,0.3,0.04,0.01,12999,-0.44222695197979056,-0.4422269491903356,2.7894549448070904e-09,1.2467219784317862,1.2467220298565822,5.142479597708416e-08,0.22565255734068035,0.22565255771091122,3.7023087373633246e-10,-0.02310071819035253,-0.02310071815432382,3.602871126440199e-11,-0.8595730209883662,-0.8595732059526641,-1.849642978779542e-07
1.6785833333333333,0.9577777777777778,0.04,-0.7,2.0,0.3,0.04,0.01,13002,-0.44128794430060847,-0.441287941535025,2.7655834844431126e-09,1.2369578597515307,1.2369578728663395,1.31148087945121e-08,0.22408354769534733,0.22408354807217276,3.768254319691522e-10,-0.02270521106517709,-0.022705211032813078,3.236401077688633e-11,-0.8766283701971966,-0.8766285575910802,-1.8739388352173592e-07
0.005,0.96,0.04,-0.7,2.0,0.3,0.04,0.01,13032,-0.7761176192354335,-0.7761177907410379,-1.7150560438494722e-07,6.695256760114177,6.695259039013293,2.278899116525679e-06,-0.04795618279020142,-0.04795618381160068,-1.021399263778644e-09,-0.31562431159291165,-0.3156256353542548,-1.3237613431527073e-06,0.08338477594304478,0.08338477292435646,-3.0186883132055087e-09
0.14908333333333335,0.96,0.04,-0.7,2.0,0.3,0.04,0.01,13045,-0.6127129024565553,-0.6127129090004751,-6.543919850443558e-09,3.353951984197412,3.353952219886532,2.356891202204281e-07,0.1144239510780104,0.11442395412475084,3.0467404432688028e-09,-0.047517358618409666,-0.04751734984664037,8.771769297033494e-09,-0.07471329689034967,-0.07471343184199832,-1.3495164864762987e-07
0.23775000000000002,0.96,0.04,-0.7,2.0,0.3,0.04,0.01,13053,-0.5802601516538552,-0.580260150857135,7.967202453329492e-10,2.9330152057083225,2.9330151947732337,-1.0935088834429507e-08,0.17745881010708398,0.17745881340732694,3.3002429677964074e-09,-0.04990721451596236,-0.04990721460213533,-8.617297153623582e-11,-0.11869084716599476,-0.11869097314304944,-1.2597705467687348e-07
0.7143333333333334,0.96,0.04,-0.7,2.0,0.3,0.04,0.01,13096,-0.4896551076504635,-0.4896551013750996,6.275363895191788e-09,1.923399893521971,1.9233998901069718,-3.4149991723353423e-09,0.25888681521764323,0.2588868163169701,1.0993268517722754e-09,-0.042599120495465104,-0.04259912038697491,1.0849019599357135e-10,-0.36397695594776736,-0.3639770860426317,-1.3009486432569162e-07
0.8695,0.96,0.04,-0.7,2.0,0.3,0.04,0.01,13110,-0.47441585784013807,-0.47441585189944957,5.940688496686164e-09,1.7251777395532741,1.7251777068115641,-3.2741710009887015e-08,0.2586691831492349,0.2586691839416409,7.92405974170407e-10,-0.038409496355001904,-0.03840949632495707,3.0044834675724275e-11,-0.4475761433753167,-0.4475762791468091,-1.3577149238219732e-07
0.9581666666666667,0.96,0.04,-0.7,2.0,0.3,0.04,0.01,13118,-0.46760807589293907,-0.46760807048870573,5.4042333386128405e-09,1.6299677191300432,1.6299676178219764,-1.0130806682440152e-07,0.2566772559520203,0.2566772566078949,6.558746323825915e-10,-0.03627014774049142,-0.036270147727961236,1.2530185222736634e-11,-0.49517391282227763,-0.49517405268652576,-1.398642481276191e-07
1.2685,0.96,0.04,-0.7,2.0,0.3,0.04,0.01,13146,-0.4514210379893274,-0.45142103437276593,3.616561494723669e-09,1.3954410613137291,1.3954411070360777,4.572234857391777e-08,0.24426357699891543,0.2442635774026577,4.037422618452524e-10,-0.02934060342428546,-0.029340603394741004,2.9544457158525717e-11,-0.6601073991375356,-0.6601075572100787,-1.5807254316602126e-07
1.5345,0.96,0.04,-0.7,2.0,0.3,0.04,0.01,13170,-0.44260542017476867,-0.4426054172450793,2.929689379982392e-09,1.2787060049701537,1.2787060425752403,3.76050866002231e-08,0.2313735863289368,0.23137358669574914,3.668123582656335e-10,-0.024655956405994495,-0.024655956370283005,3.5711489321244017e-11,-0.798812935073126,-0.7988131115018539,-1.7642872784939811e-07
1.56775,0.96,0.04,-0.7,2.0,0.3,0.04,0.01,13173,-0.4416440872145877,-0.4416440843271927,2.887394989770087e-09,1.2674010146929149,1.2674009509324222,-6.376049266343387e-08,0.22976407279613753,0.22976407316419156,3.680540316963743e-10,-0.024179646573932456,-0.024179646536717215,3.7215241305288416e-11,-0.8159603446828562,-0.815960523489091,-1.788062348184738e-07
1.8005,0.96,0.04,-0.7,2.0,0.3,0.04,0.01,13194,-0.4352284059379319,-0.4352284031891851,2.7487467857412184e-09,1.200489282981998,1.2004893540051134,7.102311538886852e-08,0.2188516651752126,0.21885166556173663,3.865240350009458e-10,-0.021505071439720247,-0.021505071410173954,2.95462924959633e-11,-0.9348414624446577,-0.9348416582857232,-1.9584106547565483e-07
0.24883333333333335,0.9622222222222222,0.04,-0.7,2.0,0.3,0.04,0.01,13235,-0.5702055753278173,-0.5702055738741032,1.4537141490578165e-09,2.8852998559814047,2.8852999177867233,6.180531864075078e-08,0.18430479176281822,0.18430479501728014,3.254461922175267e-09,-0.051496827307290216,-0.05149682784468359,-5.373933728569646e-10,-0.12238850298225412,-0.12238862888623121,-1.2590397709122403e-07
0.38183333333333336,0.9622222222222222,0.04,-0.7,2.0,0.3,0.04,0.01,13247,-0.5354642958114997,-0.5354642919875535,3.8239461597200375e-09,2.4742650900355656,2.4742652070224906,1.1698692503614438e-07,0.23021765025402208,0.23021765250013496,2.246112879022988e-09,-0.055593739930609454,-0.05559374083356876,-9.029593045495332e-10,-0.18613597513893188,-0.18613609818835944,-1.230494275639149e-07
0.63675,0.9622222222222222,0.04,-0.7,2.0,0.3,0.04,0.01,13270,-0.49453921217156027,-0.4945392060847105,6.0868497464561244e-09,2.027182520458748,2.0271826472935732,1.2683482530917445e-07,0.25743541108264045,0.2574354123681005,1.285460071720479e-09,-0.045482749187267246,-0.045482749036675665,1.5059158087193936e-10,-0.3197827061435232,-0.3197828339613346,-1.278178113905959e-07
0.8140833333333334,0.9622222222222222,0.04,-0.7,2.0,0.3,0.04,0.01,13286,-0.4753694208512599,-0.4753694146609422,6.190317702881032e-09,1.7833417284562891,1.783341751422896,2.2966606838537018e-08,0.25984631419825877,0.25984631508865885,8.904000869947026e-10,-0.04001496731000087,-0.04001496725929517,5.070570352483372e-11,-0.4151609770929737,-0.4151611103784741,-1.3328550035884845e-07
0.9692500000000001,0.9622222222222222,0.04,-0.7,2.0,0.3,0.04,0.01,13300,-0.4632519583426531,-0.46325195304617217,5.296480920513602e-09,1.6119491436095146,1.6119492536202407,1.1001072608429752e-07,0.25683479679336485,0.25683479743205934,6.386944861880295e-10,-0.036157377943796254,-0.036157377930256106,1.3540148169344235e-11,-0.4983231783654146,-0.49832331844849376,-1.400830791364882e-07
1.10225,0.9622222222222222,0.04,-0.7,2.0,0.3,0.04,0.01,13312,-0.4555560826019489,-0.4555560781721679,4.429780986470178e-09,1.4978252804720427,1.497825304394353,2.3922310354862475e-08,0.25207858798573235,0.25207858848804243,5.023100824175231e-10,-0.03304338514704963,-0.03304338512939305,1.765657758889816e-11,-0.5691439120120156,-0.5691440593056547,-1.472936390634061e-07
1.1576666666666666,0.9622222222222222,0.04,-0.7,2.0,0.3,0.04,0.01,13317,-0.45290371699244214,-0.4529037128755636,4.116878560278536e-09,1.4581973795113612,1.4581974856298834,1.061185221917782e-07,0.2497377141839896,0.24973771464002295,4.5603334997146305e-10,-0.03179477078132931,-0.031794770759883,2.1446310005668323e-11,-0.5984978011242675,-0.5984979517251948,-1.5060092728447216e-07
1.2463333333333333,0.9622222222222222,0.04,-0.7,2.0,0.3,0.04,0.01,13325,-0.4491751231510549,-0.44917511945131255,3.699742345819601e-09,1.4030135456200021,1.4030135219884665,-2.3631535617241184e-08,0.24572070389590472,0.24572070430733192,4.1142719786613213e-10,-0.029883507016298383,-0.02988350698909959,2.7198791829885494e-11,-0.6452519692695668,-0.6452521254512111,-1.5618164428410353e-07
1.4015,0.9622222222222222,0.04,-0.7,2.0,0.3,0.04,0.01,13339,-0.44374447154084395,-0.44374446834349496,3.197348996675231e-09,1.3260802109171799,1.3260802557008347,4.4783654784552596e-08,0.23826363123709282,0.23826363160557015,3.6847733198008825e-10,-0.02688040478253384,-0.026880404744149197,3.8384642686573045e-11,-0.7263913706744701,-0.7263915372516376,-1.6657716750412277e-07
1.5123333333333333,0.9622222222222222,0.04,-0.7,2.0,0.3,0.04,0.01,13349,-0.4404027293005569,-0.4404027263182032,2.982353697333906e-09,1.2826006187682815,1.2826005864832302,-3.2285051299041356e-08,0.232847072935069,0.23284707329898813,3.6391911706346036e-10,-0.02505221266289881,-0.025052212625077928,3.7820881843009246e-11,-0.7837896167004615,-0.7837897910337076,-1.7433324606130896e-07
1.5566666666666666,0.9622222222222222,0.04,-0.7,2.0,0.3,0.04,0.01,13353,-0.439142124343192,-0.4391421214227857,2.92040630567314e-09,1.26722817656022,1.2672281520755786,-2.4484641425459586e-08,0.23069317574793413,0.2306931761129041,3.649699709118437e-10,-0.02439888090219333,-0.024398880865121052,3.7072279274186215e-11,-0.8066169746269447,-0.8066171521203948,-1.7749345004869355e-07
1.7450833333333333,0.9622222222222222,0.04,-0.7,2.0,0.3,0.04,0.01,13370,-0.4340332151673426,-0.4340332123780587,2.789283914950147e-09,1.2111738875719702,1.2111738958277782,8.25580803720527e-09,0.22176418211700133,0.22176418249598323,3.789819014166085e-10,-0.022102410942789752,-0.022102410909457384,3.3332368115646105e-11,-0.9028154195337562,-0.9028156107041216,-1.9117036542670718e-07
1.8559166666666667,0.9622222222222222,0.04,-0.7,2.0,0.3,0.04,0.01,13380,-0.4310979426085104,-0.4310979398320074,2.776503027490662e-09,1.1831156859765102,1.1831156635101692,-2.2466341009774737e-08,0.21674919275710414,0.2167491931509146,3.938104564671363e-10,-0.021082709734249194,-0.02108270970376862,3.0480572926760985e-11,-0.9588219558578914,-0.9588221552547154,-1.9939682394110037e-07
0.03825,0.9644444444444444,0.04,-0.7,2.0,0.3,0.04,0.01,13397,-0.6678647356289993,-0.6678647682081572,-3.257915792698185e-08,4.807877474616307,4.807878413580233,9.389639261669913e-07,0.001717960382285888,0.0017179607555562627,3.7327037467893565e-10,-0.21140755613321266,-0.21140737242052482,1.8371268784012074e-07,0.03670559083093078,0.03670540083788785,-1.8999304293026986e-07
0.06041666666666667,0.9644444444444444,0.04,-0.7,2.0,0.3,0.04,0.01,13399,-0.6480155231258777,-0.6480155447325143,-2.1606636591009476e-08,4.155796208549223,4.155796696792934,4.882437112385674e-07,0.02663074073327304,0.026630741619736137,8.864630973715037e-10,-0.12015247596964401,-0.12015229947865698,1.7649098703331756e-07,-0.002775988337914981,-0.002776160277693772,-1.7193977879101027e-07
0.08258333333333334,0.9644444444444444,0.04,-0.7,2.0,0.3,0.04,0.01,13401,-0.6313628855453279,-0.6313629004561603,-1.4910832346615166e-08,3.83872240661276,3.8387228671805396,4.605677794700114e-07,0.05055228653898236,0.05055228805083304,1.511850679369875e-09,-0.07965554342723169,-0.07965547163905001,7.178818167696832e-08,-0.02825392093529222,-0.02825407475462376,-1.5381933153937877e-07
0.16016666666666668,0.9644444444444444,0.04,-0.7,2.0,0.3,0.04,0.01,13408,-0.593561717668542,-0.5935617215081243,-3.839582207731951e-09,3.309373318438613,3.309373504913663,1.8647505006796905e-07,0.12584740800562766,0.1258474112640785,3.2584508424804426e-09,-0.04837020933720626,-0.04837020202548363,7.311722630132245e-09,-0.07854366013214376,-0.0785437958747482,-1.3574260444848552e-07
0.43725,0.9644444444444444,0.04,-0.7,2.0,0.3,0.04,0.01,13433,-0.5193620270073362,-0.5193620225229938,4.484342452926171e-09,2.352386888060387,2.352386993099745,1.0503935810035614e-07,0.24111955221402248,0.2411195541701064,1.956083905962913e-09,-0.0544202332874999,-0.054420233692656125,-4.051562280116272e-10,-0.21216952005014,-0.21216964390872697,-1.2385858697006036e-07
0.6921666666666667,0.9644444444444444,0.04,-0.7,2.0,0.3,0.04,0.01,13456,-0.483563817273297,-0.48356381088300476,6.390292239810691e-09,1.9377670662512614,1.9377670781979277,1.194666632287067e-08,0.25967845656948985,0.2596784577209301,1.1514402764589704e-09,-0.043803007939158256,-0.043803007816504515,1.226537413301365e-10,-0.3471446413912116,-0.34714477054579235,-1.2915458075246633e-07
0.9138333333333334,0.9644444444444444,0.04,-0.7,2.0,0.3,0.04,0.01,13476,-0.46344116888315245,-0.4634411632538407,5.6293117389749625e-09,1.6607553818270837,1.660755323442117,-5.8384966639124514e-08,0.2587850370644462,0.25878503777866574,7.142195168619025e-10,-0.03765933487255568,-0.037659334852957575,1.9598107858787017e-11,-0.46596801421661116,-0.4659681513560329,-1.3713942176307725e-07
1.0135833333333333,0.9644444444444444,0.04,-0.7,2.0,0.3,0.04,0.01,13485,-0.4569669618399025,-0.4569669568794231,4.9604793606050634e-09,1.5640727782373354,1.564072719866238,-5.8371097289011686e-08,0.25586602209144715,0.2558660226755671,5.841199191003454e-10,-0.03523580555282735,-0.0352358055383665,1.4460849184771973e-11,-0.519141518122504,-0.5191416601376481,-1.4201514408895832e-07
1.3904166666666666,0.9644444444444444,0.04,-0.7,2.0,0.3,0.04,0.01,13519,-0.44114548627696704,-0.44114548304488793,3.2320791043538577e-09,1.326584844751899,1.3265848129626745,-3.178922458602074e-08,0.23920012238075328,0.23920012274903002,3.682767424351141e-10,-0.02714862500655113,-0.027148624971792896,3.47582344850661e-11,-0.7172417403594755,-0.7172419057001833,-1.6534070779172794e-07
1.5788333333333333,0.9644444444444444,0.04,-0.7,2.0,0.3,0.04,0.01,13536,-0.4357279650700485,-0.4357279621502345,2.9198140016895024e-09,1.2560307793840764,1.2560308467345351,6.735045876560264e-08,0.23000615657776946,0.23000615694098175,3.6321229357483276e-10,-0.02414971613788619,-0.024149716101585318,3.630087203054799e-11,-0.8143450037533667,-0.8143451823110724,-1.7855770573227403e-07
1.7894166666666667,0.9644444444444444,0.04,-0.7,2.0,0.3,0.04,0.01,13555,-0.43019642633833344,-0.43019642353381154,2.804521892496581e-09,1.1958966969483065,1.1958966265739401,-7.037436633439142e-08,0.2201076221450965,0.22010762253002877,3.849322804949651e-10,-0.021725679611381277,-0.021725679579319552,3.206172480285652e-11,-0.9213173607127562,-0.9213175545891834,-1.9387642724577603e-07
1.83375,0.9644444444444444,0.04,-0.7,2.0,0.3,0.04,0.01,13559,-0.42904777212887657,-0.42904776932572164,2.803154930397511e-09,1.1847992475999547,1.1847993102387697,6.263881502377444e-08,0.21810700471719402,0.2181070051053953,3.8820127667982263e-10,-0.02132716156011405,-0.021327161531396938,2.8717112021681146e-11,-0.94364452215695,-0.9436447193192818,-1.971623317942317e-07
0.10475000000000001,0.9666666666666667,0.04,-0.7,2.0,0.3,0.04,0.01,13584,-0.6097209375431275,-0.6097209465383245,-8.995197031680391e-09,3.6555632181023423,3.6555634960685586,2.779662162666341e-07,0.07474430025324746,0.07474430245341757,2.200170101662735e-09,-0.06314761895144516,-0.06314759008534872,2.8866096443702638e-08,-0.045303548908380564,-0.04530369562191354,-1.4671353297524004e-07
0.3929166666666667,0.9666666666666667,0.04,-0.7,2.0,0.3,0.04,0.01,13610,-0.5222953688385767,-0.5222953646404827,4.198094094576277e-09,2.43857302129058,2.4385730435485096,2.2257929721547498e-08,0.2341291775826565,0.23412917978919334,2.2065368421309017e-09,-0.05627028878713025,-0.05627028955858407,-7.714538174941055e-10,-0.187802840345766,-0.18780296400637647,-1.2366061047375254e-07
0.4926666666666667,0.9666666666666667,0.04,-0.7,2.0,0.3,0.04,0.01,13619,-0.505086297885593,-0.505086292662997,5.222596022314008e-09,2.2438569613481008,2.243856969296793,7.948692370973731e-09,0.24891941744313584,0.2489194191743942,1.7312583588946495e-09,-0.05236074627566756,-0.0523607463387538,-6.30862445616387e-11,-0.23874236027510154,-0.23874248512050938,-1.2484540784507558e-07
0.5480833333333334,0.9666666666666667,0.04,-0.7,2.0,0.3,0.04,0.01,13624,-0.4969857000074879,-0.4969856942593353,5.748152565043796e-09,2.1499645688760616,2.1499646380385307,6.91624690851711e-08,0.2538600622362108,0.2538600637796362,1.5434253874957449e-09,-0.04976804076725627,-0.04976804066252174,1.0473453354586937e-10,-0.26787078054028857,-0.2678709063595422,-1.2581925362686874e-07
1.4458333333333333,0.9666666666666667,0.04,-0.7,2.0,0.3,0.04,0.01,13705,-0.4365749635631966,-0.4365749604288957,3.1343008743967005e-09,1.299430382739608,1.2994303506951679,-3.2044440212430914e-08,0.23687045333786738,0.2368704537007927,3.6292532867854277e-10,-0.026246986070677103,-0.02624698603262084,3.805626300201759e-11,-0.7424829483186624,-0.7424831169979376,-1.686792752142452e-07
1.76725,0.9666666666666667,0.04,-0.7,2.0,0.3,0.04,0.01,13734,-0.42810480151825314,-0.4281047986797072,2.838545953842697e-09,1.1978404712564839,1.1978404782016467,6.945162889238077e-09,0.2214873475375051,0.2214873479184235,3.809184079273109e-10,-0.021995487614959175,-0.021995487581552786,3.3406388766366035e-11,-0.906218021257052,-0.906218212937263,-1.9168021103688204e-07
1.8226666666666667,0.9666666666666667,0.04,-0.7,2.0,0.3,0.04,0.01,13739,-0.42670021229172794,-0.426700209458211,2.8335169210969013e-09,1.1837776189849158,1.183777603321113,-1.566380292139513e-08,0.21896879030119942,0.2189687906898553,3.88655885252831e-10,-0.02148044672245497,-0.02148044669254251,2.9912461396719436e-11,-0.9340832724244463,-0.9340834681932564,-1.9576881005178848e-07
1.83375,0.9666666666666667,0.04,-0.7,2.0,0.3,0.04,0.01,13740,-0.42641905274698466,-0.4264190499144208,2.832563850141412e-09,1.181041564546348,1.1810416694040906,1.0485774271096204e-07,0.21847113639207605,0.21847113677967633,3.876002852010174e-10,-0.02138415671280869,-0.02138415668458205,2.8226639775530415e-11,-0.9396446374972112,-0.939644834086084,-1.9658887284723647e-07
0.34858333333333336,0.9688888888888889,0.04,-0.7,2.0,0.3,0.04,0.01,13787,-0.5258699321323418,-0.5258699283259617,3.806380100002116e-09,2.5407816864331245,2.5407816747848004,-1.1648324083068928e-08,0.2246059237600434,0.22460592627565362,2.5156102201329134e-09,-0.05730258143592237,-0.05730258259603349,-1.1601111182812929e-09,-0.16426223967462572,-0.16426236376952422,-1.2409489849596333e-07
0.38183333333333336,0.9688888888888889,0.04,-0.7,2.0,0.3,0.04,0.01,13790,-0.5190219284871567,-0.5190219242819138,4.205242820631838e-09,2.458191772358731,2.458191801245045,2.8886314229481513e-08,0.23258754457605724,0.23258754685963015,2.2835729140968652e-09,-0.05695228447573364,-0.05695228534160438,-8.658707431608015e-10,-0.1804118526523707,-0.18041197657883676,-1.239264660612971e-07
0.63675,0.9688888888888889,0.04,-0.7,2.0,0.3,0.04,0.01,13813,-0.4811074657738723,-0.4811074593466749,6.427197385416861e-09,2.00211421053087,2.0021142250366917,1.4505821877008884e-08,0.2592735908852478,0.2592735921753605,1.2901126833497756e-09,-0.04628890888216941,-0.04628890872970098,1.524684337117499e-10,-0.31271169678596944,-0.31271182438076556,-1.2759479611768043e-07
0.803,0.9688888888888889,0.04,-0.7,2.0,0.3,0.04,0.01,13828,-0.4644924159367958,-0.46449240969922234,6.237573457745782e-09,1.7722308759404726,1.772230803367775,-7.257269762916962e-08,0.26145672002958475,0.2614567209339045,9.043197302105455e-10,-0.04090203708374818,-0.04090203702663386,5.711432021771046e-11,-0.4015041708813061,-0.4015043031091532,-1.3222784711608426e-07
1.069,0.9688888888888889,0.04,-0.7,2.0,0.3,0.04,0.01,13852,-0.4471928970979644,-0.4471928925488859,4.5490785027801905e-09,1.505358507292165,1.5053584525148453,-5.477731956915477e-08,0.2546685975102214,0.2546685980330638,5.22842380501487e-10,-0.03414968520104589,-0.03414968518257838,1.8467505302766085e-11,-0.5427445319249047,-0.5427446762181367,-1.4429323202946875e-07
1.3904166666666666,0.9688888888888889,0.04,-0.7,2.0,0.3,0.04,0.01,13881,-0.4352687690560575,-0.43526876579525897,3.260798520088315e-09,1.3179252827955068,1.3179253544253686,7.162986181974418e-08,0.2399635502665226,0.23996355063541047,3.68887864699019e-10,-0.02728275684371617,-0.027282756805002494,3.871367809660242e-11,-0.7104911019475274,-0.7104912663472142,-1.6439968675285854e-07
1.468,0.9688888888888889,0.04,-0.7,2.0,0.3,0.04,0.01,13888,-0.4330823182246979,-0.43308231511254064,3.1121572541259468e-09,1.2867288540219235,1.2867289223818674,6.835994392773159e-08,0.23615688228423304,0.236156882647253,3.6301997519139206e-10,-0.02594038960287981,-0.02594038956265645,4.022335936548771e-11,-0.7504127804941474,-0.7504129502252997,-1.6973115235519032e-07
1.70075,0.9688888888888889,0.04,-0.7,2.0,0.3,0.04,0.01,13909,-0.4270962180948079,-0.4270962152054799,2.8893279990782617e-09,1.2118699072027894,1.2118698923477491,-1.4855040308958678e-08,0.2249358371052973,0.22493583747526646,3.699691664138527e-10,-0.022747579045551136,-0.022747579012996098,3.25550385260609e-11,-0.8688320811921918,-0.8688322674708154,-1.8627862363729264e-07
1.76725,0.9688888888888889,0.04,-0.7,2.0,0.3,0.04,0.01,13915,-0.4254471553265249,-0.42544715245633064,2.870194248938418e-09,1.194034562890245,1.1940345493233369,-1.3566908041440229e-08,0.2218475880740034,0.2218475884535424,3.795390113303654e-10,-0.022051170357820227,-0.022051170327548174,3.027205222605467e-11,-0.9023142982339527,-0.9023144893586756,-1.911247229369195e-07
1.90025,0.9688888888888889,0.04,-0.7,2.0,0.3,0.04,0.01,13927,-0.42214277555290003,-0.4221427726850249,2.8678751040622785e-09,1.16128184846076,1.1612818997442735,5.128351343586246e-08,0.21588332922962972,0.21588332962744894,3.978192220088772e-10,-0.0209067602831986,-0.020906760258249637,2.4948963034399085e-11,-0.9688578674295345,-0.9688580683855285,-2.0095599395641983e-07
2.0,0.9688888888888889,0.04,-0.7,2.0,0.3,0.04,0.01,13936,-0.4196341278740745,-0.4196341249891348,2.884939676039977e-09,1.138500052566549,1.1385001543043036,1.0173775466526536e-07,0.21161280251785763,0.21161280292861326,4.107556239585364e-10,-0.02023732322053995,-0.020237323198674956,2.186499245548923e-11,-1.018434489886283,-1.0184346983470545,-2.0846077153358067e-07
0.03825,0.9711111111111111,0.04,-0.7,2.0,0.3,0.04,0.01,13940,-0.6354335524878448,-0.635433572666641,-2.017879618954055e-08,4.913208776630151,4.913209696708119,9.200779675921922e-07,0.003595132092096276,0.0035951325470012624,4.5490498650976874e-10,-0.21734140248738654,-0.21734119252611508,2.0996127145234134e-07,0.037132606617897024,0.03713241045736141,-1.9616053561349878e-07
0.16016666666666668,0.9711111111111111,0.04,-0.7,2.0,0.3,0.04,0.01,13951,-0.5714567626560058,-0.5714567646174211,-1.961415363460617e-09,3.3208613414714705,3.320861495836628,1.5436515754529978e-07,0.12851465956805613,0.12851466291453892,3.3464827853268986e-09,-0.05072701399308488,-0.05072700627254521,7.720539672850801e-09,-0.07547572393067081,-0.07547586313413472,-1.3920346390861038e-07
0.30425,0.9711111111111111,0.04,-0.7,2.0,0.3,0.04,0.01,13964,-0.5302131005117255,-0.5302130973298591,3.181866436996472e-09,2.667077324269851,2.6670773803228505,5.6052999575229023e-08,0.2116453493125614,0.21164535219675257,2.8841911636767747e-09,-0.05710086223895128,-0.05710086359833736,-1.359386082866454e-09,-0.1416447009881805,-0.1416448265271017,-1.2553892120292787e-07
0.70325,0.9711111111111111,0.04,-0.7,2.0,0.3,0.04,0.01,14000,-0.4696145726004741,-0.46961456603274737,6.567726751338654e-09,1.896057305605936,1.8960573116031112,5.99717520088916e-09,0.2615461320645135,0.26154613318931397,1.1248004749830898e-09,-0.04413767379564393,-0.04413767367564658,1.1999734539358542e-10,-0.3457837514309753,-0.3457838805042554,-1.2907328011957375e-07
0.8695,0.9711111111111111,0.04,-0.7,2.0,0.3,0.04,0.01,14015,-0.4554662019273098,-0.4554661960904195,5.836890304422582e-09,1.6858786158757688,1.6858786229792573,7.1034884641107965e-09,0.2610911131442628,0.2610911139242457,7.799829115917589e-10,-0.03927265333436569,-0.03927265330258472,3.178097368605748e-11,-0.4343289444704024,-0.4343290789376556,-1.3446725322108222e-07
0.9692500000000001,0.9711111111111111,0.04,-0.7,2.0,0.3,0.04,0.01,14024,-0.449047961632032,-0.44904795646952983,5.1625021479928535e-09,1.5840669526090423,1.5840669134675045,-3.914153778872276e-08,0.25860167467348094,0.2586016753011602,6.276792419157573e-10,-0.03670778506631445,-0.036707785048119945,1.819450146101076e-11,-0.48722030055903254,-0.4872204393865577,-1.3882752514238206e-07
1.0579166666666666,0.9711111111111111,0.04,-0.7,2.0,0.3,0.04,0.01,14032,-0.4443798511704483,-0.44437984657319446,4.597253855376238e-09,1.5079466522682772,1.5079465993017207,-5.2966556474132176e-08,0.2554995818213057,0.2554995823484995,5.271937886242029e-10,-0.03452307682678957,-0.0345230768107137,1.6075869802012477e-11,-0.5340090202336084,-0.5340091635805291,-1.4334692066686472e-07
1.16875,0.9711111111111111,0.04,-0.7,2.0,0.3,0.04,0.01,14042,-0.43960541454161894,-0.43960541053024427,4.011374676871071e-09,1.429270769792712,1.4292707424571454,-2.733556669909376e-08,0.2508568035922143,0.2508568040366306,4.444162815531172e-10,-0.03191935452576122,-0.03191935449825061,2.7510611844139277e-11,-0.5921475432853207,-0.5921476929669625,-1.4968164174788967e-07
1.2906666666666666,0.9711111111111111,0.04,-0.7,2.0,0.3,0.04,0.01,14053,-0.4353320103452074,-0.4353320067985448,3.5466626302493864e-09,1.3599056686297573,1.359905655392212,-1.3237545282152041e-08,0.24518182809747657,0.24518182848876335,3.9128678075428525e-10,-0.029280472076190223,-0.02928047204212182,3.406840434760916e-11,-0.6556084737870116,-0.6556086311088968,-1.573218851858016e-07
1.335,0.9711111111111111,0.04,-0.7,2.0,0.3,0.04,0.01,14057,-0.4339597668513717,-0.4339597634347558,3.4166159346149527e-09,1.3383029601188312,1.3383029682802166,8.16138534531774e-09,0.2430390548182476,0.2430390551944091,3.7616149084485073e-10,-0.0283938333071887,-0.028393833271073983,3.611471538489397e-11,-0.6785505471273295,-0.6785507073585733,-1.6023124371766784e-07
1.5566666666666666,0.9711111111111111,0.04,-0.7,2.0,0.3,0.04,0.01,14077,-0.42794783038355155,-0.4279478273648431,3.018708449875618e-09,1.2514008079778094,1.2514008016901765,-6.287632858814618e-09,0.23218635381322406,0.2321863541723176,3.590935326869271e-10,-0.024635211640713917,-0.024635211604292252,3.642166429562721e-11,-0.7921536254992811,-0.792153800946109,-1.754468278436505e-07
1.6896666666666667,0.9711111111111111,0.04,-0.7,2.0,0.3,0.04,0.01,14089,-0.4246762759016476,-0.42467627297560273,2.926044850859455e-09,1.2110839830992148,1.211084012468189,2.936897414151929e-08,0.22581291208044474,0.22581291245159194,3.7114719630970683e-10,-0.02292701918170381,-0.02292701914764307,3.4060740339292295e-11,-0.8594462525794017,-0.8594464375205754,-1.849411737087081e-07
1.7561666666666667,0.9711111111111111,0.04,-0.7,2.0,0.3,0.04,0.01,14095,-0.4230661146734094,-0.423066111776628,2.89678137033178e-09,1.1930791937730945,1.1930792233957501,2.9622655661754038e-08,0.22271118625669106,0.22271118662957923,3.7288816479019715e-10,-0.022215537145292563,-0.022215537111015614,3.427694933444414e-11,-0.8928633400697578,-0.8928635298295735,-1.8975981574964607e-07
1.8115833333333333,0.9711111111111111,0.04,-0.7,2.0,0.3,0.04,0.01,14100,-0.4217246504235189,-0.42172464753135963,2.8921592898356607e-09,1.1789013834584416,1.178901387980306,4.5218644384448226e-09,0.22017792119910506,0.22017792158132252,3.822174521328492e-10,-0.021689133898189494,-0.021689133867725873,3.046362120895374e-11,-0.9206016347157453,-0.9206018285306211,-1.93814875815157e-07
1.9778333333333333,0.9711111111111111,0.04,-0.7,2.0,0.3,0.04,0.01,14115,-0.41765782025887654,-0.4176578173526958,2.9061807405028617e-09,1.1396077581604658,1.1396077702459224,1.208545663544669e-08,0.21288969800109525,0.2128896984049099,4.03814648386458e-10,-0.02042913532090962,-0.020429135299208236,2.1701383745575953e-11,-1.0032762507532211,-1.0032764569340684,-2.061808472841875e-07
2.0,0.9711111111111111,0.04,-0.7,2.0,0.3,0.04,0.01,14117,-0.4171084113158141,-0.41710840840554486,2.9102692478133463e-09,1.134638644151309,1.1346385435413828,-1.006099261680049e-07,0.21195516159117078,0.21195516199702585,4.058550717722653e-10,-0.0202930471496221,-0.02029304712762576,2.199634224764324e-11,-1.014244034289874,-1.0142442421445537,-2.0785467969020033e-07
0.21558333333333335,0.9733333333333334,0.04,-0.7,2.0,0.3,0.04,0.01,14137,-0.5474133482773549,-0.5474133474290415,8.483134195103048e-10,3.02810529220765,3.0281053700832996,7.787564948458225e-08,0.1698020033564715,0.16980200688891783,3.5324463354413638e-09,-0.052402838378422245,-0.05240283723568815,1.1427340948499953e-09,-0.1001782752234337,-0.10017840781263722,-1.3258920351921777e-07
0.22666666666666668,0.9733333333333334,0.04,-0.7,2.0,0.3,0.04,0.01,14138,-0.5442830486119751,-0.54428304738656,1.2254151027235594e-09,2.9744580055945935,2.9744580180987175,1.2504123958478885e-08,0.17650257022532728,0.17650257371456982,3.4892425337940125e-09,-0.05316493098001668,-0.05316493057560047,4.044162088545633e-10,-0.10512434440338586,-0.10512447578536713,-1.3138198126649847e-07
0.23775000000000002,0.9733333333333334,0.04,-0.7,2.0,0.3,0.04,0.01,14139,-0.5412131730028052,-0.5412131714225978,1.5802074093684837e-09,2.9229938025565616,2.9229938284272996,2.587073799631412e-08,0.18277080026572745,0.18277080369343776,3.427710310033305e-09,-0.05395786234433514,-0.05395786251577344,-1.7143830105537106e-10,-0.11005697666530145,-0.1100571069617296,-1.3029642814688103e-07
0.3929166666666667,0.9733333333333334,0.04,-0.7,2.0,0.3,0.04,0.01,14153,-0.5060959307839896,-0.5060959262050472,4.578942447430734e-09,2.4210053184425817,2.4210053575298534,3.9087271641591315e-08,0.2363209977686992,0.23632100000801287,2.239313678931154e-09,-0.05752049379116608,-0.05752049453242218,-7.412560981689964e-10,-0.1820544062548779,-0.18205453078102488,-1.2452614697733289e-07
0.48158333333333336,0.9733333333333334,0.04,-0.7,2.0,0.3,0.04,0.01,14161,-0.4917928115165393,-0.49179280590414426,5.612395048704144e-09,2.2420412776336107,2.2420413754231676,9.778955689654367e-08,0.24971376577809234,0.24971376757727784,1.7991854950327735e-09,-0.05388712717324662,-0.053887127274127346,-1.0088072738279052e-10,-0.22666779367082335,-0.2266679187278769,-1.2505705354604046e-07
0.63675,0.9733333333333334,0.04,-0.7,2.0,0.3,0.04,0.01,14175,-0.4722476488052546,-0.4722476422001146,6.605139990512043e-09,1.9847252410998273,1.9847252734283485,3.2328521193392135e-08,0.2603975430368749,0.26039754432976797,1.2928930703814956e-09,-0.04678903161824122,-0.04678903146207074,1.5617047932625638e-10,-0.30803108722401995,-0.30803121470320577,-1.2747918581856865e-07
0.6589166666666667,0.9733333333333334,0.04,-0.7,2.0,0.3,0.04,0.01,14177,-0.46987570632046893,-0.4698756996879666,6.63250232513235e-09,1.9514235130579927,1.9514235254862218,1.242822911251551e-08,0.26110147984932663,0.26110148108461695,1.2352903144829952e-09,-0.04593597180503617,-0.045935971658778114,1.462580542788139e-10,-0.3197965191080454,-0.31979664704511407,-1.2793706866132126e-07
0.7365,0.9733333333333334,0.04,-0.7,2.0,0.3,0.04,0.01,14184,-0.4622985257191764,-0.4622985191976807,6.521495676814482e-09,1.8413842797770918,1.8413842891668448,9.389752975152987e-09,0.2624289197489249,0.2624289207951006,1.0461757016244633e-09,-0.04326550153282982,-0.04326550143430586,9.852395982390405e-11,-0.3610442692759952,-0.36104439910133496,-1.29825339756362e-07
0.8584166666666667,0.9733333333333334,0.04,-0.7,2.0,0.3,0.04,0.01,14195,-0.4525019582705958,-0.4525019523849719,5.8856239326665616e-09,1.690451548186367,1.6904515366893036,-1.1497063301391108e-08,0.26172527139198265,0.26172527219139224,7.994095940766499e-10,-0.039727159813068846,-0.039727159775297505,3.77713416099823e-11,-0.42581945675287947,-0.42581959055729496,-1.3380441549193378e-07
1.10225,0.9733333333333334,0.04,-0.7,2.0,0.3,0.04,0.01,14217,-0.4390761826289502,-0.4390761782962419,4.33270830324517e-09,1.4686676153008449,1.4686675355059997,-7.979484517584012e-08,0.2541058037114352,0.2541058042016878,4.90252616280884e-10,-0.03355815546945973,-0.033558155449360506,2.009922089873939e-11,-0.5543682256072685,-0.5543683710464051,-1.4543913662290464e-07
1.1133333333333333,0.9733333333333334,0.04,-0.7,2.0,0.3,0.04,0.01,14218,-0.4386125946746755,-0.4386125904028441,4.271831388624747e-09,1.4608086934542186,1.4608087490466362,5.5592417558258944e-08,0.2536418152898623,0.25364181577117173,4.81309436750621e-10,-0.033294696118180145,-0.03329469609263561,2.5544531767618395e-11,-0.5601686670007183,-0.5601688130683883,-1.4606766995939324e-07
1.2463333333333333,0.9733333333333334,0.04,-0.7,2.0,0.3,0.04,0.01,14230,-0.4337228664724746,-0.43372286277253397,3.699940631651799e-09,1.3783924668331338,1.3783924653962814,-1.436852414826717e-09,0.24765794774117555,0.2476579481446782,4.035026479609627e-10,-0.030282175536092137,-0.030282175500827044,3.5265092929170905e-11,-0.6294427700972993,-0.6294429241624276,-1.5406512832161212e-07
1.36825,0.9733333333333334,0.04,-0.7,2.0,0.3,0.04,0.01,14241,-0.4300434672819403,-0.4300434639309972,3.3509431340839058e-09,1.3187247169255123,1.3187248446260713,1.2770055901611954e-07,0.24177728443638968,0.24177728480561514,3.692254557652319e-10,-0.02782038781054541,-0.027820387771547606,3.899780498528571e-11,-0.6923807676677968,-0.6923809296625134,-1.6199471664091192e-07
1.4236666666666666,0.9733333333333334,0.04,-0.7,2.0,0.3,0.04,0.01,14246,-0.42853613712819094,-0.4285361338928111,3.2353798529172195e-09,1.2955028536043578,1.2955028361287348,-1.747562294873717e-08,0.23905707374108354,0.23905707410159785,3.6051431284711555e-10,-0.026812089562247565,-0.026812089521905922,4.0341643220420664e-11,-0.7208051928953713,-0.7208053586287354,-1.657333641436054e-07
1.43475,0.9733333333333334,0.04,-0.7,2.0,0.3,0.04,0.01,14247,-0.4282437905454156,-0.42824378733238766,3.213027954807046e-09,1.291106359324612,1.291106394024338,3.469972598146853e-08,0.23851210104952614,0.23851210141243373,3.629075928657244e-10,-0.02661913440060726,-0.026619134360851768,3.975549056622896e-11,-0.7264762219244547,-0.7264763884123374,-1.664878827023486e-07
1.4458333333333333,0.9733333333333334,0.04,-0.7,2.0,0.3,0.04,0.01,14248,-0.4279540964857026,-0.42795409328999434,3.195708253578289e-09,1.2867870199939624,1.2867870523693237,3.2375361280756465e-08,0.23796711204726595,0.2379671124049361,3.576701435026308e-10,-0.02642910770782325,-0.026429107669348122,3.847512933252695e-11,-0.7321426378657098,-0.7321428051137514,-1.672480416381461e-07
1.50125,0.9733333333333334,0.04,-0.7,2.0,0.3,0.04,0.01,14253,-0.42654016505203063,-0.42654016194268596,3.1093446706265127e-09,1.2662689008458017,1.266268897323141,-3.5226606076577127e-09,0.23524579209018015,0.23524579244716873,3.5698857758781344e-10,-0.02552304672102934,-0.025523046681773753,3.9255588363262817e-11,-0.7604057631044325,-0.7604059341778615,-1.710734289783744e-07
1.7783333333333333,0.9733333333333334,0.04,-0.7,2.0,0.3,0.04,0.01,14278,-0.4198956565032441,-0.4198956535769663,2.9262778311611726e-09,1.1834431268287204,1.183443067856428,-5.8972292382719615e-08,0.22203748585740424,0.22203748623485145,3.774472123740935e-10,-0.022051119763083493,-0.022051119732059976,3.102351708861306e-11,-0.9000684163540384,-0.9000686071726984,-1.9081865998415992e-07
1.867,0.9733333333333334,0.04,-0.7,2.0,0.3,0.04,0.01,14286,-0.4177928412071874,-0.4177928382847497,2.9224376807412966e-09,1.1614578632190842,1.1614579400688865,7.684980229960559e-08,0.21803698528770343,0.2180369856781934,3.9048997368951177e-10,-0.021272338280517444,-0.021272338250332472,3.0184972577007585e-11,-0.9442294743992885,-0.9442296717242769,-1.973249883491235e-07
1.8780833333333333,0.9733333333333334,0.04,-0.7,2.0,0.3,0.04,0.01,14287,-0.41752851035296856,-0.41752850743162595,2.9213426122609576e-09,1.1588072626467216,1.1588073139042376,5.125751600942863e-08,0.217546221501011,0.21754622188998957,3.889785715749383e-10,-0.021184695063111714,-0.021184695031809538,3.130217612890007e-11,-0.9497335472159751,-0.9497337453580951,-1.9814211993374187e-07
0.08258333333333334,0.9755555555555555,0.04,-0.7,2.0,0.3,0.04,0.01,14306,-0.5882664324512177,-0.5882664388948619,-6.4436441737925065e-09,3.909221590880918,3.9092220037678636,4.128869455222173e-07,0.05467181913760416,0.054671820849424166,1.7118200051902122e-09,-0.08653719200002463,-0.08653712137278277,7.062724186046587e-08,-0.025397430350113104,-0.025397591868191544,-1.6151807843978183e-07
0.30425,0.9755555555555555,0.04,-0.7,2.0,0.3,0.04,0.01,14326,-0.5183784202539982,-0.5183784170050078,3.2489904100430067e-09,2.658498272911647,2.65849825419853,-1.871311683387944e-08,0.21315244369088382,0.21315244660481109,2.9139272661460325e-09,-0.058136903754585356,-0.058136905113736544,-1.3591511874300188e-09,-0.13833830242823697,-0.1383384290346698,-1.2660643283757267e-07
0.31533333333333335,0.9755555555555555,0.04,-0.7,2.0,0.3,0.04,0.01,14327,-0.5159153538313727,-0.5159153503702797,3.4610929677825197e-09,2.6224714774758517,2.6224716171516333,1.396757816074512e-07,0.21695297839741112,0.21695298121946957,2.822058448037623e-09,-0.05841777408623072,-0.05841777542386714,-1.3376364182970946e-09,-0.14340678316453193,-0.14340690934493278,-1.2618040085010662e-07
0.5591666666666667,0.9755555555555555,0.04,-0.7,2.0,0.3,0.04,0.01,14349,-0.47665407180152997,-0.4766540654057452,6.395784790669268e-09,2.099183973869323,2.0991838766257582,-9.724356475615537e-08,0.2570882144501546,0.2570882159720442,1.5218895588198222e-09,-0.05041088957755124,-0.05041088944641719,1.311340550036455e-10,-0.26482579410826157,-0.26482592025598084,-1.2614771927044188e-07
0.8584166666666667,0.9755555555555555,0.04,-0.7,2.0,0.3,0.04,0.01,14376,-0.44875410517938863,-0.44875409932222027,5.8571683614339065e-09,1.6826217169585433,1.6826216575667798,-5.939176350722164e-08,0.26215140741969734,0.2621514082142914,7.945940572184895e-10,-0.03988131942911366,-0.03988131939218051,3.693315098196592e-11,-0.42320692237897417,-0.4232070559596958,-1.3358072165070567e-07
1.069,0.9755555555555555,0.04,-0.7,2.0,0.3,0.04,0.01,14395,-0.4372176017194973,-0.43721759722312536,4.4963719414425896e-09,1.4872661158182865,1.4872661352784642,1.9460177691499325e-08,0.2558292080801633,0.2558292085968479,5.166845840065548e-10,-0.034456558770795676,-0.034456558747754516,2.3041159258330168e-11,-0.5340496962605995,-0.5340498395288195,-1.432682199542512e-07
1.50125,0.9755555555555555,0.04,-0.7,2.0,0.3,0.04,0.01,14434,-0.4237308563419251,-0.42373085320379716,3.138127924184886e-09,1.2621027778436655,1.2621028717846452,9.394097966186621e-08,0.23559231448991302,0.23559231484491736,3.5500433148705213e-10,-0.02557785785187172,-0.025577857807288353,4.458336824719744e-11,-0.7568927269263614,-0.756892897517077,-1.7059071555358685e-07
1.9335,0.9755555555555555,0.04,-0.7,2.0,0.3,0.04,0.01,14473,-0.4136585631999562,-0.41365856024422876,2.9557274405789258e-09,1.1418987852507279,1.1418988455167205,6.026599264075116e-08,0.21545702984536452,0.2154570302385902,3.932256742444906e-10,-0.020829302232044933,-0.020829302206669804,2.5375129081295356e-11,-0.9731131478090543,-0.9731133494745557,-2.0166550140920947e-07
0.16016666666666668,0.9777777777777779,0.04,-0.7,2.0,0.3,0.04,0.01,14494,-0.5492988845188368,-0.5492988848961499,-3.773130696771432e-10,3.325448490187899,3.3254485679003953,7.771249643795386e-08,0.13092778288238682,0.13092778630742752,3.425040695503867e-09,-0.05283498015935806,-0.05283497205091392,8.108444138343884e-09,-0.0725374189504413,-0.07253756181885529,-1.4286841398813976e-07
0.24883333333333335,0.9777777777777779,0.04,-0.7,2.0,0.3,0.04,0.01,14502,-0.5254465751725403,-0.525446573177835,1.9947052898316997e-09,2.8686109730668985,2.8686109468402523,-2.6226646188121094e-08,0.19014273706402518,0.19014274045164128,3.3876161043000508e-09,-0.05588787508600812,-0.05588787571405132,-6.28043200778805e-10,-0.11213370736590234,-0.11213383819773393,-1.3083183159068312e-07
0.37075,0.9777777777777779,0.04,-0.7,2.0,0.3,0.04,0.01,14513,-0.49924534554775246,-0.49924534108003826,4.46771419859715e-09,2.461709221190933,2.4617092306482147,9.457281624491998e-09,0.23294613528325459,0.23294613768936256,2.4061079795245632e-09,-0.05884576125970986,-0.05884576218742066,-9.27710797071768e-10,-0.1675979748363282,-0.16759810019458818,-1.253582599669567e-07
0.4926666666666667,0.9777777777777779,0.04,-0.7,2.0,0.3,0.04,0.01,14524,-0.48035844577673514,-0.4803584397613507,6.015384468316398e-09,2.2062793147981097,2.2062793594677146,4.466960490390193e-08,0.252122324544482,0.2521223263098617,1.765379675777723e-09,-0.05396209082214609,-0.0539620908611548,-3.900870598760875e-11,-0.22817382626980076,-0.2281739517268793,-1.254570785313991e-07
0.5148333333333334,0.9777777777777779,0.04,-0.7,2.0,0.3,0.04,0.01,14526,-0.4774513119801954,-0.477451305771028,6.209167402460025e-09,2.1665329738573824,2.166533024080152,5.022276949873117e-08,0.2542454839956493,0.25424548567402766,1.678378380720602e-09,-0.05285017771861078,-0.05285017767980523,3.8805549051890154e-11,-0.2395806539085693,-0.23958077957711307,-1.2566854376561132e-07
0.57025,0.9777777777777779,0.04,-0.7,2.0,0.3,0.04,0.01,14531,-0.47070470881212245,-0.47070470224137506,6.570747390632903e-09,2.0722257951244494,2.0722258679577963,7.283334690910692e-08,0.25833901088900824,0.2583390123794876,1.4904793510517322e-09,-0.050154838349483755,-0.05015483820449449,1.4498926365069664e-10,-0.2684111220021407,-0.26841124834781377,-1.2634567309044442e-07
0.5924166666666667,0.9777777777777779,0.04,-0.7,2.0,0.3,0.04,0.01,14533,-0.4681939307336208,-0.4681939240747155,6.658905316037078e-09,2.0362287647679445,2.036228696606025,-6.816191966407814e-08,0.2595668623393832,0.25956686376102467,1.4216414712109327e-09,-0.04914279571277547,-0.04914279555396492,1.5881054804545158e-10,-0.2800342162500441,-0.2800343429154607,-1.266654165998915e-07
0.6145833333333334,0.9777777777777779,0.04,-0.7,2.0,0.3,0.04,0.01,14535,-0.4657823135743172,-0.465782306858107,6.716210199098072e-09,2.0011323029200945,2.0011323672798405,6.435974597707173e-08,0.26059472899825353,0.2605947303581255,1.3598719927898628e-09,-0.04817719576707957,-0.04817719560610132,1.609782515621383e-10,-0.29169305594226036,-0.2916931829589731,-1.2701671275872073e-07
0.7475833333333334,0.9777777777777779,0.04,-0.7,2.0,0.3,0.04,0.01,14547,-0.4532253636087974,-0.45322535711403494,6.494762450071079e-09,1.8092210549158771,1.809220948689272,-1.0622660506776072e-07,0.26341923553011015,0.2634192365435587,1.013448547304563e-09,-0.043298303615268985,-0.04329830352250021,9.276877183106436e-11,-0.36199950803395,-0.3619996378889344,-1.298549844319652e-07
0.7586666666666667,0.9777777777777779,0.04,-0.7,2.0,0.3,0.04,0.01,14548,-0.4523178720913096,-0.45231786565286447,6.438445110390489e-09,1.794715449865425,1.7947153972271135,-5.263831148738518e-08,0.26344349135926093,0.26344349235037906,9.91118132009916e-10,-0.04294840796628674,-0.042948407882514604,8.377213506216563e-11,-0.3678659846861887,-0.36786611484029896,-1.3015411026717771e-07
0.9249166666666667,0.9777777777777779,0.04,-0.7,2.0,0.3,0.04,0.01,14563,-0.44095744884800614,-0.4409574434671035,5.380902612373006e-09,1.6054121060316007,1.6054121092540794,3.222478728304168e-09,0.2610780757415776,0.2610780764261326,6.845550237777331e-10,-0.038232005849930806,-0.03823200582598117,2.3949633942699222e-11,-0.4556485156916035,-0.4556486516929404,-1.36001336914493e-07
1.1133333333333333,0.9777777777777779,0.04,-0.7,2.0,0.3,0.04,0.01,14580,-0.43214539890937265,-0.43214539464964147,4.25973117890166e-09,1.449435071965155,1.4494350615113627,-1.0453792276265972e-08,0.2543676576988868,0.25436765817418927,4.753024640535841e-10,-0.03347172108349172,-0.03347172105838126,2.5110462320565574e-11,-0.5542642988954488,-0.5542644442561712,-1.4536072234783148e-07
1.1909166666666666,0.9777777777777779,0.04,-0.7,2.0,0.3,0.04,0.01,14587,-0.4293792769798077,-0.4293792730622119,3.917595803315521e-09,1.3997899478424003,1.3997899576480275,9.805627199099831e-09,0.250940698206803,0.25094069863189405,4.2509107345267694e-10,-0.031654685120688364,-0.03165468509047194,3.0216426583073996e-11,-0.5945291623998122,-0.5945293122676186,-1.4986780638714947e-07
1.36825,0.9777777777777779,0.04,-0.7,2.0,0.3,0.04,0.01,14603,-0.42420239100844637,-0.4242023876168334,3.391612990455428e-09,1.3097404119588596,1.309740454034039,4.207517934062821e-08,0.2424696876166671,0.24246968798454638,3.678792825922983e-10,-0.027940362292075416,-0.02794036225020217,4.1873244455148395e-11,-0.6857432732178953,-0.685743434329495,-1.6111159972798106e-07
1.4125833333333333,0.9777777777777779,0.04,-0.7,2.0,0.3,0.04,0.01,14607,-0.42307299186014613,-0.42307298855963726,3.300508866210805e-09,1.2912370422890618,1.2912370034617136,-3.882734822546752e-08,0.24029145566269172,0.24029145602242494,3.597332154381405e-10,-0.027122902080678468,-0.027122902038628386,4.205008216628947e-11,-0.7083641626871168,-0.7083643267530838,-1.6406596703433252e-07
1.5566666666666666,0.9777777777777779,0.04,-0.7,2.0,0.3,0.04,0.01,14620,-0.41964578231835914,-0.4196457792111415,3.1072176498447845e-09,1.2391553408375167,1.2391553635893795,2.2751862838177317e-08,0.23322129110658896,0.2332212914641659,3.5757694027971354e-10,-0.024795343325778596,-0.024795343287814645,3.796395142696696e-11,-0.7813795252215039,-0.7813796991719525,-1.7395044860091247e-07
1.6120833333333333,0.9777777777777779,0.04,-0.7,2.0,0.3,0.04,0.01,14625,-0.4183853715712671,-0.41838536850945346,3.0618136359628068e-09,1.2217396094804656,1.221739598280884,-1.1199581484433452e-08,0.23053719427928998,0.23053719463502784,3.5573785583942197e-10,-0.0240327000758378,-0.024032700035589986,4.024781202760508e-11,-0.8092626220271293,-0.8092627998604434,-1.7783331407450476e-07
1.7783333333333333,0.9777777777777779,0.04,-0.7,2.0,0.3,0.04,0.01,14640,-0.41465338472053415,-0.41465338172897925,2.991554892695092e-09,1.1755515047506826,1.1755514564881182,-4.8262564389389695e-08,0.2227069967682821,0.22270699714179867,3.735165787777106e-10,-0.022153596966750788,-0.0221535969337163,3.303448833924527e-11,-0.8922905221711575,-0.8922907118838087,-1.8971265125511394e-07
1.8448333333333333,0.9777777777777779,0.04,-0.7,2.0,0.3,0.04,0.01,14646,-0.41315194723633153,-0.4131519442530738,2.9832577519428582e-09,1.1589435536252246,1.1589435863785853,3.275336069030743e-08,0.2196898214328058,0.21968982181416488,3.8135908320136025e-10,-0.02155710598319982,-0.021557105953985974,2.921384661958015e-11,-0.9252612223878409,-0.9252614169370903,-1.9454924937711837e-07
1.9224166666666667,0.9777777777777779,0.04,-0.7,2.0,0.3,0.04,0.01,14653,-0.41138050814001903,-0.411380505155864,2.9841550341913603e-09,1.140502861596282,1.1405028516784543,-9.917827670236079e-09,0.21626371960584145,0.21626371999726052,3.9141906382766933e-10,-0.020958661971701154,-0.020958661946638986,2.506216761899438e-11,-0.9635720573652334,-0.9635722576214528,-2.0025621938479787e-07
1.96675,0.9777777777777779,0.04,-0.7,2.0,0.3,0.04,0.01,14657,-0.41035684561166463,-0.410356842622859,2.9888056474192126e-09,1.1303237734683336,1.1303238480372384,7.456890482870904e-08,0.21435334571856535,0.21435334611760917,3.9904382576061437e-10,-0.020659392327010417,-0.020659392306271594,2.0738823852672894e-11,-0.9853949724881322,-0.9853951760344465,-2.035463142480154e-07
0.24883333333333335,0.98,0.04,-0.7,2.0,0.3,0.04,0.01,14683,-0.519074853092237,-0.5190748510712041,2.0210328965930557e-09,2.8659326044289113,2.865932606511748,2.082836569883284e-09,0.19085561313979954,0.19085561654474612,3.404946574692147e-09,-0.05642970633559785,-0.05642970697562591,-6.400280583296336e-10,-0.11072728706991442,-0.1107274186793401,-1.3160942569090395e-07
0.3375,0.98,0.04,-0.7,2.0,0.3,0.04,0.01,14691,-0.49988276813239807,-0.49988276416522004,3.967178030528373e-09,2.5454810842484576,2.545481040356449,-4.3892008694257356e-08,0.22511598091870533,0.2251159835879554,2.669250070974627e-09,-0.05957086394767219,-0.0595708651530519,-1.2053797057709481e-09,-0.15020926311663796,-0.15020938957204624,-1.2645540828359891e-07
0.8140833333333334,0.98,0.04,-0.7,2.0,0.3,0.04,0.01,14734,-0.444251512870808,-0.4442515067645771,6.106230909797006e-09,1.7175835587135424,1.71758358819214,2.9478597562970776e-08,0.2635901996221601,0.26359020049755555,8.753954228168936e-10,-0.0414415885734154,-0.04144158851742184,5.5993557013245265e-11,-0.39463792787214347,-0.39463805952083975,-1.3164869627768638e-07
0.9138333333333334,0.98,0.04,-0.7,2.0,0.3,0.04,0.01,14743,-0.43801097245582676,-0.43801096702291437,5.432912397740353e-09,1.6091549703833863,1.6091549130531013,-5.7330284963796885e-08,0.26174568883985394,0.2617456895379665,6.981125677540945e-10,-0.03865319472405593,-0.03865319469733702,2.6718904866385174e-11,-0.4471428787634901,-0.4471430140573928,-1.3529390269217956e-07
0.9470833333333334,0.98,0.04,-0.7,2.0,0.3,0.04,0.01,14746,-0.43621537417284917,-0.4362153689618644,5.2109847548109656e-09,1.5771025874133926,1.5771025489192272,-3.84941654107962e-08,0.26082894324722106,0.2608289438966196,6.493985349464992e-10,-0.03776677791444971,-0.03776677789066114,2.3788568337401728e-11,-0.4645903252242095,-0.4645904619279934,-1.3670378390395754e-07
1.4125833333333333,0.98,0.04,-0.7,2.0,0.3,0.04,0.01,14788,-0.4202084826675223,-0.42020847933406796,3.333454345888498e-09,1.2868152848843906,1.2868153132265816,2.834219103853286e-08,0.24062291324553065,0.24062291360102123,3.5549058141626233e-10,-0.02717738357110866,-0.027177383530058507,4.105015286026692e-11,-0.704991487946588,-0.7049916515637542,-1.6361716626001055e-07
1.4236666666666666,0.98,0.04,-0.7,2.0,0.3,0.04,0.01,14789,-0.41994289020318154,-0.4199428868944063,3.3087752537852566e-09,1.2824199549510418,1.2824199062666823,-4.8684359432726865e-08,0.240077195898733,0.2400771962555962,3.5686320565275764e-10,-0.026979926732728643,-0.026979926690479567,4.224907576566572e-11,-0.7106193933621718,-0.7106195577221477,-1.6435997585162454e-07
1.5788333333333333,0.98,0.04,-0.7,2.0,0.3,0.04,0.01,14803,-0.4164060444006301,-0.416406041281231,3.1193991278932742e-09,1.2279061933906377,1.2279061835073852,-9.883252438669388e-09,0.23247259084202554,0.23247259119530675,3.5328120984168265e-10,-0.02453147628103669,-0.024531476239645886,4.139080397869144e-11,-0.7889383936937611,-0.7889385686951941,-1.750014330115235e-07
1.8448333333333333,0.98,0.04,-0.7,2.0,0.3,0.04,0.01,14827,-0.4105809530692561,-0.41058095005325235,3.0160037800541772e-09,1.1549443346137167,1.1549443259183338,-8.695382858192602e-09,0.2200119663593736,0.22001196673860304,3.7922945339552427e-10,-0.02160691101357748,-0.021606910983273546,3.030393297409617e-11,-0.9213001698712281,-0.9213003638547266,-1.939834984865385e-07
1.8780833333333333,0.98,0.04,-0.7,2.0,0.3,0.04,0.01,14830,-0.4098425074514078,-0.4098425044397565,3.011651317219588e-09,1.1469330651880938,1.1469330690802158,3.892121958060102e-09,0.21852987751896924,0.21852987790285872,3.838894757635103e-10,-0.021338514352292615,-0.0213385143207804,3.151221297792439e-11,-0.9376969142466801,-0.937697110655957,-1.9640927684250187e-07
0.03825,0.9822222222222222,0.04,-0.7,2.0,0.3,0.04,0.01,14845,-0.5803352211168622,-0.5803352226256958,-1.5088336136059866e-09,4.983714195494482,4.983714951176523,7.556820413867626e-07,0.00640922825916046,0.006409228816911701,5.577512410259722e-10,-0.22269874659384958,-0.22269850596054147,2.4063330811285866e-07,0.03675115783214472,0.036750953559266636,-2.0427287808488792e-07
0.18233333333333335,0.9822222222222222,0.04,-0.7,2.0,0.3,0.04,0.01,14858,-0.5287194736015507,-0.5287194728105085,7.910422317181087e-10,3.1992666800484404,3.199266704660729,2.4612288651582048e-08,0.14997146180792398,0.14997146542545442,3.6175304418684107e-09,-0.05338964893703696,-0.053389644196444895,4.740592064733651e-09,-0.0807421828362756,-0.08074232424359162,-1.4140731602330092e-07
0.21558333333333335,0.9822222222222222,0.04,-0.7,2.0,0.3,0.04,0.01,14861,-0.5205211713953106,-0.5205211700642832,1.331027399409379e-09,3.0222087069042836,3.02220864585213,-6.10521535548969e-08,0.1727730231281671,0.17277302673852815,3.6103610379090156e-09,-0.054739752024246524,-0.054739750878164364,1.1460821597308879e-09,-0.09515170027288994,-0.09515183656614067,-1.3629325072705978e-07
0.404,0.9822222222222222,0.04,-0.7,2.0,0.3,0.04,0.01,14878,-0.48294606533140494,-0.4829460601434463,5.187958618257937e-09,2.369820979730708,2.3698209768257144,-2.90499357902263e-09,0.2409807198128916,0.24098072202579895,2.212907357357352e-09,-0.05865109145422598,-0.058651092064501247,-6.10275267820537e-10,-0.17986788278259724,-0.17986800850610518,-1.2572350793771392e-07
0.5591666666666667,0.9822222222222222,0.04,-0.7,2.0,0.3,0.04,0.01,14892,-0.46274632223300416,-0.4627463155230768,6.709927335979415e-09,2.072931973295944,2.072932034330232,6.103428829007385e-08,0.2586889082725752,0.2586889098034082,1.5308330159058414e-09,-0.05118482839211458,-0.05118482825396191,1.3815266985961472e-10,-0.2582206055341818,-0.2582207318491573,-1.263149754793247e-07
0.6921666666666667,0.9822222222222222,0.04,-0.7,2.0,0.3,0.04,0.01,14904,-0.4497353761601097,-0.44973536942749637,6.73261335570885e-09,1.8673319668316424,1.8673319284268617,-3.8404780688949813e-08,0.26376262701841013,0.2637626281639174,1.1455072446153736e-09,-0.045556782355474224,-0.04555678222551661,1.2995761411449536e-10,-0.3278977248052234,-0.327897853153459,-1.2834823559515485e-07
0.83625,0.9822222222222222,0.04,-0.7,2.0,0.3,0.04,0.01,14917,-0.4389950375098539,-0.43899503157144687,5.9384070438817105e-09,1.683911179939379,1.6839111941134213,1.4174042162196088e-08,0.26370130605975206,0.26370130688550697,8.257549088952487e-10,-0.04094490967353204,-0.04094490962660274,4.692929378435906e-11,-0.4037584982369974,-0.40375863043235816,-1.321953607691384e-07
0.936,0.9822222222222222,0.04,-0.7,2.0,0.3,0.04,0.01,14926,-0.43327930421999117,-0.43327929895650286,5.263488311868514e-09,1.5805372649557725,1.5805372874731267,2.251735420344403e-08,0.2615087205930233,0.2615087212529876,6.599642499161007e-10,-0.03817660627292163,-0.03817660625108116,2.1840473873879773e-11,-0.456082935492777,-0.45608307146613,-1.3597335296600122e-07
1.03575,0.9822222222222222,0.04,-0.7,2.0,0.3,0.04,0.01,14935,-0.4286879153166112,-0.4286879106629386,4.6536726139301265e-09,1.4945559845269685,1.4945559628527363,-2.167423218679687e-08,0.2581749749644424,0.258174975504438,5.399956037877018e-10,-0.035569316340217094,-0.03556931631818312,2.203397186928413e-11,-0.5081278552149238,-0.5081279958079724,-1.4059304864755262e-07
1.1355,0.9822222222222222,0.04,-0.7,2.0,0.3,0.04,0.01,14944,-0.42496343507024414,-0.42496343090703353,4.163210609586798e-09,1.4234099801613276,1.4234099205851944,-5.9576133137895226e-08,0.2540915468620536,0.2540915473165285,4.544749021562211e-10,-0.033099272641681776,-0.03309927261479253,2.6889247772832192e-11,-0.5598461263986443,-0.5598462723205111,-1.4592186681205987e-07
1.5566666666666666,0.9822222222222222,0.04,-0.7,2.0,0.3,0.04,0.01,14982,-0.4141569547383428,-0.4141569515712659,3.1670768785296843e-09,1.2307887375939686,1.230788743829016,6.235047367297852e-09,0.2338708990434757,0.23387089939406575,3.505900569855669e-10,-0.024894047255738516,-0.02489404721519983,4.053868699060992e-11,-0.774234107071628,-0.7742342800401961,-1.729685681350901e-07
1.7229166666666667,0.9822222222222222,0.04,-0.7,2.0,0.3,0.04,0.01,14997,-0.4106254681010557,-0.4106254650362335,3.0648222293372385e-09,1.1820073697599298,1.1820073591383635,-1.0621566293167461e-08,0.22591801127506972,0.22591801164153602,3.6646630174885786e-10,-0.02281230816775226,-0.022812308133998205,3.37540551065274e-11,-0.8571164071797394,-0.8571165918291807,-1.8464944129270577e-07
0.30425,0.9844444444444445,0.04,-0.7,2.0,0.3,0.04,0.01,15050,-0.49482513974130615,-0.49482513640253784,3.338768317373564e-09,2.640911546392122,2.6409115972237966,5.0831674869300514e-08,0.21582265970262332,0.21582266267829228,2.975668961235911e-09,-0.06000997457612095,-0.06000997594216004,-1.3660390874026263e-09,-0.13187266176880458,-0.13187279066417593,-1.2889537134852525e-07
0.50375,0.9844444444444445,0.04,-0.7,2.0,0.3,0.04,0.01,15068,-0.464397010182388,-0.4643970037094303,6.472957669867441e-09,2.1610367634261607,2.161036815319301,5.189314045139781e-08,0.25484734480933635,0.254847346546529,1.7371926674947247e-09,-0.054240072569142206,-0.0542400725548556,1.4286606619950959e-11,-0.22756335074237966,-0.2275634767159903,-1.259736106540288e-07
0.5259166666666667,0.9844444444444445,0.04,-0.7,2.0,0.3,0.04,0.01,15070,-0.46181610765611003,-0.46181610102400017,6.632109861293145e-09,2.121246858721726,2.1212468626688965,3.947170590379301e-09,0.2567833179479423,0.25678331960086553,1.6529232427231477e-09,-0.05309551011918601,-0.05309551003804687,8.113913707585851e-11,-0.23889596632444,-0.2388960924404297,-1.2611598970702076e-07
0.537,0.9844444444444445,0.04,-0.7,2.0,0.3,0.04,0.01,15071,-0.4605676535190256,-0.4605676468207726,6.6982530078085745e-09,2.101841185819797,2.101841191869168,6.049370782079677e-09,0.2576456644970415,0.2576456661084073,1.6113657630434375e-09,-0.05253096338836416,-0.0525309632842765,1.0408766210057152e-10,-0.24459217680530831,-0.24459230300225557,-1.2619694725324315e-07
0.6256666666666667,0.9844444444444445,0.04,-0.7,2.0,0.3,0.04,0.01,15079,-0.4514769906303895,-0.4514769837251508,6.905238658649893e-09,1.9566190778697035,1.9566189989770444,-7.88926590722383e-08,0.2624699115812146,0.2624699129082367,1.3270221033145901e-09,-0.04837449916139658,-0.04837449899710609,1.64290490933805e-10,-0.29065774416123236,-0.29065787133590343,-1.271746710718169e-07
0.7143333333333334,0.9844444444444445,0.04,-0.7,2.0,0.3,0.04,0.01,15087,-0.44379908609830376,-0.4437990794405262,6.657777551488664e-09,1.8275621807561926,1.8275622040509518,2.329475923268376e-08,0.26447588608861927,0.2644758871747996,1.0861803123596303e-09,-0.04494991200705567,-0.04494991188846108,1.1859459247975934e-10,-0.33716877801855116,-0.3371689067528797,-1.2873432853055533e-07
0.7475833333333334,0.9844444444444445,0.04,-0.7,2.0,0.3,0.04,0.01,15090,-0.44125045503912164,-0.44125044855447326,6.484648373827895e-09,1.7832578358412121,1.7832578738619218,3.802070969172178e-08,0.2646777837644887,0.26467778477468895,1.0102002567791146e-09,-0.04382110938505601,-0.04382110928972324,9.533276945639102e-11,-0.3546418655177297,-0.35464199500916155,-1.294914318550333e-07
1.2130833333333333,0.9844444444444445,0.04,-0.7,2.0,0.3,0.04,0.01,15132,-0.4194614295822269,-0.41946142569963396,3.882592913839744e-09,1.371463660693184,1.3714636352643261,-2.5428857908238456e-08,0.25090299499312685,0.2509029954039622,4.108353657272801e-10,-0.03135573777228451,-0.0313557377361101,3.6174410689149283e-11,-0.5967556668190488,-0.596755816892737,-1.500736882542597e-07
1.2241666666666666,0.9844444444444445,0.04,-0.7,2.0,0.3,0.04,0.01,15133,-0.41915074711872113,-0.4191507432761549,3.842566209666387e-09,1.3653615002495734,1.365361534428949,3.417937555205697e-08,0.2503853947129209,0.2503853951180148,4.050939028665823e-10,-0.031105744514800526,-0.031105744480085372,3.471515436226369e-11,-0.6024338168809928,-0.6024339676201025,-1.507391096389199e-07
1.6564166666666666,0.9844444444444445,0.04,-0.7,2.0,0.3,0.04,0.01,15172,-0.4093707024867971,-0.409370699355071,3.131726100669141e-09,1.1963010984605837,1.196301056807799,-4.165278477685774e-08,0.22937138028242265,0.22937138063914322,3.567205697496689e-10,-0.023616705212559097,-0.023616705173685762,3.8873335106437423e-11,-0.8203758920606596,-0.8203760714813866,-1.7942072694232536e-07
1.6675,0.9844444444444445,0.04,-0.7,2.0,0.3,0.04,0.01,15173,-0.4091431079895902,-0.4091431048637568,3.125833369921338e-09,1.1931468424375424,1.1931468508096077,8.372065263273498e-09,0.2288435796363869,0.2288435799929817,3.565947814809789e-10,-0.02348368665992806,-0.023483686623643193,3.628486747175863e-11,-0.8258780967888152,-0.8258782769856419,-1.8019682668235504e-07
1.83375,0.9844444444444445,0.04,-0.7,2.0,0.3,0.04,0.01,15188,-0.40569898037245977,-0.4056989772930305,3.079429267138778e-09,1.1495297769226198,1.1495298127970763,3.587445651653809e-08,0.22113429150302788,0.22113429187540048,3.7237260497313684e-10,-0.02179643878184867,-0.021796438749519195,3.2329475901926585e-11,-0.9079620139493261,-0.9079622059989847,-1.9204965862051893e-07
0.07150000000000001,0.9866666666666667,0.04,-0.7,2.0,0.3,0.04,0.01,15210,-0.5493167857156811,-0.5493167854756722,2.4000890164188604e-10,4.0854527524891715,4.085453111734448,3.5924527619357605e-07,0.04608461379750073,0.04608461534699779,1.5494970584395418e-09,-0.10860149478996578,-0.10860138837554377,1.064144220103147e-07,-0.01250191796430683,-0.012502093680381132,-1.7571607430211245e-07
0.5591666666666667,0.9866666666666667,0.04,-0.7,2.0,0.3,0.04,0.01,15254,-0.4535734109424594,-0.4535734040651119,6.877347524802957e-09,2.0548052953595075,2.0548052291605536,-6.619895387416364e-08,0.2596468997777962,0.2596469013138393,1.5360430705158024e-09,-0.05165937774942453,-0.0516593776102344,1.391901316427635e-10,-0.253858213557015,-0.2538583400285457,-1.2647153069256234e-07
0.5924166666666667,0.9866666666666667,0.04,-0.7,2.0,0.3,0.04,0.01,15257,-0.4502544987476653,-0.45025449180136795,6.94629737063579e-09,1.999888171733133,1.9998880647498036,-1.0698332930658694e-07,0.2615011887562718,0.2615011901847359,1.4284640692530104e-09,-0.050065924075970436,-0.050065923912769116,1.6320132051328429e-10,-0.2710739537418322,-0.2710740805278854,-1.2678605321170267e-07
0.6810833333333334,0.9866666666666667,0.04,-0.7,2.0,0.3,0.04,0.01,15265,-0.4423694870490241,-0.4423694802460607,6.80296341482034e-09,1.865039643555999,1.8650396487873124,5.231313382481062e-09,0.26440546573532064,0.2644054669100988,1.1747781636373134e-09,-0.046340451101828384,-0.0463404509634201,1.3840828483324685e-10,-0.31735259570508934,-0.3173527237305558,-1.280254664504099e-07
0.7919166666666667,0.9866666666666667,0.04,-0.7,2.0,0.3,0.04,0.01,15275,-0.4342844438879473,-0.4342844376879084,6.200038871195801e-09,1.7193863485753802,1.7193863677485166,1.9173136411865244e-08,0.26493344082001435,0.2649334417312499,9.112355314755405e-10,-0.04255844388643959,-0.04255844381575449,7.068509666474654e-11,-0.37543817822741077,-0.3754383087480637,-1.3052065295227067e-07
0.9581666666666667,0.9866666666666667,0.04,-0.7,2.0,0.3,0.04,0.01,15290,-0.42526794533995216,-0.4252679402447758,5.095176336400442e-09,1.5463938074500305,1.546393807857404,4.073734682918939e-10,0.2615210506028143,0.26152105122853336,6.257190876546304e-10,-0.03779343461143836,-0.03779343458902533,2.2413029765466774e-11,-0.46224448528808804,-0.46224462172119724,-1.3643310919908558e-07
1.1355,0.9866666666666667,0.04,-0.7,2.0,0.3,0.04,0.01,15306,-0.41866187454116244,-0.4186618703552565,4.185905955189639e-09,1.412282617241356,1.4122826020506176,-1.5190738444914587e-08,0.25472298930379056,0.2547229897565368,4.527462293957285e-10,-0.03324315162450686,-0.03324315159532563,2.918123381823179e-11,-0.5539265041942104,-0.5539266494366721,-1.4524246172431532e-07
1.3793333333333333,0.9866666666666667,0.04,-0.7,2.0,0.3,0.04,0.01,15328,-0.41239630304001906,-0.4123962995590937,3.48092538127176e-09,1.2867397536364678,1.2867397652548687,1.1618400908020021e-08,0.2432003083069345,0.24320030866364103,3.567065254284074e-10,-0.02794372871844919,-0.02794372867588753,4.2561659058248935e-11,-0.6781465007775489,-0.6781466608805924,-1.601030434894568e-07
1.4458333333333333,0.9866666666666667,0.04,-0.7,2.0,0.3,0.04,0.01,15334,-0.4109701440450919,-0.4109701406771224,3.367969514389557e-09,1.2605733235027117,1.260573415091898,9.158918623519696e-08,0.23992607171730018,0.23992607206813096,3.5083078109288124e-10,-0.026742125520118343,-0.02674212547884489,4.127345340498856e-11,-0.7116440677790159,-0.711644232267063,-1.644880470719201e-07
1.468,0.9866666666666667,0.04,-0.7,2.0,0.3,0.04,0.01,15336,-0.41050850693349905,-0.4105085035972704,3.3362286266935826e-09,1.2524225823096202,1.2524225736976886,-8.611931612279022e-09,0.23883442620532824,0.23883442655303708,3.477088339476353e-10,-0.0263663622325494,-0.026366362192258595,4.029080541423369e-11,-0.7227742027009904,-0.7227743686759748,-1.6597498442294523e-07
1.56775,0.9866666666666667,0.04,-0.7,2.0,0.3,0.04,0.01,15345,-0.40848363251376474,-0.40848362928470205,3.2290626839071024e-09,1.2187183526246592,1.2187184850853483,1.3246068908401298e-07,0.23394872077385498,0.23394872112157047,3.4771549528578305e-10,-0.024827510071712133,-0.024827510031431972,4.0280161150985094e-11,-0.7726439672167684,-0.7726441399754198,-1.7275865138444146e-07
1.6231666666666666,0.9866666666666667,0.04,-0.7,2.0,0.3,0.04,0.01,15350,-0.40737841728311075,-0.4073784141021369,3.180973873195825e-09,1.2017699557720363,1.2017699770322732,2.1260236904296903e-08,0.23126805352012558,0.23126805387017108,3.5004549259198825e-10,-0.02407733857567873,-0.02407733853868259,3.699614226082559e-11,-0.800201466744227,-0.8002016433323459,-1.7658811890530757e-07
1.7118333333333333,0.9866666666666667,0.04,-0.7,2.0,0.3,0.04,0.01,15358,-0.4056121366347032,-0.4056121334960717,3.1386314658377046e-09,1.1767157082065438,1.1767157338131722,2.560662837325367e-08,0.22705198273520466,0.22705198309495517,3.5975050716174906e-10,-0.023023601084457,-0.02302360105199136,3.246564128644991e-11,-0.8440858900260473,-0.8440860728245163,-1.8279846902835573e-07
1.90025,0.9866666666666667,0.04,-0.7,2.0,0.3,0.04,0.01,15375,-0.4017769611459887,-0.40177695804273833,3.103250378888589e-09,1.1294478768908434,1.1294478355879292,-4.1302914199903284e-08,0.21847312874294367,0.21847312912252284,3.795791736482812e-10,-0.021313835713923646,-0.021313835685217906,2.8705739174572642e-11,-0.9365796201363241,-0.9365798164364805,-1.9630015635208053e-07
0.14908333333333335,0.9888888888888889,0.04,-0.7,2.0,0.3,0.04,0.01,15398,-0.5150068167021626,-0.5150068147213909,1.980771768828049e-09,3.385939829902984,3.3859399367736382,1.0687065410408536e-07,0.12486186508103153,0.12486186848313514,3.4021036127152016e-09,-0.057075880290080594,-0.057075869251122645,1.1038957949127681e-08,-0.06277751538618509,-0.06277766709572145,-1.5170953636400863e-07
0.37075,0.9888888888888889,0.04,-0.7,2.0,0.3,0.04,0.01,15418,-0.4720637521749699,-0.47206374730586936,4.869100511672997e-09,2.430534283559549,2.4305342329246398,-5.063490915446778e-08,0.23588685213567911,0.23588685460147443,2.4657953179296754e-09,-0.06069575845923936,-0.0606957593545695,-8.953301433578531e-10,-0.15858917198616207,-0.15858929933787583,-1.273517137578839e-07
0.5480833333333334,0.9888888888888889,0.04,-0.7,2.0,0.3,0.04,0.01,15434,-0.450129571269442,-0.4501295643610963,6.908345673295457e-09,2.064512813482189,2.064512872591648,5.9109459105144424e-08,0.2593679187864323,0.2593679203643024,1.5778701123458916e-09,-0.052441869460573276,-0.052441869330573126,1.300001495341263e-10,-0.245996019684544,-0.2459961461697273,-1.2648518329938518e-07
0.67,0.9888888888888889,0.04,-0.7,2.0,0.3,0.04,0.01,15445,-0.43911284134418027,-0.4391128344844407,6.859739554165856e-09,1.8718625788283205,1.8718625493821943,-2.944612620403575e-08,0.2645785076275248,0.2645785088280208,1.2004960359135453e-09,-0.046947623128096305,-0.046947622983014387,1.4508191870099552e-10,-0.309221369738516,-0.3092214975424731,-1.2780395708400505e-07
0.8140833333333334,0.9888888888888889,0.04,-0.7,2.0,0.3,0.04,0.01,15458,-0.42912828844950124,-0.42912828240959233,6.039908906352309e-09,1.6852036002767967,1.6852035871132944,-1.316350228819374e-08,0.2650698191276196,0.2650698199871752,8.595555933688104e-10,-0.04201350973710716,-0.04201350967903625,5.8070909192409204e-11,-0.38453074437921897,-0.38453087539150577,-1.3101228679701649e-07
0.9470833333333334,0.9888888888888889,0.04,-0.7,2.0,0.3,0.04,0.01,15470,-0.4223196520506539,-0.4223196468935353,5.157118621035295e-09,1.5494827268480726,1.5494827612407882,3.439271556437973e-08,0.2621771776345483,0.2621771782715095,6.369612060019847e-10,-0.03819305219962543,-0.03819305216936797,3.0257463201621704e-11,-0.453789306301966,-0.45378944202883775,-1.3572687174168152e-07
1.4125833333333333,0.9888888888888889,0.04,-0.7,2.0,0.3,0.04,0.01,15512,-0.40884998571785736,-0.40884998226426583,3.453591523872035e-09,1.2687362799246316,1.2687363085269614,2.8602329837923435e-08,0.2418602998639774,0.24186030021749189,3.53514495454732e-10,-0.027375667334544884,-0.027375667292824476,4.1720408378020934e-11,-0.6915713668093071,-0.6915715286575108,-1.618482037279989e-07
1.8115833333333333,0.9888888888888889,0.04,-0.7,2.0,0.3,0.04,0.01,15548,-0.4010485954905607,-0.4010485923470053,3.1435554159742196e-09,1.1467085531124965,1.1467085075719876,-4.55405089194727e-08,0.22273500039221572,0.2227350007574246,3.65208890906743e-10,-0.022080614089925454,-0.022080614059379035,3.054641956046211e-11,-0.8892916438302256,-0.8892918331688867,-1.893386610829495e-07
0.07150000000000001,0.991111111111111,0.04,-0.7,2.0,0.3,0.04,0.01,15572,-0.5311663965141058,-0.5311663934297118,3.0843939624602967e-09,4.080959007529694,4.080959212794534,2.0526483979210752e-07,0.04730172947237793,0.04730173107640886,1.6040309289144794e-09,-0.1102753348030186,-0.11027523186456477,1.0293845383035904e-07,-0.011840521452893826,-0.011840699740945922,-1.7828805209604837e-07
0.3929166666666667,0.991111111111111,0.04,-0.7,2.0,0.3,0.04,0.01,15601,-0.46351732535084705,-0.4635173199764078,5.374439226990546e-09,2.3676817721696164,2.3676817536115915,-1.8558024894588243e-08,0.24103347617637078,0.24103347850131973,2.324948955578776e-09,-0.06035350277693724,-0.060353503461026435,-6.840891950132821e-10,-0.16714423271464024,-0.16714435997985985,-1.2726521961270443e-07
0.44833333333333336,0.991111111111111,0.04,-0.7,2.0,0.3,0.04,0.01,15606,-0.45636437099802474,-0.45636436477779946,6.220225279296443e-09,2.243216412622928,2.2432164755873694,6.296444121645095e-08,0.2500360288175407,0.2500360308203576,2.0028168568053673e-09,-0.057909911496123456,-0.05790991174224519,-2.461217341043209e-10,-0.1937782171440583,-0.19377834373713707,-1.2659307876972115e-07
0.47050000000000003,0.991111111111111,0.04,-0.7,2.0,0.3,0.04,0.01,15608,-0.4537570675330199,-0.4537570610621899,6.470830038463049e-09,2.198246075446608,2.198246096238035,2.0791426802446722e-08,0.25280704635019524,0.2528070482447978,1.8946025859278848e-09,-0.05676506872914766,-0.05676506884111905,-1.1197139049290428e-10,-0.20470884852248628,-0.20470897501443455,-1.2649194827685228e-07
0.7143333333333334,0.991111111111111,0.04,-0.7,2.0,0.3,0.04,0.01,15630,-0.43170410669736425,-0.4317041000389097,6.65845456548908e-09,1.8009302785171322,1.8009303785517794,1.000346472324054e-07,0.2656136312936125,0.2656136323778089,1.0841963993257764e-09,-0.0454481540301116,-0.045448153910931675,1.1917992287502344e-10,-0.33000628762824835,-0.3300064161477716,-1.2851952324588467e-07
0.803,0.991111111111111,0.04,-0.7,2.0,0.3,0.04,0.01,15638,-0.4260279886433155,-0.426027982542877,6.100438487699478e-09,1.6898999879999543,1.6898999470477678,-4.0952186530773815e-08,0.26552196323824384,0.2655219641204537,8.822098607197404e-10,-0.042485981575982046,-0.04248598151168552,6.429652643635819e-11,-0.3762465800048742,-0.3762467105682615,-1.3056338726835648e-07
1.1355,0.991111111111111,0.04,-0.7,2.0,0.3,0.04,0.01,15668,-0.41240992573729485,-0.41240992151823896,4.219055882437317e-09,1.4010785226448164,1.4010785700894648,4.744464843220442e-08,0.25531013247384604,0.25531013291923665,4.453906132795282e-10,-0.033374453196899356,-0.03337445316721949,2.9679869673060466e-11,-0.5480324957093247,-0.5480326402960167,-1.445866920635197e-07
1.335,0.991111111111111,0.04,-0.7,2.0,0.3,0.04,0.01,15686,-0.4076104551468951,-0.40761045151371206,3.633183032203391e-09,1.2961877043915493,1.2961876834393007,-2.095224860276801e-08,0.24595501073157444,0.24595501109299447,3.6142003279060475e-10,-0.028903843601185697,-0.028903843563165107,3.80205901484576e-11,-0.6492635727707585,-0.6492637291976847,-1.5642692619000087e-07
1.601,0.991111111111111,0.04,-0.7,2.0,0.3,0.04,0.01,15710,-0.4024681342382902,-0.4024681309677571,3.270533122101682e-09,1.1997895052462404,1.1997896380727069,1.3282646649237506e-07,0.23292214976884662,0.23292215011589715,3.470505272051838e-10,-0.02445424591733525,-0.024454245877079298,4.025595135015436e-11,-0.7819886247915908,-0.7819887988504445,-1.7405885366361673e-07
0.17125,0.9933333333333334,0.04,-0.7,2.0,0.3,0.04,0.01,15762,-0.49537813611055803,-0.49537813380325946,2.307298574422134e-09,3.2514901521230044,3.251490166603288,1.4480283638818037e-08,0.14450832339918396,0.14450832705231562,3.6531316582877338e-09,-0.056057462377821776,-0.05605745554293441,6.8348873644152874e-09,-0.07098566509679965,-0.0709858148047817,-1.4970798203894908e-07
0.2599166666666667,0.9933333333333334,0.04,-0.7,2.0,0.3,0.04,0.01,15770,-0.47900458325887685,-0.4790045808722608,2.3866160714369755e-09,2.799343135073684,2.7993431150079386,-2.0065745509612043e-08,0.19989714114019425,0.1998971445634002,3.4232059409333715e-09,-0.05986795919961374,-0.05986796022149318,-1.0218794421756883e-09,-0.10709459009893701,-0.10709472540344471,-1.3530450769516644e-07
0.47050000000000003,0.9933333333333334,0.04,-0.7,2.0,0.3,0.04,0.01,15789,-0.4488817082557578,-0.4488817016949008,6.56085696881803e-09,2.1895576921004967,2.189557761657838,6.95573412201611e-08,0.2532468207094851,0.2532468226103583,1.900873181082119e-09,-0.05701507138043682,-0.057015071491112464,-1.1067564226197035e-10,-0.20271566259146,-0.2027157893168838,-1.2672542379355e-07
0.48158333333333336,0.9933333333333334,0.04,-0.7,2.0,0.3,0.04,0.01,15790,-0.4476741600833306,-0.44767415342056577,6.662764839848734e-09,2.167725794699482,2.167725756307225,-3.839225692914283e-08,0.25448149251851293,0.25448149436792855,1.8494156206472212e-09,-0.0564217302170128,-0.056421730271363185,-5.435038530343661e-11,-0.20820860120167317,-0.20820872788540118,-1.26683728007837e-07
0.5813333333333334,0.9933333333333334,0.04,-0.7,2.0,0.3,0.04,0.01,15799,-0.4379778955519026,-0.4379778884637893,7.088113262998519e-09,1.9898581574140373,1.9898581274383846,-2.997565262674584e-08,0.2621809136760245,0.2621809151417482,1.465723709070943e-09,-0.05120740573363869,-0.05120740556956286,1.6407582931199372e-10,-0.25874127261071855,-0.2587413994918829,-1.2688116435288777e-07
0.6589166666666667,0.9933333333333334,0.04,-0.7,2.0,0.3,0.04,0.01,15806,-0.4316598590769355,-0.43165985214653024,6.930405249683247e-09,1.8695879219765565,1.8695879434051048,2.142854826914231e-08,0.2650680577478276,0.2650680589776245,1.2297968754459987e-09,-0.04773725297876896,-0.047737252825372216,1.5339674669379022e-10,-0.29883436971224475,-0.29883449732814993,-1.276159051766257e-07
1.43475,0.9933333333333334,0.04,-0.7,2.0,0.3,0.04,0.01,15876,-0.4028171313411738,-0.40281712785363105,3.4875427545877358e-09,1.2510054367420587,1.2510054090603107,-2.768174800493739e-08,0.24133475748366884,0.24133475782961447,3.4594563325107686e-10,-0.02706694055831793,-0.02706694051598958,4.232835262851786e-11,-0.6959693888777818,-0.6959695513043394,-1.624265575372874e-07
1.601,0.9933333333333334,0.04,-0.7,2.0,0.3,0.04,0.01,15891,-0.3998067971859587,-0.39980679388134244,3.3046162473127083e-09,1.1954058548591107,1.1954058461818267,-8.677284002445163e-09,0.23320318998987233,0.23320319033347345,3.436011197788247e-10,-0.02449479309482583,-0.024494793054018096,4.0807732193393065e-11,-0.778400514101496,-0.7784006876704386,-1.7356894255193822e-07
1.8005,0.9933333333333334,0.04,-0.7,2.0,0.3,0.04,0.01,15909,-0.396177791355673,-0.39617778814662374,3.209049248553697e-09,1.1410004857603795,1.1410004238947877,-6.186559176057926e-08,0.22380954660998487,0.22380954697065694,3.606720755389148e-10,-0.022265938372789673,-0.02226593834241413,3.037554235918449e-11,-0.8761602790875733,-0.8761604665350012,-1.8744742791287905e-07
2.0,0.9933333333333334,0.04,-0.7,2.0,0.3,0.04,0.01,15927,-0.39233908569559495,-0.39233908251344213,3.1821528190256743e-09,1.0939933361986398,1.0939932647187993,-7.147984049105105e-08,0.21502620126984118,0.21502620165807462,3.8823344539196114e-10,-0.020789541113550025,-0.02078954109105108,2.2498943680338002e-11,-0.9728960364795841,-0.9728962382898912,-2.0181030713217751e-07
0.10475000000000001,0.9955555555555555,0.04,-0.7,2.0,0.3,0.04,0.01,15937,-0.503178551928482,-0.5031785470062937,4.922188323597254e-09,3.6803354683256906,3.6803356362276913,1.6790200074723316e-07,0.08420530392669323,0.08420530652649955,2.599806314673714e-09,-0.07493578578317978,-0.07493575574903219,3.0034147585622506e-08,-0.03693547751263543,-0.036935644223822145,-1.667111867165172e-07
0.31533333333333335,0.9955555555555555,0.04,-0.7,2.0,0.3,0.04,0.01,15956,-0.46389289522406896,-0.46389289147571716,3.7483517956182766e-09,2.5792309968353244,2.5792310130570026,1.622167822290521e-08,0.2222570263708118,0.22225702931976962,2.9489578279306983e-09,-0.06214338250577767,-0.06214338386085898,-1.3550813110496662e-09,-0.1287886800430127,-0.12878881131337233,-1.312703596378917e-07
0.43725,0.9955555555555555,0.04,-0.7,2.0,0.3,0.04,0.01,15967,-0.44768152863965127,-0.4476815223878768,6.251774486987216e-09,2.2501540145047905,2.2501539959328154,-1.8571975068937263e-08,0.24937218513571002,0.24937218721182017,2.0761101449107144e-09,-0.05898707491534816,-0.058987075221152596,-3.058044373283053e-10,-0.18452969996342328,-0.18452982722683836,-1.2726341508395578e-07
0.7143333333333334,0.9955555555555555,0.04,-0.7,2.0,0.3,0.04,0.01,15992,-0.4237394190812621,-0.423739412424324,6.656938111859745e-09,1.783180318681854,1.783180401861946,8.318009192542775e-08,0.2662819516371928,0.26628195271337934,1.0761865287811645e-09,-0.045747032529006026,-0.04574703241048077,1.185252590518715e-10,-0.3252706985696491,-0.32527082698733945,-1.2841769037041928e-07
0.7365,0.9955555555555555,0.04,-0.7,2.0,0.3,0.04,0.01,15994,-0.42234763842845247,-0.4223476319053318,6.523120654744474e-09,1.7542262545355847,1.7542262906123722,3.6076787557348666e-08,0.2664069235772115,0.26640692459905657,1.0218450530175005e-09,-0.04495089914909045,-0.04495089904261157,1.064788812676909e-10,-0.33677429312754803,-0.3367744219471799,-1.288196318505186e-07
0.7586666666666667,0.9955555555555555,0.04,-0.7,2.0,0.3,0.04,0.01,15996,-0.42102072128603896,-0.4210207149094921,6.376546846098563e-09,1.7263352455887393,1.7263352524122924,6.823553055923526e-09,0.2664191755322176,0.26641917650206226,9.698446490347123e-10,-0.04418576540786423,-0.04418576531465979,9.320443722371508e-11,-0.3482790576950223,-0.34827918696173876,-1.292667164420891e-07
1.0025,0.9955555555555555,0.04,-0.7,2.0,0.3,0.04,0.01,16018,-0.41008176347744063,-0.410081758622169,4.855271629189417e-09,1.4827277614037904,1.4827277791041624,1.7700372056950187e-08,0.2612035320971595,0.2612035326605852,5.634256949882399e-10,-0.0369414969006443,-0.036941496872974024,2.7670275792868182e-11,-0.4742415930129168,-0.47424173040972883,-1.373968120388369e-07
1.1133333333333333,0.9955555555555555,0.04,-0.7,2.0,0.3,0.04,0.01,16028,-0.4067827140075836,-0.4067827096529409,4.354642701986933e-09,1.4036998299826742,1.4036998729555117,4.29728375106464e-08,0.2568148298794787,0.25681483033841546,4.5893677746988715e-10,-0.034046287654826424,-0.03404628762380932,3.101710555064585e-11,-0.5308892649535241,-0.5308894077267513,-1.427732272407667e-07
1.3460833333333333,0.9955555555555555,0.04,-0.7,2.0,0.3,0.04,0.01,16049,-0.4016610227864509,-0.4016610191034467,3.6830041794111423e-09,1.2816362707224194,1.281636268466304,-2.25611529458547e-09,0.24595920360179213,0.2459592039600145,3.582223684350794e-10,-0.02877074458250417,-0.02877074454108268,4.142149123698147e-11,-0.6483815605240473,-0.6483817168394783,-1.5631543104355217e-07
1.4458333333333333,0.9955555555555555,0.04,-0.7,2.0,0.3,0.04,0.01,16058,-0.3998459742608068,-0.39984597075152517,3.5092816430548623e-09,1.2422390074928735,1.2422388583863753,-1.4910649825949918e-07,0.24105951785938218,0.24105951820512725,3.457450714616783e-10,-0.026913751941318176,-0.02691375189567142,4.5646757207418176e-11,-0.6981272216240175,-0.6981273843348282,-1.6271081071383975e-07
1.4569166666666666,0.9955555555555555,0.04,-0.7,2.0,0.3,0.04,0.01,16059,-0.3996505917912285,-0.39965058829705563,3.4941728954684947e-09,1.2382140951450182,1.238214107825,1.2679981731267276e-08,0.24051415554719735,0.24051415588794484,3.4074748578305503e-10,-0.026723368743222786,-0.02672336869785076,4.537202558108078e-11,-0.7036326290941336,-0.703632792534467,-1.6344033337833963e-07
1.56775,0.9955555555555555,0.04,-0.7,2.0,0.3,0.04,0.01,16069,-0.3977281805674082,-0.3977281771990748,3.3683334454970293e-09,1.2011317745974637,1.2011317444658247,-3.0131638961705676e-08,0.23508756503844153,0.23508756537725567,3.388141434079728e-10,-0.02499299078757844,-0.024992990746483375,4.109506485105996e-11,-0.7584544138650173,-0.7584545846849697,-1.7081995240531e-07
1.76725,0.9955555555555555,0.04,-0.7,2.0,0.3,0.04,0.01,16087,-0.39424496110170015,-0.39424495785050373,3.251196423192937e-09,1.145104604194369,1.1451045941917082,-1.0002660921770712e-08,0.22561106819515842,0.22561106854889293,3.537345139026371e-10,-0.022619691406322584,-0.022619691371974848,3.434773646060485e-11,-0.8561497976656424,-0.856149982231436,-1.8456579364833914e-07
1.96675,0.9955555555555555,0.04,-0.7,2.0,0.3,0.04,0.01,16105,-0.39055282558583815,-0.3905528223746987,3.2111394654421588e-09,1.0972330904968075,1.0972329994909389,-9.100586861876536e-08,0.21671525842301143,0.21671525880385784,3.8084640996416397e-10,-0.021035715635567276,-0.021035715612716974,2.2850301512056248e-11,-0.952794080645164,-0.9527942794348253,-1.9878966128761277e-07
0.10475000000000001,0.9977777777777778,0.04,-0.7,2.0,0.3,0.04,0.01,16118,-0.49500771729278636,-0.49500771157659107,5.716195294880322e-09,3.6732398858707604,3.6732400047954545,1.1892469409247042e-07,0.08474424907829042,0.08474425170152525,2.623234823806442e-09,-0.07554693087472725,-0.07554690098876049,2.9885966756904025e-08,-0.03636816820987154,-0.03636833644544364,-1.6823557209832973e-07
0.11583333333333334,0.9977777777777778,0.04,-0.7,2.0,0.3,0.04,0.01,16119,-0.4921754460636765,-0.49217544072380914,5.33986738160408e-09,3.5848889794187766,3.584889162749458,1.83330681302607e-07,0.09596404568133071,0.09596404857006831,2.888737596351554e-09,-0.06922996765548056,-0.06922994507286487,2.2582615694100028e-08,-0.0428866529050137,-0.042886818239921104,-1.653349074037802e-07
0.20450000000000002,0.9977777777777778,0.04,-0.7,2.0,0.3,0.04,0.01,16127,-0.4754099562178163,-0.47540995405066805,2.167148238640948e-09,3.0642953015302954,3.064295270791049,-3.073924625951463e-08,0.1696382698170365,0.1696382735722582,3.755221689161203e-09,-0.057263088912296034,-0.05726308665111155,2.261184482710288e-09,-0.0825667975418512,-0.08256694301523654,-1.454733853378798e-07
0.41508333333333336,0.9977777777777778,0.04,-0.7,2.0,0.3,0.04,0.01,16146,-0.44517980426997394,-0.44517979827060267,5.99937127754302e-09,2.2919584716230013,2.2919584780876714,6.46467013254437e-09,0.2463468922789605,0.24634689449023395,2.2112734421320113e-09,-0.06029810643286282,-0.06029810690871301,-4.758501925827829e-10,-0.17207724944991176,-0.17207737738750808,-1.279375963225693e-07
0.48158333333333336,0.9977777777777778,0.04,-0.7,2.0,0.3,0.04,0.01,16152,-0.4380796284342986,-0.43807962161657443,6.817724162999639e-09,2.149745591262242,2.149745565381281,-2.5880960929924868e-08,0.25528063375711285,0.2552806356181994,1.861086562637837e-09,-0.056880785418711444,-0.05688078546966781,-5.095636412821847e-11,-0.20420768282382318,-0.20420780995854035,-1.2713471717051839e-07
0.4926666666666667,0.9977777777777778,0.04,-0.7,2.0,0.3,0.04,0.01,16153,-0.4369963074807304,-0.4369963005773202,6.903410176839486e-09,2.1281655993021786,2.128165546821263,-5.248091561327328e-08,0.2564179996084742,0.25641800141722787,1.8087536468591736e-09,-0.05627230969175445,-0.05627230969834941,-6.594960688666163e-12,-0.2096886134330539,-0.209688740504704,-1.2707165011893728e-07
0.50375,0.9977777777777778,0.04,-0.7,2.0,0.3,0.04,0.01,16154,-0.43593851383624815,-0.435938506859725,6.976523136970059e-09,2.107071814250183,2.1070718898035667,7.555338354947594e-08,0.25747211016384497,0.2574721119244332,1.760588230759197e-09,-0.05566342936073887,-0.05566342932694206,3.379681257076328e-11,-0.21519865927320525,-0.21519878629885542,-1.2702565016509126e-07
0.5259166666666667,0.9977777777777778,0.04,-0.7,2.0,0.3,0.04,0.01,16156,-0.4338956696049723,-0.4338956625211769,7.083795383611147e-09,2.066220042284961,2.066220012915562,-2.936939891284851e-08,0.25935093740145354,0.25935093906883905,1.667385507442276e-09,-0.054455591728258534,-0.054455591631283044,9.697549013809592e-11,-0.2262966613750944,-0.22629678834917544,-1.269740810272424e-07
0.5924166666666667,0.9977777777777778,0.04,-0.7,2.0,0.3,0.04,0.01,16162,-0.42829379396709666,-0.42829378681637503,7.1507216259369955e-09,1.9528088382458897,1.9528089537679143,1.1552202461295735e-07,0.2634469470851053,0.2634469485152433,1.430138008018389e-09,-0.05104051835215506,-0.051040518182052526,1.701025362232933e-10,-0.2600642843282597,-0.2600644114373922,-1.2710913249724953e-07
0.63675,0.9977777777777778,0.04,-0.7,2.0,0.3,0.04,0.01,16166,-0.42495325711419674,-0.42495325007221746,7.04197927747785e-09,1.883788239287476,1.8837882973395401,5.805206404474461e-08,0.26514267628410804,0.265142677576637,1.2925289727405698e-09,-0.049002692327423936,-0.049002692161294784,1.6612915210156842e-10,-0.2828344370989222,-0.28283456451157096,-1.2741264876492409e-07
0.7475833333333334,0.9977777777777778,0.04,-0.7,2.0,0.3,0.04,0.01,16176,-0.41781874979836264,-0.4178187433549955,6.443367117636711e-09,1.731552638772893,1.7315525652917758,-7.34811171909655e-08,0.26672470545691107,0.2667247064508279,9.939168377215424e-10,-0.04469463392539619,-0.04469463382924405,9.61521348652461e-11,-0.3401271251689264,-0.34012725413791833,-1.2896899193037825e-07
0.936,0.9977777777777778,0.04,-0.7,2.0,0.3,0.04,0.01,16193,-0.4090733190877105,-0.4090733138560613,5.23164916943486e-09,1.5317130203085227,1.5317129451551257,-7.515339706110069e-08,0.26364274318312064,0.2636427438260295,6.429088372783553e-10,-0.038861536526130225,-0.03886153649057434,3.55558846254489e-11,-0.4374003531384951,-0.43740048756104355,-1.3442254842566115e-07
0.9470833333333334,0.9977777777777778,0.04,-0.7,2.0,0.3,0.04,0.01,16194,-0.4086686621393443,-0.4086686569718899,5.167454353305345e-09,1.5219801557941892,1.5219801269727466,-2.8821442565885036e-08,0.2633091389916964,0.2633091396169732,6.252768303127709e-10,-0.038548152176201556,-0.03854815214723318,2.896837630883553e-11,-0.44309424948034415,-0.44309438433328835,-1.3485294420023664e-07
1.0246666666666666,0.9977777777777778,0.04,-0.7,2.0,0.3,0.04,0.01,16201,-0.4061079073578583,-0.40610790259654084,4.761317451418279e-09,1.4592428473902963,1.4592428833003341,3.5910037832209696e-08,0.26064976459398703,0.2606497651266627,5.326756813417433e-10,-0.03641489737638004,-0.036414897350536664,2.584337605027187e-11,-0.48283712047118843,-0.4828372586166389,-1.3814545046786364e-07
1.03575,0.9977777777777778,0.04,-0.7,2.0,0.3,0.04,0.01,16202,-0.405777333334148,-0.4057773286266725,4.707475520504545e-09,1.4510044096804897,1.4510043445690166,-6.511147310206411e-08,0.26022967442751455,0.2602296749487032,5.211886477951566e-10,-0.036118477755447964,-0.03611847772555962,2.9888341801509455e-11,-0.4884976588942491,-0.48849779754866135,-1.386544122294886e-07
1.3239166666666666,0.9977777777777778,0.04,-0.7,2.0,0.3,0.04,0.01,16228,-0.39921984740641514,-0.3992198436426076,3.763807543410991e-09,1.2862709883321166,1.2862709865947732,-1.7373433802703175e-09,0.24729874416637432,0.24729874452400333,3.5762900973956846e-10,-0.02925992989247228,-0.029259929850872966,4.15993142710569e-11,-0.634089346597741,-0.6340895011329466,-1.545352056320226e-07
1.335,0.9977777777777778,0.04,-0.7,2.0,0.3,0.04,0.01,16229,-0.3990181108810137,-0.3990181071386608,3.742352872038168e-09,1.2814445990438905,1.2814446338978296,3.4853939068213435e-08,0.2467591077377762,0.24675910809623397,3.584577634718755e-10,-0.02903421235656012,-0.029034212313727048,4.2833070423853314e-11,-0.6396277506641457,-0.6396279058891041,-1.5522495844244588e-07
1.5455833333333333,0.9977777777777778,0.04,-0.7,2.0,0.3,0.04,0.01,16248,-0.3954304441280976,-0.39543044070194333,3.426154249197566e-09,1.2035852092751043,1.2035852394069897,3.013188543121714e-08,0.2364313105820276,0.23643131091999015,3.3796254683693405e-10,-0.02535171115411461,-0.025351711111074607,4.3040002117855636e-11,-0.7440273906050843,-0.7440275594641422,-1.6885905795849254e-07
1.601,0.9977777777777778,0.04,-0.7,2.0,0.3,0.04,0.01,16253,-0.3945136127728177,-0.3945136093944691,3.378348600868719e-09,1.1864951521278755,1.1864952469171424,9.478926688011313e-08,0.23374188491409598,0.23374188525379902,3.397030434726389e-10,-0.024571437628462256,-0.024571437586469985,4.199227077172907e-11,-0.7712509995656813,-0.7712511721525739,-1.7258689255506e-07
1.9113333333333333,0.9977777777777778,0.04,-0.7,2.0,0.3,0.04,0.01,16281,-0.38914220777910846,-0.3891422045369778,3.2421306750407552e-09,1.1056770971018537,1.1056770271261827,-6.997567103539382e-08,0.21938658280457046,0.21938658317524742,3.7067696134762684e-10,-0.02145030962963368,-0.02145030960190234,2.7731338059222566e-11,-0.9220750534174454,-0.9220752476290018,-1.9421155639243182e-07
1.9445833333333333,0.9977777777777778,0.04,-0.7,2.0,0.3,0.04,0.01,16284,-0.3885309248258251,-0.38853092158538305,3.2404420258203004e-09,1.0979903541930014,1.0979903702247573,1.6031755922796265e-08,0.21793710137947564,0.21793710175811246,3.7863681634497937e-10,-0.021221207615607085,-0.021221207590120104,2.5486980581579388e-11,-0.938097333537044,-0.9380975301334448,-1.9659640071445494e-07
1.9556666666666667,0.9977777777777778,0.04,-0.7,2.0,0.3,0.04,0.01,16285,-0.3883255192262819,-0.3883255159882368,3.238045109821286e-09,1.0954552112640847,1.0954552507680435,3.950395877083679e-08,0.2174581583956614,0.2174581587712963,3.756348843086954e-10,-0.021148557485528574,-0.02114855746292698,2.2601594207305453e-11,-0.9434332704215398,-0.9434334678171513,-1.9739561152309903e-07
0.34858333333333336,1.0,0.04,-0.7,2.0,0.3,0.04,0.01,16321,-0.4480238781407603,-0.44802387344318145,4.6975788259295825e-09,2.460920216218465,2.460920194724168,-2.1494297008928243e-08,0.2328072775585957,0.23280728024568167,2.687085970398684e-09,-0.06269934337915783,-0.06269934448192548,-1.1027676410924059e-09,-0.13998648266996816,-0.13998661321327688,-1.3054330871842268e-07
0.3929166666666667,1.0,0.04,-0.7,2.0,0.3,0.04,0.01,16325,-0.44260108446075863,-0.4426010787792103,5.68154834290624e-09,2.3381979477599124,2.3381978802785697,-6.74813427359311e-08,0.24276332730981814,0.24276332967053457,2.360716427896037e-09,-0.06148416438932908,-0.06148416505792104,-6.685919665128104e-10,-0.159930991033147,-0.1599311198908489,-1.2885770189763335e-07
0.48158333333333336,1.0,0.04,-0.7,2.0,0.3,0.04,0.01,16333,-0.4333125502047064,-0.43331254332042135,6.8842850309280834e-09,2.140609628442647,2.140609632701283,4.258636110421321e-09,0.25564459020840924,0.25564459207328644,1.8648771971108147e-09,-0.057095747849206235,-0.057095747894989425,-4.57831897393568e-11,-0.20222194096045087,-0.20222206833103246,-1.2737058158185377e-07
0.50375,1.0,0.04,-0.7,2.0,0.3,0.04,0.01,16335,-0.4312664966098917,-0.43126648957096464,7.0389270523385505e-09,2.0977299133861926,2.0977299222164403,8.830247644198153e-09,0.25782860159979937,0.2578286033646506,1.7648512096180013e-09,-0.055868372079159734,-0.05586837204068469,3.847504259635315e-11,-0.2131710573687745,-0.21317118459962453,-1.2723085002219747e-07
0.537,1.0,0.04,-0.7,2.0,0.3,0.04,0.01,16338,-0.42837189347631754,-0.42837188630589856,7.17041898079529e-09,2.0368839545592543,2.0368840033716222,4.881236792542154e-08,0.2605299680542156,0.26052996968320685,1.6289912752043278e-09,-0.054052362763873374,-0.054052362643229324,1.2064405030542957e-10,-0.22979400171936615,-0.22979412884177972,-1.271224135679372e-07
0.5591666666666667,1.0,0.04,-0.7,2.0,0.3,0.04,0.01,16340,-0.4265495145777676,-0.42654950737289105,7.204876528721371e-09,1.998347778919829,1.9983478348361878,5.591635887647328e-08,0.2619987079044428,0.2619987094473947,1.5429518773757422e-09,-0.05288226044591893,-0.052882260296307645,1.4961128169677096e-10,-0.24098311103559755,-0.24098323815488726,-1.2711928970565722e-07
0.9470833333333334,1.0,0.04,-0.7,2.0,0.3,0.04,0.01,16375,-0.40529414655654517,-0.40529414137544456,5.181100604101374e-09,1.5150809190567216,1.5150809025820406,-1.6474680952782705e-08,0.2635587951534818,0.2635587957781323,6.246504979934286e-10,-0.03862610273040745,-0.03862610269872701,3.168044299117767e-11,-0.44043815511866924,-0.4404382897681988,-1.3464952958175402e-07
1.0246666666666666,1.0,0.04,-0.7,2.0,0.3,0.04,0.01,16382,-0.4028722112948274,-0.4028722065095367,4.785290719233615e-09,1.4528786215772804,1.4528786557507725,3.417349203616027e-08,0.2608951232160872,0.26089512374510865,5.290214377673408e-10,-0.03648014315280057,-0.03648014312608764,2.671293047873391e-11,-0.4800753119399426,-0.4800754498351082,-1.3789516561946158e-07
1.0468333333333333,1.0,0.04,-0.7,2.0,0.3,0.04,0.01,16384,-0.40225508411276256,-0.402255079428364,4.684398535736989e-09,1.4367076556220937,1.436707616780548,-3.8841545757506424e-08,0.26004567991122496,0.26004568042174897,5.105240119540611e-10,-0.03588628405291894,-0.035886284024280644,2.8638293125826664e-11,-0.4913614547042561,-0.49136159361875686,-1.389145007912873e-07
1.5455833333333333,1.0,0.04,-0.7,2.0,0.3,0.04,0.01,16429,-0.39276090553347354,-0.39276090207077635,3.462697184541952e-09,1.1989912396259683,1.1989912820695943,4.244362594718609e-08,0.23668765570576678,0.2366876560404417,3.346749266608384e-10,-0.025387661735237765,-0.02538766169380549,4.143227427810814e-11,-0.7405404690802309,-0.7405406374672036,-1.6838697269871972e-07
1.9445833333333333,1.0,0.04,-0.7,2.0,0.3,0.04,0.01,16465,-0.38609576163237125,-0.3860957583651266,3.2672446415027423e-09,1.0936506839032134,1.0936506203187029,-6.358451054566672e-08,0.2181969482682039,0.21819694864183634,3.7363243055033024e-10,-0.021261743772885144,-0.021261743747409884,2.547526078977569e-11,-0.9341068305449007,-0.9341070265551961,-1.960102953280085e-07
0.06041666666666667,1.0022222222222221,0.04,-0.7,2.0,0.3,0.04,0.01,16476,-0.4871763430008835,-0.4871763323186257,1.0682257800542772e-08,4.236633241450072,4.236633544388737,3.0293866526420743e-07,0.03722357888660821,0.037223580250671004,1.3640627932742788e-09,-0.13617528553947628,-0.13617514392040606,1.4161907022081088e-07,0.0010856121319263723,0.0010854201710627093,-1.91960863663021e-07
0.16016666666666668,1.0022222222222221,0.04,-0.7,2.0,0.3,0.04,0.01,16485,-0.4682298366660842,-0.4682298324390333,4.227050875993399e-09,3.296425085674848,3.296425164573484,7.889863606891367e-08,0.13742548215227302,0.1374254857720773,3.6198042896451454e-09,-0.05836478782005744,-0.05836477853749685,9.28256058824184e-09,-0.06277767367550424,-0.06277783133881944,-1.5766331519506682e-07
0.17125,1.0022222222222221,0.04,-0.7,2.0,0.3,0.04,0.01,16486,-0.46654113328051944,-0.46654112960543875,3.6750806842178463e-09,3.235625011671628,3.2356250869425285,7.527090062353636e-08,0.1463976764799757,0.1463976801881808,3.708205104091533e-09,-0.05759796561866093,-0.0575979584794575,7.139203429817886e-09,-0.06737858748134817,-0.06737874252510935,-1.5504376117692065e-07
0.3929166666666667,1.0022222222222221,0.04,-0.7,2.0,0.3,0.04,0.01,16506,-0.4374135417668096,-0.43741353601252764,5.754281939829298e-09,2.330573965758642,2.330574018435233,5.267659064500663e-08,0.2431297279913841,0.24312973035741334,2.366029233646927e-09,-0.061735756244664375,-0.06173575691200155,-6.673371785725912e-10,-0.1581539245198646,-0.15815405379370368,-1.2927383907790357e-07
0.537,1.0022222222222221,0.04,-0.7,2.0,0.3,0.04,0.01,16519,-0.42385612941599204,-0.4238561222009511,7.215040953578722e-09,2.0272935288834226,2.0272934701839316,-5.869949104564398e-08,0.2608529703571755,0.260852971984522,1.627346535304497e-09,-0.05423484449977589,-0.05423484437726409,1.2251179931643819e-10,-0.2277175212737903,-0.22771764856166002,-1.2728786971671902e-07
0.70325,1.0022222222222221,0.04,-0.7,2.0,0.3,0.04,0.01,16534,-0.41256276199164166,-0.41256275526837805,6.723263612506969e-09,1.7711783290019767,1.77117830118495,-2.781702668208652e-08,0.267051946583885,0.26705194768246243,1.0985774512306534e-09,-0.04656676704246909,-0.04656676691138325,1.3108584356880115e-10,-0.3125238061422314,-0.3125239343016625,-1.281594310675871e-07
0.8473333333333334,1.0022222222222221,0.04,-0.7,2.0,0.3,0.04,0.01,16547,-0.4055646483494546,-0.40556464255927827,5.790176338393849e-09,1.6018321252753154,1.6018321864579301,6.118261475229758e-08,0.26628899228720027,0.26628899306305703,7.758567677207395e-10,-0.041655444599844604,-0.041655444547098505,5.274609915506545e-11,-0.3866807204606221,-0.38668085160203686,-1.3114141478309804e-07
0.9914166666666667,1.0022222222222221,0.04,-0.7,2.0,0.3,0.04,0.01,16560,-0.40057934675187534,-0.40057934178084387,4.971031475342613e-09,1.4718211968633987,1.4718211232405394,-7.36228593645194e-08,0.2623346343867683,0.2623346349537088,5.669404945507495e-10,-0.037453326471037496,-0.03745332644094699,3.009050647539979e-11,-0.460404386970828,-0.4604045231814683,-1.3621064032243169e-07
1.0025,1.0022222222222221,0.04,-0.7,2.0,0.3,0.04,0.01,16561,-0.40026187580817496,-0.4002618708938255,4.914349482909586e-09,1.4631988690116948,1.463198810645339,-5.836635574851812e-08,0.2619422703548785,0.2619422709062627,5.513842160631555e-10,-0.03714727341605495,-0.03714727338630702,2.974792634446999e-11,-0.46604754241973134,-0.46604767910447126,-1.3668473991534924e-07
1.1133333333333333,1.0022222222222221,0.04,-0.7,2.0,0.3,0.04,0.01,16571,-0.3974831283289071,-0.3974831238852917,4.443615364557729e-09,1.3861160969019792,1.3861161006692095,3.767230305484759e-09,0.25754722979179356,0.2575472302406285,4.488349136799741e-10,-0.03420870578252355,-0.03420870574833615,3.418740290861422e-11,-0.5222350530241504,-0.5222351949067043,-1.4188255392788562e-07
1.3128333333333333,1.0022222222222221,0.04,-0.7,2.0,0.3,0.04,0.01,16589,-0.3937077607538142,-0.3937077568923703,3.861443886865601e-09,1.2809850180595106,1.2809849468081849,-7.125132572838311e-08,0.24832522253021017,0.24832522288943057,3.5922040342306616e-10,-0.02956660263037092,-0.029566602588788096,4.158282398969426e-11,-0.6222237268585507,-0.6222238799441012,-1.5308555056936513e-07
1.4125833333333333,1.0022222222222221,0.04,-0.7,2.0,0.3,0.04,0.01,16598,-0.3921214930441286,-0.3921214893679966,3.676131954399864e-09,1.2402415483503404,1.2402415122491817,-3.610115872909603e-08,0.2434526579579016,0.2434526583003019,3.424003025553901e-10,-0.027615382285420265,-0.027615382240469076,4.495118860470271e-11,-0.6716709206358584,-0.6716710799140563,-1.5927819785321873e-07
1.5566666666666666,1.0022222222222221,0.04,-0.7,2.0,0.3,0.04,0.01,16611,-0.3899339497938359,-0.38993394630470896,3.4891269318215734e-09,1.1908686231576482,1.1908685546513615,-6.850628664345493e-08,0.23639667468239312,0.23639667501849762,3.36104505338497e-10,-0.025259942377647837,-0.025259942334155776,4.3492060647354336e-11,-0.7424854214475862,-0.7424855900972993,-1.686497130837239e-07
1.6675,1.0022222222222221,0.04,-0.7,2.0,0.3,0.04,0.01,16621,-0.38823656567057996,-0.38823656227217374,3.3984062230985046e-09,1.158348236773854,1.1583481167029293,-1.2007092475840864e-07,0.23106524684457508,0.2310652471849838,3.404087289826663e-10,-0.023804363305929277,-0.02380436327015417,3.577510857000199e-11,-0.7965050718149874,-0.7965052479221362,-1.7610714875271327e-07
1.8559166666666667,1.0022222222222221,0.04,-0.7,2.0,0.3,0.04,0.01,16638,-0.38519137957132576,-0.3851913762572637,3.3140620803173704e-09,1.110025388273428,1.1100254295216665,4.124823860252036e-08,0.22235757051847216,0.22235757087910896,3.606367982023073e-10,-0.02194874673032421,-0.02194874670113982,2.9184387545511115e-11,-0.887559988471745,-0.8875601776097658,-1.8913802080078312e-07
1.90025,1.0022222222222221,0.04,-0.7,2.0,0.3,0.04,0.01,16642,-0.3844380369515815,-0.3844380336465936,3.3049878944702016e-09,1.099529724213344,1.0995296511789028,-7.303444116146807e-08,0.2203875768491681,0.22038757721519237,3.6602426645160335e-10,-0.02160908113543747,-0.021609081107937543,2.749992594752726e-11,-0.9088633284871916,-0.9088635207559749,-1.922687832278669e-07
0.016083333333333335,1.0044444444444445,0.04,-0.7,2.0,0.3,0.04,0.01,16653,-0.44436762830531507,-0.4443675604979796,6.780733546873918e-08,6.160736103558162,6.1607370819252685,9.783671064411692e-07,-0.022490463036251712,-0.022490463269895927,-2.3364421508631494e-10,-0.35988133398586264,-0.35988141744812946,-8.346226681998914e-08,0.07538517856961816,0.07538497648185956,-2.0208775859675843e-07
0.41508333333333336,1.0044444444444445,0.04,-0.7,2.0,0.3,0.04,0.01,16689,-0.4299811225052033,-0.42998111627425206,6.230951254959649e-09,2.2674946940914875,2.2674947418285054,4.773701789417828e-08,0.24742709899293336,0.24742710122175057,2.2288172141227136e-09,-0.061014285842667104,-0.06101428630897007,-4.66302968460397e-10,-0.16658057394435682,-0.1665807029904305,-1.2904607368802168e-07
0.47050000000000003,1.0044444444444445,0.04,-0.7,2.0,0.3,0.04,0.01,16694,-0.4248010582993608,-0.42480105137614804,6.923212780840515e-09,2.144559108768762,2.1445591039914826,-4.777279460910222e-09,0.25508504655481073,0.25508504848092006,1.926109327587966e-09,-0.05811617103571032,-0.05811617113106427,-9.535395389947965e-11,-0.1928971447161948,-0.19289727271694312,-1.2800074833396735e-07
0.50375,1.0044444444444445,0.04,-0.7,2.0,0.3,0.04,0.01,16697,-0.42198518146317754,-0.4219851743125248,7.1506527365983175e-09,2.0788122792603225,2.0788122224279215,-5.6832401007511635e-08,0.2584721807940421,0.25847218256523546,1.7711933586461726e-09,-0.05625022256684764,-0.05625022252588846,4.0959180491739744e-11,-0.20914562962034977,-0.20914575727737225,-1.276570224806317e-07
0.7586666666666667,1.0044444444444445,0.04,-0.7,2.0,0.3,0.04,0.01,16720,-0.4058266002283928,-0.4058265938493006,6.37909219891597e-09,1.6923420692593893,1.6923421245332408,5.527385149584063e-08,0.2674997763778969,0.26749977733619135,9.582944437980245e-10,-0.04465680997101096,-0.04465680987613991,9.487104851713113e-11,-0.338670983184991,-0.3386711121797347,-1.2899474371996789e-07
1.0911666666666666,1.0044444444444445,0.04,-0.7,2.0,0.3,0.04,0.01,16750,-0.3948825995091221,-0.3948825949491578,4.5599642950477914e-09,1.3942311666292895,1.394231165376289,-1.2530003701272108e-09,0.25870642362861573,0.2587064240959092,4.672934816873919e-10,-0.03482824669713558,-0.03482824666373567,3.3399907839459786e-11,-0.5081946248572389,-0.5081947653495107,-1.4049227181622825e-07
1.2685,1.0044444444444445,0.04,-0.7,2.0,0.3,0.04,0.01,16766,-0.3915716866319252,-0.3915716826219166,4.010008602950421e-09,1.2959873590956406,1.2959873553239327,-3.771707834943072e-09,0.25068623291608916,0.25068623328290135,3.6681219173217983e-10,-0.03055397383988634,-0.030553973799248946,4.0637392756393e-11,-0.5970443284593341,-0.5970444785352002,-1.500758660677448e-07
1.2906666666666666,1.0044444444444445,0.04,-0.7,2.0,0.3,0.04,0.01,16768,-0.3912152060336904,-0.3912152020795887,3.954101712722036e-09,1.2857109321640081,1.285710996437153,6.427314480639268e-08,0.24962445391074617,0.24962445427127386,3.605276910345623e-10,-0.030071829640737624,-0.03007182959957319,4.116443297341732e-11,-0.6080683692027966,-0.6080685205843674,-1.5138157083427473e-07
1.468,1.0044444444444445,0.04,-0.7,2.0,0.3,0.04,0.01,16784,-0.38856858793963334,-0.38856858430999786,3.629635481061655e-09,1.2152918962837767,1.2152919241037443,2.7819967662878753e-08,0.24096857088554136,0.2409685712175273,3.319859387396207e-10,-0.026677961664015037,-0.02667796161922277,4.479226711762152e-11,-0.6956262051213691,-0.6956263675167836,-1.6239541456020135e-07
1.4901666666666666,1.0044444444444445,0.04,-0.7,2.0,0.3,0.04,0.01,16786,-0.3882498041417326,-0.3882498005380047,3.6037279271816658e-09,1.2077025490775384,1.2077025460827566,-2.994781755916165e-09,0.2398823157941099,0.23988231612965796,3.355480615585549e-10,-0.02631247168427553,-0.0263124716371869,4.708862813562753e-11,-0.7064943056689366,-0.7064944694986197,-1.6382968315298285e-07
1.5455833333333333,1.0044444444444445,0.04,-0.7,2.0,0.3,0.04,0.01,16791,-0.38745273040624584,-0.3874527268663344,3.539911419547792e-09,1.1896542723155434,1.189654374985602,1.0267005845499e-07,0.2371763107169439,0.237176311046211,3.2926711357461613e-10,-0.025454867898094813,-0.02545486785516754,4.292727284749276e-11,-0.7335938179725554,-0.733593985423025,-1.6745046960142673e-07
1.6231666666666666,1.0044444444444445,0.04,-0.7,2.0,0.3,0.04,0.01,16798,-0.38632443631669844,-0.3863244328517496,3.464948827858194e-09,1.166299137822513,1.1662990617340132,-7.608849972307041e-08,0.233425583402308,0.23342558373602926,3.337212450826854e-10,-0.02438469336597804,-0.024384693326347125,3.963091313452516e-11,-0.7713702215586538,-0.7713703941686678,-1.7261001405977083e-07
1.70075,1.0044444444444445,0.04,-0.7,2.0,0.3,0.04,0.01,16805,-0.3851672451696264,-0.38516724175411854,3.4155078765252256e-09,1.1447495895655635,1.144749573469049,-1.6096514565688835e-08,0.22973723157904136,0.2297372319173462,3.383048563510016e-10,-0.02345787615813666,-0.023457876121437,3.66996606715464e-11,-0.8089688787971117,-0.8089690566523642,-1.7785525252556056e-07
1.734,1.0044444444444445,0.04,-0.7,2.0,0.3,0.04,0.01,16808,-0.3846596999095009,-0.3846596965141971,3.395303760367341e-09,1.135967500620616,1.1359674202444774,-8.037613863365323e-08,0.2281795414824095,0.22817954182651967,3.4411018479119093e-10,-0.023101665244107394,-0.02310166521085986,3.3247533198776935e-11,-0.8250319345271678,-0.8250321146564752,-1.8012930735888943e-07
1.9224166666666667,1.0044444444444445,0.04,-0.7,2.0,0.3,0.04,0.01,16825,-0.3816288991741884,-0.38162889585179194,3.32239646905208e-09,1.0899581306955675,1.0899580824515993,-4.8243968153727224e-08,0.21966167297861328,0.21966167334586678,3.6725350538446833e-10,-0.02148921602260212,-0.02148921599666177,2.5940350562025927e-11,-0.9155574701097402,-0.9155576633710969,-1.9326135669572864e-07
0.02716666666666667,1.0066666666666666,0.04,-0.7,2.0,0.3,0.04,0.01,16835,-0.44824785391198857,-0.4482478112662065,4.264578207235914e-08,5.268448631523537,5.268449186919767,5.55396230339511e-07,-0.004596835785648096,-0.004596835548662462,2.369856333742093e-10,-0.2790209808019306,-0.279020780593764,2.0020816660082374e-07,0.05221049738424882,0.052210280097987706,-2.1728626111577887e-07
0.2599166666666667,1.0066666666666666,0.04,-0.7,2.0,0.3,0.04,0.01,16856,-0.44181273614767036,-0.4418127333049584,2.8427119547203006e-09,2.7788354547975125,2.7788355149373394,6.013982689623276e-08,0.2023650704933294,0.20236507399855705,3.505227635924868e-09,-0.061826039932690036,-0.061826041019557514,-1.0868674779618281e-09,-0.09912704363301134,-0.09912718409555864,-1.4046254730171182e-07
0.7919166666666667,1.0066666666666666,0.04,-0.7,2.0,0.3,0.04,0.01,16904,-0.4006371788845692,-0.40063717271296584,6.17160333948874e-09,1.6454110976504843,1.6454111150013941,1.7350909820024185e-08,0.26752151535400226,0.26752151623468395,8.806816942374951e-10,-0.04361949530379272,-0.04361949522939034,7.440238009026601e-11,-0.3533216592711136,-0.3533217888458598,-1.2957474621044796e-07
1.5566666666666666,1.0066666666666666,0.04,-0.7,2.0,0.3,0.04,0.01,16973,-0.38466202972646524,-0.38466202616186446,3.5646007812140112e-09,1.181462495891683,1.1814625172345452,2.134286214428016e-08,0.23687017771549523,0.23687017804262553,3.271302950746957e-10,-0.02532415239460406,-0.02532415235280491,4.1799150946042474e-11,-0.7355276718379322,-0.7355278395510481,-1.6771311583951842e-07
1.867,1.0066666666666666,0.04,-0.7,2.0,0.3,0.04,0.01,17001,-0.3801024790022617,-0.38010247563193716,3.370324519469392e-09,1.0984657086710037,1.0984657599201888,5.1249185117896445e-08,0.22234888940785014,0.22234888976473619,3.568860484914893e-10,-0.021933528951620374,-0.021933528919067642,3.255273134383785e-11,-0.8851462411317568,-0.8851464299192514,-1.8878749463713262e-07
0.11583333333333334,1.008888888888889,0.04,-0.7,2.0,0.3,0.04,0.01,17024,-0.45258269226741005,-0.45258268364501797,8.62239207810589e-09,3.538165748578903,3.53816591225561,1.6367670685468738e-07,0.09816589717472068,0.09816590013925423,2.964533549199011e-09,-0.07150293991765866,-0.07150291764931746,2.2268341198783403e-08,-0.03986110598191289,-0.03986127890989122,-1.7292797832579865e-07
0.271,1.008888888888889,0.04,-0.7,2.0,0.3,0.04,0.01,17038,-0.43445468428635753,-0.4344546811283134,3.158044104001334e-09,2.725475167081326,2.725475216667857,4.958653088138476e-08,0.20769411570514124,0.20769411912440272,3.419261485060332e-09,-0.06263764548142953,-0.06263764678711463,-1.30568510170459e-09,-0.10205505693146322,-0.10205519678177416,-1.3985031094287947e-07
0.5148333333333334,1.008888888888889,0.04,-0.7,2.0,0.3,0.04,0.01,17060,-0.4119866509168235,-0.411986643626077,7.290746506516399e-09,2.038634118461946,2.0386342046539747,8.619202862547581e-08,0.2599836977295461,0.25998369945496114,1.7254150330714424e-09,-0.055966533886939174,-0.05596653381363421,7.330496626378746e-11,-0.210596766760697,-0.21059689476438956,-1.2800369256216193e-07
0.7365,1.008888888888889,0.04,-0.7,2.0,0.3,0.04,0.01,17080,-0.39930561194112535,-0.3993056053990489,6.5420764361334705e-09,1.702049332030775,1.7020493310803315,-9.504435016793877e-10,0.2679556668847699,0.26795566788742553,1.002655625192972e-09,-0.04565590236184358,-0.045655902255108904,1.0673467665256453e-10,-0.322589896099984,-0.3225900246592207,-1.2855923670063163e-07
0.83625,1.008888888888889,0.04,-0.7,2.0,0.3,0.04,0.01,17089,-0.3953467044771203,-0.3953466985711309,5.905989364229924e-09,1.589827768044838,1.5898277631918631,-4.852974910818375e-09,0.26713692122024013,0.2671369220062519,7.860117556823809e-10,-0.04225703329516217,-0.04225703324023084,5.4931330317753435e-11,-0.37353159521982815,-0.3735317257194938,-1.3049966562928006e-07
0.8916666666666667,1.008888888888889,0.04,-0.7,2.0,0.3,0.04,0.01,17094,-0.3935306837703906,-0.39353067819199494,5.5783956343091745e-09,1.5358700852785567,1.5358700398576672,-4.54208894939967e-08,0.2659738188757338,0.26597381956742405,6.916902606235453e-10,-0.04053677198211092,-0.040536771942275306,3.9835613974137374e-11,-0.40175476061422855,-0.4017548926483868,-1.3203415827334197e-07
0.9138333333333334,1.008888888888889,0.04,-0.7,2.0,0.3,0.04,0.01,17096,-0.3928720137386099,-0.3928720082859752,5.452634732616701e-09,1.5158021865468996,1.5158022422185244,5.567162486563859e-08,0.26539618601412185,0.2653961866695421,6.554202736097636e-10,-0.039871955801254466,-0.03987195576478973,3.646473401008876e-11,-0.41302010555500923,-0.4130202382902514,-1.3273524218648802e-07
0.9914166666666667,1.008888888888889,0.04,-0.7,2.0,0.3,0.04,0.01,17103,-0.39083382569415903,-0.39083382063339184,5.060767194198235e-09,1.451775161198654,1.4517751890468527,2.7848198635993526e-08,0.26296225751329394,0.2629622580708348,5.575408468239118e-10,-0.03762942859926455,-0.03762942856440794,3.485661065338874e-11,-0.4523230243794196,-0.4523231599432604,-1.3556384076407468e-07
1.069,1.008888888888889,0.04,-0.7,2.0,0.3,0.04,0.01,17110,-0.38914398611783474,-0.38914398139186346,4.725971280983288e-09,1.3963851602794008,1.396385173978914,1.3699513079501457e-08,0.26002549224135585,0.26002549272101644,4.796605890255989e-10,-0.03550453034011081,-0.035504530304858006,3.525280067862013e-11,-0.49141234468808026,-0.49141248359687373,-1.3890879346778462e-07
1.2574166666666666,1.008888888888889,0.04,-0.7,2.0,0.3,0.04,0.01,17127,-0.3859940085355895,-0.38599400441876014,4.116829377398545e-09,1.290402620868214,1.2904026228719565,2.0037425052521485e-09,0.25163956564065726,0.251639566007267,3.6660974256363943e-10,-0.030868296444983012,-0.03086829640450857,4.047444324140059e-11,-0.5854064712176171,-0.5854066199409212,-1.48723304116416e-07
1.2906666666666666,1.008888888888889,0.04,-0.7,2.0,0.3,0.04,0.01,17130,-0.3855245277459285,-0.38552452370872053,4.037207956830713e-09,1.2750576233733213,1.27505754533814,-7.803518120574893e-08,0.2500540330969969,0.2500540334561351,3.5913816365251705e-10,-0.030137973672031415,-0.030137973631824667,4.0206747653481756e-11,-0.6018564996704279,-0.6018566503115464,-1.5064111857920892e-07
2.0,1.008888888888889,0.04,-0.7,2.0,0.3,0.04,0.01,17194,-0.37555671556013803,-0.37555671221042236,3.34971567150788e-09,1.0634767150241586,1.0634766751385165,-3.9885642122428067e-08,0.21679674310208508,0.2167967434758013,3.737162246331138e-10,-0.021071281416651377,-0.02107128139744778,1.9203597045880372e-11,-0.944597656498472,-0.9445978541035175,-1.9760504543775426e-07
0.19341666666666668,1.011111111111111,0.04,-0.7,2.0,0.3,0.04,0.01,17212,-0.4357245991231523,-0.4357245949866246,4.136527731457562e-09,3.0980898152455083,3.09808982613143,1.0885921497560958e-08,0.16423201352228078,0.16423201734827506,3.82599427140029e-09,-0.05855018210466911,-0.058550178266973486,3.837695626562887e-09,-0.0722857789016082,-0.07228593398545378,-1.550838455849357e-07
0.21558333333333335,1.011111111111111,0.04,-0.7,2.0,0.3,0.04,0.01,17214,-0.43366530492076893,-0.4336653015383616,3.3824073542021438e-09,2.9853200619878173,2.985320197360459,1.3537264154095396e-07,0.17886460387563086,0.17886460767269424,3.797063385935218e-09,-0.05954834202025888,-0.05954834071501813,1.3052407488167717e-09,-0.08035884398124166,-0.08035899413168113,-1.5015043947075313e-07
0.38183333333333336,1.011111111111111,0.04,-0.7,2.0,0.3,0.04,0.01,17229,-0.41781180319951094,-0.417811797347907,5.851603923634485e-09,2.3292953274522965,2.3292953611305367,3.36782401966218e-08,0.24212266238370778,0.24212266485919992,2.4754921446046296e-09,-0.06303940671338604,-0.06303940748946589,-7.760798531597501e-10,-0.14622809803039455,-0.1462282295341455,-1.31503750944173e-07
0.404,1.011111111111111,0.04,-0.7,2.0,0.3,0.04,0.01,17231,-0.4158816698443535,-0.4158816635707813,6.2735721617634965e-09,2.270033892803891,2.2700339233877256,3.058383457599234e-08,0.2463755097322634,0.24637551205315622,2.3208928112694593e-09,-0.06213948247419526,-0.062139483032765605,-5.585703427568589e-10,-0.1561380769986992,-0.1561382076005105,-1.3060181131008264e-07
0.47050000000000003,1.011111111111111,0.04,-0.7,2.0,0.3,0.04,0.01,17237,-0.41059711086904177,-0.4105971037645497,7.104492050213906e-09,2.1165029097380827,2.1165029609836825,5.124559976366072e-08,0.2558987952811301,0.25589879721437014,1.9332400680305284e-09,-0.05865549104949741,-0.058655491141673274,-9.21758641636572e-11,-0.18712889596841226,-0.18712902483428961,-1.2886587735794208e-07
0.5259166666666667,1.011111111111111,0.04,-0.7,2.0,0.3,0.04,0.01,17242,-0.40672922658333693,-0.40672921921920246,7.364134468890171e-09,2.008374824086223,2.0083748760207873,5.1934564204714206e-08,0.26110731692986777,0.2611073186090187,1.6791509294122875e-09,-0.055495022862686594,-0.05549502275982053,1.0286606288989475e-10,-0.21404282448362483,-0.21404295259886377,-1.2811523894540322e-07
0.90275,1.011111111111111,0.04,-0.7,2.0,0.3,0.04,0.01,17276,-0.389814432078181,-0.3898144265338436,5.5443373780939e-09,1.5183593368717219,1.5183593545992502,1.7727528334177123e-08,0.26587717471236727,0.2658771753845737,6.722064571640374e-10,-0.04026667517600946,-0.040266675135459486,4.054997310154462e-11,-0.40483167044913504,-0.4048318026794431,-1.3223030803644065e-07
0.9470833333333334,1.011111111111111,0.04,-0.7,2.0,0.3,0.04,0.01,17280,-0.38865311228916677,-0.3886531069778693,5.311297457399888e-09,1.4801613129611368,1.480161253366828,-5.959430882107597e-08,0.26460987395601765,0.2646098745593585,6.033408772587734e-10,-0.03895274634430068,-0.03895274630728889,3.7011789466578904e-11,-0.42727145690715784,-0.42727159060348163,-1.3369632378967822e-07
1.0800833333333333,1.011111111111111,0.04,-0.7,2.0,0.3,0.04,0.01,17292,-0.38584607440682317,-0.3858460696868798,4.719943380582237e-09,1.3828364217594036,1.3828363985264447,-2.3232958890062605e-08,0.2597613191404613,0.2597613196086875,4.682261800503795e-10,-0.035252072492913955,-0.03525207246200125,3.0912702952967663e-11,-0.4941781385219002,-0.4941782776891421,-1.3916724189710905e-07
1.9889166666666667,1.011111111111111,0.04,-0.7,2.0,0.3,0.04,0.01,17374,-0.3733739717795559,-0.37337396840426484,3.3752910466589015e-09,1.0614589651680717,1.0614589709772282,5.8091564891782355e-09,0.21749516158131588,0.21749516194959023,3.6827435545561116e-10,-0.021171775690664862,-0.021171775668635755,2.202910770465749e-11,-0.935348964020491,-0.9353491602347392,-1.9621424829363576e-07
0.09366666666666668,1.0133333333333334,0.04,-0.7,2.0,0.3,0.04,0.01,17384,-0.4398548789227505,-0.4398548675630603,1.1359690188506022e-08,3.6951261168927108,3.695126275665121,1.5877241033024347e-07,0.07608675072500598,0.07608675316901219,2.4440062057484724e-09,-0.08721671092046246,-0.08721667351763977,3.740282268627215e-08,-0.02586981974334046,-0.025870001186196277,-1.8144285581639386e-07
0.37075,1.0133333333333334,0.04,-0.7,2.0,0.3,0.04,0.01,17409,-0.4135701200733144,-0.41357011435799207,5.715322326516059e-09,2.3533008125520283,2.353300729180172,-8.337185608553455e-08,0.23997893457430863,0.2399789371424657,2.568157075888422e-09,-0.06360217175108152,-0.06360217264662377,-8.955422514667077e-10,-0.13970309096063283,-0.13970322350819578,-1.3254756295322245e-07
0.404,1.0133333333333334,0.04,-0.7,2.0,0.3,0.04,0.01,17412,-0.4108464844303217,-0.4108464780728983,6.357423365521697e-09,2.2616141862052963,2.2616141779997894,-8.205506940583973e-09,0.24660717019574924,0.2466071725196686,2.3239193625013144e-09,-0.062322364252111184,-0.06232236481338782,-5.61276636279473e-10,-0.1543868049412242,-0.15438693598001346,-1.3103878926390422e-07
0.48158333333333336,1.0133333333333334,0.04,-0.7,2.0,0.3,0.04,0.01,17419,-0.40514493734725154,-0.4051449301018158,7.24543575136849e-09,2.084060946039301,2.084060982726826,3.668752501795325e-08,0.25732907406830763,0.25732907594925936,1.8809517277063037e-09,-0.05817833523030086,-0.058178335264375866,-3.407500670515873e-11,-0.19052223935837193,-0.19052236831686434,-1.289584924124565e-07
0.7586666666666667,1.0133333333333334,0.04,-0.7,2.0,0.3,0.04,0.01,17444,-0.39093508968642,-0.39093508324743426,6.438985733492331e-09,1.6581933118264836,1.6581934015622335,8.973574994186606e-08,0.2683151834902142,0.2683151844343604,9.441462056614114e-10,-0.04503307385321509,-0.04503307375757898,9.563611014229423e-11,-0.3291982622305456,-0.32919839105043086,-1.2881988525892396e-07
0.7808333333333334,1.0133333333333334,0.04,-0.7,2.0,0.3,0.04,0.01,17446,-0.39013448914014537,-0.39013448284126107,6.298884303035379e-09,1.6328909710483508,1.6328909552609825,-1.5787368301545257e-08,0.268193491806748,0.26819349270139964,8.946516305563534e-10,-0.04425268724878029,-0.04425268716700869,8.177159643851795e-11,-0.3404642111150269,-0.3404643402868538,-1.291718269014197e-07
1.1576666666666666,1.0133333333333334,0.04,-0.7,2.0,0.3,0.04,0.01,17480,-0.38159337341983623,-0.3815933689286712,4.491165050968249e-09,1.330201621074778,1.3302016593600303,3.828525230176183e-08,0.25661490541173393,0.25661490582087876,4.0914482912768335e-10,-0.03329177805051764,-0.033291778010971156,3.954648414294937e-11,-0.53000311856434,-0.5300032612328353,-1.426684952399171e-07
1.36825,1.0133333333333334,0.04,-0.7,2.0,0.3,0.04,0.01,17499,-0.37898173769569665,-0.37898173373722566,3.958470995435448e-09,1.2318803102595588,1.2318803142889836,4.0294247938277294e-09,0.24670057992670635,0.24670058026284597,3.361396161416508e-10,-0.02860116937175583,-0.028601169327211688,4.4544142679958654e-11,-0.6336923830979613,-0.633692537588457,-1.5449049572957563e-07
0.30425,1.0155555555555555,0.04,-0.7,2.0,0.3,0.04,0.01,17584,-0.41367831031619007,-0.4136783060182365,4.297953548615396e-09,2.572924744093097,2.572924705091304,-3.9001792906390165e-08,0.22145097771354705,0.22145098086965517,3.1561081248465683e-09,-0.06434844874943918,-0.06434845023625797,-1.4868187930838772e-09,-0.11075225654973153,-0.1107523948654376,-1.3831570606914756e-07
0.404,1.0155555555555555,0.04,-0.7,2.0,0.3,0.04,0.01,17593,-0.4058301377165771,-0.4058301312691398,6.44743730626729e-09,2.253077902719669,2.253077918047847,1.5328177838114243e-08,0.24681232151956,0.24681232385250154,2.3329415343997795e-09,-0.062492457772213295,-0.062492458335392694,-5.631793989491207e-10,-0.15264660769249289,-0.15264673916682336,-1.3147433047810964e-07
0.50375,1.0155555555555555,0.04,-0.7,2.0,0.3,0.04,0.01,17602,-0.399155203682465,-0.3991551962768505,7.405614510513914e-09,2.030303020844615,2.0303030842410443,6.339642943942181e-08,0.259676554208374,0.25967655598884126,1.7804672736154714e-09,-0.05703978508984908,-0.05703978504055218,4.929689989552344e-11,-0.19926216432611388,-0.19926229318583813,-1.2885972425213943e-07
0.57025,1.0155555555555555,0.04,-0.7,2.0,0.3,0.04,0.01,17608,-0.3954028783289057,-0.3954028708959039,7.433001769641123e-09,1.9113327136277558,1.9113327688700072,5.524225143993533e-08,0.2643871524856539,0.26438715398989915,1.5042452283786645e-09,-0.05333383753993587,-0.053333837372266,1.676698710428859e-10,-0.2318933091250211,-0.23189343725898967,-1.281339685743621e-07
0.6035,1.0155555555555555,0.04,-0.7,2.0,0.3,0.04,0.01,17611,-0.39371175818349313,-0.3937117508495513,7.3339418427131875e-09,1.8579501173676682,1.857950122945411,5.5777427121483925e-09,0.26595297228676484,0.26595297367022336,1.3834585144145706e-09,-0.05163241796071749,-0.051632417782166554,1.7855093792373822e-10,-0.24847630686067324,-0.24847643482865364,-1.2796798040670687e-07
0.6810833333333334,1.0155555555555555,0.04,-0.7,2.0,0.3,0.04,0.01,17618,-0.39020299974351635,-0.3902029927973084,6.9462079421711564e-09,1.746151367942872,1.7461512928679734,-7.507489852009996e-08,0.26805540508281767,0.2680554062233739,1.140556260548209e-09,-0.04811012784586288,-0.04811012769720881,1.4865407516051476e-10,-0.28755000561715705,-0.28755013366554777,-1.2804839072400043e-07
0.76975,1.0155555555555555,0.04,-0.7,2.0,0.3,0.04,0.01,17626,-0.3868823463712423,-0.3868823399737035,6.397538776514722e-09,1.6369021638151793,1.636902169396785,5.581605622140273e-09,0.2684285567228911,0.26842855763781404,9.14922915207228e-10,-0.044717015571377194,-0.04471701548086546,9.051173699425874e-11,-0.33247051354420853,-0.3324706424974914,-1.2895328288520247e-07
1.4458333333333333,1.0155555555555555,0.04,-0.7,2.0,0.3,0.04,0.01,17687,-0.3754362152032231,-0.37543621134058625,3.862636877016712e-09,1.1980319847282317,1.198031923553886,-6.117434558916557e-08,0.24311055552249383,0.2431105558456966,3.2320277010278176e-10,-0.02719510100113176,-0.027195100956887673,4.4244087560318945e-11,-0.6682094082235968,-0.668209567054739,-1.5883114223846917e-07
1.5234166666666666,1.0155555555555555,0.04,-0.7,2.0,0.3,0.04,0.01,17694,-0.3746092909180654,-0.374609287162376,3.755689370610327e-09,1.172341643207453,1.172341709633631,6.642617811358775e-08,0.2393331773042906,0.23933317762308154,3.187909380919507e-10,-0.025928393152588325,-0.025928393107787037,4.48012876796966e-11,-0.7057120902494163,-0.7057122539655408,-1.6371612454602058e-07
1.5345,1.0155555555555555,0.04,-0.7,2.0,0.3,0.04,0.01,17695,-0.37448886214298815,-0.3744888584070443,3.735943832072763e-09,1.1688701936907187,1.1688701928999259,-7.907927646044755e-10,0.238795486499771,0.23879548681744134,3.176703344820453e-10,-0.025760505276140044,-0.025760505235476683,4.066336156682837e-11,-0.711054262051633,-0.7110544264731858,-1.6442155281737314e-07
1.7561666666666667,1.0155555555555555,0.04,-0.7,2.0,0.3,0.04,0.01,17715,-0.3718860500612209,-0.37188604652389556,3.5373253215453815e-09,1.1071634831161248,1.1071635769370687,9.382094390275597e-08,0.2282716972263482,0.2282716975585338,3.321855845950239e-10,-0.02303403683012739,-0.023034036795372814,3.475457768797874e-11,-0.8171742230730222,-0.8171744020691964,-1.7899617421601732e-07
1.867,1.0155555555555555,0.04,-0.7,2.0,0.3,0.04,0.01,17725,-0.3704190589977341,-0.3704190555237129,3.4740211818373723e-09,1.0802101324536295,1.0802101080744575,-2.4379172014477035e-08,0.22324215355556953,0.22324215390189464,3.4632510748089373e-10,-0.02206510252088234,-0.022065102492482624,2.8399716606175573e-11,-0.8697925224209618,-0.8697927089567643,-1.8653580247107726e-07
1.9335,1.0155555555555555,0.04,-0.7,2.0,0.3,0.04,0.01,17731,-0.3694845094978638,-0.3694845060527351,3.4451287378445272e-09,1.0648417203551475,1.0648417363591398,1.600399235357486e-08,0.22031535197003516,0.22031535232583713,3.5580197121909407e-10,-0.02158688872239134,-0.021586888695182636,2.7208704039827225e-11,-0.9012524537350963,-0.9012526448714614,-1.9113636506862264e-07
1.9556666666666667,1.0155555555555555,0.04,-0.7,2.0,0.3,0.04,0.01,17733,-0.3691643768075764,-0.3691643733726053,3.4349710853476267e-09,1.0598270330786086,1.0598269863532959,-4.6725312730089286e-08,0.21935573336059888,0.21935573371860406,3.580051810558871e-10,-0.021442750194888838,-0.02144275017151943,2.3369407103901452e-11,-0.9117231988892832,-0.9117233915746226,-1.9268533935079546e-07
0.20450000000000002,1.017777777777778,0.04,-0.7,2.0,0.3,0.04,0.01,17756,-0.41446876764442836,-0.4144687627203301,4.924098240266517e-09,3.0243839786725513,3.024384079712877,1.0104032588387213e-07,0.17238588341701028,0.17238588726464188,3.847631602216239e-09,-0.05946442609622293,-0.05946442353971331,2.556509622053671e-09,-0.07336381719395824,-0.07336397338932361,-1.561953653778092e-07
0.2931666666666667,1.017777777777778,0.04,-0.7,2.0,0.3,0.04,0.01,17764,-0.4087620436746611,-0.4087620394047219,4.2699392355238786e-09,2.61173620855204,2.611736209144482,5.924416512925745e-10,0.21759190623527047,0.21759190950281287,3.2675424033179468e-09,-0.06426168444675223,-0.06426168595990224,-1.5131500080700633e-09,-0.10508838966364481,-0.10508853000446015,-1.4034081534386456e-07
0.34858333333333336,1.017777777777778,0.04,-0.7,2.0,0.3,0.04,0.01,17769,-0.4047391682781079,-0.404739162816838,5.461269880768782e-09,2.407271568888314,2.4072716100507487,4.11624347940176e-08,0.2350359515517278,0.23503595431420465,2.7624768583756065e-09,-0.06449460929387058,-0.06449461043471971,-1.140849137382105e-09,-0.12708286885734082,-0.1270830039134856,-1.350561447677201e-07
0.6035,1.017777777777778,0.04,-0.7,2.0,0.3,0.04,0.01,17792,-0.38959385865393326,-0.3895938512896684,7.364264864584413e-09,1.8481523408886424,1.8481522824063743,-5.84822681393149e-08,0.26611366090389943,0.2661136622856441,1.3817446631314567e-09,-0.05173772084088313,-0.05173772066315335,1.7772977534136203e-10,-0.24636258036413172,-0.24636270845876612,-1.2809463439955593e-07
1.0025,1.017777777777778,0.04,-0.7,2.0,0.3,0.04,0.01,17828,-0.37786315095343637,-0.3778631457815384,5.171897965450256e-09,1.416233223749952,1.4162332262305286,2.4805766329905055e-09,0.26323504024004796,0.2632350407725231,5.324751195523447e-10,-0.03749577621399436,-0.0374957761783012,3.5693156763549894e-11,-0.4471970499441563,-0.44719718511458295,-1.3517042662947176e-07
1.2130833333333333,1.017777777777778,0.04,-0.7,2.0,0.3,0.04,0.01,17847,-0.37508695181515117,-0.3750869474034436,4.411707554830002e-09,1.289197704146261,1.2891977314721785,2.732591752874214e-08,0.2544399736996439,0.25443997407637514,3.7673125730108836e-10,-0.03200086351247411,-0.032000863469771025,4.270308412435142e-11,-0.5515200165901596,-0.5515201615230725,-1.44932912893303e-07
1.2795833333333333,1.017777777777778,0.04,-0.7,2.0,0.3,0.04,0.01,17853,-0.37439838492393795,-0.3743983806884869,4.235451045442318e-09,1.2579525435207906,1.2579525972776548,5.3756864293319495e-08,0.2513272796521304,0.2513272800054591,3.53328699631561e-10,-0.03048510252331993,-0.03048510247878706,4.4532870446811756e-11,-0.584118752478685,-0.5841189010469542,-1.4856826913156596e-07
1.5234166666666666,1.017777777777778,0.04,-0.7,2.0,0.3,0.04,0.01,17875,-0.37200966202119434,-0.3720096582351577,3.7860366508546406e-09,1.167316079908609,1.1673161740498055,9.414119639394869e-08,0.23952441439163696,0.23952441470961028,3.179733143454655e-10,-0.025951692696757345,-0.025951692652431236,4.432610875571008e-11,-0.7023305319102391,-0.7023306951687494,-1.6325851026621763e-07
1.6453333333333333,1.017777777777778,0.04,-0.7,2.0,0.3,0.04,0.01,17886,-0.3707186717762101,-0.37071866812139775,3.654812341657987e-09,1.1315497205899305,1.131549667864611,-5.272531944378045e-08,0.23366739751728982,0.23366739784087479,3.2358496437900897e-10,-0.024278400406752,-0.024278400364318897,4.2433102170891246e-11,-0.7607386674329114,-0.7607388385523278,-1.7111941641445583e-07
1.9335,1.017777777777778,0.04,-0.7,2.0,0.3,0.04,0.01,17912,-0.3671233078135494,-0.36712330434690216,3.4666472470412657e-09,1.0602347749744112,1.060234835603466,6.062905488768422e-08,0.22052338979075548,0.2205233901440131,3.5325761760240937e-10,-0.021618210520532588,-0.02161821049474895,2.5783639112653134e-11,-0.8973658677212393,-0.8973660582761536,-1.9055491429220694e-07
0.16016666666666668,1.02,0.04,-0.7,2.0,0.3,0.04,0.01,17933,-0.41014534055049123,-0.4101453321706152,8.379876015318644e-09,3.2307324801528203,3.230732603068428,1.2291560747001995e-07,0.13967437532645677,0.13967437901424906,3.6877922937605945e-09,-0.060304218019377465,-0.06030420823949863,9.779878837323785e-09,-0.05641722880922462,-0.05641739787025605,-1.6906103143116136e-07
0.19341666666666668,1.02,0.04,-0.7,2.0,0.3,0.04,0.01,17936,-0.4082975594094443,-0.4082975533961381,6.013306186325451e-09,3.071325719444795,3.0713257740065987,5.4561803519703744e-08,0.16499280441110986,0.16499280826724735,3.856137492652678e-09,-0.05918718767840975,-0.05918718364508941,4.03332033743764e-09,-0.06854590587794529,-0.06854606607904773,-1.6020110243930574e-07
0.21558333333333335,1.02,0.04,-0.7,2.0,0.3,0.04,0.01,17938,-0.4072203367071897,-0.4072203317613877,4.945801990174914e-09,2.963411689649309,2.9634117587291553,6.907984628767849e-08,0.17959997125852056,0.1795999750918367,3.833316136736542e-09,-0.060173833370223695,-0.06017383195169404,1.4185296548507864e-09,-0.07619618305448883,-0.07619633785061179,-1.5479612296143141e-07
0.6810833333333334,1.02,0.04,-0.7,2.0,0.3,0.04,0.01,17980,-0.38248359047379776,-0.3824835834689414,7.0048563616254e-09,1.7275556762896827,1.7275556828260534,6.536370777965317e-09,0.2683426243253739,0.26834262546027987,1.1349059469978329e-09,-0.048281268862082616,-0.04828126871594043,1.4614218862840644e-10,-0.2831024701351742,-0.2831025982827887,-1.281476145198468e-07
0.6921666666666667,1.02,0.04,-0.7,2.0,0.3,0.04,0.01,17981,-0.38209454145517185,-0.38209453451406505,6.941106800439911e-09,1.7130637394724424,1.7130638181448476,7.867240525705199e-08,0.2684922344691615,0.26849223557180535,1.102643865102948e-09,-0.04782061425900874,-0.04782061411934175,1.3966699324852172e-10,-0.2886784391471081,-0.28867856733989367,-1.2819278555342706e-07
0.7919166666666667,1.02,0.04,-0.7,2.0,0.3,0.04,0.01,17990,-0.37902956178462177,-0.3790295554557826,6.328839174951639e-09,1.5955179594184798,1.595517928684361,-3.07341188054977e-08,0.26853264876350313,0.26853264962215534,8.586522048936729e-10,-0.0440757655850027,-0.044075765505712336,7.929036593967709e-11,-0.33894935157020856,-0.3389494807856056,-1.292153970489096e-07
0.83625,1.02,0.04,-0.7,2.0,0.3,0.04,0.01,17994,-0.3779023713668811,-0.3779023652994539,6.0674271717964245e-09,1.5499717662126322,1.5499717437718015,-2.244083074920411e-08,0.2679301188888289,0.2679301196564226,7.675937108153619e-10,-0.04258442760626813,-0.04258442754591705,6.035107830149045e-11,-0.3612769687644235,-0.36127709879931097,-1.3003488746887726e-07
1.0246666666666666,1.02,0.04,-0.7,2.0,0.3,0.04,0.01,18011,-0.3744001415739717,-0.37440013644895026,5.125021462770718e-09,1.3936420684146356,1.3936422432362774,1.7482164182958115e-07,0.26256283014419735,0.26256283064902813,5.048307882837832e-10,-0.036905411712404024,-0.03690541167772159,3.468243053861286e-11,-0.4555670877297302,-0.4555672235553798,-1.3582564961645005e-07
1.50125,1.02,0.04,-0.7,2.0,0.3,0.04,0.01,18054,-0.3696288191329389,-0.36962881527964275,3.8532961266213306e-09,1.169246638399457,1.1692466269581172,-1.1441339875517542e-08,0.24078178021726127,0.24078178053366733,3.164060680127534e-10,-0.026318331704730524,-0.026318331660246014,4.4484509825748475e-11,-0.6883219071308899,-0.6883220685449735,-1.6141408354375386e-07
1.5788333333333333,1.02,0.04,-0.7,2.0,0.3,0.04,0.01,18061,-0.3688862903775819,-0.3688862866229735,3.7546084019624004e-09,1.1454973899982512,1.145497457116217,6.711796585179286e-08,0.23703440402381148,0.23703440433863088,3.1481939277711035e-10,-0.025167519133520444,-0.02516751909459002,3.893042485603182e-11,-0.7254882976982097,-0.7254884640272624,-1.663290527531558e-07
1.601,1.02,0.04,-0.7,2.0,0.3,0.04,0.01,18063,-0.3686651720381101,-0.36866516830962404,3.7284860754382976e-09,1.1390771589847581,1.1390772072610433,4.827628519166183e-08,0.23597131141001038,0.235971311726495,3.164846162917456e-10,-0.02486707803742161,-0.024867077994518597,4.290301100495775e-11,-0.7360754736518427,-0.7360756414034325,-1.677515898412807e-07
1.9335,1.02,0.04,-0.7,2.0,0.3,0.04,0.01,18093,-0.36477237642884575,-0.36477237294314774,3.4856980080100186e-09,1.0555985724414185,1.0555986201400183,4.769859973663415e-08,0.22072501846367998,0.22072501881398784,3.503078660482828e-10,-0.02164841256001304,-0.02164841253324471,2.6768330607662705e-11,-0.893491109008257,-0.8934912989784723,-1.899702153362881e-07
0.11583333333333334,1.0222222222222221,0.04,-0.7,2.0,0.3,0.04,0.01,18110,-0.4059344471447554,-0.4059344347029329,1.2441822516695566e-08,3.4539941275169017,3.4539942964770702,1.689601685228581e-07,0.09975250515888157,0.0997525081813241,3.0224425323632786e-09,-0.07308346119509063,-0.07308344016652771,2.1028562918745664e-08,-0.03641360971629731,-0.03641379131497799,-1.8159868067635365e-07
0.4594166666666667,1.0222222222222221,0.04,-0.7,2.0,0.3,0.04,0.01,18141,-0.3879125450810192,-0.3879125377135229,7.367496279719887e-09,2.092140077153415,2.092140066211143,-1.0942271977398832e-08,0.2554719269932254,0.25547192899914384,2.0059184313581113e-09,-0.05998893541903777,-0.059988935563703376,-1.446656058834428e-10,-0.1725675225156681,-0.17256765327012016,-1.307544520712245e-07
0.5591666666666667,1.0222222222222221,0.04,-0.7,2.0,0.3,0.04,0.01,18150,-0.3832265718538286,-0.3832265642746209,7.579207705887825e-09,1.8999103276740037,1.8999103239948756,-3.6791281132764198e-09,0.2641922120210152,0.26419221356488753,1.5438723077743077e-09,-0.05424760553360275,-0.05424760537322934,1.6037340899721642e-10,-0.2203029707755974,-0.22030309956367974,-1.2878808233751649e-07
0.6810833333333334,1.0222222222222221,0.04,-0.7,2.0,0.3,0.04,0.01,18161,-0.37865497450287333,-0.37865496745953936,7.043333971612498e-09,1.7181903178009605,1.7181903358328188,1.8031858228795272e-08,0.2684593322904022,0.268459333419072,1.1286698242685134e-09,-0.048357030952364544,-0.04835703080184583,1.5051871554705443e-10,-0.28089354236753017,-0.2808936705734786,-1.2820594841311816e-07
1.0579166666666666,1.0222222222222221,0.04,-0.7,2.0,0.3,0.04,0.01,18195,-0.37090854195051537,-0.37090853691294723,5.037568140409121e-09,1.364640520029603,1.364640522780359,2.750756067371185e-09,0.2614159115180148,0.261415911990758,4.727431779372182e-10,-0.036013736347539904,-0.036013736311593186,3.594671782458647e-11,-0.469350043686631,-0.46935018064893363,-1.3696230261039943e-07
1.1355,1.0222222222222221,0.04,-0.7,2.0,0.3,0.04,0.01,18202,-0.3700878990114953,-0.3700878942613509,4.750144388943056e-09,1.3179471236579587,1.3179471160830734,-7.574885385608354e-09,0.2582033543051254,0.25820335471863476,4.1350933788208977e-10,-0.03395798780711501,-0.03395798776842547,3.868953768471073e-11,-0.5076031525790697,-0.5076032930085639,-1.4042949414427852e-07
1.1576666666666666,1.0222222222222221,0.04,-0.7,2.0,0.3,0.04,0.01,18204,-0.36987724062478855,-0.369877235952138,4.672650544268464e-09,1.3057641357061556,1.3057641580063932,2.2300237656480704e-08,0.2572352852426435,0.25723528564232034,3.9967684717368e-10,-0.0333960539605771,-0.033396053921520244,3.905685497240796e-11,-0.5184905183603511,-0.5184906598581185,-1.4149776739191822e-07
1.3904166666666666,1.0222222222222221,0.04,-0.7,2.0,0.3,0.04,0.01,18225,-0.3679501171686972,-0.3679501130922619,4.07643530042634e-09,1.202026680968693,1.2020266967635982,1.5794905161570227e-08,0.2463289856977774,0.24632898601881695,3.2103955605045087e-10,-0.02826151283712164,-0.028261512789171862,4.7949776094124985e-11,-0.6317206597913211,-0.6317208140191669,-1.5422784582774796e-07
1.6120833333333333,1.0222222222222221,0.04,-0.7,2.0,0.3,0.04,0.01,18245,-0.36603422786454787,-0.36603422411611014,3.7484377268803826e-09,1.1309414654769867,1.1309414198076149,-4.566937183980713e-08,0.2356228893381218,0.2356228896542558,3.161339801049934e-10,-0.02474334196936323,-0.02474334192965775,3.97054819578635e-11,-0.7378880097926727,-0.7378881777761419,-1.6798346924584706e-07
0.6256666666666667,1.0244444444444445,0.04,-0.7,2.0,0.3,0.04,0.01,18337,-0.37660512442888594,-0.37660511704057,7.3883159590337755e-09,1.7853139674950391,1.7853140143383535,4.6843314338573805e-08,0.2672741632791034,0.26727416457561687,1.296513452153647e-09,-0.050921513097268445,-0.050921512922187974,1.7508047095438073e-10,-0.25106857221460915,-0.2510687005940667,-1.283794575646091e-07
0.63675,1.0244444444444445,0.04,-0.7,2.0,0.3,0.04,0.01,18338,-0.37623560751681717,-0.3762356001848327,7.331984464009622e-09,1.7693084941594606,1.769308502395325,8.235864434880114e-09,0.2676085069075809,0.26760850816843834,1.260857418472483e-09,-0.05039789538321959,-0.05039789521407042,1.6914917383425987e-10,-0.25657754813602357,-0.2565776764642703,-1.2832824675124144e-07
0.7475833333333334,1.0244444444444445,0.04,-0.7,2.0,0.3,0.04,0.01,18348,-0.37302542167542974,-0.37302541499116026,6.6842694712576645e-09,1.6273185868276308,1.6273186363973096,4.9569678806093975e-08,0.2689937698174133,0.2689937707684685,9.51055179054805e-10,-0.045784487270397745,-0.04578448716535739,1.0504035141689627e-10,-0.31200428341385256,-0.31200441202917034,-1.2861531778485258e-07
1.202,1.0244444444444445,0.04,-0.7,2.0,0.3,0.04,0.01,18389,-0.36663520823210227,-0.36663520365074476,4.581357515576201e-09,1.2767046919659464,1.2767046853843462,-6.581600153765521e-09,0.2553817218059473,0.2553817221814066,3.754592747817753e-10,-0.03232615171627762,-0.032326151674264565,4.201305275897127e-11,-0.5372927833894453,-0.5372929267983674,-1.4340892207087563e-07
1.3128333333333333,1.0244444444444445,0.04,-0.7,2.0,0.3,0.04,0.01,18399,-0.3658342730204073,-0.36583426873520175,4.2852055237574405e-09,1.2266898399837523,1.226689715947693,-1.2403605920141558e-07,0.25020941756402626,0.25020941790239815,3.3837188606611335e-10,-0.029827218778477604,-0.029827218733051684,4.5425919970032425e-11,-0.5911223166622792,-0.5911224660218799,-1.4935960068740428e-07
1.5455833333333333,1.0244444444444445,0.04,-0.7,2.0,0.3,0.04,0.01,18420,-0.3640976016194841,-0.3640975977551657,3.864318420809809e-09,1.1452060855177137,1.145206076954647,-8.56306670016238e-09,0.2389821783438384,0.23898217865424695,3.1040855996700145e-10,-0.02568123516948073,-0.025681235126375074,4.3105657931974406e-11,-0.7028114138867003,-0.7028115771747876,-1.6328808727372746e-07
1.5788333333333333,1.0244444444444445,0.04,-0.7,2.0,0.3,0.04,0.01,18423,-0.3638175758808454,-0.36381757205869314,3.822152261356848e-09,1.1353943965564106,1.1353944648134915,6.825708087632165e-08,0.23738542612811164,0.23738542643848404,3.103723944519743e-10,-0.02520854142123996,-0.025208541381268847,3.997111322484592e-11,-0.7186322102530757,-0.7186323756410208,-1.6538794511689048e-07
1.6896666666666667,1.0244444444444445,0.04,-0.7,2.0,0.3,0.04,0.01,18433,-0.3628024024664167,-0.36280239876404047,3.7023762389232218e-09,1.1049363007886726,1.104936323006184,2.2217511386202204e-08,0.2321308254586707,0.23213082577791952,3.192488218228817e-10,-0.02382997828315192,-0.023829978246053592,3.709832788190148e-11,-0.7711568402173768,-0.7711570127284849,-1.7251110806526526e-07
1.8448333333333333,1.0244444444444445,0.04,-0.7,2.0,0.3,0.04,0.01,18447,-0.3611566065615801,-0.3611566029781246,3.5834555323077666e-09,1.06659619747429,1.0665961868090406,-1.0665249350338968e-08,0.22501766564882175,0.2250176659845662,3.3574446001161107e-10,-0.022351897253289343,-0.022351897223672104,2.96172392166838e-11,-0.8442215686589594,-0.844221751444822,-1.827858626679557e-07
1.8559166666666667,1.0244444444444445,0.04,-0.7,2.0,0.3,0.04,0.01,18448,-0.361029106384983,-0.36102910280572265,3.5792603325646155e-09,1.0640004252659985,1.0640003743147568,-5.095124167020515e-08,0.22452249813689762,0.2245224984724098,3.3551217359928387e-10,-0.022263937559316438,-0.022263937531604095,2.771234283716062e-11,-0.8494228561073403,-0.8494230396420999,-1.8353475961241372e-07
1.867,1.0244444444444445,0.04,-0.7,2.0,0.3,0.04,0.01,18449,-0.36090032768512637,-0.36090032411432893,3.5707974355148053e-09,1.0614202433645303,1.0614202911198996,4.775536921464152e-08,0.22402918047767506,0.22402918081374526,3.360701994470361e-10,-0.022178104463407844,-0.022178104438061237,2.5346606757903345e-11,-0.8546220886889583,-0.8546222729706284,-1.8428167014583607e-07
1.9778333333333333,1.0244444444444445,0.04,-0.7,2.0,0.3,0.04,0.01,18459,-0.35954541130624185,-0.3595454078014626,3.5047792446007975e-09,1.0363784039291168,1.0363784720115223,6.808240549105449e-08,0.21920152086601918,0.21920152121955871,3.535395309839373e-10,-0.02142778840301396,-0.02142778838202349,2.0990469778991994e-11,-0.9065135559426646,-0.9065137478046056,-1.9186194100129228e-07
0.4261666666666667,1.0266666666666666,0.04,-0.7,2.0,0.3,0.04,0.01,18500,-0.3800718868496658,-0.3800718795751361,7.274529700840304e-09,2.1506464185916396,2.150646416597989,-1.993650577958306e-09,0.2510991859414058,0.251099188147234,2.2058281867742835e-09,-0.06204515233095009,-0.06204515271188202,-3.809319248926357e-10,-0.15387465490301205,-0.15387478762809018,-1.3272507812245316e-07
0.43725,1.0266666666666666,0.04,-0.7,2.0,0.3,0.04,0.01,18501,-0.3795944302615456,-0.37959442288019557,7.381350031199219e-09,2.1235125852170356,2.123512595499539,1.0282503293268519e-08,0.25273255608537076,0.25273255822158375,2.1362129842827926e-09,-0.06144853256940391,-0.06144853286226986,-2.9286594677158106e-10,-0.15884181383610252,-0.1588419461030741,-1.3226697156976108e-07
0.7475833333333334,1.0266666666666666,0.04,-0.7,2.0,0.3,0.04,0.01,18529,-0.3694190868550745,-0.3694190801211932,6.733881341425274e-09,1.6183718934414948,1.6183718953059725,1.8644776833554033e-09,0.2690758952059863,0.2690758961546256,9.486393337532206e-10,-0.04583748484603134,-0.04583748474319921,1.0283213169870464e-10,-0.30972105625401425,-0.30972118487299344,-1.286189791893655e-07
0.76975,1.0266666666666666,0.04,-0.7,2.0,0.3,0.04,0.01,18531,-0.3689336426151296,-0.3689336360116034,6.6035262258345995e-09,1.5936367184221645,1.5936367323843919,1.3962227374264558e-08,0.2690004419622638,0.2690004428580911,8.958273012282802e-10,-0.04502111753373894,-0.0450211174395219,9.421704388890006e-11,-0.32080463782953317,-0.3208047666568675,-1.2882733435581883e-07
1.0468333333333333,1.0266666666666666,0.04,-0.7,2.0,0.3,0.04,0.01,18556,-0.3649718624341991,-0.3649718572526703,5.181528817121972e-09,1.3581839403142837,1.3581840305020456,9.018776192526445e-08,0.26207008798746767,0.26207008846537533,4.779076578920183e-10,-0.03636475252401239,-0.03636475249063432,3.337807114034419e-11,-0.4584698371789403,-0.4584699732353006,-1.360563602892384e-07
1.0579166666666666,1.0266666666666666,0.04,-0.7,2.0,0.3,0.04,0.01,18557,-0.36487351847011573,-0.36487351333135765,5.138758085720951e-09,1.3510755764167826,1.351075559086089,-1.733069354692418e-08,0.2616403697726366,0.2616403702396666,4.670299702524972e-10,-0.03605887019232645,-0.03605887015529994,3.7026513799442995e-11,-0.4639228039804433,-0.46392294048171534,-1.365012720633274e-07
1.1133333333333333,1.0266666666666666,0.04,-0.7,2.0,0.3,0.04,0.01,18562,-0.36442289963210805,-0.36442289470712064,4.924987417886939e-09,1.31762150218373,1.3176215653500527,6.316632261693655e-08,0.25938864589666877,0.2593886463194213,4.2275255518475774e-10,-0.034570899802716104,-0.03457089976526974,3.744636545288671e-11,-0.4911171667418279,-0.49111730560868816,-1.3886686023312222e-07
1.1576666666666666,1.0266666666666666,0.04,-0.7,2.0,0.3,0.04,0.01,18566,-0.36410173561568504,-0.3641017308454036,4.7702814476302535e-09,1.2931710396957286,1.2931711000399089,6.0344180319305e-08,0.25748345853837673,0.2574834589323459,3.939691906040821e-10,-0.03343214086209967,-0.03343214082167468,4.0424989744547446e-11,-0.5127882655083654,-0.5127884064300348,-1.4092166933377115e-07
1.16875,1.0266666666666666,0.04,-0.7,2.0,0.3,0.04,0.01,18567,-0.3640256041400475,-0.36402559940693074,4.733116731880926e-09,1.287353944279257,1.287353959777996,1.5498738958896752e-08,0.2569952447768753,0.25699524516739386,3.9051856193239587e-10,-0.03315492098351913,-0.03315492094179923,4.1719898369319e-11,-0.5181944115443399,-0.5181945529997072,-1.4145536730847397e-07
1.6231666666666666,1.0266666666666666,0.04,-0.7,2.0,0.3,0.04,0.01,18608,-0.360937502912953,-0.3609374991114253,3.801527703739538e-09,1.1177806305551208,1.1177805853874827,-4.516763807416169e-08,0.23543683806553917,0.2354368383776122,3.120730340810951e-10,-0.024641104275496817,-0.024641104235082253,4.0414564056456825e-11,-0.7362112650211028,-0.736211432743196,-1.6772209321391784e-07
1.9113333333333333,1.0266666666666666,0.04,-0.7,2.0,0.3,0.04,0.01,18634,-0.35804184911295,-0.35804184555205565,3.5608943571574514e-09,1.0465106503598776,1.0465107034041425,5.304426498042858e-08,0.2222566257013836,0.22225662604156857,3.401849635320531e-10,-0.021881596395170733,-0.021881596366592326,2.8578407001988992e-11,-0.871585771013636,-0.8715859577309034,-1.8671726742525152e-07
1.9224166666666667,1.0266666666666666,0.04,-0.7,2.0,0.3,0.04,0.01,18635,-0.35791245109301206,-0.35791244753783275,3.5551793176047397e-09,1.0440107722775593,1.0440108246220916,5.234453226421465e-08,0.22177317480782943,0.2217731751485143,3.4068486920446617e-10,-0.021806025368859006,-0.02180602534073368,2.8125324985639466e-11,-0.8767630650989566,-0.8767632525694873,-1.8747053065482078e-07
1.9445833333333333,1.0266666666666666,0.04,-0.7,2.0,0.3,0.04,0.01,18637,-0.35765001676665853,-0.3576500132260697,3.540588822126267e-09,1.0390490023937105,1.0390489075141696,-9.487954089060224e-08,0.22081209966474946,0.22081210000632698,3.415775162718404e-10,-0.021660481868204795,-0.021660481844638202,2.3566593121415735e-11,-0.887112719318156,-0.8871129083050587,-1.8898690268276397e-07
0.11583333333333334,1.028888888888889,0.04,-0.7,2.0,0.3,0.04,0.01,18653,-0.3830825995623094,-0.38308258508842796,1.4473881426724233e-08,3.4002069722316453,3.4002071806987315,2.0846708626010013e-07,0.10010085402389554,0.10010085705635133,3.032455786478039e-09,-0.07343202527782672,-0.07343200521253058,2.0065296132965038e-08,-0.034730390002929434,-0.0347305756375482,-1.856346187670277e-07
0.16016666666666668,1.028888888888889,0.04,-0.7,2.0,0.3,0.04,0.01,18657,-0.38164771057995484,-0.38164769935532566,1.1224629170580869e-08,3.178705407225202,3.17870556888304,1.6165783822685853e-07,0.13998407760236475,0.13998408130069936,3.698334610779952e-09,-0.06068899248111437,-0.06068898261016525,9.87094912058284e-09,-0.05336375860080789,-0.05336393327433054,-1.74673522652935e-07
0.34858333333333336,1.028888888888889,0.04,-0.7,2.0,0.3,0.04,0.01,18674,-0.3782040504498804,-0.378204044059514,6.390366402708736e-09,2.36802384714907,2.368023858852599,1.170352881274539e-08,0.23549023109747935,0.23549023389249016,2.7950108061336465e-09,-0.06509546536095923,-0.0650954665432985,-1.182339268157584e-09,-0.11938547712482539,-0.11938561524225592,-1.3811743053426806e-07
0.5924166666666667,1.028888888888889,0.04,-0.7,2.0,0.3,0.04,0.01,18696,-0.36965504240295266,-0.36965503476210315,7.640849508661063e-09,1.8154080141941087,1.8154081162356563,1.020415476560288e-07,0.26614860441663557,0.2661486058253744,1.4087388477967977e-09,-0.05271655000745751,-0.052716549827824116,1.7963339149495994e-10,-0.23051447229451016,-0.23051460125122042,-1.289567102547018e-07
0.6921666666666667,1.028888888888889,0.04,-0.7,2.0,0.3,0.04,0.01,18705,-0.36703308770362486,-0.3670330805828991,7.120725786791127e-09,1.6756026052777706,1.6756026783554807,7.307771010545139e-08,0.2688520657221499,0.26885206681383456,1.0916846315822681e-09,-0.04807790330990658,-0.04807790316989789,1.4000868520103182e-10,-0.2798397324330071,-0.27983986084473544,-1.2841172836175474e-07
0.9914166666666667,1.028888888888889,0.04,-0.7,2.0,0.3,0.04,0.01,18732,-0.3624203149257127,-0.3624203094519738,5.47373890658065e-09,1.3887385921784734,1.388738614943908,2.2765434648519545e-08,0.26418151994681005,0.2641815204749274,5.281173276472373e-10,-0.03795650794551075,-0.03795650791262488,3.288587457905834e-11,-0.42852679650894065,-0.4285269303138701,-1.3380492946968303e-07
1.03575,1.028888888888889,0.04,-0.7,2.0,0.3,0.04,0.01,18736,-0.36204681713947195,-0.36204681185956594,5.2799060124009145e-09,1.358434148501786,1.358434131089884,-1.7411901920283412e-08,0.26258458385296224,0.26258458433334425,4.803820119470004e-10,-0.036692393040119176,-0.036692393002655144,3.746403187676606e-11,-0.45034290631892904,-0.4503430417288409,-1.3540991183891293e-07
1.0911666666666666,1.028888888888889,0.04,-0.7,2.0,0.3,0.04,0.01,18741,-0.3616461703227769,-0.3616461652648151,5.0579618271484605e-09,1.3238894980283078,1.3238895520551013,5.4026793483430424e-08,0.26040832143962855,0.26040832187686325,4.372346928960269e-10,-0.03517400227373568,-0.035174002234097064,3.963861877620545e-11,-0.4775080221414846,-0.47750815978679373,-1.3764530915061357e-07
1.1909166666666666,1.028888888888889,0.04,-0.7,2.0,0.3,0.04,0.01,18750,-0.361048576125525,-0.3610485714168674,4.708657574958863e-09,1.269806877701729,1.2698069020732055,2.4371476392559543e-08,0.2561195818037709,0.2561195821789796,3.752086974451174e-10,-0.03262310286071546,-0.0326231028169731,4.3742356958809125e-11,-0.5261100857504447,-0.526110227988982,-1.4223853728179137e-07
1.6564166666666666,1.028888888888889,0.04,-0.7,2.0,0.3,0.04,0.01,18792,-0.3581929635343428,-0.3581929597420935,3.7922493478781405e-09,1.103709040828349,1.1037091188386625,7.801031354226495e-08,0.23402626783707026,0.23402626814352062,3.0645036508403223e-10,-0.024252046137429595,-0.024252046101469547,3.596004743977588e-11,-0.7484225374423947,-0.7484227067977477,-1.6935535296358495e-07
1.8559166666666667,1.028888888888889,0.04,-0.7,2.0,0.3,0.04,0.01,18810,-0.3563214981389118,-0.35632149451803175,3.620880040244856e-09,1.0544040057736126,1.054403982196593,-2.35770196699292e-08,0.22487571841853238,0.22487571874595963,3.274272519782073e-10,-0.02231302240050803,-0.02231302237163274,2.8875291047114615e-11,-0.8419338906709428,-0.841934073087623,-1.824166802055771e-07
2.0,1.028888888888889,0.04,-0.7,2.0,0.3,0.04,0.01,18823,-0.3546969086005991,-0.3546969050788234,3.5217757043959352e-09,1.0221579277436277,1.0221579716554512,4.3911823510711656e-08,0.21862213832046784,0.2186221386686483,3.4818045668849606e-10,-0.02135460547031398,-0.021354605447247287,2.3066694387896547e-11,-0.9090609249369497,-0.9090611171358057,-1.9219885605270548e-07
0.22666666666666668,1.031111111111111,0.04,-0.7,2.0,0.3,0.04,0.01,18844,-0.3745524727838401,-0.37455246543421217,7.34962790627236e-09,2.8702317814155442,2.8702319689098164,1.8749427210806857e-07,0.18638300652865092,0.18638301034644666,3.817795746208219e-09,-0.061124049570843164,-0.06112404895316347,6.176796921164573e-10,-0.07473653926871882,-0.07473669721991366,-1.5795119484574016e-07
0.31533333333333335,1.031111111111111,0.04,-0.7,2.0,0.3,0.04,0.01,18852,-0.3737801810395347,-0.37378017479414305,6.245391648285192e-09,2.481121551267673,2.4811216086791443,5.7411471132695624e-08,0.22577476607794217,0.22577476918110348,3.1031613112464385e-09,-0.0652961170436589,-0.06529611855435065,-1.5106917522489383e-09,-0.10511368587370201,-0.10511382811713031,-1.4224342829993741e-07
0.3375,1.031111111111111,0.04,-0.7,2.0,0.3,0.04,0.01,18854,-0.37324987864698067,-0.3732498721589107,6.488069970167487e-09,2.3981903962688733,2.398190479336929,8.306805554525454e-08,0.2324957249058221,0.23249572780436767,2.8985455702290608e-09,-0.06530856078660469,-0.06530856210181814,-1.3152134520355574e-09,-0.11353806870523925,-0.11353820850828059,-1.398030413379825e-07
0.4926666666666667,1.031111111111111,0.04,-0.7,2.0,0.3,0.04,0.01,18868,-0.3684567590389945,-0.36845675117165744,7.86733705959719e-09,1.98116295105355,1.9811629551201073,4.0665573131093424e-09,0.259360469872863,0.25936047170971366,1.836850671566026e-09,-0.058400341082960605,-0.058400341073574544,9.386061372573806e-12,-0.1806882513098393,-0.18068838244031063,-1.311304713424999e-07
0.5480833333333334,1.031111111111111,0.04,-0.7,2.0,0.3,0.04,0.01,18873,-0.36682824211473064,-0.366828234265408,7.849322636310774e-09,1.8777785312784623,1.877778609978266,7.86998037849429e-08,0.26378780143741787,0.26378780301819715,1.5807792852484681e-09,-0.05517725840210874,-0.055177258254189065,1.4791967650751303e-10,-0.2069856107086987,-0.20698574053896143,-1.2983026273505338e-07
0.6478333333333334,1.031111111111111,0.04,-0.7,2.0,0.3,0.04,0.01,18882,-0.3642816696038456,-0.3642816621712717,7.432573889687433e-09,1.7242681817075667,1.72426820212933,2.042176339145385e-08,0.26808934516522887,0.26808934638345827,1.218229406241278e-09,-0.050070235640270466,-0.05007023547434564,1.6592482943167397e-10,-0.25570883049483295,-0.25570895911131725,-1.2861648429618455e-07
0.803,1.031111111111111,0.04,-0.7,2.0,0.3,0.04,0.01,18896,-0.36137233500745103,-0.3613723284927181,6.514732919793431e-09,1.5412255902069738,1.541225542803869,-4.7403104774801363e-08,0.2688336814144626,0.2688336822294377,8.149750874153483e-10,-0.04392210199502533,-0.04392210192025585,7.476948227225222e-11,-0.33273503284241,-0.33273516201919084,-1.2917678082757789e-07
1.069,1.031111111111111,0.04,-0.7,2.0,0.3,0.04,0.01,18920,-0.3588346997904224,-0.3588346945941079,5.196314489808174e-09,1.3303949913945345,1.3303950565450047,6.515047012989328e-08,0.26138589643280585,0.26138589688127023,4.4846437674550543e-10,-0.03578727980194096,-0.035787279763309386,3.863157710393139e-11,-0.46395054609814357,-0.46395068259033584,-1.3649219227085396e-07
1.8559166666666667,1.031111111111111,0.04,-0.7,2.0,0.3,0.04,0.01,18991,-0.3539837516855493,-0.35398374804420724,3.641342061211361e-09,1.0495631586060483,1.0495632708585507,1.1225250240443074e-07,0.22504250368718393,0.22504250401166562,3.244816915159987e-10,-0.022335846515397773,-0.022335846483414187,3.198358591860462e-11,-0.8382073390355432,-0.8382075208896154,-1.8185407213433535e-07
1.8891666666666667,1.031111111111111,0.04,-0.7,2.0,0.3,0.04,0.01,18994,-0.3536446367151391,-0.35364463309814453,3.6169945927255753e-09,1.0419594381749775,1.0419594133243626,-2.4850614899207812e-08,0.22357214452491114,0.2235721448542204,3.2930924653840066e-10,-0.022086922579211965,-0.022086922553500997,2.5710968076797514e-11,-0.8536848365272437,-0.8536850206039369,-1.840766932215132e-07
0.404,1.0333333333333332,0.04,-0.7,2.0,0.3,0.04,0.01,19041,-0.3664145876281638,-0.3664145801294649,7.49869893956756e-09,2.1793159610261625,2.1793160303575303,6.933136775799653e-08,0.24749283874754557,0.2474928411124526,2.3649070202136357e-09,-0.06338041085907076,-0.06338041145098962,-5.919188611480664e-10,-0.13913555685016177,-0.13913569208129412,-1.352311323477018e-07
0.4261666666666667,1.0333333333333332,0.04,-0.7,2.0,0.3,0.04,0.01,19043,-0.36583297097114026,-0.36583296328184883,7.689291425805322e-09,2.120754869633368,2.120754899822393,3.018902505758092e-08,0.2511670472429839,0.2511670494587031,2.2157192192118202e-09,-0.062278214011460276,-0.06227821440057522,-3.891149416568318e-10,-0.14873321251586413,-0.14873334655191986,-1.3403605572670507e-07
0.5591666666666667,1.0333333333333332,0.04,-0.7,2.0,0.3,0.04,0.01,19055,-0.3624006518578027,-0.36240064396286725,7.894935427632532e-09,1.8484053149192547,1.8484052782520233,-3.666723147333073e-08,0.2644896544037184,0.2644896559395587,1.5358402882803546e-09,-0.054616125692609485,-0.05461612553244564,1.6016384746242451e-10,-0.2103633175691566,-0.21036344742455954,-1.2985540293053432e-07
0.6921666666666667,1.0333333333333332,0.04,-0.7,2.0,0.3,0.04,0.01,19067,-0.3596283866124858,-0.3596283793753645,7.237121291137072e-09,1.6564602640933845,1.6564602735645833,9.471198714194884e-09,0.2689274615457621,0.2689274626279,1.0821379348158189e-09,-0.0481689985341871,-0.0481689983944371,1.3975000323629416e-10,-0.2754823574566481,-0.2754824860045173,-1.2854786918259364e-07
0.7586666666666667,1.0333333333333332,0.04,-0.7,2.0,0.3,0.04,0.01,19073,-0.3585564241543465,-0.35855641731814963,6.836196886350621e-09,1.5788711241193631,1.5788710997124733,-2.4406889842509827e-08,0.26920274551041345,0.26920274641830294,9.07889485812774e-10,-0.045547042779800484,-0.04554704267989756,9.990292620942753e-11,-0.3084267245404698,-0.3084268532631861,-1.2872271626385157e-07
1.0468333333333333,1.0333333333333332,0.04,-0.7,2.0,0.3,0.04,0.01,19099,-0.3559870832179485,-0.3559870778819749,5.335973551900963e-09,1.337147055580079,1.3371469857306666,-6.984941247623055e-08,0.2623180476598458,0.26231804812785986,4.680140719415249e-10,-0.03641055976381924,-0.036410559725532594,3.828664468796816e-11,-0.45044479696387807,-0.4504449323635657,-1.353996876285457e-07
1.3571666666666666,1.0333333333333332,0.04,-0.7,2.0,0.3,0.04,0.01,19127,-0.3548752006042599,-0.3548751962625535,4.341706438815152e-09,1.1863066251560639,1.1863066578202723,3.26642084491624e-08,0.24860665642958968,0.2486066567457355,3.1614583173578126e-10,-0.028969432632891534,-0.028969432585203993,4.768754141570852e-11,-0.600114702543203,-0.6001148529040878,-1.5036088485409493e-07
1.7783333333333333,1.0333333333333332,0.04,-0.7,2.0,0.3,0.04,0.01,19165,-0.3523584686111747,-0.3523584648877925,3.723382213660642e-09,1.0629103708303944,1.062910354098084,-1.6732310426093022e-08,0.22869153163816713,0.22869153195371816,3.1555102975033833e-10,-0.023012421689339035,-0.023012421655576966,3.3762069528986416e-11,-0.7984007036032637,-0.7984008797992883,-1.7619602465934747e-07
1.7894166666666667,1.0333333333333332,0.04,-0.7,2.0,0.3,0.04,0.01,19166,-0.3522626732316292,-0.35226266951393753,3.7176916545256233e-09,1.0602562189321318,1.060256145338332,-7.359379994298365e-08,0.22818807527781593,0.22818807559322377,3.154078387357373e-10,-0.022911970895753142,-0.022911970864685865,3.106727722301805e-11,-0.8035629162597702,-0.8035630931815976,-1.7692182741058105e-07
1.90025,1.0333333333333332,0.04,-0.7,2.0,0.3,0.04,0.01,19176,-0.3512243724750064,-0.35122436884796604,3.6270403347415936e-09,1.0346297679708627,1.0346297813503424,1.33794797463338e-08,0.22324800959754032,0.2232480099262849,3.287445871080763e-10,-0.02203076914369939,-0.022030769116813623,2.6885767917539383e-11,-0.8550756737661647,-0.8550758580124158,-1.8424625114477067e-07
0.14908333333333335,1.0355555555555556,0.04,-0.7,2.0,0.3,0.04,0.01,19199,-0.3605948562644158,-0.3605948416805755,1.4583840302062612e-08,3.174463105229397,3.1744633498173767,2.445879796475481e-07,0.13059501711397414,0.13059502069504333,3.5810691911830617e-09,-0.06246348116944675,-0.06246346928092951,1.1888517240099539e-08,-0.04702479686678057,-0.04702497865588409,-1.8178910352051325e-07
0.16016666666666668,1.0355555555555556,0.04,-0.7,2.0,0.3,0.04,0.01,19200,-0.36061681601995754,-0.36061680228943865,1.3730518888532828e-08,3.1288931164746847,3.1288933113768636,1.9490217884055028e-07,0.13985585970530123,0.13985586340206901,3.696767780780874e-09,-0.060749064722497026,-0.06074905486578896,9.856708067801367e-09,-0.0511023264132375,-0.05110250517351176,-1.7876027425672847e-07
0.24883333333333335,1.0355555555555556,0.04,-0.7,2.0,0.3,0.04,0.01,19208,-0.362316537354454,-0.3623165295502381,7.80421594015479e-09,2.7485669087945475,2.7485669730045568,6.421000930956211e-08,0.1982433646312287,0.1982433683263311,3.695102390732785e-09,-0.06258627500522335,-0.06258627568764541,-6.824220633028233e-10,-0.07968265346769421,-0.0796828085077839,-1.550400896971338e-07
0.2931666666666667,1.0355555555555556,0.04,-0.7,2.0,0.3,0.04,0.01,19212,-0.3628056474749841,-0.36280564048641106,6.98857305359013e-09,2.553537981064835,2.5535381230191363,1.419543012026736e-07,0.21782635584916,0.21782635917304075,3.323880753969277e-09,-0.06486936332331106,-0.06486936491062939,-1.5873183323300566e-09,-0.09445162473524504,-0.09445177159284948,-1.4685760443833296e-07
0.6921666666666667,1.0355555555555556,0.04,-0.7,2.0,0.3,0.04,0.01,19248,-0.3559581201466669,-0.3559581128421452,7.304521709716738e-09,1.6467650250373556,1.6467650590110652,3.397370962332502e-08,0.2689392623246578,0.26893926340441016,1.0797523430916556e-09,-0.0482052954468154,-0.04820529530722103,1.3959437078492343e-10,-0.2733196534961818,-0.2733197821173686,-1.286211868123388e-07
0.9581666666666667,1.0355555555555556,0.04,-0.7,2.0,0.3,0.04,0.01,19272,-0.3533934071610345,-0.3533934013639507,5.797083812986159e-09,1.3903259626912856,1.3903259651807813,2.489495720681134e-09,0.26545249640345936,0.2654524969581424,5.546830217362242e-10,-0.0389843208106061,-0.038984320769531136,4.107496287542034e-11,-0.40448573157492174,-0.40448586383279245,-1.3225787071080575e-07
1.10225,1.0355555555555556,0.04,-0.7,2.0,0.3,0.04,0.01,19285,-0.3528580770166545,-0.3528580718515096,5.165144922880671e-09,1.2970392787581275,1.2970392658384906,-1.2919636915853516e-08,0.26019245269848224,0.26019245311667133,4.181890944643385e-10,-0.03490924771303028,-0.03490924767313673,3.9893546799341095e-11,-0.4747022863139938,-0.4747024236859902,-1.3737199638930164e-07
1.1798333333333333,1.0355555555555556,0.04,-0.7,2.0,0.3,0.04,0.01,19292,-0.3526712046637154,-0.3526711997873899,4.876325454539199e-09,1.256108279890089,1.2561083060295604,2.6139471254182922e-08,0.25688974832654976,0.2568897487018459,3.7529612750830665e-10,-0.03292029707523125,-0.032920297032984644,4.2246608988882883e-11,-0.5121841482529782,-0.5121842890669858,-1.4081400756538187e-07
1.50125,1.0355555555555556,0.04,-0.7,2.0,0.3,0.04,0.01,19321,-0.35172632906185775,-0.35172632496780804,4.094049710356984e-09,1.1321302867406402,1.1321303441893609,5.744872066948403e-08,0.24182927582397373,0.24182927612239088,2.984171521003276e-10,-0.026424640858779824,-0.0264246408113038,4.747602311283572e-11,-0.6652163827056135,-0.665216541025029,-1.5831941557742368e-07
1.6675,1.0355555555555556,0.04,-0.7,2.0,0.3,0.04,0.01,19336,-0.3508136237360959,-0.3508136198752043,3.860891606422001e-09,1.0854817239502879,1.0854816715579534,-5.239233447085212e-08,0.23395123276405416,0.23395123306419796,3.0014379870380026e-10,-0.024171873142450617,-0.02417187310283826,3.961235853222611e-11,-0.7431688966465233,-0.7431690652138657,-1.6856734241788018e-07
1.8448333333333333,1.0355555555555556,0.04,-0.7,2.0,0.3,0.04,0.01,19352,-0.34943963042211035,-0.3494396267343905,3.6877198517082377e-09,1.042343181212324,1.0423430751361138,-1.060762102600421e-07,0.2258491852004385,0.2258491855243608,3.239223056450413e-10,-0.022464666861107818,-0.02246466682997029,3.113752658490121e-11,-0.8256531038576542,-0.8256532838616448,-1.8000399060191796e-07
1.9556666666666667,1.0355555555555556,0.04,-0.7,2.0,0.3,0.04,0.01,19362,-0.348387260932434,-0.348387257329979,3.602455000972782e-09,1.0175496459319255,1.0175496693221875,2.3390261949529645e-08,0.22100484822165645,0.221004848554033,3.323765429552594e-10,-0.021688852952367332,-0.021688852929301047,2.3066284993156216e-11,-0.8769547450499654,-0.8769549324433468,-1.8739338136786188e-07
0.37075,1.0377777777777777,0.04,-0.7,2.0,0.3,0.04,0.01,19400,-0.35715761205867835,-0.35715760440412714,7.654551215097172e-09,2.257577909337005,2.25757813703961,2.2770260477145143e-07,0.2407057209958055,0.24070572361919618,2.6233906713635236e-09,-0.06475642916569518,-0.0647564301352359,-9.695407116039334e-10,-0.12217224682652822,-0.12217238547181553,-1.386452873064492e-07
0.5148333333333334,1.0377777777777777,0.04,-0.7,2.0,0.3,0.04,0.01,19413,-0.35497602528862526,-0.3549760171139658,8.174659449355914e-09,1.905774600630128,1.9057746852536814,8.462355349792006e-08,0.26131770652668834,0.26131770824720363,1.7205152857968642e-09,-0.05724727343840025,-0.057247273360296176,7.81040718211834e-11,-0.18548946154474388,-0.18548959296356968,-1.314188257939275e-07
0.5480833333333334,1.0377777777777777,0.04,-0.7,2.0,0.3,0.04,0.01,19416,-0.35441542016300537,-0.3544154120629662,8.10003919493596e-09,1.8458990190539648,1.8458991944045937,1.7535062890594588e-07,0.26377192931997806,0.26377193089300804,1.5730299840477358e-09,-0.05532621476615762,-0.05532621462002912,1.4612850512962794e-10,-0.20118186940955296,-0.20118199996967923,-1.305601262657774e-07
0.70325,1.0377777777777777,0.04,-0.7,2.0,0.3,0.04,0.01,19430,-0.35217642061151355,-0.3521764133052387,7.306274862894924e-09,1.6235001829012496,1.6235001407866445,-4.211460513658949e-08,0.26905533783708885,0.2690553388803057,1.0432168462415348e-09,-0.04777347898356904,-0.04777347884966144,1.3390760028597626e-10,-0.2766194255027568,-0.2766195541688675,-1.2866611071027378e-07
0.7365,1.0377777777777777,0.04,-0.7,2.0,0.3,0.04,0.01,19433,-0.35180472689366055,-0.35180471978841854,7.105242005867041e-09,1.5848415114982917,1.584841452570745,-5.892754662006894e-08,0.2692398442198998,0.2692398451733277,9.534278921918826e-10,-0.046444536758484534,-0.04644453664632952,1.1215501444228337e-10,-0.2929945697442704,-0.29299469841158715,-1.2866731674554543e-07
0.83625,1.0377777777777777,0.04,-0.7,2.0,0.3,0.04,0.01,19442,-0.35093519909774884,-0.3509351925930004,6.504748462088372e-09,1.4830515246422316,1.48305153778575,1.3143518495795092e-08,0.2684456575616223,0.2684456582990452,7.374229005208122e-10,-0.042857210896113385,-0.04285721083336646,6.274692571084373e-11,-0.3421506323438711,-0.34215076183798065,-1.2949410954643525e-07
0.8473333333333334,1.0377777777777777,0.04,-0.7,2.0,0.3,0.04,0.01,19443,-0.35086025198485804,-0.3508602455449924,6.439865640750497e-09,1.4729143821279322,1.472914396810472,1.4682539850596754e-08,0.26825403712238405,0.2682540378391782,7.167941795671595e-10,-0.04248670387382858,-0.04248670381214008,6.168850152921124e-11,-0.34760490030281976,-0.34760502996511466,-1.2966229490096737e-07
1.0468333333333333,1.0377777777777777,0.04,-0.7,2.0,0.3,0.04,0.01,19461,-0.35007603283912503,-0.3500760273995021,5.4396229187680945e-09,1.3227805156779127,1.3227804851547367,-3.052317598672971e-08,0.26242726652754567,0.26242726698794994,4.604042702638367e-10,-0.036425465222492126,-0.03642546518354244,3.8949683756062115e-11,-0.44514331740366786,-0.4451434523764998,-1.349728319666177e-07
1.335,1.0377777777777777,0.04,-0.7,2.0,0.3,0.04,0.01,19487,-0.34967207828653923,-0.34967207381978654,4.466752689946674e-09,1.1828965307270067,1.1828965799312836,4.9204276875158826e-08,0.24986122356254747,0.24986122387921,3.166625295314418e-10,-0.029426639351903816,-0.029426639304464423,4.743939269191699e-11,-0.5834500998613129,-0.5834502482453231,-1.4838401019012792e-07
1.43475,1.0377777777777777,0.04,-0.7,2.0,0.3,0.04,0.01,19496,-0.3494370048442996,-0.3494370005991487,4.245150952986165e-09,1.1476771477614278,1.1476771403914074,-7.370020371766373e-09,0.2451232121790381,0.2451232124797737,3.007356030870767e-10,-0.02753731531038306,-0.02753731526448878,4.58942779613114e-11,-0.6306557313889155,-0.6306558853694644,-1.5398054886706092e-07
0.04933333333333333,1.04,0.04,-0.7,2.0,0.3,0.04,0.01,19552,-0.32548141605030084,-0.32548138399895116,3.205134968542467e-08,3.9518189685894267,3.9518191125057034,1.4391627667365015e-07,0.026745194191893362,0.026745195166595986,9.74702624167989e-10,-0.1451697878122188,-0.14516968806049635,9.975172243770203e-08,0.009785855099413154,0.009785650305779452,-2.047936337023354e-07
0.10475000000000001,1.04,0.04,-0.7,2.0,0.3,0.04,0.01,19557,-0.3453275352690785,-0.34532751645519777,1.881388073110557e-08,3.363066056194519,3.3630662978803536,2.4168583445671743e-07,0.0889967908999402,0.08899679366832311,2.768382911799705e-09,-0.07949570036559772,-0.07949567927646407,2.1089133647733682e-08,-0.0266720708879363,-0.026672264439590053,-1.935516537529547e-07
0.271,1.04,0.04,-0.7,2.0,0.3,0.04,0.01,19572,-0.3509198132624,-0.35091980482482177,8.43757824720015e-09,2.6283343702859785,2.628334601903381,2.316174025907003e-07,0.20844926354221527,0.20844926707195216,3.5297368916609173e-09,-0.06383101956386472,-0.06383102092345276,-1.3595880393735271e-09,-0.08452718300529238,-0.08452733546280003,-1.5245750764614208e-07
0.34858333333333336,1.04,0.04,-0.7,2.0,0.3,0.04,0.01,19579,-0.3521454370476393,-0.3521454292100748,7.837564486301574e-09,2.32091748805785,2.3209176999065555,2.118487056890217e-07,0.23520896983996592,0.23520897265854723,2.818581312791224e-09,-0.0652761609112873,-0.06527616214643957,-1.2351522721276709e-09,-0.11197826573772218,-0.11197840705241995,-1.4131469776301753e-07
0.50375,1.04,0.04,-0.7,2.0,0.3,0.04,0.01,19593,-0.35089531005363245,-0.35089530174872424,8.30490820558083e-09,1.9160610091606411,1.91606099403205,-1.5128591046575934e-08,0.2602991458370077,0.26029914761093526,1.7739275604000682e-09,-0.057934907750634146,-0.057934907707713285,4.292086130952555e-11,-0.17849264781873847,-0.17849277988906073,-1.3207032226181248e-07
0.6035,1.04,0.04,-0.7,2.0,0.3,0.04,0.01,19602,-0.34963766248456013,-0.3496376545244561,7.960104020376946e-09,1.746591694190558,1.7465917599443128,6.575375488537816e-08,0.26662733570003566,0.2666273370555964,1.3555607192294872e-09,-0.05237506523151497,-0.052375065051551005,1.7996396733943598e-10,-0.22581601323668626,-0.22581614292929064,-1.296926043781177e-07
0.7365,1.04,0.04,-0.7,2.0,0.3,0.04,0.01,19614,-0.34829341368905475,-0.34829340651584934,7.173205418542494e-09,1.575325010716444,1.575325045220077,3.450363306178872e-08,0.269224340027803,0.2692243409784569,9.506538889425542e-10,-0.0464652221807485,-0.04646522207063137,1.1011713069164486e-10,-0.290789135064147,-0.29078926376563885,-1.2870149185273405e-07
0.9803333333333334,1.04,0.04,-0.7,2.0,0.3,0.04,0.01,19636,-0.34721144035361473,-0.34721143455645465,5.797160085307951e-09,1.3589764771837487,1.3589765192324534,4.2048704740338394e-08,0.26480524659526494,0.26480524711488085,5.196159058584726e-10,-0.038339512826793265,-0.03833951278376847,4.302479206241827e-11,-0.41023994312668066,-0.4102400757074616,-1.3258078096489712e-07
1.2574166666666666,1.04,0.04,-0.7,2.0,0.3,0.04,0.01,19661,-0.34710273062350805,-0.347102725906984,4.716524060199845e-09,1.2078692282480041,1.2078692283354002,8.739609036467755e-11,0.2535491934952533,0.25354919383005414,3.3480085370740653e-10,-0.031093826434042127,-0.031093826386732127,4.730999966784388e-11,-0.5435854611215984,-0.5435856050882014,-1.439666029723341e-07
1.3239166666666666,1.04,0.04,-0.7,2.0,0.3,0.04,0.01,19667,-0.34706079449380034,-0.34706078996562023,4.5281801086538565e-09,1.1811143882378694,1.18111437819568,-1.0042189302339466e-08,0.2504686349775326,0.2504686352934147,3.1588209825628155e-10,-0.0296570742888691,-0.029657074245269918,4.3599183291442856e-11,-0.5751721113542163,-0.5751722587724885,-1.47418272145039e-07
1.8559166666666667,1.04,0.04,-0.7,2.0,0.3,0.04,0.01,19715,-0.34474121055942664,-0.3447412068440986,3.7153280452173476e-09,1.0299428629401142,1.0299428257457952,-3.7194318958100325e-08,0.2256447681545093,0.2256447684672522,3.127429148985783e-10,-0.022415803805075907,-0.022415803773084497,3.1991409521481273e-11,-0.8234226062421579,-0.8234227858608942,-1.7961873632899028e-07
0.28208333333333335,1.0422222222222222,0.04,-0.7,2.0,0.3,0.04,0.01,19754,-0.3455128220387904,-0.34551281324667704,8.79211337068142e-09,2.5691277272255064,2.5691278255445584,9.831905201096447e-08,0.21298388469780105,0.21298388813370414,3.435903089821224e-09,-0.06430985042514548,-0.06430985194787255,-1.522727069436236e-09,-0.08695202280823572,-0.08695217410208633,-1.51293850614298e-07
0.5148333333333334,1.0422222222222222,0.04,-0.7,2.0,0.3,0.04,0.01,19775,-0.3465548074773478,-0.346554799067054,8.410293794725021e-09,1.88367063058692,1.8836707442968201,1.1370990016246196e-07,0.26118470296189467,0.26118470467802807,1.7161334020521224e-09,-0.05730445068023032,-0.05730445060545367,7.477665014965496e-11,-0.18180030438522815,-0.1818004364110244,-1.3202579624005395e-07
1.0025,1.0422222222222222,0.04,-0.7,2.0,0.3,0.04,0.01,19819,-0.34420445662181054,-0.34420445087651824,5.745292297465454e-09,1.3362541073647094,1.3362541993590649,9.199435546669577e-08,0.2640796463159595,0.2640796468128464,4.968869204979853e-10,-0.037691774131196065,-0.037691774092080445,3.911562046488015e-11,-0.4184496083201733,-0.4184497414026553,-1.3308248197896333e-07
1.0135833333333333,1.0422222222222222,0.04,-0.7,2.0,0.3,0.04,0.01,19820,-0.3442088619527023,-0.34420885626192566,5.6907766277092264e-09,1.3290066894211527,1.329006624081393,-6.53397598249228e-08,0.26369568540109134,0.26369568588216796,4.810766229823571e-10,-0.03737149646472482,-0.037371496423704895,4.101992356897455e-11,-0.4238146958910477,-0.42381482932616615,-1.3343511845453904e-07
1.56775,1.0422222222222222,0.04,-0.7,2.0,0.3,0.04,0.01,19870,-0.344041439606646,-0.3440414355356086,4.071037396080612e-09,1.0964042201910829,1.0964042177984563,-2.39262654133654e-09,0.23900937713504378,0.2390093774240977,2.8905391968869765e-10,-0.025468007263940162,-0.025468007221380512,4.2559650248463754e-11,-0.6864869738751334,-0.6864871348334888,-1.6095835542184744e-07
1.734,1.0422222222222222,0.04,-0.7,2.0,0.3,0.04,0.01,19885,-0.34327218158373973,-0.34327217773076696,3.8529727741654085e-09,1.0533937819245942,1.0533937245261162,-5.739847797059383e-08,0.23126589338617887,0.23126589368296052,2.9678165480717666e-10,-0.023500348795557624,-0.023500348761582735,3.39748888744662e-11,-0.7635622584698659,-0.7635624297054622,-1.7123559625797924e-07
1.7783333333333333,1.0422222222222222,0.04,-0.7,2.0,0.3,0.04,0.01,19889,-0.3429993588258129,-0.3429993550193963,3.806416570828475e-09,1.0428174213039654,1.0428174004610138,-2.084295158688576e-08,0.22924879688246413,0.22924879718705726,3.0459312849728803e-10,-0.02307921467541163,-0.023079214642898905,3.251272515103487e-11,-0.7840238085428386,-0.7840239825968073,-1.7405396868230838e-07
1.90025,1.0422222222222222,0.04,-0.7,2.0,0.3,0.04,0.01,19900,-0.34211415894915,-0.34211415526115313,3.6879968523528817e-09,1.0151108550959798,1.015110918476144,6.338016422802184e-08,0.22383397062487875,0.2238339709422617,3.1738295325212107e-10,-0.022110846436829146,-0.02211084640868323,2.814591615329931e-11,-0.8401400260379943,-0.8401402079974865,-1.819594921403933e-07
1.9113333333333333,1.0422222222222222,0.04,-0.7,2.0,0.3,0.04,0.01,19901,-0.34202450999734624,-0.3420245063177275,3.6796187208310016e-09,1.0126764288242995,1.0126763922372932,-3.6587006313482107e-08,0.223352099490981,0.22335209980662035,3.1563934799194726e-10,-0.022035245560159122,-0.02203524553448023,2.5678893039726702e-11,-0.8452321911186361,-0.8452323738068215,-1.826881853572715e-07
1.96675,1.0422222222222222,0.04,-0.7,2.0,0.3,0.04,0.01,19906,-0.3415552327788729,-0.3415552291437984,3.6350745191704448e-09,1.0006800332806876,1.000680118373242,8.509255433608587e-08,0.22097030489554026,0.22097030522099365,3.2545338646272626e-10,-0.021684797734816685,-0.021684797714270697,2.054598852163636e-11,-0.8706745181501219,-0.8706747045156675,-1.863655456624258e-07
0.03825,1.0444444444444445,0.04,-0.7,2.0,0.3,0.04,0.01,19913,-0.2935113657956401,-0.2935113223982465,4.339739356762351e-08,3.9779746843771058,3.977974856898263,1.7252115735999496e-07,0.012461176407303765,0.01246117692385104,5.165472754392608e-10,-0.16612289831834798,-0.1661227777035659,1.2061478207869847e-07,0.019357537740030684,0.01935732916331465,-2.08576716034109e-07
0.10475000000000001,1.0444444444444445,0.04,-0.7,2.0,0.3,0.04,0.01,19919,-0.33049520129401627,-0.33049518086592505,2.0428091218605005e-08,3.3107664866582898,3.310766725786411,2.391281213043328e-07,0.08875989514857408,0.08875989790532872,2.756754644006598e-09,-0.07912820915712687,-0.07912818951039396,1.964673290721919e-08,-0.02570038058143792,-0.02570057614675514,-1.9556531721809378e-07
0.19341666666666668,1.0444444444444445,0.04,-0.7,2.0,0.3,0.04,0.01,19927,-0.33474575049076416,-0.33474573570430344,1.4786460722504557e-08,2.9250095755217753,2.925009861050694,2.85528918730904e-07,0.16422422136695702,0.1642242252264887,3.859531666483562e-09,-0.05905501098859081,-0.05905500640106428,4.587526532262576e-09,-0.05877400922811929,-0.058774183410312576,-1.741821932868537e-07
0.31533333333333335,1.0444444444444445,0.04,-0.7,2.0,0.3,0.04,0.01,19938,-0.3410721716191889,-0.3410721628280826,8.791106287375783e-09,2.4216832678058964,2.4216834117248442,1.439189478702474e-07,0.22506100404318802,0.2250610071674885,3.124300484991238e-09,-0.06523568755301135,-0.06523568912162625,-1.5686149046345577e-09,-0.09698358122409156,-0.09698372799295997,-1.4676886840592207e-07
0.4926666666666667,1.0444444444444445,0.04,-0.7,2.0,0.3,0.04,0.01,19954,-0.3424723510082883,-0.3424723424196764,8.588611932758283e-09,1.9155379171742482,1.9155379766146277,5.944037950733616e-08,0.25906555610622634,0.25906555792956915,1.8233428100700166e-09,-0.05862861248616402,-0.058628612489024304,-2.8602814561295986e-12,-0.16980438052514174,-0.16980451365121846,-1.3312607671789323e-07
1.0579166666666666,1.0444444444444445,0.04,-0.7,2.0,0.3,0.04,0.01,20005,-0.3413542962700522,-0.34135429073585327,5.534198932455325e-09,1.2941264809773756,1.2941265050529263,2.40755506641932e-08,0.2620931804883653,0.2620931809280179,4.3965264762135803e-10,-0.036116176640524356,-0.036116176599488625,4.103573036928765e-11,-0.44259815532229907,-0.44259829005543155,-1.3473313248413277e-07
1.069,1.0444444444444445,0.04,-0.7,2.0,0.3,0.04,0.01,20006,-0.34137842550123476,-0.3413784200165192,5.484715570602816e-09,1.2876557001217925,1.2876556978348934,-2.2868991145230666e-09,0.2616710361359742,0.2616710365660346,4.300603761997479e-10,-0.035810378399628306,-0.0358103783593717,4.025660360618133e-11,-0.447924697000307,-0.447924832129118,-1.3512881097410556e-07
1.0800833333333333,1.0444444444444445,0.04,-0.7,2.0,0.3,0.04,0.01,20007,-0.3414029380450351,-0.34140293260635823,5.43867684221766e-09,1.2813157659885555,1.2813159080806815,1.420921260653074e-07,0.2612419201868804,0.2612419206123007,4.2542031009062953e-10,-0.03550756370304664,-0.03550756366355571,3.9490931358354686e-11,-0.45324654124628827,-0.4532466767849332,-1.3553864491866463e-07
1.56775,1.0444444444444445,0.04,-0.7,2.0,0.3,0.04,0.01,20051,-0.3416110293678887,-0.3416110252742982,4.093590466602848e-09,1.0909593922692196,1.0909594925899477,1.0032072816912319e-07,0.23911213150359933,0.2391121317905658,2.8696647835779743e-10,-0.02547485111949188,-0.025474851073114934,4.637694742126719e-11,-0.6831783485802823,-0.683178509072371,-1.6049208872992438e-07
1.6231666666666666,1.0444444444444445,0.04,-0.7,2.0,0.3,0.04,0.01,20056,-0.341433475836983,-0.341433471822465,4.014518051320692e-09,1.0760446339519447,1.0760446503543495,1.6402404767745793e-08,0.2365107019883239,0.23651070227663396,2.883100425066232e-10,-0.02474792806558823,-0.024747928023219398,4.236883413555326e-11,-0.708867915970024,-0.7088680798134201,-1.638433961836938e-07
1.9113333333333333,1.0444444444444445,0.04,-0.7,2.0,0.3,0.04,0.01,20082,-0.339779578565208,-0.33977957487022714,3.69498087682274e-09,1.007758862470176,1.007758870963957,8.493781011864598e-09,0.22348357338122793,0.22348357370063548,3.194075559598275e-10,-0.022052824783236336,-0.022052824756268158,2.6968177690989137e-11,-0.8415172748115624,-0.8415174569232466,-1.8211168428816649e-07
1.9556666666666667,1.0444444444444445,0.04,-0.7,2.0,0.3,0.04,0.01,20086,-0.3394282010085736,-0.3394281973495472,3.6590264151925567e-09,0.9981906773370852,0.9981907474425589,7.010547364849629e-08,0.22157679888910875,0.22157679921010862,3.209998655773205e-10,-0.021770047971131357,-0.021770047945360617,2.577073970888577e-11,-0.8618249074807821,-0.8618250925187219,-1.850379397483337e-07
2.0,1.0444444444444445,0.04,-0.7,2.0,0.3,0.04,0.01,20090,-0.3390550372370932,-0.33905503361972006,3.6173731232658213e-09,0.9887950777609511,0.9887949969228651,-8.083808600289899e-08,0.21969979921508676,0.21969979954079688,3.257101255371708e-10,-0.021514890565996203,-0.02151489054486383,2.113237362877385e-11,-0.882116057791052,-0.8821162457901756,-1.8799912360201176e-07
0.76975,1.0466666666666666,0.04,-0.7,2.0,0.3,0.04,0.01,20160,-0.3378742246726296,-0.3378742174953391,7.177290539672754e-09,1.5111428025571527,1.5111428332343093,3.067715659277326e-08,0.26904823055652616,0.26904823141226125,8.557350938964703e-10,-0.045231983430288336,-0.04523198333307021,9.721812938012775e-11,-0.30043832818849037,-0.3004384570271155,-1.2883862515744582e-07
0.8695,1.0466666666666666,0.04,-0.7,2.0,0.3,0.04,0.01,20169,-0.33795599647022667,-0.33795598990810805,6.562118626263214e-09,1.4189280680976246,1.4189281026114489,3.451382424302096e-08,0.26776305007476797,0.2677630507414331,6.666651120035283e-10,-0.04177711755579128,-0.04177711750282034,5.297093319533985e-11,-0.34899978923884356,-0.3489999189583189,-1.297194753280273e-07
1.0246666666666666,1.0466666666666666,0.04,-0.7,2.0,0.3,0.04,0.01,20183,-0.3383730340306146,-0.3383730282951005,5.735514063687219e-09,1.306743876994254,1.3067438549031247,-2.2091129370238605e-08,0.2633143066890775,0.26331430715602383,4.669463149475916e-10,-0.03704537223786497,-0.037045372197448724,4.041624673822852e-11,-0.4240161232232226,-0.42401625663141035,-1.334081877746307e-07
1.1244166666666666,1.0466666666666666,0.04,-0.7,2.0,0.3,0.04,0.01,20192,-0.3387165957018101,-0.3387165904055324,5.2962776941889445e-09,1.2501677970622183,1.25016784306131,4.5999091646820034e-08,0.25948393467527253,0.25948393506492784,3.896553080195986e-10,-0.034320365682391496,-0.03432036564023163,4.215986587619014e-11,-0.4717761849809543,-0.471776321998797,-1.3701784268294048e-07
1.1576666666666666,1.0466666666666666,0.04,-0.7,2.0,0.3,0.04,0.01,20195,-0.3388272901384132,-0.3388272849719948,5.166418348689916e-09,1.2334754814768978,1.2334754584322083,-2.304468948999272e-08,0.2580985436740485,0.2580985440439062,3.698577000221803e-10,-0.03346759619500539,-0.03346759615312746,4.1877931677980484e-11,-0.48761241628857144,-0.48761255468828185,-1.3839971041429422e-07
1.5788333333333333,1.0466666666666666,0.04,-0.7,2.0,0.3,0.04,0.01,20233,-0.3391678170085871,-0.3391678129055827,4.103004436206703e-09,1.0824593763003598,1.0824594595697323,8.326937250835442e-08,0.23868694637954602,0.23868694666417356,2.84627543756244e-10,-0.025329146409319714,-0.02532914636872188,4.059783412224682e-11,-0.6850111234316114,-0.6850112841206962,-1.6068908481603472e-07
1.6564166666666666,1.0466666666666666,0.04,-0.7,2.0,0.3,0.04,0.01,20240,-0.33893788206451614,-0.3389378780753803,3.989135854975956e-09,1.0621401758115212,1.0621402260292672,5.0217745961589344e-08,0.23506590112583325,0.23506590141185713,2.8602387125431505e-10,-0.024356460679858527,-0.024356460641548422,3.8310105088257274e-11,-0.7208421373568891,-0.7208423027424531,-1.6538556402156956e-07
1.8891666666666667,1.0466666666666666,0.04,-0.7,2.0,0.3,0.04,0.01,20261,-0.33770185788394025,-0.3377018541569964,3.726943864634791e-09,1.00765145255588,1.0076514636690073,1.1113127307282866e-08,0.2245717723031726,0.2245717726145737,3.1140109935101634e-10,-0.022221270905703472,-0.022221270879937485,2.5765986566561594e-11,-0.8276784658617364,-0.8276786459520565,-1.8009032010102288e-07
1.9224166666666667,1.0466666666666666,0.04,-0.7,2.0,0.3,0.04,0.01,20264,-0.3374652196427852,-0.337465215947863,3.6949222015358885e-09,1.0004278488962015,1.000427853772105,4.875903458767539e-09,0.22313010003952027,0.22313010035577446,3.1625418950298467e-10,-0.021996198872678563,-0.02199619884758785,2.5090714228515054e-11,-0.8428814830514775,-0.8428816653150079,-1.822635303794229e-07
0.16016666666666668,1.048888888888889,0.04,-0.7,2.0,0.3,0.04,0.01,20286,-0.31972915780477396,-0.3197291383327697,1.9472004231246842e-08,2.996582701420003,2.996582866819784,1.653997809825114e-07,0.1386754458247881,0.13867544948458166,3.659793551546997e-09,-0.0603433152796852,-0.06034330570840609,9.571279109554798e-09,-0.046615182826507257,-0.04661536923348967,-1.8640698241229048e-07
0.44833333333333336,1.048888888888889,0.04,-0.7,2.0,0.3,0.04,0.01,20312,-0.3336844778097786,-0.3336844687785851,9.031193515252056e-09,1.9886022412096693,1.9886022908323482,4.9622678854888136e-08,0.2536366657468134,0.2536366678199575,2.0731441008337015e-09,-0.061192312195389176,-0.06119231244879313,-2.534039575396996e-10,-0.14664690168007116,-0.14664703761942266,-1.3593935149769365e-07
0.48158333333333336,1.048888888888889,0.04,-0.7,2.0,0.3,0.04,0.01,20315,-0.3339467210569311,-0.3339467121217314,8.935199691251228e-09,1.9149332612655723,1.9149332902442664,2.8978694111003733e-08,0.25763894008507676,0.25763894196399434,1.8789175770805855e-09,-0.05927761731031739,-0.059277617368994714,-5.867732688624727e-11,-0.16129525125228167,-0.16129538555022488,-1.3429794321062616e-07
0.5259166666666667,1.048888888888889,0.04,-0.7,2.0,0.3,0.04,0.01,20319,-0.334150089587211,-0.3341500808271378,8.760073166858007e-09,1.828887163241033,1.8288871574557604,-5.785272705338684e-09,0.2617212040789338,0.2617212057346958,1.655762027485963e-09,-0.056674409353446586,-0.05667440925658459,9.686199758940361e-11,-0.18145656443500913,-0.18145669700425046,-1.3256924133453474e-07
0.7919166666666667,1.048888888888889,0.04,-0.7,2.0,0.3,0.04,0.01,20343,-0.3345780206919294,-0.3345780135865085,7.105420862796308e-09,1.479617969118996,1.479617953380464,-1.5738531811138046e-08,0.2688393949825188,0.26883939578697075,8.044519494987412e-10,-0.044422469424494626,-0.044422469342263335,8.22312912207579e-11,-0.30899924602766776,-0.30899937494542395,-1.2891775619250367e-07
1.1244166666666666,1.048888888888889,0.04,-0.7,2.0,0.3,0.04,0.01,20373,-0.33594631156125265,-0.33594630622200256,5.339250097602388e-09,1.2430790563566774,1.2430790629258877,6.569210286855309e-09,0.2594953612698042,0.259495361652896,3.830917805203171e-10,-0.03431154168502537,-0.034311541642038694,4.298667671820411e-11,-0.4690759766289021,-0.46907611338945215,-1.3676055005129584e-07
1.43475,1.048888888888889,0.04,-0.7,2.0,0.3,0.04,0.01,20401,-0.3368441833849489,-0.33684417898948876,4.395460162509579e-09,1.1188675208551047,1.11886754156631,2.0711205417356382e-08,0.24555184184781031,0.2455518421345177,2.8670738005942553e-10,-0.027549522109565627,-0.02754952206211312,4.745250720139538e-11,-0.6149654213187528,-0.6149655732365552,-1.5191780244894204e-07
1.5899166666666666,1.048888888888889,0.04,-0.7,2.0,0.3,0.04,0.01,20415,-0.3367481332139377,-0.33674812910793295,4.106004758419601e-09,1.0740074551929268,1.074007431423047,-2.376987984220591e-08,0.23825777516112145,0.23825777544497237,2.838509149949431e-10,-0.025186030674501092,-0.025186030631893307,4.260778535547516e-11,-0.6868251069735293,-0.6868252678556444,-1.608821150744788e-07
1.70075,1.048888888888889,0.04,-0.7,2.0,0.3,0.04,0.01,20425,-0.3364337896825248,-0.33643378573243693,3.950087867909957e-09,1.0458509405730787,1.0458509989876241,5.841454542299118e-08,0.2331218815338626,0.23312188182011742,2.862548253990127e-10,-0.0238733628565857,-0.02387336282042582,3.61598806453145e-11,-0.7378129141787093,-0.7378130817897418,-1.6761103249773868e-07
1.9113333333333333,1.048888888888889,0.04,-0.7,2.0,0.3,0.04,0.01,20444,-0.33532259675575493,-0.3353225930372762,3.7184787471389313e-09,0.9978718878977944,0.9978719149571514,2.705935708835483e-08,0.22372805148128394,0.22372805179449173,3.132077930345645e-10,-0.022084760883597787,-0.02208476085719584,2.6401946601195547e-11,-0.8341254903099921,-0.834125671271064,-1.8096107190501698e-07
2.0,1.048888888888889,0.04,-0.7,2.0,0.3,0.04,0.01,20452,-0.334681873235404,-0.3346818695950334,3.640370616064814e-09,0.9791200850095549,0.97912006779108,-1.721847497915263e-08,0.21995410847706898,0.21995410879876592,3.2169694685890704e-10,-0.021551270161443425,-0.02155127014081683,2.06265941826711e-11,-0.8745327433723471,-0.8745329301684776,-1.8679613045247123e-07
0.23775000000000002,1.051111111111111,0.04,-0.7,2.0,0.3,0.04,0.01,20474,-0.3192872186697469,-0.31928720452596154,1.414378536512828e-08,2.6956245399029077,2.6956247993311964,2.594282886292376e-07,0.19070210768721424,0.19070211144752908,3.760314837286671e-09,-0.060964665815361335,-0.060964665643512175,1.718491599023153e-10,-0.0689216555569902,-0.06892182059055645,-1.6503356624342214e-07
0.2931666666666667,1.051111111111111,0.04,-0.7,2.0,0.3,0.04,0.01,20479,-0.3236814934869797,-0.3236814823992258,1.1087753937211176e-08,2.470317038427705,2.4703171211379993,8.271029416917486e-08,0.2163333495484171,0.21633335288626032,3.337843224038295e-09,-0.06431806235149273,-0.06431806395262245,-1.6011297149232107e-09,-0.0857162298435743,-0.08571638259708973,-1.5275351543386773e-07
0.4261666666666667,1.051111111111111,0.04,-0.7,2.0,0.3,0.04,0.01,20491,-0.3289049224098478,-0.32890491307993575,9.329912065147994e-09,2.0307297385335765,2.0307297559564703,1.7422893794361016e-08,0.2502075260412545,0.2502075282509357,2.209681160270094e-09,-0.062347331575077214,-0.06234733201142441,-4.3634719448792936e-10,-0.13556014394323912,-0.13556028167338227,-1.3773014315154875e-07
0.4594166666666667,1.051111111111111,0.04,-0.7,2.0,0.3,0.04,0.01,20494,-0.32943659394789326,-0.3294365847487033,9.19918996533653e-09,1.9509231133363336,1.9509232476560725,1.34319738887001e-07,0.25488077302033424,0.2548807750225499,2.0022156710375327e-09,-0.06054145502122632,-0.06054145520347347,-1.8224714792847152e-10,-0.149800416200975,-0.14980055196757142,-1.3576659640968103e-07
0.83625,1.051111111111111,0.04,-0.7,2.0,0.3,0.04,0.01,20528,-0.3315149724991695,-0.331514965609031,6.890138515291966e-09,1.4294717118334965,1.4294717776849488,6.585145229109912e-08,0.26824038212448775,0.268240382836082,7.115942279867227e-10,-0.042869052114223594,-0.042869052052637496,6.158609733297737e-11,-0.3282347720687945,-0.3282349012657682,-1.2919697373048322e-07
0.8916666666666667,1.051111111111111,0.04,-0.7,2.0,0.3,0.04,0.01,20533,-0.33181029228265824,-0.3318102857334776,6.549180642245744e-09,1.3834651091393368,1.3834649948615287,-1.1427780810535637e-07,0.26718414957660475,0.26718415019934205,6.227373061662433e-10,-0.041043713157884465,-0.04104371310647231,5.141215231319052e-11,-0.35501428538753377,-0.35501441528523325,-1.2989769948568153e-07
0.9581666666666667,1.051111111111111,0.04,-0.7,2.0,0.3,0.04,0.01,20539,-0.33219613708938833,-0.3321961309206465,6.1687418506650715e-09,1.334451378565138,1.3344513808617593,2.296621337549709e-09,0.26543617621929694,0.2654361767497998,5.305028638602494e-10,-0.03897678488434808,-0.03897678484453134,3.9816740182718746e-11,-0.387033774316356,-0.3870339055359616,-1.312196056257875e-07
0.9914166666666667,1.051111111111111,0.04,-0.7,2.0,0.3,0.04,0.01,20542,-0.33239688349187557,-0.33239687749897384,5.992901730422773e-09,1.312206268644367,1.3122063047667065,3.6122339563959827e-08,0.2644028885889771,0.26440288908218174,4.932046437922111e-10,-0.03798690075142164,-0.03798690070819561,4.3226026924525485e-11,-0.40298695332167955,-0.4029870853858057,-1.3206412613486762e-07
1.1798333333333333,1.051111111111111,0.04,-0.7,2.0,0.3,0.04,0.01,20559,-0.333493049523223,-0.333493044366074,5.157148985635018e-09,1.2092214160541737,1.2092213473948443,-6.865932933308727e-08,0.2571885671490831,0.25718856750368535,3.546022364631085e-10,-0.03289678748803759,-0.032896787444124456,4.391313701557209e-11,-0.49260653179901415,-0.49260667058191515,-1.3878290100466373e-07
1.3904166666666666,1.051111111111111,0.04,-0.7,2.0,0.3,0.04,0.01,20578,-0.33428622075490355,-0.33428621623225674,4.522646812610276e-09,1.1272645067395004,1.127264577610601,7.087110054371237e-08,0.24768697666141537,0.24768697695042677,2.890113981468545e-10,-0.02834347115329705,-0.02834347110330112,4.9995931006296956e-11,-0.5912682298817029,-0.5912683789699327,-1.4908822976167357e-07
1.4236666666666666,1.051111111111111,0.04,-0.7,2.0,0.3,0.04,0.01,20581,-0.33434797322109966,-0.3343479687805491,4.4405505383871e-09,1.1164854679668323,1.1164853743711767,-9.35956556702422e-08,0.24613283030369693,0.24613283058914978,2.854528557971747e-10,-0.027741023871652448,-0.027741023825585805,4.606664355533141e-11,-0.6067182335962179,-0.6067183844875164,-1.50891298456024e-07
1.5234166666666666,1.051111111111111,0.04,-0.7,2.0,0.3,0.04,0.01,20590,-0.3344178788824287,-0.3344178746425438,4.239884887624612e-09,1.0866706437462348,1.086670657608526,1.3862291314836739e-08,0.2414524497676429,0.24145245004955063,2.819077193905173e-10,-0.02612064140150583,-0.026120641356685986,4.481984228199565e-11,-0.6528850941889264,-0.6528852507058456,-1.5651691920304245e-07
1.8226666666666667,1.051111111111111,0.04,-0.7,2.0,0.3,0.04,0.01,20617,-0.333611321129898,-0.33361131730873594,3.821162053441185e-09,1.012294838231842,1.0122948339432745,-4.28856750112061e-09,0.2277214014007739,0.22772140169922395,2.984500424574321e-10,-0.022750214028338656,-0.02275021399789494,3.044371699179038e-11,-0.7900676504767057,-0.7900678251815331,-1.7470482738257687e-07
1.9556666666666667,1.051111111111111,0.04,-0.7,2.0,0.3,0.04,0.01,20629,-0.33282249050831103,-0.33282248682213245,3.686178584594302e-09,0.9835010333913985,0.9835009847664427,-4.862495583957127e-08,0.22194229327483772,0.22194229359055806,3.1572033876159367e-10,-0.021819840328660134,-0.021819840307453174,2.1206959799346947e-11,-0.850611526334033,-0.8506117096088668,-1.8327483375379927e-07
0.14908333333333335,1.0533333333333332,0.04,-0.7,2.0,0.3,0.04,0.01,20647,-0.30577220987679926,-0.305772187768246,2.2108553265898223e-08,2.979655434193207,2.9796556502327176,2.160395107253521e-07,0.1288695947379223,0.128869598261537,3.5236146778139243e-09,-0.06184822285544567,-0.06184821197783057,1.0877615100324256e-08,-0.041370037253754544,-0.04137022888240887,-1.9162865432659215e-07
0.3264166666666667,1.0533333333333332,0.04,-0.7,2.0,0.3,0.04,0.01,20663,-0.3204590676500127,-0.3204590569151469,1.0734865774075786e-08,2.3276204706712544,2.327620613592127,1.429208724701425e-07,0.2275193017314825,0.2275193047534291,3.0219466096159664e-09,-0.06495975657862252,-0.06495975810274929,-1.5241267692367444e-09,-0.0955904328322349,-0.09559058101183851,-1.4817960361512839e-07
0.3929166666666667,1.0533333333333332,0.04,-0.7,2.0,0.3,0.04,0.01,20669,-0.3234572648948969,-0.32345725508964035,9.80525655114306e-09,2.1086275572845814,2.1086276547171803,9.743259887784461e-08,0.24409571256316098,0.24409571501420663,2.4510456442250472e-09,-0.0637924763576686,-0.06379247714025205,-7.825834424934897e-10,-0.12041280881103927,-0.12041294956183222,-1.40750792951283e-07
0.5813333333333334,1.0533333333333332,0.04,-0.7,2.0,0.3,0.04,0.01,20686,-0.32660768733303036,-0.32660767863603773,8.696992626067157e-09,1.7135350124930504,1.7135350271322414,1.463919097055566e-08,0.26495834843428406,0.2649583498473052,1.4130211445362306e-09,-0.0535570937938018,-0.053557093627871824,1.6592997809095067e-10,-0.2035822645766322,-0.20358239598154593,-1.314049137279838e-07
0.8695,1.0533333333333332,0.04,-0.7,2.0,0.3,0.04,0.01,20712,-0.32858477790900786,-0.32858477117251345,6.736494417847183e-09,1.39231992601907,1.3923199566486164,3.062954645471905e-08,0.2675822506074954,0.2675822512589214,6.514259687229185e-10,-0.04174735861832424,-0.04174735856135036,5.6973877005095375e-11,-0.341983784192465,-0.3419839136896197,-1.2949715472165835e-07
1.0800833333333333,1.0533333333333332,0.04,-0.7,2.0,0.3,0.04,0.01,20731,-0.33014373357981297,-0.3301437279747711,5.605041875078598e-09,1.2518569181274586,1.2518570095338484,9.140638979054927e-08,0.2612275852509338,0.2612275856592807,4.0834691183988525e-10,-0.03546571877968696,-0.03546571873652627,4.3160690299526294e-11,-0.442709891769269,-0.4427100263947222,-1.346254531742197e-07
1.43475,1.0533333333333332,0.04,-0.7,2.0,0.3,0.04,0.01,20763,-0.3318975679117431,-0.33189756347265525,4.439087819552157e-09,1.107087299612175,1.1070873540810955,5.4468920485106764e-08,0.24566742498233207,0.24566742526225022,2.799181442192378e-10,-0.027543394366391638,-0.027543394321096006,4.529563182864571e-11,-0.6087684604871163,-0.608768611578735,-1.5109161866089238e-07
1.8226666666666667,1.0533333333333332,0.04,-0.7,2.0,0.3,0.04,0.01,20798,-0.33136744695558273,-0.3313674431192397,3.8363430210353044e-09,1.007189079360593,1.0071890881653054,8.804712292587169e-09,0.22782171878142632,0.2278217190740465,2.926201780883986e-10,-0.02276086734184779,-0.022760867308374497,3.347329358138751e-11,-0.7865025120363384,-0.7865026861903105,-1.741539721322738e-07
0.23775000000000002,1.0555555555555556,0.04,-0.7,2.0,0.3,0.04,0.01,20836,-0.3073942360869337,-0.30739422002422834,1.6062705388009135e-08,2.655363332340621,2.655363655694733,3.2335411193074037e-07,0.18990253168107984,0.18990253543128877,3.750208921182718e-09,-0.060534934306962634,-0.06053493403432753,2.7263510199437846e-10,-0.06692186331265504,-0.06692203044843067,-1.6713577563609583e-07
0.31533333333333335,1.0555555555555556,0.04,-0.7,2.0,0.3,0.04,0.01,20843,-0.31452352492418456,-0.3145235132918429,1.1632341645473332e-08,2.353910448504859,2.353910565470735,1.1696587609577591e-07,0.22360265019213954,0.22360265331791085,3.1257713084542615e-09,-0.06465750406449422,-0.06465750566642767,-1.6019334470041002e-09,-0.09052694555616858,-0.09052709615478294,-1.5059861435684496e-07
0.44833333333333336,1.0555555555555556,0.04,-0.7,2.0,0.3,0.04,0.01,20855,-0.32055040239700044,-0.3205503926991776,9.69782282256304e-09,1.9511734110355672,1.9511734140346455,2.9990783190214643e-09,0.25296820507794693,0.2529682071410009,2.0630539498966982e-09,-0.06107469111827496,-0.061074691389824805,-2.7154984511001956e-10,-0.14172736884109083,-0.1417275060829205,-1.3724182967855825e-07
0.6810833333333334,1.0555555555555556,0.04,-0.7,2.0,0.3,0.04,0.01,20876,-0.32382517399485305,-0.32382516590112775,8.093725301083765e-09,1.5680258196038022,1.5680257832058657,-3.639793644261147e-08,0.2681061408638455,0.2681061419340655,1.0702200237133752e-09,-0.04873675484479839,-0.04873675470041824,1.4438015366602386e-10,-0.24904588197642574,-0.2490460115342679,-1.2955784214896404e-07
1.4790833333333333,1.0555555555555556,0.04,-0.7,2.0,0.3,0.04,0.01,20948,-0.32954743263105546,-0.32954742826183575,4.369219708255656e-09,1.087900577956269,1.087900550673366,-2.7282902825831457e-08,0.24364739663225443,0.24364739690768555,2.7543112235406397e-10,-0.026801128921449813,-0.026801128874639858,4.680995521755271e-11,-0.6261112735794078,-0.62611142670133,-1.5312192225280796e-07
1.5455833333333333,1.0555555555555556,0.04,-0.7,2.0,0.3,0.04,0.01,20954,-0.3296325092146113,-0.3296325049734595,4.241151818629163e-09,1.0692264656997352,1.0692264195965895,-4.610314574549079e-08,0.24054697690727156,0.2405469771797648,2.724932501863009e-10,-0.02579727383204833,-0.025797273789144252,4.2904076125172e-11,-0.6566536354005864,-0.6566537922943905,-1.56893804059699e-07
1.9889166666666667,1.0555555555555556,0.04,-0.7,2.0,0.3,0.04,0.01,20994,-0.3282727002846403,-0.32827269661064495,3.6739953301889727e-09,0.9667858000272922,0.9667858378689047,3.7841612510192135e-08,0.22075517837498448,0.2207551786850824,3.1009791956471133e-10,-0.02165816549153099,-0.02165816546997504,2.155594799879701e-11,-0.8582425327365723,-0.8582427170057562,-1.8426918391156732e-07
0.3929166666666667,1.0577777777777777,0.04,-0.7,2.0,0.3,0.04,0.01,21031,-0.31414505126087233,-0.3141450407601126,1.0500759706211227e-08,2.081560414313177,2.081560588415667,1.741024897583543e-07,0.24349648237900756,0.2434964848245312,2.4455236447007422e-09,-0.06361717100937525,-0.06361717181026913,-8.008938789938469e-10,-0.11743678999542179,-0.11743693185232669,-1.418569049033147e-07
0.537,1.0577777777777777,0.04,-0.7,2.0,0.3,0.04,0.01,21044,-0.31831240740756717,-0.318312398140674,9.266893141735011e-09,1.7612953956414046,1.7612954343289904,3.8687585801611135e-08,0.26179667068304546,0.26179667227638337,1.593337906058423e-09,-0.0559420635598204,-0.055942063450040776,1.0977962289215881e-10,-0.1793442672120074,-0.17934440056727646,-1.333552690496731e-07
0.8140833333333334,1.0577777777777777,0.04,-0.7,2.0,0.3,0.04,0.01,21069,-0.32183756082666826,-0.32183755360953564,7.217132613757116e-09,1.4208385093472664,1.420838505113808,-4.233458472668872e-09,0.26823309852239824,0.26823309926504074,7.426425030487849e-10,-0.04357865557684526,-0.04357865550264168,7.420358077991906e-11,-0.3107900974722369,-0.3107902264205083,-1.2894827139398046e-07
0.8473333333333334,1.0577777777777777,0.04,-0.7,2.0,0.3,0.04,0.01,21072,-0.3221976632339363,-0.3221976562398407,6.994095580470372e-09,1.392235526864738,1.39223557074784,4.3883102041064603e-08,0.2677848846703232,0.26778488534885997,6.785367823169963e-10,-0.04244199982801622,-0.04244199976537365,6.264257168542287e-11,-0.32674023498494714,-0.32674036412823954,-1.2914329239333e-07
0.90275,1.0577777777777777,0.04,-0.7,2.0,0.3,0.04,0.01,21077,-0.32279405880041023,-0.32279405216216195,6.6382482843962975e-09,1.3486000552398458,1.3486001552431435,1.0000329764281446e-07,0.26669519680840026,0.2666951973998111,5.914108647253613e-10,-0.040635938544433814,-0.04063593849464629,4.97875213278931e-11,-0.3532722299474239,-0.3532723597302327,-1.2978280877762316e-07
1.4458333333333333,1.0577777777777777,0.04,-0.7,2.0,0.3,0.04,0.01,21126,-0.3270404481850453,-0.3270404437228355,4.46220976835221e-09,1.0918366433187998,1.091836634073236,-9.24556387005282e-09,0.24523749558205687,0.24523749585694002,2.748831440246846e-10,-0.02734221769148948,-0.02734221764346014,4.8029337451627185e-11,-0.6077145144169765,-0.607714665287384,-1.5087040750039193e-07
1.50125,1.0577777777777777,0.04,-0.7,2.0,0.3,0.04,0.01,21131,-0.3271881312609526,-0.32718812691697813,4.343974457921007e-09,1.07574663343879,1.075746685718008,5.2279218065720556e-08,0.242662561582771,0.24266256185294668,2.701756873779715e-10,-0.02644918043324951,-0.026449180386290492,4.695901653639645e-11,-0.6331497268583647,-0.6331498807883681,-1.539300034103519e-07
1.601,1.0577777777777777,0.04,-0.7,2.0,0.3,0.04,0.01,21140,-0.3273027143689544,-0.3273027102041403,4.164814104701264e-09,1.0490516261230098,1.049051624619979,-1.5030308109231783e-09,0.23803650840120705,0.2380365086698595,2.6865246138818577e-10,-0.025049924877243446,-0.02504992483527277,4.197067693390011e-11,-0.6787484522394194,-0.6787486118795678,-1.5964014843383723e-07
0.04933333333333333,1.06,0.04,-0.7,2.0,0.3,0.04,0.01,21181,-0.2506807142442849,-0.25068067178217907,4.246210583147558e-08,3.5073494074333578,3.5073496999223637,2.9248900590417293e-07,0.025518464233931226,0.0255184650739659,8.400346737658104e-10,-0.12333109076150678,-0.12333104360453442,4.715697235480043e-08,0.006707966162915191,0.006707763181476527,-2.0298143866420704e-07
0.23775000000000002,1.06,0.04,-0.7,2.0,0.3,0.04,0.01,21198,-0.2956916646969579,-0.29569164667960046,1.801735743933719e-08,2.609926164076626,2.6099263464318145,1.823551887270014e-07,0.18896830182659613,0.18896830556323235,3.736636222662071e-09,-0.0600309725942022,-0.060030972215397944,3.7880425879377455e-10,-0.06495295205967769,-0.06495312126457961,-1.6920490192307014e-07
0.31533333333333335,1.06,0.04,-0.7,2.0,0.3,0.04,0.01,21205,-0.3041330951782453,-0.3041330822880407,1.2890204625914947e-08,2.321223298989983,2.3212234290286493,1.3003866650151963e-07,0.22280061317636254,0.22280061629874134,3.1223787999579145e-09,-0.06429545946592258,-0.06429546107396525,-1.608042671241705e-09,-0.088027841387249,-0.08802799351864651,-1.5213139750724913e-07
0.3596666666666667,1.06,0.04,-0.7,2.0,0.3,0.04,0.01,21209,-0.3075742856226485,-0.3075742741293659,1.1493282603414201e-08,2.1683528812765918,2.168352891180061,9.903469155858602e-09,0.23571081780658643,0.23571082052647602,2.7198895913294052e-09,-0.06439465726891525,-0.06439465847437127,-1.2054560266649972e-09,-0.10340864382223092,-0.1034087897205758,-1.4589834487765962e-07
0.44833333333333336,1.06,0.04,-0.7,2.0,0.3,0.04,0.01,21217,-0.31193694216623963,-0.3119369319808943,1.018534534491522e-08,1.924668232428095,1.924668239071088,6.642993044536638e-09,0.25239948987915845,0.2523994919385578,2.0593993732553884e-09,-0.06093859445117922,-0.06093859473889822,-2.8771900140167617e-10,-0.13851362763706715,-0.13851376575575747,-1.381186903182119e-07
0.936,1.06,0.04,-0.7,2.0,0.3,0.04,0.01,21261,-0.32021450759735226,-0.3202145011181083,6.479243974677473e-09,1.3160121395405788,1.3160120994202005,-4.01203783528814e-08,0.2657749206932264,0.265774921235657,5.42430600436461e-10,-0.039572035627627455,-0.039572035584176345,4.345111076498043e-11,-0.36676359679584103,-0.36676372701520915,-1.302193681218533e-07
0.9692500000000001,1.06,0.04,-0.7,2.0,0.3,0.04,0.01,21264,-0.32061451798306995,-0.32061451169292415,6.290145793119706e-09,1.293803061908072,1.2938031242188346,6.231076254969992e-08,0.2648447621454719,0.2648447626506114,5.051394857957803e-10,-0.03856386960598979,-0.038563869564826714,4.1163072950212154e-11,-0.38255911171215795,-0.38255924260113344,-1.3088897549140555e-07
0.9914166666666667,1.06,0.04,-0.7,2.0,0.3,0.04,0.01,21266,-0.3208763040960655,-0.32087629793168626,6.164379229289807e-09,1.2797738244141321,1.2797739310644787,1.0665034655410466e-07,0.26416972391800353,0.2641697243961864,4.781828821798229e-10,-0.03790764372173239,-0.03790764368091777,4.081461557614574e-11,-0.3930680020848565,-0.3930681334849673,-1.3140011079215697e-07
1.4790833333333333,1.06,0.04,-0.7,2.0,0.3,0.04,0.01,21310,-0.3247382922484665,-0.3247382878411933,4.407273213047347e-09,1.0761953050941742,1.076195290182884,-1.491129020259052e-08,0.2437311070346837,0.24373110730128794,2.6660423868563043e-10,-0.02678977950705541,-0.02678977946126544,4.578997250814787e-11,-0.6198706395527109,-0.6198707918145966,-1.5226188565531373e-07
1.8891666666666667,1.06,0.04,-0.7,2.0,0.3,0.04,0.01,21347,-0.32446662354815303,-0.32446661975618124,3.791971792121984e-09,0.9775495163344416,0.9775495159845812,-3.4986047392493447e-10,0.22518637294285937,0.2251863732388481,2.959887335229894e-10,-0.022294211589890534,-0.022294211567166326,2.2724207932034446e-11,-0.8058798883806007,-0.8058800650595617,-1.7667896101691838e-07
1.9556666666666667,1.06,0.04,-0.7,2.0,0.3,0.04,0.01,21353,-0.3241679526502783,-0.324167948932458,3.7178203293741774e-09,0.963741714210542,0.9637417781158863,6.390534434963513e-08,0.22234660722306177,0.22234660752694788,3.038861107196311e-10,-0.021871732050204873,-0.021871732026598256,2.3606616661453472e-11,-0.8358415579826778,-0.8358417389064937,-1.8092381592893503e-07
1.96675,1.06,0.04,-0.7,2.0,0.3,0.04,0.01,21354,-0.3241126727138166,-0.32411266900780517,3.706011442172752e-09,0.9614767149113135,0.9614766961086382,-1.880267530562918e-08,0.22187932726944193,0.2218793275721319,3.026899841884756e-10,-0.021807457855210766,-0.021807457834493265,2.0717500631706187e-11,-0.8408326107939984,-0.8408327924333042,-1.8163930581849286e-07
0.016083333333333335,1.0622222222222222,0.04,-0.7,2.0,0.3,0.04,0.01,21359,-0.17182550953669107,-0.17182542995641928,7.958027178900373e-08,3.2470831287656488,3.247083046270605,-8.249504368507132e-08,-0.017657155848942174,-0.017657156178161836,-3.2921966194865426e-10,-0.1815485046700524,-0.18154842190154538,8.276850702038097e-08,0.0323778033262459,0.032377596067534355,-2.0725871154730902e-07
0.3596666666666667,1.0622222222222222,0.04,-0.7,2.0,0.3,0.04,0.01,21390,-0.3027729824351538,-0.3027729704719205,1.1963233348399882e-08,2.152715984637954,2.152716084833238,1.0019528406957079e-07,0.2353110535052022,0.23531105622355183,2.7183496287275233e-09,-0.06423944023278144,-0.0642394414524053,-1.219623860237995e-09,-0.10204361359705816,-0.10204376012988474,-1.4653282658094735e-07
0.41508333333333336,1.0622222222222222,0.04,-0.7,2.0,0.3,0.04,0.01,21395,-0.3061632654201285,-0.30616325455372034,1.0866408162168995e-08,1.9923265204280227,1.9923266195318232,9.910380049937828e-08,0.24692266527848172,0.24692266755222053,2.273738808344916e-09,-0.06249512774551824,-0.06249512833076791,-5.852496681724162e-10,-0.12325798749376199,-0.12325812849859817,-1.4100483618217918e-07
0.70325,1.0622222222222222,0.04,-0.7,2.0,0.3,0.04,0.01,21421,-0.3138508050349806,-0.3138507968607926,8.174187993148507e-09,1.5100916135601938,1.5100916382449956,2.4684801758212416e-08,0.26791915208823625,0.2679191530788779,9.906416797988982e-10,-0.04771205540748252,-0.04771205527754554,1.2993698478291904e-10,-0.253519715986035,-0.2535198455375001,-1.2955146511117732e-07
0.8140833333333334,1.0622222222222222,0.04,-0.7,2.0,0.3,0.04,0.01,21431,-0.3155657216020319,-0.31556571426885965,7.333172236112517e-09,1.4014380267379778,1.4014380185747457,-8.163232090296901e-09,0.26795973111257837,0.26795973184475436,7.321759865064337e-10,-0.043521680339712876,-0.04352168026632988,7.33829941257369e-11,-0.3063709965486078,-0.306371125454011,-1.2890540324050903e-07
0.9470833333333334,1.0622222222222222,0.04,-0.7,2.0,0.3,0.04,0.01,21443,-0.317450604685951,-0.31745059823033983,6.455611156752639e-09,1.2998674817077394,1.299867450699949,-3.1007790335380037e-08,0.2653767447351185,0.26537674526011557,5.249970458365283e-10,-0.0392042481698468,-0.03920424812587368,4.397312375337137e-11,-0.36964252411120224,-0.3696426544054223,-1.302942200798185e-07
1.1244166666666666,1.0622222222222222,0.04,-0.7,2.0,0.3,0.04,0.01,21459,-0.3196604007495163,-0.3196603952130848,5.536431479935544e-09,1.1995405946318982,1.1995406719131703,7.728127204842394e-08,0.25935510855015775,0.25935510892102104,3.7086328452673456e-10,-0.03420649753074767,-0.03420649748603534,4.471233105984851e-11,-0.45310543404647463,-0.4531055692782825,-1.3523180786290112e-07
1.2906666666666666,1.0622222222222222,0.04,-0.7,2.0,0.3,0.04,0.01,21474,-0.321250618315963,-0.32125061340498196,4.910981066252873e-09,1.1304042882298582,1.1304043072580732,1.9028215003658033e-08,0.2523409311574326,0.25234093145435477,2.96922153530943e-10,-0.030277507191908692,-0.03027750714517274,4.673595191406754e-11,-0.5303148263418461,-0.5303149685440778,-1.422022316566185e-07
1.5345,1.0622222222222222,0.04,-0.7,2.0,0.3,0.04,0.01,21496,-0.3225328805117611,-0.32253287620061255,4.311148549263066e-09,1.0550924439689524,1.0550924242065598,-1.9762392611255564e-08,0.24120397899320134,0.24120397925847137,2.6527002816578715e-10,-0.025944559288518243,-0.025944559244130534,4.438770878634202e-11,-0.642018004346212,-0.6420181592488718,-1.5490265981021878e-07
0.10475000000000001,1.0644444444444443,0.04,-0.7,2.0,0.3,0.04,0.01,21548,-0.26705116444286636,-0.26705113563125643,2.8811609931178594e-08,3.0167947459580624,3.0167949565100494,2.105519869566308e-07,0.0861465545701906,0.08614655719618337,2.6259927704552766e-09,-0.07583150421149737,-0.0758314915573411,1.265415626450217e-08,-0.02134150760179504,-0.021341710199266017,-2.025974709767009e-07
0.38183333333333336,1.0644444444444443,0.04,-0.7,2.0,0.3,0.04,0.01,21573,-0.29966799361961366,-0.2996679817705248,1.1849088876747516e-08,2.0691251413629264,2.069125273503079,1.3214015259777057e-07,0.24007430200295027,0.24007430452717596,2.5242256895818826e-09,-0.06359585297537051,-0.06359585393979905,-9.64428537031381e-10,-0.10885408480966474,-0.10885422944983718,-1.4464017243642768e-07
0.48158333333333336,1.0644444444444443,0.04,-0.7,2.0,0.3,0.04,0.01,21582,-0.30483854874710503,-0.3048385384625808,1.0284524232240244e-08,1.8254369280046312,1.825436950533497,2.2528865883941762e-08,0.25588203219125555,0.255882034044878,1.8536224777321308e-09,-0.05893049196133149,-0.05893049205543022,-9.409872880894454e-11,-0.14950735335358262,-0.1495074902940259,-1.369404432904897e-07
0.5480833333333334,1.0644444444444443,0.04,-0.7,2.0,0.3,0.04,0.01,21588,-0.30701559897251124,-0.3070155893651828,9.607328432803541e-09,1.7050258642459237,1.705025836097838,-2.814808564011173e-08,0.26181315718239867,0.2618131587088112,1.526412551910994e-09,-0.05516601302081592,-0.05516601290095467,1.1986124592855418e-10,-0.17906781200772298,-0.1790679457952109,-1.3378748792147732e-07
0.8140833333333334,1.0644444444444443,0.04,-0.7,2.0,0.3,0.04,0.01,21612,-0.3124623038999741,-0.31246229651263724,7.3873368533483585e-09,1.3916262045499117,1.3916260433670602,-1.6118285151023315e-07,0.2678026799823527,0.267802680709942,7.275893221247998e-10,-0.043486719046824385,-0.04348671897508074,7.17436457464693e-11,-0.3041790849556483,-0.30417921384204344,-1.2888639511210442e-07
1.30175,1.0644444444444443,0.04,-0.7,2.0,0.3,0.04,0.01,21656,-0.31884075066733464,-0.3188407457658291,4.901505534782302e-09,1.1198991525795954,1.1198991639794886,1.139989325160684e-08,0.25183532116945795,0.2518353214612397,2.9178176541577727e-10,-0.03002558679597589,-0.03002558674822188,4.775400908041405e-11,-0.5325686037244148,-0.532568746099748,-1.4237533318972595e-07
1.83375,1.0644444444444443,0.04,-0.7,2.0,0.3,0.04,0.01,21704,-0.3202947377276,-0.3202947338545578,3.873042164759255e-09,0.9790694394107291,0.9790694621866093,2.277588018184673e-08,0.22774455752147538,0.22774455780239433,2.809189547647861e-10,-0.022711355943255684,-0.022711355912734973,3.0520710958548136e-11,-0.7738451124005008,-0.7738452844969261,-1.7209642533266845e-07
1.90025,1.0644444444444443,0.04,-0.7,2.0,0.3,0.04,0.01,21710,-0.3201090321879735,-0.3201090283924583,3.795515179927378e-09,0.9651231938634375,0.9651231851701074,-8.69333005582007e-09,0.2248672634770632,0.22486726376639196,2.893287553984436e-10,-0.022235813444959618,-0.02223581341891738,2.604223781066395e-11,-0.8036883314718052,-0.803688507713041,-1.7624123582749007e-07
0.21558333333333335,1.0666666666666667,0.04,-0.7,2.0,0.3,0.04,0.01,21739,-0.27540016232181774,-0.2754001392439031,2.3077914634850316e-08,2.598516414542562,2.5985166702513354,2.557087732668606e-07,0.1743978517332323,0.1743978554988321,3.765599804195219e-09,-0.05769029944514836,-0.05769029697331105,2.4718373112242453e-09,-0.05623440861201451,-0.05623458741236755,-1.7880035304423947e-07
0.57025,1.0666666666666667,0.04,-0.7,2.0,0.3,0.04,0.01,21771,-0.30391783985905113,-0.30391783033062886,9.528422273419324e-09,1.6575512899741351,1.6575513581669241,6.819278897118863e-08,0.2629522089296968,0.2629522103596052,1.4299084138968965e-09,-0.053897627317264774,-0.053897627173145495,1.4411927901081256e-10,-0.18739521282524346,-0.18739534602254052,-1.3319729705307815e-07
0.7365,1.0666666666666667,0.04,-0.7,2.0,0.3,0.04,0.01,21786,-0.30787785479824414,-0.307877846754002,8.04424216127586e-09,1.4534838124746763,1.4534838515016915,3.9027015175108204e-08,0.26781519411329946,0.2678151950069931,8.936936191084044e-10,-0.04629593257338138,-0.04629593246225863,1.1112274989066862e-10,-0.265209562667415,-0.2652096919518199,-1.2928440490389548e-07
0.8584166666666667,1.0666666666666667,0.04,-0.7,2.0,0.3,0.04,0.01,21797,-0.3101886073424154,-0.3101886002266843,7.115731059936792e-09,1.3456742012363243,1.3456741453411158,-5.589520846172036e-08,0.26706016024651696,0.26706016088802526,6.415082909327907e-10,-0.041944953439489174,-0.04194495337850915,6.09800265838345e-11,-0.3230095786920656,-0.3230097076891716,-1.2899710599700853e-07
0.8695,1.0666666666666667,0.04,-0.7,2.0,0.3,0.04,0.01,21798,-0.31038562227723304,-0.31038561524141295,7.035820093204137e-09,1.337155631359055,1.3371555579981962,-7.336085872111653e-08,0.266872736285409,0.26687273690971924,6.243102701475323e-10,-0.04158065316475085,-0.04158065311037647,5.437437999855632e-11,-0.32825671700726505,-0.3282568460787214,-1.290714563562112e-07
1.0468333333333333,1.0666666666666667,0.04,-0.7,2.0,0.3,0.04,0.01,21814,-0.31327400959867135,-0.3132740036370814,5.961589943925816e-09,1.223526828464383,1.2235267779962906,-5.046809237185812e-08,0.2620766860009921,0.26207668641664644,4.156543442768168e-10,-0.03623463577913377,-0.036234635738878605,4.025516725514322e-11,-0.4117124404121736,-0.4117125726958492,-1.322836756245671e-07
1.069,1.0666666666666667,0.04,-0.7,2.0,0.3,0.04,0.01,21816,-0.31359699257028917,-0.31359698672074077,5.849548401215543e-09,1.2118644879266505,1.2118644385740076,-4.935264286132224e-08,0.2612978415245104,0.26129784192483035,4.0031994386069414e-10,-0.03562386639517634,-0.035623866350441645,4.47346951149008e-11,-0.42206665383438813,-0.4220667867617523,-1.3292736417147566e-07
1.4015,1.0666666666666667,0.04,-0.7,2.0,0.3,0.04,0.01,21846,-0.3171605222016677,-0.317160517563478,4.638189665673309e-09,1.0809461367666806,1.080946258007473,1.2124079229458573e-07,0.24734095539900858,0.24734095567109285,2.720842717796046e-10,-0.028070161279397654,-0.028070161233463838,4.5933815778775866e-11,-0.5753199867545439,-0.5753201336578301,-1.4690328620226012e-07
1.6453333333333333,1.0666666666666667,0.04,-0.7,2.0,0.3,0.04,0.01,21868,-0.31816451186265915,-0.3181645077163007,4.1463584232737105e-09,1.015966759332354,1.0159668110704743,5.1738120232514007e-08,0.23620396281280598,0.23620396307499936,2.621933781199459e-10,-0.024504685647228075,-0.024504685607605308,3.962276687308197e-11,-0.6857400371475253,-0.6857401974319335,-1.6028440819049194e-07
1.8005,1.0666666666666667,0.04,-0.7,2.0,0.3,0.04,0.01,21882,-0.31817654967354614,-0.31817654575478715,3.918758983978421e-09,0.9809898462997957,0.9809898103839985,-3.591579722517224e-08,0.22926422479155328,0.2292642250681066,2.7655330803177947e-10,-0.02298075099826935,-0.022980750966927588,3.134176251862186e-11,-0.7554451769672954,-0.7554453464806644,-1.695133690082784e-07
1.8891666666666667,1.0666666666666667,0.04,-0.7,2.0,0.3,0.04,0.01,21890,-0.318000282265099,-0.3180002784548966,3.8102024313424465e-09,0.9623392069335601,0.9623393295602218,1.2262666171380943e-07,0.22541225206326732,0.22541225234887446,2.85607149042022e-10,-0.022316546649941982,-0.022316546621796055,2.8145926561640167e-11,-0.795154779517776,-0.7951549544935158,-1.749757397861984e-07
0.20450000000000002,1.068888888888889,0.04,-0.7,2.0,0.3,0.04,0.01,21919,-0.2680846335202311,-0.2680846084419785,2.50782525856863e-08,2.5963598819511713,2.596360123361624,2.4141045251724336e-07,0.16674206699148625,0.16674207074519154,3.753705291043019e-09,-0.05689604669189413,-0.05689604300440486,3.687489272263811e-09,-0.05244849409339475,-0.05244867733562176,-1.8324222701010529e-07
0.24883333333333335,1.068888888888889,0.04,-0.7,2.0,0.3,0.04,0.01,21923,-0.27461929736297824,-0.2746192766439568,2.0719021442960894e-08,2.46930411326729,2.4693043183939105,2.0512662057825537e-07,0.1926051476087813,0.19260515124712482,3.6383435153553023e-09,-0.05964266507511168,-0.05964266517799993,-1.0288825347259944e-10,-0.06402526432485248,-0.06402543444137887,-1.7011652639342678e-07
0.2931666666666667,1.068888888888889,0.04,-0.7,2.0,0.3,0.04,0.01,21927,-0.2809969378407204,-0.2809969209185733,1.692214707249562e-08,2.3212593930344028,2.3212595081740766,1.1513967379528367e-07,0.21269282395292022,0.21269282726080677,3.3078865480096198e-09,-0.06251262410449793,-0.06251262562299358,-1.5184956486669066e-09,-0.07640195256702897,-0.07640211201075602,-1.594437270407978e-07
0.404,1.068888888888889,0.04,-0.7,2.0,0.3,0.04,0.01,21937,-0.2922555311515168,-0.29225551906865493,1.2082861877704687e-08,1.9755948196809037,1.9755948504572045,3.0776300841139914e-08,0.24370322913906672,0.24370323148495443,2.3458877063120553e-09,-0.06254383196107466,-0.06254383269591916,-7.348445046906349e-10,-0.11447957845509005,-0.11447972198980635,-1.4353471630701442e-07
0.9249166666666667,1.068888888888889,0.04,-0.7,2.0,0.3,0.04,0.01,21984,-0.3084693662075075,-0.3084693595050179,6.702489563359393e-09,1.2883899815074873,1.2883900699099216,8.840243426178063e-08,0.26556335355656935,0.26556335409774784,5.411784909092887e-10,-0.039778612335832075,-0.03977861228943668,4.639539447071073e-11,-0.3521211104303215,-0.35212123999601086,-1.2956568934407997e-07
1.2685,1.068888888888889,0.04,-0.7,2.0,0.3,0.04,0.01,22015,-0.3135469653578471,-0.31354696031451185,5.043335249421688e-09,1.118511475106665,1.1185113918664484,-8.324021649741553e-08,0.25323377715991136,0.2532337774554231,2.955117262004592e-10,-0.03069238518650652,-0.03069238513817884,4.832768213391958e-11,-0.5116605510740307,-0.5116606912457414,-1.401717106830347e-07
1.2906666666666666,1.068888888888889,0.04,-0.7,2.0,0.3,0.04,0.01,22017,-0.3137803894924518,-0.31378038452365037,4.9688014258642e-09,1.1106268515970186,1.1106267946748456,-5.692217297514901e-08,0.25227066510286056,0.25227066539109344,2.8823288200641173e-10,-0.030217002357918465,-0.030217002310227104,4.7691361276802624e-11,-0.5218125988462607,-0.5218127400125937,-1.4116633295646608e-07
1.4125833333333333,1.068888888888889,0.04,-0.7,2.0,0.3,0.04,0.01,22028,-0.3148472349556036,-0.3148472303317889,4.6238147199950674e-09,1.0714458778537939,1.0714458915500062,1.3696212386449247e-08,0.246832783522416,0.24683278378913767,2.6672167252606016e-10,-0.02785745329636491,-0.027857453250015523,4.634938613468087e-11,-0.5773879529169523,-0.5773880999884837,-1.4707153139781326e-07
1.43475,1.068888888888889,0.04,-0.7,2.0,0.3,0.04,0.01,22030,-0.31500222474827033,-0.3150022201785792,4.569691125499986e-09,1.0649690532216205,1.064969058700153,5.478532516534074e-09,0.24582738392453507,0.24582738418619385,2.616587779780133e-10,-0.02747453023865809,-0.027474530192118513,4.6539577747140015e-11,-0.5874486571232074,-0.5874488053381788,-1.4821497140715678e-07
1.6675,1.068888888888889,0.04,-0.7,2.0,0.3,0.04,0.01,22051,-0.3159535765784316,-0.3159535724570347,4.1213968904330045e-09,1.0052573135022058,1.005257262725158,-5.077704789968607e-08,0.2352385034965626,0.23523850375436017,2.577975610762451e-10,-0.024252287577491982,-0.024252287538814907,3.867707543125931e-11,-0.6924222895726001,-0.6924224506487361,-1.6107613598492776e-07
1.7450833333333333,1.068888888888889,0.04,-0.7,2.0,0.3,0.04,0.01,22058,-0.3160210621418885,-0.31602105813967607,4.00221245033805e-09,0.9877571247041139,0.9877571734832084,4.877909443035122e-08,0.2317653502820205,0.2317653505501409,2.6812038700363416e-10,-0.023468109533533732,-0.023468109499128066,3.440566581636162e-11,-0.7271997563073479,-0.7271999219465056,-1.6563915772316307e-07
1.8226666666666667,1.068888888888889,0.04,-0.7,2.0,0.3,0.04,0.01,22065,-0.31598032504222273,-0.31598032114367725,3.898545486435978e-09,0.9710549767061316,0.971054970171449,-6.534682572834072e-09,0.22834940173688256,0.22834940201257478,2.756922190538802e-10,-0.022805154212962586,-0.0228051541829339,3.002868786960988e-11,-0.7619034205000319,-0.7619035908166866,-1.7031665466848978e-07
0.43725,1.0711111111111111,0.04,-0.7,2.0,0.3,0.04,0.01,22121,-0.29024806712633217,-0.2902480554531805,1.1673151667501713e-08,1.8776284978205826,1.8776284838954131,-1.39251694619702e-08,0.24892160311033862,0.24892160521793924,2.107600621803485e-09,-0.06094840450738409,-0.06094840492976231,-4.2237822267532366e-10,-0.12619268010181928,-0.12619282126876585,-1.411669465767318e-07
1.0468333333333333,1.0711111111111111,0.04,-0.7,2.0,0.3,0.04,0.01,22176,-0.30787153667985456,-0.30787153067249756,6.007357000736846e-09,1.2075649424847512,1.2075649327203026,-9.764448583027274e-09,0.2618653381887548,0.2618653386004683,4.1171349662860734e-10,-0.036163685692008896,-0.036163685650402545,4.160635030947546e-11,-0.4067375827061098,-0.40673771458402347,-1.3187791364499546e-07
1.0911666666666666,1.0711111111111111,0.04,-0.7,2.0,0.3,0.04,0.01,22180,-0.3086082292108605,-0.30860822343131433,5.779546174977668e-09,1.1853049264320958,1.1853050027783671,7.634627130492788e-08,0.2603070652167083,0.2603070655973671,3.806587822730023e-10,-0.03495895421375128,-0.03495895417262661,4.112467311134793e-11,-0.4273064864879217,-0.4273066196360354,-1.3314811370124247e-07
1.23525,1.0711111111111111,0.04,-0.7,2.0,0.3,0.04,0.01,22193,-0.3106687025476035,-0.310668697370754,5.176849504628933e-09,1.12396556645189,1.1239655118446412,-5.4607248722859936e-08,0.2546029387252846,0.2546029390291913,3.039066776011623e-10,-0.031405240076137764,-0.031405240029586216,4.6551547339124255e-11,-0.49366619346687124,-0.49366633187856307,-1.3841169183015367e-07
1.4901666666666666,1.0711111111111111,0.04,-0.7,2.0,0.3,0.04,0.01,22216,-0.31301307331747796,-0.3130130688587249,4.4587530889650395e-09,1.043551257906561,1.0435513222694601,6.436289923250627e-08,0.2433067463952776,0.2433067466511215,2.558439016198122e-10,-0.026565017556892667,-0.026565017513397526,4.349514151624767e-11,-0.6094791783336356,-0.6094793290400464,-1.5070641079528713e-07
1.63425,1.0711111111111111,0.04,-0.7,2.0,0.3,0.04,0.01,22229,-0.31364390488029803,-0.31364390069489057,4.185407465051583e-09,1.0074788323044537,1.0074787973512036,-3.495325007207839e-08,0.23676807741887518,0.23676807767428318,2.5540800030476873e-10,-0.024623534969209215,-0.024623534930872958,3.83362577793811e-11,-0.674245402679241,-0.6742455613460946,-1.5866685354470889e-07
1.7229166666666667,1.0711111111111111,0.04,-0.7,2.0,0.3,0.04,0.01,22237,-0.3138133415603317,-0.3138133375154563,4.044875379083379e-09,0.9872802214649923,0.9872802355027668,1.403777449837662e-08,0.23279169780829334,0.23279169807111863,2.6282528930998694e-10,-0.023677349981696127,-0.023677349948526733,3.3169394314525036e-11,-0.7139225499167706,-0.7139227137244045,-1.638076339016692e-07
0.04933333333333333,1.0733333333333333,0.04,-0.7,2.0,0.3,0.04,0.01,22267,-0.2063155735687605,-0.20631552375462167,4.9814138841641764e-08,3.137560905530634,3.137561111839438,2.0630880381844463e-07,0.023999607192994044,0.023999607926222306,7.332282628280673e-10,-0.10741358647904653,-0.1074135667767117,1.9702334833060497e-08,0.005086510082366602,0.005086308934603696,-2.0114776290609815e-07
0.06041666666666667,1.0733333333333333,0.04,-0.7,2.0,0.3,0.04,0.01,22268,-0.21781949894085495,-0.21781945469397537,4.424687957693685e-08,3.109911082821437,3.109911305279535,2.2245809772059033e-07,0.03688985353474117,0.03688985466127215,1.126530979611573e-09,-0.09881738776543192,-0.09881737329440647,1.4471025447382324e-08,-0.00045597802929286946,-0.0004561798903536094,-2.018610607399285e-07
0.11583333333333334,1.0733333333333333,0.04,-0.7,2.0,0.3,0.04,0.01,22273,-0.2436916280788154,-0.24369159637094884,3.1707866554597786e-08,2.7943573205346794,2.7943575954377833,2.7490310383626593e-07,0.09495536172389463,0.09495536451987342,2.7959787957110294e-09,-0.06907927451213491,-0.06907926497276361,9.539371306765965e-09,-0.02361812520394052,-0.0236183296012932,-2.0439735267871462e-07
0.3375,1.0733333333333333,0.04,-0.7,2.0,0.3,0.04,0.01,22293,-0.2767891472220396,-0.2767891318107085,1.5411331100168013e-08,2.1323548635154843,2.132355042181214,1.7866572976643624e-07,0.22675558176331323,0.22675558465583276,2.892519529451576e-09,-0.0632268205178095,-0.06322682200291209,-1.485102582576836e-09,-0.08790664870323567,-0.08790680161419188,-1.5291095621650097e-07
0.41508333333333336,1.0733333333333333,0.04,-0.7,2.0,0.3,0.04,0.01,22300,-0.28444858080293317,-0.28444856833148535,1.2471447818906967e-08,1.9145277495302704,1.9145278855028265,1.359725561034253e-07,0.24480054199478574,0.2448005442470366,2.2522508580369305e-09,-0.061775584382639526,-0.061775585022951586,-6.403120603182266e-10,-0.11591450580231144,-0.11591464933445128,-1.4353213984019675e-07
0.4926666666666667,1.0733333333333333,0.04,-0.7,2.0,0.3,0.04,0.01,22307,-0.2894668723740085,-0.28946686144275213,1.0931256344548501e-08,1.747201837376533,1.7472018870846797,4.9708146709903644e-08,0.2556001816037337,0.2556001833771944,1.7734607116182133e-09,-0.0579040674592024,-0.0579040675289359,-6.97334967547647e-11,-0.147800232012385,-0.14780036980523506,-1.3779285004678066e-07
0.50375,1.0733333333333333,0.04,-0.7,2.0,0.3,0.04,0.01,22308,-0.29004146552248644,-0.2900414547552453,1.0767241154230334e-08,1.7268137100789893,1.7268136355358463,-7.454314299160103e-08,0.25673612860984546,0.25673613032571696,1.7158715004406133e-09,-0.057291517163819694,-0.05729151718361559,-1.979589409062399e-11,-0.1525806333217694,-0.15258077047474763,-1.3715297822458616e-07
0.5148333333333334,1.0733333333333333,0.04,-0.7,2.0,0.3,0.04,0.01,22309,-0.29058907044219456,-0.2905890598372108,1.0604983780027055e-08,1.7071694870252063,1.70716946811426,-1.891094636441437e-08,0.257789674872784,0.2577896765335282,1.6607442088201196e-09,-0.05667729505498542,-0.05667729503804412,1.6941302527495594e-11,-0.15740536489963763,-0.15740550144629573,-1.3654665809159638e-07
0.57025,1.0733333333333333,0.04,-0.7,2.0,0.3,0.04,0.01,22314,-0.29299619323883835,-0.29299618334020616,9.898632191696066e-09,1.6186963901210216,1.6186964558106811,6.56896594897205e-08,0.2619857260436481,0.2619857274567522,1.4131040781961701e-09,-0.053668737212027307,-0.05366873708103433,1.3099297341279126e-10,-0.18207782721033072,-0.18207796115764194,-1.3394731121496584e-07
0.6921666666666667,1.0733333333333333,0.04,-0.7,2.0,0.3,0.04,0.01,22325,-0.2970617805286152,-0.297061771903962,8.624653213828992e-09,1.4661368258339635,1.4661368427074648,1.6873501262892887e-08,0.2665795448617697,0.26657954585923294,9.974632231291025e-10,-0.04792173065305133,-0.047921730524054434,1.2899689649792379e-10,-0.2383178376351089,-0.23831796785667236,-1.302215634768622e-07
0.8251666666666667,1.0733333333333333,0.04,-0.7,2.0,0.3,0.04,0.01,22337,-0.3005350099000506,-0.30053500241769565,7.482354957843995e-09,1.3427361521267667,1.3427361345427629,-1.7584003808579496e-08,0.26694021644471655,0.26694021712981547,6.85098922037497e-10,-0.04292362603346145,-0.04292362596181136,7.165008863996292e-11,-0.30073863854892385,-0.3007387673292984,-1.287803745309013e-07
1.069,1.0733333333333333,0.04,-0.7,2.0,0.3,0.04,0.01,22359,-0.30559618381935383,-0.30559617790836596,5.910987865842543e-09,1.1883352898922617,1.1883353039785554,1.4086293687043394e-08,0.26098742260879937,0.2609874229993886,3.9058922762791326e-10,-0.035516841945387734,-0.035516841902418314,4.296941968906509e-11,-0.41453092120863344,-0.41453105347806607,-1.3226943262889534e-07
1.5234166666666666,1.0733333333333333,0.04,-0.7,2.0,0.3,0.04,0.01,22400,-0.31090727506816185,-0.31090727067227353,4.395888320019026e-09,1.0289322782686128,1.0289322264327627,-5.183585005674729e-08,0.24179737813705138,0.24179737838915896,2.521075848083143e-10,-0.026056897706600024,-0.026056897662195485,4.4404539073505944e-11,-0.6213652557400529,-0.6213654077914594,-1.5205140657670313e-07
1.9445833333333333,1.0733333333333333,0.04,-0.7,2.0,0.3,0.04,0.01,22438,-0.31154108682728,-0.3115410830686396,3.758640398920932e-09,0.9360413180670157,0.9360414058557217,8.778870597137001e-08,0.2232432358213743,0.22324323610425043,2.828761391793222e-10,-0.021983410114292945,-0.021983410090815364,2.3477580990416413e-11,-0.8091587201967954,-0.8091588969061889,-1.7670939356229098e-07
2.0,1.0733333333333333,0.04,-0.7,2.0,0.3,0.04,0.01,22443,-0.311404540710436,-0.3114045370193584,3.691077610223914e-09,0.9252531185666157,0.9252531510106884,3.244407265068361e-08,0.2209417567045069,0.22094175699916663,2.9465974105136183e-10,-0.021679348769856888,-0.02167934874859263,2.126425771575846e-11,-0.8337609594587236,-0.8337611396555608,-1.8019683711845147e-07
0.09366666666666668,1.0755555555555556,0.04,-0.7,2.0,0.3,0.04,0.01,22452,-0.23093758233977413,-0.2309375470737049,3.5266069231543185e-08,2.8712605168457195,2.87126071658169,1.9973597042977076e-07,0.07256136737698177,0.07256136957722913,2.200247359307461e-09,-0.07791191793941887,-0.0779119092683513,8.671067572296742e-09,-0.014647784074006687,-0.01464798877599497,-2.0470198828365094e-07
0.14908333333333335,1.0755555555555556,0.04,-0.7,2.0,0.3,0.04,0.01,22457,-0.243302525800293,-0.24330249480653118,3.0993761807041054e-08,2.622680936315014,2.6226811659799303,2.2966491641795983e-07,0.12381045806593438,0.1238104614115503,3.3456159231892713e-09,-0.059510938828291615,-0.05951093032759048,8.500701136060496e-09,-0.03435035550822252,-0.034350556513132756,-2.0100491023716804e-07
0.537,1.0755555555555556,0.04,-0.7,2.0,0.3,0.04,0.01,22492,-0.2879166782552775,-0.28791666780806824,1.0447209264352608e-08,1.6561091685518559,1.6561093028289549,1.3427709899538343e-07,0.25928455025390346,0.25928455180111715,1.5472136905003708e-09,-0.05535301511906676,-0.05535301504354989,7.551687053464207e-11,-0.1654893425566059,-0.16548947827856458,-1.3572195867173065e-07
0.8584166666666667,1.0755555555555556,0.04,-0.7,2.0,0.3,0.04,0.01,22521,-0.2983969428732927,-0.29839693561511166,7.258181056180035e-09,1.3073219097547994,1.3073218869753742,-2.277942523498666e-08,0.2663197126679881,0.2663197132886724,6.206842817491065e-10,-0.041755973159834925,-0.041755973101866975,5.796794988466303e-11,-0.314156134491074,-0.31415626324462737,-1.2875355337449435e-07
0.936,1.0755555555555556,0.04,-0.7,2.0,0.3,0.04,0.01,22528,-0.30022010257625686,-0.300220095867187,6.709069855226346e-09,1.2543412170051838,1.2543412007158805,-1.628930323960276e-08,0.26481040027125785,0.26481040078452,5.132621549996941e-10,-0.03930189742110124,-0.03930189737510259,4.5998649333967023e-11,-0.3503830217684717,-0.35038315111544743,-1.2934697574129572e-07
1.1133333333333333,1.0755555555555556,0.04,-0.7,2.0,0.3,0.04,0.01,22544,-0.30377118835890615,-0.3037711826504717,5.708434447360133e-09,1.1596489699061685,1.159648915063271,-5.4842897556639514e-08,0.2592796167448508,0.2592796171011937,3.5634289963226706e-10,-0.0343020366470187,-0.03430203660298594,4.403275660758155e-11,-0.43245440677276703,-0.43245454012995593,-1.3335718890283843e-07
1.23525,1.0755555555555556,0.04,-0.7,2.0,0.3,0.04,0.01,22555,-0.3057040300892544,-0.3057040248846121,5.204642272715887e-09,1.1101250918521544,1.1101250450244544,-4.682769993991087e-08,0.2544686865563889,0.2544686868581327,3.017437966157388e-10,-0.031346151631791996,-0.031346151585496834,4.629516214826879e-11,-0.4882282558567319,-0.4882283936394162,-1.3778268431741125e-07
1.3460833333333333,1.0755555555555556,0.04,-0.7,2.0,0.3,0.04,0.01,22565,-0.30709489580088567,-0.30709489096257525,4.838310418975311e-09,1.0727088967099618,1.0727089458555348,4.914557294455335e-08,0.24971955861381734,0.2497195588838024,2.6998506208464335e-10,-0.02902465989523817,-0.029024659845625245,4.961292487948299e-11,-0.5385133307643508,-0.5385134734189096,-1.4265455883233358e-07
1.7229166666666667,1.0755555555555556,0.04,-0.7,2.0,0.3,0.04,0.01,22599,-0.30944942244343077,-0.30944941838506973,4.058361036118896e-09,0.9764779040910554,0.9764778206259621,-8.346509328127638e-08,0.232851360387476,0.23285136064614442,2.5866842001676105e-10,-0.023670524430460804,-0.023670524395192172,3.52686317650619e-11,-0.7072625167507673,-0.7072626795274017,-1.6277663439367984e-07
1.7783333333333333,1.0755555555555556,0.04,-0.7,2.0,0.3,0.04,0.01,22604,-0.3095323590057708,-0.3095323550282872,3.977483620243305e-09,0.9646398790863486,0.9646398891615858,1.007523720009118e-08,0.23041321620842492,0.23041321646869276,2.6026783506161166e-10,-0.023168173948345805,-0.023168173916545163,3.1800641980828104e-11,-0.7318810129241377,-0.7318811789521055,-1.6602796781839402e-07
2.0,1.0755555555555556,0.04,-0.7,2.0,0.3,0.04,0.01,22624,-0.3093538949799912,-0.309353891284109,3.695882211385282e-09,0.9203277917535502,0.920327796631625,4.878074832959101e-09,0.22099799887133342,0.22099799915981114,2.884777139389172e-10,-0.021685138251528735,-0.021685138231183395,2.0345339996064027e-11,-0.8301338357553922,-0.8301340153579922,-1.7960260001448347e-07
0.6589166666666667,1.0777777777777777,0.04,-0.7,2.0,0.3,0.04,0.01,22684,-0.2894403037569451,-0.28944029466984644,9.087098684634753e-09,1.4791561246674245,1.4791560600493807,-6.461804380464287e-08,0.2652067328153679,0.2652067338979754,1.082607503644084e-09,-0.049209059680734024,-0.04920905953778079,1.4295323258473047e-10,-0.2190366103916805,-0.2190367416658497,-1.3127416920166723e-07
0.7475833333333334,1.0777777777777777,0.04,-0.7,2.0,0.3,0.04,0.01,22692,-0.292371220045988,-0.29237121182938725,8.216600733135238e-09,1.388546869846019,1.388546917006287,4.716026791307115e-08,0.2666608631070322,0.26666086394561817,8.385859784354466e-10,-0.04558710387393,-0.04558710377627597,9.76540306951712e-11,-0.26023188002110426,-0.26023200940951585,-1.2938841159604308e-07
0.8916666666666667,1.0777777777777777,0.04,-0.7,2.0,0.3,0.04,0.01,22705,-0.2963568877297276,-0.29635688069008187,7.039645755213542e-09,1.274221777397555,1.2742217438085628,-3.358899225425205e-08,0.26556093502827505,0.26556093559783006,5.695550142625905e-10,-0.040627532203428574,-0.04062753215096595,5.246262452240913e-11,-0.32747040169586045,-0.327470530521985,-1.288261245457889e-07
1.0135833333333333,1.0777777777777777,0.04,-0.7,2.0,0.3,0.04,0.01,22716,-0.2992017899918972,-0.29920178374627293,6.2456242955200025e-09,1.2006347770154857,1.2006348085090295,3.149354377285363e-08,0.262523632323583,0.2625236327502977,4.2671471911504e-10,-0.03696863667589784,-0.03696863663423798,4.165985612036849e-11,-0.38402668243148197,-0.3840268129414729,-1.3050999092545368e-07
1.2795833333333333,1.0777777777777777,0.04,-0.7,2.0,0.3,0.04,0.01,22740,-0.30387736342840643,-0.3038773583679096,5.060496854891738e-09,1.0876810258020342,1.0876811121833805,8.638134629812555e-08,0.25253299262742446,0.2525329929076926,2.8026814202775086e-10,-0.03034549275866827,-0.030345492708874697,4.979357204337731e-11,-0.5056271733525075,-0.5056273126573338,-1.3930482634094687e-07
1.6453333333333333,1.0777777777777777,0.04,-0.7,2.0,0.3,0.04,0.01,22773,-0.3070301352069149,-0.3070301310206098,4.186305135878143e-09,0.9881759382990296,0.9881758752974757,-6.300155386274042e-08,0.2363151272341546,0.23631512748277414,2.486195416206982e-10,-0.024473258899218586,-0.024473258859245315,3.997327122085004e-11,-0.6695135048540718,-0.6695136626830062,-1.5782893436622203e-07
1.734,1.0777777777777777,0.04,-0.7,2.0,0.3,0.04,0.01,22781,-0.307312004618962,-0.30731200057302,4.045942025854288e-09,0.9686894855698291,0.9686895083346687,2.2764839568978346e-08,0.23238352087708025,0.2323835211314888,2.5440854978242555e-10,-0.02356059711057512,-0.023560597078218472,3.2356648610454286e-11,-0.7088653794209282,-0.7088655423201752,-1.6289924698043023e-07
0.3596666666666667,1.08,0.04,-0.7,2.0,0.3,0.04,0.01,22838,-0.2657568903075523,-0.26575687461918385,1.5688368437682954e-08,2.004930189578036,2.004930274162872,8.458483602424849e-08,0.23110275378483702,0.23110275645657954,2.6717425216649104e-09,-0.06244938374503836,-0.06244938503581999,-1.2907816274165818e-09,-0.09161002303317844,-0.0916101746044628,-1.515712843569439e-07
0.3929166666666667,1.08,0.04,-0.7,2.0,0.3,0.04,0.01,22841,-0.26962635320862055,-0.26962633902318117,1.4185439378699982e-08,1.9168544366371387,1.916854425225735,-1.141140382188155e-08,0.23889812501232122,0.23889812741122923,2.3989080166764154e-09,-0.061909675780676826,-0.06190967669616256,-9.154857358306678e-10,-0.10337216372320254,-0.10337231109064778,-1.4736744523291545e-07
0.43725,1.08,0.04,-0.7,2.0,0.3,0.04,0.01,22845,-0.27384328386489964,-0.27384327112867424,1.2736225407650181e-08,1.812499322850769,1.8124993939134235,7.106265442757831e-08,0.24697215355595076,0.24697215563598837,2.080037614371477e-09,-0.06028326411187945,-0.06028326457891088,-4.67031427420217e-10,-0.12030636912258724,-0.12030651212185986,-1.4299927261762768e-07
0.6035,1.08,0.04,-0.7,2.0,0.3,0.04,0.01,22860,-0.28388341804644335,-0.28388340825051434,9.795929012401672e-09,1.5335130859606139,1.5335130573853164,-2.8575297461586047e-08,0.26271880870405717,0.26271880996902963,1.2649724601132561e-09,-0.05170246204992679,-0.0517024619047338,1.4519298957571536e-10,-0.19184625357229756,-0.1918463868758448,-1.3330354722840276e-07
0.83625,1.08,0.04,-0.7,2.0,0.3,0.04,0.01,22881,-0.2920036522240793,-0.29200364473984336,7.484235953203466e-09,1.3041810173475277,1.304181075164366,5.781683842798202e-08,0.26614264286146244,0.2661426435147202,6.532577812023987e-10,-0.04237326033332961,-0.04237326027011676,6.321285161980938e-11,-0.2994907453504961,-0.29949087399849217,-1.286479960893594e-07
0.8805833333333334,1.08,0.04,-0.7,2.0,0.3,0.04,0.01,22885,-0.29323802750624156,-0.29323802036697966,7.1392619038768146e-09,1.2723386615121068,1.2723386987623673,3.725026043177593e-08,0.2655402375717486,0.2655402381482362,5.764875798952573e-10,-0.040922484551286775,-0.04092248449958592,5.170085193295648e-11,-0.3201048094170905,-0.3201049381026795,-1.2868558896261817e-07
1.0135833333333333,1.08,0.04,-0.7,2.0,0.3,0.04,0.01,22897,-0.29654297392468776,-0.2965429676637039,6.260983842487633e-09,1.192296675278648,1.1922967147404935,3.94618455690221e-08,0.26236073915459485,0.26236073957735134,4.2275649647649516e-10,-0.036919473195319574,-0.03691947315474408,4.0575494353323194e-11,-0.3816383081286026,-0.3816384384558275,-1.3032722490091686e-07
1.1355,1.08,0.04,-0.7,2.0,0.3,0.04,0.01,22908,-0.299076816747193,-0.2990768111161831,5.631009880602278e-09,1.1348708320313428,1.1348708561219667,2.4090623940153932e-08,0.25821981326008825,0.2582198135962221,3.361338429819227e-10,-0.03365475605351942,-0.03365475600904263,4.447679030628038e-11,-0.43751171119342513,-0.4375118447426346,-1.3354920946895277e-07
1.2685,1.08,0.04,-0.7,2.0,0.3,0.04,0.01,22920,-0.30130676292143554,-0.3013067578152741,5.106161438117596e-09,1.0846575540512937,1.0846574740617938,-7.998949991261384e-08,0.2529230171192942,0.2529230174021861,2.8289187659069626e-10,-0.030550466499496,-0.03055046645213517,4.736082706569e-11,-0.4978748291516871,-0.4978749676526333,-1.3850094615630582e-07
1.335,1.08,0.04,-0.7,2.0,0.3,0.04,0.01,22926,-0.30221715994052656,-0.30221715505022473,4.8903018301516e-09,1.0631643204694896,1.0631644615478297,1.4107834012122566e-07,0.2500913951834771,0.25009139544515785,2.6168073263832525e-10,-0.029187437142058625,-0.029187437092700757,4.935786848681012e-11,-0.5278481798234175,-0.5278483212231141,-1.4139969661819407e-07
1.3571666666666666,1.08,0.04,-0.7,2.0,0.3,0.04,0.01,22928,-0.3024912889690312,-0.3024912841434783,4.825552901710495e-09,1.0564308899896346,1.0564308847582389,-5.231395761029489e-09,0.2491297540568871,0.24912975431750056,2.606134752447531e-10,-0.02876156750250547,-0.028761567455334522,4.7170947703456534e-11,-0.5378114182056498,-0.5378115606242493,-1.42418599469174e-07
1.468,1.08,0.04,-0.7,2.0,0.3,0.04,0.01,22938,-0.3036514274416813,-0.3036514228987826,4.5428986683582195e-09,1.0254190274672226,1.0254191842339468,1.5676672426856442e-07,0.2442372907469209,0.24423729099272165,2.4580074087232617e-10,-0.026843376123228402,-0.026843376076309343,4.69190589158508e-11,-0.5874395491838741,-0.5874396970175291,-1.4783365498427514e-07
1.70075,1.08,0.04,-0.7,2.0,0.3,0.04,0.01,22959,-0.30506263258747723,-0.30506262848862803,4.0988492044924385e-09,0.970401273225896,0.9704012332969655,-3.992893049531432e-08,0.23386254472436419,0.23386254497554615,2.511819641171087e-10,-0.023875873709153228,-0.023875873672725336,3.6427891952905966e-11,-0.6908478970161364,-0.6908480574871971,-1.6047106077277107e-07
1.8226666666666667,1.08,0.04,-0.7,2.0,0.3,0.04,0.01,22970,-0.3053355871389385,-0.3053355832198564,3.919082114389738e-09,0.9449754284629464,0.9449753760886209,-5.237432543214737e-08,0.22854437601992073,0.2285443762802644,2.6034366329419356e-10,-0.02280539224512601,-0.02280539221566471,2.946130145398129e-11,-0.7447201186736724,-0.7447202862536124,-1.6757994003580023e-07
0.30425,1.0822222222222222,0.04,-0.7,2.0,0.3,0.04,0.01,23014,-0.2529366583340145,-0.2529366383936599,1.9940354645253677e-08,2.13833489526305,2.138334994258691,9.899564101800706e-08,0.21296595705122892,0.21296596020182385,3.1505949238397335e-09,-0.06100422652862564,-0.06100422802807533,-1.4994496894127352e-09,-0.07304226002148931,-0.07304242187857174,-1.6185708243132702e-07
0.3929166666666667,1.0822222222222222,0.04,-0.7,2.0,0.3,0.04,0.01,23022,-0.26538785872994713,-0.2653878442095852,1.4520361912850888e-08,1.8977159690902745,1.8977160134202666,4.432999212156119e-08,0.23829618844995598,0.2382961908445698,2.3946138127950434e-09,-0.06166676247386371,-0.06166676340233844,-9.284747276572247e-10,-0.10204293753484847,-0.1020430854487484,-1.4791389993384918e-07
0.4261666666666667,1.0822222222222222,0.04,-0.7,2.0,0.3,0.04,0.01,23025,-0.26881437114472523,-0.26881435782557533,1.3319149894108762e-08,1.819577811340567,1.8195778154174074,4.0768404208080256e-09,0.2446082012515921,0.2446082033975907,2.145998601044141e-09,-0.060555979173836094,-0.06055597975154667,-5.777105738236088e-10,-0.11454329900132537,-0.1145434434636816,-1.4446235623022385e-07
0.43725,1.0822222222222222,0.04,-0.7,2.0,0.3,0.04,0.01,23026,-0.26983450092162714,-0.2698344879366702,1.2984956943018489e-08,1.7953502400025467,1.7953502990239203,5.9021373566281454e-08,0.2464262657713226,0.2464262678457222,2.074399596541099e-09,-0.060089609761337925,-0.06008961023755541,-4.762174821149046e-10,-0.11887041919237534,-0.11887056264818249,-1.4345580715002804e-07
0.76975,1.0822222222222222,0.04,-0.7,2.0,0.3,0.04,0.01,23056,-0.287002019733508,-0.28700201165152744,8.081980529262012e-09,1.3471242725493493,1.3471241866995967,-8.58497526401436e-08,0.26617457011601786,0.26617457089513824,7.791203793239276e-10,-0.04462289850865747,-0.044622898423715245,8.49422268633937e-11,-0.2665064837779549,-0.26650661292388467,-1.2914592978363615e-07
0.8805833333333334,1.0822222222222222,0.04,-0.7,2.0,0.3,0.04,0.01,23066,-0.2904211968476206,-0.2904211896867467,7.1608738938522265e-09,1.262804986967847,1.2628049221856148,-6.478223224526403e-08,0.2653108846481858,0.2653108852236528,5.754670073798707e-10,-0.04086068573369572,-0.040860685682015174,5.168054872939365e-11,-0.31791453737883835,-0.3179146659852743,-1.2860643594514443e-07
1.0246666666666666,1.0822222222222222,0.04,-0.7,2.0,0.3,0.04,0.01,23079,-0.2941652189323435,-0.29416521272620955,6.206133940089842e-09,1.178253118683248,1.1782530585118318,-6.017141607195242e-08,0.2618549826463243,0.2618549830560317,4.0970743464541215e-10,-0.03655592219521664,-0.03655592215313516,4.20814771917577e-11,-0.38434817604068167,-0.38434830640655987,-1.303658782036976e-07
1.2574166666666666,1.0822222222222222,0.04,-0.7,2.0,0.3,0.04,0.01,23100,-0.2987308197575228,-0.29873081460560286,5.151919946211336e-09,1.0815847009681967,1.0815846575394312,-4.342876547269725e-08,0.25329571377012694,0.25329571405361,2.8348307035130915e-10,-0.03075579418129748,-0.030755794134827402,4.647007778579848e-11,-0.49016017087850916,-0.49016030859227766,-1.3771376849991412e-07
1.2906666666666666,1.0822222222222222,0.04,-0.7,2.0,0.3,0.04,0.01,23103,-0.2992386145491549,-0.29923860951029274,5.038862160855473e-09,1.0705511990782846,1.0705512610500982,6.19718136807279e-08,0.25190893686390103,0.25190893714176443,2.7786339895641277e-10,-0.030049931451434087,-0.030049931403201485,4.823260194020129e-11,-0.5051301625686594,-0.5051303016625054,-1.3909384599664065e-07
1.30175,1.0822222222222222,0.04,-0.7,2.0,0.3,0.04,0.01,23104,-0.2994001366751764,-0.29940013167598095,4.9991954464978505e-09,1.0669909178417925,1.0669909710549248,5.321313234496472e-08,0.2514410831676306,0.2514410834347481,2.6711749478991464e-10,-0.02982173348063666,-0.02982173343134062,4.9296039472679354e-11,-0.5101128766032276,-0.510113016175514,-1.3957228639505104e-07
1.3571666666666666,1.0822222222222222,0.04,-0.7,2.0,0.3,0.04,0.01,23109,-0.3001508199126923,-0.3001508150792203,4.8334720115228436e-09,1.049989942214502,1.0499898294208294,-1.127936726241785e-07,0.24906708559105373,0.24906708585056014,2.595064163557481e-10,-0.028734072300209967,-0.028734072252315813,4.7894153920591265e-11,-0.534974447006023,-0.5349745890514646,-1.4204544152018883e-07
1.5899166666666666,1.0822222222222222,0.04,-0.7,2.0,0.3,0.04,0.01,23130,-0.3023450217787965,-0.30234501748222053,4.2965759838864415e-09,0.9895512173563326,0.9895512707882682,5.343193565376936e-08,0.23877541697546467,0.23877541721184883,2.36384162244363e-10,-0.025108379787044943,-0.02510837974551073,4.153421356845044e-11,-0.6385919432636694,-0.6385920970725601,-1.5380889073490778e-07
1.6453333333333333,1.0822222222222222,0.04,-0.7,2.0,0.3,0.04,0.01,23135,-0.3026630727648999,-0.30266306856795017,4.1969497321936444e-09,0.976998291990494,0.9769982031037929,-8.888670111062424e-08,0.23631424915127042,0.23631424939496257,2.4369214979280684e-10,-0.02445278277578289,-0.024452782735326202,4.0456686611900494e-11,-0.6631116641199475,-0.6631118209699908,-1.5685004328691576e-07
1.76725,1.0822222222222222,0.04,-0.7,2.0,0.3,0.04,0.01,23146,-0.30312708601154537,-0.3031270820124713,3.999074071892039e-09,0.9509892234804695,0.950989224709985,1.2295154894204074e-09,0.230959463021832,0.2309594632730872,2.512551833255827e-10,-0.02325125779495396,-0.023251257764200586,3.07533755405931e-11,-0.7169143338828926,-0.7169144976683419,-1.6378544931416883e-07
1.7894166666666667,1.0822222222222222,0.04,-0.7,2.0,0.3,0.04,0.01,23148,-0.3031795875028942,-0.30317958353490804,3.967986161867998e-09,0.9464546535387086,0.9464546288277824,-2.4710926194160265e-08,0.2299984315268927,0.22999843178227664,2.5538393622071e-10,-0.023064995385221887,-0.023064995352308406,3.2913480968455033e-11,-0.7266804354098821,-0.7266806004863758,-1.6507649369668087e-07
0.20450000000000002,1.0844444444444443,0.04,-0.7,2.0,0.3,0.04,0.01,23186,-0.2296597222088692,-0.22965969196493274,3.0243936466334276e-08,2.3359106593456858,2.335910722429586,6.30839003257222e-08,0.1615941685817468,0.1615941721908263,3.609079507471691e-09,-0.05445325138669216,-0.054453247528374576,3.858317582094983e-09,-0.04662411261201205,-0.04662430247524234,-1.898632302904657e-07
0.3264166666666667,1.0844444444444443,0.04,-0.7,2.0,0.3,0.04,0.01,23197,-0.25195218843842776,-0.25195216975110335,1.8687324410127104e-08,2.051147121248653,2.05114724044179,1.1919313669395137e-07,0.2199912231750159,0.2199912261246001,2.949584188005616e-09,-0.061448904881914596,-0.06144890641926627,-1.5373516765171402e-09,-0.07850267738833058,-0.07850283562670203,-1.5823837144768316e-07
0.43725,1.0844444444444443,0.04,-0.7,2.0,0.3,0.04,0.01,23207,-0.26586419001824874,-0.2658641767950774,1.3223171335674522e-08,1.7778767701093212,1.7778768226925512,5.258322999246445e-08,0.24585750333594447,0.24585750540403836,2.068093890583711e-09,-0.05988536097453062,-0.05988536146092602,-4.863953961820044e-10,-0.1174488460959841,-0.11744899000246789,-1.4390648378492799e-07
0.8805833333333334,1.0844444444444443,0.04,-0.7,2.0,0.3,0.04,0.01,23247,-0.28762557720440896,-0.2876255700329906,7.171418348050906e-09,1.2532495499706364,1.2532495631507845,1.318014808404655e-08,0.2650700714405124,0.26507007201153066,5.710182326978952e-10,-0.040795549476543846,-0.04079554942539794,5.11459069540976e-11,-0.31573654633625103,-0.3157366748601399,-1.285238888648621e-07
1.2130833333333333,1.0844444444444443,0.04,-0.7,2.0,0.3,0.04,0.01,23277,-0.2955684174754669,-0.2955684121560646,5.319402307524257e-09,1.0901032354571072,1.0901032606779602,2.522085296163823e-08,0.25498747248255127,0.25498747278010775,2.9755647945606256e-10,-0.031707009559150956,-0.031707009512079685,4.7071270492526907e-11,-0.4675118931186245,-0.4675120287944274,-1.3567580287032754e-07
1.30175,1.0844444444444443,0.04,-0.7,2.0,0.3,0.04,0.01,23285,-0.29703645813089485,-0.2970364531248331,5.006061731815947e-09,1.0603184497082196,1.0603185728869617,1.2317874209522017e-07,0.2513560175375351,0.25135601780911343,2.715783153917073e-10,-0.0297889495951692,-0.029788949547377153,4.779204809679527e-11,-0.5073603504789775,-0.5073604897002308,-1.392212533035675e-07
1.3239166666666666,1.0844444444444443,0.04,-0.7,2.0,0.3,0.04,0.01,23287,-0.29736338953340047,-0.2973633845966571,4.93674334745009e-09,1.0534557753905105,1.0534557512005265,-2.4189984015876576e-08,0.250419004672528,0.25041900493641905,2.638910756580515e-10,-0.02934476791192908,-0.02934476786406699,4.786209276130826e-11,-0.5172862239821024,-0.5172863641631776,-1.401810751922028e-07
1.36825,1.0844444444444443,0.04,-0.7,2.0,0.3,0.04,0.01,23291,-0.29797079982504804,-0.29797079502010254,4.804945497038915e-09,1.040330838142367,1.0403309563008507,1.1815848366403259e-07,0.2485190379776514,0.24851903823064864,2.5299723427352205e-10,-0.028498986400435355,-0.028498986353696854,4.673850195757723e-11,-0.5370977825731871,-0.5370979247492546,-1.4217606747468636e-07
1.4790833333333333,1.0844444444444443,0.04,-0.7,2.0,0.3,0.04,0.01,23301,-0.2992310928068287,-0.29923108827982486,4.527003827359266e-09,1.0104654946108127,1.0104654106288045,-8.398200823656055e-08,0.24366723954359626,0.24366723978603583,2.4243956842084913e-10,-0.026629571189748513,-0.026629571145181163,4.456734981062027e-11,-0.5864146226625122,-0.5864147702058333,-1.4754332111621693e-07
1.7229166666666667,1.0844444444444443,0.04,-0.7,2.0,0.3,0.04,0.01,23323,-0.30086592059545836,-0.30086591652750005,4.067958303544117e-09,0.9547977061763468,0.9547976710291922,-3.5147154631154365e-08,0.23289641773734104,0.23289641798200447,2.4466342840590016e-10,-0.02364408875264734,-0.023644088719192758,3.345458285397562e-11,-0.694096714428799,-0.6940968751403656,-1.6071156649921647e-07
1.8448333333333333,1.0844444444444443,0.04,-0.7,2.0,0.3,0.04,0.01,23334,-0.30119910833847907,-0.30119910444544634,3.893032729518353e-09,0.9301447417842112,0.9301447390902948,-2.6939164232686608e-09,0.22763508013418088,0.22763508038950672,2.5532584380094647e-10,-0.02263493659365734,-0.022634936562553363,3.110397703287582e-11,-0.7476711616212495,-0.7476713294159826,-1.6779473310801762e-07
1.8780833333333333,1.0844444444444443,0.04,-0.7,2.0,0.3,0.04,0.01,23337,-0.3012436716857969,-0.3012436678385561,3.847240803711571e-09,0.9236661574485439,0.9236661839233455,2.6474801684273075e-08,0.22622564648515364,0.2262256467481635,2.630098638878309e-10,-0.02240479338964929,-0.02240479336383239,2.5816900700581513e-11,-0.7622662597199514,-0.7622664294957094,-1.697757580076953e-07
1.9556666666666667,1.0844444444444443,0.04,-0.7,2.0,0.3,0.04,0.01,23344,-0.301279495068113,-0.3012794913205428,3.7475701986089405e-09,0.9088846925076055,0.9088845846339607,-1.0787364479458716e-07,0.2229864983085278,0.22298649858053932,2.7201152441591603e-10,-0.021932419259421132,-0.02193241923513232,2.428881054616916e-11,-0.7963084944345028,-0.7963086689114747,-1.7447697187034095e-07
0.02716666666666667,1.0866666666666667,0.04,-0.7,2.0,0.3,0.04,0.01,23351,-0.13239908587068389,-0.13239902137202597,6.449865791458009e-08,2.4702306193613577,2.470230524582616,-9.477874174379508e-08,-0.003170503717064843,-0.0031705037433519168,-2.6287073646297232e-11,-0.10053181512405251,-0.10053181563747253,-5.13420014836008e-10,0.013592513312364607,0.01359231707497785,-1.962373867570033e-07
0.17125,1.0866666666666667,0.04,-0.7,2.0,0.3,0.04,0.01,23364,-0.21897714983832445,-0.21897711699807526,3.284024918670525e-08,2.353600792731614,2.353600796751135,4.019521160358863e-09,0.13755445031984198,0.1375544537508701,3.4310281282756705e-09,-0.054957564430448136,-0.05495755811173472,6.318713413611121e-09,-0.03725359699915248,-0.03725379690385034,-1.9990469785763354e-07
0.18233333333333335,1.0866666666666667,0.04,-0.7,2.0,0.3,0.04,0.01,23365,-0.22076199728687795,-0.22076196503178885,3.2255089099653134e-08,2.332640879065817,2.332640966498579,8.743276191935934e-08,0.14565267235731177,0.14565267586369354,3.506381768270117e-09,-0.054265807375199204,-0.054265801732473994,5.642725210697197e-09,-0.04021398031611029,-0.04021417739884307,-1.9708273278629118e-07
0.2599166666666667,1.0866666666666667,0.04,-0.7,2.0,0.3,0.04,0.01,23372,-0.2350765224327228,-0.2350764971102958,2.5322427016361004e-08,2.1912335529394866,2.191233672914258,1.1997477145087032e-07,0.19224966752492273,0.19224967097757736,3.4526546344171294e-09,-0.05736002502261528,-0.05736002524847337,-2.2585808917563455e-10,-0.059221531984905706,-0.05922170621342402,-1.7422851831400132e-07
0.5148333333333334,1.0866666666666667,0.04,-0.7,2.0,0.3,0.04,0.01,23395,-0.26840913455401794,-0.2684091230618571,1.149216083407012e-08,1.6186347193136719,1.6186348105606552,9.124698330253977e-08,0.2550681345363584,0.25506813615716295,1.6208045461318932e-09,-0.05588282288079144,-0.05588282289886287,-1.807143323873106e-11,-0.14776163654701968,-0.14776177505022892,-1.385032092349192e-07
0.537,1.0866666666666667,0.04,-0.7,2.0,0.3,0.04,0.01,23397,-0.26991060358375063,-0.26991059250974647,1.10740041581181e-08,1.5842873013482972,1.5842873538586137,5.2510316539411406e-08,0.2570670550847143,0.25706705660189,1.5171757183907175e-09,-0.054725371903749376,-0.0547253718573672,4.6382175877823784e-11,-0.15727337656874785,-0.1572735137603429,-1.3719159505654055e-07
0.5813333333333334,1.0866666666666667,0.04,-0.7,2.0,0.3,0.04,0.01,23401,-0.2725865237223485,-0.272586513375796,1.0346552503648354e-08,1.5221050267411051,1.5221050557425742,2.900146900408629e-08,0.2602539547502322,0.26025395608182333,1.3315911151501325e-09,-0.05246264973668424,-0.0524626496199341,1.1675014427448005e-10,-0.1767126930878396,-0.17671282799131954,-1.3490347994249419e-07
0.7475833333333334,1.0866666666666667,0.04,-0.7,2.0,0.3,0.04,0.01,23416,-0.2802245085280902,-0.28022450018108697,8.347003255249064e-09,1.3443443233618346,1.3443443615876882,3.8225853593587544e-08,0.26544748785068545,0.2654474886687503,8.180648380928801e-10,-0.04527976572073905,-0.045279765623645926,9.709312520644886e-11,-0.2522747087651406,-0.2522748383166579,-1.2955151734717063e-07
1.4458333333333333,1.0866666666666667,0.04,-0.7,2.0,0.3,0.04,0.01,23479,-0.2966326520500995,-0.2966326474383697,4.611729775838569e-09,1.012891595597587,1.012891575062323,-2.0535263933751935e-08,0.2450777211405325,0.24507772138135245,2.4081994731695033e-10,-0.02712976713149795,-0.027129767087871022,4.362692845871763e-11,-0.5687235665433749,-0.5687237120139048,-1.4547052995528276e-07
1.6231666666666666,1.0866666666666667,0.04,-0.7,2.0,0.3,0.04,0.01,23495,-0.29820524081319855,-0.2982052365747198,4.238478734652773e-09,0.9706553699695419,0.9706553051979213,-6.477162062257236e-08,0.23726365261725335,0.23726365285494297,2.3768961798786847e-10,-0.024679133220628646,-0.02467913317937435,4.125429511891987e-11,-0.6470111138769802,-0.6470112685394949,-1.5466251468421177e-07
1.8559166666666667,1.0866666666666667,0.04,-0.7,2.0,0.3,0.04,0.01,23516,-0.29915959607058895,-0.2991595921959515,3.874637444223339e-09,0.9228056582766264,0.9228056901897361,3.1913109710401955e-08,0.22717784539869057,0.22717784565500185,2.5631127775760376e-10,-0.022552586819296616,-0.022552586791887083,2.740953297664106e-11,-0.7491289157891129,-0.7491290836866246,-1.678975116714554e-07
0.11583333333333334,1.0888888888888888,0.04,-0.7,2.0,0.3,0.04,0.01,23540,-0.20265953491301752,-0.20265949830065536,3.6612362169785584e-08,2.473512639850073,2.473512795371529,1.555214561577145e-07,0.09048370832705904,0.09048371091886238,2.5918033413896424e-09,-0.06512844791094902,-0.06512844252090916,5.390039858887974e-09,-0.01984629683204897,-0.0198465040879024,-2.0725585343078778e-07
0.3596666666666667,1.0888888888888888,0.04,-0.7,2.0,0.3,0.04,0.01,23562,-0.24832005299299867,-0.24832003575787823,1.7235120441938534e-08,1.91697836805782,1.9169783940565048,2.5998684760608626e-08,0.22835406981183692,0.22835407245220005,2.6403631225857538e-09,-0.06121768682637932,-0.06121768814012522,-1.3137459037304566e-09,-0.08672752558325919,-0.08672767959832163,-1.5401506243961638e-07
0.5259166666666667,1.0888888888888888,0.04,-0.7,2.0,0.3,0.04,0.01,23577,-0.26563397459471866,-0.26563396320491717,1.1389801490846452e-08,1.586053541974275,1.586053633389003,9.141472800955341e-08,0.2555932684348075,0.25559326999405113,1.5592436231059992e-09,-0.055149327033154893,-0.05514932702708716,6.0677365909533876e-12,-0.15091759015203182,-0.15091772829117708,-1.381391452615066e-07
0.6256666666666667,1.0888888888888888,0.04,-0.7,2.0,0.3,0.04,0.01,23586,-0.27167866878344965,-0.27167865900016425,9.783285404019182e-09,1.4542162606046016,1.454216323561543,6.2956941437875e-08,0.2621208350245957,0.2621208361855994,1.1610036820819403e-09,-0.0502218898386711,-0.05022188970536154,1.333095578370802e-10,-0.19480125606000098,-0.19480138924463958,-1.331846385954627e-07
0.67,1.0888888888888888,0.04,-0.7,2.0,0.3,0.04,0.01,23590,-0.2738730363764999,-0.2738730271539209,9.222578978285156e-09,1.4060584051234226,1.4060584722400045,6.711658184777036e-08,0.2637141722409281,0.2637141732607667,1.0198386024562467e-09,-0.048266231912307,-0.04826623178470682,1.276001804217941e-10,-0.2148519649014871,-0.21485209649526674,-1.3159377962312924e-07
0.6810833333333334,1.0888888888888888,0.04,-0.7,2.0,0.3,0.04,0.01,23591,-0.27438790886957776,-0.27438789977810496,9.091472796818323e-09,1.3948200747182504,1.3948201448077737,7.00895232963461e-08,0.2640137561425032,0.26401375712805125,9.855480320730692e-10,-0.047801445611297955,-0.047801445486310684,1.249872705333388e-10,-0.21989547986423635,-0.21989561111254052,-1.312483041693291e-07
0.76975,1.0888888888888888,0.04,-0.7,2.0,0.3,0.04,0.01,23599,-0.27812932152829206,-0.2781293133776303,8.150661756634037e-09,1.3146397290220158,1.3146396666390876,-6.238292815652358e-08,0.2652425086057189,0.2652425093676477,7.61928797832212e-10,-0.044381587660478894,-0.04438158757786985,8.26090446048866e-11,-0.2604953202182958,-0.2604954494194245,-1.2920112868464173e-07
0.8140833333333334,1.0888888888888888,0.04,-0.7,2.0,0.3,0.04,0.01,23603,-0.2797968792660199,-0.27979687152091176,7.745108165924108e-09,1.2801213283841761,1.2801213124167916,-1.5967384525694683e-08,0.2652138337579796,0.2652138344293003,6.713207212349914e-10,-0.04283268272599339,-0.042832682659600024,6.63933630296043e-11,-0.28087049700191435,-0.28087062564679405,-1.2864487969332927e-07
1.2241666666666666,1.0888888888888888,0.04,-0.7,2.0,0.3,0.04,0.01,23640,-0.29097014872019045,-0.29097014343858074,5.281609705143353e-09,1.0720757517845847,1.0720758301280788,7.834349413649022e-08,0.2543052893539538,0.25430528964065513,2.867013293439413e-10,-0.0313730441268284,-0.03137304407925446,4.7573937844713754e-11,-0.4672428593789635,-0.46724299484629767,-1.3546733418356993e-07
1.2795833333333333,1.0888888888888888,0.04,-0.7,2.0,0.3,0.04,0.01,23645,-0.29197983011021444,-0.29197982502572306,5.084491383477996e-09,1.0538457120845557,1.0538456796182767,-3.2466278998555254e-08,0.25207656363691877,0.2520765639077713,2.708525070893586e-10,-0.030173825901896878,-0.030173825852151507,4.974537101687382e-11,-0.49201038427225396,-0.4920105218818917,-1.3760963774034352e-07
1.4790833333333333,1.0888888888888888,0.04,-0.7,2.0,0.3,0.04,0.01,23663,-0.29476698283403824,-0.29476697829821175,4.535826492180206e-09,0.9983816356973207,0.9983816804853144,4.478799364715513e-08,0.24356381808740557,0.2435638183224531,2.3504753698944114e-10,-0.026583607001459675,-0.026583606957579428,4.388024665846757e-11,-0.5804927791264874,-0.5804929258135159,-1.4668702841280634e-07
1.6453333333333333,1.0888888888888888,0.04,-0.7,2.0,0.3,0.04,0.01,23678,-0.29620573342305223,-0.2962057292224152,4.2006370049030295e-09,0.9601992520535951,0.9601993706331556,1.1857956050409513e-07,0.23626557136932624,0.23626557160483175,2.35505503987099e-10,-0.024413879515933212,-0.02441387947674298,3.9190230921581914e-11,-0.6536047634868314,-0.653604918868212,-1.5538138065096518e-07
1.8226666666666667,1.0888888888888888,0.04,-0.7,2.0,0.3,0.04,0.01,23694,-0.2970287736966254,-0.2970287697734258,3.923199598521165e-09,0.9240557805045846,0.9240557601514778,-2.035310675552182e-08,0.22859515183104584,0.22859515208242973,2.513838859297124e-10,-0.02278757932940023,-0.02278757930327528,2.6124952895445475e-11,-0.7312085065667995,-0.7312086719604859,-1.6539368641321772e-07
1.9224166666666667,1.0888888888888888,0.04,-0.7,2.0,0.3,0.04,0.01,23703,-0.2972303706291757,-0.2972303668423018,3.7868738700375104e-09,0.905064512224385,0.905064437010659,-7.521372602514731e-08,0.2244034819187668,0.22440348218004333,2.6127652819063485e-10,-0.02212085130216812,-0.022120851278447658,2.3720463093734878e-11,-0.7747750005111798,-0.7747751718098875,-1.7129870777399248e-07
0.16016666666666668,1.0911111111111111,0.04,-0.7,2.0,0.3,0.04,0.01,23725,-0.2068293110639094,-0.20682927708223162,3.398167777723948e-08,2.2877766382711773,2.2877766937117943,5.544061698614655e-08,0.12742797717575638,0.1274279804482386,3.272482229643714e-09,-0.055369454447784516,-0.05536944816465756,6.283126956219132e-09,-0.032756428013473726,-0.03275663160883925,-2.035953655249445e-07
0.537,1.0911111111111111,0.04,-0.7,2.0,0.3,0.04,0.01,23759,-0.262935356089046,-0.26293534481530934,1.1273736666428391e-08,1.5544852384474783,1.5544852811008505,4.265337216757814e-08,0.25604768909094633,0.2560476905935695,1.5026231925396871e-09,-0.054421796744641426,-0.05442179670959979,3.504163625933643e-11,-0.1540844793428836,-0.15408461710927543,-1.3776639182228045e-07
0.6145833333333334,1.0911111111111111,0.04,-0.7,2.0,0.3,0.04,0.01,23766,-0.2678460720937498,-0.2678460621069463,9.986803495287688e-09,1.4538486817206042,1.4538487278846832,4.6164079003929714e-08,0.26116650169653866,0.2611665028911045,1.1945658351386612e-09,-0.05061328948084698,-0.0506132893491347,1.31712279971552e-10,-0.18809851869326655,-0.18809865251490057,-1.3382163402408942e-07
1.2795833333333333,1.0911111111111111,0.04,-0.7,2.0,0.3,0.04,0.01,23826,-0.2896454847308577,-0.289645479646233,5.084624721263253e-09,1.0470649638993912,1.0470650505112433,8.661185213476585e-08,0.25196188003347164,0.2519618802999394,2.6646773676475277e-10,-0.030134727892969226,-0.030134727846065256,4.690397029105675e-11,-0.48932379392366276,-0.48932393119310735,-1.3726944458891666e-07
1.4458333333333333,1.0911111111111111,0.04,-0.7,2.0,0.3,0.04,0.01,23841,-0.29215823586115075,-0.29215823124934653,4.61180421629237e-09,1.0005942852053806,1.0005942942084054,9.003024770137813e-09,0.24494534005381485,0.24494534029031728,2.365024287520612e-10,-0.02707702026351344,-0.02707702021650015,4.701328909506586e-11,-0.5629100561255901,-0.5629102007660729,-1.44640482813152e-07
1.601,1.0911111111111111,0.04,-0.7,2.0,0.3,0.04,0.01,23855,-0.2937424858573401,-0.29374248157404703,4.283293053575221e-09,0.9641691944839437,0.9641692241412474,2.9657303723951145e-08,0.23817378218930763,0.238173782420001,2.3069338106473936e-10,-0.02490799176933789,-0.02490799172911719,4.022069829967556e-11,-0.6310600701780328,-0.6310602226959295,-1.5251789675652105e-07
1.6453333333333333,1.0911111111111111,0.04,-0.7,2.0,0.3,0.04,0.01,23859,-0.2940781827465849,-0.29407817854392065,4.202664272145995e-09,0.9545962229018379,0.9545961784564356,-4.444540224746163e-08,0.23623691673010927,0.2362369169624112,2.3230192769396751e-10,-0.02439877383471345,-0.02439877379915175,3.556169941854037e-11,-0.6504614444719642,-0.650461599366977,-1.5489501281606977e-07
1.76725,1.0911111111111111,0.04,-0.7,2.0,0.3,0.04,0.01,23870,-0.29476873608554055,-0.2947687320825831,4.002957465498724e-09,0.9296380179546482,0.9296379823582784,-3.559636974070912e-08,0.23095758997421223,0.23095759021517065,2.409584198836967e-10,-0.023220324811557003,-0.023220324781818374,2.973862822663875e-11,-0.7037021668698101,-0.7037023285404821,-1.61670671960934e-07
1.8891666666666667,1.0911111111111111,0.04,-0.7,2.0,0.3,0.04,0.01,23881,-0.29516206249906307,-0.2951620586744208,3.8246422695564775e-09,0.9062031555706618,0.9062031865762716,3.100560985735967e-08,0.2257954931150774,0.22579549336920607,2.5412866255791755e-10,-0.022321786027207358,-0.02232178600203213,2.5175226486817692e-11,-0.7568385227588875,-0.7568386915040665,-1.6874517894116536e-07
2.0,1.0911111111111111,0.04,-0.7,2.0,0.3,0.04,0.01,23891,-0.2953058037213213,-0.29530580003697954,3.6843417761112107e-09,0.8858711056380919,0.8858710517387994,-5.3899292473680305e-08,0.22124158001006478,0.22124158027920884,2.691440681434898e-10,-0.021699663572960493,-0.021699663553611807,1.934868584796412e-11,-0.8051172397394862,-0.8051174151648528,-1.754253665664507e-07
0.08258333333333334,1.0933333333333333,0.04,-0.7,2.0,0.3,0.04,0.01,23899,-0.17765067634126913,-0.17765063218952004,4.4151749090115544e-08,2.4962037235842782,2.4962037918306748,6.824639653402187e-08,0.056616636132586495,0.056616637757249726,1.6246632303373865e-09,-0.07377568771796406,-0.07377568757678578,1.411782774018988e-10,-0.007917451580082002,-0.007917655993955466,-2.0441387346345485e-07
0.138,1.0933333333333333,0.04,-0.7,2.0,0.3,0.04,0.01,23904,-0.1975320963440788,-0.19753206095865158,3.5385427227252464e-08,2.2993424518558125,2.2993425090422877,5.718647511088193e-08,0.10859519381421767,0.10859519676149872,2.947281044218819e-09,-0.058571244780161735,-0.05857123910443128,5.675730455068084e-09,-0.025659398880661932,-0.025659606027050034,-2.0714638810162556e-07
0.271,1.0933333333333333,0.04,-0.7,2.0,0.3,0.04,0.01,23916,-0.22314317180128357,-0.22314314633636564,2.5464917924322705e-08,2.0666236964783646,2.0666238159240926,1.1944572797517594e-07,0.1948786460484117,0.19487864937844185,3.330030140524798e-09,-0.05682501543431695,-0.05682501598005174,-5.457347906911991e-10,-0.059182029517081125,-0.05918220315931456,-1.7364223343224738e-07
0.90275,1.0933333333333333,0.04,-0.7,2.0,0.3,0.04,0.01,23973,-0.2774364563371684,-0.2774364493129593,7.024209103256851e-09,1.2013766939600323,1.2013767299932256,3.603319331801913e-08,0.2636598421053987,0.26365984262653314,5.211344134004037e-10,-0.039814001568591606,-0.039814001518500265,5.009134079747568e-11,-0.3172506641694467,-0.31725079237135073,-1.282019040371729e-07
0.9692500000000001,1.0933333333333333,0.04,-0.7,2.0,0.3,0.04,0.01,23979,-0.2796318513350812,-0.2796318447758494,6.559231824354583e-09,1.1642454091076448,1.164245366255928,-4.28517168415965e-08,0.2623136768105383,0.2623136772538713,4.433329814368392e-10,-0.03783008634097168,-0.037830086297226645,4.3745035371856034e-11,-0.34748273849052186,-0.34748286711981546,-1.2862929360535347e-07
1.0246666666666666,1.0933333333333333,0.04,-0.7,2.0,0.3,0.04,0.01,23984,-0.28130373074690407,-0.2813037245276152,6.219288861686323e-09,1.1368013030921276,1.1368012534846421,-4.960748545279614e-08,0.26086712416863167,0.26086712456147043,3.9283876152040875e-10,-0.03626426795640125,-0.03626426791478648,4.16147741266748e-11,-0.37257221116311634,-0.3725723405763675,-1.2941325117088454e-07
1.1244166666666666,1.0933333333333333,0.04,-0.7,2.0,0.3,0.04,0.01,23993,-0.2839751243101721,-0.28397511861006597,5.700106109340908e-09,1.0940099472167564,1.0940099857580865,3.854133012737293e-08,0.2577056422707266,0.2577056425968544,3.261277914390348e-10,-0.03364234676898198,-0.033642346728220175,4.07618036546431e-11,-0.41746864854551313,-0.41746878021893896,-1.316734258294261e-07
1.3571666666666666,1.0933333333333333,0.04,-0.7,2.0,0.3,0.04,0.01,24014,-0.28866354555748264,-0.2886635407138353,4.8436473165658356e-09,1.0177071435579776,1.0177071768808637,3.332288600610411e-08,0.24864247050802868,0.24864247075435292,2.4632423878401255e-10,-0.028575082927362327,-0.028575082877739705,4.96226219837137e-11,-0.5209746748684879,-0.5209748150342287,-1.4016574079178667e-07
1.5234166666666666,1.0933333333333333,0.04,-0.7,2.0,0.3,0.04,0.01,24029,-0.2908589591142652,-0.2908589546765356,4.43772957270383e-09,0.9758232194512217,0.9758232528268376,3.337561582661408e-08,0.24150927908840603,0.24150927931340835,2.2500232232935957e-10,-0.02589096945407321,-0.025890969413227896,4.0845313242776626e-11,-0.594053939675307,-0.5940540877134829,-1.480381759400018e-07
1.8448333333333333,1.0933333333333333,0.04,-0.7,2.0,0.3,0.04,0.01,24058,-0.293023398085443,-0.29302339419557916,3.8898638199391655e-09,0.9093942085480755,0.9093941521954503,-5.635262523284723e-08,0.22765167821646448,0.22765167846000448,2.4353999372728197e-10,-0.02261287908068843,-0.02261287905260481,2.8083622233276984e-11,-0.7341671580561593,-0.7341673236445632,-1.6558840387759233e-07
0.24883333333333335,1.0955555555555556,0.04,-0.7,2.0,0.3,0.04,0.01,24095,-0.21384401755822346,-0.2138439895405966,2.8017626857446132e-08,2.0691162949670883,2.0691163612236987,6.625661042036768e-08,0.18300006978978767,0.18300007321382847,3.424040800892314e-09,-0.054701618865532486,-0.0547016182265137,6.390187892724164e-10,-0.052970960533194056,-0.05297114116761222,-1.806344181662367e-07
0.50375,1.0955555555555556,0.04,-0.7,2.0,0.3,0.04,0.01,24118,-0.2533424821408656,-0.25334246995282944,1.2188036135896141e-08,1.5729000872599652,1.5729001369955686,4.9735603413481044e-08,0.25169745306842517,0.25169745471602184,1.6475966702067524e-09,-0.05574069539729387,-0.0557406954946407,-9.734683198425742e-11,-0.1370103756775931,-0.13701051622983468,-1.4055224156761525e-07
0.6256666666666667,1.0955555555555556,0.04,-0.7,2.0,0.3,0.04,0.01,24129,-0.2621149571668466,-0.26211494725750106,9.909345510816792e-09,1.4148139333702847,1.4148139092452978,-2.4124986897078315e-08,0.2607597274026027,0.26075972854413104,1.1415283163174195e-09,-0.04984871501134691,-0.04984871488644144,1.2490546791310564e-10,-0.1895978180989008,-0.18959795179749828,-1.336985974709215e-07
1.0025,1.0955555555555556,0.04,-0.7,2.0,0.3,0.04,0.01,24163,-0.278111147822592,-0.278111141479339,6.343252978435743e-09,1.1389655753257788,1.138965480718357,-9.460742189659754e-08,0.2612409224179296,0.26124092282559197,4.076623483229014e-10,-0.036813614031350195,-0.036813613987359106,4.3991088549688584e-11,-0.3602608056895232,-0.36026093457030306,-1.2888077988160163e-07
1.10225,1.0955555555555556,0.04,-0.7,2.0,0.3,0.04,0.01,24172,-0.2809756385392312,-0.2809756327386498,5.800581404091787e-09,1.0951311711637768,1.095131128472719,-4.269105779997062e-08,0.2582667361870905,0.2582667365171292,3.300387185767306e-10,-0.03414488674385874,-0.034144886701321764,4.2536973943185785e-11,-0.40509660319539703,-0.4050967340376694,-1.308422723500513e-07
1.23525,1.0955555555555556,0.04,-0.7,2.0,0.3,0.04,0.01,24184,-0.28412864971148755,-0.2841286444753254,5.23616217051881e-09,1.047346599725163,1.0473465708504233,-2.8874739710360586e-08,0.2534572400205576,0.2534572402934098,2.7285224080131343e-10,-0.03099343609105909,-0.030993436045273038,4.578605203309216e-11,-0.46435658171355143,-0.4643567166442291,-1.349306776865511e-07
1.2574166666666666,1.0955555555555556,0.04,-0.7,2.0,0.3,0.04,0.01,24186,-0.2845847598394874,-0.2845847546811038,5.158383609149553e-09,1.040314663580677,1.0403146536942662,-9.886410801129841e-09,0.25259052210228894,0.25259052236994334,2.6765439864462337e-10,-0.030515725013488537,-0.030515724964508512,4.898002489706066e-11,-0.4741792389352517,-0.4741793746772025,-1.3574195079080198e-07
1.6564166666666666,1.0955555555555556,0.04,-0.7,2.0,0.3,0.04,0.01,24222,-0.28994726482496624,-0.2899472606460236,4.17894263637919e-09,0.9410963661138361,0.9410963771273286,1.101349256238393e-08,0.23568197449537476,0.23568197472366237,2.282876110371035e-10,-0.024246375033287748,-0.024246374999758933,3.352881514095962e-11,-0.6490338346827607,-0.6490339891975118,-1.5451475110506152e-07
0.02716666666666667,1.0977777777777777,0.04,-0.7,2.0,0.3,0.04,0.01,24256,-0.10730954390063968,-0.1073094827086023,6.119203738164103e-08,2.0495618389959613,2.0495616088817683,-2.3011419303387015e-07,-0.0033551820106600405,-0.0033551820387356882,-2.8075647709457918e-11,-0.07913269065705497,-0.07913271456636518,-2.3909310212233414e-08,0.010910672015862488,0.01091047947304836,-1.9254281412826868e-07
0.50375,1.0977777777777777,0.04,-0.7,2.0,0.3,0.04,0.01,24299,-0.2498652530621981,-0.24986524078241729,1.2279780803314821e-08,1.5565858643706854,1.556585873302251,8.931565709247025e-09,0.251086443379539,0.25108644501740046,1.6378614575707218e-09,-0.05554137772721679,-0.055541377834198886,-1.0698209679249615e-10,-0.13553121698605536,-0.13553135786669973,-1.408806443725652e-07
0.6145833333333334,1.0977777777777777,0.04,-0.7,2.0,0.3,0.04,0.01,24309,-0.2582875027600656,-0.25828749265885625,1.0101209368951203e-08,1.413644007408621,1.413644088886372,8.1477750990544e-08,0.2597298315801244,0.25972983275450373,1.1743793160157168e-09,-0.05021220668276205,-0.05021220656294604,1.198160112791946e-10,-0.18299310349179781,-0.1829932378631021,-1.3437130427784716e-07
0.6256666666666667,1.0977777777777777,0.04,-0.7,2.0,0.3,0.04,0.01,24310,-0.25898561984309676,-0.25898560990757385,9.935522904402916e-09,1.4015833896263707,1.4015833981687298,8.542359042351677e-09,0.26027528493753616,0.2602752860740894,1.1365532404106204e-09,-0.04971340930838564,-0.049713409188346824,1.2003881222355517e-10,-0.1878902678991226,-0.18789040176619554,-1.3386707292672995e-07
0.8473333333333334,1.0977777777777777,0.04,-0.7,2.0,0.3,0.04,0.01,24330,-0.2699851924588964,-0.26998518499852087,7.460375539558584e-09,1.2164943816173057,1.2164943895256488,7.90834309150057e-09,0.2637319774382099,0.26373197803487297,5.966630522991068e-10,-0.0413904795178166,-0.04139047946072187,5.709473172021973e-11,-0.2878540927656742,-0.2878542209662363,-1.2820056211060304e-07
1.10225,1.0977777777777777,0.04,-0.7,2.0,0.3,0.04,0.01,24353,-0.27855060410583027,-0.278550598311863,5.7939672504225825e-09,1.0874012072725758,1.0874012658057028,5.8533127011983765e-08,0.2580650172115048,0.25806501754387257,3.3236774443778927e-10,-0.03408501589051427,-0.03408501584732568,4.3188591591913905e-11,-0.4026840628614664,-0.40268419346262674,-1.3060116033081215e-07
1.16875,1.0977777777777777,0.04,-0.7,2.0,0.3,0.04,0.01,24359,-0.28027395046710535,-0.2802739449759992,5.491106125354861e-09,1.0626111449085762,1.062611087783699,-5.7124877272940466e-08,0.25578103059083895,0.25578103088705184,2.962128875516612e-10,-0.0324555028385215,-0.03245550279370484,4.4816657329693754e-11,-0.43229603988781395,-0.4322961723105602,-1.3242274626845685e-07
1.1909166666666666,1.0977777777777777,0.04,-0.7,2.0,0.3,0.04,0.01,24361,-0.2808060395241563,-0.28080603412080585,5.403350433752507e-09,1.0549365325740467,1.0549365741278562,4.1553809504435435e-08,0.2549744824132186,0.2549744827034029,2.9018432101679537e-10,-0.03193875864001411,-0.03193875859465212,4.536199194049573e-11,-0.44213452251883056,-0.44213465563291926,-1.3311408869620678e-07
1.6675,1.0977777777777777,0.04,-0.7,2.0,0.3,0.04,0.01,24404,-0.28795104736911714,-0.2879510432096793,4.159437849704517e-09,0.933270197234215,0.933270248617315,5.138309999708213e-08,0.2351602487386112,0.23516024896349372,2.2488252926500252e-10,-0.024113025862484982,-0.02411302582899009,3.349489088866342e-11,-0.650722361816708,-0.6507225164342227,-1.5461751479151076e-07
1.8005,1.0977777777777777,0.04,-0.7,2.0,0.3,0.04,0.01,24416,-0.28880178363478726,-0.288801779689766,3.945021254114778e-09,0.9073155463057425,0.9073154295907249,-1.1671501765064818e-07,0.2294884424404453,0.2294884426755128,2.350674932483088e-10,-0.022920862982056533,-0.022920862954742726,2.7313807465789708e-11,-0.7083176189454088,-0.7083177809037187,-1.619583098744215e-07
1.8891666666666667,1.0977777777777777,0.04,-0.7,2.0,0.3,0.04,0.01,24424,-0.2891717176978226,-0.28917171387769147,3.820131100340518e-09,0.8909065762896518,0.8909065899065027,1.3616850980113782e-08,0.22578346020450668,0.22578346045271921,2.4821253385987063e-10,-0.022303311955282346,-0.022303311930386312,2.489603315170008e-11,-0.7466655918345055,-0.7466657588891884,-1.6705468286470904e-07
1.9335,1.0977777777777777,0.04,-0.7,2.0,0.3,0.04,0.01,24428,-0.289305476000451,-0.28930547224146774,3.758983235790936e-09,0.8829146108668695,0.8829146853363766,7.446950711642586e-08,0.22396050022056857,0.22396050047399146,2.5342289378116334e-10,-0.02203943971171296,-0.022039439690420267,2.1292693302976673e-11,-0.7658357654399123,-0.7658359351031161,-1.696632038195034e-07
0.21558333333333335,1.1,0.04,-0.7,2.0,0.3,0.04,0.01,24454,-0.19778017431772849,-0.1977801430684272,3.1249301285507514e-08,2.0309464367207486,2.0309464274153872,-9.30536137033755e-09,0.16212376716753102,0.1621237705968479,3.4293168860166645e-09,-0.05184459183200235,-0.051844588789786435,3.0422159166820784e-09,-0.04368882423260584,-0.043689016332506825,-1.9209990098634222e-07
0.48158333333333336,1.1,0.04,-0.7,2.0,0.3,0.04,0.01,24478,-0.24423259703601485,-0.24423258405849593,1.2977518920598285e-08,1.5738368726314622,1.5738368680665604,-4.564901789905207e-09,0.24780746968581027,0.24780747142962092,1.743810651433364e-09,-0.05636626559009372,-0.05636626582035376,-2.3026004020154645e-10,-0.1251021209150091,-0.12510226385378295,-1.4293877384496945e-07
0.5259166666666667,1.1,0.04,-0.7,2.0,0.3,0.04,0.01,24482,-0.24843898441088974,-0.24843897259675987,1.1814129868836787e-08,1.5085715218687845,1.508571590422204,6.855341938560855e-08,0.2527594170347036,0.25275941855840073,1.5236971129262145e-09,-0.05426798779430836,-0.05426798782265785,-2.834948942265214e-11,-0.14322852286603044,-0.14322866249643193,-1.3963040149111983e-07
0.7365,1.1,0.04,-0.7,2.0,0.3,0.04,0.01,24501,-0.26219165107567444,-0.2621916425474065,8.528267925189681e-09,1.2860481971022075,1.2860481685468164,-2.8555391162754518e-08,0.2630862835055481,0.26308628432170056,8.161524789329633e-10,-0.04509631686924753,-0.045096316777210765,9.203676709645947e-11,-0.2357245590816487,-0.23572468913956143,-1.3005791274500744e-07
0.9138333333333334,1.1,0.04,-0.7,2.0,0.3,0.04,0.01,24517,-0.26994426182962855,-0.26994425490560914,6.924019413379057e-09,1.167095810966634,1.1670959039508992,9.298426517645453e-08,0.2626027341109255,0.2626027346081149,4.971894007610445e-10,-0.039235026862670386,-0.03923502681672068,4.594970237636886e-11,-0.315844400852576,-0.3158445287528554,-1.2790027942299886e-07
1.0911666666666666,1.1,0.04,-0.7,2.0,0.3,0.04,0.01,24533,-0.2758267521384139,-0.27582674629662135,5.841792549698965e-09,1.084022463460066,1.0840224557507065,-7.709359373109237e-09,0.25820820492752916,0.2582082052626484,3.3511926567086903e-10,-0.034304962201608946,-0.03430496215859348,4.301546618901142e-11,-0.395349123003888,-0.39534925310560737,-1.3010171934224601e-07
1.16875,1.1,0.04,-0.7,2.0,0.3,0.04,0.01,24540,-0.27792072663918727,-0.27792072115562455,5.483562715014045e-09,1.0552919295359064,1.0552919153663438,-1.416956263433633e-08,0.2555972489830943,0.2555972492777564,2.9466207251971355e-10,-0.03240025230787785,-0.032400252261986305,4.5891547506560215e-11,-0.4298059499884335,-0.4298060821299082,-1.321414746513483e-07
1.4901666666666666,1.1,0.04,-0.7,2.0,0.3,0.04,0.01,24569,-0.2839901309461407,-0.2839901264415894,4.5045512875319105e-09,0.9656035956928655,0.9656036028782164,7.185350980876137e-09,0.2427154587959779,0.24271545901970315,2.2372526053970887e-10,-0.026284496651915457,-0.02628449660710391,4.4811546834333527e-11,-0.5707288959407031,-0.5707290410301106,-1.4508940748836352e-07
1.8448333333333333,1.1,0.04,-0.7,2.0,0.3,0.04,0.01,24601,-0.28701256488856963,-0.28701256101437317,3.874196463637958e-09,0.8938624881937862,0.8938626362509763,1.4805719006361073e-07,0.22760611491007277,0.22760611514879353,2.387207653775647e-10,-0.02258651421734037,-0.022586514188624073,2.8716296701647437e-11,-0.724177228096437,-0.7241773920353783,-1.6393894131105924e-07
0.138,1.1022222222222222,0.04,-0.7,2.0,0.3,0.04,0.01,24628,-0.1779373413786714,-0.17793730563580848,3.574286291940787e-08,2.109157063584499,2.1091570229746384,-4.0609860807450104e-08,0.10518665460958199,0.10518665740906818,2.7994861984126373e-09,-0.05654955273676904,-0.05654954865500017,4.08176886734779e-09,-0.023212687370183227,-0.023212895856402044,-2.0848621881675022e-07
0.14908333333333335,1.1022222222222222,0.04,-0.7,2.0,0.3,0.04,0.01,24629,-0.18042922230728647,-0.18042918736047273,3.4946813748382155e-08,2.0821503167456346,2.0821503515484956,3.4802861037519506e-08,0.11424968662087504,0.11424968958413674,2.963261705457576e-09,-0.05476493417103101,-0.05476492950952748,4.661503530400957e-09,-0.02632499876469019,-0.026325206371948146,-2.0760725795779256e-07
0.6256666666666667,1.1022222222222222,0.04,-0.7,2.0,0.3,0.04,0.01,24672,-0.2528153290558624,-0.25281531908379284,9.972069558994434e-09,1.375031106337632,1.3750311737068697,6.736923774397496e-08,0.2592616862056446,0.25926168732862476,1.1229801533119144e-09,-0.049427004471802594,-0.04942700435739835,1.144042430234471e-10,-0.18451552482184191,-0.18451565901863232,-1.341967904022745e-07
0.63675,1.1022222222222222,0.04,-0.7,2.0,0.3,0.04,0.01,24673,-0.25354503041301324,-0.2535450206080658,9.804947465053004e-09,1.3637472012772989,1.3637472280790495,2.6801750596661122e-08,0.2597808814200353,0.2597808825071161,1.0870808142549038e-09,-0.04894508994393587,-0.04894508982384978,1.200860938466164e-10,-0.1893926299528781,-0.18939276363931515,-1.336864370593549e-07
0.67,1.1022222222222222,0.04,-0.7,2.0,0.3,0.04,0.01,24676,-0.25562036724966625,-0.25562035791420257,9.33546367987148e-09,1.3316882409297737,1.3316882805927779,3.9663004214318676e-08,0.2610777428867228,0.26107774386960125,9.828784452992068e-10,-0.04755098382481365,-0.04755098371027656,1.145370950861313e-10,-0.20411818981970475,-0.2041183221157059,-1.3229600115405304e-07
0.8584166666666667,1.1022222222222222,0.04,-0.7,2.0,0.3,0.04,0.01,24693,-0.26509904344544644,-0.2650990360962708,7.349175656923279e-09,1.189789027022936,1.1897890646315317,3.7608595571114734e-08,0.26296552666667944,0.2629655272382653,5.715858342192348e-10,-0.04085229720587197,-0.040852297152239855,5.363211263986756e-11,-0.28877514972089346,-0.28877527770657563,-1.2798568216343398e-07
1.2906666666666666,1.1022222222222222,0.04,-0.7,2.0,0.3,0.04,0.01,24732,-0.2784329904955557,-0.2784329854632361,5.032319616571357e-09,1.0100260391943117,1.0100259936486895,-4.5545622162634913e-08,0.25084101468425546,0.25084101493796623,2.5371077461144864e-10,-0.02969285129425514,-0.029692851245742374,4.851276672046545e-11,-0.48093183394257166,-0.4809319699389429,-1.3599637121997077e-07
1.3571666666666666,1.1022222222222222,0.04,-0.7,2.0,0.3,0.04,0.01,24738,-0.279732031630911,-0.2797320267970825,4.833828504136051e-09,0.9918964413713205,0.9918962923721337,-1.4899918676647417e-07,0.24817327842159564,0.24817327865729658,2.3570093099500866e-10,-0.028423204021521542,-0.02842320397348972,4.8031821575644784e-11,-0.5099986713692772,-0.509998810034415,-1.3866513781657375e-07
1.36825,1.1022222222222222,0.04,-0.7,2.0,0.3,0.04,0.01,24739,-0.2799322593562137,-0.27993225455506215,4.801151531896863e-09,0.9890191249306568,0.9890191126646107,-1.226604606774373e-08,0.24771998548743512,0.24771998572071394,2.332788129333352e-10,-0.028223748162192752,-0.028223748115786314,4.6406437720358795e-11,-0.514832715739974,-0.5148328548704126,-1.391304386144654e-07
1.3793333333333333,1.1022222222222222,0.04,-0.7,2.0,0.3,0.04,0.01,24740,-0.2801279928123235,-0.2801279880414068,4.770916661733793e-09,0.9861796074206453,0.9861796444847382,3.7064092905936263e-08,0.24726460013425877,0.24726460036709164,2.328328640999189e-10,-0.0280277479354496,-0.028027747889401364,4.6048234669804344e-11,-0.5196639545233112,-0.5196640941283658,-1.3960505462762285e-07
1.6120833333333333,1.1022222222222222,0.04,-0.7,2.0,0.3,0.04,0.01,24761,-0.2833026666702876,-0.28330266242005686,4.2502307229241865e-09,0.9333551459489442,0.9333551700729982,2.4124053976670723e-08,0.2374234482432902,0.2374234484641896,2.2089940987513046e-10,-0.02467603574557442,-0.024676035707841614,3.773280646268695e-11,-0.6205851352918818,-0.6205852860208568,-1.507289750790619e-07
1.7894166666666667,1.1022222222222222,0.04,-0.7,2.0,0.3,0.04,0.01,24777,-0.2847267929870223,-0.28472678903477716,3.952245142269106e-09,0.898854043973607,0.8988539362828425,-1.0769076452810111e-07,0.22989373694277948,0.2298937371721705,2.293910061901272e-10,-0.022982249661199217,-0.022982249631197486,3.00017302667932e-11,-0.6970233730364817,-0.6970235333017601,-1.6026527849266614e-07
0.02716666666666667,1.1044444444444443,0.04,-0.7,2.0,0.3,0.04,0.01,24799,-0.0944476651242726,-0.0944476073358414,5.778843120696209e-08,1.8112705099659898,1.8112702134248495,-2.9654114030996936e-07,-0.0034233446545225976,-0.0034233446729221993,-1.8399601720703318e-11,-0.06763427270167072,-0.06763430708465437,-3.4382983654657195e-08,0.009695728856208563,0.009695538310054819,-1.9054615374436423e-07
0.08258333333333334,1.1044444444444443,0.04,-0.7,2.0,0.3,0.04,0.01,24804,-0.15157005897978304,-0.15157001391476596,4.506501707912669e-08,2.197287349292587,2.197287321086498,-2.8206089019988667e-08,0.053518498723814645,0.05351850018338042,1.4595657737981327e-09,-0.0671337020331092,-0.06713370578123606,-3.7481268644334875e-09,-0.006508968748465682,-0.006509172753319415,-2.0400485373304328e-07
0.3264166666666667,1.1044444444444443,0.04,-0.7,2.0,0.3,0.04,0.01,24826,-0.21331244392890775,-0.21331242248550134,2.1443406411636445e-08,1.8072816805603242,1.807281675786774,-4.773550221770506e-09,0.21233038695646356,0.21233038978521587,2.8287523157199956e-09,-0.05773931125219178,-0.057739312666436116,-1.4142443327536114e-09,-0.06890060200145931,-0.06890076618729588,-1.641858365653004e-07
0.63675,1.1044444444444443,0.04,-0.7,2.0,0.3,0.04,0.01,24854,-0.2505290109775654,-0.25052900116632304,9.811242374091478e-09,1.3506689808262529,1.3506689929878657,1.2161612827910062e-08,0.25926273676542266,0.2592627378456533,1.080230627170664e-09,-0.04879833965930336,-0.04879833954778282,1.115205358614979e-10,-0.18770618538804795,-0.18770631922389114,-1.338358431857145e-07
0.67,1.1044444444444443,0.04,-0.7,2.0,0.3,0.04,0.01,24857,-0.2526748922370217,-0.2526748829012425,9.33577920525508e-09,1.3192393323591123,1.3192394121109066,7.975179427965884e-08,0.2605896533187241,0.2605896542974409,9.787168298025506e-10,-0.047415271868175846,-0.04741527175478588,1.1338996408483126e-10,-0.2023754626425886,-0.20237559504779373,-1.3240520513324583e-07
0.9138333333333334,1.1044444444444443,0.04,-0.7,2.0,0.3,0.04,0.01,24879,-0.26479814643189103,-0.26479813953670395,6.895187087962995e-09,1.148668292427768,1.1486683026091995,1.0181431475686509e-08,0.26197461106991504,0.261974611556523,4.866079761356445e-10,-0.03906127619635047,-0.03906127614926003,4.70904426563834e-11,-0.31160430598073385,-0.3116044336525604,-1.2767182655526454e-07
1.3904166666666666,1.1044444444444443,0.04,-0.7,2.0,0.3,0.04,0.01,24922,-0.27814102889218983,-0.27814102415877723,4.733412606316989e-09,0.9770603812131462,0.9770604171680498,3.5954903609969335e-08,0.24668226748847388,0.24668226771909205,2.30618163454821e-10,-0.027796660424586617,-0.027796660375493113,4.909350356796516e-11,-0.5217372674264087,-0.5217374071243897,-1.396979809609178e-07
1.4236666666666666,1.1044444444444443,0.04,-0.7,2.0,0.3,0.04,0.01,24925,-0.27870699758202055,-0.2787069929302501,4.651770468822036e-09,0.9689716737315557,0.9689716294682703,-4.426328537032731e-08,0.24530902531218202,0.24530902553746298,2.2528096055296487e-10,-0.027242133169708138,-0.027242133122030655,4.767748348899481e-11,-0.5361649478722447,-0.5361650890320349,-1.4115979019013736e-07
1.5455833333333333,1.1044444444444443,0.04,-0.7,2.0,0.3,0.04,0.01,24936,-0.28046555789459915,-0.2804655535201745,4.374424655839704e-09,0.9415101587251229,0.9415101628585253,4.133402398132091e-09,0.24017948797368238,0.24017948818870963,2.150272460088587e-10,-0.025463686439894384,-0.02546368639800996,4.188442301322759e-11,-0.5888920184515117,-0.5888921653579753,-1.469064635495343e-07
1.8559166666666667,1.1044444444444443,0.04,-0.7,2.0,0.3,0.04,0.01,24964,-0.2831212469831673,-0.2831212431294769,3.853690422328526e-09,0.8815537202999657,0.8815536481639029,-7.21360627897738e-08,0.22709079022312229,0.22709079045863312,2.355108330576172e-10,-0.02248965950524262,-0.022489659477715473,2.7527147228312288e-11,-0.722340209338701,-0.7223403728104679,-1.6347176690079124e-07
1.867,1.1044444444444443,0.04,-0.7,2.0,0.3,0.04,0.01,24965,-0.28317743479180923,-0.28317743095510706,3.836702178183771e-09,0.8795801698102679,0.8795802034201483,3.3609880434326556e-08,0.22663391448705938,0.22663391472446953,2.374101470969947e-10,-0.022416833392671642,-0.022416833368640265,2.40313775823342e-11,-0.7270973209146103,-0.7270974850190474,-1.641044370392919e-07
1.8780833333333333,1.1044444444444443,0.04,-0.7,2.0,0.3,0.04,0.01,24966,-0.28323140553343507,-0.28323140171324146,3.8201936058968045e-09,0.8776151083633721,0.8776151589944141,5.06310420256284e-08,0.22617817838986587,0.2261781786278322,2.379663410767563e-10,-0.022345880871382784,-0.022345880846363582,2.5019201987941386e-11,-0.7318543880671657,-0.7318545528028408,-1.647356751011131e-07
1.8891666666666667,1.1044444444444443,0.04,-0.7,2.0,0.3,0.04,0.01,24967,-0.2832832004490138,-0.28328319664372364,3.80529013854769e-09,0.8756583708136034,0.8756583018880391,-6.892556436710606e-08,0.22572361231244786,0.22572361255111895,2.3867108289721273e-10,-0.022276760077502566,-0.022276760052330546,2.5172020717834087e-11,-0.7366114652845868,-0.7366116306577393,-1.6537315250531037e-07
1.90025,1.1044444444444443,0.04,-0.7,2.0,0.3,0.04,0.01,24968,-0.28333286034493144,-0.28333285655683355,3.78809789092216e-09,0.8737094214783525,0.8737094297791205,8.300767961877398e-09,0.22527024551285968,0.2252702457501512,2.372915197668135e-10,-0.02220942949639204,-0.022209429470803364,2.5588677010635053e-11,-0.7413686066410491,-0.7413687726525839,-1.6601153485229503e-07
0.09366666666666668,1.1066666666666667,0.04,-0.7,2.0,0.3,0.04,0.01,24986,-0.1529128675353819,-0.15291282531421677,4.2221165147404704e-08,2.1223124743730004,2.122312465935112,-8.437888610046684e-09,0.06367650021536775,0.06367650195333015,1.737962398995485e-09,-0.06376817666953888,-0.06376817859389002,-1.924351136772806e-09,-0.009395456549293746,-0.009395662489708733,-2.0594041498685212e-07
0.3264166666666667,1.1066666666666667,0.04,-0.7,2.0,0.3,0.04,0.01,25007,-0.20932809247586892,-0.20932807092259623,2.155327269437457e-08,1.7786103659322983,1.7786103202174177,-4.571488054772033e-08,0.21136380490557188,0.21136380771754434,2.8119724604369623e-09,-0.05727657716586565,-0.05727657856201251,-1.396146857846059e-09,-0.06790154667934284,-0.0679017114889698,-1.6480962695963886e-07
0.44833333333333336,1.1066666666666667,0.04,-0.7,2.0,0.3,0.04,0.01,25018,-0.22988351855671163,-0.22988350420028725,1.4356424382633293e-08,1.5716078147209878,1.5716077777977415,-3.692324623827403e-08,0.2408471632643107,0.24084716517375085,1.9094401615404877e-09,-0.05694150880636642,-0.05694150931079274,-5.044263201581245e-10,-0.10814991780598235,-0.10815006491633218,-1.4711034983239113e-07
0.8251666666666667,1.1066666666666667,0.04,-0.7,2.0,0.3,0.04,0.01,25052,-0.25830844642429907,-0.258308438820134,7.604165075392189e-09,1.1904556590502935,1.1904556364355718,-2.2614721650882075e-08,0.26239935717826957,0.26239935779418205,6.159124876781163e-10,-0.04171386425628337,-0.041713864195987646,6.029572674481898e-11,-0.2698320510866742,-0.2698321793317744,-1.2824510020603697e-07
1.03575,1.1066666666666667,0.04,-0.7,2.0,0.3,0.04,0.01,25071,-0.2668604903388605,-0.26686048424673203,6.0921284683601584e-09,1.0826045171441478,1.0826045039602257,-1.3183922176196461e-08,0.2590882574566439,0.2590882578205839,3.6394004476747455e-10,-0.03554163805687127,-0.03554163801676689,4.0104385090611316e-11,-0.3637594461666782,-0.36375957457905495,-1.2841237673200112e-07
1.2130833333333333,1.1066666666666667,0.04,-0.7,2.0,0.3,0.04,0.01,25087,-0.27213199511738617,-0.27213198983824843,5.279137738067874e-09,1.0192600541358843,1.0192600714437527,1.7307868471760912e-08,0.25343308708097867,0.25343308735359227,2.7261359836217025e-10,-0.031221752704625738,-0.031221752657677952,4.6947785936612974e-11,-0.44183444238930086,-0.44183457501899587,-1.326296950043826e-07
1.3571666666666666,1.1066666666666667,0.04,-0.7,2.0,0.3,0.04,0.01,25100,-0.27535220448744735,-0.27535219967119845,4.8162488996972286e-09,0.9790320984470746,0.9790321855233725,8.707629783888393e-08,0.24789702433948568,0.24789702457246515,2.3297946905032063e-10,-0.02833944675983968,-0.02833944671266527,4.7174410211514584e-11,-0.5045856708200958,-0.5045858087337912,-1.3791369546378718e-07
1.6564166666666666,1.1066666666666667,0.04,-0.7,2.0,0.3,0.04,0.01,25127,-0.2796453059050741,-0.2796453017461048,4.158969280076974e-09,0.9132777478715326,0.9132777798415607,3.1970028069316925e-08,0.235398775156187,0.23539877537286502,2.1667800886859823e-10,-0.024148317050165513,-0.024148317014285922,3.587959096496007e-11,-0.6335743414066786,-0.6335744934732283,-1.520665496856921e-07
1.8448333333333333,1.1066666666666667,0.04,-0.7,2.0,0.3,0.04,0.01,25144,-0.2811051146108662,-0.2811051107480426,3.862823561018303e-09,0.8783827679104128,0.8783827845882171,1.6677804248743655e-08,0.22751214707572576,0.2275121473076517,2.319259506666782e-10,-0.022552012569967972,-0.022552012541591438,2.837653376164262e-11,-0.71430557905941,-0.7143057413553265,-1.6229591659477904e-07
1.9778333333333333,1.1066666666666667,0.04,-0.7,2.0,0.3,0.04,0.01,25156,-0.28171777089101846,-0.2817177672137017,3.677316784411744e-09,0.8553676392186738,0.855367728625906,8.940723228434422e-08,0.222113474572308,0.22211347481970273,2.4739471582435613e-10,-0.021777417575641334,-0.02177741755443768,2.1203653416401735e-11,-0.7712569800541469,-0.7712571500175813,-1.6996343443764772e-07
2.0,1.1066666666666667,0.04,-0.7,2.0,0.3,0.04,0.01,25158,-0.28179233160147144,-0.28179232795356274,3.6479086973351116e-09,0.8516306437833521,0.8516306631408425,1.9357490388394183e-08,0.22123182310970768,0.2212318233641079,2.5440022310974086e-10,-0.021670662469636115,-0.021670662450968256,1.8667858925347502e-11,-0.7807538582827594,-0.780754029559517,-1.712767575545726e-07
0.22666666666666668,1.1088888888888888,0.04,-0.7,2.0,0.3,0.04,0.01,25179,-0.18282751987043488,-0.182827489786753,3.008368187895627e-08,1.8577195740054897,1.8577195511867226,-2.2818767098087278e-08,0.16456096123031172,0.16456096453262542,3.302313700270787e-09,-0.0504355658020178,-0.05043556342701423,2.3750035688108184e-09,-0.043093308773820005,-0.04309350038891831,-1.9161509830223356e-07
0.48158333333333336,1.1088888888888888,0.04,-0.7,2.0,0.3,0.04,0.01,25202,-0.2305529843912857,-0.23055297115931203,1.3231973655658535e-08,1.5038523287769223,1.503852313480653,-1.52962693622527e-08,0.2449946858929658,0.2449946876033322,1.7103664040618582e-09,-0.05538839555389863,-0.055388395828486855,-2.7458822715598075e-10,-0.11957007900905564,-0.11957022334877102,-1.443397153744197e-07
0.5591666666666667,1.1088888888888888,0.04,-0.7,2.0,0.3,0.04,0.01,25209,-0.23842459016425177,-0.2384245789587594,1.1205492367327707e-08,1.4052346411497219,1.405234660608377,1.9458655131643354e-08,0.2532262479067182,0.25322624925240156,1.3456833425351533e-09,-0.05191565355371769,-0.051915653523037904,3.067978510129521e-11,-0.15112203078794517,-0.15112216927585725,-1.3848791208248556e-07
0.9581666666666667,1.1088888888888888,0.04,-0.7,2.0,0.3,0.04,0.01,25245,-0.2615593003874733,-0.2615592938394432,6.548030118125325e-09,1.108493155599355,1.1084931262589741,-2.9340380791609277e-08,0.26057244726464257,0.2605724476946752,4.300326206241323e-10,-0.03759358787071981,-0.037593587826352214,4.4367599871808494e-11,-0.32713022239425765,-0.3271303498920412,-1.274977835530322e-07
1.1909166666666666,1.1088888888888888,0.04,-0.7,2.0,0.3,0.04,0.01,25266,-0.26928410725410995,-0.2692841018971124,5.356997567762534e-09,1.0190644723906406,1.01906452013588,4.7745239317720234e-08,0.25401982849518334,0.2540198287711456,2.7596225304904465e-10,-0.03165678038825892,-0.031656780345216386,4.304253481413056e-11,-0.4296592028234583,-0.42965933447460214,-1.3165114381985532e-07
1.96675,1.1088888888888888,0.04,-0.7,2.0,0.3,0.04,0.01,25336,-0.2797782284904432,-0.27977822480173314,3.688710059623901e-09,0.8523268937854489,0.8523269300743848,3.6288935856276794e-08,0.22253104558486725,0.2225310458290912,2.442239466216023e-10,-0.021824346448928722,-0.021824346427559694,2.1369028074813556e-11,-0.7631161714102136,-0.7631163401372287,-1.6872701513737098e-07
1.9778333333333333,1.1088888888888888,0.04,-0.7,2.0,0.3,0.04,0.01,25337,-0.27982239930432473,-0.27982239563563344,3.6686912951999773e-09,0.8504682097454364,0.8504681889469964,-2.0798439970270977e-08,0.22208951178166736,0.22208951202607433,2.4440696688721175e-10,-0.02176916305732246,-0.021769163035845408,2.1477052775109584e-11,-0.7678523694017864,-0.7678525387785802,-1.6937679381268111e-07
0.10475000000000001,1.1111111111111112,0.04,-0.7,2.0,0.3,0.04,0.01,25349,-0.14892250279782,-0.1489224632976582,3.9500161780336995e-08,1.992585834525995,1.9925858296152459,-4.910749140663029e-09,0.07258519614083969,0.07258519808902247,1.9481827817635633e-09,-0.05972820948316193,-0.0597282105341297,-1.0509677711434406e-09,-0.011719923630713891,-0.011720131122076686,-2.0749136279453462e-07
0.16016666666666668,1.1111111111111112,0.04,-0.7,2.0,0.3,0.04,0.01,25354,-0.1651825214834049,-0.1651824881096184,3.3373786512136405e-08,1.8781700548975433,1.8781698969464624,-1.5795108088134668e-07,0.11904344219829804,0.11904344514011962,2.941821578006376e-09,-0.05151411260301969,-0.05151410870858759,3.894432103190848e-09,-0.02671312746182347,-0.02671333514416185,-2.0768233837883954e-07
0.22666666666666668,1.1111111111111112,0.04,-0.7,2.0,0.3,0.04,0.01,25360,-0.17874371450871118,-0.17874368465372367,2.985498750995852e-08,1.8177553837150917,1.8177553101364399,-7.357865183799106e-08,0.16346701203345804,0.16346701530390573,3.270447690439937e-09,-0.04995269772416905,-0.049952695325772296,2.3983967520346816e-09,-0.04233366721378279,-0.042333859486157616,-1.9227237482710713e-07
0.3929166666666667,1.1111111111111112,0.04,-0.7,2.0,0.3,0.04,0.01,25375,-0.21449389573127003,-0.21449387863062033,1.7100649701839998e-08,1.6181850130692066,1.6181850396817308,2.661252418434401e-08,0.22837086372438226,0.22837086598680773,2.262425469190532e-09,-0.05751092866101981,-0.05751092970422099,-1.0432011782190997e-09,-0.08607723917062465,-0.0860773937695272,-1.5459890254088116e-07
0.57025,1.1111111111111112,0.04,-0.7,2.0,0.3,0.04,0.01,25391,-0.23631204777566084,-0.23631203679956445,1.0976096392889545e-08,1.378070581259383,1.3780705351301685,-4.6129214448242806e-08,0.253474311324893,0.25347431262335274,1.2984597286269661e-09,-0.05121663586175884,-0.05121663581509069,4.666814851228551e-11,-0.1542651791550803,-0.15426531715605182,-1.3800097151128732e-07
0.6145833333333334,1.1111111111111112,0.04,-0.7,2.0,0.3,0.04,0.01,25395,-0.23997976045412456,-0.23997975030345128,1.0150673274145205e-08,1.3324543406134648,1.3324543552048866,1.4591421848564323e-08,0.2564516377493581,0.2564516388843779,1.1350198003690082e-09,-0.04926573401353024,-0.04926573391945306,9.407717660447901e-11,-0.17314656083289304,-0.17314669624548437,-1.354125913344273e-07
0.9581666666666667,1.1111111111111112,0.04,-0.7,2.0,0.3,0.04,0.01,25426,-0.2591056727633406,-0.25910566623432996,6.529010665445867e-09,1.0997764143816369,1.0997764479722536,3.359061673258168e-08,0.26024984067160584,0.26024984110198757,4.3038173025422566e-10,-0.03750406389235045,-0.0375040638539984,3.835205070190639e-11,-0.3249907256589607,-0.32499085300573083,-1.2734677012904427e-07
1.2906666666666666,1.1111111111111112,0.04,-0.7,2.0,0.3,0.04,0.01,25456,-0.2695739663088198,-0.2695739613156311,4.9931886958454186e-09,0.9832876041171446,0.9832876198514895,1.573434493806758e-08,0.25017599881826946,0.25017599906185484,2.435853740934135e-10,-0.029496668122915015,-0.02949666807818201,4.47330054942352e-11,-0.4704995510588367,-0.4704996856806444,-1.346218077014072e-07
1.335,1.1111111111111112,0.04,-0.7,2.0,0.3,0.04,0.01,25460,-0.27056458302539277,-0.2705645781668298,4.85856294085707e-09,0.9717479737547663,0.9717480367345157,6.297974941560369e-08,0.24846591415810665,0.24846591438923488,2.3112822766790941e-10,-0.028652309221818828,-0.028652309173009934,4.880889442615555e-11,-0.48965985305481075,-0.4896599893407156,-1.3628590483927283e-07
1.3460833333333333,1.1111111111111112,0.04,-0.7,2.0,0.3,0.04,0.01,25461,-0.2707994982713291,-0.270799493442503,4.828826116742846e-09,0.9689612875951603,0.968961301672342,1.4077181642591086e-08,0.24803112672895644,0.24803112696002919,2.3107274427225377e-10,-0.028449782357130304,-0.028449782312571108,4.455919661028318e-11,-0.4944426832595786,-0.4944428199844129,-1.367248343431271e-07
1.3571666666666666,1.1111111111111112,0.04,-0.7,2.0,0.3,0.04,0.01,25462,-0.271029459204819,-0.27102945440815857,4.79666045771765e-09,0.9662112415709245,0.9662112972755796,5.5704655110844215e-08,0.2475937408811732,0.24759374110871007,2.2753687822785196e-10,-0.028250674565521994,-0.02825067451936996,4.615203358371289e-11,-0.4992227505735622,-0.499222887737171,-1.3716360880433598e-07
1.3904166666666666,1.1111111111111112,0.04,-0.7,2.0,0.3,0.04,0.01,25465,-0.2716903153463651,-0.27169031063592086,4.7104442568723925e-09,0.9581698420801921,0.9581698128336374,-2.9246554622552878e-08,0.24626742945753344,0.2462674296815029,2.2396945409397517e-10,-0.027673790656407293,-0.02767379061037994,4.6027352068600536e-11,-0.5135470504070982,-0.5135471889377473,-1.3853064906310664e-07
1.5788333333333333,1.1111111111111112,0.04,-0.7,2.0,0.3,0.04,0.01,25482,-0.27469307437265333,-0.27469307008322236,4.2894309770780126e-09,0.9173090051439736,0.9173090344901291,2.9346155505649563e-08,0.2384961288577625,0.23849612906840387,2.1064136546122825e-10,-0.024963300708572,-0.024963300669741447,3.8830553356072883e-11,-0.5943461553087337,-0.5943463024889056,-1.4718017193882105e-07
1.6675,1.1111111111111112,0.04,-0.7,2.0,0.3,0.04,0.01,25490,-0.2757288567876298,-0.27572885265622105,4.131408770646772e-09,0.9000981196494173,0.900098177610523,5.796110569278312e-08,0.2347807724197709,0.23478077263126815,2.1149723639091178e-10,-0.023990241918500632,-0.023990241882310304,3.6190328511764847e-11,-0.6322099116773394,-0.632210063336732,-1.5165939259986772e-07
1.7561666666666667,1.1111111111111112,0.04,-0.7,2.0,0.3,0.04,0.01,25498,-0.27656381458705803,-0.2765638106081679,3.9788901062820514e-09,0.8837626727653536,0.8837627942037916,1.2143843797218778e-07,0.2310807093706263,0.23108070958867657,2.1805027228261054e-10,-0.02318459658520733,-0.023184596553556616,3.165071330024638e-11,-0.6700145925227913,-0.6700147488639948,-1.563412035388012e-07
1.76725,1.1111111111111112,0.04,-0.7,2.0,0.3,0.04,0.01,25499,-0.2766553919689163,-0.27665538800257,3.966346306949475e-09,0.8817716806719389,0.8817716862365902,5.56465129530892e-09,0.23062071164925424,0.23062071186420374,2.1494950264155932e-10,-0.023094586403746287,-0.0230945863746269,2.9119387456866264e-11,-0.6747375230225366,-0.6747376799621044,-1.5693956778584095e-07
1.96675,1.1111111111111112,0.04,-0.7,2.0,0.3,0.04,0.01,25517,-0.2778896258490843,-0.27788962217160496,3.677479321062549e-09,0.8474168963767958,0.8474170170231432,1.2064634735686752e-07,0.22250078982863353,0.22250079007016246,2.4152893574047596e-10,-0.02181488854467728,-0.021814888523135206,2.1542073680436147e-11,-0.7597362048041706,-0.759736372951422,-1.681472514558635e-07
0.04933333333333333,1.1133333333333333,0.04,-0.7,2.0,0.3,0.04,0.01,25525,-0.10660338622667243,-0.1066033348201945,5.1406477921678295e-08,1.8410216046094163,1.841021279741357,-3.248680593426201e-07,0.0181646858285478,0.018164686274335422,4.457876220942403e-10,-0.06174871373366975,-0.061748736779833883,-2.3046164136786285e-08,0.0030991245594802486,0.0030989299412856035,-1.9461819464501595e-07
0.07150000000000001,1.1133333333333333,0.04,-0.7,2.0,0.3,0.04,0.01,25527,-0.12571079073240427,-0.1257107442036134,4.652879087574391e-08,1.9479358230600763,1.9479356484723722,-1.7458770407152713e-07,0.04014559698371084,0.04014559800706186,1.0233510219781472e-09,-0.06259508546241355,-0.0625950953244461,-9.862032551710698e-09,-0.0024847170291414367,-0.002484917772762186,-2.00743620749292e-07
0.34858333333333336,1.1133333333333333,0.04,-0.7,2.0,0.3,0.04,0.01,25552,-0.20248328031644003,-0.2024832603417562,1.9974683823642536e-08,1.6613802944487333,1.6613802995753986,5.126665314492129e-09,0.2155797857392519,0.21557978833068522,2.5914333179333227e-09,-0.056655551574635865,-0.0566555529326288,-1.3579929333817908e-09,-0.07119631201476379,-0.07119647427753965,-1.6226277586850468e-07
0.3929166666666667,1.1133333333333333,0.04,-0.7,2.0,0.3,0.04,0.01,25556,-0.21092328008030792,-0.21092326294907626,1.7131231655476142e-08,1.5953617524266939,1.5953617293657003,-2.306099355919855e-08,0.22746250031714654,0.22746250256836162,2.2512150754661064e-09,-0.057126393126945285,-0.05712639417857489,-1.0516296028439953e-09,-0.08494946401108039,-0.08494961909157876,-1.5508049837353877e-07
0.6035,1.1133333333333333,0.04,-0.7,2.0,0.3,0.04,0.01,25575,-0.23613493356548776,-0.23613492323376536,1.0331722394285592e-08,1.3296080250690956,1.3296078603990837,-1.6467001184850005e-07,0.2551822090956016,0.25518221026023197,1.164630392125332e-09,-0.049564116176258055,-0.04956411609241559,8.384246769077563e-11,-0.16681375383513497,-0.16681389003430017,-1.3619916519602704e-07
0.70325,1.1133333333333333,0.04,-0.7,2.0,0.3,0.04,0.01,25584,-0.24340861844735634,-0.24340860961169306,8.835663284356698e-09,1.2428565572542016,1.242856630729787,7.347558539372301e-08,0.2595985132224088,0.2595985140866885,8.642797033608929e-10,-0.045559446298151784,-0.04555944620417227,9.397951167278151e-11,-0.2100966570002527,-0.210096788465629,-1.3146537627961585e-07
0.7254166666666667,1.1133333333333333,0.04,-0.7,2.0,0.3,0.04,0.01,25586,-0.2448170692941759,-0.24481706073092818,8.563247722026546e-09,1.2261360982090963,1.2261360741856338,-2.4023462552591468e-08,0.260148836151268,0.2601488369607273,8.094593328955568e-10,-0.04474810750294128,-0.04474810741514639,8.779488941401681e-11,-0.21985146406246908,-0.21985159472586505,-1.3066339596412568e-07
1.0135833333333333,1.1133333333333333,0.04,-0.7,2.0,0.3,0.04,0.01,25612,-0.2588900725222082,-0.25889006635942524,6.162782950625001e-09,1.0672170203118725,1.0672169857452243,-3.456664821044342e-08,0.2587753243039545,0.2587753246789573,3.750028065852007e-10,-0.03589170063534458,-0.035891700594314874,4.102970740937906e-11,-0.3472771708156949,-0.3472772983710966,-1.275554016855196e-07
1.601,1.1133333333333333,0.04,-0.7,2.0,0.3,0.04,0.01,25665,-0.27294997585844416,-0.2729499716175947,4.240849449388406e-09,0.9072501055973348,0.9072501663028242,6.070548941305987e-08,0.23747062493285898,0.23747062514181055,2.0895157826217314e-10,-0.02467541815022456,-0.024675418113089126,3.7135433617052627e-11,-0.6008566320492292,-0.6008567798591157,-1.4780988644158555e-07
1.6785833333333333,1.1133333333333333,0.04,-0.7,2.0,0.3,0.04,0.01,25672,-0.273854149757391,-0.2738541456545213,4.1028696551315136e-09,0.8925374134216568,0.8925373654323335,-4.7989323292974007e-08,0.234235833380253,0.2342358335905982,2.1034521346940949e-10,-0.023857651028705296,-0.0238576509942894,3.441589721542293e-11,-0.6338851001804618,-0.6338852519208482,-1.5174038636711629e-07
1.7783333333333333,1.1133333333333333,0.04,-0.7,2.0,0.3,0.04,0.01,25681,-0.2747950464519061,-0.27479504250753006,3.944376048004017e-09,0.8745306825930221,0.8745306424785654,-4.011445675633496e-08,0.23009854490357862,0.2300985451190233,2.1544468986611776e-10,-0.022988811657284614,-0.02298881162851393,2.8770683752066262e-11,-0.6762946167229722,-0.6762947737405097,-1.5701753752761505e-07
1.867,1.1133333333333333,0.04,-0.7,2.0,0.3,0.04,0.01,25689,-0.27544967201649506,-0.2754496682095245,3.806970572117763e-09,0.8591896874521332,0.8591897305389898,4.3086856638119286e-08,0.22646913221777143,0.226469132444795,2.2702356661241652e-10,-0.022365746156632893,-0.022365746132900835,2.3732057985448307e-11,-0.7139708396435712,-0.7139710015350058,-1.6189143459133248e-07
1.9556666666666667,1.1133333333333333,0.04,-0.7,2.0,0.3,0.04,0.01,25697,-0.2759576597978486,-0.27595765611152384,3.6863247454554937e-09,0.8443425875137578,0.8443425430267284,-4.4487029393636135e-08,0.2229056675404767,0.22290566777897705,2.38500358351601e-10,-0.0218605173645664,-0.021860517343916433,2.064996784678641e-11,-0.7516566841232752,-0.7516568510507675,-1.669274922733166e-07
0.19341666666666668,1.1155555555555554,0.04,-0.7,2.0,0.3,0.04,0.01,25719,-0.163854975541132,-0.16385494458498748,3.095614450887574e-08,1.755346849124928,1.755346738324356,-1.1080057205070659e-07,0.140541789546908,0.14054179266914016,3.122232167251937e-09,-0.04855939547729338,-0.04855939166996336,3.807330013760879e-09,-0.03346317201301241,-0.03346337437591894,-2.0236290652897448e-07
0.20450000000000002,1.1155555555555554,0.04,-0.7,2.0,0.3,0.04,0.01,25720,-0.1661170983372276,-0.16611706789530514,3.044192245504895e-08,1.7486676238964716,1.748667599448934,-2.4447537549932008e-08,0.1477454935670114,0.1477454967340133,3.1670019107199465e-09,-0.04845422316119424,-0.04845421966517653,3.496017711435151e-09,-0.03597821492177383,-0.03597841454737624,-1.9962560240949223e-07
0.37075,1.1155555555555554,0.04,-0.7,2.0,0.3,0.04,0.01,25735,-0.20328488850130527,-0.20328487003276985,1.8468535423199484e-08,1.6041175214531744,1.6041174520325765,-6.942059793679789e-08,0.220952632919158,0.22095263531954198,2.4003839749209277e-09,-0.05664615170028475,-0.056646152937708055,-1.2374233027134807e-09,-0.07679974162358438,-0.07679990057407297,-1.5895048859071448e-07
0.4261666666666667,1.1155555555555554,0.04,-0.7,2.0,0.3,0.04,0.01,25740,-0.21294858241052705,-0.212948566967924,1.5442603057413962e-08,1.5251941667959734,1.5251941593309142,-7.46505923743257e-09,0.23362783061996184,0.23362783262531245,2.0053506077921668e-09,-0.05630353114807751,-0.056303531886074065,-7.37996552757636e-10,-0.09512397054694394,-0.0951241217288438,-1.5118189986007557e-07
0.63675,1.1155555555555554,0.04,-0.7,2.0,0.3,0.04,0.01,25759,-0.23588463632987638,-0.2358846265820372,9.747839174734096e-09,1.2853880605734336,1.2853880257619168,-3.4811516780308693e-08,0.2564669087271737,0.2564669097729737,1.0458000021529301e-09,-0.047993712375821174,-0.047993712281496306,9.432486736127288e-11,-0.17947317264586926,-0.17947330719256765,-1.345466983937449e-07
0.9581666666666667,1.1155555555555554,0.04,-0.7,2.0,0.3,0.04,0.01,25788,-0.25425636230595045,-0.25425635583038136,6.475569080954813e-09,1.0824346148574637,1.082434726554396,1.11696932370009e-07,0.25957796791771515,0.25957796833924157,4.215264248763617e-10,-0.037318205951160366,-0.03731820590916137,4.1998994559921954e-11,-0.32074876701055494,-0.32074889406383233,-1.2705327739892525e-07
1.0579166666666666,1.1155555555555554,0.04,-0.7,2.0,0.3,0.04,0.01,25797,-0.2582049042762144,-0.25820489837784116,5.898373234280996e-09,1.0419208947010095,1.0419208861502909,-8.550718577637895e-09,0.2573815241058153,0.2573815244451304,3.393151315478349e-10,-0.03464820987349182,-0.03464820983229085,4.1200973188715295e-11,-0.36448707753728576,-0.36448720544189706,-1.2790461129119635e-07
1.1465833333333333,1.1155555555555554,0.04,-0.7,2.0,0.3,0.04,0.01,25805,-0.26121599337319834,-0.26121598788533695,5.4878613875430915e-09,1.0114200532651552,1.011420073138839,1.9873683809734644e-08,0.2548068249702551,0.25480682526041987,2.9016478109156196e-10,-0.032478258099565005,-0.03247825805692186,4.264314595880947e-11,-0.40310490327641335,-0.4031050328992707,-1.2962285733664203e-07
1.1576666666666666,1.1155555555555554,0.04,-0.7,2.0,0.3,0.04,0.01,25806,-0.26156199166522953,-0.2615619862237508,5.441478712064907e-09,1.007909854189304,1.0079097841394584,-7.004984547975823e-08,0.2544532211231493,0.25445322140373366,2.8058438905631533e-10,-0.03222105996111835,-0.032221059918145736,4.297261158026089e-11,-0.407914832988264,-0.40791496288210105,-1.2989383707529e-07
1.3904166666666666,1.1155555555555554,0.04,-0.7,2.0,0.3,0.04,0.01,25827,-0.26745965344649597,-0.2674596487576581,4.688837873523255e-09,0.9456371484473092,0.94563726890798,1.2046067088267165e-07,0.24595831948855812,0.2459583197083508,2.1979268405303287e-10,-0.02758598827361236,-0.027585988229537613,4.407474732404104e-11,-0.5081496914172146,-0.5081498291732103,-1.3775599572163344e-07
1.5455833333333333,1.1155555555555554,0.04,-0.7,2.0,0.3,0.04,0.01,25841,-0.27016602187839023,-0.2701660175407314,4.3376588432231244e-09,0.9124464503407204,0.9124464786070401,2.8266319729297607e-08,0.23966115186055403,0.23966115206449104,2.0393700617127308e-10,-0.025311693477095276,-0.025311693436756287,4.033898909350242e-11,-0.5743452787294184,-0.5743454233901983,-1.446607799104882e-07
1.7894166666666667,1.1155555555555554,0.04,-0.7,2.0,0.3,0.04,0.01,25863,-0.27295240754246497,-0.27295240362315537,3.919309599087484e-09,0.8673547741144816,0.8673548019425442,2.7828062632018202e-08,0.22957559891345625,0.22957559912835956,2.1490331736373491e-10,-0.022885410414091867,-0.02288541038670526,2.738660687118255e-11,-0.6778399084472059,-0.6778400655359346,-1.5708872869169e-07
1.8448333333333333,1.1155555555555554,0.04,-0.7,2.0,0.3,0.04,0.01,25868,-0.2733886010809067,-0.27338859724703646,3.833870221292557e-09,0.8578575946827094,0.8578576226670429,2.7984333517139248e-08,0.2273136356317762,0.22731363585324757,2.2147136902184172e-10,-0.02249379804933338,-0.022493798022812376,2.6521004142798787e-11,-0.7013269178059167,-0.7013270779162628,-1.6011034609242358e-07
0.20450000000000002,1.1177777777777778,0.04,-0.7,2.0,0.3,0.04,0.01,25901,-0.16227605298617387,-0.16227602298999566,2.9996178207980506e-08,1.7083711376097988,1.7083710941893906,-4.342040815785708e-08,0.1466272634121149,0.14662726654109626,3.1289813517965115e-09,-0.0479939864632406,-0.047993983028333666,3.434906935273485e-09,-0.0352745702885543,-0.03527477043899892,-2.001504446208502e-07
0.2931666666666667,1.1177777777777778,0.04,-0.7,2.0,0.3,0.04,0.01,25909,-0.18262408555947546,-0.18262406143453475,2.412494071180049e-08,1.6668210055248434,1.6668208144050416,-1.9111980176234056e-07,0.19338788107031712,0.19338788402646423,2.956147104882234e-09,-0.05286936690340055,-0.05286936761132903,-7.079284797262275e-10,-0.05477249931266914,-0.054772674868927194,-1.7555625805160124e-07
0.48158333333333336,1.1177777777777778,0.04,-0.7,2.0,0.3,0.04,0.01,25926,-0.21749973100931158,-0.21749971773794843,1.3271363147326909e-08,1.4330947796514781,1.4330947621590702,-1.7492407966557266e-08,0.24190895114411734,0.2419089528128813,1.6687639603496507e-09,-0.05429974131391374,-0.05429974162553433,-3.1162059044298474e-10,-0.11426307440966926,-0.11426322008711157,-1.4567744230364887e-07
0.5813333333333334,1.1177777777777778,0.04,-0.7,2.0,0.3,0.04,0.01,25935,-0.22830828000315606,-0.2283082692980253,1.0705130754073977e-08,1.3232442142019352,1.3232442422813167,2.8079381486634247e-08,0.2523637379162752,0.25236373915090754,1.234632340807451e-09,-0.050129432846400535,-0.050129432800282994,4.611754034211657e-11,-0.15438454458765322,-0.15438468251184723,-1.379241940102638e-07
0.9914166666666667,1.1177777777777778,0.04,-0.7,2.0,0.3,0.04,0.01,25972,-0.25327884658876004,-0.25327884034752496,6.241235084303298e-09,1.0597498482922685,1.0597499113858224,6.309355393696592e-08,0.2586148787530121,0.25861487913763626,3.84624165850056e-10,-0.036310597238860265,-0.0363105972024255,3.6434764927317786e-11,-0.33321192790741055,-0.3332120549239426,-1.2701653206992347e-07
1.23525,1.1177777777777778,0.04,-0.7,2.0,0.3,0.04,0.01,25994,-0.2616265455270689,-0.2616265403938037,5.133265201795467e-09,0.9780749973820058,0.9780749941204889,-3.2615168343852474e-09,0.251603136325676,0.2516031365768674,2.51191401012818e-10,-0.03045093203143251,-0.03045093198412448,4.730802902197517e-11,-0.43900306249441967,-0.43900319426138185,-1.3176696217476191e-07
1.30175,1.1177777777777778,0.04,-0.7,2.0,0.3,0.04,0.01,26000,-0.26335975753161156,-0.26335975261191485,4.919696705574239e-09,0.9605787415489786,0.9605787628532279,2.1304249253617513e-08,0.24919335357566352,0.24919335380858168,2.329181569837857e-10,-0.029122599145316175,-0.02912259909950085,4.5815323757025794e-11,-0.4675574757927528,-0.467557609775115,-1.3398236220485416e-07
1.4236666666666666,1.1177777777777778,0.04,-0.7,2.0,0.3,0.04,0.01,26011,-0.266034523060954,-0.2660345184647573,4.5961967010121896e-09,0.9319711044564194,0.9319711071708837,2.7144643199861207e-09,0.24447915035027273,0.24447915056319372,2.1292098639769108e-10,-0.027002341269760644,-0.02700234122566828,4.409236517566306e-11,-0.5196462092278004,-0.5196463479740399,-1.387462394975003e-07
1.4901666666666666,1.1177777777777778,0.04,-0.7,2.0,0.3,0.04,0.01,26017,-0.26724938442197754,-0.2672493799766068,4.445370738181964e-09,0.9178337243009871,0.9178337023064073,-2.19945798241028e-08,0.2418028671695438,0.24180286737645837,2.0691456881216652e-10,-0.026014556678347067,-0.026014556635306423,4.304064396554175e-11,-0.5479426567393114,-0.5479427983932814,-1.4165396999832325e-07
1.5455833333333333,1.1177777777777778,0.04,-0.7,2.0,0.3,0.04,0.01,26022,-0.26814478799180863,-0.2681447836631359,4.32867275357296e-09,0.9066661227352668,0.9066660987116462,-2.4023620648350175e-08,0.23953973810046658,0.23953973830339523,2.0292864610915728e-10,-0.025278282646395978,-0.02527828260506594,4.133003661532797e-11,-0.5714741345591579,-0.5714742787722954,-1.4421313754287013e-07
0.22666666666666668,1.12,0.04,-0.7,2.0,0.3,0.04,0.01,26084,-0.163283927209594,-0.1632838987638171,2.8445776900642983e-08,1.6619528288297492,1.6619526693298468,-1.5949990239683132e-07,0.1589410631938279,0.15894106632923177,3.1354038809716656e-09,-0.0479975239597516,-0.0479975215084826,2.45126900028092e-09,-0.039381502415399006,-0.03938169712426903,-1.9470887002714932e-07
0.3596666666666667,1.12,0.04,-0.7,2.0,0.3,0.04,0.01,26096,-0.1940108437446797,-0.19401082464705777,1.9097621928310105e-08,1.568544442942521,1.568544421712468,-2.1230053048881814e-08,0.21584401676971038,0.2158440192273485,2.4576381207896958e-09,-0.05556010068262507,-0.055560101974248405,-1.2916233360638074e-09,-0.07142143661827138,-0.0714215984789134,-1.6186064201451078e-07
0.8140833333333334,1.12,0.04,-0.7,2.0,0.3,0.04,0.01,26137,-0.2422156053156349,-0.24221559777869667,7.536938240182423e-09,1.1364733112917413,1.1364731940403519,-1.172513894864835e-07,0.25984535478761756,0.2598453553969328,6.093152649100375e-10,-0.04137063955633735,-0.041370639501426214,5.4911138136493065e-11,-0.25339698726537657,-0.2533971154693303,-1.2820395373092097e-07
0.9249166666666667,1.12,0.04,-0.7,2.0,0.3,0.04,0.01,26147,-0.24795509089074047,-0.24795508424435903,6.646381445207794e-09,1.0799177906084534,1.0799178296010687,3.8992615358779403e-08,0.25934712960449385,0.2593471300538639,4.493700411778434e-10,-0.038055892174655714,-0.038055892134282523,4.037319090155478e-11,-0.30200910540772313,-0.3020092322139283,-1.268062051473784e-07
0.9581666666666667,1.12,0.04,-0.7,2.0,0.3,0.04,0.01,26150,-0.24948382547528708,-0.24948381905551778,6.419769299492728e-09,1.0652313385539625,1.0652314128427798,7.428881731996739e-08,0.2588713965146622,0.25887139693088085,4.1621867064023377e-10,-0.03712355571481446,-0.03712355567684322,3.797123726556606e-11,-0.31655606942022907,-0.31655619617254355,-1.2675231447767388e-07
1.1133333333333333,1.12,0.04,-0.7,2.0,0.3,0.04,0.01,26164,-0.25562795755888074,-0.2556279519677826,5.591098140023121e-09,1.0073700394686025,1.0073699630489017,-7.641970078964277e-08,0.2552822625778023,0.25528226287708083,2.9927854638955864e-10,-0.03311745951702083,-0.03311745947323227,4.3788563053315244e-11,-0.38403118242536644,-0.3840313108096475,-1.283842810395619e-07
1.1576666666666666,1.12,0.04,-0.7,2.0,0.3,0.04,0.01,26168,-0.2571145607463063,-0.2571145553460534,5.400252911513803e-09,0.9934508694853239,0.9934508496253815,-1.9859942357314253e-08,0.25394688603765786,0.253946886317224,2.7956614800928037e-10,-0.03208055011215405,-0.03208055006855001,4.360403704772864e-11,-0.4031742397812149,-0.4031743691255432,-1.293443283034712e-07
1.50125,1.12,0.04,-0.7,2.0,0.3,0.04,0.01,26199,-0.26540861852698827,-0.2654086141189828,4.408005460643238e-09,0.9096708428191214,0.9096708519010617,9.081940310906589e-09,0.24121362324790174,0.2412136234510679,2.0316615056970022e-10,-0.025823480984607516,-0.0258234809400101,4.45974160379059e-11,-0.5498473902604967,-0.5498475319876339,-1.4172713724835972e-07
1.601,1.12,0.04,-0.7,2.0,0.3,0.04,0.01,26208,-0.2669580813243616,-0.2669580771089796,4.215381987915379e-09,0.8903360229628454,0.8903360057163752,-1.7246470251919277e-08,0.23714542024516616,0.2371454204474679,2.0230173092272707e-10,-0.024586363922968202,-0.024586363887059006,3.5909195755801093e-11,-0.5920453688375987,-0.592045515244492,-1.4640689327549694e-07
1.76725,1.12,0.04,-0.7,2.0,0.3,0.04,0.01,26223,-0.2689111905629371,-0.2689111866276079,3.935329229154405e-09,0.8607019125195237,0.8607019342509468,2.1731423105464387e-08,0.23033007373343684,0.2303300739448365,2.1139967554262284e-10,-0.023015252064995106,-0.02301525203468074,3.0314365601080695e-11,-0.6622027956952603,-0.6622029505519481,-1.548566878062374e-07
1.9445833333333333,1.12,0.04,-0.7,2.0,0.3,0.04,0.01,26239,-0.2703095173217651,-0.27030951364670575,3.6750593679357735e-09,0.8314181176860558,0.8314180716635332,-4.602252257068784e-08,0.22320365928613084,0.22320365951548687,2.293560341648515e-10,-0.021879889440246103,-0.021879889419571183,2.067492010926486e-11,-0.736991942326265,-0.7369921068970224,-1.6457075746600935e-07
0.3596666666666667,1.1222222222222222,0.04,-0.7,2.0,0.3,0.04,0.01,26277,-0.19055344193351365,-0.19055342292519437,1.9008319279700814e-08,1.5431366837126426,1.5431366743048085,-9.407834067332033e-09,0.2148068562269137,0.2148068586683263,2.4414125998628577e-09,-0.05509680594983912,-0.05509680723561319,-1.2857740705474185e-09,-0.0704313431311443,-0.0704315055010908,-1.6236994650198344e-07
0.47050000000000003,1.1222222222222222,0.04,-0.7,2.0,0.3,0.04,0.01,26287,-0.20969921800556915,-0.20969920440936976,1.3596199388565822e-08,1.410522533842884,1.4105224537596681,-8.008321583652389e-08,0.2386382612377426,0.23863826294869384,1.7109512417956552e-09,-0.05409403015506006,-0.05409403056245704,-4.0739697726444035e-10,-0.10753607536417506,-0.10753622278323045,-1.4741905539350508e-07
0.5148333333333334,1.1222222222222222,0.04,-0.7,2.0,0.3,0.04,0.01,26291,-0.215392047144599,-0.21539203493918382,1.2205415178545564e-08,1.3610319139073512,1.3610319272002251,1.329287391271805e-08,0.2445792229349708,0.2445792244248111,1.4898402789231824e-09,-0.052461834752891984,-0.05246183490748791,-1.5459592633826347e-10,-0.12451609247890114,-0.12451623579673392,-1.4331783278198618e-07
0.5813333333333334,1.1222222222222222,0.04,-0.7,2.0,0.3,0.04,0.01,26297,-0.22249051335892361,-0.22249050272114915,1.063777446685954e-08,1.294780983818189,1.294780923045065,-6.077312386665312e-08,0.2510021597651804,0.2510021609830451,1.2178646979776886e-09,-0.04971073325825762,-0.0497107332194685,3.87891177511257e-11,-0.15141084712885777,-0.15141098543742262,-1.383085648509752e-07
0.7143333333333334,1.1222222222222222,0.04,-0.7,2.0,0.3,0.04,0.01,26309,-0.23335358261315775,-0.23335357405124393,8.561913816818034e-09,1.188342618752003,1.1883425657674607,-5.298454230917571e-08,0.25777611272599643,0.25777611353959873,8.136022966453993e-10,-0.04455683120126869,-0.044556831119489056,8.177963167765867e-11,-0.20804488912447988,-0.20804502039529485,-1.3127081496810966e-07
0.936,1.1222222222222222,0.04,-0.7,2.0,0.3,0.04,0.01,26329,-0.24609479122607997,-0.24609478468693674,6.539143226902411e-09,1.0661788472920986,1.0661789144878504,6.719575185165638e-08,0.2588234707914805,0.25882347122374755,4.3226705548349287e-10,-0.03763800749484458,-0.03763800745512432,3.972026180187882e-11,-0.30481441434561385,-0.3048145409792281,-1.266336142613511e-07
0.9692500000000001,1.1222222222222222,0.04,-0.7,2.0,0.3,0.04,0.01,26332,-0.24762817083735095,-0.24762816451576056,6.3215903900459836e-09,1.0520882880171722,1.052088306054112,1.803693971957898e-08,0.25832605084874505,0.2583260512477899,3.9904485271691215e-10,-0.03671985647504816,-0.036719856438781756,3.6266406544527285e-11,-0.3193054840746126,-0.31930561068017155,-1.2660555892551884e-07
1.0579166666666666,1.1222222222222222,0.04,-0.7,2.0,0.3,0.04,0.01,26340,-0.25133711665306646,-0.25133711082473137,5.828335092328274e-09,1.01846275857298,1.0184626702421455,-8.833083442461032e-08,0.2564709550846242,0.25647095541631304,3.31688843058231e-10,-0.03439682485180395,-0.03439682481355157,3.825238042987067e-11,-0.3578003628479029,-0.3578004901026774,-1.2725477449571088e-07
1.2574166666666666,1.1222222222222222,0.04,-0.7,2.0,0.3,0.04,0.01,26358,-0.25793700274084896,-0.25793699771167306,5.029175909054828e-09,0.9586208465917068,0.9586207806286792,-6.59630275956502e-08,0.25037679067196894,0.25037679091290677,2.409378252465899e-10,-0.02987400500590459,-0.029874004960230505,4.5674086041058715e-11,-0.4435535681474728,-0.4435536999682102,-1.3182073738127187e-07
1.56775,1.1222222222222222,0.04,-0.7,2.0,0.3,0.04,0.01,26386,-0.26449023639879554,-0.2644902321338563,4.264939235110177e-09,0.890927459584745,0.8909274532591094,-6.325635570902932e-09,0.23837981450142154,0.23837981469978262,1.9836107756354693e-10,-0.024938375701930027,-0.0249383756631585,3.8771527655079296e-11,-0.5751190755063501,-0.5751192198644993,-1.4435814921220924e-07
0.31533333333333335,1.1244444444444444,0.04,-0.7,2.0,0.3,0.04,0.01,26454,-0.17715752665212886,-0.17715750477304543,2.1879083433873348e-08,1.5577604157990255,1.5577603871906351,-2.860839032337026e-08,0.19888085604578137,0.1988808587940853,2.7483039177766955e-09,-0.05271141918949951,-0.052711420246102446,-1.0566029370884245e-09,-0.057576568343216394,-0.05757674031630593,-1.7197308953276202e-07
0.76975,1.1244444444444444,0.04,-0.7,2.0,0.3,0.04,0.01,26495,-0.23447624463015376,-0.23447623673625811,7.89389564825882e-09,1.1418000385454707,1.1417999543865784,-8.41588922995129e-08,0.2584430390488793,0.2584430397346223,6.857430179252333e-10,-0.04252513980524536,-0.04252513974288364,6.236171995466222e-11,-0.2303718435300861,-0.23037197285827363,-1.2932818752031672e-07
0.9803333333333334,1.1244444444444444,0.04,-0.7,2.0,0.3,0.04,0.01,26514,-0.24580260737060156,-0.2458026011473013,6.223300264007747e-09,1.0392629160027589,1.0392629671543532,5.1151594293585845e-08,0.25777262351259905,0.25777262389868466,3.860856079285213e-10,-0.036320532913157455,-0.03632053287556426,3.7593192447893387e-11,-0.32203274618856914,-0.3220328726566834,-1.264681142587598e-07
1.1909166666666666,1.1244444444444444,0.04,-0.7,2.0,0.3,0.04,0.01,26533,-0.2538180920424668,-0.2538180868082229,5.234243927176863e-09,0.9696083581867132,0.9696083174404984,-4.074621484662089e-08,0.2523724106659811,0.25237241092655216,2.605710647252124e-10,-0.031197630203268212,-0.031197630162832373,4.0435838705166205e-11,-0.41271293442158435,-0.41271306402206454,-1.2960048018095804e-07
1.5234166666666666,1.1244444444444444,0.04,-0.7,2.0,0.3,0.04,0.01,26563,-0.26178314535989233,-0.2617831410169814,4.3429109197745674e-09,0.8936355669342255,0.893635575984209,9.049983429321173e-09,0.2400320546353668,0.24003205483748596,2.0211915474632747e-10,-0.025452709184609068,-0.025452709143787364,4.082170365626858e-11,-0.5536091231908569,-0.5536092650514866,-1.4186062968768454e-07
1.6896666666666667,1.1244444444444444,0.04,-0.7,2.0,0.3,0.04,0.01,26578,-0.26422685899959997,-0.2642268549605912,4.039008794087806e-09,0.8634031711807211,0.8634031819878065,1.0807085448760745e-08,0.23329888557487022,0.23329888577350055,1.9863033440259414e-10,-0.02362524641266739,-0.023625246379290907,3.3376482133640195e-11,-0.6234644681987062,-0.6234646180350333,-1.4983632712350925e-07
1.7450833333333333,1.1244444444444444,0.04,-0.7,2.0,0.3,0.04,0.01,26583,-0.2648718699584107,-0.2648718660077941,3.950616611625435e-09,0.8539497137194374,0.8539496878734002,-2.5846037199350747e-08,0.2310504177910344,0.23105041799578688,2.0475246498286026e-10,-0.023146056579506635,-0.023146056550083435,2.942319998755494e-11,-0.6467148321113309,-0.6467149847777113,-1.5266638042632508e-07
1.76725,1.1244444444444444,0.04,-0.7,2.0,0.3,0.04,0.01,26585,-0.265109124874055,-0.26510912095904726,3.9150077624228174e-09,0.8502359774564816,0.8502359743905442,-3.0659373928543232e-09,0.23015366032753948,0.23015366053341796,2.058784809300107e-10,-0.02297048103810928,-0.02297048100771835,3.039092935641641e-11,-0.6560131219973675,-0.6560132758137202,-1.5381635265487859e-07
1.8559166666666667,1.1244444444444444,0.04,-0.7,2.0,0.3,0.04,0.01,26593,-0.2659499692634487,-0.265949965483025,3.780423696309043e-09,0.8357124617330847,0.835712491840356,3.010727134267199e-08,0.22659140242735354,0.22659140263772434,2.103708041101271e-10,-0.022351709144177723,-0.022351709119749735,2.442798741064678e-11,-0.6932069002944102,-0.6932070588360126,-1.5854160240191817e-07
0.2931666666666667,1.1266666666666667,0.04,-0.7,2.0,0.3,0.04,0.01,26633,-0.16837313047534525,-0.16837310732161767,2.315372757411005e-08,1.5405090571241065,1.5405089228890203,-1.3423508615773017e-07,0.1887937898768094,0.18879379273724103,2.8604316415492548e-09,-0.050723095922078354,-0.0507230964365222,-5.144438486315295e-10,-0.05146840210953907,-0.05146858005667227,-1.7794713320223865e-07
0.63675,1.1266666666666667,0.04,-0.7,2.0,0.3,0.04,0.01,26664,-0.22196156277611012,-0.22196155322132693,9.554783186871418e-09,1.2209836044996258,1.220983629099914,2.4600288250908875e-08,0.25335290001708005,0.2533529010363267,1.0192466315395166e-09,-0.04708039625583166,-0.047080396181275366,7.455629169594857e-11,-0.17156740913844976,-0.1715675443398279,-1.3520137814859723e-07
0.76975,1.1266666666666667,0.04,-0.7,2.0,0.3,0.04,0.01,26676,-0.23195058361090426,-0.23195057576140357,7.849500688328348e-09,1.131304641632802,1.1313046603879815,1.8755179409524203e-08,0.25792599451530257,0.2579259951976207,6.823181464277184e-10,-0.04238109570078863,-0.04238109563625624,6.45323863790459e-11,-0.22859642149066633,-0.22859655081200686,-1.2932134052512367e-07
0.8916666666666667,1.1266666666666667,0.04,-0.7,2.0,0.3,0.04,0.01,26687,-0.23912955049977536,-0.23912954371920592,6.780569439257533e-09,1.0682395190642069,1.0682394802326118,-3.8831595050581313e-08,0.258438670804953,0.2584386712867934,4.81840400912148e-10,-0.03867240064233529,-0.038672400601004124,4.1331167655034307e-11,-0.28152732680607195,-0.28152745351957187,-1.267134999149988e-07
0.9581666666666667,1.1266666666666667,0.04,-0.7,2.0,0.3,0.04,0.01,26693,-0.24246751857422144,-0.2424675122435816,6.330639845675279e-09,1.0397234698200641,1.0397234121535504,-5.7666513786358564e-08,0.2577487068847889,0.2577487072902825,4.0549358315544737e-10,-0.036815839891644886,-0.03681583985298461,3.866027636911795e-11,-0.3103589582026389,-0.3103590844995415,-1.2629690260279602e-07
0.9803333333333334,1.1266666666666667,0.04,-0.7,2.0,0.3,0.04,0.01,26695,-0.24350234134187104,-0.24350233514702707,6.194843971130126e-09,1.0309834465316303,1.0309834113137437,-3.5217886606986326e-08,0.2574033721279567,0.2574033725138993,3.8594255569179836e-10,-0.036219601923064004,-0.03621960188958872,3.347528504393793e-11,-0.3199480724337331,-0.3199481987318123,-1.2629807921715752e-07
1.03575,1.1266666666666667,0.04,-0.7,2.0,0.3,0.04,0.01,26700,-0.24593256875940495,-0.24593256287275356,5.886651388564701e-09,1.010604644413604,1.0106046114319183,-3.298168582688277e-08,0.25632952162214784,0.2563295219632812,3.411333437952635e-10,-0.034777642750304094,-0.034777642711401886,3.890220784397158e-11,-0.3438628034274291,-0.3438629300232936,-1.2659586451357896e-07
1.0579166666666666,1.1266666666666667,0.04,-0.7,2.0,0.3,0.04,0.01,26702,-0.24684505041772803,-0.24684504464223078,5.775497247118011e-09,1.0029906745423478,1.002990692204479,1.7662131091000788e-08,0.2558255740962856,0.2558255744223696,3.2608399314071335e-10,-0.034220530570165664,-0.03422053053244672,3.77189460221139e-11,-0.3534037809063695,-0.35340390772731073,-1.2682094124860654e-07
1.1909166666666666,1.1266666666666667,0.04,-0.7,2.0,0.3,0.04,0.01,26714,-0.2516711525711937,-0.2516711473568747,5.214319032109671e-09,0.962641748952775,0.9626418155328705,6.65800955479412e-08,0.2521089585447861,0.2521089588043022,2.5951607529606235e-10,-0.03112634087150401,-0.0311263408289497,4.25543107696047e-11,-0.4103413544428308,-0.41034148374906865,-1.293062378282528e-07
1.2574166666666666,1.1266666666666667,0.04,-0.7,2.0,0.3,0.04,0.01,26720,-0.25370618364384256,-0.25370617865838774,4.9854548267447285e-09,0.9452637839135747,0.9452637566427785,-2.7270796176814827e-08,0.24991103392643654,0.24991103416154284,2.3510629554301943e-10,-0.029748186854486325,-0.029748186806857715,4.762860938978264e-11,-0.43862290054791364,-0.4386230317170932,-1.3116917957356478e-07
1.2906666666666666,1.1266666666666667,0.04,-0.7,2.0,0.3,0.04,0.01,26723,-0.2546386153724767,-0.25463861048153347,4.890943205992926e-09,0.9371330322860416,0.9371330656219408,3.333589915222035e-08,0.24874964635972913,0.24874964658670423,2.2697510537739163e-10,-0.02910321066078303,-0.029103210616581145,4.420188520759538e-11,-0.45272208116082374,-0.45272221338861585,-1.322277921045334e-07
1.3239166666666666,1.1266666666666667,0.04,-0.7,2.0,0.3,0.04,0.01,26726,-0.2555176922330524,-0.2555176874376818,4.79537060060764e-09,0.929329704163484,0.9293296532843158,-5.0879168211892534e-08,0.24755358748934642,0.24755358771013944,2.2079302275379575e-10,-0.02848798252318152,-0.02848798247794024,4.5241279472696405e-11,-0.4667959887587336,-0.4667961221168757,-1.3335814208481622e-07
1.4236666666666666,1.1266666666666667,0.04,-0.7,2.0,0.3,0.04,0.01,26735,-0.25785888587735034,-0.2578588813310184,4.54633192203957e-09,0.9075930139379462,0.9075929618909854,-5.2046960852258906e-08,0.24380165361603812,0.2438016538210675,2.050293823607774e-10,-0.026820593038399954,-0.026820592996934615,4.1465338107560257e-11,-0.5088852201609595,-0.5088853573109793,-1.3715001978553687e-07
1.83375,1.1266666666666667,0.04,-0.7,2.0,0.3,0.04,0.01,26772,-0.26389573385174336,-0.263895730048171,3.803572345972839e-09,0.8342175089603998,0.834217487004928,-2.195547177397117e-08,0.22739347641999308,0.22739347662724008,2.072469973413149e-10,-0.022474126152027818,-0.022474126122768775,2.925904310502325e-11,-0.6807594042290005,-0.680759561035637,-1.5680663645323278e-07
1.8448333333333333,1.1266666666666667,0.04,-0.7,2.0,0.3,0.04,0.01,26773,-0.2639983197949558,-0.26399831600839035,3.7865654500812695e-09,0.8324429950912204,0.8324430385129042,4.3421683804112376e-08,0.22695183820121978,0.22695183841055075,2.0933096922526317e-10,-0.022402267260482334,-0.022402267236991198,2.3491136119657696e-11,-0.6853970413726179,-0.6853971987750943,-1.5740247638618143e-07
0.08258333333333334,1.1288888888888888,0.04,-0.7,2.0,0.3,0.04,0.01,26795,-0.10569452565691723,-0.10569448715681812,3.850009910877361e-08,1.572580230618792,1.5725800114396866,-2.1917910530966367e-07,0.04645500101811695,0.046455002119585045,1.1014680972865065e-09,-0.05230458874638105,-0.05230459728776017,-8.54137911787678e-09,-0.003334937836024787,-0.00333513971322554,-2.0187720075259472e-07
0.10475000000000001,1.1288888888888888,0.04,-0.7,2.0,0.3,0.04,0.01,26797,-0.11713085222291031,-0.11713081729380616,3.492910415070494e-08,1.59219148421208,1.5921912414567698,-2.427553100758928e-07,0.06618400618399467,0.06618400780925768,1.6252630075097585e-09,-0.05192478271548451,-0.051924786578153255,-3.8626687473564125e-09,-0.008393872709192007,-0.00839407931928385,-2.066100918424879e-07
0.14908333333333335,1.1288888888888888,0.04,-0.7,2.0,0.3,0.04,0.01,26801,-0.13212839074096955,-0.1321283608695787,2.987139086085833e-08,1.5542603169771407,1.5542601504739249,-1.665032158815194e-07,0.10245196725190697,0.10245196970833757,2.45643060059475e-09,-0.04843809931060622,-0.048438098382943,9.276632170762689e-10,-0.01910165443715084,-0.01910186452528946,-2.100881386218889e-07
0.18233333333333335,1.1288888888888888,0.04,-0.7,2.0,0.3,0.04,0.01,26804,-0.13972350954388063,-0.13972348148275945,2.8061121176703452e-08,1.5253491837674549,1.525349114366894,-6.940056085369406e-08,0.12640406592875214,0.12640406873781868,2.8090665349367328e-09,-0.04618896978992454,-0.04618896690233479,2.8875897506441817e-09,-0.02694787594556547,-0.026948082831210016,-2.0688564454640623e-07
0.3596666666666667,1.1288888888888888,0.04,-0.7,2.0,0.3,0.04,0.01,26820,-0.18051774935683162,-0.18051773075184474,1.8604986884440677e-08,1.4678417939451016,1.467841791376281,-2.5688207117013917e-09,0.21160462246924,0.211604624864485,2.3952450023401184e-09,-0.05367535928217648,-0.05367536053746697,-1.2552904896101502e-09,-0.06753896689550704,-0.0675391307476214,-1.6385211436265035e-07
0.37075,1.1288888888888888,0.04,-0.7,2.0,0.3,0.04,0.01,26821,-0.18287629155597923,-0.18287627360014147,1.795583776109666e-08,1.4578589925540175,1.4578589241239053,-6.843011224333395e-08,0.2148086354432019,0.21480863775699685,2.3137949611840014e-09,-0.053953716388152606,-0.05395371760123032,-1.2130777146679428e-09,-0.07073193217327356,-0.07073209404585662,-1.618725830598855e-07
0.5259166666666667,1.1288888888888888,0.04,-0.7,2.0,0.3,0.04,0.01,26835,-0.20784516304484663,-0.20784515129031195,1.1754534678942719e-08,1.3019685399240366,1.3019685149576001,-2.4966436473761178e-08,0.24347429184955888,0.24347429326497894,1.4154200589366894e-09,-0.05123052439973477,-0.05123052453530245,-1.3556767514133483e-10,-0.1248594464242983,-0.12485958957763485,-1.4315333654590923e-07
0.7586666666666667,1.1288888888888888,0.04,-0.7,2.0,0.3,0.04,0.01,26856,-0.22870055161668124,-0.22870054369886683,7.917814404123646e-09,1.1272657154948185,1.1272657698748587,5.438004024860277e-08,0.2571963179550871,0.25719631865784565,7.027585735563946e-10,-0.042592538963201476,-0.04259253889717799,6.602348529005653e-11,-0.22205122066690924,-0.22205135035996518,-1.2969305593357738e-07
0.8805833333333334,1.1288888888888888,0.04,-0.7,2.0,0.3,0.04,0.01,26867,-0.23616184749646746,-0.23616184066968565,6.826781806523741e-09,1.0642293969687078,1.0642293757819474,-2.1186760346125766e-08,0.2580553115152581,0.2580553120061008,4.908426998184723e-10,-0.03887107551000385,-0.0388710754679558,4.204805253982258e-11,-0.27478502479836436,-0.2747851515533186,-1.2675495425495953e-07
0.936,1.1288888888888888,0.04,-0.7,2.0,0.3,0.04,0.01,26872,-0.23907366989414647,-0.23907366345795159,6.4361948826086035e-09,1.0402255751218448,1.0402255301834,-4.4938444743181094e-08,0.2576353163842929,0.2576353168092856,4.2499270769269515e-10,-0.037312725454201334,-0.0373127254186838,3.5517533358842e-11,-0.298748225179557,-0.29874835140419087,-1.2622463385625338e-07
1.0246666666666666,1.1288888888888888,0.04,-0.7,2.0,0.3,0.04,0.01,26880,-0.243218133197734,-0.24321812728333758,5.914396417061596e-09,1.0066155284316203,1.0066153389897758,-1.8944184443370204e-07,0.25621462465041933,0.25621462499263764,3.4221830924607843e-10,-0.03496474116983922,-0.03496474113466217,3.517704877387118e-11,-0.3369526374464443,-0.336952763758396,-1.2631195167589482e-07
1.3128333333333333,1.1288888888888888,0.04,-0.7,2.0,0.3,0.04,0.01,26906,-0.25316670360459037,-0.25316669879348436,4.8111060135802575e-09,0.9254728469687556,0.9254727699414115,-7.702734416970003e-08,0.24773421351226982,0.2477342137366566,2.2438678692893177e-10,-0.028631006762439015,-0.028631006717463717,4.4975297791571833e-11,-0.45958875782708963,-0.4595888904486827,-1.326215930408381e-07
1.335,1.1288888888888888,0.04,-0.7,2.0,0.3,0.04,0.01,26908,-0.2537467902764823,-0.2537467855282272,4.7482550669109e-09,0.920453163688606,0.9204532254420534,6.175344746672806e-08,0.24693434296695072,0.2469343431835807,2.166299917227832e-10,-0.028233075709573063,-0.0282330756647076,4.4865462039966886e-11,-0.4689349639760282,-0.468935097370154,-1.333941258008231e-07
1.601,1.1288888888888888,0.04,-0.7,2.0,0.3,0.04,0.01,26932,-0.25914355941278333,-0.25914355524198696,4.170796374936003e-09,0.867970312290467,0.8679702886764753,-2.3613991650961452e-08,0.23663411803959145,0.23663411823421987,1.946284244880303e-10,-0.024454754236208354,-0.02445475419703691,3.9171443866337086e-11,-0.5804755489195734,-0.5804756934658102,-1.445462367577477e-07
1.6120833333333333,1.1288888888888888,0.04,-0.7,2.0,0.3,0.04,0.01,26933,-0.25931469194752366,-0.2593146877967199,4.15080375626431e-09,0.8660127323589784,0.8660127226723601,-9.68661828526507e-09,0.23618973507805174,0.23618973527329423,1.9524248884295048e-10,-0.02433474633745103,-0.02433474630294897,3.45020609304747e-11,-0.5851060442409878,-0.5851061893137857,-1.450727978857813e-07
1.7450833333333333,1.1288888888888888,0.04,-0.7,2.0,0.3,0.04,0.01,26945,-0.26109990446686326,-0.2610999005391719,3.927691338834194e-09,0.8434439854876352,0.8434439886026913,3.1150561019543943e-09,0.23084540009078724,0.23084540029020514,1.9941789886068761e-10,-0.023095685058108217,-0.023095685029037156,2.9071061530272502e-11,-0.6406258886084565,-0.6406260402524803,-1.5164402378253783e-07
0.11583333333333334,1.1311111111111112,0.04,-0.7,2.0,0.3,0.04,0.01,26979,-0.11823295499494013,-0.11823292239917156,3.259576857039814e-08,1.5439702072406192,1.5439700570991288,-1.5014149035152968e-07,0.07482601398038635,0.07482601580342822,1.8230418702414042e-09,-0.05037741239537902,-0.05037741506401745,-2.668638435232573e-09,-0.010577063607325465,-0.010577271771911005,-2.0816458553944706e-07
0.16016666666666668,1.1311111111111112,0.04,-0.7,2.0,0.3,0.04,0.01,26983,-0.13145743285151307,-0.131457404388694,2.846281907387116e-08,1.5042671185072631,1.5042669799688866,-1.3853837654842494e-07,0.10967975088930354,0.1096797534416711,2.552367553421142e-09,-0.04701981274744804,-0.047019811218304085,1.5291439572906462e-09,-0.021177824293082403,-0.021178033984943657,-2.096918612533305e-07
0.18233333333333335,1.1311111111111112,0.04,-0.7,2.0,0.3,0.04,0.01,26985,-0.1363751007789349,-0.1363750733676805,2.741125437744074e-08,1.4883635074403045,1.4883633151577524,-1.92282552102796e-07,0.12527608442617494,0.12527608718818523,2.762010287149508e-09,-0.04571835580394895,-0.045718353091638755,2.712310195884804e-09,-0.0263173502654257,-0.026317557429850372,-2.0716442467386131e-07
0.21558333333333335,1.1311111111111112,0.04,-0.7,2.0,0.3,0.04,0.01,26988,-0.1434115938470787,-0.14341156757800708,2.626907161240588e-08,1.4802670061930812,1.4802668640312353,-1.4216184585080782e-07,0.14650124103905704,0.14650124397057104,2.931514003767788e-09,-0.04525899991163207,-0.045258997121615796,2.790016273568341e-09,-0.033566438818362354,-0.03356663902067677,-2.0020231441403302e-07
0.24883333333333335,1.1311111111111112,0.04,-0.7,2.0,0.3,0.04,0.01,26991,-0.15091556006142232,-0.15091553513383799,2.4927584330036723e-08,1.4823839079858292,1.4823838675688497,-4.041697954093593e-08,0.1652390924959668,0.1652390954533648,2.9573979931640793e-09,-0.04656968916664367,-0.046569687710988114,1.455655554427615e-09,-0.04044142023765934,-0.04044161144357377,-1.9120591442794987e-07
0.2599166666666667,1.1311111111111112,0.04,-0.7,2.0,0.3,0.04,0.01,26992,-0.15354974854612374,-0.15354972416738216,2.4378741581010388e-08,1.4829919063596986,1.4829918237985893,-8.256110928250848e-08,0.1709395192855956,0.17093952222144987,2.9358542819046818e-09,-0.047269951469267046,-0.04726995054884951,9.204175338561882e-10,-0.04273235207276349,-0.042732540160747935,-1.880879844443073e-07
0.3264166666666667,1.1311111111111112,0.04,-0.7,2.0,0.3,0.04,0.01,26998,-0.16970657809027567,-0.1697065576604151,2.042986058103935e-08,1.4659963895602424,1.4659963458540797,-4.370616268900562e-08,0.1995413440003882,0.19954134661097003,2.610581834039394e-09,-0.051764670461230955,-0.05176467156484998,-1.1036190225577336e-09,-0.05776541780661004,-0.057765588900356386,-1.710937463442197e-07
0.404,1.1311111111111112,0.04,-0.7,2.0,0.3,0.04,0.01,27005,-0.18631438710267623,-0.18631437103320098,1.6069475250457543e-08,1.403764890439696,1.4037648179712425,-7.246845346031705e-08,0.22226287261156025,0.22226287467943415,2.0678738998913815e-09,-0.053854242585728296,-0.0538542435742985,-9.885702048628708e-10,-0.07990025746151125,-0.079900414478522,-1.5701701075454544e-07
0.48158333333333336,1.1311111111111112,0.04,-0.7,2.0,0.3,0.04,0.01,27012,-0.1990959980491605,-0.19909598507303025,1.2976130253639084e-08,1.3278615616785228,1.327861530103714,-3.1574808767587115e-08,0.23682761152433313,0.23682761313659337,1.6122602419788024e-09,-0.05248919155424747,-0.052489191925241964,-3.7099449207156354e-10,-0.10671217473640082,-0.10671232229411771,-1.4755771689245467e-07
0.57025,1.1311111111111112,0.04,-0.7,2.0,0.3,0.04,0.01,27020,-0.21006057406666723,-0.21006056341016824,1.0656498988792507e-08,1.247724659703131,1.2477246314600132,-2.824311784443978e-08,0.24717303333964338,0.2471730345695259,1.2298825291523485e-09,-0.049253059478462924,-0.04925305948757393,-9.111003618222924e-12,-0.14112963480646112,-0.14112977466439847,-1.3985793734239138e-07
1.1355,1.1311111111111112,0.04,-0.7,2.0,0.3,0.04,0.01,27071,-0.24547290158945245,-0.2454728962080964,5.381356055211839e-09,0.9640335127403254,0.9640335776485676,6.490824211446977e-08,0.2531873799187928,0.2531873801935934,2.748005711872281e-10,-0.0322014461232728,-0.03220144608205531,4.12174946951005e-11,-0.38212245153410734,-0.3821225790655988,-1.2753149147837206e-07
1.16875,1.1311111111111112,0.04,-0.7,2.0,0.3,0.04,0.01,27074,-0.24666504637563952,-0.2466650411244833,5.251156232066734e-09,0.9547425190714609,0.9547425322427617,1.3171300827785615e-08,0.2522314713218274,0.25223147158723686,2.6540947217768007e-10,-0.03145916398508697,-0.031459163945386524,3.970044432088926e-11,-0.39624028011792795,-0.3962404083336016,-1.2821567363374697e-07
1.2685,1.1311111111111112,0.04,-0.7,2.0,0.3,0.04,0.01,27083,-0.2498634165015029,-0.2498634115814959,4.920007012909622e-09,0.9293484676264896,0.929348496199555,2.8573065358195038e-08,0.24904505984923303,0.24904506008136018,2.321271508343159e-10,-0.029401651964917896,-0.029401651921226426,4.369147058036482e-11,-0.43841536019297717,-0.4384154910454059,-1.3085242872579173e-07
1.4236666666666666,1.1311111111111112,0.04,-0.7,2.0,0.3,0.04,0.01,27097,-0.2538520112831122,-0.25385200676905156,4.514060625293581e-09,0.895513756205002,0.8955137221355743,-3.406942761241538e-08,0.24342718703013883,0.24342718723201215,2.0187332361309984e-10,-0.02672352707632636,-0.026723527034537804,4.178855525505121e-11,-0.503579863568443,-0.5035799999187796,-1.363503365769958e-07
1.468,1.1311111111111112,0.04,-0.7,2.0,0.3,0.04,0.01,27101,-0.25480117440503103,-0.25480116998969776,4.415333265672672e-09,0.8867905035292445,0.8867904555939622,-4.793528229907196e-08,0.24172729115940622,0.24172729135577858,1.963723628151115e-10,-0.026074609862022924,-0.02607460981973648,4.2286445178785215e-11,-0.5221225905044715,-0.5221227286703153,-1.3816584376602492e-07
1.63425,1.1311111111111112,0.04,-0.7,2.0,0.3,0.04,0.01,27116,-0.2577362334247463,-0.2577362293273815,4.0973647807973634e-09,0.8566621786942896,0.8566622310213579,5.232706823399269e-08,0.2351662972892299,0.23516629748249568,1.9326579225875662e-10,-0.024069933650949782,-0.024069933614179,3.6770780864614494e-11,-0.5914652315243407,-0.5914653771803013,-1.4565596062610098e-07
1.7118333333333333,1.1311111111111112,0.04,-0.7,2.0,0.3,0.04,0.01,27123,-0.25881665711081914,-0.2588166531425333,3.968285811062344e-09,0.8436417522905693,0.8436418248779215,7.258735224002777e-08,0.23206384260024415,0.23206384279556952,1.9532536699173875e-10,-0.02334422628980093,-0.023344226260312986,2.9487943337125344e-11,-0.62376323383323,-0.6237633832905701,-1.4945734017057788e-07
1.8226666666666667,1.1311111111111112,0.04,-0.7,2.0,0.3,0.04,0.01,27133,-0.26009767713261467,-0.2600976733309291,3.8016855774536396e-09,0.8258362910185113,0.8258362755703301,-1.544818117871216e-08,0.22764933944346977,0.22764933964807738,2.046076086337223e-10,-0.022503655319888738,-0.022503655294374734,2.5514004103888155e-11,-0.6698885605026239,-0.6698887156532035,-1.5515057960602263e-07
1.83375,1.1311111111111112,0.04,-0.7,2.0,0.3,0.04,0.01,27134,-0.2602106086062317,-0.2602106048199272,3.786304492159331e-09,0.8240980675644494,0.8240980908073391,2.3242889723995575e-08,0.22721076950643626,0.22721076971144122,2.0500495745423564e-10,-0.02243091454447177,-0.022430914520663894,2.380787580968935e-11,-0.6745019906007066,-0.6745021463333783,-1.5573267175827965e-07
1.8891666666666667,1.1311111111111112,0.04,-0.7,2.0,0.3,0.04,0.01,27139,-0.26073789717986906,-0.2607378934732637,3.706605355979775e-09,0.8155059655345909,0.8155059581370079,-7.397582990620322e-09,0.22502926646419952,0.2250292666763827,2.1218318768667643e-10,-0.02209474763995023,-0.02209474761754537,2.2404859217894924e-11,-0.697575887994295,-0.6975760466914877,-1.5869719260930282e-07
0.11583333333333334,1.1333333333333333,0.04,-0.7,2.0,0.3,0.04,0.01,27160,-0.11484982182626002,-0.11484979000167855,3.1824581470107915e-08,1.5010204620913292,1.5010202783033864,-1.8378794286455502e-07,0.07395831416196624,0.07395831594201652,1.7800502738474222e-09,-0.04952107508723186,-0.04952107801638428,-2.929152420616532e-09,-0.010127400007081677,-0.010127608040834141,-2.0803375246417066e-07
0.21558333333333335,1.1333333333333333,0.04,-0.7,2.0,0.3,0.04,0.01,27169,-0.14016072344250757,-0.14016069779045953,2.5652048041280295e-08,1.445652317993984,1.445652028539166,-2.894548178922207e-07,0.14530456733680835,0.14530457022820573,2.891397371529436e-09,-0.04477843580048824,-0.04477843305741313,2.7430751073365123e-09,-0.032901902019752405,-0.03290210264697006,-2.0062721765856661e-07
0.34858333333333336,1.1333333333333333,0.04,-0.7,2.0,0.3,0.04,0.01,27181,-0.17162901623072463,-0.17162899736938766,1.8861336964492992e-08,1.4263154081428642,1.4263153898046337,-1.8338230489689522e-08,0.20594932435259727,0.20594932679173164,2.4391343667051757e-09,-0.052305015297571256,-0.052305016519703144,-1.2221318887450927e-09,-0.06264473740493631,-0.06264490434287272,-1.6693793640498722e-07
0.4594166666666667,1.1333333333333333,0.04,-0.7,2.0,0.3,0.04,0.01,27191,-0.1928240508998133,-0.1928240372541145,1.3645698793141037e-08,1.3312038131541026,1.3312037586579382,-5.4496164469952646e-08,0.2323747116836708,0.2323747134033032,1.7196324086921067e-09,-0.05276148419053328,-0.05276148473014063,-5.396073518570965e-10,-0.0974999542362881,-0.09750010448979513,-1.502535070252442e-07
0.537,1.1333333333333333,0.04,-0.7,2.0,0.3,0.04,0.01,27198,-0.2034885029967952,-0.20348849165528224,1.1341512951013044e-08,1.2612272354967091,1.261227196880649,-3.861606012733887e-08,0.24309179381669377,0.24309179517004476,1.3533509868324245e-09,-0.05027565192333369,-0.05027565203390878,-1.1057509075040883e-10,-0.126546772091108,-0.12654691478081428,-1.4268970627284716e-07
0.57025,1.1333333333333333,0.04,-0.7,2.0,0.3,0.04,0.01,27201,-0.2073036083334763,-0.20730359774353735,1.058993895353133e-08,1.233559153088204,1.2335591631697913,1.0081587342725129e-08,0.24640996736009085,0.2464099685820723,1.2219814327085743e-09,-0.049012401581189496,-0.04901240159672855,-1.5539056152924502e-11,-0.13973531347761387,-0.13973545352548472,-1.4004787085575288e-07
0.67,1.1333333333333333,0.04,-0.7,2.0,0.3,0.04,0.01,27210,-0.21687911789025627,-0.21687910899979765,8.89045861929283e-09,1.1602417748779459,1.160241800961922,2.608397609016322e-08,0.25311757436051463,0.2531175752657045,9.051898675060954e-10,-0.04527634695574573,-0.04527634688147128,7.427444770335967e-11,-0.18090181356324175,-0.1809019472377289,-1.3367448714607377e-07
0.9470833333333334,1.1333333333333333,0.04,-0.7,2.0,0.3,0.04,0.01,27235,-0.2350593276173249,-0.23505932132542956,6.291895338073061e-09,1.0188438474834083,1.0188438077401556,-3.9743252688850816e-08,0.25668544169341057,0.2566854421017281,4.083175464408839e-10,-0.036786603419235175,-0.03678660338399443,3.5240747819909046e-11,-0.2995194219737943,-0.29951954785958873,-1.258857944552716e-07
1.069,1.1333333333333333,0.04,-0.7,2.0,0.3,0.04,0.01,27246,-0.24070304293424827,-0.24070303729936718,5.634881089511268e-09,0.9765710087816792,0.9765710890342274,8.025254816246274e-08,0.25455340143778343,0.254553401746533,3.087495814568797e-10,-0.033674398544937534,-0.033674398507106074,3.783146018676575e-11,-0.35161972359504245,-0.35161984988095357,-1.2628591111729648e-07
1.0911666666666666,1.1333333333333333,0.04,-0.7,2.0,0.3,0.04,0.01,27248,-0.24161385147589143,-0.2416138459361467,5.539744718507933e-09,0.9697769198790951,0.9697768184842294,-1.0139486572580125e-07,0.254028461341739,0.25402846163676734,2.950283350955374e-10,-0.03314430238196553,-0.03314430234404118,3.792435115945736e-11,-0.3610479566538288,-0.36104808321401527,-1.2656018644197076e-07
1.3239166666666666,1.1333333333333333,0.04,-0.7,2.0,0.3,0.04,0.01,27269,-0.24938587250621785,-0.24938586776395816,4.742259696044471e-09,0.910251469338208,0.9102514350870429,-3.425116512634219e-08,0.24688231315603965,0.24688231336873223,2.1269258576595007e-10,-0.028311879020498365,-0.02831187897899085,4.150751617415516e-11,-0.4592345667786893,-0.4592346990709147,-1.322922253965686e-07
1.4015,1.1333333333333333,0.04,-0.7,2.0,0.3,0.04,0.01,27276,-0.25135453288735454,-0.25135452833604843,4.55130610976795e-09,0.8939350162884274,0.8939349789613539,-3.732707354320297e-08,0.24406161610406735,0.2440616163053788,2.0131143974033705e-10,-0.027015005674251025,-0.027015005630212422,4.403860262569559e-11,-0.49169126528650353,-0.49169140037998005,-1.3509347651652348e-07
1.50125,1.1333333333333333,0.04,-0.7,2.0,0.3,0.04,0.01,27285,-0.253513654177584,-0.2535136498391721,4.338411907500728e-09,0.8746756416377899,0.8746756832412522,4.160346234183265e-08,0.24026154552762857,0.24026154571943772,1.918091518948728e-10,-0.02557729240931783,-0.025577292369851203,3.946662788245625e-11,-0.53328349062947,-0.5332836297834488,-1.3915397878427882e-07
1.9113333333333333,1.1333333333333333,0.04,-0.7,2.0,0.3,0.04,0.01,27322,-0.25913298934275575,-0.2591329856782545,3.6645012579938907e-09,0.8072204668585492,0.8072205147885823,4.793003305358923e-08,0.22407696541243416,0.2240769656220756,2.096414430940996e-10,-0.021952966644325778,-0.021952966620398594,2.392718315147313e-11,-0.7036178596214748,-0.7036180189670427,-1.5934556785168752e-07
0.14908333333333335,1.1355555555555554,0.04,-0.7,2.0,0.3,0.04,0.01,27344,-0.1221558999092015,-0.12215587211071818,2.7798483320795597e-08,1.4388686936372963,1.4388685893220863,-1.0431521002551847e-07,0.09936983950607076,0.09936984182506457,2.3189938164192014e-09,-0.04670044846454696,-0.046700448334096666,1.3045029639835448e-10,-0.017426802494877047,-0.017427012729717646,-2.1023484059884412e-07
0.16016666666666668,1.1355555555555554,0.04,-0.7,2.0,0.3,0.04,0.01,27345,-0.12493777131538514,-0.12493774422930037,2.708608476398311e-08,1.4301927996063224,1.4301927017231997,-9.78831227183008e-08,0.10754253831575522,0.10754254077842089,2.462665668612196e-09,-0.045962324648103625,-0.045962323606808166,1.041295459580649e-09,-0.020014688875587272,-0.020014898787375852,-2.0991178857968085e-07
0.70325,1.1355555555555554,0.04,-0.7,2.0,0.3,0.04,0.01,27394,-0.2170808504723884,-0.21708084207725384,8.395134559746609e-09,1.1276339147159309,1.127634004318113,8.960218211839788e-08,0.2538879192180363,0.25388792003250876,8.144724894521005e-10,-0.04393825475384333,-0.04393825468435067,6.949266162514789e-11,-0.19334278045120973,-0.19334291250741079,-1.3205620105760651e-07
0.7586666666666667,1.1355555555555554,0.04,-0.7,2.0,0.3,0.04,0.01,27399,-0.2212903723174814,-0.22129036454969883,7.76778255606736e-09,1.0958896179413813,1.0958895720079755,-4.5933405745657296e-08,0.25553015704889853,0.2555301577391988,6.903002613967146e-10,-0.042125467412841566,-0.042125467351652526,6.1189039946008e-11,-0.21688797646461644,-0.2168881061601165,-1.2969550006181052e-07
0.8140833333333334,1.1355555555555554,0.04,-0.7,2.0,0.3,0.04,0.01,27404,-0.22507759143194223,-0.22507758419624918,7.235693044727043e-09,1.067455284581298,1.0674551804147796,-1.0416651829991963e-07,0.2564152923181101,0.2564152929036224,5.855123053066791e-10,-0.04042216113411129,-0.040422161086716694,4.739459519287337e-11,-0.24057769201328572,-0.24057781991642493,-1.2790313921873242e-07
0.8584166666666667,1.1355555555555554,0.04,-0.7,2.0,0.3,0.04,0.01,27408,-0.2278489281852189,-0.2278489213156568,6.869562113598349e-09,1.046834618295689,1.0468346426643074,2.4368618456449553e-08,0.25667745407759873,0.25667745459374464,5.161459037950067e-10,-0.03912455117591196,-0.03912455113246997,4.344198611949679e-11,-0.25957012039067723,-0.25957024724855265,-1.268578754265448e-07
0.9138333333333334,1.1355555555555554,0.04,-0.7,2.0,0.3,0.04,0.01,27413,-0.23103118611388085,-0.23103117964610004,6.467780810925916e-09,1.0234109379392287,1.02341092753268,-1.0406548733854493e-08,0.2565480398810868,0.25654804032265616,4.415693366510709e-10,-0.03757111113462247,-0.037571111097125666,3.749680427267421e-11,-0.2833070310045635,-0.28330715702115467,-1.260165911620703e-07
0.9581666666666667,1.1355555555555554,0.04,-0.7,2.0,0.3,0.04,0.01,27417,-0.23337446222057578,-0.23337445603434517,6.186230611104904e-09,1.006340505371739,1.006340467440647,-3.793109182304022e-08,0.2561398220310429,0.25613982242639255,3.95349641912901e-10,-0.036377917165264506,-0.03637791713070989,3.455461611290289e-11,-0.3022663847847967,-0.3022665104723709,-1.2568757418174314e-07
1.1576666666666666,1.1355555555555554,0.04,-0.7,2.0,0.3,0.04,0.01,27435,-0.2420494500410264,-0.24204944479582058,5.2452058252328015e-09,0.94374201370373,0.9437420523232918,3.861956177075854e-08,0.2519530468245157,0.25195304708886745,2.643517627021197e-10,-0.03154296834464998,-0.03154296830336694,4.1283039486916806e-11,-0.38696881168240327,-0.3869689391090308,-1.27426627527516e-07
1.8226666666666667,1.1355555555555554,0.04,-0.7,2.0,0.3,0.04,0.01,27495,-0.2564497720611292,-0.25644976828163135,3.779497825817657e-09,0.8157308356571136,0.8157308715195668,3.586245322928505e-08,0.2274436041419664,0.2274436043406618,1.9869539347183718e-10,-0.022456311592339295,-0.02245631156725416,2.5085135357816313e-11,-0.6637065026979944,-0.6637066567848624,-1.5408686804274652e-07
1.8448333333333333,1.1355555555555554,0.04,-0.7,2.0,0.3,0.04,0.01,27497,-0.2566883088684496,-0.256688305122196,3.746253640635189e-09,0.8123474268262321,0.812347375580649,-5.124558311031535e-08,0.22657494974175074,0.22657494994273894,2.0098819830671744e-10,-0.02231478170057477,-0.022314781674310644,2.6264126290476142e-11,-0.6728860611817516,-0.672886216425939,-1.552441873942101e-07
0.12691666666666668,1.1377777777777778,0.04,-0.7,2.0,0.3,0.04,0.01,27523,-0.11237185134765904,-0.11237182234144652,2.9006212515225727e-08,1.415891043299311,1.415890825566332,-2.1773297897986765e-07,0.08121062349389363,0.08121062540224591,1.908352281754233e-09,-0.04737837597024175,-0.04737837819240048,-2.222158734799251e-09,-0.011753017619756112,-0.011753226725248159,-2.091054920466684e-07
0.5924166666666667,1.1377777777777778,0.04,-0.7,2.0,0.3,0.04,0.01,27565,-0.20430570699302153,-0.2043056969842816,1.0008739920186471e-08,1.1891332730995519,1.1891332377193875,-3.5380164353782106e-08,0.24678448812898504,0.24678448926255384,1.1335687943869743e-09,-0.047697038746772474,-0.04769703873279327,1.3979206681113965e-11,-0.14587042337794662,-0.14587056213992033,-1.3876197371698318e-07
0.67,1.1377777777777778,0.04,-0.7,2.0,0.3,0.04,0.01,27572,-0.21177492918694404,-0.21177492042146182,8.765482228945132e-09,1.1366977404475564,1.1366977042372994,-3.621025701505687e-08,0.2518015355714928,0.251801536470232,8.987391941772671e-10,-0.04489293248366444,-0.044892932415288224,6.837621441269093e-11,-0.17778805854880633,-0.17778819238586194,-1.3383705560476855e-07
0.7254166666666667,1.1377777777777778,0.04,-0.7,2.0,0.3,0.04,0.01,27577,-0.2163560093584871,-0.21635600128510024,8.0733868479399e-09,1.1037130834279374,1.1037130855405168,2.112579444712992e-09,0.2540411319286451,0.25404113268623907,7.575939875437143e-10,-0.043026712434439396,-0.04302671237153065,6.290874765557675e-11,-0.20109264654497028,-0.20109277761384114,-1.3106887086777874e-07
0.8473333333333334,1.1377777777777778,0.04,-0.7,2.0,0.3,0.04,0.01,27588,-0.22484880892428144,-0.22484880201269553,6.911585914703977e-09,1.042579055726689,1.042578922624127,-1.3310256186116476e-07,0.25614587629507746,0.25614587682324913,5.281716730642927e-10,-0.0393067487208798,-0.03930674867884706,4.203274533987056e-11,-0.25298835318009194,-0.2529884801909513,-1.2701085938537915e-07
1.23525,1.1377777777777778,0.04,-0.7,2.0,0.3,0.04,0.01,27623,-0.2426745419933929,-0.24267453704048075,4.95291213598037e-09,0.9174811521628357,0.9174812697443967,1.1758156104324513e-07,0.24934156054267492,0.2493415607789073,2.362323670013211e-10,-0.029845744506096228,-0.02984574446152294,4.4573289503802016e-11,-0.41724216443637246,-0.41724229337858154,-1.2894220907666565e-07
1.43475,1.1377777777777778,0.04,-0.7,2.0,0.3,0.04,0.01,27641,-0.24820090759550967,-0.24820090315329005,4.442219619926746e-09,0.8754342091521483,0.8754342838891424,7.473699403792722e-08,0.242410756666131,0.2424107568619921,1.9586110511227162e-10,-0.026406575547484323,-0.026406575505030262,4.2454061099928e-11,-0.5003123713557406,-0.5003125069518464,-1.3559610578806058e-07
1.4901666666666666,1.1377777777777778,0.04,-0.7,2.0,0.3,0.04,0.01,27646,-0.2494218557432329,-0.24942185141560322,4.327629671285749e-09,0.8651561446415545,0.8651561403700173,-4.271537235034373e-09,0.2403225119881544,0.24032251218241146,1.942570548862932e-10,-0.025633292503567107,-0.025633292460751213,4.281589319199419e-11,-0.5232744310141104,-0.5232745688520526,-1.3783794217125944e-07
1.8115833333333333,1.1377777777777778,0.04,-0.7,2.0,0.3,0.04,0.01,27675,-0.25451567612910786,-0.25451567234545003,3.7836578314909275e-09,0.8123808514781672,0.8123808325273436,-1.8950823577057463e-08,0.22776687788439443,0.22776687808276555,1.9837112508191979e-10,-0.0225045775727184,-0.02250457754595879,2.6759608418025493e-11,-0.6560575454872541,-0.656057698470675,-1.5298342082026295e-07
0.404,1.14,0.04,-0.7,2.0,0.3,0.04,0.01,27729,-0.17421300321913274,-0.17421298775611838,1.5463014368943817e-08,1.3195888028116887,1.3195887670905322,-3.572115647720864e-08,0.21807653493806367,0.21807653695362714,2.0155634661289668e-09,-0.052140792934293745,-0.05214079393083864,-9.9654489521539e-10,-0.07584148996469392,-0.07584164856440431,-1.585997103925596e-07
0.5480833333333334,1.14,0.04,-0.7,2.0,0.3,0.04,0.01,27742,-0.19660396702435995,-0.1966039561848435,1.0839516451088826e-08,1.2079804399822702,1.207980359167892,-8.081437830043114e-08,0.2418211508070124,0.24182115209151564,1.2845032260067057e-09,-0.049063928537641105,-0.04906392863182639,-9.418528457150188e-11,-0.1269265933727219,-0.1269267357704337,-1.4239771178869987e-07
1.0468333333333333,1.14,0.04,-0.7,2.0,0.3,0.04,0.01,27787,-0.23327724272565603,-0.23327723707843195,5.647224077254265e-09,0.9608370175884229,0.9608370436364344,2.604801152550351e-08,0.2539354559994919,0.25393545631701314,3.1752123152983813e-10,-0.03391947339621837,-0.03391947336316394,3.305442725087815e-11,-0.33582805568237867,-0.3358281811207153,-1.2543833660672021e-07
1.56775,1.14,0.04,-0.7,2.0,0.3,0.04,0.01,27834,-0.24905310095902494,-0.24905309679348028,4.165544659207043e-09,0.8459324164766802,0.8459324399266478,2.344996763437024e-08,0.23716306359531508,0.23716306378080804,1.854929543299022e-10,-0.02463557279536177,-0.02463557275865639,3.670538178957017e-11,-0.5525969929346536,-0.5525971336795716,-1.4074491805349254e-07
1.76725,1.14,0.04,-0.7,2.0,0.3,0.04,0.01,27852,-0.2521656584939663,-0.2521656546579255,3.8360408183280015e-09,0.8140461901784413,0.8140460436362791,-1.4654216218268346e-07,0.22937942368912723,0.22937942387856478,1.8943754898081977e-10,-0.022788379634083866,-0.022788379604762397,2.9321468864029754e-11,-0.6347539214422715,-0.6347540716512652,-1.5020899368778373e-07
1.8891666666666667,1.14,0.04,-0.7,2.0,0.3,0.04,0.01,27863,-0.2535764330928447,-0.253576429431247,3.6615977472287398e-09,0.7958629810733697,0.7958629951332523,1.4059882591510586e-08,0.2246447786938277,0.22464477889491838,2.0109067189189034e-10,-0.02200900525883842,-0.022009005236846846,2.1991575227531257e-11,-0.6849793364625129,-0.6849794929606299,-1.564981170210089e-07
1.9113333333333333,1.14,0.04,-0.7,2.0,0.3,0.04,0.01,27865,-0.25380021788395934,-0.25380021425389604,3.630063305504194e-09,0.7926332173946449,0.7926332624605827,4.506593787034774e-08,0.22379255578935942,0.22379255599536543,2.0600601779996452e-10,-0.021890320496542603,-0.021890320472222786,2.431981699357877e-11,-0.6941199655929875,-0.694120123273377,-1.5768038952312935e-07
1.9778333333333333,1.14,0.04,-0.7,2.0,0.3,0.04,0.01,27871,-0.25441825395475237,-0.25441825041319877,3.5415536059346664e-09,0.7830641246542314,0.7830641431654886,1.8511257193765118e-08,0.2212574348488261,0.22125743505914844,2.103223428751022e-10,-0.02157077373478311,-0.021570773714863635,1.9919475791052577e-11,-0.7215655163043955,-0.7215656775849045,-1.6128050905894753e-07
0.21558333333333335,1.1422222222222222,0.04,-0.7,2.0,0.3,0.04,0.01,27893,-0.12789872843480682,-0.12789870531277087,2.3122035952560793e-08,1.315550763464346,1.3155505592963144,-2.041680315922889e-07,0.14046964045118238,0.14046964318517335,2.733990978054379e-09,-0.04285937090040687,-0.04285936837858768,2.521819190970387e-09,-0.03031442879709162,-0.030314630957005265,-2.02159913646055e-07
0.3375,1.1422222222222222,0.04,-0.7,2.0,0.3,0.04,0.01,27904,-0.15680017927507256,-0.15680016089099533,1.8384077232758145e-08,1.3319487950080866,1.33194875156479,-4.3443296515732754e-08,0.19758644592141744,0.1975864483552774,2.433859946915362e-09,-0.04972960206066357,-0.04972960313261626,-1.0719526932767565e-09,-0.05634707214569046,-0.05634724326987943,-1.7112418897180515e-07
0.37075,1.1422222222222222,0.04,-0.7,2.0,0.3,0.04,0.01,27907,-0.16437720519148907,-0.16437718841806157,1.677342750805444e-08,1.318590652638063,1.3185905482488123,-1.0438925079903072e-07,0.2081738255468174,0.20817382776759852,2.220781114559145e-09,-0.05109566150331146,-0.05109566266853187,-1.1652204062739813e-09,-0.06512207239302292,-0.0651222369291103,-1.64536087379763e-07
0.6589166666666667,1.1422222222222222,0.04,-0.7,2.0,0.3,0.04,0.01,27933,-0.2057601756483285,-0.20576016686056034,8.787768152052067e-09,1.120113998082095,1.120113992286953,-5.795142143938392e-09,0.24985151318520152,0.2498515141060229,9.208213913591834e-10,-0.04487525193642983,-0.0448752518810212,5.54086290738276e-11,-0.17014117471705198,-0.17014130935338406,-1.3463633208310455e-07
0.8140833333333334,1.1422222222222222,0.04,-0.7,2.0,0.3,0.04,0.01,27947,-0.2180570545194313,-0.21805704743702853,7.082402775360208e-09,1.0388067801792022,1.0388067296401362,-5.053906604324254e-08,0.25481336395592746,0.25481336453158754,5.75660075163853e-10,-0.03997852048638617,-0.03997852044063039,4.5755781108436366e-11,-0.2352658208052555,-0.23526594856046618,-1.2775521068819629e-07
0.83625,1.1422222222222222,0.04,-0.7,2.0,0.3,0.04,0.01,27949,-0.21953712050690882,-0.21953711360223632,6.904672500418485e-09,1.0290194758788562,1.0290195065456733,3.0666817085744924e-08,0.2550432614847539,0.25504326202434663,5.395927038520654e-10,-0.039340117208470915,-0.03934011716997839,3.849252167009709e-11,-0.24465991206697874,-0.24466003920626428,-1.271392855439757e-07
1.1909166666666666,1.1422222222222222,0.04,-0.7,2.0,0.3,0.04,0.01,27981,-0.23707144443402967,-0.23707143938405026,5.0499794068681325e-09,0.9147204195480985,0.9147203942154642,-2.533263421256038e-08,0.2500800791106067,0.25008007935657767,2.459709658175768e-10,-0.03059078470264709,-0.030590784663102694,3.954439553588429e-11,-0.3940826269136638,-0.3940827541900138,-1.2727635001485993e-07
1.2130833333333333,1.1422222222222222,0.04,-0.7,2.0,0.3,0.04,0.01,27983,-0.23786325061760094,-0.2378632456412601,4.976340839402127e-09,0.9094489591965349,0.9094489339255829,-2.5270951997669044e-08,0.2494360862993067,0.24943608653786703,2.3856033815050637e-10,-0.03013820314607535,-0.030138203104019348,4.2056001042789504e-11,-0.4033178767719886,-0.40331800454820166,-1.2777621305470888e-07
1.4125833333333333,1.1422222222222222,0.04,-0.7,2.0,0.3,0.04,0.01,28001,-0.24379458610612748,-0.24379458165181406,4.454313418111866e-09,0.8677576504578788,0.8677576996270835,4.916920470776631e-08,0.2427928616610675,0.24279286185934965,1.9828214070649608e-10,-0.026628763094144192,-0.026628763051441746,4.270244574611226e-11,-0.4859629350077374,-0.4859630689664972,-1.339587598070402e-07
1.9556666666666667,1.1422222222222222,0.04,-0.7,2.0,0.3,0.04,0.01,28050,-0.2524788748040768,-0.2524788712468311,3.5572457202093233e-09,0.781482452361093,0.7814824513187425,-1.0423505392154198e-09,0.2220019359970571,0.2220019362061559,2.0909882159081405e-10,-0.02165094206911522,-0.021650942047418725,2.169649529482065e-11,-0.7092264232885781,-0.7092265827937411,-1.595051629665889e-07
0.24883333333333335,1.1444444444444444,0.04,-0.7,2.0,0.3,0.04,0.01,28077,-0.13242345189571486,-0.13242343022998757,2.1665727295561155e-08,1.2957924767909024,1.2957923070636732,-1.697272291600882e-07,0.15780310781129958,0.15780311056264198,2.7513424039060652e-09,-0.043452275019714715,-0.04345227340567232,1.6140423927946124e-09,-0.036342155354737726,-0.03634234947088365,-1.941161459212415e-07
0.3596666666666667,1.1444444444444444,0.04,-0.7,2.0,0.3,0.04,0.01,28087,-0.15900161484238423,-0.15900159780287026,1.703951396647696e-08,1.3009661480045676,1.3009660314479659,-1.1655660170362125e-07,0.2036914057906153,0.20369140806711375,2.2764984619616513e-09,-0.05022466003548609,-0.05022466119246207,-1.1569759802987356e-09,-0.061220869083424,-0.0612210361237401,-1.670403160999867e-07
0.3929166666666667,1.1444444444444444,0.04,-0.7,2.0,0.3,0.04,0.01,28090,-0.1661929380379623,-0.16619292247982156,1.555814074793993e-08,1.2852255343309693,1.2852255299625042,-4.36846514517697e-09,0.21313243393394216,0.21313243599269416,2.0587520022097294e-09,-0.05112409476322466,-0.05112409583006856,-1.0668438979455352e-09,-0.07056403641497039,-0.07056419752951724,-1.611145468566333e-07
0.41508333333333336,1.1444444444444444,0.04,-0.7,2.0,0.3,0.04,0.01,28092,-0.17060787780482506,-0.17060786315928736,1.4645537699253808e-08,1.2720358079365557,1.2720358778722816,6.993572587710162e-08,0.21853444800275235,0.21853444992010954,1.9173571896846653e-09,-0.05132601379215229,-0.05132601471191568,-9.19763390450079e-10,-0.07730571447903817,-0.07730587216039311,-1.57681354945316e-07
0.76975,1.1444444444444444,0.04,-0.7,2.0,0.3,0.04,0.01,28124,-0.21257038006004814,-0.2125703726262713,7.43377684409019e-09,1.0497112498675243,1.0497111511898087,-9.867771555427396e-08,0.25345584227249446,0.2534558429249938,6.524993323431261e-10,-0.04113049650814743,-0.041130496456906064,5.124136531753365e-11,-0.21483311238922748,-0.21483324162902181,-1.2923979433865362e-07
1.0025,1.1444444444444444,0.04,-0.7,2.0,0.3,0.04,0.01,28145,-0.226888237483229,-0.22688823168864528,5.794583729512581e-09,0.9592972659289156,0.9592973386257067,7.269679103139026e-08,0.25388669877911274,0.2538866991248983,3.457855668465015e-10,-0.03479248956290287,-0.034792489525883014,3.701985940018915e-11,-0.313034374570878,-0.31303449947781026,-1.2490693224176397e-07
1.0579166666666666,1.1444444444444444,0.04,-0.7,2.0,0.3,0.04,0.01,28150,-0.22955427980142495,-0.2295542742699636,5.531461344521205e-09,0.9426575450777186,0.9426575425984127,-2.4793058717165195e-09,0.25295565364770456,0.2529556539555297,3.0782515425542556e-10,-0.033451298430131615,-0.033451298393383844,3.674777149242914e-11,-0.3363023617448599,-0.3363024868310769,-1.2508621699547362e-07
1.2463333333333333,1.1444444444444444,0.04,-0.7,2.0,0.3,0.04,0.01,28167,-0.2370001756257442,-0.2370001707720155,4.85372872449652e-09,0.8953324186211642,0.8953323626670558,-5.595410834668968e-08,0.24813661699794182,0.2481366172267642,2.288223777124898e-10,-0.029408184441317986,-0.02940818439893594,4.2382045789546297e-11,-0.4148017073388188,-0.4148018356311341,-1.2829231527122786e-07
1.3239166666666666,1.1444444444444444,0.04,-0.7,2.0,0.3,0.04,0.01,28174,-0.23944644167203655,-0.23944643702845547,4.6435810752143425e-09,0.8789558303412548,0.8789558464781146,1.613685984835911e-08,0.2456438705849759,0.2456438707965428,2.11566902885707e-10,-0.027996945889119385,-0.02799694584911355,4.0005835449941074e-11,-0.44687857525538277,-0.44687870578377586,-1.3052839309413145e-07
1.36825,1.1444444444444444,0.04,-0.7,2.0,0.3,0.04,0.01,28178,-0.24070581394960988,-0.24070580941119296,4.538416920052413e-09,0.870204003300401,0.8702040522674082,4.8967007115763295e-08,0.24413035437251263,0.24413035457218385,1.9967122399933146e-10,-0.02725980521308541,-0.0272598051703419,4.2743510120235584e-11,-0.46515719049809723,-0.46515732248672287,-1.319886256401226e-07
1.6675,1.1444444444444444,0.04,-0.7,2.0,0.3,0.04,0.01,28205,-0.24708687740276208,-0.24708687343740224,3.96535984603652e-09,0.8189692139726201,0.8189692420398681,2.806724797022042e-08,0.23297452028260557,0.23297452046367095,1.8106538490769708e-10,-0.02354180328217187,-0.02354180324983742,3.2334447619408735e-11,-0.5879497603147876,-0.5879499046855825,-1.4437079487450433e-07
0.17125,1.1466666666666667,0.04,-0.7,2.0,0.3,0.04,0.01,28251,-0.11262975081981902,-0.11262972776345948,2.3056359543804916e-08,1.2574844894530646,1.2574843099773845,-1.7947568009546444e-07,0.10988090153315339,0.10988090388929783,2.3561444462139036e-09,-0.042784747118496114,-0.04278474632913101,7.893651010615343e-10,-0.019655096612433698,-0.01965530624435119,-2.0963191749157062e-07
0.4926666666666667,1.1466666666666667,0.04,-0.7,2.0,0.3,0.04,0.01,28280,-0.18105931749386878,-0.1810593055747556,1.1919113168668005e-08,1.2024652433495486,1.2024651806289337,-6.272061492396119e-08,0.23205197123492977,0.232051972729477,1.4945472359695344e-09,-0.049895122385956725,-0.049895122754920355,-3.689636304815558e-10,-0.1024464202536296,-0.10244656858786844,-1.4833423883642283e-07
0.7808333333333334,1.1466666666666667,0.04,-0.7,2.0,0.3,0.04,0.01,28306,-0.21108179342248234,-0.21108178614883474,7.273647600891664e-09,1.034739822991515,1.0347397501547928,-7.283672220914639e-08,0.2531117683774592,0.25311176900480153,6.273423447389348e-10,-0.04063496967902924,-0.04063496963034066,4.86885809447557e-11,-0.21781467863031534,-0.21781480742881396,-1.2879849861646697e-07
1.1465833333333333,1.1466666666666667,0.04,-0.7,2.0,0.3,0.04,0.01,28339,-0.23131347062083085,-0.2313134654734656,5.147365256252812e-09,0.9119476646057834,0.9119476404551776,-2.415060573746075e-08,0.2506117882689757,0.25061178853062405,2.6164836963715743e-10,-0.03135545334369272,-0.03135545330179033,4.190239127899176e-11,-0.3711557713551722,-0.37115589723498765,-1.2587981546019478e-07
1.2130833333333333,1.1466666666666667,0.04,-0.7,2.0,0.3,0.04,0.01,28345,-0.2338506566024537,-0.23385065167292302,4.92953067254831e-09,0.8962404353385356,0.8962404961885309,6.084999526478896e-08,0.2488197752022192,0.2488197754378254,2.356062012154325e-10,-0.029980089608291904,-0.0299800895667623,4.1529602673451294e-11,-0.39872335529357594,-0.39872348246835804,-1.2717478209411937e-07
1.23525,1.1466666666666667,0.04,-0.7,2.0,0.3,0.04,0.01,28347,-0.2346358948582261,-0.2346358899987157,4.859510405186285e-09,0.8912980728470465,0.8912981408803307,6.803328411741916e-08,0.2481722062036909,0.24817220642981155,2.261206499820645e-10,-0.029545558440091657,-0.029545558398195136,4.189652097474905e-11,-0.4078886309165364,-0.4078887586119446,-1.276954082474191e-07
1.4569166666666666,1.1466666666666667,0.04,-0.7,2.0,0.3,0.04,0.01,28367,-0.24106291421722992,-0.24106290988776075,4.3294691720596745e-09,0.8480027874346874,0.8480029166270533,1.2919236591635297e-07,0.24073936457282702,0.2407393647600227,1.871956756271942e-10,-0.02588309687315271,-0.025883096827977792,4.517491936084639e-11,-0.4990250876287655,-0.49902522247757414,-1.348488086194699e-07
1.6120833333333333,1.1466666666666667,0.04,-0.7,2.0,0.3,0.04,0.01,28381,-0.2443092802915936,-0.2443092762492114,4.04238220674813e-09,0.8222886385689243,0.8222886799508003,4.138187603697219e-08,0.23493565120769055,0.234935651386973,1.7928244999687593e-10,-0.02403638461257601,-0.02403638457874788,3.3828131268398565e-11,-0.5624698067063783,-0.5624699480646124,-1.4135823411809412e-07
0.10475000000000001,1.1488888888888888,0.04,-0.7,2.0,0.3,0.04,0.01,28426,-0.08917623205730724,-0.08917620492848194,2.712882529731786e-08,1.2189947280749625,1.2189945481879645,-1.7988699796411822e-07,0.05914722494466257,0.059147226212363235,1.2677006666628188e-09,-0.043127473497509006,-0.043127479004043255,-5.506534249410944e-09,-0.004794423484749677,-0.0047946282194228935,-2.0473467321653616e-07
0.12691666666666668,1.1488888888888888,0.04,-0.7,2.0,0.3,0.04,0.01,28428,-0.09766617164164854,-0.09766614651667682,2.5124971714252098e-08,1.235454141074177,1.2354539559961966,-1.8507798049682833e-07,0.07663564247920723,0.07663564416578543,1.6865781965469395e-09,-0.043610150582615304,-0.04361015383553782,-3.2529225146848972e-09,-0.009388457068298939,-0.009388665463967636,-2.0839566869726434e-07
0.9803333333333334,1.1488888888888888,0.04,-0.7,2.0,0.3,0.04,0.01,28505,-0.22149223375383248,-0.22149222792104772,5.832784755188669e-09,0.9507335009539819,0.9507334792703528,-2.16836291144773e-08,0.25329672472429454,0.25329672508525597,3.609614274147077e-10,-0.03511162656840566,-0.03511162653368173,3.472393206305213e-11,-0.29976433290546806,-0.2997644575219108,-1.246164427204377e-07
1.1355,1.1488888888888888,0.04,-0.7,2.0,0.3,0.04,0.01,28519,-0.22883778918472708,-0.22883778402850283,5.1562242531222324e-09,0.9078087087610598,0.907808727993016,1.923195624975449e-08,0.2505314235235617,0.2505314237853284,2.6176666390043124e-10,-0.03150307556674947,-0.03150307552938585,3.7363619143082616e-11,-0.3643735939390033,-0.36437371938432445,-1.2544532113079043e-07
1.6896666666666667,1.1488888888888888,0.04,-0.7,2.0,0.3,0.04,0.01,28569,-0.24383807997019336,-0.24383807606925434,3.9009390162547675e-09,0.805105525303329,0.8051054996912361,-2.5612092890980875e-08,0.23180096627620217,0.2318009664540876,1.7788542860941448e-10,-0.023274407709335254,-0.02327440767603593,3.32993251028757e-11,-0.5912897124971463,-0.5912898569460491,-1.444489027280227e-07
1.7229166666666667,1.1488888888888888,0.04,-0.7,2.0,0.3,0.04,0.01,28572,-0.24436399385621005,-0.24436399000666062,3.8495494292245525e-09,0.8001803990242973,0.8001804040757774,5.051480123086094e-09,0.23052886901166192,0.23052886919368576,1.8202384044485598e-10,-0.02300112353206818,-0.02300112350213746,2.993072109602757e-11,-0.6048293259751369,-0.6048294719989167,-1.4602377973460534e-07
1.734,1.1488888888888888,0.04,-0.7,2.0,0.3,0.04,0.01,28573,-0.24453275077374742,-0.2445327469400507,3.8336967211893835e-09,0.7985543330757405,0.7985543393998908,6.324150314540589e-09,0.23010460171991182,0.23010460190069446,1.8078263885890067e-10,-0.022914508124097233,-0.02291450809140332,3.26939135486537e-11,-0.6093429125245478,-0.6093430590822805,-1.4655773272753692e-07
0.31533333333333335,1.1511111111111112,0.04,-0.7,2.0,0.3,0.04,0.01,28626,-0.1400450488543009,-0.1400450308856833,1.7968617621599847e-08,1.2362746035221583,1.2362744596754902,-1.438466681324968e-07,0.18447665788380585,0.1844766603612984,2.4774925444503992e-09,-0.04625582673639661,-0.04625582733048386,-5.940872516152496e-10,-0.048010858561715886,-0.04801103657291638,-1.78011200495376e-07
0.47050000000000003,1.1511111111111112,0.04,-0.7,2.0,0.3,0.04,0.01,28640,-0.17227406590738376,-0.17227405362629652,1.2281087230503474e-08,1.1843063939254161,1.1843062999330753,-9.399234079943142e-08,0.2265045090623155,0.22650451064293212,1.580616609819785e-09,-0.0496759317774112,-0.049675932299704316,-5.222931184767354e-10,-0.09241551174554025,-0.09241566308169637,-1.5133615612061835e-07
0.5259166666666667,1.1511111111111112,0.04,-0.7,2.0,0.3,0.04,0.01,28645,-0.18061547896752045,-0.180615468119118,1.0848402454133321e-08,1.1507378085140463,1.1507377444170568,-6.409698949383369e-08,0.23483569107557445,0.23483569240556973,1.3299952805745363e-09,-0.04833985004150387,-0.04833985025536759,-2.1386371840126372e-10,-0.11223552436365192,-0.11223566978962463,-1.4542597270850166e-07
0.7365,1.1511111111111112,0.04,-0.7,2.0,0.3,0.04,0.01,28664,-0.20299486317706256,-0.20299485559611052,7.580952032792965e-09,1.0353861761014382,1.0353861446554158,-3.144602245264139e-08,0.25062785361917167,0.2506278543307204,7.11548708842713e-10,-0.041604204996173455,-0.041604204949050885,4.712256973515849e-11,-0.196068141983044,-0.19606827264583027,-1.3066278625739614e-07
0.9692500000000001,1.1511111111111112,0.04,-0.7,2.0,0.3,0.04,0.01,28685,-0.2187810639304663,-0.21878105808049952,5.849966788762373e-09,0.9463933338393904,0.9463933231583154,-1.0681075024443487e-08,0.2529501866958134,0.2529501870665577,3.70744324129646e-10,-0.0352660823822043,-0.035266082351885455,3.031884465709567e-11,-0.29318933948096343,-0.29318946399430507,-1.2451334163721128e-07
1.0911666666666666,1.1511111111111112,0.04,-0.7,2.0,0.3,0.04,0.01,28696,-0.22489093300506746,-0.22489092770975488,5.295312577313638e-09,0.9119846794414244,0.9119846030262162,-7.641520816115133e-08,0.25113886210632874,0.2511388623885654,2.822366784727137e-10,-0.03238186914136104,-0.03238186910430485,3.7056191448670006e-11,-0.34387272877838687,-0.343872853452419,-1.246740321536599e-07
1.1798333333333333,1.1511111111111112,0.04,-0.7,2.0,0.3,0.04,0.01,28704,-0.22862933252446038,-0.22862932754418644,4.98027394324474e-09,0.8905689644067571,0.8905689671454343,2.7386771739301707e-09,0.24907485019438902,0.2490748504382626,2.438735879906062e-10,-0.030482699447942352,-0.030482699408218877,3.972347450975633e-11,-0.3804944789477169,-0.3804946048602698,-1.259125529395888e-07
1.2795833333333333,1.1511111111111112,0.04,-0.7,2.0,0.3,0.04,0.01,28713,-0.23223034677541388,-0.2322303420860245,4.6893893768107375e-09,0.8692315950353802,0.8692316229613799,2.7925999734890183e-08,0.24623055819246453,0.24623055840590793,2.1344340184192845e-10,-0.028567855221844907,-0.02856785518031983,4.1525075045178994e-11,-0.42146723710972944,-0.4214673653125917,-1.2820286227066546e-07
1.43475,1.1511111111111112,0.04,-0.7,2.0,0.3,0.04,0.01,28727,-0.23676352942276352,-0.2367635250872844,4.335479114603302e-09,0.8403148892000001,0.8403149593895383,7.018953818160867e-08,0.24107351565584578,0.2410735158414069,1.855611220236142e-10,-0.026081674790005838,-0.026081674747940698,4.206513956606095e-11,-0.48483482476442685,-0.48483495797442555,-1.3320999869836925e-07
1.6564166666666666,1.1511111111111112,0.04,-0.7,2.0,0.3,0.04,0.01,28747,-0.24148696567825867,-0.24148696173947432,3.938784354229341e-09,0.8048428729034995,0.8048429247226315,5.181913198537558e-08,0.23289745659519495,0.23289745677295567,1.7776072280817345e-10,-0.023530026210215327,-0.023530026177469174,3.274615301140926e-11,-0.5749389337627447,-0.5749390761955844,-1.4243283963377706e-07
1.6785833333333333,1.1511111111111112,0.04,-0.7,2.0,0.3,0.04,0.01,28749,-0.24186900715112564,-0.24186900324748115,3.903644490987901e-09,0.8015467130306764,0.8015467051187231,-7.911953314732045e-09,0.23205666575241285,0.2320566659281072,1.756943479591655e-10,-0.023332893267086208,-0.023332893235054594,3.203161347276051e-11,-0.583939820900832,-0.5839399643500178,-1.434491858631759e-07
1.76725,1.1511111111111112,0.04,-0.7,2.0,0.3,0.04,0.01,28757,-0.24326201824791116,-0.24326201447602616,3.771884998782227e-09,0.7886821404290423,0.7886820639573534,-7.647168887014999e-08,0.22868361654843766,0.22868361673015397,1.817163086670348e-10,-0.02263552108125455,-0.022635521053506375,2.7748175285280396e-11,-0.6199499621096712,-0.61995010977129,-1.4766161871015981e-07
1.8780833333333333,1.1511111111111112,0.04,-0.7,2.0,0.3,0.04,0.01,28767,-0.24473545387267148,-0.2447354502614586,3.611212884280235e-09,0.7731822251888509,0.7731821420742214,-8.311462951215987e-08,0.22448094284518993,0.22448094303482677,1.8963683401373999e-10,-0.02194502062229098,-0.02194502059963792,2.2653059983390733e-11,-0.6650100632298733,-0.6650102164331209,-1.532032475326517e-07
1.9889166666666667,1.1511111111111112,0.04,-0.7,2.0,0.3,0.04,0.01,28777,-0.2459606406651077,-0.24596063719679442,3.468313275467594e-09,0.7581728675432053,0.7581728453313319,-2.2211873451638553e-08,0.22033772094136317,0.22033772114467126,2.0330809258339855e-10,-0.02141892337464979,-0.021418923358944006,1.5705783895647585e-11,-0.7101701213982348,-0.7101702804235823,-1.5902534755696252e-07
0.9138333333333334,1.1533333333333333,0.04,-0.7,2.0,0.3,0.04,0.01,28861,-0.213439863364015,-0.21343985723907952,6.124935475471105e-09,0.9562297301202172,0.9562297574697038,2.734948667537651e-08,0.252734626932892,0.25273462735839747,4.255054641966183e-10,-0.036537050857390896,-0.036537050826758025,3.063287123961089e-11,-0.2682003533518995,-0.2682004783684561,-1.2501655660690503e-07
1.0468333333333333,1.1533333333333333,0.04,-0.7,2.0,0.3,0.04,0.01,28873,-0.22076365708216528,-0.2207636516411854,5.4409798888599425e-09,0.9164728559385438,0.916472862687961,6.749417247320366e-09,0.2515419761435142,0.2515419764513661,3.07851910630319e-10,-0.03328709784797268,-0.03328709781722392,3.074875770670005e-11,-0.32345181902922876,-0.3234519432109419,-1.2418171313477444e-07
1.1133333333333333,1.1533333333333333,0.04,-0.7,2.0,0.3,0.04,0.01,28879,-0.22387058266307158,-0.223870577484814,5.17825757273549e-09,0.8994559430597349,0.8994559415264806,-1.5332543013002464e-09,0.2502941847209311,0.2502941849914723,2.705412005532537e-10,-0.031792848013204034,-0.03179284797891439,3.4289640571394386e-11,-0.35092409306856226,-0.35092421772404636,-1.246554841016767e-07
1.2685,1.1533333333333333,0.04,-0.7,2.0,0.3,0.04,0.01,28893,-0.2299294565492188,-0.22992945185282002,4.696398797632284e-09,0.8652017713384197,0.8652018548609111,8.352249136756029e-08,0.24626436958431058,0.2462643697982188,2.1390822446676339e-10,-0.028692909641928055,-0.028692909602985484,3.894257138981061e-11,-0.4145980974224611,-0.41459822500496374,-1.2758250261812876e-07
1.8448333333333333,1.1533333333333333,0.04,-0.7,2.0,0.3,0.04,0.01,28945,-0.24259876299538574,-0.24259875934842287,3.646962870584858e-09,0.7729029347092187,0.7729029210582817,-1.365093693639352e-08,0.22559995837050095,0.22559995855775986,1.872589028284466e-10,-0.02210436699887075,-0.022104366974063094,2.4807655929492967e-11,-0.6484768224573195,-0.6484769734395943,-1.509822747935985e-07
0.22666666666666668,1.1555555555555554,0.04,-0.7,2.0,0.3,0.04,0.01,28980,-0.11389220683343665,-0.11389218759135439,1.9242082260895188e-08,1.1498426967515574,1.1498425630341915,-1.3371736584666394e-07,0.13949895870567913,0.13949896123544722,2.529768089454265e-09,-0.040154605386311104,-0.040154603255654425,2.1306566788670267e-09,-0.028825904250413814,-0.028826105810744827,-2.0156033101251247e-07
0.37075,1.1555555555555554,0.04,-0.7,2.0,0.3,0.04,0.01,28993,-0.14766413284038327,-0.14766411760916517,1.5231218092326415e-08,1.1904327107403745,1.1904325319676472,-1.787727272883899e-07,0.20118664828802646,0.20118665040978265,2.1217561874120605e-09,-0.048146042664204414,-0.048146043757202946,-1.0929985319596547e-09,-0.059928920505478156,-0.05992908743168577,-1.6692620761343813e-07
0.4594166666666667,1.1555555555555554,0.04,-0.7,2.0,0.3,0.04,0.01,29001,-0.16520443734260176,-0.16520442503715202,1.2305449742511243e-08,1.157565161086227,1.1575651724409464,1.1354719386957868e-08,0.2224590893513262,0.22245909096647828,1.6151520954021947e-09,-0.0490865774518956,-0.04908657806481486,-6.129192639536818e-10,-0.08655447634668689,-0.08655462957771409,-1.5323102720010695e-07
0.7586666666666667,1.1555555555555554,0.04,-0.7,2.0,0.3,0.04,0.01,29028,-0.20028423130234035,-0.20028422406357832,7.238762034234014e-09,1.0057835168886253,1.005783543776228,2.688760258884315e-08,0.250062541318416,0.2500625419792123,6.60796306561906e-10,-0.040586956755774006,-0.04058695671111552,4.465848524315419e-11,-0.20204546610964186,-0.2020455957446638,-1.2963502193930054e-07
0.8695,1.1555555555555554,0.04,-0.7,2.0,0.3,0.04,0.01,29038,-0.20846790864940956,-0.20846790229113085,6.358278709095444e-09,0.9630478234323725,0.9630477484709015,-7.49614710304769e-08,0.25207303845753426,0.2520730389357723,4.782380602641467e-10,-0.03754621946846365,-0.03754621943592566,3.2537986194292046e-11,-0.247956761484959,-0.2479568872953337,-1.2581037470149603e-07
1.0800833333333333,1.1555555555555554,0.04,-0.7,2.0,0.3,0.04,0.01,29057,-0.22034980053910191,-0.2203497952647893,5.274312625536126e-09,0.9007073240030472,0.900707250012752,-7.399029522403566e-08,0.25056003285013617,0.2505600331374864,2.8735025470183473e-10,-0.03242397782186185,-0.03242397778735339,3.45084585906541e-11,-0.3351355900683972,-0.33513571418966265,-1.2412126543237534e-07
1.2130833333333333,1.1555555555555554,0.04,-0.7,2.0,0.3,0.04,0.01,29069,-0.22600007956306845,-0.22600007473909436,4.823974081302751e-09,0.8702315465458632,0.8702314354466218,-1.1109924136221139e-07,0.24751648270680132,0.2475164829388934,2.3209206778673774e-10,-0.029650623843864576,-0.029650623803623828,4.02407482336109e-11,-0.3896783329599904,-0.3896784589430665,-1.25983076137981e-07
1.2241666666666666,1.1555555555555554,0.04,-0.7,2.0,0.3,0.04,0.01,29070,-0.22641766985895262,-0.22641766506522057,4.7937320502011715e-09,0.8679176127790456,0.8679176086792559,-4.099789618905447e-09,0.24721570279644806,0.24721570301955767,2.231096141169786e-10,-0.029437836404598572,-0.029437836366044398,3.8554173742433306e-11,-0.39420447625740374,-0.39420460247476413,-1.26217360396641e-07
1.2574166666666666,1.1555555555555554,0.04,-0.7,2.0,0.3,0.04,0.01,29073,-0.22762560763413958,-0.22762560293493606,4.699203526303819e-09,0.8611539960290404,0.861153933601935,-6.242710537396334e-08,0.24627810148999257,0.24627810170817674,2.1818416517938033e-10,-0.02881720155570311,-0.028817201514837718,4.086539093228758e-11,-0.40776705385915657,-0.40776718084375085,-1.2698459428417408e-07
1.3571666666666666,1.1555555555555554,0.04,-0.7,2.0,0.3,0.04,0.01,29082,-0.2308748009772349,-0.2308747965186761,4.45855879993573e-09,0.8422747929670571,0.8422748355874746,4.2620417528560495e-08,0.24319679572643027,0.24319679592289198,1.964617080130182e-10,-0.027118011419642596,-0.02711801137980262,3.983997506895598e-11,-0.4483290097900827,-0.44832913958142884,-1.2979134611512677e-07
1.4125833333333333,1.1555555555555554,0.04,-0.7,2.0,0.3,0.04,0.01,29087,-0.23246015240202533,-0.23246014806133347,4.340691861504098e-09,0.8325597114500205,0.8325596919778533,-1.9472167211986857e-08,0.24134709565269696,0.241347095839328,1.8663104395244545e-10,-0.026280360677088943,-0.026280360635384196,4.1704747294479816e-11,-0.4707969547600513,-0.4707970863967654,-1.3163671408467081e-07
1.468,1.1555555555555554,0.04,-0.7,2.0,0.3,0.04,0.01,29092,-0.23390562308076707,-0.23390561884976235,4.2310047132509965e-09,0.8232986854761482,0.8232985367652669,-1.4871088127588195e-07,0.23942357251935387,0.23942357270059603,1.8124216016879302e-10,-0.025517686973279552,-0.02551768693395565,3.9323901773746783e-11,-0.4932294277768326,-0.4932295614286541,-1.3365182149893684e-07
1.6564166666666666,1.1555555555555554,0.04,-0.7,2.0,0.3,0.04,0.01,29109,-0.23793317726786972,-0.237933173361356,3.9065137236171665e-09,0.7943752440564555,0.7943753692810784,1.2522462289332736e-07,0.23253707090407916,0.23253707107807647,1.7399731655487471e-10,-0.023450520338155756,-0.02345052030774858,3.0407176776492406e-11,-0.569352756686764,-0.5693528981708608,-1.414840967717268e-07
1.867,1.1555555555555554,0.04,-0.7,2.0,0.3,0.04,0.01,29128,-0.24117839895906878,-0.24117839535562652,3.6034422667974297e-09,0.7650640870826564,0.765064135626032,4.854337565252109e-08,0.22462826791219692,0.22462826809951214,1.873152188913707e-10,-0.02194989633080846,-0.02194989630944549,2.1362970420435445e-11,-0.6544519686995515,-0.6544521202675034,-1.5156795196702433e-07
1.9224166666666667,1.1555555555555554,0.04,-0.7,2.0,0.3,0.04,0.01,29133,-0.2418641994048759,-0.24186419587287483,3.532001080497338e-09,0.7576821711707815,0.7576820927975294,-7.837325211035306e-08,0.22256302560107188,0.22256302579368978,1.92617893857161e-10,-0.021665717777480387,-0.021665717759541746,1.7938640156645036e-11,-0.6768950157869796,-0.6768951701878765,-1.544008968457078e-07
0.19341666666666668,1.1577777777777778,0.04,-0.7,2.0,0.3,0.04,0.01,29158,-0.10433995580080846,-0.10433993661542654,1.918538192202668e-08,1.1151041978685328,1.115104035139171,-1.6272936176342512e-07,0.1186277465443572,0.11862774886493159,2.320574385428209e-09,-0.03969562326011644,-0.03969562191180182,1.3483146196757723e-09,-0.021531279076822396,-0.02153148695932897,-2.0788250657335916e-07
0.57025,1.1577777777777778,0.04,-0.7,2.0,0.3,0.04,0.01,29192,-0.17899606769559984,-0.1789960580714477,9.624152141896047e-09,1.084893100355977,1.084892959191849,-1.4116412794251687e-07,0.23733598001354772,0.2373359811650291,1.1514813824664571e-09,-0.04613134813563624,-0.046131348219357875,-8.3721633792333e-11,-0.12520891807966256,-0.12520905998665494,-1.4190699237914828e-07
0.6478333333333334,1.1577777777777778,0.04,-0.7,2.0,0.3,0.04,0.01,29199,-0.1878277347114668,-0.187827726300962,8.410504792610851e-09,1.0458075870578565,1.0458075498488735,-3.720898300585418e-08,0.2440066415878954,0.24400664250567658,9.177811843841255e-10,-0.04370973171225964,-0.04370973168531089,2.6948748788058197e-11,-0.15549504339334302,-0.15549517931165976,-1.3591831674042432e-07
0.8473333333333334,1.1577777777777778,0.04,-0.7,2.0,0.3,0.04,0.01,29217,-0.2048089588026214,-0.20480895234268962,6.459931783941997e-09,0.9623092184218862,0.9623091082051386,-1.1021674761746425e-07,0.2513054394299996,0.2513054399356504,5.056507990097714e-10,-0.03797802421871832,-0.03797802418576208,3.295624190213786e-11,-0.2370266576381258,-0.23702678394959698,-1.2631147117136976e-07
1.202,1.1577777777777778,0.04,-0.7,2.0,0.3,0.04,0.01,29249,-0.22364292493130822,-0.22364292010351022,4.827797994710892e-09,0.8661183228952929,0.8661182788965903,-4.3998702570213766e-08,0.2474657071536296,0.24746570738427134,2.3064175569409429e-10,-0.029779760532359922,-0.029779760493511453,3.884846958013277e-11,-0.38293244208436467,-0.38293256754902727,-1.2546466260365818e-07
1.36825,1.1577777777777778,0.04,-0.7,2.0,0.3,0.04,0.01,29264,-0.22934293166104736,-0.22934292724919048,4.411856879826814e-09,0.8343924121079205,0.8343924635642188,5.145629833336329e-08,0.24255833693209022,0.24255833712619113,1.9410090201787966e-10,-0.026878645521255518,-0.02687864547913999,4.211552634414417e-11,-0.4503959590516221,-0.45039608883468374,-1.2978306163091702e-07
1.4569166666666666,1.1577777777777778,0.04,-0.7,2.0,0.3,0.04,0.01,29272,-0.23179980959846247,-0.23179980536162825,4.236834216797547e-09,0.8194584025233986,0.81945852184702,1.1932362131705787e-07,0.23956915240049004,0.23956915258185374,1.8136370183441386e-10,-0.025607545027298007,-0.025607544988335063,3.896294398231248e-11,-0.4862058780447445,-0.4862060108788476,-1.328341031059388e-07
1.6453333333333333,1.1577777777777778,0.04,-0.7,2.0,0.3,0.04,0.01,29289,-0.23596638565371447,-0.2359663817438106,3.909903872889586e-09,0.7907640479920541,0.7907639692994591,-7.869259499582171e-08,0.23276134811529153,0.23276134828729014,1.7199860979921766e-10,-0.023509651735469095,-0.023509651701250925,3.421816996418414e-11,-0.5621156363545473,-0.5621157768776727,-1.405231253581718e-07
1.734,1.1577777777777778,0.04,-0.7,2.0,0.3,0.04,0.01,29297,-0.2375249379649863,-0.23752493418683798,3.7781483219756495e-09,0.7782543623435778,0.778254410751698,4.8408120179033176e-08,0.22945587139507062,0.2294558715707391,1.7566847976269173e-10,-0.022774766395526613,-0.022774766367487004,2.80396088292445e-11,-0.5978217736305608,-0.5978219181997627,-1.4456920194305667e-07
0.138,1.16,0.04,-0.7,2.0,0.3,0.04,0.01,29334,-0.08833257888200136,-0.08833255813410953,2.0747891821271125e-08,1.0861186346133866,1.0861184375023551,-1.9711103149688824e-07,0.08030673651057696,0.08030673815996932,1.649392358804569e-09,-0.04010428036990005,-0.040104283477582096,-3.1076820491970913e-09,-0.009348496725451738,-0.009348705509041712,-2.0878358997396262e-07
0.17125,1.16,0.04,-0.7,2.0,0.3,0.04,0.01,29337,-0.09702187513706273,-0.09702185595142243,1.9185640298680084e-08,1.0888655199714492,1.0888654142642928,-1.0570715636148975e-07,0.10329917879577794,0.10329918087672561,2.0809476780625502e-09,-0.039717776103113944,-0.039717776406312744,-3.031987994006613e-10,-0.016329318839464202,-0.016329528670815104,-2.0983135090232863e-07
0.18233333333333335,1.16,0.04,-0.7,2.0,0.3,0.04,0.01,29338,-0.09950793240297989,-0.09950791355080736,1.885217253139171e-08,1.0889625291776728,1.0889623875580667,-1.4161960604219814e-07,0.11049931549819009,0.11049931768587679,2.1876866984626986e-09,-0.039451913404313366,-0.039451912873041776,5.312715892213937e-10,-0.0186597888879661,-0.0186599980449519,-2.091569858003739e-07
0.24883333333333335,1.16,0.04,-0.7,2.0,0.3,0.04,0.01,29344,-0.11374517968103931,-0.11374516183585534,1.7845183969411593e-08,1.1116596497495745,1.1116595795990238,-7.015055070169751e-08,0.14896798489653224,0.14896798739719205,2.500659818105433e-09,-0.03990008449604454,-0.039900082803099646,1.6929448953817428e-09,-0.03190068347820596,-0.03190088031869398,-1.968404880203778e-07
0.3264166666666667,1.16,0.04,-0.7,2.0,0.3,0.04,0.01,29351,-0.13213862291604206,-0.13213860681403444,1.6102007616147773e-08,1.1475631597757108,1.1475630838151538,-7.59605569555788e-08,0.18374081304155937,0.1837408153719509,2.330391518645669e-09,-0.044829108753682845,-0.04482910942068352,-6.670006769127212e-10,-0.04757235471490595,-0.04757253178260206,-1.7706769610964512e-07
0.3596666666666667,1.16,0.04,-0.7,2.0,0.3,0.04,0.01,29354,-0.13995434976793453,-0.13995433471868704,1.504924748707559e-08,1.1510772723877238,1.1510772797150715,7.327347617547275e-09,0.19534113147968296,0.19534113363088368,2.151200717559476e-09,-0.04667967918477872,-0.046679680218182064,-1.0334033420655864e-09,-0.05545033442026087,-0.055450504262794416,-1.6984253354418444e-07
0.41508333333333336,1.16,0.04,-0.7,2.0,0.3,0.04,0.01,29359,-0.15185185913556276,-0.15185184586832404,1.3267238724301578e-08,1.1416064815694682,1.1416064426232508,-3.894621736222348e-08,0.21082714436088806,0.21082714619291842,1.8320303607488597e-09,-0.048274011948054585,-0.04827401287641934,-9.283647531277417e-10,-0.07064377752444978,-0.070643937538919,-1.600144692165406e-07
0.5591666666666667,1.16,0.04,-0.7,2.0,0.3,0.04,0.01,29372,-0.1751768225335265,-0.17517681280743666,9.726089850170538e-09,1.0776275635726584,1.0776274925429972,-7.102966126382171e-08,0.23523510228221772,0.23523510346580243,1.1835847024688206e-09,-0.04617716552447748,-0.04617716564343181,-1.189543255564196e-10,-0.11978448863136926,-0.11978463167994112,-1.4304857186286934e-07
0.5813333333333334,1.16,0.04,-0.7,2.0,0.3,0.04,0.01,29374,-0.17798093622269084,-0.17798092689316836,9.329522487888653e-09,1.0666474162257522,1.0666474247935724,8.567820231064616e-09,0.23760969160093598,0.23760969271172194,1.1107859632097927e-09,-0.04551937836060754,-0.045519378424580335,-6.39727923412714e-11,-0.12817179369187942,-0.12817193479604158,-1.4110416216017718e-07
0.70325,1.16,0.04,-0.7,2.0,0.3,0.04,0.01,29385,-0.19097971110085613,-0.1909797034353664,7.665489715202867e-09,1.0097025101435397,1.009702525339767,1.519622716550373e-08,0.24650318418677902,0.24650318496271323,7.759342057767071e-10,-0.041812348020326545,-0.0418123479787146,4.161194305796201e-11,-0.1763210002242617,-0.17632113271082012,-1.3248655841846535e-07
1.23525,1.16,0.04,-0.7,2.0,0.3,0.04,0.01,29433,-0.2230085563640835,-0.22300855165404412,4.710039386290887e-09,0.853004621798048,0.8530046388306997,1.70326516224506e-08,0.24624351632817482,0.24624351654907137,2.2089655105084205e-10,-0.02906306712791018,-0.02906306708667166,4.123851954362934e-11,-0.39421913034843464,-0.39421925619521625,-1.2584678160676432e-07
1.4125833333333333,1.16,0.04,-0.7,2.0,0.3,0.04,0.01,29449,-0.22878553638389088,-0.22878553208454583,4.29934504664331e-09,0.8210354993098967,0.821035425847825,-7.346207175906727e-08,0.24082351397069351,0.2408235141537166,1.8302309667816985e-10,-0.026157324488455813,-0.026157324450666236,3.778957702316177e-11,-0.46583890673825706,-0.4658390376077346,-1.3086947753260247e-07
1.70075,1.16,0.04,-0.7,2.0,0.3,0.04,0.01,29475,-0.23523244520387565,-0.23523244139201185,3.811863796832071e-09,0.7777961996691118,0.7777961734439023,-2.622520955952723e-08,0.23051752659684205,0.23051752676728335,1.7044129996257595e-10,-0.022994683436111663,-0.022994683404582817,3.152884550661206e-11,-0.5816176263232289,-0.5816177688662144,-1.4254298552618394e-07
1.7118333333333333,1.16,0.04,-0.7,2.0,0.3,0.04,0.01,29476,-0.23542534312321478,-0.23542533932777976,3.795435021825e-09,0.7762663782606705,0.7762664669222474,8.866157696907351e-08,0.2301061663618001,0.23010616653412083,1.7232074100981265e-10,-0.022906979482290035,-0.022906979450774908,3.151512731336403e-11,-0.5860688125779514,-0.586068955625953,-1.4304800155517938e-07
1.83375,1.16,0.04,-0.7,2.0,0.3,0.04,0.01,29487,-0.23733810158459157,-0.23733809796142855,3.6231630196059683e-09,0.7598550816334537,0.7598550847081893,3.07473557725757e-09,0.22557317986122982,0.22557318004209365,1.8086382391757638e-10,-0.02207807433866893,-0.022078074313824372,2.4844556967273945e-11,-0.6350712600940861,-0.6350714089486373,-1.488545512406958e-07
1.8780833333333333,1.16,0.04,-0.7,2.0,0.3,0.04,0.01,29491,-0.23794798213683244,-0.23794797857486713,3.5619653060425804e-09,0.7540461782751251,0.7540461199911475,-5.828397764418014e-08,0.2239302457148623,0.22393024589665245,1.8179013849817238e-10,-0.02183212208850538,-0.021832122066387308,2.2118071263399486e-11,-0.6529165112161006,-0.6529166622734205,-1.5105731987485882e-07
1.9889166666666667,1.16,0.04,-0.7,2.0,0.3,0.04,0.01,29501,-0.23930311903119783,-0.23930311561311973,3.418078098338384e-09,0.739814104422365,0.7398140925451039,-1.1877261063553135e-08,0.21986262337583828,0.21986262356938038,1.935420990140102e-10,-0.021324183516260864,-0.021324183498058664,1.8202200163797144e-11,-0.6976188737897043,-0.6976190305512953,-1.5676159093036546e-07
0.17125,1.1622222222222223,0.04,-0.7,2.0,0.3,0.04,0.01,29518,-0.09463030161565439,-0.09463028302122821,1.8594426179352475e-08,1.063681295127017,1.0636811828163206,-1.123106962985787e-07,0.10221743690721347,0.10221743894459158,2.037378113439736e-09,-0.03920500623737916,-0.039205006705369014,-4.679898552018003e-10,-0.01579141291663949,-0.015791622733687408,-2.0981704791644962e-07
0.8584166666666667,1.1622222222222223,0.04,-0.7,2.0,0.3,0.04,0.01,29580,-0.20135834701340283,-0.20135834073240974,6.28099308674912e-09,0.9415327156814257,0.9415328002715956,8.45901698687257e-08,0.2502898945472287,0.250289895033368,4.86139295485799e-10,-0.03737646748491752,-0.03737646745689409,2.802343079810754e-11,-0.2381585194560082,-0.23815864527992103,-1.2582391284432504e-07
0.8916666666666667,1.1622222222222223,0.04,-0.7,2.0,0.3,0.04,0.01,29583,-0.2036353007570102,-0.20363529468673844,6.0702717574745435e-09,0.9308625564807826,0.9308625494495828,-7.031199844576008e-09,0.25057369190825685,0.2505736923469266,4.386697671776574e-10,-0.036531892098762286,-0.036531892067858604,3.0903682390892584e-11,-0.2518192419272494,-0.2518193669005338,-1.2497328438776378e-07
0.90275,1.1622222222222223,0.04,-0.7,2.0,0.3,0.04,0.01,29584,-0.2043662463902668,-0.20436624038522389,6.0050429073754685e-09,0.9274312165463705,0.9274311466260398,-6.992033074748605e-08,0.25062707047555227,0.2506270709026868,4.27134549951802e-10,-0.03625454349367313,-0.03625454346537995,2.8293180298621934e-11,-0.2563731341486894,-0.25637325887688034,-1.2472819094222487e-07
1.03575,1.1622222222222223,0.04,-0.7,2.0,0.3,0.04,0.01,29596,-0.2121682280312523,-0.21216822268418128,5.347071008188209e-09,0.8905734351360994,0.8905734496425686,1.450646913703224e-08,0.2499654414546415,0.24996544176045504,3.0581354115710724e-10,-0.0330883283913494,-0.03308832836056985,3.0779545578951684e-11,-0.3109064487557753,-0.31090657209880374,-1.233430284575121e-07
1.1465833333333333,1.1622222222222223,0.04,-0.7,2.0,0.3,0.04,0.01,29606,-0.21749640264807912,-0.21749639770916104,4.938918080066301e-09,0.8648515389952927,0.8648515821034579,4.310816525965322e-08,0.24804592292770183,0.24804592317656105,2.4885921101613917e-10,-0.03070011681829965,-0.030700116783278886,3.5020764066473475e-11,-0.35606493732003724,-0.35606506135231386,-1.2403227661605953e-07
0.005,1.1644444444444444,0.04,-0.7,2.0,0.3,0.04,0.01,29684,-0.021427158436136684,-0.02142715391746439,4.518672293979398e-09,0.1764836866924302,0.17648348495631494,-2.017361152573116e-07,-0.012528751510906821,-0.01252875135517584,1.5573098192944723e-10,0.026446543373269404,0.02644645602469352,-8.734857588274525e-08,0.010568145624896552,0.010567975254663653,-1.7037023289888376e-07
0.10475000000000001,1.1644444444444444,0.04,-0.7,2.0,0.3,0.04,0.01,29693,-0.07203811055987025,-0.07203808920978758,2.135008267400984e-08,0.9934873375361253,0.9934871616837196,-1.7585240563722238e-07,0.05407531344907984,0.05407531446849293,1.0194130886653774e-09,-0.0366375324322224,-0.03663753835716207,-5.9249396708316304e-09,-0.0020386717101278373,-0.0020388745977485355,-2.0288762069822427e-07
0.3264166666666667,1.1644444444444444,0.04,-0.7,2.0,0.3,0.04,0.01,29713,-0.12713234147594676,-0.12713232608602687,1.5389919894026605e-08,1.1055792920044993,1.1055791523377316,-1.3966676770671427e-07,0.18122451151725977,0.18122451380196075,2.2847009839566113e-09,-0.04376536199068165,-0.04376536258966432,-5.989826690200317e-10,-0.0461493133181029,-0.046149491167248646,-1.778491457438136e-07
0.8140833333333334,1.1644444444444444,0.04,-0.7,2.0,0.3,0.04,0.01,29757,-0.19599573755593735,-0.19599573101415907,6.541778285740207e-09,0.9479262971789915,0.9479263024189438,5.239952360902578e-09,0.2489731254654362,0.24897312601376584,5.483296316999287e-10,-0.03836323328561958,-0.03836323325405582,3.156375855128957e-11,-0.2183208046421109,-0.21832093184691428,-1.2720480338512807e-07
0.8916666666666667,1.1644444444444444,0.04,-0.7,2.0,0.3,0.04,0.01,29764,-0.20157568835093426,-0.20157568232675702,6.0241772403824e-09,0.9227991419613613,0.9227991031593766,-3.880198462535844e-08,0.25002246477688617,0.2500224652145621,4.3767595103716417e-10,-0.036383201103967755,-0.03638320107789686,2.6070895442487085e-11,-0.2500611756909091,-0.2500613005496698,-1.2485876071943736e-07
0.9692500000000001,1.1644444444444444,0.04,-0.7,2.0,0.3,0.04,0.01,29771,-0.2064702092577711,-0.20647020364957128,5.608199821205417e-09,0.9005600702660654,0.9005601121002024,4.18341369323727e-08,0.250074314760082,0.25007431511771533,3.576333118537889e-10,-0.034502775712111355,-0.03450277568588964,2.622171230148851e-11,-0.28180739618660633,-0.2818075197273128,-1.2354070649811533e-07
1.0246666666666666,1.1644444444444444,0.04,-0.7,2.0,0.3,0.04,0.01,29776,-0.20960356494896526,-0.2096035595935862,5.3553790568816595e-09,0.8862031067313758,0.8862031266690548,1.993767895225318e-08,0.24963986879317224,0.24963986910619734,3.130251058358624e-10,-0.03322090037883446,-0.03322090034949614,2.9338323437322344e-11,-0.3044295310949269,-0.30442965425865337,-1.2316372649534557e-07
1.2574166666666666,1.1644444444444444,0.04,-0.7,2.0,0.3,0.04,0.01,29797,-0.22008156358218484,-0.22008155897969403,4.60249080513897e-09,0.8363451979576109,0.8363450570912994,-1.408663115043396e-07,0.24496533860322856,0.24496533881447946,2.1125090565732307e-10,-0.028495362395311585,-0.028495362355641353,3.967023237683165e-11,-0.3986821369529603,-0.3986822626681344,-1.2571517410409072e-07
1.6896666666666667,1.1644444444444444,0.04,-0.7,2.0,0.3,0.04,0.01,29836,-0.23159502396164627,-0.23159502016307407,3.798572206781259e-09,0.7691664909159623,0.7691665034705183,1.2554555950394786e-08,0.23054798434948148,0.2305479845171555,1.6767401356254652e-10,-0.023003821112872747,-0.023003821084138433,2.8734313539668932e-11,-0.5716039392522978,-0.5716040803349866,-1.4108268875379082e-07
0.02716666666666667,1.1666666666666665,0.04,-0.7,2.0,0.3,0.04,0.01,29867,-0.03140638618982783,-0.03140637080258054,1.5387247288833894e-08,0.49286893871736126,0.49286875116997186,-1.8754738939641413e-07,-0.0013705758312998473,-0.0013705756849563796,1.463434677259623e-10,-0.004075315473486829,-0.004075365350061361,-4.9876574531940165e-08,0.008933369337604802,0.008933190778797919,-1.7855880688269488e-07
0.03825,1.1666666666666665,0.04,-0.7,2.0,0.3,0.04,0.01,29868,-0.037304235228803606,-0.03730421692253515,1.830626845944483e-08,0.6108880838684438,0.6108878249748887,-2.5889355514951973e-07,0.005423056729965403,0.0054230569177781554,1.878127523294304e-10,-0.013612061281198518,-0.013612096947161284,-3.5665962766495696e-08,0.007849662718335815,0.007849480016468983,-1.827018668316277e-07
0.17125,1.1666666666666665,0.04,-0.7,2.0,0.3,0.04,0.01,29880,-0.09001076714632711,-0.09001074967286506,1.74734620522754e-08,1.0156077041856282,1.0156075504868487,-1.5369877948145927e-07,0.10007122708908384,0.10007122903419181,1.9451079774635005e-09,-0.038180134916097896,-0.03818013570631435,-7.902164547712864e-10,-0.014728663393324959,-0.014728873148459786,-2.0975513482721087e-07
0.28208333333333335,1.1666666666666665,0.04,-0.7,2.0,0.3,0.04,0.01,29890,-0.11414617408733035,-0.11414615814476506,1.594256529569016e-08,1.0640533586181444,1.0640533029570458,-5.5661098619097515e-08,0.16137812509475769,0.16137812749257763,2.3978199426011315e-09,-0.040229592102349054,-0.04022959141824088,6.841081728881093e-10,-0.036406343268367836,-0.03640653256181153,-1.8929344369755796e-07
0.5148333333333334,1.1666666666666665,0.04,-0.7,2.0,0.3,0.04,0.01,29911,-0.1618399764098319,-0.16183996616719662,1.0242635267720956e-08,1.0578115793025145,1.057811646957425,6.765491056270889e-08,0.2266413560086597,0.22664135733219662,1.3235369189512625e-09,-0.04636915041256878,-0.04636915072870052,-3.161317388422624e-10,-0.10018599908002274,-0.10018614702447419,-1.4794445145349666e-07
0.6478333333333334,1.1666666666666665,0.04,-0.7,2.0,0.3,0.04,0.01,29923,-0.1787285114938572,-0.17872850340635654,8.08750066916275e-09,1.0018058882454994,1.001805859007993,-2.9237506415924486e-08,0.24085731968707946,0.24085732059085196,9.037725012817077e-10,-0.042770606319478266,-0.04277060630426714,1.5211124027025846e-11,-0.14998647755679398,-0.14998661377408248,-1.362172885044366e-07
0.7808333333333334,1.1666666666666665,0.04,-0.7,2.0,0.3,0.04,0.01,29935,-0.19123858436295368,-0.19123857762246785,6.740485836154164e-09,0.9506433407829862,0.950643296137484,-4.464550218408192e-08,0.24748576891744228,0.24748576952067136,6.032290778001936e-10,-0.03906307839210421,-0.03906307835636738,3.5736830161781086e-11,-0.2031803737673546,-0.20318050228698156,-1.2851962696847075e-07
0.9138333333333334,1.1666666666666665,0.04,-0.7,2.0,0.3,0.04,0.01,29947,-0.2010118280317344,-0.2010118221806381,5.851096301912051e-09,0.9083381151409053,0.9083380721920894,-4.294881594812949e-08,0.24958631676064158,0.24958631717180135,4.1115977289507555e-10,-0.035691262703918536,-0.03569126267705413,2.6864406532656204e-11,-0.2573578425016376,-0.2573579667552918,-1.2425365419899137e-07
0.9914166666666667,1.1666666666666665,0.04,-0.7,2.0,0.3,0.04,0.01,29954,-0.2057775472772555,-0.20577754181520141,5.462054086802226e-09,0.8873651966001539,0.8873651787575023,-1.7842651578448e-08,0.24945617495528843,0.24945617528901534,3.33726907220111e-10,-0.033856305788060315,-0.03385630576099927,2.706104784699903e-11,-0.28897556619163906,-0.28897568935202245,-1.2316038339177382e-07
1.0911666666666666,1.1666666666666665,0.04,-0.7,2.0,0.3,0.04,0.01,29963,-0.2110833318477029,-0.2110833267801242,5.067578690010066e-09,0.8636331011446785,0.8636331479387389,4.6794060404309334e-08,0.24828441400066847,0.24828441427145972,2.707912505339749e-10,-0.03164760492526536,-0.03164760489404017,3.122518910103622e-11,-0.3294644172764996,-0.32946454031628053,-1.2303978091932066e-07
1.30175,1.1666666666666665,0.04,-0.7,2.0,0.3,0.04,0.01,29982,-0.21983233377705774,-0.2198323293048016,4.472256148746467e-09,0.8223193716239141,0.8223192806149803,-9.100893383351405e-08,0.2433945277978758,0.2433945279983516,2.004758026252773e-10,-0.02765537359020187,-0.02765537354983996,4.036191172951398e-11,-0.4142056835518271,-0.41420581001574425,-1.2646391717163752e-07
1.4569166666666666,1.1666666666666665,0.04,-0.7,2.0,0.3,0.04,0.01,29996,-0.22461550495421478,-0.2246155007939567,4.16025808247511e-09,0.7970794677070181,0.7970795534582966,8.575127852239461e-08,0.23854321960038727,0.2385432197767501,1.7636284099786792e-10,-0.025372596684329618,-0.025372596646958158,3.737146009319403e-11,-0.476168873277151,-0.4761690045136752,-1.3123652420343745e-07
1.6896666666666667,1.1666666666666665,0.04,-0.7,2.0,0.3,0.04,0.01,30017,-0.2298913820395973,-0.22989137825919384,3.780403462494419e-09,0.7641147818648886,0.7641147503208764,-3.1544012180084735e-08,0.230351168439627,0.23035116860663332,1.6700632543553695e-10,-0.022962419514473142,-0.02296241948322427,3.124887154593026e-11,-0.5688408350090768,-0.5688409756111849,-1.4060210806743356e-07
1.7894166666666667,1.1666666666666665,0.04,-0.7,2.0,0.3,0.04,0.01,30026,-0.23162860325033618,-0.23162859961139387,3.638942314143634e-09,0.7510975480462534,0.7510974678494045,-8.019684893945112e-08,0.22671129912273796,0.22671129929567424,1.7293627641024045e-10,-0.02224749597184994,-0.0222474959480814,2.37685392201481e-11,-0.6085858965645604,-0.6085860417421652,-1.4517760482668507e-07
0.09366666666666668,1.1688888888888889,0.04,-0.7,2.0,0.3,0.04,0.01,30054,-0.06320067202848084,-0.06320065172042844,2.030805240638145e-08,0.9097261687018854,0.9097260152612071,-1.534406782743858e-07,0.044546516779972456,0.04454651755596075,7.759882944546881e-10,-0.03320942346663608,-0.03320943060926504,-7.142628960510322e-09,0.0006175740696959253,0.0006173743897702883,-1.9967992563704913e-07
0.20450000000000002,1.1688888888888889,0.04,-0.7,2.0,0.3,0.04,0.01,30064,-0.09493283881591152,-0.0949328225461071,1.6269804420376843e-08,0.9997101882430748,0.9997100296765457,-1.5856652912926705e-07,0.11949233761483075,0.11949233979212452,2.1772937758290922e-09,-0.03723490596126838,-0.03723490467624436,1.2850240246886635e-09,-0.020961915768481776,-0.020962122738526625,-2.0697004484912518e-07
0.6589166666666667,1.1688888888888889,0.04,-0.7,2.0,0.3,0.04,0.01,30105,-0.17770222454133525,-0.17770221666823915,7.873096091737253e-09,0.986687895623839,0.9866878238706992,-7.175313976315323e-08,0.2408529986277358,0.24085299949486963,8.671338369570236e-10,-0.042215127480510484,-0.04221512746439418,1.6116302736790544e-11,-0.15296738332636062,-0.15296751881836734,-1.3549200672535733e-07
0.7808333333333334,1.1688888888888889,0.04,-0.7,2.0,0.3,0.04,0.01,30116,-0.18913600162675376,-0.18913599494471658,6.682037173577626e-09,0.9416942996220978,0.9416942873311088,-1.2290989004348774e-08,0.24682607743629556,0.246826078042658,6.063624324870176e-10,-0.0388790084794588,-0.038879008450820846,2.8637953120025372e-11,-0.2016106677163454,-0.20161079620107497,-1.2848472957793788e-07
0.7919166666666667,1.1688888888888889,0.04,-0.7,2.0,0.3,0.04,0.01,30117,-0.19004903849312652,-0.1900490318959768,6.597149715403816e-09,0.9379470391340794,0.9379470919745987,5.2840519293440025e-08,0.24715407769555775,0.2471540782800876,5.845298411966127e-10,-0.03858984203580426,-0.038589842006679274,2.9124987144246717e-11,-0.20609130976245033,-0.20609143775710562,-1.2799465529123033e-07
0.9249166666666667,1.1688888888888889,0.04,-0.7,2.0,0.3,0.04,0.01,30129,-0.1997275511237545,-0.19972754537757367,5.746180836707637e-09,0.8974984991305668,0.897498590531465,9.140089818338026e-08,0.2490800946203936,0.2490800950178125,3.97418903341773e-10,-0.03527980732727365,-0.03527980730339055,2.3883096889054656e-11,-0.2600954826166568,-0.2600956065177797,-1.239011228615361e-07
1.1909166666666666,1.1688888888888889,0.04,-0.7,2.0,0.3,0.04,0.01,30153,-0.21373352875119628,-0.21373352403098414,4.720212137820923e-09,0.836495358397249,0.8364953494078183,-8.98943064431279e-09,0.24591289863439697,0.2459128988646901,2.3029311790878637e-10,-0.029540667859338787,-0.02954066782449448,3.4844307994497115e-11,-0.36757896356074543,-0.36757908739795986,-1.2383721442743578e-07
1.3460833333333333,1.1688888888888889,0.04,-0.7,2.0,0.3,0.04,0.01,30167,-0.21951955994355815,-0.21951955559355274,4.350005411435376e-09,0.8089345519823876,0.8089344995142742,-5.2468113409531725e-08,0.24177702760176667,0.2417770277944276,1.9266094275494083e-10,-0.02687226740714227,-0.026872267366786846,4.0355423863713824e-11,-0.42959691628739055,-0.4295970436032027,-1.2731581217062526e-07
1.4790833333333333,1.1688888888888889,0.04,-0.7,2.0,0.3,0.04,0.01,30179,-0.2234484076442042,-0.22344840354738352,4.09682068824857e-09,0.7882521975421941,0.7882522568706567,5.93284625871604e-08,0.2375366239059512,0.23753662407862675,1.7267554053290723e-10,-0.02503412224734436,-0.025034122210252294,3.7092065530153207e-11,-0.4824956438447686,-0.48249577547186784,-1.3162709922021065e-07
1.734,1.1688888888888889,0.04,-0.7,2.0,0.3,0.04,0.01,30202,-0.2290166418155229,-0.22901663811494447,3.7005784270238706e-09,0.7533234820666923,0.7533234288267433,-5.323994900496842e-08,0.22854579566831262,0.22854579583506535,1.6675272274113695e-10,-0.022584778234038816,-0.02258477820509697,2.894184544799394e-11,-0.5836981671291513,-0.5836983092424778,-1.4211332644009644e-07
1.7561666666666667,1.1688888888888889,0.04,-0.7,2.0,0.3,0.04,0.01,30204,-0.22940540212675747,-0.22940539845666444,3.6700930350352934e-09,0.7504795583590518,0.7504796268676915,6.850863976115562e-08,0.22774129179080338,0.22774129195392376,1.631203783158952e-10,-0.022429491516977318,-0.02242949148901978,2.7957539061596037e-11,-0.5925064099886884,-0.592506553115459,-1.431267705465089e-07
1.8226666666666667,1.1688888888888889,0.04,-0.7,2.0,0.3,0.04,0.01,30210,-0.2304974268729082,-0.2304974232931731,3.579735091685521e-09,0.7420760200771426,0.7420760580352805,3.795813796614311e-08,0.22532442301853584,0.22532442319194818,1.7341234004319972e-10,-0.022009985167735502,-0.022009985143885195,2.3850307145911742e-11,-0.618952571142424,-0.6189527173868561,-1.462444321198575e-07
0.02716666666666667,1.1711111111111112,0.04,-0.7,2.0,0.3,0.04,0.01,30229,-0.02930337876825423,-0.02930336517687996,1.359137426909518e-08,0.4542827565512386,0.4542825127334006,-2.4381783803040236e-07,-0.001033397365596267,-0.0010333972052272342,1.603690327235674e-10,-0.0018764352094705061,-0.0018764833710195477,-4.816154904161048e-08,0.009373439684365326,0.00937326166069678,-1.7802366854627327e-07
0.09366666666666668,1.1711111111111112,0.04,-0.7,2.0,0.3,0.04,0.01,30235,-0.06120877396570412,-0.06120875440223181,1.9563472314354513e-08,0.8831466127845466,0.8831465076423999,-1.0514214676682343e-07,0.04397313620747162,0.043973136957301644,7.49830024460163e-10,-0.032267779114664163,-0.03226778620295294,-7.088288775380924e-09,0.0009830775239000333,0.0009828781465179427,-1.9937738209062708e-07
0.83625,1.1711111111111112,0.04,-0.7,2.0,0.3,0.04,0.01,30302,-0.19148211534127102,-0.19148210911767835,6.223592668996858e-09,0.9152214125451863,0.9152214011515111,-1.1393675225512823e-08,0.24756491919703666,0.24756491970758368,5.105470213262464e-10,-0.0372866254401763,-0.03728662541536072,2.481558014633123e-11,-0.22241739400043897,-0.2224175201987502,-1.2619831121774006e-07
1.0911666666666666,1.1711111111111112,0.04,-0.7,2.0,0.3,0.04,0.01,30325,-0.20727485386593664,-0.20727484886772377,4.998212871365482e-09,0.8502111230324072,0.8502110792428805,-4.378952667138947e-08,0.24741759150237463,0.24741759177347067,2.710960345098101e-10,-0.03142758419106412,-0.03142758415869488,3.2369239233442926e-11,-0.3254516565175461,-0.32545177909123035,-1.2257368425805382e-07
1.1909166666666666,1.1711111111111112,0.04,-0.7,2.0,0.3,0.04,0.01,30334,-0.21188163398938586,-0.2118816292922365,4.697149363908082e-09,0.8302161902395966,0.8302161630587842,-2.7180812378624353e-08,0.24552978602376818,0.2455297862511288,2.2736063032269271e-10,-0.029446517067800715,-0.029446517034575966,3.3224749340643456e-11,-0.36544659605078356,-0.36544671960587366,-1.2355509010353316e-07
1.2241666666666666,1.1711111111111112,0.04,-0.7,2.0,0.3,0.04,0.01,30337,-0.21326019620331732,-0.21326019159549,4.607827314151436e-09,0.8240463415798427,0.8240463198044078,-2.1775434899673485e-08,0.24475738974568534,0.24475738996128843,2.1560309093615615e-10,-0.02883302779414787,-0.02883302775530561,3.8842259270088775e-11,-0.3787301404036686,-0.37873026451606445,-1.241123958606316e-07
1.2574166666666666,1.1711111111111112,0.04,-0.7,2.0,0.3,0.04,0.01,30340,-0.2145669414859233,-0.21456693696120094,4.524722374554813e-09,0.8180925679945883,0.8180925962638058,2.826921752241418e-08,0.24392561754384146,0.2439256177493545,2.0551305102145534e-10,-0.028244288465019418,-0.0282442884244791,4.0540317630677336e-11,-0.39199204090595297,-0.3919921656805597,-1.2477460675786034e-07
1.3460833333333333,1.1711111111111112,0.04,-0.7,2.0,0.3,0.04,0.01,30348,-0.21772836162729098,-0.21772835730081996,4.326471014781674e-09,0.803149147882154,0.8031490445399202,-1.033422337703982e-07,0.24146295348820984,0.2414629536772191,1.89009252693495e-10,-0.026798947469139356,-0.02679894743064523,3.8494124554588893e-11,-0.4272661802229988,-0.42726630718663555,-1.2696363677067168e-07
1.4015,1.1711111111111112,0.04,-0.7,2.0,0.3,0.04,0.01,30353,-0.2194874732314167,-0.219487469012786,4.218630694774461e-09,0.794405352610994,0.7944053674007171,1.4789723112862418e-08,0.23977648500924514,0.23977648519149056,1.8224541320499554e-10,-0.025989019150907122,-0.025989019111856398,3.905072445964386e-11,-0.4492589201671518,-0.4492590487832784,-1.2861612658232602e-07
1.4790833333333333,1.1711111111111112,0.04,-0.7,2.0,0.3,0.04,0.01,30360,-0.22170279661989922,-0.22170279254406974,4.0758294794773775e-09,0.7828019871203296,0.782802022217212,3.509688240033171e-08,0.2372709072745796,0.2372709074432149,1.686353001684182e-10,-0.024974859142747052,-0.024974859107371506,3.53755462423333e-11,-0.4800015283368958,-0.48000165955994634,-1.312230505368106e-07
1.5788333333333333,1.1711111111111112,0.04,-0.7,2.0,0.3,0.04,0.01,30369,-0.22417968742471928,-0.22417968351004597,3.914673307736649e-09,0.7687723457827644,0.7687724046674315,5.888466703130035e-08,0.23386974561608737,0.2338697457804161,1.6432874505589723e-10,-0.023868233761936697,-0.023868233728066037,3.387065974913561e-11,-0.5194840817377213,-0.5194842167420756,-1.3500435425140012e-07
1.601,1.1711111111111112,0.04,-0.7,2.0,0.3,0.04,0.01,30371,-0.22467966150591795,-0.22467965762690284,3.879015109120587e-09,0.7657669491567543,0.7657669217330347,-2.7423719517472023e-08,0.23309414722730987,0.23309414739134277,1.6403289837541024e-10,-0.023650888653845015,-0.023650888621503503,3.234151141340291e-11,-0.5282558494597647,-0.5282559853603539,-1.3590058922652304e-07
1.76725,1.1711111111111112,0.04,-0.7,2.0,0.3,0.04,0.01,30386,-0.22793580318876405,-0.22793579955015444,3.6386096080587293e-09,0.7442034696825139,0.7442033988973891,-7.07851248726854e-08,0.2271514477046946,0.22715144786819974,1.6350515386065467e-10,-0.022316830455559877,-0.022316830427509586,2.8050291256409565e-11,-0.5940871873561306,-0.5940873304959639,-1.4313983320857204e-07
1.7894166666666667,1.1711111111111112,0.04,-0.7,2.0,0.3,0.04,0.01,30388,-0.22831189855292144,-0.2283118949426413,3.610280130406096e-09,0.7414330038812977,0.7414329825368752,-2.1344422562741272e-08,0.22635066144371246,0.22635066161043388,1.6672141445184252e-10,-0.022174550522342795,-0.022174550496268902,2.6073893044653573e-11,-0.6028764679355536,-0.6028766121030087,-1.4416745508505358e-07
1.8005,1.1711111111111112,0.04,-0.7,2.0,0.3,0.04,0.01,30389,-0.2284954116605481,-0.22849540806395788,3.596590220089624e-09,0.7400552406999772,0.7400552140012225,-2.6698754651555134e-08,0.2259501286735327,0.2259501288380646,1.6453188811382802e-10,-0.022106212844742734,-0.02210621282021065,2.4532084696993195e-11,-0.6072726203320763,-0.6072727650187154,-1.4468663911415547e-07
1.8226666666666667,1.1711111111111112,0.04,-0.7,2.0,0.3,0.04,0.01,30391,-0.22885366405597102,-0.2288536604929799,3.5629911243617585e-09,0.7373137496380355,0.737313740442466,-9.195569528053227e-09,0.22514907237654314,0.22514907254681998,1.7027684817705335e-10,-0.02197495080298595,-0.02197495077648577,2.650017705274621e-11,-0.6160681973594803,-0.6160683430917745,-1.4573229423220369e-07
0.18233333333333335,1.1733333333333333,0.04,-0.7,2.0,0.3,0.04,0.01,30424,-0.08593418265808589,-0.08593416699363612,1.5664449765084854e-08,0.9513498801239084,0.9513497585788055,-1.2154510287132325e-07,0.10385610745424628,0.10385610937463442,1.9203881401752554e-09,-0.03654453459529111,-0.03654453493254917,-3.3725806175555206e-10,-0.015414936244094457,-0.015415145490043677,-2.09245949220338e-07
0.4594166666666667,1.1733333333333333,0.04,-0.7,2.0,0.3,0.04,0.01,30449,-0.14575100689619147,-0.14575099590381574,1.0992375731877502e-08,1.033282803764024,1.0332826960791688,-1.0768485525503024e-07,0.21393250379222323,0.21393250532893457,1.5367113415098999e-09,-0.0459572826786922,-0.04595728333539249,-6.567002913682174e-10,-0.07862101970932539,-0.07862117494928474,-1.552399593457432e-07
0.537,1.1733333333333333,0.04,-0.7,2.0,0.3,0.04,0.01,30456,-0.1582136926611341,-0.15821368320268345,9.458450661581352e-09,1.0101835749842802,1.0101835269640436,-4.802023667593858e-08,0.22685485399787791,0.2268548552236565,1.2257785897418216e-09,-0.044913340842452076,-0.044913341078051276,-2.355991998714835e-10,-0.10469140448585851,-0.10469155062156717,-1.4613570865906755e-07
0.6256666666666667,1.1733333333333333,0.04,-0.7,2.0,0.3,0.04,0.01,30464,-0.1696531499145032,-0.16965314179643662,8.118066580076189e-09,0.9780745657828049,0.978074502534506,-6.324829893156192e-08,0.23660927333024606,0.23660927428038772,9.501416597945678e-10,-0.04265206767953278,-0.04265206769556552,-1.603273763750579e-11,-0.13745812899861043,-0.13745826711935172,-1.3812074128871643e-07
0.7919166666666667,1.1733333333333333,0.04,-0.7,2.0,0.3,0.04,0.01,30479,-0.18591924007155605,-0.18591923359148804,6.480068009961926e-09,0.9205133506134944,0.9205132857622694,-6.485122494570561e-08,0.2458369871161277,0.2458369876981855,5.820577908544067e-10,-0.03822413828784288,-0.03822413826063807,2.720480785090018e-11,-0.20295042570771596,-0.20295055361443715,-1.2790672118678792e-07
1.50125,1.1733333333333333,0.04,-0.7,2.0,0.3,0.04,0.01,30543,-0.22056076302904432,-0.22056075901349592,4.015548393798696e-09,0.7742319015069388,0.7742319422392206,4.073228188072875e-08,0.2362669330154346,0.23626693318287786,1.6744325370687818e-10,-0.02465227883993032,-0.02465227880502824,3.4902077755694094e-11,-0.4862694006635068,-0.48626953228087355,-1.3161736672762103e-07
1.5123333333333333,1.1733333333333333,0.04,-0.7,2.0,0.3,0.04,0.01,30544,-0.22084889485862041,-0.22084889085584247,4.0027779424356424e-09,0.7726763305571094,0.7726763000859467,-3.047116270415984e-08,0.2358964797424118,0.23589647991122023,1.688084394491085e-10,-0.024525038156975043,-0.024525038121092236,3.5882807142284534e-11,-0.4906437233829358,-0.490643855401857,-1.3201892118397396e-07
1.5566666666666666,1.1733333333333333,0.04,-0.7,2.0,0.3,0.04,0.01,30548,-0.22195290263420098,-0.22195289870161905,3.932581926768819e-09,0.7665620180286048,0.766561989788027,-2.824057776518174e-08,0.2343932791980599,0.23439327936129264,1.6323273288598728e-10,-0.024042589960131255,-0.024042589925055268,3.507598725360772e-11,-0.5081377972195391,-0.508137930918768,-1.3369922891026675e-07
1.6785833333333333,1.1733333333333333,0.04,-0.7,2.0,0.3,0.04,0.01,30559,-0.22462790980469494,-0.2246279060560243,3.748670623915373e-09,0.7505024976484087,0.7505025372131713,3.956476257727104e-08,0.23012914090306258,0.23012914106440027,1.613376932052546e-10,-0.02292218072352803,-0.0229221806941578,2.937022847149251e-11,-0.5562485112993106,-0.5562486499995095,-1.3870019888173601e-07
1.7118333333333333,1.1733333333333333,0.04,-0.7,2.0,0.3,0.04,0.01,30562,-0.2252758742503011,-0.2252758705512133,3.6990878138354333e-09,0.7462796956791973,0.746279684674564,-1.100463331571433e-08,0.2289446799085687,0.22894468007039653,1.6182782891505099e-10,-0.02266507321969924,-0.02266507319478331,2.4915930429969535e-11,-0.5693777728132954,-0.5693779129642834,-1.4015098803721315e-07
1.76725,1.1733333333333333,0.04,-0.7,2.0,0.3,0.04,0.01,30567,-0.2262874019326802,-0.22628739831159458,3.621085625793441e-09,0.7393611410611012,0.739361151670594,1.0609492839819268e-08,0.22696011585072312,0.22696011601553773,1.6481460640704881e-10,-0.022278200157571648,-0.022278200130629523,2.6942125613826917e-11,-0.5912747566942308,-0.591274899337045,-1.4264281422704528e-07
1.8005,1.1733333333333333,0.04,-0.7,2.0,0.3,0.04,0.01,30570,-0.22685616166060601,-0.22685615808306828,3.5775377382751827e-09,0.7352731680454472,0.7352731254851975,-4.256024965787475e-08,0.225766077377558,0.2257660775452713,1.6771331545761825e-10,-0.02206941038761928,-0.022069410366654104,2.0965177510712252e-11,-0.6044241798270136,-0.6044243240042346,-1.441772210508674e-07
1.8115833333333333,1.1733333333333333,0.04,-0.7,2.0,0.3,0.04,0.01,30571,-0.2270397599878765,-0.22703975642323793,3.5646385843079997e-09,0.7339198554445758,0.7339199166057306,6.116115480736539e-08,0.22536788645950712,0.2253678866282201,1.6871298802456636e-10,-0.022003475342070866,-0.022003475315951777,2.6119089530096673e-11,-0.6088094960457132,-0.608809640743352,-1.4469763875979424e-07
1.9556666666666667,1.1733333333333333,0.04,-0.7,2.0,0.3,0.04,0.01,30584,-0.22918270812351954,-0.22918270474534982,3.3781697161838764e-09,0.7166881067777187,0.7166881007177581,-6.059960533377762e-09,0.22021044820640795,0.22021044838548334,1.7907539340278333e-10,-0.021293485678829105,-0.021293485655254008,2.3575096735894974e-11,-0.6659419688275283,-0.665942120528532,-1.5170100364780836e-07
0.06041666666666667,1.1755555555555555,0.04,-0.7,2.0,0.3,0.04,0.01,30594,-0.042687839463539934,-0.042687821948333954,1.751520598003431e-08,0.683760303932246,0.6837601536261503,-1.503060956808966e-07,0.019687521948981435,0.019687522265446157,3.164647224829231e-10,-0.021111493872308373,-0.021111510059266564,-1.6186958190500533e-08,0.0063916268040059565,0.006391437646299987,-1.89157705969209e-07
0.6035,1.1755555555555555,0.04,-0.7,2.0,0.3,0.04,0.01,30643,-0.16484127025321454,-0.16484126193215418,8.321060368521316e-09,0.975081670268052,0.975081623823959,-4.644409301590713e-08,0.23368806748462478,0.23368806849020926,1.00558447679866e-09,-0.042982423866105846,-0.04298242392021767,-5.411182613102028e-11,-0.12781690129849005,-0.1278170413300127,-1.4003152265518182e-07
1.0800833333333333,1.1755555555555555,0.04,-0.7,2.0,0.3,0.04,0.01,30686,-0.202956344607097,-0.20295633963188378,4.975213213631591e-09,0.8392391476208516,0.8392391271477652,-2.0473086448369315e-08,0.24667960527025024,0.24667960554301122,2.7276098046868924e-10,-0.031431686397659364,-0.03143168636784328,2.981608709928807e-11,-0.31705607119361656,-0.3170561932772039,-1.2208358735055214e-07
1.3793333333333333,1.1755555555555555,0.04,-0.7,2.0,0.3,0.04,0.01,30713,-0.21528165931695292,-0.2152816551006784,4.2162745239604504e-09,0.7865500521730961,0.786550057926108,5.7530118446891265e-09,0.23984622473598172,0.23984622491664104,1.8065932083644043e-10,-0.026163040134780102,-0.02616304009783631,3.6943791775767565e-11,-0.4357568284107591,-0.43575695561867084,-1.2720791175979684e-07
1.56775,1.1755555555555555,0.04,-0.7,2.0,0.3,0.04,0.01,30730,-0.2205228991360511,-0.22052289524343108,3.892620031864524e-09,0.7598528688201878,0.7598528411505576,-2.766963014266821e-08,0.23376573270287443,0.2337657328667519,1.6387746715196272e-10,-0.023875597937768334,-0.0238755979021127,3.5655634694764515e-11,-0.5099354595640773,-0.5099355932603405,-1.3369626328252338e-07
1.6120833333333333,1.1755555555555555,0.04,-0.7,2.0,0.3,0.04,0.01,30734,-0.22154933061267063,-0.22154932678446307,3.828207556511032e-09,0.7540224923607841,0.7540224214318842,-7.092889986459738e-08,0.2322400644265074,0.23224006458913676,1.6262935442767912e-10,-0.023447761844964943,-0.023447761813118088,3.1846855014228126e-11,-0.5273763844283741,-0.5273765198846521,-1.3545627797206805e-07
1.8780833333333333,1.1755555555555555,0.04,-0.7,2.0,0.3,0.04,0.01,30758,-0.22647454832866454,-0.22647454486395874,3.4647058000381037e-09,0.7212632602282554,0.7212632157306694,-4.449758594926578e-08,0.22280861749934822,0.2228086176728711,1.7352289050087677e-10,-0.02161012625366554,-0.02161012623332718,2.0338359468796696e-11,-0.6322288925832142,-0.6322290399243795,-1.4734116526859964e-07
2.0,1.1755555555555555,0.04,-0.7,2.0,0.3,0.04,0.01,30769,-0.2281850182574499,-0.22818501494669427,3.3107556418610073e-09,0.7070757250537962,0.7070757806658757,5.561207949700275e-08,0.21848978223645843,0.21848978241795922,1.8150078662237945e-10,-0.021094102795882197,-0.021094102780887778,1.4994418900959872e-11,-0.6805324144082414,-0.6805325678046318,-1.5339639036771047e-07
0.02716666666666667,1.1777777777777778,0.04,-0.7,2.0,0.3,0.04,0.01,30772,-0.026445303813668608,-0.026445292522532242,1.1291136366164967e-08,0.4046700946558346,0.4046699098484861,-1.8480734848003166e-07,-0.0004928756178190774,-0.0004928754393226785,1.784963988681748e-10,0.0010236858508094748,0.0010236404448794737,-4.540593000115084e-08,0.010103463278961222,0.010103286006192098,-1.7727276912377077e-07
0.2599166666666667,1.1777777777777778,0.04,-0.7,2.0,0.3,0.04,0.01,30793,-0.09794231555157462,-0.09794230145132753,1.4100247094916973e-08,0.9492969119118122,0.9492968320458541,-7.986595806919183e-08,0.14447272673256267,0.14447272896164448,2.2290818080250574e-09,-0.03645897218771538,-0.03645897072237311,1.4653422641952574e-09,-0.02925193865067205,-0.029252135167316493,-1.9651664444342298e-07
0.5148333333333334,1.1777777777777778,0.04,-0.7,2.0,0.3,0.04,0.01,30816,-0.1504579745445489,-0.1504579649416082,9.602940692632345e-09,0.991657661542078,0.991657676363948,1.4821869953607347e-08,0.22163817362353538,0.22163817491430202,1.2907666324668554e-09,-0.0446739492911824,-0.04467394963471024,-3.435278381203055e-10,-0.09482050636454992,-0.0948206552101044,-1.488455544790268e-07
0.5813333333333334,1.1777777777777778,0.04,-0.7,2.0,0.3,0.04,0.01,30822,-0.15987800753375359,-0.15987799899464797,8.53910561704474e-09,0.9713426188384666,0.9713425317872042,-8.705126242070094e-08,0.2304527235337528,0.23045272460135716,1.067604366022934e-09,-0.043266413808293325,-0.04326641391069681,-1.0240348846668468e-10,-0.1183968102871566,-0.11839695238898651,-1.42101829914143e-07
0.8251666666666667,1.1777777777777778,0.04,-0.7,2.0,0.3,0.04,0.01,30844,-0.18458982095804696,-0.18458981481939365,6.1386533078966465e-09,0.8937593203722782,0.893759332981954,1.2609675748009863e-08,0.24542815206205285,0.24542815258353148,5.214786380491887e-10,-0.0370401610528745,-0.03704016103128376,2.1590736143384248e-11,-0.21312188189372833,-0.21312200828703626,-1.2639330793096093e-07
1.069,1.1777777777777778,0.04,-0.7,2.0,0.3,0.04,0.01,30866,-0.2005141536354227,-0.20051414865797693,4.9774457611118095e-09,0.8348877894581719,0.834887815125673,2.566750112453775e-08,0.24635407816213373,0.24635407843956425,2.774305229991114e-10,-0.0315444987521174,-0.03154449872480785,2.730955045437966e-11,-0.3106879681379765,-0.310688089995298,-1.2185732151115403e-07
1.2241666666666666,1.1777777777777778,0.04,-0.7,2.0,0.3,0.04,0.01,30880,-0.2078276258361475,-0.20782762130919186,4.526955643679997e-09,0.8057784710302496,0.8057785105854923,3.9555242747901787e-08,0.24362600898799464,0.24362600920298844,2.1499380054024186e-10,-0.028559977259048908,-0.028559977224473215,3.457569300313601e-11,-0.3722727694764616,-0.372272892703653,-1.2322719139534755e-07
1.2795833333333333,1.1777777777777778,0.04,-0.7,2.0,0.3,0.04,0.01,30885,-0.21003112315776812,-0.21003111876023045,4.397537667344409e-09,0.796494615401544,0.7964946654801294,5.007858538963461e-08,0.2422860799384738,0.2422860801413233,2.0284951496307713e-10,-0.02761594822799085,-0.027615948191548542,3.6442307504991334e-11,-0.39415186577879124,-0.39415199008027413,-1.2430148288444798e-07
1.2906666666666666,1.1777777777777778,0.04,-0.7,2.0,0.3,0.04,0.01,30886,-0.21044898161591552,-0.21044897724071998,4.375195539196852e-09,0.7946969041161545,0.7946968957288948,-8.387259664566216e-09,0.24200012538121846,0.24200012557807293,1.9685447716355498e-10,-0.027435362540753627,-0.027435362504152627,3.660100000857369e-11,-0.3985216092226851,-0.3985217337684284,-1.2454574332965151e-07
1.3793333333333333,1.1777777777777778,0.04,-0.7,2.0,0.3,0.04,0.01,30894,-0.213540006005139,-0.21354000181133423,4.193804775676213e-09,0.7809428700933374,0.7809428518812498,-1.8212087615765427e-08,0.23953093411382964,0.23953093429280836,1.789787207329141e-10,-0.026091249138715522,-0.026091249099150646,3.9564875681241674e-11,-0.43341985595610893,-0.43341998279833954,-1.26842230607771e-07
1.3904166666666666,1.1777777777777778,0.04,-0.7,2.0,0.3,0.04,0.01,30895,-0.21389678584074479,-0.2138967816672013,4.17354348303256e-09,0.7792955017404957,0.779295521370407,1.962991136306158e-08,0.2392023162450102,0.239202316423425,1.7841478294755575e-10,-0.025935862816572897,-0.02593586277720182,3.9371075843952497e-11,-0.4377758860960035,-0.4377760132647281,-1.271687246062747e-07
1.6675,1.1777777777777778,0.04,-0.7,2.0,0.3,0.04,0.01,30920,-0.2210850185242752,-0.2210850147949959,3.729279302033817e-09,0.7419311193190836,0.7419311523984335,3.307934992591299e-08,0.23007945225198695,0.23007945240916178,1.5717482870769572e-10,-0.022920740831607056,-0.022920740801597617,3.0009439377920444e-11,-0.5465055631605209,-0.5465057004549876,-1.3729446668442336e-07
1.76725,1.1777777777777778,0.04,-0.7,2.0,0.3,0.04,0.01,30929,-0.2230227659836756,-0.2230227623905574,3.593118191869138e-09,0.7297389574556501,0.729738921853525,-3.560212513686878e-08,0.22656531655895762,0.2265653167219359,1.629782697687432e-10,-0.02219911709854666,-0.022199117071888538,2.6658123625233898e-11,-0.5856860873741306,-0.5856862290267456,-1.416526149711217e-07
0.016083333333333335,1.18,0.04,-0.7,2.0,0.3,0.04,0.01,30952,-0.02172346434927558,-0.0217234574818423,6.867433278295865e-09,0.2791675536573113,0.2791674868189453,-6.683836595300363e-08,-0.0054487733729124965,-0.005448773179640672,1.9327182475964433e-10,0.014300041364968819,0.014299980757770087,-6.060719873191012e-08,0.011209696121963764,0.011209523259930024,-1.7286203373920173e-07
0.19341666666666668,1.18,0.04,-0.7,2.0,0.3,0.04,0.01,30968,-0.08213032878477688,-0.08213031463989418,1.414488270956582e-08,0.8949662483326293,0.8949661072780692,-1.4105456003221661e-07,0.10726021409238062,0.1072602159788974,1.8865167761283885e-09,-0.035028381229762484,-0.035028381140405476,8.935700790413392e-11,-0.01605599717131867,-0.0160562056611336,-2.0848981492974095e-07
0.38183333333333336,1.18,0.04,-0.7,2.0,0.3,0.04,0.01,30985,-0.12355249718098982,-0.12355248510340192,1.2077587902004083e-08,0.9910187379058577,0.9910186982627627,-3.964309502890728e-08,0.19127112977898597,0.19127113165948875,1.880502781270721e-09,-0.04318283961083497,-0.04318284056835748,-9.575225126678966e-10,-0.05407416545970267,-0.05407433392682068,-1.684671180057773e-07
0.4261666666666667,1.18,0.04,-0.7,2.0,0.3,0.04,0.01,30989,-0.1327461030368321,-0.13274609186444677,1.1172385322444356e-08,0.9934846820214283,0.9934846791228408,-2.8985874811482404e-09,0.20322734012340193,0.20322734178304103,1.6596390928214078e-09,-0.044467569653566796,-0.044467570513251155,-8.596843584229852e-10,-0.06595066655117054,-0.06595082734571438,-1.607945438325542e-07
0.537,1.18,0.04,-0.7,2.0,0.3,0.04,0.01,30999,-0.15160367180896972,-0.1516036626996804,9.1092893228506e-09,0.9730544051067547,0.9730543684510368,-3.6655717905453855e-08,0.22391728738906103,0.22391728859325163,1.2041906083393172e-09,-0.043945737750253344,-0.04394573800201745,-2.51764102621177e-10,-0.10139878894130372,-0.10139893553721824,-1.465959145185991e-07
0.8473333333333334,1.18,0.04,-0.7,2.0,0.3,0.04,0.01,31027,-0.18435589980906816,-0.18435589386065185,5.94841631507137e-09,0.8796069008581986,0.8796069229263332,2.2068134652997173e-08,0.24528313763847592,0.24528313812738978,4.889138538466398e-10,-0.03633648842723755,-0.036336488407476726,1.9760824920833642e-11,-0.22037180293718248,-0.2203719284134703,-1.2547628783221576e-07
1.069,1.18,0.04,-0.7,2.0,0.3,0.04,0.01,31047,-0.19866620354011544,-0.19866619859814802,4.941967418625737e-09,0.8282747487875497,0.828274706680737,-4.210681270322425e-08,0.24588386751862173,0.24588386779790886,2.7928712120761645e-10,-0.03142574843597451,-0.031425748406942684,2.9031825554692858e-11,-0.3087619959622756,-0.30876211760178895,-1.216395133507575e-07
1.1244166666666666,1.18,0.04,-0.7,2.0,0.3,0.04,0.01,31052,-0.20151235687763946,-0.20151235211197077,4.765668693007541e-09,0.8175229562756847,0.8175229343814966,-2.1894188129145675e-08,0.24514530370924048,0.24514530396071968,2.5147919857637646e-10,-0.03031569716205329,-0.030315697130420354,3.163293585406457e-11,-0.33074219229836666,-0.3307423140882419,-1.2178987524036344e-07
1.2130833333333333,1.18,0.04,-0.7,2.0,0.3,0.04,0.01,31060,-0.20557495542007642,-0.20557495089534786,4.524728564048175e-09,0.801643981751532,0.8016439242059896,-5.754554233128317e-08,0.24348208291519874,0.2434820831312187,2.1601995192632728e-10,-0.028662478143287595,-0.028662478108379,3.4908596846516815e-11,-0.36577510616867676,-0.36577522891986686,-1.227511901014111e-07
1.4125833333333333,1.18,0.04,-0.7,2.0,0.3,0.04,0.01,31078,-0.2128735046510663,-0.21287350053813855,4.112927748378681e-09,0.7705479802833093,0.770547970822634,-9.46067524321137e-09,0.2382263148946115,0.23822631507150946,1.7689796849573725e-10,-0.02556464653032109,-0.025564646491859244,3.846184482014792e-11,-0.44411844239460735,-0.4441185698601759,-1.2746556854459357e-07
1.5566666666666666,1.18,0.04,-0.7,2.0,0.3,0.04,0.01,31091,-0.21689465556820609,-0.21689465169282526,3.875380821805052e-09,0.7509494664992289,0.7509493854688694,-8.103035953332949e-08,0.23362950642816932,0.23362950658757836,1.594090415224514e-10,-0.023879245586201636,-0.02387924555405666,3.2144977651915596e-11,-0.5004860969606839,-0.5004862293769237,-1.3241623975090988e-07
1.6231666666666666,1.18,0.04,-0.7,2.0,0.3,0.04,0.01,31097,-0.21847301459425317,-0.21847301081696244,3.777290730200278e-09,0.7424683853840541,0.7424684780784961,9.269444201098764e-08,0.23137994873748818,0.2313799488957477,1.582595166027545e-10,-0.02324781024468786,-0.023247810216777035,2.7910826427834934e-11,-0.5264939161597412,-0.5264940511743521,-1.350146109357908e-07
0.10475000000000001,1.1822222222222223,0.04,-0.7,2.0,0.3,0.04,0.01,31141,-0.0562226083273068,-0.05622259219092838,1.613637842096116e-08,0.7950217643937219,0.7950216631651339,-1.0122858795647005e-07,0.04885184940656151,0.048851850170571295,7.640097859917816e-10,-0.029834327448692577,-0.029834333235791693,-5.78709911588926e-09,0.0010915736825892197,0.0010913731466877508,-2.005359014689307e-07
0.4594166666666667,1.1822222222222223,0.04,-0.7,2.0,0.3,0.04,0.01,31173,-0.1368216501069705,-0.13682163976583156,1.034113894515798e-08,0.9764000323542188,0.9763999623847176,-6.996950119297907e-08,0.20954089862908892,0.20954090012584628,1.4967573569446557e-09,-0.04436035020691231,-0.04436035088044404,-6.735317234496385e-10,-0.07490156083977961,-0.07490171696651875,-1.5612673913423247e-07
0.8140833333333334,1.1822222222222223,0.04,-0.7,2.0,0.3,0.04,0.01,31205,-0.17974995067188831,-0.1797499445674706,6.104417721308764e-09,0.8804999937495062,0.8805000768233733,8.307386711869924e-08,0.24382331186017722,0.2438233123997647,5.395874858038496e-10,-0.03694590215836541,-0.03694590213913451,1.9230894654498343e-11,-0.2055718392583207,-0.20557196597302763,-1.267147069217156e-07
0.8805833333333334,1.1822222222222223,0.04,-0.7,2.0,0.3,0.04,0.01,31211,-0.1849228346464428,-0.18492282893782763,5.708615163912967e-09,0.8632767199007185,0.8632766924998255,-2.7400892999018822e-08,0.24524527387983705,0.24524527432150575,4.4166870161177485e-10,-0.035396009670160544,-0.03539600965078436,1.9376181215058352e-11,-0.23198603665409642,-0.2319861609256645,-1.2427156806382733e-07
1.1133333333333333,1.1822222222222223,0.04,-0.7,2.0,0.3,0.04,0.01,31232,-0.1991487735084757,-0.19914876873945003,4.7690256743671e-09,0.8132385223569294,0.8132385286221225,6.265193142063197e-09,0.24486403663929318,0.24486403689384456,2.545513799745436e-10,-0.0304216531526319,-0.03042165312294042,2.96914784425617e-11,-0.3243776794012096,-0.32437780088744056,-1.2148623096397415e-07
1.16875,1.1822222222222223,0.04,-0.7,2.0,0.3,0.04,0.01,31237,-0.20182342262118486,-0.2018234180071191,4.614065768349107e-09,0.8032254784906545,0.80322543558695,-4.2903704478014504e-08,0.24396042130853807,0.2439604215380515,2.2951343603416774e-10,-0.029367066634103378,-0.029367066600339477,3.376390139697705e-11,-0.3462323896902264,-0.3462325115903769,-1.219001504737527e-07
1.3571666666666666,1.1822222222222223,0.04,-0.7,2.0,0.3,0.04,0.01,31254,-0.2093467625571832,-0.2093467583650937,4.192089508858743e-09,0.7730460521715443,0.7730460133542025,-3.881734178534657e-08,0.2395140547511651,0.23951405493627437,1.8510926125259175e-10,-0.0262594907036659,-0.026259490664893477,3.87724227723929e-11,-0.42011999506146036,-0.4201201205757332,-1.255142728640024e-07
1.5788333333333333,1.1822222222222223,0.04,-0.7,2.0,0.3,0.04,0.01,31274,-0.2157816327250789,-0.21578162890090302,3.8241758648638324e-09,0.7429789158908129,0.7429788903527391,-2.5538073766817604e-08,0.23262988636869875,0.23262988652671185,1.5801310260243895e-10,-0.023605080737287842,-0.02360508070332166,3.396618403206375e-11,-0.5066018475773439,-0.5066019804051151,-1.328277711154513e-07
1.63425,1.1822222222222223,0.04,-0.7,2.0,0.3,0.04,0.01,31279,-0.21707989165273278,-0.21707988790958815,3.74314462758818e-09,0.7360807852130336,0.7360808289001,4.368706640889286e-08,0.2307589936220364,0.2307589937787979,1.567615204312034e-10,-0.02310128497058639,-0.023101284938476793,3.210959623189957e-11,-0.5282131628465622,-0.5282132978579173,-1.350113550957488e-07
1.6564166666666666,1.1822222222222223,0.04,-0.7,2.0,0.3,0.04,0.01,31281,-0.21757026865843604,-0.21757026494588894,3.7125471030741153e-09,0.7333733571812662,0.7333732524315179,-1.0474974831975459e-07,0.23000078683936553,0.23000078699581786,1.564523233188453e-10,-0.022916025958878705,-0.022916025929854807,2.9023897868407644e-11,-0.536860819925454,-0.5368609558368705,-1.359114165655484e-07
0.09366666666666668,1.1844444444444444,0.04,-0.7,2.0,0.3,0.04,0.01,31321,-0.05040390027449132,-0.05040388456993314,1.5704558181672823e-08,0.7427295743711593,0.7427293962857093,-1.7808544994224462e-07,0.040745605334076285,0.04074560592691456,5.928382784681219e-10,-0.026938586811416088,-0.02693859340436383,-6.592947743300215e-09,0.0031896557729088615,0.0031894582469532595,-1.9752595560194527e-07
0.24883333333333335,1.1844444444444444,0.04,-0.7,2.0,0.3,0.04,0.01,31335,-0.08945552308101817,-0.08945551005863962,1.3022378550497926e-08,0.8874793198943021,0.8874791820096501,-1.3788465191844068e-07,0.1352183857741135,0.13521838787335366,2.099240170583272e-09,-0.034601271838193004,-0.034601270213672895,1.6245201087117245e-09,-0.02553576633236576,-0.025535966148733845,-1.9981636808358294e-07
0.2931666666666667,1.1844444444444444,0.04,-0.7,2.0,0.3,0.04,0.01,31339,-0.09912879821237508,-0.0991287854013977,1.281097737615422e-08,0.9186484697942809,0.9186483980195764,-7.177470451313894e-08,0.15613711388778873,0.1561371160319078,2.1441190767301777e-09,-0.03684521037394112,-0.03684520977440651,5.995346094578302e-10,-0.03366795768330877,-0.03366814675802819,-1.890747194227549e-07
0.43725,1.1844444444444444,0.04,-0.7,2.0,0.3,0.04,0.01,31352,-0.13054599998302968,-0.13054598939202466,1.0591005017435151e-08,0.9641062261034339,0.9641061491183707,-7.698506321318632e-08,0.20355795513807284,0.2035579567237471,1.5856742585640404e-09,-0.04377299906731247,-0.04377299986892312,-8.016106528563327e-10,-0.06742872263612587,-0.06742888219527472,-1.5955914885179556e-07
0.5148333333333334,1.1844444444444444,0.04,-0.7,2.0,0.3,0.04,0.01,31359,-0.1439733087722772,-0.14397329954174387,9.230533337678537e-09,0.9539921380641303,0.9539921166331413,-2.1430988983439647e-08,0.21857356666758754,0.2185735679355627,1.2679751693056573e-09,-0.04363950315142834,-0.043639503511623996,-3.601956580223664e-10,-0.09172407578066782,-0.09172422511955539,-1.4933888756174518e-07
0.6035,1.1844444444444444,0.04,-0.7,2.0,0.3,0.04,0.01,31367,-0.15636828454641122,-0.15636827658542052,7.960990699995563e-09,0.9316628322986187,0.9316628398642963,7.565677639931323e-09,0.23010724460186677,0.23010724559343984,9.915730736498318e-10,-0.04187921049357557,-0.041879210565131254,-7.155568498840026e-11,-0.12297401481040776,-0.12297415521142738,-1.4040101961598772e-07
0.8140833333333334,1.1844444444444444,0.04,-0.7,2.0,0.3,0.04,0.01,31386,-0.1778023020883139,-0.17780229603431622,6.053997692045954e-09,0.8723953896089265,0.8723953265008425,-6.31080839808007e-08,0.2431537503952419,0.2431537509297169,5.344749920421776e-10,-0.03676227472743099,-0.03676227471027431,1.715667885537897e-11,-0.20402657136826818,-0.20402669801667697,-1.2664840878806594e-07
1.1244166666666666,1.1844444444444444,0.04,-0.7,2.0,0.3,0.04,0.01,31414,-0.19790705021397598,-0.19790704551032084,4.703655132054507e-09,0.8048923645642692,0.8048923323219332,-3.224233591225811e-08,0.244253668293809,0.24425366854234687,2.485378569616614e-10,-0.030095532089630117,-0.030095532058641218,3.098889894692647e-11,-0.3267765553977356,-0.3267766766967138,-1.2129897819512792e-07
1.4015,1.1844444444444444,0.04,-0.7,2.0,0.3,0.04,0.01,31439,-0.20911805527441818,-0.2091180511861097,4.088308469540891e-09,0.7611816191244181,0.7611814579966828,-1.6112773526533175e-07,0.23792205792971116,0.23792205810523703,1.7552587161517863e-10,-0.025571015613047587,-0.025571015574843797,3.820379082530856e-11,-0.43510773123631163,-0.43510785762884907,-1.2639253743618184e-07
1.4790833333333333,1.1844444444444444,0.04,-0.7,2.0,0.3,0.04,0.01,31446,-0.2114807923058598,-0.21148078834847983,3.957379979269149e-09,0.7506593305284248,0.750659448174402,1.176459771823346e-07,0.2355820709188869,0.23558207108452703,1.6564014049258446e-10,-0.024604602335900894,-0.02460460230128707,3.461382222513798e-11,-0.4652850224469082,-0.4652851512752098,-1.288283015821179e-07
1.5455833333333333,1.1844444444444444,0.04,-0.7,2.0,0.3,0.04,0.01,31452,-0.21329490695644326,-0.2132949031035072,3.852936053538869e-09,0.7420652897716096,0.7420651984975213,-9.127408828746297e-08,0.23346082486896264,0.2334608250266161,1.5765347360918724e-10,-0.023879127028884894,-0.023879126995102168,3.378272661613835e-11,-0.49113573667314975,-0.4911358678301235,-1.311569737261209e-07
1.6453333333333333,1.1844444444444444,0.04,-0.7,2.0,0.3,0.04,0.01,31461,-0.215699857930296,-0.2156998542222818,3.708014201242449e-09,0.7297659143645774,0.7297659371926893,2.282811195630785e-08,0.230138738867465,0.23013873902101448,1.5354947868750912e-10,-0.022958068210503224,-0.022958068182091295,2.841192905944645e-11,-0.5299194943705551,-0.5299196293753115,-1.3500475637417964e-07
1.9113333333333333,1.1844444444444444,0.04,-0.7,2.0,0.3,0.04,0.01,31485,-0.22067336931864967,-0.22067336595811918,3.360530492768632e-09,0.6992674841943547,0.6992674423016505,-4.1892704194523844e-08,0.22092411216735608,0.22092411233175333,1.643972458165166e-10,-0.021319231484594192,-0.021319231464898294,1.9695897690574782e-11,-0.6336894140432022,-0.6336895608705829,-1.468273806981557e-07
0.138,1.1866666666666665,0.04,-0.7,2.0,0.3,0.04,0.01,31506,-0.06328327149699581,-0.06328325721981987,1.4277175941490583e-08,0.8098302646530886,0.8098301118143003,-1.5283878829208675e-07,0.06971455016338557,0.06971455131697864,1.1535930682926576e-09,-0.03231519812116335,-0.032315202373647496,-4.252484149536162e-09,-0.0038072324937479807,-0.003807438719964873,-2.0622621689243142e-07
0.18233333333333335,1.1866666666666665,0.04,-0.7,2.0,0.3,0.04,0.01,31510,-0.07403759036253565,-0.07403757719905257,1.3163483081335414e-08,0.8364732573262756,0.8364732739860952,1.6659819523923147e-08,0.09745581155566618,0.09745581321864223,1.6629760485331602e-09,-0.03367746475763794,-0.03367746585471632,-1.0970783795305472e-09,-0.01232367514304028,-0.012323884079927948,-2.0893688766794594e-07
0.47050000000000003,1.1866666666666665,0.04,-0.7,2.0,0.3,0.04,0.01,31536,-0.13451755930028036,-0.13451754946485645,9.835423919746233e-09,0.9482846057007333,0.9482846391976069,3.349687360820752e-08,0.20958805235976596,0.2095880537905986,1.4308326468093213e-09,-0.043585529619638574,-0.04358553023053459,-6.108960143302866e-10,-0.07648021891574347,-0.0764803739332321,-1.5501748862334352e-07
0.5924166666666667,1.1866666666666665,0.04,-0.7,2.0,0.3,0.04,0.01,31547,-0.15289471271856536,-0.1528947047097065,8.008858853880696e-09,0.9240062520676773,0.9240061311831715,-1.2088450573877196e-07,0.22799882876855387,0.22799882978869174,1.0201378630725344e-09,-0.041852513044775275,-0.041852513143233544,-9.845826931531576e-11,-0.11775718123160223,-0.11775732272536842,-1.4149376618977083e-07
0.6256666666666667,1.1866666666666665,0.04,-0.7,2.0,0.3,0.04,0.01,31550,-0.15703602430423846,-0.1570360166935516,7.610686858505744e-09,0.9151721921951683,0.9151722134789659,2.1283797613236288e-08,0.23141137266636386,0.23141137359300737,9.266435119226202e-10,-0.04107880687630183,-0.04107880691496181,-3.8659977996680084e-11,-0.1299495667046388,-0.1299497052768473,-1.3857220848567664e-07
0.7586666666666667,1.1866666666666665,0.04,-0.7,2.0,0.3,0.04,0.01,31562,-0.17101090826950396,-0.1710109018915002,6.378003764018203e-09,0.8787544660687763,0.8787544329094263,-3.315934993253222e-08,0.24040670362084765,0.24040670425411265,6.332649959972514e-10,-0.03787204799382202,-0.03787204797476806,1.9053959798842612e-11,-0.18077788181891305,-0.180778011161591,-1.293426779569451e-07
1.0911666666666666,1.1866666666666665,0.04,-0.7,2.0,0.3,0.04,0.01,31592,-0.19440681786615788,-0.1944068130928726,4.773285267045679e-09,0.8046039473574851,0.8046038910759175,-5.628156762860215e-08,0.2442185618941814,0.24421856215443088,2.6024948862612973e-10,-0.030625543689689894,-0.030625543660127694,2.956219991023801e-11,-0.3117619975254865,-0.3117621184924449,-1.2096695839458604e-07
1.3239166666666666,1.1866666666666665,0.04,-0.7,2.0,0.3,0.04,0.01,31613,-0.20474354846946458,-0.20474354426344826,4.2060163130130945e-09,0.7667161593116756,0.7667162360832772,7.677160163144237e-08,0.23971355267261157,0.23971355285740817,1.847965946932817e-10,-0.026589160276313528,-0.026589160238782696,3.753083260837897e-11,-0.40266381833676396,-0.4026639423296722,-1.2399290821862863e-07
1.5234166666666666,1.1866666666666665,0.04,-0.7,2.0,0.3,0.04,0.01,31631,-0.21106076493190157,-0.21106076106459168,3.867309888994086e-09,0.7397203745374004,0.7397203494823178,-2.505508256422928e-08,0.23389586404680418,0.23389586420575376,1.5894957572371027e-10,-0.024050772898902284,-0.02405077286321053,3.5691755106981304e-11,-0.4800548725090309,-0.4800550024529048,-1.299438738833203e-07
1.56775,1.1866666666666665,0.04,-0.7,2.0,0.3,0.04,0.01,31635,-0.21222321622358514,-0.21222321242210182,3.8014833225741285e-09,0.7341937273419585,0.7341937319534196,4.61146110186661e-09,0.23246694907767818,0.23246694923659109,1.5891291060832202e-10,-0.0236015390266478,-0.023601538993154106,3.3493693929464996e-11,-0.4972359141289587,-0.497236045680855,-1.3155189632074737e-07
1.70075,1.1866666666666665,0.04,-0.7,2.0,0.3,0.04,0.01,31647,-0.21529081008730272,-0.21529080647115637,3.616146354579186e-09,0.7183475460303956,0.7183475346660427,-1.1364352903164843e-08,0.22801297186590685,0.2280129720216609,1.557540485475073e-10,-0.022480021288698304,-0.02248002126074168,2.795662312760072e-11,-0.5488170345623739,-0.5488171713912974,-1.3682892352484544e-07
0.02716666666666667,1.1888888888888889,0.04,-0.7,2.0,0.3,0.04,0.01,31677,-0.022328062177605357,-0.022328053791672978,8.385932379062488e-09,0.3396593568905093,0.33965921226201246,-1.4462849684537815e-07,0.0004832145154495815,0.00048321471808780887,2.0263822737842663e-10,0.004924645186747678,0.00492460464372861,-4.054301906784158e-08,0.011469420037081568,0.011469243916757734,-1.7612032383353127e-07
0.3375,1.1888888888888889,0.04,-0.7,2.0,0.3,0.04,0.01,31705,-0.1051659800628893,-0.1051659682786003,1.1784289002947368e-08,0.9123229345597839,0.9123228993989283,-3.5160855560434356e-08,0.17149839412537032,0.17149839612422313,1.998852805495943e-09,-0.0387813464573436,-0.03878134690546519,-4.481215884477585e-10,-0.04116601211183457,-0.04116619104916222,-1.7893732764950876e-07
0.41508333333333336,1.1888888888888889,0.04,-0.7,2.0,0.3,0.04,0.01,31712,-0.12196756779832285,-0.12196755717687313,1.0621449719749876e-08,0.9349888169252196,0.9349887181315308,-9.879368878529249e-08,0.19578442969323678,0.19578443135890397,1.6656671875114881e-09,-0.042453978274063775,-0.04245397916671588,-8.926521050112157e-10,-0.05961526721279947,-0.059615430778705195,-1.6356590572252916e-07
0.9138333333333334,1.1888888888888889,0.04,-0.7,2.0,0.3,0.04,0.01,31757,-0.18167118306182048,-0.18167117765057844,5.411242037789421e-09,0.833299373600993,0.8332994834341749,1.0983318188273472e-07,0.2438668569042235,0.2438668573009242,3.96700700067143e-10,-0.034172013006258245,-0.03417201299189625,1.4361997702216911e-11,-0.2401761026922522,-0.24017622566244354,-1.2297019133522546e-07
1.03575,1.1888888888888889,0.04,-0.7,2.0,0.3,0.04,0.01,31768,-0.18952962453820665,-0.189529619617333,4.920873653002644e-09,0.8084618002834887,0.808461801137905,8.544163154766693e-10,0.24417932446767904,0.24417932476158052,2.9390148648111847e-10,-0.03160629607316251,-0.03160629604821428,2.4948230981092223e-11,-0.28812769512387426,-0.28812781606599774,-1.209421234826813e-07
1.2685,1.1888888888888889,0.04,-0.7,2.0,0.3,0.04,0.01,31789,-0.20089793067938622,-0.20089792638312634,4.296259875635755e-09,0.7692522105418043,0.7692521856575877,-2.488421657620421e-08,0.24068787625303872,0.24068787645184658,1.988078590642317e-10,-0.0273593033818173,-0.027359303346099977,3.57173249310172e-11,-0.3789628221674557,-0.3789629446674032,-1.2249994751911686e-07
1.76725,1.1888888888888889,0.04,-0.7,2.0,0.3,0.04,0.01,31834,-0.2150466358141756,-0.21504663230130291,3.512872687183588e-09,0.7060534545910713,0.7060534428988451,-1.1692226187243193e-08,0.22550949090670291,0.225509491061836,1.5513307305425883e-10,-0.021991190467252064,-0.021991190441308275,2.5943788783955313e-11,-0.5719233472390242,-0.5719234864375707,-1.3919854657817865e-07
0.016083333333333335,1.191111111111111,0.04,-0.7,2.0,0.3,0.04,0.01,31857,-0.018847722791232036,-0.018847717978179614,4.813052421892561e-09,0.2407464116949143,0.24074624441168468,-1.672832296018001e-07,-0.0038573305360598,-0.003857330307290594,2.287692058358659e-10,0.01709313035627713,0.017093076047005544,-5.4309271586838737e-08,0.012567826750582711,0.01256765488191752,-1.718686651920598e-07
0.63675,1.191111111111111,0.04,-0.7,2.0,0.3,0.04,0.01,31913,-0.1543403430300308,-0.15434033570046424,7.329566564795442e-09,0.8924000600984971,0.8924000457271484,-1.4371348777686421e-08,0.23068237786253581,0.2306823787555634,8.930275963159318e-10,-0.0402898333621074,-0.04028983339626697,-3.4159571005165645e-11,-0.13161287178837383,-0.13161300955456298,-1.377661891510673e-07
0.7365,1.191111111111111,0.04,-0.7,2.0,0.3,0.04,0.01,31922,-0.165031927403924,-0.1650319209762976,6.4276264033491515e-09,0.8674040190975729,0.8674040107020777,-8.395495187940583e-09,0.23782050983984365,0.23782051051477934,6.749356906698978e-10,-0.03796991228238733,-0.037969912270414234,1.1973096125661442e-11,-0.169354240734821,-0.16935437132955247,-1.3059473147336575e-07
0.7919166666666667,1.191111111111111,0.04,-0.7,2.0,0.3,0.04,0.01,31927,-0.17015471355515815,-0.17015470751551312,6.0396450340949315e-09,0.8537852168311044,0.8537852505372211,3.370611667552481e-08,0.24033907418440428,0.24033907475293545,5.685311665892812e-10,-0.036702852804753466,-0.036702852790118194,1.463527216083449e-11,-0.19081442366290086,-0.19081455117948473,-1.2751658387544218e-07
0.83625,1.191111111111111,0.04,-0.7,2.0,0.3,0.04,0.01,31931,-0.17390584192863295,-0.17390583616277958,5.7658533780813315e-09,0.8433198805946063,0.843319898060142,1.746553568438003e-08,0.24177048798987646,0.24177048849061744,5.007409764612447e-10,-0.03570926117650933,-0.03570926116199504,1.4514285606725963e-11,-0.20811377608740203,-0.20811390157861373,-1.2549121169991295e-07
1.0135833333333333,1.191111111111111,0.04,-0.7,2.0,0.3,0.04,0.01,31947,-0.18641416238592,-0.18641415742407033,4.961849681128783e-09,0.8060803691201102,0.8060804088698024,3.974969220443825e-08,0.24373461478929132,0.24373461509714225,3.078509391851725e-10,-0.03192393704967017,-0.03192393702507909,2.4591079172964214e-11,-0.2776260516271917,-0.2776261725840146,-1.2095682294654964e-07
1.0579166666666666,1.191111111111111,0.04,-0.7,2.0,0.3,0.04,0.01,31951,-0.18902064645949512,-0.18902064164605267,4.8134424501800055e-09,0.7978675289899151,0.7978675724075087,4.3417593631467355e-08,0.24353927827413385,0.24353927855171825,2.7758439991032446e-10,-0.031035277404736772,-0.031035277377223773,2.751299882364222e-11,-0.2949677084359767,-0.29496782903960067,-1.206036239764785e-07
1.1798333333333333,1.191111111111111,0.04,-0.7,2.0,0.3,0.04,0.01,31962,-0.19531585643779714,-0.19531585196794166,4.469855485744745e-09,0.777150625796974,0.7771505783114985,-4.748547555166738e-08,0.242050459759377,0.242050459982723,2.2334600835449692e-10,-0.028753393203594102,-0.02875339316927804,3.431606040993351e-11,-0.34246423863706216,-0.3424643595728521,-1.2093578993788157e-07
1.1909166666666666,1.191111111111111,0.04,-0.7,2.0,0.3,0.04,0.01,31963,-0.195830632807939,-0.19583062836407308,4.4438659141388115e-09,0.7753880676419911,0.7753881335904403,6.594844925711385e-08,0.241858048051595,0.2418580482709124,2.1931739757619084e-10,-0.028559256893372076,-0.02855925685801708,3.535499670803688e-11,-0.3467677974482511,-0.3467679184988106,-1.2105055952060795e-07
1.3571666666666666,1.191111111111111,0.04,-0.7,2.0,0.3,0.04,0.01,31978,-0.20257385581007314,-0.20257385171264333,4.097429812111031e-09,0.7509397978444632,0.750939781806089,-1.603837418429066e-08,0.2381364798832719,0.23813648006366517,1.80393255888589e-10,-0.025948977751995284,-0.025948977714844997,3.715028631945394e-11,-0.41108968095299875,-0.4110898050745079,-1.2412150912632924e-07
1.4790833333333333,1.191111111111111,0.04,-0.7,2.0,0.3,0.04,0.01,31989,-0.20652888689090543,-0.20652888299649697,3.894408462379317e-09,0.7349531219724703,0.7349530535959303,-6.83765399855929e-08,0.23467921686080861,0.2346792170221321,1.613234823505394e-10,-0.024410528037463464,-0.024410528002991788,3.447167551406949e-11,-0.45808425920744467,-0.4580843868486954,-1.276412507356106e-07
1.5123333333333333,1.191111111111111,0.04,-0.7,2.0,0.3,0.04,0.01,31992,-0.2074869877417146,-0.20748698389384906,3.847865526207528e-09,0.7308176799836197,0.7308177235958838,4.361226413340802e-08,0.23366354788077748,0.2336635480373224,1.5654491591909903e-10,-0.024045668224302597,-0.02404566818965172,3.4650875918584845e-11,-0.4708916875935387,-0.4708918163436669,-1.2875012816992992e-07
1.8115833333333333,1.191111111111111,0.04,-0.7,2.0,0.3,0.04,0.01,32019,-0.2143263717321875,-0.2143263682901821,3.4420054029205005e-09,0.6965562113214752,0.6965562494083805,3.808690529627512e-08,0.22377397886963468,0.223773979026177,1.5654230689499116e-10,-0.02169279509609684,-0.02169279507403785,2.2058990051254668e-11,-0.5863585300714887,-0.5863586707372742,-1.4066578546412245e-07
1.90025,1.191111111111111,0.04,-0.7,2.0,0.3,0.04,0.01,32027,-0.21587461493659255,-0.21587461160496496,3.3316275849237798e-09,0.6870762722654966,0.6870762251427338,-4.7122762802942475e-08,0.22073901940776464,0.2207390195698201,1.6205545239067476e-10,-0.021260539143641566,-0.021260539127843682,1.5797883834434145e-11,-0.6207394495878412,-0.6207395943099987,-1.4472215748018158e-07
0.22666666666666668,1.1933333333333334,0.04,-0.7,2.0,0.3,0.04,0.01,32057,-0.07745496585179201,-0.07745495409811883,1.1753673187508973e-08,0.8074736351781908,0.807473595899197,-3.9278993835267784e-08,0.1189916464159474,0.11899164827442713,1.8584797312204415e-09,-0.03235843320428117,-0.03235843196435307,1.2399280976960192e-09,-0.01931403823766248,-0.01931424293278424,-2.0469512176241045e-07
0.2599166666666667,1.1933333333333334,0.04,-0.7,2.0,0.3,0.04,0.01,32060,-0.08413680716305022,-0.08413679547235563,1.169069459294736e-08,0.8294446553203105,0.8294446397384125,-1.558189799411025e-08,0.1357894422130551,0.13578944420069797,1.9876428558607273e-09,-0.03314728963376562,-0.03314728815871485,1.4750507690286518e-09,-0.0253782776630726,-0.02537847579739728,-1.9813432467971626e-07
0.43725,1.1933333333333334,0.04,-0.7,2.0,0.3,0.04,0.01,32076,-0.12222177355986769,-0.12222176364632553,9.913542153849875e-09,0.9094475124371559,0.9094474079487356,-1.0448842036048234e-07,0.1989733138298838,0.19897331537207052,1.5421867116671706e-09,-0.042072845028093275,-0.042072845828112396,-8.000191203949569e-10,-0.0640880951014583,-0.06408825553006348,-1.604286051781756e-07
0.537,1.1933333333333334,0.04,-0.7,2.0,0.3,0.04,0.01,32085,-0.1391033285023935,-0.13910332006413142,8.438262061316593e-09,0.9028908051766926,0.9028908893076408,8.413094820802769e-08,0.2179139662660673,0.21791396743733604,1.1712687486564732e-09,-0.04197627328318687,-0.041976273568642586,-2.8545571462146313e-10,-0.09508393364970891,-0.09508408106807413,-1.4741836522336182e-07
0.9581666666666667,1.1933333333333334,0.04,-0.7,2.0,0.3,0.04,0.01,32123,-0.18107827103517465,-0.18107826589929998,5.135874669992546e-09,0.8100559868717827,0.8100561043814289,1.1750964623580273e-07,0.24307516327405632,0.24307516362404222,3.499859013711415e-10,-0.03292260967291405,-0.03292260965437366,1.8540391444332727e-11,-0.2541980395688592,-0.25419816122351346,-1.2165465423930044e-07
1.0911666666666666,1.1933333333333334,0.04,-0.7,2.0,0.3,0.04,0.01,32135,-0.18910601473916266,-0.18910601006135158,4.677811082931527e-09,0.785700234040565,0.7857002976685885,6.362802351667085e-08,0.24277372338336878,0.24277372364306338,2.596945991584221e-10,-0.030267863261809747,-0.030267863233791253,2.801849377509491e-11,-0.3060608389558045,-0.3060609592455629,-1.20289758431813e-07
1.23525,1.1933333333333334,0.04,-0.7,2.0,0.3,0.04,0.01,32148,-0.19610137168127317,-0.19610136736680978,4.314463397658841e-09,0.7627465076209816,0.7627464199099955,-8.771098614079875e-08,0.24060031823713163,0.24060031844108073,2.039491076022415e-10,-0.02771112410249882,-0.02771112407181748,3.0681339413529685e-11,-0.36188402635063677,-0.361884147689207,-1.2133857024698713e-07
1.2685,1.1933333333333334,0.04,-0.7,2.0,0.3,0.04,0.01,32151,-0.1975043867342638,-0.1975043824920706,4.242193180070686e-09,0.7578650880468718,0.7578650224799909,-6.556688092462792e-08,0.23990462392639578,0.23990462412441751,1.9802173789607025e-10,-0.02717801286689081,-0.027178012830302033,3.658877714696196e-11,-0.37471498168604317,-0.374715103566932,-1.218808888259204e-07
1.3460833333333333,1.1933333333333334,0.04,-0.7,2.0,0.3,0.04,0.01,32158,-0.20051033237551696,-0.200510328279893,4.095623951094751e-09,0.7469893759104451,0.7469893363934245,-3.9517020655743806e-08,0.238065553726588,0.23806555390902234,1.8243434540821113e-10,-0.0260240195806144,-0.026024019545598857,3.5015542548810785e-11,-0.4045969978137484,-0.4045971213196895,-1.2350594108534452e-07
1.3793333333333333,1.1933333333333334,0.04,-0.7,2.0,0.3,0.04,0.01,32161,-0.20169268385036854,-0.2016926798130081,4.037360445963145e-09,0.7425289549889413,0.7425288887813559,-6.620758541409089e-08,0.23719809653068719,0.23719809670587924,1.7519205530724946e-10,-0.025568747433063477,-0.025568747395631055,3.743242174558681e-11,-0.41738453686771676,-0.4173846612064326,-1.2433871582340217e-07
1.50125,1.1933333333333334,0.04,-0.7,2.0,0.3,0.04,0.01,32172,-0.2055515153498097,-0.20555151151019557,3.839614126643909e-09,0.7270507300372042,0.7270508314531318,1.0141592754475681e-07,0.2337032781588727,0.23370327831944285,1.6057014051718e-10,-0.02410094191437201,-0.02410094188008242,3.428958852969011e-11,-0.4642190572546126,-0.4642191852263666,-1.27971754027012e-07
1.7229166666666667,1.1933333333333334,0.04,-0.7,2.0,0.3,0.04,0.01,32192,-0.21102349670988618,-0.21102349317106883,3.5388173502681752e-09,0.7015472133775624,0.7015472426036241,2.9226061681875137e-08,0.2265541553159861,0.2265541554649144,1.4892828636980937e-10,-0.022185613058472997,-0.022185613031840946,2.6632050731389967e-11,-0.549418402528215,-0.5494185388750432,-1.3634682816121568e-07
1.7561666666666667,1.1933333333333334,0.04,-0.7,2.0,0.3,0.04,0.01,32195,-0.2117079141498307,-0.21170791065550734,3.494323358443907e-09,0.6979276157004222,0.6979275490864858,-6.66139363669771e-08,0.22543493445457974,0.22543493460783984,1.5326009905614058e-10,-0.02197169466717358,-0.021971694640011776,2.7161804055930716e-11,-0.5622282559035809,-0.5622283936553035,-1.3775172258423396e-07
1.83375,1.1933333333333334,0.04,-0.7,2.0,0.3,0.04,0.01,32202,-0.21319254423345785,-0.21319254083514286,3.398314990521456e-09,0.6896263012035053,0.6896264067197855,1.0551628015775805e-07,0.22280438935342456,0.22280438950748915,1.5406459441535958e-10,-0.021535254922447344,-0.021535254902522727,1.9924617511435372e-11,-0.5921669898890577,-0.5921671310452953,-1.4115623758748086e-07
1.90025,1.1933333333333334,0.04,-0.7,2.0,0.3,0.04,0.01,32208,-0.21435270761385739,-0.21435270429870742,3.315149960103625e-09,0.6826436610429809,0.6826436689070484,7.86406750830082e-09,0.220541583341137,0.22054158350157987,1.6044288120298233e-10,-0.02122361443673837,-0.021223614414290992,2.2447377290291115e-11,-0.6178930724256432,-0.6178932166246349,-1.4419899174722417e-07
0.04933333333333333,1.1955555555555555,0.04,-0.7,2.0,0.3,0.04,0.01,32222,-0.026964910138753406,-0.02696489940329252,1.0735460884842007e-08,0.4503022905943954,0.450302156856318,-1.3373807739025523e-07,0.011950240483941943,0.011950240693713152,2.0977120908372004e-10,-0.007905303640066974,-0.007905322217969446,-1.857790247160318e-08,0.010395064127186049,0.010394881108916273,-1.8301826977540347e-07
0.38183333333333336,1.1955555555555555,0.04,-0.7,2.0,0.3,0.04,0.01,32252,-0.10897456229681801,-0.10897455176330902,1.053350899560268e-08,0.885692323648879,0.8856923133679769,-1.0280902018600102e-08,0.1827564000800655,0.18275640185226852,1.7722030232203423e-09,-0.039825186675980506,-0.039825187531876194,-8.558956876569823e-10,-0.04900981326227266,-0.049009983593763524,-1.703314908632625e-07
0.44833333333333336,1.1955555555555555,0.04,-0.7,2.0,0.3,0.04,0.01,32258,-0.12230420873345083,-0.12230419914886816,9.584582669197594e-09,0.8970540255059944,0.897053929429533,-9.607646145326498e-08,0.20040196661370163,0.2004019680986689,1.484967260267922e-09,-0.04182627377950082,-0.041826274526028676,-7.465278534235509e-10,-0.0663993524605,-0.06639951139885024,-1.589383502448305e-07
0.5148333333333334,1.1955555555555555,0.04,-0.7,2.0,0.3,0.04,0.01,32264,-0.13370771647727014,-0.13370770784506678,8.632203368774682e-09,0.8944806374755476,0.8944806462604311,8.784883487322759e-09,0.2133849146092326,0.21338491584481775,1.23558516196276e-09,-0.04189623539582743,-0.04189623578498932,-3.8916189021298564e-10,-0.08675793130900888,-0.0867580813977441,-1.5008873521793475e-07
0.63675,1.1955555555555555,0.04,-0.7,2.0,0.3,0.04,0.01,32275,-0.15041724145275354,-0.15041723427935047,7.173403065996453e-09,0.8730643590026954,0.8730643365986702,-2.240402519060325e-08,0.2289170584174674,0.2289170593061309,8.886635038951596e-10,-0.03976162069381506,-0.03976162073395112,-4.013606114128265e-11,-0.12919152915125132,-0.1291916670290873,-1.3787783598173675e-07
0.8805833333333334,1.1955555555555555,0.04,-0.7,2.0,0.3,0.04,0.01,32297,-0.1737121540928456,-0.17371214865590806,5.436937539071707e-09,0.8186858784647866,0.8186858583818011,-2.0082985496827632e-08,0.2414966053090363,0.24149660574355958,4.3452327846971173e-10,-0.03439556538644209,-0.034395565373356654,1.308543551292729e-11,-0.22228406042637885,-0.22228418405576303,-1.2362938417442848e-07
0.8916666666666667,1.1955555555555555,0.04,-0.7,2.0,0.3,0.04,0.01,32298,-0.17455234298160288,-0.17455233759122757,5.390375312774864e-09,0.8164019342504769,0.8164018999738795,-3.4276597449256485e-08,0.24170316580614595,0.24170316622901067,4.228647154658205e-10,-0.03416059004871311,-0.03416059003508457,1.3628535799892205e-11,-0.2265983108034296,-0.2265984340631759,-1.2325974629856518e-07
0.9470833333333334,1.1955555555555555,0.04,-0.7,2.0,0.3,0.04,0.01,32303,-0.178531859011382,-0.17853185386807302,5.143308973165617e-09,0.8053646100708578,0.8053645800688003,-3.000205750502971e-08,0.24241415869950822,0.24241415906054622,3.6103800504783123e-10,-0.03300161913690272,-0.03300161911841456,1.8488162389918017e-11,-0.2481816950105839,-0.24818181675187453,-1.2174129063180494e-07
1.0800833333333333,1.1955555555555555,0.04,-0.7,2.0,0.3,0.04,0.01,32315,-0.1867563879050585,-0.18675638322458946,4.680469040119206e-09,0.7813418169411168,0.7813417819750615,-3.4966055273422114e-08,0.24237449600231914,0.24237449626550944,2.631903028849081e-10,-0.030356525721336736,-0.030356525695239726,2.609700996969444e-11,-0.29988625764663934,-0.29988637773659604,-1.2008995670109712e-07
1.3128333333333333,1.1955555555555555,0.04,-0.7,2.0,0.3,0.04,0.01,32336,-0.1976020245852972,-0.19760202045135353,4.1339436596121715e-09,0.7460394316205488,0.7460393562354372,-7.53851115975479e-08,0.2385094490542361,0.23850944923829648,1.8406037805007713e-10,-0.02641731103737721,-0.026417311002882478,3.449473345851217e-11,-0.3896362295481223,-0.38963635197241836,-1.2242429603404048e-07
1.6675,1.1955555555555555,0.04,-0.7,2.0,0.3,0.04,0.01,32368,-0.2082444558230978,-0.2082444522340056,3.5890922178705154e-09,0.7028794421493068,0.7028794154743738,-2.667493292918266e-08,0.22814598434381383,0.2281459844927611,1.4894727118353046e-10,-0.02253073561393759,-0.022530735586642488,2.7295103677271726e-11,-0.5255078594992509,-0.5255079931278858,-1.3362863482413445e-07
1.76725,1.1955555555555555,0.04,-0.7,2.0,0.3,0.04,0.01,32377,-0.21038623056902211,-0.21038622710537574,3.463646369716855e-09,0.6921007773830201,0.6921007758148744,-1.568145724384351e-09,0.22483045163387144,0.2248304517798105,1.4593906638715737e-10,-0.021859772105642383,-0.021859772082795194,2.2847189418140346e-11,-0.5638070506055678,-0.5638071883488464,-1.3774327856097557e-07
1.9113333333333333,1.1955555555555555,0.04,-0.7,2.0,0.3,0.04,0.01,32390,-0.21302736800371536,-0.2130273647104895,3.2932258586804153e-09,0.677094749712559,0.6770947990035437,4.929098473827054e-08,0.219965890410935,0.2199658905654677,1.5453269219811716e-10,-0.021139762687027996,-0.021139762666175163,2.0852833348961042e-11,-0.6193411087996453,-0.6193412529871701,-1.4418752480871433e-07
1.9224166666666667,1.1955555555555555,0.04,-0.7,2.0,0.3,0.04,0.01,32391,-0.2132116221290753,-0.21321161885172735,3.2773479485825874e-09,0.6759610884921052,0.6759610575778033,-3.091430189616773e-08,0.21959131864708603,0.21959131880650187,1.5941584163847722e-10,-0.0210946827905803,-0.021094682775245805,1.5334494091190365e-11,-0.6236258111997836,-0.6236259559067862,-1.4470700260282854e-07
0.12691666666666668,1.1977777777777776,0.04,-0.7,2.0,0.3,0.04,0.01,32410,-0.05171118530190866,-0.05171117268849689,1.2613411766448923e-08,0.7057920720088262,0.7057919778809297,-9.412789647722519e-08,0.05876389826960787,0.05876389909912627,8.295183984152743e-10,-0.028035196257443495,-0.02803520101944689,-4.7620033957751495e-09,0.00028755558691140326,0.0002873525268234914,-2.0306008791185761e-07
0.138,1.1977777777777776,0.04,-0.7,2.0,0.3,0.04,0.01,32411,-0.05478951979772523,-0.05478950739673771,1.2400987514649131e-08,0.7211288642616775,0.7211287722178307,-9.20438468776652e-08,0.06569399760392863,0.06569399857206575,9.68137112145051e-10,-0.029262713352462555,-0.029262717783204654,-4.430742099603702e-09,-0.0016121686811226832,-0.0016123736164019586,-2.0493527927542728e-07
0.48158333333333336,1.1977777777777776,0.04,-0.7,2.0,0.3,0.04,0.01,32442,-0.12626206268580298,-0.12626205371939042,8.96641255687669e-09,0.8850000454696527,0.8849999907660419,-5.4703610863349184e-08,0.20629843456059643,0.20629843590323158,1.342635141954318e-09,-0.04166741538288998,-0.0416674159495198,-5.666298194539898e-10,-0.07535940758213872,-0.07535956200327114,-1.5442113242281064e-07
0.5591666666666667,1.1977777777777776,0.04,-0.7,2.0,0.3,0.04,0.01,32449,-0.13837158962699825,-0.13837158167907154,7.947926705664798e-09,0.8776289930900738,0.8776290796170202,8.652694638566771e-08,0.2190849202362427,0.21908492132596974,1.0897270308340978e-09,-0.04099261099864415,-0.0409926112100816,-2.1143745088103572e-10,-0.10053076543264233,-0.10053091069747759,-1.4526483525789669e-07
0.5813333333333334,1.1977777777777776,0.04,-0.7,2.0,0.3,0.04,0.01,32451,-0.14144100533231702,-0.14144099764797205,7.684344965896983e-09,0.8740599737044885,0.8740599015277395,-7.217674902193494e-08,0.22197792301711927,0.22197792404362868,1.0265094052552826e-09,-0.040610127455438516,-0.04061012759941472,-1.439762059574079e-10,-0.10819059573695389,-0.10819073874942692,-1.430124730306126e-07
0.67,1.1977777777777776,0.04,-0.7,2.0,0.3,0.04,0.01,32459,-0.1523399596887326,-0.15233995290282865,6.785903949868555e-09,0.8565745460153984,0.8565745496349622,3.6195637598268604e-09,0.23095594646752732,0.2309559472740466,8.065192957928957e-10,-0.0387766441698259,-0.038776644186206494,-1.6380591327802563e-11,-0.1402283063033083,-0.14022844153244887,-1.3522914057984003e-07
0.76975,1.1977777777777776,0.04,-0.7,2.0,0.3,0.04,0.01,32468,-0.16252077215457572,-0.16252076613318503,6.0213906916128934e-09,0.8347611782366648,0.8347611311835914,-4.705307343755294e-08,0.2372250265636651,0.23722502716700078,6.033356869661333e-10,-0.03659137054759509,-0.036591370537547165,1.0047927767597997e-11,-0.1779253786817099,-0.17792550724080894,-1.2855909903297658e-07
0.83625,1.1977777777777776,0.04,-0.7,2.0,0.3,0.04,0.01,32474,-0.1683599502149205,-0.1683599445907847,5.624135795967433e-09,0.8205432729113671,0.8205432497222976,-2.318906944243082e-08,0.23974595921941524,0.23974595971376406,4.943488118858141e-10,-0.035161517666013054,-0.03516151765320422,1.2808830385235837e-11,-0.20353446272660183,-0.20353458797894594,-1.2525234410754038e-07
0.8473333333333334,1.1977777777777776,0.04,-0.7,2.0,0.3,0.04,0.01,32475,-0.16927000625808347,-0.16927000069416248,5.5639209906033216e-09,0.8182397051581525,0.8182396613225666,-4.3835585827878276e-08,0.2400621520426069,0.2400621525242798,4.816728960133076e-10,-0.03492610088333056,-0.034926100871538315,1.1792247733843908e-11,-0.2078218956529966,-0.20782202043730238,-1.2478430577722577e-07
0.9249166666666667,1.1977777777777776,0.04,-0.7,2.0,0.3,0.04,0.01,32482,-0.1751914055665542,-0.17519140036947045,5.197083735586361e-09,0.8027484361267101,0.8027483274669416,-1.0865976851626158e-07,0.2415840017710308,0.2415840021576162,3.8658540257863194e-10,-0.03330331922684823,-0.033303319213920164,1.2928068338080578e-11,-0.2379042338771474,-0.23790435603151552,-1.2215436812068603e-07
1.0800833333333333,1.1977777777777776,0.04,-0.7,2.0,0.3,0.04,0.01,32496,-0.18502699020775393,-0.1850269855569416,4.650812318596209e-09,0.7751230685082433,0.7751231157649562,4.725671287619804e-08,0.24187249557595242,0.2418724958405448,2.6459237578713157e-10,-0.03023263069820703,-0.03023263066921706,2.898997014666449e-11,-0.29803294315788875,-0.29803306302844135,-1.198705525951027e-07
1.335,1.1977777777777776,0.04,-0.7,2.0,0.3,0.04,0.01,32519,-0.19680024395313245,-0.19680023988663883,4.0664936140633046e-09,0.7375885735516619,0.7375884744089701,-9.91426917229532e-08,0.23760310475347962,0.23760310493434295,1.808633243172153e-10,-0.026014815385777545,-0.02601481535469344,3.108410404073503e-11,-0.3959626808159103,-0.3959628033899451,-1.2257403481097384e-07
1.5234166666666666,1.1977777777777776,0.04,-0.7,2.0,0.3,0.04,0.01,32536,-0.2029836956208425,-0.2029836918533914,3.767451101088781e-09,0.7142618579925042,0.7142618617377606,3.7452564383144704e-09,0.23242444665883683,0.23242444681355637,1.5471954273316157e-10,-0.02374210627497514,-0.02374210624062922,3.4345918470402026e-11,-0.4679057333258768,-0.4679058612321165,-1.2790623971081772e-07
1.7894166666666667,1.1977777777777776,0.04,-0.7,2.0,0.3,0.04,0.01,32560,-0.20929707294510547,-0.2092970695253982,3.4197072673602946e-09,0.6851840317345648,0.6851840852230014,5.348843667984937e-08,0.22385667434315915,0.22385667449341462,1.502554747290219e-10,-0.021687663864372597,-0.0216876638424362,2.1936397143207387e-11,-0.5696263775535961,-0.5696265157628004,-1.3820920430340777e-07
2.0,1.1977777777777776,0.04,-0.7,2.0,0.3,0.04,0.01,32579,-0.21295593704808574,-0.21295593387404882,3.1740369221822107e-09,0.6638503101397131,0.66385030306728,-7.072433083621377e-09,0.216792092406215,0.2167920925703718,1.641567992649584e-10,-0.02077984049504711,-0.020779840478771017,1.627609158560972e-11,-0.6507533548910649,-0.6507535027504147,-1.4785934976391246e-07
0.12691666666666668,1.2,0.04,-0.7,2.0,0.3,0.04,0.01,32591,-0.05016126932055193,-0.050161257058753246,1.2261798680579528e-08,0.6892092542509776,0.6892091816613946,-7.258958301115115e-08,0.058059900551916954,0.05805990134952335,7.976063975956293e-10,-0.027400885166811717,-0.027400889914699744,-4.747888027178959e-09,0.0007026116000466431,0.0007024088302346171,-2.0276981202601001e-07
0.31533333333333335,1.2,0.04,-0.7,2.0,0.3,0.04,0.01,32608,-0.0905513901328786,-0.09055137942203349,1.0710845113615086e-08,0.8243038973620997,0.8243038740889808,-2.327311898753237e-08,0.15664701928316122,0.1566470212128038,1.92964258460826e-09,-0.03481936682949577,-0.03481936662693233,2.0256343824520684e-10,-0.03377663088752897,-0.03377681639135766,-1.8550382869381155e-07
0.3264166666666667,1.2,0.04,-0.7,2.0,0.3,0.04,0.01,32609,-0.09299830818286503,-0.0929982975402102,1.064265482686455e-08,0.8313802757342614,0.8313802029314548,-7.280280667210093e-08,0.16103340821232298,0.16103341012648495,1.914161967819794e-09,-0.035557716122833205,-0.03555771618945286,-6.661965423759852e-11,-0.03588975427640251,-0.035889937134352005,-1.8285794949751688e-07
0.44833333333333336,1.2,0.04,-0.7,2.0,0.3,0.04,0.01,32620,-0.11837351749879876,-0.11837350821018121,9.288617555669454e-09,0.8718907901217321,0.8718906531216025,-1.3700012957418295e-07,0.19812522217776962,0.19812522364230992,1.4645402945934194e-09,-0.041000304447161295,-0.04100030519473868,-7.475773819431986e-10,-0.06475275297828514,-0.06475291229334348,-1.5931505834010373e-07
0.4926666666666667,1.2,0.04,-0.7,2.0,0.3,0.04,0.01,32624,-0.12618294950649672,-0.12618294081614972,8.690346997575205e-09,0.872927779366206,0.8729277629412854,-1.6424920645796703e-08,0.2073341363340031,0.20733413763140213,1.2973990215492393e-09,-0.04129203035895673,-0.04129203086819806,-5.092413296603482e-10,-0.07785986839273229,-0.07786002151645091,-1.5312371862141738e-07
0.63675,1.2,0.04,-0.7,2.0,0.3,0.04,0.01,32637,-0.14657916736642712,-0.14657916034322552,7.023201603617579e-09,0.8541360806135767,0.8541359532844496,-1.2732912713087075e-07,0.22713456292382944,0.22713456380712294,8.832934939029258e-10,-0.039229109605742885,-0.039229109652677584,-4.6934699182710204e-11,-0.1268091416729497,-0.1268092796524146,-1.3797946488147694e-07
0.7365,1.2,0.04,-0.7,2.0,0.3,0.04,0.01,32646,-0.1574721630658027,-0.1574721568723145,6.1934881945280296e-09,0.83375246429096,0.8337524832111062,1.8920146227507928e-08,0.2347263319237361,0.23472633258975156,6.660154650006689e-10,-0.037096659911764474,-0.03709665990454254,7.221931386247604e-12,-0.16388018159334272,-0.16388031212410042,-1.3053075770264044e-07
0.936,1.2,0.04,-0.7,2.0,0.3,0.04,0.01,32664,-0.17420599256960656,-0.17420598746006993,5.109536627134759e-09,0.7937888638065438,0.7937888485168004,-1.5289743360291652e-08,0.2411107008954208,0.24111070126570547,3.7028466404187554e-10,-0.03291874755173563,-0.03291874753826384,1.3471786186602941e-11,-0.24055764652586298,-0.24055776824705424,-1.2172119126518943e-07
1.1576666666666666,1.2,0.04,-0.7,2.0,0.3,0.04,0.01,32684,-0.1874256355238399,-0.18742563111009553,4.4137443699909795e-09,0.7568983460826129,0.7568983706027677,2.4520154795482085e-08,0.2405870622726805,0.24058706249957793,2.2689741752124348e-10,-0.02871126049460576,-0.02871126046753709,2.7068670221952473e-11,-0.3260099142685796,-0.32601003399151646,-1.1972293684214819e-07
1.36825,1.2,0.04,-0.7,2.0,0.3,0.04,0.01,32703,-0.19639899627180157,-0.19639899228441338,3.987388197401742e-09,0.7279144065286403,0.7279143933712067,-1.3157433587096534e-08,0.23641442533643003,0.23641442551371344,1.7728341017431148e-10,-0.025479920465858175,-0.02547992043025777,3.5600404568736366e-11,-0.40646224260604963,-0.4064623656095152,-1.2300346557969632e-07
1.7450833333333333,1.2,0.04,-0.7,2.0,0.3,0.04,0.01,32737,-0.2068688498791868,-0.2068688464215475,3.4576393137530914e-09,0.6851973495536345,0.6851972795832197,-6.997041479550603e-08,0.22509159220498315,0.22509159235415382,1.4917067581166066e-10,-0.02190254336485037,-0.021902543341855187,2.299518214732288e-11,-0.5499827646051475,-0.5499829004558704,-1.3585072289323818e-07
1.7783333333333333,1.2,0.04,-0.7,2.0,0.3,0.04,0.01,32740,-0.20755668850888642,-0.20755668508855302,3.4203334053906076e-09,0.6817698225414226,0.6817698355222902,1.2980867603040736e-08,0.22399233934718155,0.22399233949506453,1.4788298363654917e-10,-0.021705676920766304,-0.021705676898580998,2.2185305675881395e-11,-0.5626922737273984,-0.5626924109764347,-1.372490363582557e-07
2.0,1.2,0.04,-0.7,2.0,0.3,0.04,0.01,32760,-0.21148540629033208,-0.21148540313137795,3.1589541260590437e-09,0.6596305140993408,0.6596305205423507,6.443009903378538e-09,0.2166033371055892,0.21660333726767833,1.6208911990389652e-10,-0.020745592502723065,-0.020745592487333004,1.5390060753572854e-11,-0.6478403497496565,-0.6478404970680941,-1.4731843755999563e-07
