epoch,optimizer,lr,train_total,train_pde,train_term,train_low,train_no_arbitrage,val_total,val_pde,val_term,val_low,val_no_arbitrage
1,adam,0.001,0.271708847489208,0.02810397869325243,0.12115166266448796,0.12245320691727102,0.0,0.0792434960603714,0.004864862654358149,0.05643045902252197,0.017948174849152565,0.0
2,adam,0.001,0.048029348254203796,0.005752680604928173,0.030426517711021006,0.01185014980728738,0.0,0.04134895280003548,0.0031888156663626432,0.03494277969002724,0.0032173586077988148,0.0
3,adam,0.001,0.035543533973395824,0.0033756118500605226,0.027198999072425067,0.004968922890839167,0.0,0.03102595917880535,0.002384959254413843,0.02448117546737194,0.0041598244570195675,0.0
4,adam,0.001,0.030696522444486618,0.002794758343952708,0.024437716114334762,0.0034640479570953175,0.0,0.02844836376607418,0.0036304774694144726,0.020723985508084297,0.004093899857252836,0.0
5,adam,0.001,0.028307063272222877,0.003952981671318412,0.021281644701957703,0.0030724369498784654,0.0,0.02688262239098549,0.005175694823265076,0.019726544618606567,0.0019803831819444895,0.0
6,adam,0.001,0.026499628671444952,0.005336447327863425,0.018662010319530964,0.0025011712568812072,0.0,0.025301493704319,0.006188131403177977,0.017127398401498795,0.001985962502658367,0.0
7,adam,0.001,0.025616699247621,0.006401283229934052,0.016916971129830927,0.002298444844200276,0.0,0.024602046236395836,0.006181554868817329,0.016560161486268044,0.001860330463387072,0.0
8,adam,0.001,0.024294921779073775,0.006395639677066356,0.015772184764500707,0.0021270970537443645,0.0,0.023188218474388123,0.006616777740418911,0.014879065565764904,0.0016923743532970548,0.0
9,adam,0.001,0.02265148120932281,0.0064939550356939435,0.01419771381188184,0.0019598123981268145,0.0,0.021675098687410355,0.007321537472307682,0.012757540680468082,0.0015960198361426592,0.0
10,adam,0.001,0.020538452779874206,0.006247361423447728,0.01227949804160744,0.002011593503993936,0.0,0.018334489315748215,0.006445637904107571,0.010280230082571507,0.0016086214454844594,0.0
11,adam,0.001,0.0163681129924953,0.005603344994597137,0.009160149813396856,0.0016046181845013052,0.0,0.014333984814584255,0.004914708435535431,0.007572473026812077,0.001846803119406104,0.0
12,adam,0.001,0.012402574240695685,0.005000229517463595,0.006045668269507587,0.0013566764937422704,0.0,0.011582912877202034,0.005238663405179977,0.005110155325382948,0.001234093215316534,0.0
13,adam,0.001,0.008805764518911019,0.0038498325156979263,0.0037732652272097766,0.001182666852400871,0.0,0.006277172826230526,0.003089368576183915,0.002576936734840274,0.000610867515206337,0.0
14,adam,0.001,0.004992431771825068,0.0024900354619603604,0.0018549676897237077,0.0006474286183220102,0.0,0.0037106662057340145,0.0019054864533245564,0.0013661067932844162,0.0004390729300212115,0.0
15,adam,0.001,0.0030808553710812703,0.0016978340499917977,0.0009412924555363134,0.00044172885100124404,0.0,0.0025252224877476692,0.0014251101529225707,0.0007738035055808723,0.0003263089747633785,0.0
16,adam,0.001,0.0023068069567671046,0.0012834186782129109,0.0007010066110524349,0.00032238165294984356,0.0,0.002172337844967842,0.0011660399613901973,0.0007197250961326063,0.00028657278744503856,0.0
17,adam,0.001,0.0019877638114849105,0.0010308676319255028,0.0006843496266810689,0.0002725465838011587,0.0,0.0018672631122171879,0.000926756183616817,0.00070775649510324,0.00023275049170479178,0.0
18,adam,0.001,0.001801718884962611,0.0008700872713234276,0.0006970217000343837,0.00023460990814783145,0.0,0.0017387537518516183,0.0008365242392756045,0.0006953217089176178,0.0002069079055218026,0.0
19,adam,0.001,0.0017184694806928746,0.0007892549729149323,0.0007008261673036031,0.0002283883404743392,0.0,0.0016542262164875865,0.0007517635240219533,0.0006981227779760957,0.00020434000180102885,0.0
20,adam,0.001,0.001619328759261407,0.0007343069737544283,0.0006832090512034483,0.00020181275976938196,0.0,0.0016422785120084882,0.0007193291676230729,0.0007388475351035595,0.00018410191114526242,0.0
21,adam,0.001,0.001592303866345901,0.0006872846315673087,0.0007121643830032554,0.0001928548463183688,0.0,0.0016062662471085787,0.0006604313384741545,0.000732086249627173,0.00021374861535150558,0.0
22,adam,0.001,0.0016792504029581323,0.0006612106662942097,0.0007838463352527469,0.00023419340232067043,0.0,0.0016036477172747254,0.0006297884392552078,0.000818506523501128,0.0001553527981741354,0.0
23,adam,0.001,0.001590208979905583,0.0006319143139990047,0.0007520082654082216,0.0002062864123217878,0.0,0.0015185177326202393,0.0006275225896388292,0.0007389062084257603,0.00015208892000373453,0.0
24,adam,0.001,0.0015238271225825883,0.0005905446341785137,0.0007502842709072866,0.00018299823022971395,0.0,0.0014689600793644786,0.0005616390844807029,0.0007658766699023545,0.00014144422311801463,0.0
25,adam,0.001,0.0013946868348284625,0.0005635640663967934,0.000687887233652873,0.0001432355193173862,0.0,0.0013960932847112417,0.0005516256205737591,0.000712069624569267,0.00013239792315289378,0.0
26,adam,0.001,0.0013718648770009167,0.0005482601081894245,0.000688681237079436,0.000134923532641551,0.0,0.001403790432959795,0.0005504147266037762,0.0007280404097400606,0.00012533526751212776,0.0
27,adam,0.001,0.0013324578103492968,0.0005180945354368305,0.0006834374034951907,0.0001309258514083922,0.0,0.0013697673566639423,0.0005346695543266833,0.000717800809070468,0.0001172970951301977,0.0
28,adam,0.001,0.001375456624373328,0.0005106020144012291,0.0007155924831749871,0.00014926212270438555,0.0,0.0014624226605519652,0.0004802835755981505,0.000824819493573159,0.000157319605932571,0.0
29,adam,0.001,0.0013178923618397675,0.0004941555725963553,0.0006890238910273183,0.00013471289048538893,0.0,0.0012949022930115461,0.0005036043003201485,0.0006909836665727198,0.00010031442070612684,0.0
30,adam,0.001,0.0018383870119578205,0.000518956108862767,0.0009832708929025102,0.0003361600070093118,0.0,0.001863526413217187,0.0006159782060422003,0.0009783649584278464,0.00026918324874714017,0.0
31,adam,0.001,0.0015563870620098896,0.0005053210061305435,0.0008179738542821724,0.0002330921997781843,0.0,0.0013323021121323109,0.0005084071890451014,0.0006864391616545618,0.00013745571777690202,0.0
32,adam,0.001,0.001337991729087662,0.00046056955943640787,0.0007219335457193665,0.0001554886503072339,0.0,0.0014875801280140877,0.0004565716371871531,0.0007319164578802884,0.00029909206205047667,0.0
33,adam,0.001,0.0014686930662719533,0.0004655104366975138,0.0008090980991255492,0.0001940845377248479,0.0,0.001285923644900322,0.00046011910308152437,0.000703867815900594,0.00012193669681437314,0.0
34,adam,0.001,0.0012583179995999672,0.00043506213114596903,0.0006903144530951977,0.00013294141263031634,0.0,0.0014430400915443897,0.00045243671047501266,0.0008070305921137333,0.000183572803507559,0.0
35,adam,0.001,0.0012685331821558066,0.0004366846078482922,0.0006919258885318413,0.00013992269578011474,0.0,0.0014820132637396455,0.00046838721027597785,0.0007861156482249498,0.00022751034703105688,0.0
36,adam,0.001,0.0013115833571646363,0.0004406568950798828,0.000724008095858153,0.0001469183439439803,0.0,0.001575521077029407,0.0004548540455289185,0.0008355318568646908,0.00028513523284345865,0.0
37,adam,0.001,0.0019315935642225668,0.00044897398220200557,0.0011110405757790431,0.0003715790326168644,0.0,0.0017102001002058387,0.00039389540324918926,0.0010117797646671534,0.0003045249031856656,0.0
38,adam,0.001,0.0017235958730452694,0.0004232506144035142,0.0009763153138919733,0.0003240299674871494,0.0,0.0012955237179994583,0.0004548964207060635,0.0007087102858349681,0.00013191693869885057,0.0
39,adam,0.001,0.0013972836241009645,0.0004120931789657334,0.0007738069725746755,0.00021138347756277653,0.0,0.0013357410207390785,0.00038881340879015625,0.0007407828816212714,0.0002061447303276509,0.0
40,adam,0.001,0.0012236129841767251,0.0004065511584485648,0.0006793320608267095,0.00013772977581538726,0.0,0.001107243588194251,0.0003959611349273473,0.0006036768318153918,0.00010760559962363914,0.0
41,adam,0.001,0.001077223878382938,0.00038861615576024633,0.0006037172061041929,8.489051469950937e-05,0.0,0.0011696979636326432,0.0003834516101051122,0.0007052681175991893,8.097827958408743e-05,0.0
42,adam,0.001,0.0010678777325665578,0.0003880066960846307,0.0005947801510046702,8.509088956998312e-05,0.0,0.0011493283091112971,0.00041235037497244775,0.0006435754476115108,9.34024719754234e-05,0.0
43,adam,0.001,0.001113769380026497,0.0004200448802293977,0.0005980870046187192,9.563748244545422e-05,0.0,0.001164410961791873,0.0004364056221675128,0.0006258354405872524,0.00010216986993327737,0.0
44,adam,0.001,0.0015376963929156773,0.0004077715002495097,0.0008756180941418279,0.0002543067926126241,0.0,0.0011039612581953406,0.0004061476211063564,0.000602490094024688,9.532356489216909e-05,0.0
45,adam,0.001,0.001622949872398749,0.0004000693661510013,0.0009343864148831926,0.00028849410819020704,0.0,0.0015167611418291926,0.0005528769688680768,0.0006820771959610283,0.0002818069187924266,0.0
46,adam,0.001,0.0014209038781700656,0.00042802857569768094,0.0007390054706775118,0.00025386981815245235,0.0,0.0010874017607420683,0.00036257170722819865,0.0006452013622038066,7.962862582644448e-05,0.0
47,adam,0.001,0.001062130366335623,0.0003805201904469868,0.0005878396732441615,9.377051128467428e-05,0.0,0.0014295685105025768,0.0003644079843070358,0.0009072160464711487,0.00015794449427630752,0.0
48,adam,0.001,0.0012367697127046995,0.0003813891271420289,0.0006976931290409993,0.00015768745288369246,0.0,0.0010911242570728064,0.0004258266417309642,0.0005833183531649411,8.197920396924019e-05,0.0
49,adam,0.001,0.001077141354471678,0.0003947483255615225,0.000590901414398104,9.149161178356735e-05,0.0,0.001247575506567955,0.0003652569721452892,0.0007631875923834741,0.00011913098569493741,0.0
50,adam,0.001,0.0011826147710962687,0.00035775535434368066,0.0006703897543047788,0.00015446966608578805,0.0,0.0023242749739438295,0.00034977329778485,0.0012716002529487014,0.0007029013941064477,0.0
51,adam,0.001,0.0015169418329605833,0.00038835531995573547,0.0008251787730841897,0.0003034077590200468,0.0,0.001072248793207109,0.00037949730176478624,0.0005801159422844648,0.00011263556370977312,0.0
52,adam,0.001,0.0013351286252145655,0.0003871283261105418,0.0006971356961003039,0.00025086458708756254,0.0,0.0010650919284671545,0.0003636266337707639,0.0006095771677792072,9.188808326143771e-05,0.0
53,adam,0.001,0.0011740500522137154,0.0003484339194983477,0.0006731278572260635,0.0001524882709418307,0.0,0.001128081465139985,0.00039667871897108853,0.0006185390520840883,0.00011286375229246914,0.0
54,adam,0.001,0.0011290317925158888,0.00034123137993447017,0.0006552373561135028,0.00013256303441266937,0.0,0.0009937025606632233,0.00036096031544730067,0.0005603450699709356,7.239723345264792e-05,0.0
55,adam,0.001,0.0012797209165000822,0.00041673844498291146,0.0007051518259686418,0.000157830654643476,0.0,0.0011196262203156948,0.0004367866786196828,0.000585860398132354,9.697909990791231e-05,0.0
56,adam,0.001,0.0010819139097293373,0.00036886076304654125,0.0005890922366234008,0.00012396090050970088,0.0,0.0011579106794670224,0.00041917964699678123,0.0005984860472381115,0.00014024491247255355,0.0
57,adam,0.001,0.0011294391770206857,0.0003716715254995506,0.0005955299420747906,0.00016223772513512813,0.0,0.001196679542772472,0.000364257168257609,0.0006500004674308002,0.00018242187798023224,0.0
58,adam,0.001,0.0013253852994239423,0.00035609905171440914,0.0007480969252355862,0.00022118931428849464,0.0,0.0015525087947025895,0.00045589060755446553,0.0007934494642540812,0.0003031686646863818,0.0
59,adam,0.001,0.001066708948201267,0.00036825881215918344,0.0005781423624284798,0.00012030777088511968,0.0,0.0010462746722623706,0.00036752261803485453,0.0006222815136425197,5.6470500567229465e-05,0.0
60,adam,0.001,0.001038402089761803,0.00035752758594753686,0.0005470084688568022,0.00013386603313847445,0.0,0.0011379884090274572,0.00032334227580577135,0.0007027838728390634,0.00011186229676241055,0.0
61,adam,0.001,0.0010753562892205082,0.00034244971720909234,0.0005863317164767068,0.00014657486917712959,0.0,0.0013186547439545393,0.0003534116840455681,0.0008842975948937237,8.094547956716269e-05,0.0
62,adam,0.001,0.0010959593746520113,0.00034027232868538704,0.0005940297887718771,0.00016165726083272602,0.0,0.0014469441957771778,0.0004393582057673484,0.0006721557583659887,0.00033543026074767113,0.0
63,adam,0.001,0.0014044922136235982,0.00034294808756385464,0.0007799352752044797,0.000281608871773642,0.0,0.0009761060937307775,0.00032623825245536864,0.000557859952095896,9.200788190355524e-05,0.0
64,adam,0.001,0.0011594061070354655,0.0003458651408436708,0.0006435795949073508,0.00016996136082525481,0.0,0.001094797276891768,0.0003236286574974656,0.000604615022893995,0.00016655356739647686,0.0
65,adam,0.001,0.0009461874760745559,0.00031035454776429106,0.000527610751305474,0.00010822217564054881,0.0,0.001095427549444139,0.00032023098901845515,0.000662314472720027,0.00011288208042969927,0.0
66,adam,0.001,0.0009580680489307269,0.0003387850483704824,0.0005228893205639906,9.639368954594829e-05,0.0,0.0009628451662138104,0.00034752715146169066,0.000542334804777056,7.298321725102141e-05,0.0
67,adam,0.001,0.0014249542000470683,0.00031987057082005776,0.0007812325238774065,0.0003238511076233408,0.0,0.0014357278123497963,0.0003336334484629333,0.0009495344711467624,0.0001525599363958463,0.0
68,adam,0.001,0.0009752748010214418,0.0003016124464920722,0.0005432322304841364,0.00013043012518210162,0.0,0.0009431943763047457,0.00029415232711471617,0.0005160783184692264,0.00013296378892846406,0.0
69,adam,0.001,0.0009212808690790553,0.00031004440097603947,0.0005041546683060005,0.00010708179979701526,0.0,0.0008884822018444538,0.0003299351374153048,0.0004709062341134995,8.764084486756474e-05,0.0
70,adam,0.001,0.0009259751241188496,0.0003085271346208174,0.0005076425477454904,0.00010980543947880506,0.0,0.001205766573548317,0.00040174773312173784,0.000647858832962811,0.0001561599492561072,0.0
71,adam,0.001,0.0011646528655546717,0.00033709733543219045,0.0006304109465418151,0.00019714458153430314,0.0,0.0025050186086446047,0.0004231401835568249,0.001320679672062397,0.0007611987530253828,0.0
72,adam,0.001,0.0018150411633541808,0.0003331082480144687,0.0009638146348152077,0.0005181182809792517,0.0,0.001448310911655426,0.00029099706443957984,0.0006730355089530349,0.0004842782800551504,0.0
73,adam,0.001,0.0011485083996376488,0.00031819596188142896,0.000594764058405417,0.00023554837389383465,0.0,0.0009135684231296182,0.00029410028946585953,0.0005088243633508682,0.00011064382124459371,0.0
74,adam,0.001,0.000975147671852028,0.000285550417174818,0.0005574643946602009,0.00013213286320024054,0.0,0.0010692147770896554,0.00035236330586485565,0.0006055961130186915,0.00011125532182632014,0.0
75,adam,0.001,0.0008618613101134542,0.0002904348439187743,0.0005003161568311043,7.11102959485288e-05,0.0,0.0012458175187930465,0.00028315657982602715,0.0008549374178983271,0.00010772353562060744,0.0
76,adam,0.001,0.0011635772680165246,0.0002846644383680541,0.0007107827041181736,0.0001681301259850443,0.0,0.0009778916137292981,0.0002822544192895293,0.0005917359376326203,0.00010390127135906368,0.0
77,adam,0.001,0.0009009859204525128,0.00029599057415907737,0.0005063958451501094,9.859949295787374e-05,0.0,0.000826008734293282,0.00029536220245063305,0.0004426900704856962,8.795642497716472e-05,0.0
78,adam,0.001,0.0007703101255174261,0.00027616626903181896,0.0004131237747060368,8.102009041976999e-05,0.0,0.0007297167903743684,0.0002657438744790852,0.0004202493582852185,4.372356124804355e-05,0.0
79,adam,0.001,0.0007153192927944474,0.000266823928541271,0.00039770348303136416,5.079188804302248e-05,0.0,0.0007491133874282241,0.00026552120107226074,0.00044048871495760977,4.310348231229e-05,0.0
80,adam,0.001,0.0007263290826813318,0.0002757235188255436,0.0003946574761357624,5.594807817033143e-05,0.0,0.0007161980029195547,0.00026478004292584956,0.0004190955660305917,3.232239396311343e-05,0.0
81,adam,0.001,0.0010438988683745265,0.0002869896043193876,0.0006217948175617494,0.00013511444399227912,0.0,0.0013859199825674295,0.0002834619954228401,0.0006314421189017594,0.0004710158391389996,0.0
82,adam,0.001,0.0011711274382832926,0.0003006430124514736,0.0006521330506075174,0.00021835136976733338,0.0,0.0013159069931134582,0.00026160693960264325,0.0010201429249718785,3.41570885211695e-05,0.0
83,adam,0.001,0.0011507632589200512,0.0003194916562279104,0.0006991093905526213,0.00013216221373113513,0.0,0.0008416338241659105,0.00031607397249899805,0.0004243879811838269,0.00010117185593117028,0.0
84,adam,0.001,0.0009424532690900378,0.0002837308311427478,0.0005225347613304621,0.00013618768070955412,0.0,0.0022189903538674116,0.00027240946656093,0.001693512313067913,0.00025306851603090763,0.0
85,adam,0.001,0.001053629835951142,0.0002754345496214228,0.0006243254720175173,0.00015386981135634414,0.0,0.0007696133106946945,0.00027861000853590667,0.00043549531255848706,5.5507967772427946e-05,0.0
86,adam,0.001,0.0006797820133215282,0.00023980012883839663,0.0003902769331034506,4.970495683664922e-05,0.0,0.000679279793985188,0.00024946127086877823,0.00038834745646454394,4.1471110307611525e-05,0.0
87,adam,0.001,0.000719165887858253,0.00024467218281643,0.00039121430927480105,8.327939656282979e-05,0.0,0.0007942047086544335,0.00023189777857623994,0.0004207589663565159,0.00014154792006593198,0.0
88,adam,0.001,0.00078363553257077,0.0002587234848761,0.0004161144588579191,0.00010879759634008224,0.0,0.0006696097552776337,0.00025045874645002186,0.0003843080485239625,3.484296757960692e-05,0.0
89,adam,0.001,0.0008984005289676134,0.00025833102517935913,0.0005374894135456998,0.00010258007500851818,0.0,0.0016888589598238468,0.00034263363340869546,0.0007197114173322916,0.0006265140254981816,0.0
90,adam,0.001,0.0013722276053158566,0.0003164054542139638,0.0006372418010869296,0.00041858035774566815,0.0,0.000805784307885915,0.00025218637892976403,0.0004679689009208232,8.562902075937018e-05,0.0
91,adam,0.001,0.0008040587999857962,0.00024558953100495273,0.00046912324796721805,8.934601783039398e-05,0.0,0.000869169132784009,0.0002368131827097386,0.0005266727530397475,0.00010568319703452289,0.0
92,adam,0.001,0.0006817043649789412,0.0002318021370228962,0.0003952589449909283,5.4643291150568984e-05,0.0,0.0006769912433810532,0.00023794268781784922,0.00039408006705343723,4.496849942370318e-05,0.0
93,adam,0.001,0.0009641892975196242,0.0002740033751251758,0.0005241343078523641,0.000166051624546526,0.0,0.002479292917996645,0.0005077592213638127,0.0009616939350962639,0.0010098398197442293,0.0
94,adam,0.001,0.0016205855099542532,0.00034450912335159956,0.0008199224812415196,0.000456153920822544,0.0,0.0007211972842924297,0.00022106121468823403,0.000444097095169127,5.6038978073047474e-05,0.0
95,adam,0.001,0.0007805086825101171,0.00022651534709439147,0.00044735010305885226,0.00010664324190656771,0.0,0.0007079641218297184,0.00021273698075674474,0.0004165065474808216,7.872054993640631e-05,0.0
96,adam,0.001,0.0007049618761811871,0.00022136400730232708,0.00042681961349444464,5.677825595284958e-05,0.0,0.0006639924831688404,0.00021232118888292462,0.00039826222928240895,5.340906500350684e-05,0.0
97,adam,0.001,0.0006230283543118276,0.00021466681391757447,0.00036163673576083966,4.6724806452402845e-05,0.0,0.0007887971005402505,0.0002155726688215509,0.0005366909899748862,3.6533430829877034e-05,0.0
98,adam,0.001,0.0008576783257012721,0.00021639234910253435,0.0005378111163736321,0.0001034748543133901,0.0,0.0006968249217607081,0.00022282144345808774,0.00038461037911474705,8.939309191191569e-05,0.0
99,adam,0.001,0.0008086549969448242,0.00022609062671108404,0.0004711461951956153,0.00011141817140014609,0.0,0.0008356898906640708,0.00025879021268337965,0.00045106210745871067,0.00012583757052198052,0.0
100,adam,0.001,0.0009035833354573697,0.00023070729093888076,0.0005532461236725794,0.00011962993448833004,0.0,0.001094425213523209,0.0002954029478132725,0.0007185260765254498,8.049624011619017e-05,0.0
101,adam,0.001,0.0009009654349938501,0.0002483666457919753,0.0004935470624332083,0.00015905170585028827,0.0,0.0007336711278185248,0.0002382109669269994,0.00041068412247113883,8.477599476464093e-05,0.0
102,adam,0.001,0.000769866175687639,0.0002232322758572991,0.0004486452635319438,9.798863766263821e-05,0.0,0.000784384086728096,0.0003126250230707228,0.0003784960717894137,9.326297004008666e-05,0.0
103,adam,0.001,0.001028301292535616,0.00027019762183044804,0.0005317802679201122,0.0002263234064230346,0.0,0.0013054804876446724,0.00028488488169386983,0.0005908642197027802,0.0004297313862480223,0.0
104,adam,0.001,0.0014971853051974904,0.00027530295938049676,0.0010151370570383733,0.00020674531901931914,0.0,0.001915874076075852,0.00022728394833393395,0.0015909512294456363,9.76388982962817e-05,0.0
105,adam,0.001,0.001321045114309527,0.0002594746783870505,0.00084468032582663,0.00021689008144676336,0.0,0.0008789027342572808,0.00021096116688568145,0.0004191674233879894,0.0002487741003278643,0.0
106,adam,0.001,0.00081794366997201,0.00021157311402930645,0.00046679483239131514,0.0001395757305999723,0.0,0.0007157510844990611,0.00022019754396751523,0.00042578947613947093,6.976412259973586e-05,0.0
107,adam,0.001,0.0006376834498951212,0.00020963596307410626,0.00037189863360254094,5.614885503746336e-05,0.0,0.0007166822906583548,0.00020077454973943532,0.0004352442338131368,8.066350710578263e-05,0.0
108,adam,0.001,0.0005982293514534831,0.0002013224711845396,0.00034693119414441753,4.9975685556091776e-05,0.0,0.0007772951503284276,0.000199064175831154,0.0005032183253206313,7.501261279685423e-05,0.0
109,adam,0.001,0.0007401789007417392,0.0002084447232846287,0.0004592847399180755,7.244944799822406e-05,0.0,0.0009110517567023635,0.00021790462778881192,0.0005112984217703342,0.00018184867803938687,0.0
110,adam,0.001,0.0007667960453545675,0.00021449226733238902,0.0004608336184901418,9.147016555743903e-05,0.0,0.0007401696057058871,0.00019102630903944373,0.0004913135198876262,5.782978405477479e-05,0.0
111,adam,0.001,0.0007666392921237275,0.00020306895112298662,0.0004655969805753557,9.79733722488163e-05,0.0,0.0009056457784026861,0.00020804107771255076,0.0005450954777188599,0.000152509193867445,0.0
112,adam,0.001,0.0008075692821876146,0.0002099337798426859,0.0004402176200528629,0.00015741788911327603,0.0,0.0005939948023296893,0.00017783534713089466,0.00036039954284206033,5.5759937822585925e-05,0.0
113,adam,0.001,0.0010636344632075634,0.00020765561203006655,0.0005842373539053369,0.00027174147908226587,0.0,0.0008739581098780036,0.00022304141020867974,0.0005217549041844904,0.00012916179548483342,0.0
114,adam,0.001,0.0008596659972681664,0.0002383255678068963,0.00045966006109665614,0.0001616803792785504,0.0,0.000774913642089814,0.0002468310995027423,0.0003989634569734335,0.00012911908561363816,0.0
115,adam,0.001,0.000983651123533491,0.00021425157865451183,0.0005338283535820665,0.0002355711951622652,0.0,0.001065362012013793,0.00018805527361109853,0.00046854669926688075,0.0004087600973434746,0.0
116,adam,0.001,0.000758155914809322,0.00020191544444969622,0.0004509436748776352,0.00010529679116189072,0.0,0.000806802767328918,0.00023730186512693763,0.00046197709161788225,0.00010752380330814049,0.0
117,adam,0.001,0.0007770261690893676,0.00020892430165986298,0.00045996606058906764,0.00010813580661306332,0.0,0.001011416781693697,0.00022432435071095824,0.0005996157415211201,0.0001874767040135339,0.0
118,adam,0.001,0.0008678576159582008,0.00019858137693518074,0.0005014282032789197,0.0001678480286955164,0.0,0.0006708985310979187,0.0002161028969567269,0.0003664209507405758,8.837467612465844e-05,0.0
119,adam,0.001,0.0006826509525126312,0.00020779171791218687,0.00038785335345892236,8.7005873410817e-05,0.0,0.0006935918354429305,0.00021166227816138417,0.0004073302843607962,7.459927292075008e-05,0.0
120,adam,0.001,0.0008405971784668509,0.00019915125903935404,0.0005207644517213339,0.00012068146656929457,0.0,0.0005324904341250658,0.0001864796067820862,0.0003090141399297863,3.699668013723567e-05,0.0
121,adam,0.001,0.0006574328726856038,0.00021470342835527845,0.00033927862023119815,0.00010345081864215899,0.0,0.0006339683313854039,0.00018639580230228603,0.00034082081401720643,0.00010675174416974187,0.0
122,adam,0.001,0.0006200746611284558,0.0001948904991877498,0.0003532938408170594,7.189032021415187e-05,0.0,0.0005194409168325365,0.0001834689755924046,0.00031652915640734136,1.9442837583483197e-05,0.0
123,adam,0.001,0.0009183326765196398,0.0002071855360554764,0.00042113460585824214,0.0002900125257383479,0.0,0.0006154161528684199,0.00019495775632094592,0.00035211307113058865,6.834534724475816e-05,0.0
124,adam,0.001,0.0006899985492054839,0.00021606753944070078,0.0003367411009094212,0.00013718991453970375,0.0,0.0009538308368064463,0.00021389515313785523,0.000387948181014508,0.00035198748810216784,0.0
125,adam,0.001,0.0012961348766111769,0.0002345036991755478,0.0008580471676395973,0.0002035839843301801,0.0,0.0018669329583644867,0.00024260825011879206,0.0014117315877228975,0.00021259317873045802,0.0
126,adam,0.001,0.0010469170701981056,0.00021422172358143143,0.0006577646472578635,0.0001749307093632524,0.0,0.0007573986076749861,0.00022084171359892935,0.00041160418186336756,0.00012495268310885876,0.0
127,adam,0.001,0.0006812842402723618,0.00020743429649883183,0.0003713283222168684,0.0001025216183734301,0.0,0.000657417403999716,0.0001959198561962694,0.00040548466495238245,5.601286102319136e-05,0.0
128,adam,0.001,0.0006017613923177123,0.0001952379980139085,0.00033819775489973836,6.832564235992322e-05,0.0,0.0006280794041231275,0.0001722754823276773,0.00039719100459478796,5.861288445885293e-05,0.0
129,adam,0.001,0.0007165104016166879,0.00018513243594497908,0.00039247543554665754,0.00013890254001580615,0.0,0.0006911634700372815,0.00020970711193513125,0.0004085804393980652,7.287591870408505e-05,0.0
130,adam,0.001,0.0006782127529731952,0.00019463544231257401,0.0004157453149673529,6.783200137761014e-05,0.0,0.001312796026468277,0.00021164714416954666,0.0010275793028995395,7.356964488280937e-05,0.0
131,adam,0.001,0.0015003104890638497,0.0003314181121822912,0.0007186585680756252,0.00045023381517239613,0.0,0.0010540683288127184,0.0001745928602758795,0.0006965022184886038,0.00018297325004823506,0.0
132,adam,0.001,0.0012229344793013297,0.00026435193922225153,0.0005556972573685925,0.0004028852849842224,0.0,0.00083681452088058,0.00020344466611277312,0.0005024874117225409,0.00013088241394143552,0.0
133,adam,0.001,0.0008625070040579885,0.00022731466469849693,0.0005286830619297689,0.00010650927583810699,0.0,0.00059649464674294,0.00019166251877322793,0.00035536111681722105,4.947102934238501e-05,0.0
134,adam,0.001,0.0006677203327853931,0.00018623441246745642,0.0004198213355266489,6.166458683765086e-05,0.0,0.0006091978866606951,0.00020247476641088724,0.00035873998422175646,4.798313239007257e-05,0.0
135,adam,0.001,0.0006535113243444357,0.0001840042777985218,0.00036625165193981957,0.00010325539312816545,0.0,0.0008657305152155459,0.00023545799194835126,0.0005188705981709063,0.00011140193237224594,0.0
136,adam,0.001,0.0006954357158974744,0.00019597871323639993,0.0004347152425907552,6.474176257142972e-05,0.0,0.0006286909920163453,0.0001849370019044727,0.0003177830658387393,0.00012597090972121805,0.0
137,adam,0.001,0.0007800219118507812,0.0002147979466826655,0.00035828182626573835,0.00020694213435490383,0.0,0.0011258418671786785,0.00030701610376127064,0.0004558495420496911,0.0003629762795753777,0.0
138,adam,0.001,0.0009012915434141178,0.0002521518244975596,0.0004405006857268745,0.00020863902886958385,0.0,0.0006341398693621159,0.00018585531506687403,0.0004266914911568165,2.1593050405499525e-05,0.0
139,adam,0.001,0.0007692633953411132,0.00020053637581440853,0.0004208026712149149,0.00014792434149057954,0.0,0.0008262480841949582,0.0002162440650863573,0.0004624846624210477,0.00014751935668755323,0.0
140,adam,0.001,0.0008533804648322985,0.00018956505300593562,0.0005775431727670366,8.627224042356829e-05,0.0,0.0011248050723224878,0.000249087082920596,0.0004696299438364804,0.00040608810377307236,0.0
141,adam,0.001,0.0010326387055101804,0.0002270184049848467,0.0005150902870809659,0.0002905300016209367,0.0,0.0008534276857972145,0.00021019676933065057,0.00042548621422611177,0.00021774474589619786,0.0
142,adam,0.001,0.0006324591377051547,0.00018486878525436623,0.00038112245783850085,6.646789711339807e-05,0.0,0.0005690563120879233,0.00019452598644420505,0.000347017718013376,2.7512580345501192e-05,0.0
143,adam,0.001,0.0011648734725895338,0.0001928295514517231,0.0005235963908489794,0.0004484475356321127,0.0,0.000584663765039295,0.00018912462110165507,0.00030512810917571187,9.041107114171609e-05,0.0
144,adam,0.001,0.0006623171248065773,0.00019703033831319772,0.0003194627061020583,0.00014582407493435312,0.0,0.0006481540622189641,0.00017879960068967193,0.00029429286951199174,0.00017506156291346997,0.0
145,adam,0.001,0.0006363436659739818,0.00017974131606024457,0.000348980355738604,0.00010762199804048578,0.0,0.0006246572593227029,0.00018960215675178915,0.00037671314203180373,5.8341924159321934e-05,0.0
146,adam,0.001,0.0006763624223822262,0.000203504266210075,0.00036342989005788695,0.00010942825679194357,0.0,0.0005690073594450951,0.00018143541819881648,0.0003419601998757571,4.561173409456387e-05,0.0
147,adam,0.001,0.0006795551635150332,0.00017250492965104058,0.00044037446423317306,6.667577770258504e-05,0.0,0.0005728049436584115,0.00017450819723308086,0.0003489389200694859,4.9357851821696386e-05,0.0
148,adam,0.001,0.0007830051581549924,0.000182534506166121,0.0004474120960367145,0.00015305854833513877,0.0,0.0010684049921110272,0.00017880443192552775,0.0007547067943960428,0.00013489375123754144,0.0
149,adam,0.001,0.0011243991320952773,0.00024934108296292834,0.0007205540550785372,0.00015450398586835945,0.0,0.0013068773550912738,0.00030752597376704216,0.0008201555465348065,0.00017919587844517082,0.0
150,adam,0.001,0.0015377790805359837,0.00028807927628804464,0.0006339423725876259,0.0006157574221106188,0.0,0.0008617175044491887,0.0001954912004293874,0.00045177474385127425,0.00021445156016852707,0.0
151,adam,0.001,0.0008230944731622003,0.0002394556349827326,0.00045381917334452737,0.0001298196716561506,0.0,0.0007116799242794514,0.0002373426395934075,0.0003246104752179235,0.00014972682402003556,0.0
152,adam,0.001,0.0008115831569739385,0.00020326512913015904,0.0004683669758378528,0.00013995106746733654,0.0,0.000726568337995559,0.0002299956395290792,0.0003933376574423164,0.00010323507012799382,0.0
153,adam,0.001,0.0007131657330319285,0.00019089274246653076,0.00044862620416097343,7.364678720023221e-05,0.0,0.000563309935387224,0.0001937662746058777,0.00034178857458755374,2.775508983177133e-05,0.0
154,adam,0.001,0.0006064028821128886,0.0001671870732025127,0.00039836030919104815,4.085550438048813e-05,0.0,0.00046466843923553824,0.0001598661910975352,0.00028404188924469054,2.0760338884429075e-05,0.0
155,adam,0.001,0.0005227564033702947,0.00016709892406652216,0.0003122131238342263,4.3444359221211926e-05,0.0,0.0005889286985620856,0.0001829301763791591,0.0003149408148601651,9.105772187467664e-05,0.0
156,adam,0.001,0.0007598460470035207,0.00019595783942349954,0.0003788148060266394,0.00018507339723328187,0.0,0.000549597549252212,0.00016809550288598984,0.0003495296405162662,3.197240221197717e-05,0.0
157,adam,0.001,0.0007054787201923318,0.00018425063080940163,0.0004468542229005834,7.437387989739364e-05,0.0,0.000654122733976692,0.00015715474728494883,0.0004658104735426605,3.115751314908266e-05,0.0
158,adam,0.001,0.0009004177118185908,0.00019103006616205676,0.0005040894793637563,0.00020529815424197295,0.0,0.0009980059694498777,0.0001524049584986642,0.0005600096774287522,0.0002855913480743766,0.0
159,adam,0.001,0.0006768559760530479,0.00017116278013418196,0.0004113052782486193,9.438791994398343e-05,0.0,0.0006536820437759161,0.00017119663243647665,0.0004046778194606304,7.780756277497858e-05,0.0
160,adam,0.001,0.0006485079575213604,0.00016613521347608184,0.00035141889566148166,0.00013095385520500713,0.0,0.0007131015881896019,0.00016569769650232047,0.00043264933628961444,0.0001147545117419213,0.0
161,adam,0.001,0.0007694619198446162,0.0001845793985921773,0.0003633907645053114,0.00022149176129460102,0.0,0.0011581518920138478,0.00017597856640350074,0.0009138621389865875,6.831125938333571e-05,0.0
162,adam,0.001,0.001056561141012935,0.00020204042448312975,0.0006415873667720007,0.00021293335339578334,0.0,0.0009597631869837642,0.00018576617003418505,0.0003867837367579341,0.0003872133092954755,0.0
163,adam,0.001,0.0008164643586496823,0.0002101805248457822,0.00036969564462197013,0.0002365881875903142,0.0,0.0007204991998150945,0.00019308006449136883,0.00046238384675234556,6.503531767521054e-05,0.0
164,adam,0.001,0.0006104756448621629,0.00017479099733463954,0.0003400288824195741,9.56557736344621e-05,0.0,0.000471022620331496,0.00015440554125234485,0.0002753993612714112,4.121771780773997e-05,0.0
165,adam,0.001,0.0006047448623576201,0.00016733349548303522,0.000353578702743107,8.383267231693026e-05,0.0,0.0006489271763712168,0.00020278425654396415,0.0003721168905030936,7.402607297990471e-05,0.0
166,adam,0.001,0.0005280026380205527,0.00018024727069132496,0.00028906580519105773,5.868955997812009e-05,0.0,0.0004952086601406336,0.0001722538290778175,0.00027676293393597007,4.619192623067647e-05,0.0
167,adam,0.001,0.0005264139817882096,0.00017202341678057564,0.0003006643964909017,5.3726168061984936e-05,0.0,0.0007766078342683613,0.00014470408495981246,0.0005208987277001143,0.00011100504343630746,0.0
168,adam,0.001,0.0008743219441385008,0.00021736693997809198,0.00035290169034851715,0.0003040533306375437,0.0,0.0007899864576756954,0.0001852473506005481,0.0004428235988598317,0.00016191547911148518,0.0
169,adam,0.001,0.0006314212678262265,0.00017708336235955358,0.00037338519177865237,8.095271562069684e-05,0.0,0.0005418944056145847,0.00016113037418108433,0.0003301372053101659,5.062680065748282e-05,0.0
170,adam,0.001,0.000989900627246243,0.00020504089025052963,0.0004993379288862343,0.00028552180128826876,0.0,0.0032044746913015842,0.00035159828257746994,0.001308912760578096,0.001543963560834527,0.0
171,adam,0.001,0.0012581350019900128,0.0002670316289368202,0.000589265118833282,0.00040183825467465795,0.0,0.0008139098063111305,0.00024194325669668615,0.00044708186760544777,0.00012488463835325092,0.0
172,adam,0.001,0.0006338679959299043,0.00023073144438967574,0.000330531658619293,7.260489167038031e-05,0.0,0.000646372267510742,0.0001971227757167071,0.0003376290260348469,0.00011162045120727271,0.0
173,adam,0.001,0.0013274785560497548,0.0002649235493663582,0.0008594524988438934,0.0002031025237556605,0.0,0.0007688383338972926,0.0002294190926477313,0.00045161033631302416,8.780894131632522e-05,0.0
174,adam,0.001,0.001147129645687528,0.0002134523738277494,0.0006363386200973764,0.0002973386597204808,0.0,0.0005935978842899203,0.0001628756581339985,0.00036160083254799247,6.912133540026844e-05,0.0
175,adam,0.001,0.0008649398259876762,0.00017085078980016988,0.0005300747325236443,0.00016401431207668793,0.0,0.0005014776834286749,0.00016462639905512333,0.00027957657584920526,5.727469397243112e-05,0.0
176,adam,0.001,0.0005995808223815402,0.00017535956703795819,0.0003474522645774414,7.676899576836149e-05,0.0,0.0005078855319879949,0.00016117650375235826,0.00028596975607797503,6.073928307159804e-05,0.0
177,adam,0.001,0.0005100052767375018,0.0001675537569099106,0.0002785786928143352,6.387283269759791e-05,0.0,0.0006149867549538612,0.00017073380877263844,0.0003882849414367229,5.596802293439396e-05,0.0
178,adam,0.001,0.0006452941743191332,0.0001846401273724041,0.00036330630246084183,9.734773516356654e-05,0.0,0.0006058451253920794,0.0002214406558778137,0.00030235893791541457,8.2045589806512e-05,0.0
179,adam,0.001,0.0005241815015324391,0.0001642243596506887,0.00027955417681369,8.040296165745531e-05,0.0,0.0005592827219516039,0.00015049240028019994,0.0003595883899834007,4.920197170577012e-05,0.0
180,adam,0.001,0.0007510727991757449,0.00019498746314638993,0.00034535294798843097,0.00021073237985547166,0.0,0.0020159073173999786,0.0004243545699864626,0.00041573168709874153,0.0011758211767300963,0.0
181,adam,0.001,0.0013080122098472202,0.0002572242719907081,0.0005810760831082007,0.00046971186020527966,0.0,0.0005907515296712518,0.00014603299496229738,0.00031662487890571356,0.00012809365580324084,0.0
182,adam,0.001,0.0005281789653963642,0.0001562840334372595,0.0003042235039174557,6.767142531316495e-05,0.0,0.0005063778953626752,0.00014211100642569363,0.0003329373139422387,3.132956044282764e-05,0.0
183,adam,0.001,0.0004963853316439781,0.0001476500056014629,0.00030612354566983413,4.261178207798366e-05,0.0,0.0005700539331883192,0.00015715387417003512,0.00031683166162110865,9.606840467313305e-05,0.0
184,adam,0.001,0.0006261141061258968,0.00015576952318951953,0.00039500957427662797,7.533500752288091e-05,0.0,0.0004942393279634416,0.00015489674115087837,0.0002721693308558315,6.717326323268935e-05,0.0
185,adam,0.001,0.0005282364472805057,0.00016172374853340443,0.00032072859357867856,4.5784102667312254e-05,0.0,0.0005391464219428599,0.00018888185149990022,0.0003135998558718711,3.66646891052369e-05,0.0
186,adam,0.001,0.0006634955225308659,0.00016780541500338586,0.0002867395323846722,0.00020895058287351276,0.0,0.000520191912073642,0.00014828286657575518,0.00028754366212524474,8.436537609668449e-05,0.0
187,adam,0.001,0.0005610051903204294,0.00015038620222185273,0.00028660223506449256,0.0001240167596279207,0.0,0.0005666564684361219,0.00017014417971950024,0.00031227144063450396,8.424086990999058e-05,0.0
188,adam,0.001,0.0008150228677550331,0.00022869348413223634,0.00036031070703756995,0.00022601867567573208,0.0,0.0011542411521077156,0.00024233662406913936,0.00059243239229545,0.00031947222305461764,0.0
189,adam,0.001,0.000850802560307784,0.0002110861523760832,0.00040979700861498713,0.00022991939158600871,0.0,0.0007961639203131199,0.00020821507496293634,0.000447235768660903,0.00014071303303353488,0.0
190,adam,0.001,0.0005941623858234379,0.0001588814325259591,0.0002915175746238674,0.00014376338049260085,0.0,0.0007582592661492527,0.00016017144662328064,0.0005278399330563843,7.024786464171484e-05,0.0
191,adam,0.001,0.0006694557705486659,0.00017052463044819888,0.0003761743910217774,0.00012275674680495285,0.0,0.000557112623937428,0.00016598394722677767,0.00024427345488220453,0.00014685520727653056,0.0
192,adam,0.001,0.000619226171693299,0.0001814727506825875,0.0003638700745796086,7.38833384730242e-05,0.0,0.0012102173641324043,0.0002499994297977537,0.0007136521744541824,0.00024656581808812916,0.0
193,adam,0.001,0.0007548979956482071,0.00018541463259680313,0.0004049109702464193,0.00016457240076306334,0.0,0.0006856851396150887,0.00016772584058344364,0.000458986236480996,5.89730370847974e-05,0.0
194,adam,0.001,0.0008151362217176938,0.00017827419151217327,0.0003620128700276837,0.00027484914926390047,0.0,0.0018600400071591139,0.00018073618412017822,0.0008334299200214446,0.0008458740194328129,0.0
195,adam,0.001,0.0013672069107997231,0.00020886513357254444,0.0007154707454901654,0.0004428710294632765,0.0,0.0006480050506070256,0.00016076680913101882,0.0004010587581433356,8.617944695288315e-05,0.0
196,adam,0.001,0.0006843109695182648,0.00018013039516517892,0.00036067230939806905,0.00014350827018461132,0.0,0.0006860906141810119,0.00013944265083409846,0.00032918856595642865,0.0002174593973904848,0.0
197,adam,0.001,0.0007116480301192496,0.00015073772328833002,0.0004886371934844647,7.227312346458348e-05,0.0,0.0010850107064470649,0.000229993587709032,0.000783424184191972,7.159302185755223e-05,0.0
198,adam,0.001,0.0006275882042245939,0.00018139780240744585,0.00037596494621539023,7.022546935786522e-05,0.0,0.0006524960626848042,0.00019589034491218626,0.0003311369800940156,0.00012546875223051757,0.0
199,adam,0.001,0.0005486222016770625,0.00018507636923459359,0.00029160147914808476,7.194434897428437e-05,0.0,0.0005154428072273731,0.00016650994075462222,0.00031749767367728055,3.143519279547036e-05,0.0
200,adam,0.001,0.0004957795044902014,0.00016238770422205562,0.00029294853084138595,4.044326817620458e-05,0.0,0.0004525160475168377,0.00014996084792073816,0.0002536445972509682,4.8910580517258495e-05,0.0
201,adam,0.001,0.0007883725502324523,0.0001666336584094097,0.00025196986553055467,0.00036976902083551977,0.0,0.004275570623576641,0.0003998265601694584,0.0007499619969166815,0.0031257818918675184,0.0
202,adam,0.001,0.001676089879765641,0.00027300295550958253,0.0005326536993379705,0.0008704332021807204,0.0,0.0011443531839177012,0.0004151353787165135,0.0005636020214296877,0.00016561581287533045,0.0
203,adam,0.001,0.0007334393376368098,0.0002795655691443244,0.00033682499906717567,0.00011704876737894665,0.0,0.0005235972348600626,0.00015658159099984914,0.0003299610107205808,3.7054665881441906e-05,0.0
204,adam,0.001,0.0006605845937883714,0.00021738345458288677,0.0003383827151992591,0.00010481842559784127,0.0,0.0005410200683400035,0.00017610080249141902,0.0002772952720988542,8.762400830164552e-05,0.0
205,adam,0.001,0.0005139723798492923,0.00016964226051641162,0.0002607450996947591,8.358501065686141e-05,0.0,0.00044453624286688864,0.00016467201930936426,0.0002576635160949081,2.2200729290489107e-05,0.0
206,adam,0.001,0.0005024785004934529,0.00015875203689574846,0.000286879122540995,5.6847337418730604e-05,0.0,0.0005834813346154988,0.0001675710955169052,0.00031742671853862703,9.848353511188179e-05,0.0
207,adam,0.001,0.0006383527816069545,0.00016772856724855956,0.00039139176169555867,7.923246016616758e-05,0.0,0.0006863655871711671,0.000162540512974374,0.00048094766680151224,4.287739284336567e-05,0.0
208,adam,0.001,0.0007092261057550786,0.00017500319199825753,0.0004281604506104486,0.00010606246428324084,0.0,0.0005754106678068638,0.00015253970923367888,0.00025958390324376523,0.000163287011673674,0.0
209,adam,0.001,0.0005672863462677924,0.00015625278138031717,0.00032612051654723473,8.491304572544323e-05,0.0,0.0006996415322646499,0.00018578044546302408,0.0003644873795565218,0.0001493737509008497,0.0
210,adam,0.001,0.0007954058291943511,0.00019586695816542488,0.0003707276591740083,0.00022881121412865468,0.0,0.0009706081473268569,0.00013074732851237059,0.0005273824208416045,0.0003124783979728818,0.0
211,adam,0.001,0.0007025797331152717,0.00015506370255025104,0.00031654552458348917,0.00023097049779607914,0.0,0.00046560860937461257,0.00015130719111766666,0.0002531261998228729,6.11752038821578e-05,0.0
212,adam,0.001,0.0005583670899795834,0.0001749150114846998,0.0002927631121565355,9.068896474673238e-05,0.0,0.00043475491111166775,0.00016801235324237496,0.00022779669961892068,3.89458509744145e-05,0.0
213,adam,0.001,0.0004277917232684558,0.00015568535036436515,0.0002297151850143564,4.239118709392642e-05,0.0,0.0005997938569635153,0.00014761490456294268,0.00041405780939385295,3.8121117540868e-05,0.0
214,adam,0.001,0.0006106813416408841,0.00015939352533678175,0.00035715082776732743,9.413699081051163e-05,0.0,0.0005434284685179591,0.00017308542737737298,0.00030577447614632547,6.456858682213351e-05,0.0
215,adam,0.001,0.0005551621979975607,0.00016411252227044315,0.00031877404398983344,7.227562559819489e-05,0.0,0.000861595559399575,0.00015069231449160725,0.0006498913862742484,6.101187318563461e-05,0.0
216,adam,0.001,0.000967054440479842,0.0001542273030281649,0.0006384746593539603,0.00017435248400943237,0.0,0.0018568201921880245,0.00017130067863035947,0.0012595111038535833,0.00042600833694450557,0.0
217,adam,0.001,0.0010030900903075235,0.00019517127839208115,0.0005953190557193011,0.00021259974255372072,0.0,0.0014418801292777061,0.00020456407219171524,0.0005313351284712553,0.0007059809286147356,0.0
218,adam,0.001,0.0008414882358920295,0.00021020697658968857,0.0003468523182164063,0.000284428950635629,0.0,0.0004320039297454059,0.0001394785795127973,0.00025290483608841896,3.9620503230253235e-05,0.0
219,adam,0.001,0.000524717323060031,0.00015344815528806066,0.00028682759239018196,8.44415746996674e-05,0.0,0.00045660644536837935,0.0001401856861775741,0.0002516494714654982,6.477128044934943e-05,0.0
220,adam,0.001,0.0004596459966705879,0.00014615984309784835,0.000223210425247089,9.027572900777159e-05,0.0,0.0005673949490301311,0.00018484372412785888,0.0002530566998757422,0.00012949452502653003,0.0
221,adam,0.001,0.0004991834011889296,0.00014266125435824506,0.00026708968562161317,8.94324629143739e-05,0.0,0.0005238867597654462,0.0001556131028337404,0.0003359135880600661,3.236006523366086e-05,0.0
222,adam,0.001,0.0005046717869845452,0.0001462557252125407,0.00030710225018992787,5.131381192313711e-05,0.0,0.000401669240090996,0.00014419108629226685,0.00023808047990314662,1.9397688447497785e-05,0.0
223,adam,0.001,0.0005816027278342517,0.0001486246810600278,0.0003656445996966795,6.7333445258555e-05,0.0,0.0005420444649644196,0.00016368809156119823,0.0002513886138331145,0.0001269677741220221,0.0
224,adam,0.001,0.0007596290470246458,0.00015708823639215552,0.0002661785238160519,0.0003363622798815413,0.0,0.0016314759850502014,0.00018304215336684138,0.000493175582960248,0.0009552582050673664,0.0
225,adam,0.001,0.0009089856448554201,0.00022826028816780308,0.000357024511686177,0.00032370084500144003,0.0,0.0007039009360596538,0.00015604049258399755,0.00048700126353651285,6.085916538722813e-05,0.0
226,adam,0.001,0.0006094164673413616,0.00019001303235199885,0.00030686810259794584,0.00011253533511990099,0.0,0.00039780448423698545,0.00014326746168080717,0.00022801558952778578,2.6521434847381897e-05,0.0
227,adam,0.001,0.0004570270684780553,0.00015941134097374743,0.00024535013562854147,5.226559409265974e-05,0.0,0.0008067864691838622,0.0002405841223662719,0.00024562308681197464,0.00032057930366136134,0.0
228,adam,0.001,0.0007723021008132491,0.0001985325179703068,0.0002814742128975922,0.00029229535857666633,0.0,0.0008798008784651756,0.0002959691337309778,0.00036527952761389315,0.00021855218801647425,0.0
229,adam,0.001,0.000507050726810121,0.0001764969292707974,0.000262558925896883,6.799486857289594e-05,0.0,0.0004281539295334369,0.00014655370614491403,0.00023675939883105457,4.48408281954471e-05,0.0
230,adam,0.001,0.0004383315408631461,0.00014428574559133267,0.0002352429137317813,5.880288324533467e-05,0.0,0.0007002994534559548,0.00014959780673962086,0.00047811632975935936,7.258531695697457e-05,0.0
231,adam,0.001,0.000588269913350814,0.00014259650197345763,0.0003596423175622476,8.603109620253235e-05,0.0,0.0005608912906609476,0.00015185016673058271,0.00023394095478579402,0.00017510018369648606,0.0
232,adam,0.001,0.0005338857572496636,0.0001360011292490526,0.00032232886951533146,7.555576200957148e-05,0.0,0.0008553503430448472,0.00013563210086431354,0.0006919950828887522,2.7723153834813274e-05,0.0
233,adam,0.001,0.0007322493474930525,0.00016549178599234438,0.00047492090470768744,9.183666611534136e-05,0.0,0.0007695198291912675,0.00013089875574223697,0.0002994732931256294,0.00033914780942723155,0.0
234,adam,0.001,0.0010943866946035996,0.00020309247520344798,0.0004480105963011738,0.00044328362309897784,0.0,0.0008245188510045409,0.00013948281412012875,0.000431033899076283,0.0002540021960157901,0.0
235,adam,0.001,0.000562161370908143,0.00018152757593270508,0.00028240540177648654,9.822839183470933e-05,0.0,0.0004930461873300374,0.0002086944878101349,0.00023033941397443414,5.4012278269510716e-05,0.0
236,adam,0.001,0.000625634263997199,0.00018725508289207937,0.00034968657200806774,8.869260830124404e-05,0.0,0.0005173829849809408,0.00015534395060967654,0.0002741386415436864,8.790037099970505e-05,0.0
237,adam,0.001,0.000675925990435644,0.00017677127925708191,0.0003295065062047797,0.00016964821770670824,0.0,0.0007159118540585041,0.0001565201091580093,0.00042894488433375955,0.00013044684601482004,0.0
238,adam,0.001,0.0005046072637924226,0.00013672719342139317,0.000281787991298188,8.609207759491255e-05,0.0,0.0008327530231326818,0.00013604234845843166,0.0006145808729343116,8.212976536015049e-05,0.0
239,adam,0.001,0.0007073723209032323,0.00016994482575682923,0.0004208415757602779,0.00011658590824481507,0.0,0.000598433893173933,0.00021072399977128953,0.00030816480284556746,7.954508328111842e-05,0.0
240,adam,0.001,0.0005783895594504429,0.0001527997064840747,0.0002570884471424506,0.00016850141105351213,0.0,0.0008805582765489817,0.00014769636618439108,0.00042881863191723824,0.0003040432638954371,0.0
241,adam,0.001,0.0005508773083420238,0.0001608565789865679,0.00026244967921229545,0.00012757104911997885,0.0,0.0005533224903047085,0.00018205483502242714,0.00024808765738271177,0.00012317998334765434,0.0
242,adam,0.001,0.0005646324643748812,0.00015840966852920246,0.00024408497392869322,0.00016213781600527,0.0,0.00046462597674690187,0.00014137726975604892,0.0002648747176863253,5.837400021846406e-05,0.0
243,adam,0.001,0.0004895625588687835,0.0001523175424154033,0.00025467371779086534,8.257129866251489e-05,0.0,0.00040244156843982637,0.00014137786638457328,0.00024482380831614137,1.6239904653048143e-05,0.0
244,adam,0.001,0.00047526175148959737,0.00013755772260992671,0.0002095766876664129,0.00012812734723866015,0.0,0.0006323489942587912,0.00012285645061638206,0.00023912833421491086,0.0002703642239794135,0.0
245,adam,0.001,0.0007592978327011224,0.00014874395446895505,0.0004415550902194809,0.0001689987807367288,0.0,0.0011066242586821318,0.0002495479129720479,0.0005248109227977693,0.00033226533560082316,0.0
246,adam,0.001,0.0008557643195672426,0.0002203644517067005,0.0003343257412780076,0.00030107412521829247,0.0,0.0008916690712794662,0.00015373897622339427,0.0005555117968469858,0.00018241829820908606,0.0
247,adam,0.001,0.0006311742345133098,0.00014009392862135428,0.0003676802562040393,0.00012340004923316883,0.0,0.0005256456788629293,0.00014789791021030396,0.0003111196856480092,6.662806845270097e-05,0.0
248,adam,0.001,0.0004958463832736015,0.000157646024490532,0.00025059339077415643,8.760697119214456e-05,0.0,0.0006776092341169715,0.00012268622231204063,0.00022543806699104607,0.00032948493026196957,0.0
249,adam,0.001,0.0004649434413295239,0.00013066393785265973,0.0002303261080669472,0.00010395339893420896,0.0,0.0008012275211513042,0.00012410033377818763,0.0004298491694498807,0.00024727804702706635,0.0
250,adam,0.001,0.0009616704483050853,0.00017104069365814212,0.000504988459397282,0.00028564129956976103,0.0,0.00045972096268087626,0.00014684928464703262,0.00022835320851299912,8.451846952084452e-05,0.0
251,adam,0.001,0.0005918923998251557,0.00015090873557710438,0.00030260219136835076,0.00013838147583555838,0.0,0.0004608290328178555,0.00013981471420265734,0.00020062262774445117,0.00012039168359478936,0.0
252,adam,0.001,0.0005769755589426495,0.00015198293340290547,0.00034893078827735735,7.60618297590554e-05,0.0,0.00048016413347795606,0.0001177171798190102,0.00029633333906531334,6.61136073176749e-05,0.0
253,adam,0.001,0.0003776621124416124,0.00012383108423819067,0.00019421301658439916,5.9618004456751805e-05,0.0,0.0004087274137418717,0.0001223856961587444,0.000235419487580657,5.0922255468321964e-05,0.0
254,adam,0.001,0.00045319243872654624,0.00014389434227268794,0.00019978465479653096,0.00010951344279419573,0.0,0.00041766793583519757,0.00013599400699604303,0.00024396093795076013,3.771299816435203e-05,0.0
255,adam,0.001,0.00041302689896838274,0.00014168655661705998,0.0002059655353150447,6.537481090163055e-05,0.0,0.00045299995690584183,0.00011309393448755145,0.0002172933309338987,0.0001226126914843917,0.0
256,adam,0.001,0.0004428988158906577,0.00012980072824575473,0.00023327053531829733,7.982754948443471e-05,0.0,0.00046459707664325833,0.00014687013754155487,0.0002551322104409337,6.259472866076976e-05,0.0
257,adam,0.001,0.00045223320375953335,0.00013136327106622048,0.00023172901637735777,8.914090926737117e-05,0.0,0.0007122352253645658,0.0001289727952098474,0.00039931133505888283,0.0001839511387515813,0.0
258,adam,0.001,0.0011394882221793523,0.00018078420498568448,0.0004499957722146064,0.0005087082472527982,0.0,0.00534451100975275,0.0006747180013917387,0.0032299950253218412,0.0014397978084161878,0.0
259,adam,0.001,0.0032180908165173605,0.0006676511593468604,0.0016450208277092315,0.0009054188376467209,0.0,0.0015457533299922943,0.0002774081367533654,0.0007413536659441888,0.0005269916146062315,0.0
260,adam,0.001,0.0012057747262588236,0.0002369012026974815,0.00046050542550801765,0.0005083681039650401,0.0,0.0010778664145618677,0.00023675822012592107,0.00040492095286026597,0.00043618728523142636,0.0
261,adam,0.001,0.000717363553121686,0.00019914694348699413,0.00038773715004936093,0.0001304794541283627,0.0,0.0005909554311074317,0.00019678597163874656,0.0002442410041112453,0.00014992845535743982,0.0
262,adam,0.001,0.00047235042620741297,0.00014545427802659106,0.00026938910559692886,5.7507048950355966e-05,0.0,0.000678880256600678,0.00015951004752423614,0.0004495677421800792,6.980243051657453e-05,0.0
263,adam,0.001,0.0004443486068339553,0.00013530523028748576,0.0002425402544758981,6.650312178635431e-05,0.0,0.0003943773917853832,0.00014344284136313945,0.00022717536194249988,2.3759213945595548e-05,0.0
264,adam,0.001,0.00039271835157705937,0.00013115058936818969,0.00023248362958838698,2.908413483737604e-05,0.0,0.00038547307485714555,0.00012460385914891958,0.00021687723346985877,4.3991974962409586e-05,0.0
265,adam,0.001,0.0003573401718313107,0.0001246410129169817,0.00018738769631454488,4.531146441877354e-05,0.0,0.0003607438993640244,0.00012283248361200094,0.0002216735592810437,1.623785101401154e-05,0.0
266,adam,0.001,0.0003999173677584622,0.0001264013112631801,0.00022766962956666248,4.5846432271900994e-05,0.0,0.0004486858379095793,0.0001379070308757946,0.00024867322645150125,6.210560241015628e-05,0.0
267,adam,0.001,0.00039549008215544745,0.0001216347291119746,0.00023842805967433378,3.542729717764814e-05,0.0,0.00034947670064866543,0.00011696349974954501,0.00021651269344147295,1.6000507457647473e-05,0.0
268,adam,0.001,0.0003513801802910166,0.00011693059241224546,0.00020344077802292304,3.100880604733902e-05,0.0,0.00042358049540780485,0.00014481868129223585,0.00023930975294206291,3.9452079363400117e-05,0.0
269,adam,0.001,0.00046249880506366026,0.00013174471587262815,0.000213523685488326,0.00011723041018285585,0.0,0.0009896710980683565,0.00013472719001583755,0.0004329984658397734,0.000421945471316576,0.0
270,adam,0.001,0.0005916803547734162,0.00013814893009111984,0.00031810284599487204,0.0001354285768684349,0.0,0.0004898752085864544,0.00013402089825831354,0.0003329593746457249,2.289491931151133e-05,0.0
271,adam,0.001,0.0004042154450871749,0.00012968482815267635,0.0002037558815572993,7.077473685512814e-05,0.0,0.0003882023156620562,0.00014492287300527096,0.00016930545098148286,7.397397712338716e-05,0.0
272,adam,0.001,0.00039088614175852854,0.00012844720777138718,0.00018147909577237442,8.095983741895907e-05,0.0,0.00045620030141435564,0.00014024651318322867,0.00026889919536188245,4.705457467935048e-05,0.0
273,adam,0.001,0.0004181531985523179,0.0001311192490902613,0.00024505054352630395,4.198340235461728e-05,0.0,0.00036341059603728354,0.00014533875219058245,0.00016814983973745257,4.99219931953121e-05,0.0
274,adam,0.001,0.0003741291930055013,0.00012492016276155482,0.0001957585309355636,5.34505003315644e-05,0.0,0.00030600279569625854,0.00012031458027195185,0.00016454674187116325,2.1141480829101056e-05,0.0
275,adam,0.001,0.0004366143621155061,0.00012504738242569147,0.0001752927864799858,0.000136274185365437,0.0,0.0008884640410542488,0.0001662528666201979,0.0002499678230378777,0.00047224335139617324,0.0
276,adam,0.001,0.0005719601867895108,0.0001351863725176372,0.00027034623144572834,0.0001664275818029637,0.0,0.00034297446836717427,0.00011182115849805996,0.0001712411904009059,5.99121194682084e-05,0.0
277,adam,0.001,0.0003674441704788478,0.00012012749448331306,0.00018457103942637332,6.274563622810092e-05,0.0,0.000273285957518965,0.00011438591172918677,0.00014687802467960864,1.2022028386127204e-05,0.0
278,adam,0.001,0.00043970670230919495,0.00012705787230515853,0.0001821499781726743,0.00013049885473037648,0.0,0.0003612432919908315,0.00011957403330598027,0.00022374317632056773,1.7926067812368274e-05,0.0
279,adam,0.001,0.0005065043424110627,0.00013923459118814208,0.0002460688065184513,0.00012120094606871135,0.0,0.0006123425555415452,0.00016700560809113085,0.00038095383206382394,6.438310811063275e-05,0.0
280,adam,0.001,0.0005279791021166602,0.0001449730948479555,0.00026947665810439503,0.00011352934768638079,0.0,0.0004259982379153371,0.00014736107550561428,0.00021929496142547578,5.934220098424703e-05,0.0
281,adam,0.001,0.000681659672409296,0.00015182117613221635,0.00047788040046725655,5.195810501845699e-05,0.0,0.0009307385771535337,0.00011320500198053196,0.0007312541711144149,8.627942588645965e-05,0.0
282,adam,0.001,0.0005219682461756747,0.0001290552077080065,0.0002873409512176295,0.00010557208543104935,0.0,0.0006913914694450796,0.0001676374376984313,0.0001658527908148244,0.00035790124093182385,0.0
283,adam,0.001,0.0005082715397293214,0.00014254857978812652,0.00020899765786452917,0.00015672530219035252,0.0,0.0005057613598182797,0.0001769730297382921,0.00020498417143244296,0.00012380414409562945,0.0
284,adam,0.001,0.0005054111734352773,0.0001591820478097361,0.0002370069278185838,0.00010922220542397554,0.0,0.00041273419628851116,0.00015886670735199004,0.00020678946748375893,4.707803236669861e-05,0.0
285,adam,0.001,0.00041213558870367706,0.00012701189962172066,0.0001996972141569131,8.542647833564843e-05,0.0,0.00047774732229299843,0.00011073402129113674,0.00023135976516641676,0.00013565353583544493,0.0
286,adam,0.001,0.00033922500733751804,0.00011361620363459224,0.00017646192645770498,4.914687724522082e-05,0.0,0.0003553744754754007,0.00011127873585792258,0.00020172384392935783,4.237187749822624e-05,0.0
287,adam,0.001,0.0005868664975423599,0.0001378208248752344,0.00024197697894123849,0.00020706869304376596,0.0,0.0006994944415055215,0.00021238390763755888,0.0003658861096482724,0.0001212244460475631,0.0
288,adam,0.001,0.000494967856866424,0.00016280890622510924,0.00023779923867550679,9.435971219318162e-05,0.0,0.0005062359268777072,0.00013738196867052466,0.0002180377341574058,0.00015081620949786156,0.0
289,adam,0.001,0.0003887874290740001,0.0001170643267869309,0.00017225920146302087,9.946389911874576e-05,0.0,0.0004976550117135048,0.00013226238661445677,0.00032888585701584816,3.65067389793694e-05,0.0
290,adam,0.001,0.0005007119307265384,0.0001255293036592775,0.0002826927511705435,9.24898722018952e-05,0.0,0.0004646756569854915,0.0001214155345223844,0.00022481181076727808,0.00011844831169582903,0.0
291,adam,0.001,0.0005440871482278453,0.0001369680398966011,0.00031863117055763723,8.848793731885962e-05,0.0,0.0006350560579448938,0.0001030068306135945,0.0004142785328440368,0.00011777067993534729,0.0
292,adam,0.001,0.0005291749730531592,0.00012499243257479975,0.00026792697372002294,0.00013625556630358915,0.0,0.00037182713276706636,0.00012959542800672352,0.00020436092745512724,3.787077366723679e-05,0.0
293,adam,0.001,0.0004534087456704583,0.00013259608203952666,0.0002306796041011694,9.01330627129937e-05,0.0,0.0004633395583368838,0.00010983552783727646,0.0002725863305386156,8.091769268503413e-05,0.0
294,adam,0.001,0.0006494895023934077,0.00014587436544388765,0.00035628948899102397,0.0001473256443205173,0.0,0.0008974919328466058,0.00015227054245769978,0.00023765143123455346,0.000507569988258183,0.0
295,adam,0.001,0.0006420442332455423,0.00015165708600761718,0.00019351868104422465,0.0002968684584629955,0.0,0.00043361683492548764,0.00017896319332066923,0.00020080107788089663,5.385256008594297e-05,0.0
296,adam,0.001,0.0002999562493641861,0.00012383149260131177,0.0001532542378299695,2.287052171823234e-05,0.0,0.0003513856208883226,0.00012247607810422778,0.000217495602555573,1.1413934771553613e-05,0.0
297,adam,0.001,0.00037098156644788105,0.0001172670345113147,0.00022748348328605061,2.6231050810565648e-05,0.0,0.0008685749489814043,0.00013208108430262655,0.0005971279460936785,0.0001393658749293536,0.0
298,adam,0.001,0.00048731757669884246,0.00012964461893716361,0.00022330369756673463,0.00013436925917176268,0.0,0.0005024039419367909,0.00015740911476314068,0.00023333144781645387,0.00011166337935719639,0.0
299,adam,0.001,0.000643775249045575,0.00015956472043399117,0.0002989907688970561,0.0001852197583502857,0.0,0.0003943147312384099,0.00010970511357299984,0.00020758164464496076,7.702796574449167e-05,0.0
300,adam,0.001,0.0005325311522028642,0.0001486158034822438,0.00028658397241088096,9.73313795498143e-05,0.0,0.0005803662352263927,0.00022010624525137246,0.0002796000917442143,8.065988367889076e-05,0.0
301,adam,0.001,0.0003695899558806559,0.0001224263723997865,0.00019483510550344363,5.232848207015195e-05,0.0,0.00047156139044091105,0.00010374557314207777,0.00017182814190164208,0.00019598766812123358,0.0
302,adam,0.001,0.00036821347384830005,0.00011130811162729515,0.000176613162693684,8.029219668514997e-05,0.0,0.0004871361015830189,0.00012148042878834531,0.00015807116869837046,0.00020758449682034552,0.0
303,adam,0.001,0.0004850598179473309,0.000132756489165331,0.000234305378398858,0.0001179979519747576,0.0,0.0004840294714085758,0.00012769992463290691,0.00017682724865153432,0.00017950231267604977,0.0
304,adam,0.001,0.0005437651143438416,0.00015788766904734075,0.00027678912829287583,0.00010908832166478533,0.0,0.0003407493932172656,0.0001333164982497692,0.00017618761921767145,3.124529393971898e-05,0.0
305,adam,0.001,0.0003919681075785775,0.00013929642682342092,0.00018347431705478812,6.919736642885255e-05,0.0,0.0004722802259493619,0.00014916519285179675,0.00028070679400116205,4.24082281824667e-05,0.0
306,adam,0.001,0.0005599373780569294,0.0001275519493901811,0.00022188304501469247,0.00021050238365205587,0.0,0.0004647062160074711,0.00012356886873021722,0.00022333279775921255,0.00011780456406995654,0.0
307,adam,0.001,0.00036284641100792214,0.00012055997649440542,0.00019106449508399237,5.1221937837908627e-05,0.0,0.00028452739934436977,0.00010222633864032105,0.0001667511824052781,1.5549894669675268e-05,0.0
308,adam,0.001,0.0002626876903377706,0.00010393684578957618,0.00013697066606255248,2.1780182578368112e-05,0.0,0.0003313682973384857,0.0001201402919832617,0.00019405476632528007,1.7173239029943943e-05,0.0
309,adam,0.001,0.0016332322047674097,0.0002073841437777446,0.0008188218371287803,0.0006070262073762933,0.0,0.001143364468589425,0.0002998331328853965,0.0004194169014226645,0.00042411437607370317,0.0
310,adam,0.001,0.0018159304017899558,0.00044384659122442827,0.0008533716518286383,0.0005187121578273945,0.0,0.0006955685093998909,0.00013774237595498562,0.0003434114623814821,0.0002144147001672536,0.0
311,adam,0.001,0.0006476048656622879,0.00015829670883249491,0.0003265767063567182,0.000162731455930043,0.0,0.00041615343070589006,0.00015009232447482646,0.00022819801233708858,3.7863086618017405e-05,0.0
312,adam,0.001,0.0003927097932319157,0.00014302211593530956,0.00019984250411653193,4.984516999684274e-05,0.0,0.0003795986413024366,0.0001308429054915905,0.00020788409165106714,4.0871655073715374e-05,0.0
313,adam,0.001,0.0003062546975343139,0.00011437193916208344,0.00015450198043254204,3.7380774472239864e-05,0.0,0.0002956083626486361,0.00011112374340882525,0.00016168985166586936,2.279474756505806e-05,0.0
314,adam,0.001,0.00027815416069643106,0.00010610001800159807,0.00014607244065700797,2.5981700673582964e-05,0.0,0.00030178166343830526,0.00010145500709768385,0.00017228256911039352,2.8044059945386834e-05,0.0
315,adam,0.001,0.00031999356724554673,0.00010421726483400562,0.00018372272370470455,3.205357813840237e-05,0.0,0.0003853457747027278,0.00010469381231814623,0.0002612345269881189,1.9417422663536854e-05,0.0
316,adam,0.001,0.00034750881968648173,0.00010820909346875851,0.00019362189868843416,4.567782525555231e-05,0.0,0.0004803073243238032,0.00014829963038209826,0.0002471799380145967,8.482775592710823e-05,0.0
317,adam,0.001,0.00037860039265069645,0.00011691447389239329,0.0001555164026285638,0.0001061695193129708,0.0,0.0004379861056804657,0.00010687244503060356,0.00019373581744730473,0.00013737786503043026,0.0
318,adam,0.001,0.0003493056447041454,0.00011973070513704442,0.0001534459161121049,7.612902874143401e-05,0.0,0.0004374234995339066,0.00012835126835852861,0.00018664938397705555,0.00012242284719832242,0.0
319,adam,0.001,0.00036705381717183627,0.0001109779268517741,0.0001666638595452241,8.941202816004079e-05,0.0,0.0002994243986904621,0.00010664294677553698,0.000144954290590249,4.782717223861255e-05,0.0
320,adam,0.001,0.000302360193018103,0.00010796156584547134,0.00015738401089038234,3.7014620716036006e-05,0.0,0.0002582604647614062,0.00010311025835108012,0.00014592145453207195,9.228753697243519e-06,0.0
321,adam,0.001,0.00038296804632409476,0.00011419241945986869,0.0002043664694610925,6.440915592520469e-05,0.0,0.0005356584442779422,0.00016370159573853016,0.00016738066915422678,0.00020457617938518524,0.0
322,adam,0.001,0.0008139036817738088,0.00013851045105184312,0.0003298585188531433,0.00034553471164144867,0.0,0.0004064422391820699,0.00012150591646786779,0.00023501210671383888,4.992420508642681e-05,0.0
323,adam,0.001,0.0003110645475317142,0.00012367222143438994,0.00015356514904851792,3.382717738986685e-05,0.0,0.0003464292094577104,0.00010926692630164325,0.00022774006356485188,9.42221322475234e-06,0.0
324,adam,0.001,0.00028955514426343143,0.00011299048446744564,0.00014788177759328391,2.8682879417374352e-05,0.0,0.0002826327399816364,0.00011061646364396438,0.0001587817387189716,1.3234521247795783e-05,0.0
325,adam,0.001,0.000270798773271963,0.00010660986436050734,0.00014170639815347386,2.2482512008537014e-05,0.0,0.00027997716097161174,0.00011738161992980167,0.00014625840412918478,1.6337147826561704e-05,0.0
326,adam,0.001,0.00034733840948319994,0.00011063140254918835,0.00013978913966639084,9.691786834764571e-05,0.0,0.0003519689489621669,0.0001492415030952543,0.00016660208348184824,3.612535510910675e-05,0.0
327,adam,0.001,0.0003182566579198465,0.00010727714925451437,0.0001561345061418251,5.4845002864567505e-05,0.0,0.0002646378125064075,9.596202289685607e-05,0.00014437554636970162,2.4300237782881595e-05,0.0
328,adam,0.001,0.00025877908956317697,9.373502552989521e-05,0.00013422817028185818,3.081589676412477e-05,0.0,0.00038805659278295934,0.0001140197564382106,0.00012300453090574592,0.0001510323054390028,0.0
329,adam,0.001,0.0013480855322995922,0.00020214720507283346,0.000764060055189475,0.0003818783011411142,0.0,0.0014118585968390107,0.00013732409570366144,0.0008585872710682452,0.00041594714275561273,0.0
330,adam,0.001,0.0008912998473533662,0.00015679780017308076,0.0004764071618410526,0.00025809487533479114,0.0,0.0010081338696181774,0.00012365347356535494,0.0006064185872673988,0.000278061896096915,0.0
331,adam,0.001,0.0005786763376818271,0.0001294040480388503,0.00034198757566628046,0.00010728471670518047,0.0,0.0003949426463805139,0.00011134629312437028,0.00021919891878496855,6.439742719521746e-05,0.0
332,adam,0.001,0.0003333925506012747,0.00011250362194914487,0.0001852069835877046,3.568194745184883e-05,0.0,0.0003508480731397867,0.0001614002976566553,0.00015904811152722687,3.0399634852074087e-05,0.0
333,adam,0.001,0.0002670718604349531,0.00012124168824811932,0.000124667817090085,2.1162358734727604e-05,0.0,0.00026248188805766404,0.0001001805649138987,0.0001545633131172508,7.738001841062214e-06,0.0
334,adam,0.001,0.0002786649165500421,0.0001045877884280344,0.0001352260023850249,3.885112005264091e-05,0.0,0.0005432924954220653,9.99408948700875e-05,0.00018018510309047997,0.0002631664974614978,0.0
335,adam,0.001,0.0006187433518789476,0.00015175558655755594,0.00015504574730584864,0.00031194201665130095,0.0,0.0005080983391962945,0.0001541380916023627,0.0001522781967651099,0.0002016820217249915,0.0
336,adam,0.001,0.0003540290153978276,0.0001207075297315896,0.0001736534250085242,5.9668065148343885e-05,0.0,0.00023852793674450368,0.00010818584996741265,0.00011928788444492966,1.1054199603677262e-05,0.0
337,adam,0.001,0.00030525680085702334,0.00010562583247519797,0.00014000717737872037,5.962379287893782e-05,0.0,0.00027874374063685536,0.00010067656694445759,0.00015036921831779182,2.7697929908754304e-05,0.0
338,adam,0.001,0.00029772533525829203,0.00010327235440854565,0.00013969209521746961,5.4760886314397794e-05,0.0,0.00024057361588347703,9.611575660528615e-05,0.00013260073319543153,1.1857117897307035e-05,0.0
339,adam,0.001,0.00025916495724231936,9.91808456092258e-05,0.00012816520802516607,3.181889894676715e-05,0.0,0.00040817647823132575,0.0001265683677047491,0.00023775310546625406,4.385501961223781e-05,0.0
340,adam,0.001,0.0006744238307874184,0.00011738910507119726,0.00026021872963610804,0.00029681600199182867,0.0,0.000556487066205591,9.854414383880794e-05,0.0002183517353842035,0.00023959115787874907,0.0
341,adam,0.001,0.00043946509049419546,0.00012089037090845522,0.00024336177057193709,7.52129434431481e-05,0.0,0.00028139117057435215,0.00011008677392965183,0.00013462592323776335,3.6678484320873395e-05,0.0
342,adam,0.001,0.0002618045118651935,0.00010310820061931736,0.00011974979588558199,3.8946515815041494e-05,0.0,0.00027369605959393084,0.00010301449947291985,0.000148690800415352,2.199076880060602e-05,0.0
343,adam,0.001,0.00031215559192787623,0.0001083862525774748,0.0001429708877367375,6.079845343265333e-05,0.0,0.0004774944973178208,0.0001281981822103262,0.00019047428213525563,0.00015882203297223896,0.0
344,adam,0.001,0.00037326719757402316,0.00012405485722410958,0.00017571957505424507,7.349276506829483e-05,0.0,0.00025844626361504197,9.855563257588074e-05,0.00013171248428989202,2.817814856825862e-05,0.0
345,adam,0.001,0.0003354593927724636,0.00012514838999777567,0.0001537428165647725,5.656818655097595e-05,0.0,0.0003067595243919641,0.00010466105595696718,0.0001418242754880339,6.02741856710054e-05,0.0
346,adam,0.001,0.0003564968546925229,0.0001152795825873909,0.0001635982266634528,7.761904737435543e-05,0.0,0.000972891750279814,0.00017457491776440293,0.0002529434277676046,0.0005453734192997217,0.0
347,adam,0.001,0.0010632150115270633,0.00023645830378882238,0.0004146940518694464,0.000412062659052026,0.0,0.00044772011460736394,0.00012755421630572528,0.00016526045510545373,0.00015490541409235448,0.0
348,adam,0.001,0.0005116810989420628,0.00013345972956813057,0.00027894035247300053,9.92810180378001e-05,0.0,0.0003168232797179371,0.00012757908552885056,0.00015249050920829177,3.6753674066858366e-05,0.0
349,adam,0.001,0.0003584330243029399,0.00011281072556812433,0.00021061639336039661,3.500590821658989e-05,0.0,0.00038916018093004823,0.00010571705206530169,0.00022920798801351339,5.423513357527554e-05,0.0
350,adam,0.001,0.0004199725663056597,0.00010012045822804794,0.00019686624636960914,0.00012298587148507067,0.0,0.0003511881805025041,0.0001228513428941369,0.00017594368546269834,5.2393163059605286e-05,0.0
351,adam,0.001,0.00035817328716802876,0.00010095193192682927,0.00015336020578615717,0.0001038611472949924,0.0,0.0003941584727726877,0.0001177941303467378,0.00018768456357065588,8.867977885529399e-05,0.0
352,adam,0.001,0.00027732592297979863,0.00010533158956604893,0.000134007266296976,3.798706859470258e-05,0.0,0.00026593240909278393,0.00010549186845310032,0.0001066241311491467,5.381641676649451e-05,0.0
353,adam,0.001,0.00036089535569772124,0.00010856636390599306,0.0002102719436152256,4.2057045675392146e-05,0.0,0.0003220740472897887,0.00013131801097188145,0.00012963854533154517,6.11174909863621e-05,0.0
354,adam,0.001,0.000322688704727625,0.00011957060496570193,0.00013922346124672913,6.38946428921372e-05,0.0,0.000250178505666554,0.00010445629595778883,0.0001168145245173946,2.890769246732816e-05,0.0
355,adam,0.001,0.0004949324693370727,0.00010600794166748528,0.00016188732615773915,0.0002270371956001327,0.0,0.0004120905068702996,0.00010039892367785797,0.00019735554815270007,0.00011433604231569916,0.0
356,adam,0.001,0.0004084609572601039,0.00011735886846508947,0.00021291926168487407,7.818282381322206e-05,0.0,0.0003669277357403189,0.00011172885569976643,0.0002105898893205449,4.460897616809234e-05,0.0
357,adam,0.001,0.00028259499595151283,0.0001014956151266233,0.0001510133643023437,3.0086016522545833e-05,0.0,0.0002704815415199846,0.0001128114527091384,0.00013083560043014586,2.6834497475647368e-05,0.0
358,adam,0.001,0.000360618162630999,0.00011109025444966392,0.00020498505227806163,4.454284896837635e-05,0.0,0.00035910995211452246,0.00014723557978868484,0.0001625254808459431,4.9348884203936905e-05,0.0
359,adam,0.001,0.00031013826628623065,0.00011991062501692795,0.00013636704761665897,5.386059069678595e-05,0.0,0.00033500161953270435,0.00011116949463030323,0.00016572026652283967,5.811184018966742e-05,0.0
360,adam,0.001,0.0003207782265235437,0.00010754988306871383,0.00016330848575307755,4.991986259028636e-05,0.0,0.0004517324850894511,0.00012022921873722225,0.0002528680197428912,7.863521750550717e-05,0.0
361,adam,0.001,0.0006501936477434356,0.00013347167987376451,0.00019639405491034267,0.00032032791341407574,0.0,0.0002886642760131508,0.00012581018381752074,0.00012942806642968208,3.342600030009635e-05,0.0
362,adam,0.001,0.00041394663821847644,0.00011340359560563229,0.0002485763916411088,5.196665142648271e-05,0.0,0.0007067640544846654,0.0001084519099094905,0.0005336154717952013,6.469664367614314e-05,0.0
363,adam,0.001,0.00043262472354399506,0.00010959545079458621,0.00026795049734573695,5.507878063326643e-05,0.0,0.00023271980171557516,8.488264575134963e-05,0.00012395285011734813,2.38843076658668e-05,0.0
364,adam,0.001,0.00026266523491358384,9.718406590764062e-05,0.0001257360390809481,3.974513083448983e-05,0.0,0.00022733843070454895,9.017763659358025e-05,9.956028225133196e-05,3.760051913559437e-05,0.0
365,adam,0.001,0.0003503176376398187,9.622067727832473e-05,0.00019105976934952196,6.303718646449852e-05,0.0,0.000540050445124507,9.352747292723507e-05,0.0002925108710769564,0.00015401214477606118,0.0
366,adam,0.001,0.00041415681880607735,0.00010872178700083168,0.00020947968323525856,9.59553482289266e-05,0.0,0.0003483947366476059,9.783625864656642e-05,0.00019169771985616535,5.886076542083174e-05,0.0
367,adam,0.001,0.0003283264650235651,0.00010913181085925316,0.0001678820540291781,5.131260024882067e-05,0.0,0.000321871048072353,9.658392809797078e-05,0.00018836907111108303,3.6918070691172034e-05,0.0
368,adam,0.001,0.00032043567989603616,9.660051591708907e-05,0.00017389602498951717,4.993914444639813e-05,0.0,0.00028703815769404173,8.36695107864216e-05,0.00011243305198149756,9.093558037420735e-05,0.0
369,adam,0.001,0.0002796012831822736,9.065835547517054e-05,0.00015289305565602263,3.604987284688832e-05,0.0,0.00028804404428228736,9.132506238529459e-05,0.00013075958122499287,6.595941522391513e-05,0.0
370,adam,0.001,0.0008410901591560105,0.0002280152957609971,0.00025192796010742313,0.0003611469160205161,0.0,0.00035360941546969116,0.00016878140741027892,0.0001424109359504655,4.24170502810739e-05,0.0
371,adam,0.001,0.0003587870087358169,0.00014220020966604352,0.0001566641558383708,5.992263947973697e-05,0.0,0.00026782878558151424,0.00010517502960283309,0.00012879905989393592,3.385468517080881e-05,0.0
372,adam,0.001,0.00025791427287913393,0.0001029426048262394,0.00012399716251820792,3.0974504454661655e-05,0.0,0.00023129185137804598,8.826139674056321e-05,0.00013164637493900955,1.1384076060494408e-05,0.0
373,adam,0.001,0.0009691917985037435,0.00011315075880702352,0.00040651228937349515,0.00044952876999104774,0.0,0.0019986366387456656,0.0001678734115557745,0.0010453863069415092,0.0007853768183849752,0.0
374,adam,0.001,0.002366916749451775,0.00032690068110241555,0.0016342295330105117,0.0004057865512550052,0.0,0.00152301206253469,0.00044839276233687997,0.0005116099491715431,0.0005630094092339277,0.0
375,adam,0.001,0.0008563216142647434,0.00020245128507667687,0.0003856956336676376,0.00026817469642992364,0.0,0.0005403560935519636,0.00016509131819475442,0.00023135148512665182,0.0001439132756786421,0.0
376,adam,0.001,0.00038877836414030753,0.00015386244831461227,0.00016277944632747676,7.213647381831834e-05,0.0,0.00032118739909492433,0.00013293451047502458,0.00014871764869894832,3.9535265386803076e-05,0.0
377,adam,0.001,0.00024901636243157554,0.00010539499862716184,0.00011026291394955479,3.3358448035869515e-05,0.0,0.0002219796006102115,9.75294824456796e-05,0.00010943219967884943,1.5017926671134774e-05,0.0
378,adam,0.001,0.00027453310394776054,9.567641473040567e-05,0.0001032276436490065,7.56290450567576e-05,0.0,0.00025935861049219966,9.979979950003326e-05,0.0001257827680092305,3.377605025889352e-05,0.0
379,adam,0.001,0.00020084936841158196,9.114654085351503e-05,9.6053170182131e-05,1.3649655301151142e-05,0.0,0.00019734578381758183,8.32597870612517e-05,0.00010506565013201907,9.020342076837551e-06,0.0
380,adam,0.001,0.0001964685061466298,8.603035075793741e-05,9.675166347733466e-05,1.3686492366105085e-05,0.0,0.00019660824909806252,8.787154365563765e-05,9.884135943138972e-05,9.895353286992759e-06,0.0
381,adam,0.001,0.00043753172849392286,9.303603064836352e-05,0.00013837432834407082,0.00020612136478348475,0.0,0.000295677047688514,0.00010920572822215036,0.0001223788713105023,6.409245543181896e-05,0.0
382,adam,0.001,0.00025482155979261734,9.927896371664247e-05,0.00012195752606203314,3.358506808126549e-05,0.0,0.0003045526391360909,0.00010768594074761495,0.00015646572865080088,4.040098428959027e-05,0.0
383,adam,0.001,0.00022558337605005363,9.082538144866703e-05,0.00011505655811561155,1.970143688367898e-05,0.0,0.00020119387772865593,9.604438673704863e-05,9.611963469069451e-05,9.029859938891605e-06,0.0
384,adam,0.001,0.00020757796210091328,8.346451704710489e-05,0.00010540475705056451,1.8708689083268837e-05,0.0,0.00028371604275889695,8.8150889496319e-05,0.00011963111319346353,7.593404006911442e-05,0.0
385,adam,0.001,0.0002933847608801443,0.00010344193015043857,0.000118021278467495,7.192155646862375e-05,0.0,0.00020801920618396252,8.67665876285173e-05,9.997176675824448e-05,2.1280853616190143e-05,0.0
386,adam,0.001,0.00022418621756514767,8.822924519336084e-05,0.00010025419351222808,3.570277641529174e-05,0.0,0.00020654169202316552,7.611743058077991e-05,0.00011902557889698073,1.1398670721973758e-05,0.0
387,adam,0.001,0.00022398728287953418,8.272198328995728e-05,0.00010346722046961077,3.7798076078843224e-05,0.0,0.0002401461824774742,8.623318717582151e-05,0.00010212460620095953,5.178839273867197e-05,0.0
388,adam,0.001,0.0002266901929033338,8.396178964176215e-05,0.00010357632345403545,3.915208083071775e-05,0.0,0.0002233779669040814,8.76124540809542e-05,0.00011727205128408968,1.8493465177016333e-05,0.0
389,adam,0.001,0.00024114688221743563,8.300444005726604e-05,0.00010344591419197968,5.4696527740816236e-05,0.0,0.0007125864503905177,0.00010466502862982452,0.00017642696911934763,0.0004314944671932608,0.0
390,adam,0.001,0.000945808209507959,0.00018665067591427942,0.0004396834501676494,0.00031947406750987284,0.0,0.0006712976028211415,0.00021990470122545958,0.000376676965970546,7.471595745300874e-05,0.0
391,adam,0.001,0.00043480046406330075,0.0001797707468540466,0.00020130622351643979,5.3723499036095745e-05,0.0,0.0002863769477698952,0.0001270253414986655,0.00012224992678966373,3.7101690395502374e-05,0.0
392,adam,0.001,0.0002460700325173093,0.00010343101030230173,0.00011175530698892544,3.088371823878333e-05,0.0,0.00027327085263095796,9.764489368535578e-05,0.00011778275074902922,5.7843211834551767e-05,0.0
393,adam,0.001,0.00023239250094775343,9.154112649412127e-05,0.00010045186718343757,4.039950835021955e-05,0.0,0.00038855354068800807,9.756359941093251e-05,0.00010231737542198971,0.00018867255130317062,0.0
394,adam,0.001,0.0003525107767927693,8.601892750448314e-05,0.00013880655387765728,0.00012768529461482103,0.0,0.0004525880503933877,0.00010340382141293958,0.00033343146787956357,1.5752759281895123e-05,0.0
395,adam,0.001,0.00024146955820469884,9.232121055902098e-05,0.0001317563328484539,1.7392016388839693e-05,0.0,0.00020301740732975304,8.153555245371535e-05,0.00011022644321201369,1.1255408026045188e-05,0.0
396,adam,0.001,0.0001825093186198501,7.60425541557197e-05,9.353922678201343e-05,1.292753682946568e-05,0.0,0.00019033212447538972,7.680401904508471e-05,9.436978871235624e-05,1.9158327631885186e-05,0.0
397,adam,0.001,0.0003689979675982613,8.510972566000419e-05,0.00014755570055058342,0.00013633253797706857,0.0,0.001013761735521257,0.0001268057822016999,0.00033109926152974367,0.0005558566772378981,0.0
398,adam,0.001,0.0005561580392168253,0.00011502474353619618,0.00031745714477438014,0.00012367616204755905,0.0,0.0005040556425228715,0.00013057829346507788,0.0003314893110655248,4.1988030716311187e-05,0.0
399,adam,0.001,0.00037878769580856897,0.00012369209343887633,0.0001787186783985817,7.637692544903985e-05,0.0,0.00026626576436683536,9.04753542272374e-05,0.00014116607781033963,3.46243214153219e-05,0.0
400,adam,0.001,0.0003041674344785861,0.0001073505986823875,0.00011700917002599454,7.980766531545669e-05,0.0,0.00029019740759395063,9.244737157132477e-05,0.00012572092236950994,7.202911365311593e-05,0.0
401,adam,0.001,0.00026179931319347816,8.28094362077536e-05,0.00014203136788637494,3.695850557505764e-05,0.0,0.00030429792241193354,9.679504000814632e-05,0.0001699722051853314,3.753066994249821e-05,0.0
402,adam,0.001,0.0003730102680492564,9.530188617645763e-05,0.00016603401218162617,0.0001116743675311227,0.0,0.00033128258655779064,7.583588012494147e-05,0.0002233469858765602,3.2099724194267765e-05,0.0
403,adam,0.001,0.0002451763102726545,9.493958395978552e-05,0.00012147466804890428,2.8762061788256688e-05,0.0,0.0001814289717003703,7.162426481954753e-05,8.782713848631829e-05,2.197756475652568e-05,0.0
404,adam,0.001,0.00021677558470400982,8.091519066510955e-05,0.00011011963852070039,2.574075330130654e-05,0.0,0.0003793769865296781,7.706903852522373e-05,0.00016101301298476756,0.00014129493501968682,0.0
405,adam,0.001,0.0007605605151184136,0.00014969214498705696,0.00045202787850939785,0.0001588404925314535,0.0,0.00029011262813583016,0.00010252762149320915,0.0001690672361291945,1.8517786884331144e-05,0.0
406,adam,0.001,0.00074878101622744,0.0001396848565491382,0.00041819479292826145,0.00019090136947852443,0.0,0.0005156976985745132,0.00015274934412445873,0.0002993134839925915,6.363487773342058e-05,0.0
407,adam,0.001,0.0003557979598554084,0.0001214582152897492,0.00015164275964707485,8.269698071217135e-05,0.0,0.00025309264310635626,0.00011438143701525405,9.621512435842305e-05,4.249607809470035e-05,0.0
408,adam,0.001,0.00023351041636487935,8.499179011778324e-05,0.00011717109873643494,3.134752785172168e-05,0.0,0.00024911004584282637,8.249628444900736e-05,0.00011556725803529844,5.1046492444584146e-05,0.0
409,adam,0.001,0.0002736721808105358,8.459506352664903e-05,0.00010825149593074457,8.082562294475792e-05,0.0,0.00022901185730006546,7.742558955214918e-05,0.00013745654723607004,1.4129726878309157e-05,0.0
410,adam,0.001,0.000254302610301238,9.509298297416535e-05,0.00010534813009144273,5.386149911146276e-05,0.0,0.00023595441598445177,0.00010624860442476347,0.00010745057807071134,2.2255231669987552e-05,0.0
411,adam,0.001,0.00020131040309934178,7.941566263980349e-05,9.789813111638068e-05,2.3996609371579325e-05,0.0,0.00017473501793574542,7.736389670753852e-05,8.799804345471784e-05,9.373080501973163e-06,0.0
412,adam,0.001,0.00022843387341708876,7.36643310119689e-05,0.00010141974462385406,5.3349802783486666e-05,0.0,0.0008359954226762056,0.00011819494102383032,0.00018279990763403475,0.0005350005812942982,0.0
413,adam,0.001,0.0005822592975164298,0.00013209121289037284,0.00021399265779109555,0.00023617542603915354,0.0,0.0002910607436206192,0.0001237069518538192,0.0001378671295242384,2.9486673156498e-05,0.0
414,adam,0.001,0.0002566852781455964,0.00011297687797195977,0.00011016621647286229,3.354218557660715e-05,0.0,0.0002004749549087137,8.050193719100207e-05,0.00010229887266177684,1.7674137779977173e-05,0.0
415,adam,0.001,0.0001969771374206175,8.063712220973684e-05,9.1904006239929e-05,2.4436008914108243e-05,0.0,0.00017089654284063727,7.620696851518005e-05,8.287342643598095e-05,1.1816146070486866e-05,0.0
416,adam,0.001,0.00018724864639807492,7.449062400155526e-05,9.213479734171415e-05,2.062322485585355e-05,0.0,0.00021392352937255055,7.555112824775279e-05,0.00011393127351766452,2.4441123969154432e-05,0.0
417,adam,0.001,0.0001708841991785448,7.044882750051329e-05,8.544276488464675e-05,1.4992605002817072e-05,0.0,0.00023599830456078053,7.213965727714822e-05,0.00014247201033867896,2.1386627850006334e-05,0.0
418,adam,0.001,0.00021894536257605068,7.053502463350014e-05,0.0001086721867977758,3.973814864366432e-05,0.0,0.0006550311809405684,7.49278551666066e-05,0.00019731983775272965,0.00038278347346931696,0.0
419,adam,0.001,0.001157388851424912,0.00022841505506221438,0.0005678837169398321,0.00036109008397033904,0.0,0.0009591033449396491,0.0003479330043774098,0.00039376027416437864,0.0002174100372940302,0.0
420,adam,0.001,0.000471044157166034,0.00017732245396473445,0.00019657428356367745,9.714742316191405e-05,0.0,0.00027401084662415087,0.00010368788935011253,0.00013374835543800145,3.6574620025930926e-05,0.0
421,adam,0.001,0.0002611621384858154,0.00010228443579762825,0.00010329967381039751,5.5578029105163296e-05,0.0,0.00027825968572869897,9.150993719231337e-05,0.00013536868209484965,5.138107735547237e-05,0.0
422,adam,0.001,0.00022483974498754833,7.643277376701008e-05,0.00011034127692255424,3.8065693473754436e-05,0.0,0.00025937947793863714,7.466231909347698e-05,0.00011445095151429996,7.026621460681781e-05,0.0
423,adam,0.001,0.0001845010610850295,6.937709736121178e-05,8.597977193858242e-05,2.9144192467356334e-05,0.0,0.00023894436890259385,7.532683230238035e-05,0.00013482500799000263,2.8792543162126094e-05,0.0
424,adam,0.001,0.0001760909945005551,6.875087910884758e-05,8.583035969422781e-05,2.1509758312276972e-05,0.0,0.0002532361540943384,6.569824472535402e-05,0.00011167760385433212,7.58603127906099e-05,0.0
425,adam,0.001,0.00024166107323253527,6.955966978239303e-05,0.00011905602514161728,5.304537870642889e-05,0.0,0.00018832790374290198,7.540165825048462e-05,9.483519534114748e-05,1.8091046513291076e-05,0.0
426,adam,0.001,0.0001750143255776493,7.101364099071361e-05,8.622937571090006e-05,1.7771307909697498e-05,0.0,0.00017712963744997978,6.730126187903807e-05,7.982277020346373e-05,3.000560900545679e-05,0.0
427,adam,0.001,0.0002667268199729733,7.62892741477117e-05,0.0001341406159554026,5.629692839193012e-05,0.0,0.001065060030668974,0.00012987700756639242,0.00042603150359354913,0.0005091514904052019,0.0
428,adam,0.001,0.0015748906262160745,0.00021267089323373511,0.0007656453199160751,0.000596574407609296,0.0,0.0010921331122517586,0.00017912869225256145,0.0008425709675066173,7.043342338874936e-05,0.0
429,adam,0.001,0.0005286836221785052,0.0001545938930576085,0.00024092129478958668,0.00013316842637323134,0.0,0.000604419969022274,0.0002267909439979121,0.00021977900178171694,0.00015785006689839065,0.0
430,adam,0.001,0.0003581952742024441,0.00012908513053844217,0.0001275270396945416,0.0001015830974893106,0.0,0.0002681348123587668,9.012120426632464e-05,0.0001500814687460661,2.7932150260312483e-05,0.0
431,adam,0.001,0.00020550127374008298,8.302437117890804e-05,0.00010192144964094041,2.0555453033921367e-05,0.0,0.00018884825112763792,7.668568287044764e-05,9.493374091107398e-05,1.7228827346116304e-05,0.0
432,adam,0.001,0.00019888816586899338,7.309485022233275e-05,0.00011382124603187549,1.1972070609544971e-05,0.0,0.0001897416659630835,7.531042501796037e-05,9.374850196763873e-05,2.0682738977484405e-05,0.0
433,adam,0.001,0.0002160031153835007,7.289260679499421e-05,9.688113004813204e-05,4.622937819931394e-05,0.0,0.0002794950269162655,8.747074753046036e-05,0.00014317095337901264,4.8853315092856064e-05,0.0
434,adam,0.001,0.00020681466412497684,7.782956163282506e-05,8.925211432142532e-05,3.9732988767582356e-05,0.0,0.00018900461145676672,8.360490028280765e-05,8.718155731912702e-05,1.821815749281086e-05,0.0
435,adam,0.001,0.00019421831439103698,7.357060485446709e-05,0.00010979573198710568,1.085197800421156e-05,0.0,0.0004963066894561052,9.353239875053987e-05,0.000385105813620612,1.766846799000632e-05,0.0
436,adam,0.001,0.00035520352685125545,9.81679199867358e-05,0.00014817676128586754,0.00010885884489653108,0.0,0.0002426252031000331,0.00010515762551221997,0.00011713573621818796,2.0331839550635777e-05,0.0
437,adam,0.001,0.00019925900505768368,8.385403043575934e-05,9.013285762193846e-05,2.527211461256229e-05,0.0,0.00022433047706726938,9.210774442180991e-05,0.00011772038124036044,1.4502346857625525e-05,0.0
438,adam,0.001,0.0002662458409758983,9.475354363530641e-05,0.00013266208111417654,3.8830214919016726e-05,0.0,0.0002330140705453232,8.252346742665395e-05,0.0001329908409388736,1.749977127474267e-05,0.0
439,adam,0.001,0.00022363945572578814,7.76223314460367e-05,0.00011201941811123106,3.399770707801508e-05,0.0,0.00021407102758530527,6.542198389070109e-05,0.00011787170660682023,3.077734072576277e-05,0.0
440,adam,0.001,0.0002073800105790724,7.23729563105735e-05,0.0001056232867995277,2.938376843530932e-05,0.0,0.0001462738000554964,6.505206692963839e-05,7.457729225279763e-05,6.644452241744148e-06,0.0
441,adam,0.001,0.000264084661466768,6.785322739233379e-05,8.916433398553636e-05,0.00010706710119734453,0.0,0.0014136097161099315,8.20797577034682e-05,0.00026709368103183806,0.0010644362773746252,0.0
442,adam,0.001,0.0007687583911319962,0.00016067264004959725,0.00031307652716350276,0.00029500921118597034,0.0,0.00044548261212185025,0.00017428694991394877,0.00023939287348184735,3.180280327796936e-05,0.0
443,adam,0.001,0.0002900996732932981,0.00011248296004851,0.00011544603557922528,6.217068101932455e-05,0.0,0.0002135662653017789,8.924528083298355e-05,0.0001127471259678714,1.1573872143344488e-05,0.0
444,adam,0.001,0.0001722843016978004,7.658636513951933e-05,8.190145854314324e-05,1.3796479663596983e-05,0.0,0.00020572116773109883,8.526750025339425e-05,0.00011213190737180412,8.321761015395168e-06,0.0
445,adam,0.001,0.00018828626707545482,7.064544251988991e-05,9.855082475951349e-05,1.908999814759227e-05,0.0,0.000204167197807692,7.72074272390455e-05,8.617225103080273e-05,4.0787519537843764e-05,0.0
446,adam,0.001,0.00018122590699931607,7.375787527053035e-05,8.370694217774144e-05,2.3761090858442913e-05,0.0,0.00019426635117270052,7.796417776262388e-05,0.0001036244721035473,1.2677697668550536e-05,0.0
447,adam,0.001,0.00020303454311942915,8.327455861945054e-05,8.904853234525945e-05,3.07114489714877e-05,0.0,0.00035030560684390366,0.00012153432908235118,0.0001726733025861904,5.609798972727731e-05,0.0
448,adam,0.001,0.0005380064158089226,9.502956891083159e-05,0.00020504029407675262,0.00023793655827830662,0.0,0.0003254245675634593,8.892955520423129e-05,0.00021965641644783318,1.6838590454426594e-05,0.0
449,adam,0.001,0.00022568712938664248,8.0212883403874e-05,0.00011442460072430549,3.104964673639188e-05,0.0,0.00042527593905106187,7.194114004960284e-05,0.00034221584792248905,1.1118939255538862e-05,0.0
450,adam,0.001,0.0002569842108641751,7.496684224861383e-05,0.0001501269020991458,3.189046850593513e-05,0.0,0.00018102882313542068,7.70499391364865e-05,7.972941239131615e-05,2.4249477064586245e-05,0.0
451,adam,0.001,0.00021120402925589588,7.312765274036792e-05,0.00011269904734945158,2.5377328370268515e-05,0.0,0.00016365818737540394,6.395574018824846e-05,8.290855475934222e-05,1.6793885151855648e-05,0.0
452,adam,0.001,0.00016518776101293042,7.484091179321695e-05,7.37539924102748e-05,1.6592856582064996e-05,0.0,0.00015990386600606143,6.631866563111544e-05,8.276002336060628e-05,1.0825175195350312e-05,0.0
453,adam,0.001,0.0013719807739107637,0.000285423594959866,0.0005826337346661603,0.0005039234475816556,0.0,0.001046751975081861,0.00021465889585670084,0.00047927824198268354,0.0003528148226905614,0.0
454,adam,0.001,0.00048381908891315106,0.00015448333988388185,0.0002255288363812724,0.0001038069162859756,0.0,0.00032270088559016585,0.00010690870112739503,0.0001331167877651751,8.267539669759572e-05,0.0
455,adam,0.001,0.0004912368840450654,0.00010714449535953463,0.0001988251474358549,0.0001852672316999815,0.0,0.0004317390266805887,7.229496986838058e-05,0.00025188460131175816,0.00010755945550044999,0.0
456,adam,0.001,0.00027897873042093124,8.139042620314285e-05,0.0001487887921030051,4.8799511546349095e-05,0.0,0.00026215091929771006,7.600941171403974e-05,9.783490531845018e-05,8.830660954117775e-05,0.0
457,adam,0.001,0.00020604374822141835,7.162281576711393e-05,8.912005114325439e-05,4.5300880344711913e-05,0.0,0.0001788916706573218,8.303185313707218e-05,7.303422171389684e-05,2.2825601263321005e-05,0.0
458,adam,0.001,0.00016645623782096663,6.86790024246875e-05,8.233460039264173e-05,1.544263236041843e-05,0.0,0.0001583990961080417,6.903104804223403e-05,7.8362732892856e-05,1.1005307896994054e-05,0.0
459,adam,0.001,0.00014258990177040687,6.324990226858063e-05,7.271186132129515e-05,6.628141363762552e-06,0.0,0.000168858197866939,6.821702845627442e-05,9.358119132230058e-05,7.059971721901093e-06,0.0
460,adam,0.001,0.0001938967252499424,6.340278378047515e-05,8.207450082409196e-05,4.8419440304314776e-05,0.0,0.00030277131008915603,7.384317723335698e-05,0.00011314095900161192,0.00011578718113014475,0.0
461,adam,0.001,0.00020125874380028108,6.812396054556302e-05,0.00010058286670755479,3.25519133070884e-05,0.0,0.0001469549024477601,6.631212454522029e-05,6.879252032376826e-05,1.1850263035739772e-05,0.0
462,adam,0.001,0.00017919112451636465,6.94067568929313e-05,7.874540915508987e-05,3.103896102629733e-05,0.0,0.0001937054912559688,6.219221540959552e-05,9.731896716402844e-05,3.419431232032366e-05,0.0
463,adam,0.001,0.0002029633633355843,6.862173245281156e-05,9.910857716022292e-05,3.5233054632044514e-05,0.0,0.0002499233523849398,8.400109072681516e-05,8.943324064603075e-05,7.64890355640091e-05,0.0
464,adam,0.001,0.00018535788785811746,6.9963298528819e-05,8.047444930525671e-05,3.492014238304364e-05,0.0,0.00016296847024932504,5.9626174333970994e-05,7.931457366794348e-05,2.4027711333474144e-05,0.0
465,adam,0.001,0.00016844034962559817,6.706581257276412e-05,8.52629091241397e-05,1.6111629747683764e-05,0.0,0.00028778373962268233,8.067025191849098e-05,0.00017845122783910483,2.8662279873969965e-05,0.0
466,adam,0.001,0.0002850722185030463,8.750872120799613e-05,0.0001493488948653976,4.8214604021268315e-05,0.0,0.00041173514910042286,6.139031029306352e-05,0.00027431221678853035,7.603263657074422e-05,0.0
467,adam,0.001,0.0003552393091013073,8.495339830005832e-05,0.0001693056710792007,0.0001009802394946746,0.0,0.00034598258207552135,8.16454048617743e-05,0.00024350745661649853,2.082972787320614e-05,0.0
468,adam,0.001,0.0002744002158578951,8.284535033453722e-05,0.0001444685144633695,4.7086348558877944e-05,0.0,0.00025099984486587346,7.375637505901977e-05,0.00014091718185227364,3.632630250649527e-05,0.0
469,adam,0.001,0.0001673879678492085,6.855576657471829e-05,7.441757497872459e-05,2.4414625045210414e-05,0.0,0.00017937681695912033,7.626356818946078e-05,8.849555160850286e-05,1.4617708075093105e-05,0.0
470,adam,0.001,0.00020170901279925602,6.773863469788921e-05,8.704991614649771e-05,4.692046084642243e-05,0.0,0.00037867206265218556,8.557602996006608e-05,9.235282777808607e-05,0.0002007432049140334,0.0
471,adam,0.001,0.0003309747735329438,9.813330007091281e-05,0.0001454335761081893,8.740789803596272e-05,0.0,0.00029023695969954133,7.133792678359896e-05,0.00013435476284939796,8.45442627905868e-05,0.0
472,adam,0.001,0.00028098730126657756,7.441389129780873e-05,0.0001555401781843102,5.1033236047715036e-05,0.0,0.0003595000598579645,8.900100510800257e-05,0.00025331886718049645,1.7180182112497278e-05,0.0
473,adam,0.001,0.000259014990660944,7.222275462481775e-05,0.00015131011514313286,3.5482126975239225e-05,0.0,0.000219283887417987,8.231809624703601e-05,8.143303421093151e-05,5.553275696001947e-05,0.0
474,adam,0.001,0.00022025320049579022,6.65137515625247e-05,8.697674138602451e-05,6.676270936623041e-05,0.0,0.00016512602451257408,6.051525633665733e-05,8.541153511032462e-05,1.919923488458153e-05,0.0
475,adam,0.001,0.00026587845241010655,8.231772335420828e-05,0.00012813874127459712,5.542198732655379e-05,0.0,0.00021398472017608583,9.157668682746589e-05,8.28973061288707e-05,3.951071630581282e-05,0.0
476,adam,0.001,0.0002950047355625429,0.00010341562301618978,0.00011792124314524699,7.366787315277179e-05,0.0,0.00015411293134093285,7.013768481556326e-05,7.026112143648788e-05,1.3714137821807526e-05,0.0
477,adam,0.001,0.00018434222874930128,7.082333809194097e-05,7.947615540615516e-05,3.404273331852892e-05,0.0,0.0001896815956570208,6.121437036199495e-05,0.00011441567039582878,1.4051562175154686e-05,0.0
478,adam,0.001,0.00021223990734142717,6.49994158266054e-05,0.00010746919861048809,3.977129375698496e-05,0.0,0.0004403752973303199,6.414220115402713e-05,0.00013742639566771686,0.00023880672233644873,0.0
479,adam,0.001,0.00041032159151654923,8.175529865184217e-05,0.00012910513760289177,0.0001994611483269182,0.0,0.00035086373100057244,0.00012212824367452413,0.00014813053712714463,8.060495019890368e-05,0.0
480,adam,0.001,0.00030237738610594533,9.565212985762628e-05,0.0001388001455779886,6.79251080555332e-05,0.0,0.00018191109120380133,6.843383744126186e-05,9.007174230646342e-05,2.3405516913044266e-05,0.0
481,adam,0.001,0.00035409793963481206,9.39688281960116e-05,0.0001851198276199284,7.500928438730625e-05,0.0,0.0004151018802076578,0.00014895666390657425,0.00018774159252643585,7.84036164986901e-05,0.0
482,adam,0.001,0.0003715846714840154,9.665325069363462e-05,0.00022804978561907774,4.688163562605041e-05,0.0,0.0004055174649693072,0.0001393663405906409,0.0001204747604788281,0.00014567635662388057,0.0
483,adam,0.001,0.0003201225763405091,9.859946203505388e-05,0.00011801605660366477,0.00010350706224926398,0.0,0.00031105868401937187,0.00012695937766693532,0.00011584632011363283,6.825298623880371e-05,0.0
484,adam,0.001,0.0002334219061594922,9.590570493855921e-05,9.163932963929255e-05,4.58768699331813e-05,0.0,0.0001788515946827829,8.17267646198161e-05,7.738257409073412e-05,1.9742265067179687e-05,0.0
485,adam,0.001,0.0003225395339541137,7.934122049846337e-05,0.0001208681733260164,0.000122330140612803,0.0,0.0005123753799125552,9.677200432633981e-05,0.00015272831660695374,0.00026287505170330405,0.0
486,adam,0.001,0.0002780375343718333,7.112903563211148e-05,0.0001478275833051157,5.908091810624683e-05,0.0,0.0001803276827558875,7.328381616389379e-05,8.688090747455135e-05,2.0162966393399984e-05,0.0
487,adam,0.001,0.0001641069302422693,6.282369281507272e-05,8.472578792861896e-05,1.6557449441734207e-05,0.0,0.00020581009448505938,7.434830331476405e-05,0.00011172836093464866,1.973343751160428e-05,0.0
488,adam,0.001,0.00019107240314042429,7.553923546765873e-05,8.469295789836906e-05,3.084021108179513e-05,0.0,0.00016187796427402645,5.876378418179229e-05,7.161584653658792e-05,3.1498329917667434e-05,0.0
489,adam,0.001,0.00019228867859055754,6.024841718499374e-05,0.0001158784725703299,1.616178940366808e-05,0.0,0.00017832605226431042,6.309511081781238e-05,0.00010342132009100169,1.1809615898528136e-05,0.0
490,adam,0.001,0.00024508276874257717,6.594941669391119e-05,0.0001156027401520987,6.353061411346062e-05,0.0,0.0002442244440317154,8.72547461767681e-05,0.00012032165977871045,3.664804535219446e-05,0.0
491,adam,0.001,0.00019087058080913266,7.147574683585844e-05,9.101389764509804e-05,2.8380935987115663e-05,0.0,0.00016074928862508386,7.078870112309232e-05,8.028727461351082e-05,9.673319254943635e-06,0.0
492,adam,0.001,0.0001637860614209785,6.009464505041251e-05,8.817935622573714e-05,1.5512060599576216e-05,0.0,0.00020663713803514838,7.475956226699054e-05,9.555665019433945e-05,3.632091829786077e-05,0.0
493,adam,0.001,0.0003614301158449962,7.436243163283507e-05,0.00015098541666702658,0.00013608227123995675,0.0,0.00025587735581211746,7.337048737099394e-05,0.00013170555757824332,5.080132177681662e-05,0.0
494,adam,0.001,0.0002759255512501113,7.317282688745763e-05,0.00013788617434329353,6.486654990567331e-05,0.0,0.0002458870876580477,0.00011353185982443392,8.690207323525101e-05,4.545316187432036e-05,0.0
495,adam,0.001,0.00020309061346779345,7.897261866673944e-05,7.996574026947201e-05,4.4152254872642516e-05,0.0,0.00018686216208152473,5.618162686005235e-05,0.00011825106048490852,1.2429476555553265e-05,0.0
496,adam,0.001,0.00015677233432143112,5.9813743973791134e-05,8.268727174254309e-05,1.427131780928903e-05,0.0,0.00014921095862518996,5.848690489074215e-05,7.311475928872824e-05,1.760928898875136e-05,0.0
497,adam,0.001,0.00043206504778936505,0.00010424710853840224,0.00020036427463310247,0.00012745366245781042,0.0,0.0002509873593226075,8.702453487785533e-05,0.00011323375656502321,5.072907151770778e-05,0.0
498,adam,0.001,0.00023341952510236297,7.302247217921831e-05,9.626174596633064e-05,6.413530832105607e-05,0.0,0.00020601105643436313,6.736031355103478e-05,9.188886178890243e-05,4.676188109442592e-05,0.0
499,adam,0.001,0.0001993091809708858,7.276433666447701e-05,9.549917967888177e-05,3.104566593492564e-05,0.0,0.00019838429579976946,7.32645858079195e-05,9.060714364750311e-05,3.451255906838924e-05,0.0
500,adam,0.0005,0.00019478368949421565,6.675997951788304e-05,9.971798090191442e-05,2.8305725749078192e-05,0.0,0.00013296438555698842,5.4543474107049406e-05,7.000047480687499e-05,8.420433914579917e-06,0.0
501,adam,0.0005,0.00011206756153114839,5.0939692755491706e-05,5.601588691206416e-05,5.111981124628073e-06,0.0,0.00011784474918385968,5.364987373468466e-05,6.025804395903833e-05,3.936828306905227e-06,0.0
502,adam,0.0005,0.00010500976486582658,5.006411697650037e-05,5.176525132810639e-05,3.1803956801468303e-06,0.0,0.0001129191296058707,5.2504856284940615e-05,5.7754274166654795e-05,2.659993469933397e-06,0.0
503,adam,0.0005,0.00010275782233293285,4.8947025561574264e-05,5.087326189823216e-05,2.9375346031201843e-06,0.0,0.00011159096902702004,5.099109694128856e-05,5.807178240502253e-05,2.528089680708945e-06,0.0
504,adam,0.0005,0.00010138265861314721,4.775194042849762e-05,5.0674062777034123e-05,2.9566548249704283e-06,0.0,0.00012068064097547904,5.686471922672354e-05,5.98350161453709e-05,3.980905148637248e-06,0.0
505,adam,0.0005,0.00010861957480301498,4.912299164061551e-05,5.579484468398732e-05,3.7017382510384778e-06,0.0,0.00011323516810080037,4.958858698955737e-05,6.041013330104761e-05,3.2364489470637636e-06,0.0
506,adam,0.0005,0.00010800936252053361,4.90224406348716e-05,5.489412910719693e-05,4.092793020049612e-06,0.0,0.00011530634947121143,5.091258208267391e-05,6.115402356954291e-05,3.2397422273788834e-06,0.0
507,adam,0.0005,0.00010104439115821151,4.764817595059867e-05,4.9338740382154356e-05,4.057475351260109e-06,0.0,0.00011105871817562729,5.084970689495094e-05,5.7211545936297625e-05,2.997461479026242e-06,0.0
508,adam,0.0005,0.0001040790562001348,4.769347174260474e-05,5.28292750914261e-05,3.556309181362849e-06,0.0,0.00012283414253033698,5.7065102737396955e-05,6.0892471083207056e-05,4.876564617006807e-06,0.0
509,adam,0.0005,0.00010057530789708835,4.756374596581736e-05,4.8941087243292714e-05,4.070474687978276e-06,0.0,0.00010708255285862833,4.9715297791408375e-05,5.438156586023979e-05,2.985686251122388e-06,0.0
510,adam,0.0005,9.648845707488363e-05,4.555208806777955e-05,4.8256069248964195e-05,2.68029957339877e-06,0.0,0.00011179209832334891,4.942200393998064e-05,5.906648584641516e-05,3.3036117201845627e-06,0.0
511,adam,0.0005,9.798418204809423e-05,4.675509921980847e-05,4.845805210607068e-05,2.7710291590210545e-06,0.0,0.00010335878323530778,4.561562309390865e-05,5.510084156412631e-05,2.6423140297993086e-06,0.0
512,adam,0.0005,9.776136130312807e-05,4.559815056381922e-05,4.8863542588151176e-05,3.2996685348507526e-06,0.0,0.00010385565110482275,4.7759665903868154e-05,5.340755160432309e-05,2.6884354156209156e-06,0.0
513,adam,0.0005,9.805841273191618e-05,4.557855913844833e-05,4.91035689265118e-05,3.376285661715883e-06,0.0,0.00010330889199394733,4.708837877842598e-05,5.3337516874307767e-05,2.88299952444504e-06,0.0
514,adam,0.0005,9.65072931649047e-05,4.567517248688091e-05,4.7494592536168057e-05,3.337528625024788e-06,0.0,0.00010602672409731895,4.8390393203590065e-05,5.3668420150643215e-05,3.967916654801229e-06,0.0
515,adam,0.0005,9.621382105251541e-05,4.6574064981541596e-05,4.618731986738567e-05,3.4524361467447306e-06,0.0,0.00010747698979685083,5.0767404900398105e-05,5.23203270859085e-05,4.3892582652915735e-06,0.0
516,adam,0.0005,9.642046779845259e-05,4.541586008599552e-05,4.731115291178867e-05,3.6934541469690885e-06,0.0,0.00010748991917353123,4.8648129450157285e-05,5.246224463917315e-05,6.379546448442852e-06,0.0
517,adam,0.0005,9.716605563880876e-05,4.606740822055144e-05,4.658028501580702e-05,4.518362388239439e-06,0.0,0.00010552808089414611,4.7908910346450284e-05,5.247115041129291e-05,5.148026502865832e-06,0.0
518,adam,0.0005,9.709850701256073e-05,4.573991827783175e-05,4.7371902383019915e-05,3.986686749613e-06,0.0,0.00010584614938125014,5.2293678891146556e-05,5.030730608268641e-05,3.2451680453959852e-06,0.0
519,adam,0.0005,9.692894855106715e-05,4.6974766064522555e-05,4.67803920400911e-05,3.1737898780193063e-06,0.0,0.00010936269245576113,4.7480236389674246e-05,5.943115320405923e-05,2.4512989966751775e-06,0.0
520,adam,0.0005,9.818726903176866e-05,4.639280723495176e-05,4.8243378614643007e-05,3.551083253228171e-06,0.0,0.00010654726065695286,4.602398257702589e-05,5.611671804217622e-05,4.4065609472454526e-06,0.0
521,adam,0.0005,9.560300895827822e-05,4.398020678308967e-05,4.860025319430861e-05,3.0225492935187503e-06,0.0,0.00010727078188210726,4.754697147291154e-05,5.726804010919295e-05,2.4557682536396896e-06,0.0
522,adam,0.0005,9.491680293649551e-05,4.593508424477477e-05,4.513006774686801e-05,3.85165071747906e-06,0.0,9.991547995014116e-05,4.526632619672455e-05,5.1840877858921885e-05,2.8082827157049906e-06,0.0
523,adam,0.0005,9.232351430910057e-05,4.3760936250691884e-05,4.5240898316478706e-05,3.3216800972013516e-06,0.0,9.90765038295649e-05,4.744135003420524e-05,4.911833821097389e-05,2.5168169486278202e-06,0.0
524,adam,0.0005,9.175073773803888e-05,4.429650130077789e-05,4.4794383484259015e-05,2.6598530524779562e-06,0.0,0.00010682713764254004,4.774435728904791e-05,5.6668031902518123e-05,2.4147454951162217e-06,0.0
525,adam,0.0005,9.30915521166753e-05,4.402301374284434e-05,4.585201600093569e-05,3.2165233250225356e-06,0.0,0.00010260105045745149,4.544814510154538e-05,5.414219413069077e-05,3.0107087241049157e-06,0.0
526,adam,0.0005,9.255985014533508e-05,4.290258834771521e-05,4.691723825089866e-05,2.740024399372487e-06,0.0,0.00010058108455268666,4.920888022752479e-05,4.791824903804809e-05,3.4539552871137857e-06,0.0
527,adam,0.0005,9.334589867648901e-05,4.418439630171633e-05,4.573995465761982e-05,3.421547418724913e-06,0.0,0.00010622165427776054,4.7604578867321834e-05,5.598374627879821e-05,2.6333295863878448e-06,0.0
528,adam,0.0005,9.383458746015094e-05,4.318059654906392e-05,4.6313637767525506e-05,4.340353797260832e-06,0.0,0.00010547604324528947,4.9906648200703785e-05,4.833932689507492e-05,7.230070877994876e-06,0.0
529,adam,0.0005,9.14954316613148e-05,4.3065958607257926e-05,4.421675782850798e-05,4.212714699747266e-06,0.0,0.00010331306111766025,4.7319746954599395e-05,5.130572390044108e-05,4.687587079388322e-06,0.0
530,adam,0.0005,9.20608758860908e-05,4.382216343401524e-05,4.4449032884585904e-05,3.789680690147179e-06,0.0,0.00010088502313010395,4.5980457798577845e-05,4.827174052479677e-05,6.632822987739928e-06,0.0
531,adam,0.0005,9.553970903652953e-05,4.44454135504202e-05,4.662606147576298e-05,4.468234422461137e-06,0.0,9.755962673807517e-05,4.439321855898015e-05,5.0354821723885834e-05,2.811581907735672e-06,0.0
532,adam,0.0005,9.207581797454623e-05,4.389945684124541e-05,4.382819338388799e-05,4.3481675504608575e-06,0.0,9.801668056752533e-05,4.5779939682688564e-05,4.857541716773994e-05,3.6613232623494696e-06,0.0
533,adam,0.0005,9.118459274759516e-05,4.203861658425012e-05,4.411208010424161e-05,5.033897217288086e-06,0.0,0.00010696159006329253,4.520589573075995e-05,5.5683583923382685e-05,6.072112228139304e-06,0.0
534,adam,0.0005,9.25767885746609e-05,4.205682444080594e-05,4.58364902442554e-05,4.683473434852203e-06,0.0,9.68626409303397e-05,4.387928856885992e-05,4.945318141835742e-05,3.5301704883750062e-06,0.0
535,adam,0.0005,8.642182137919008e-05,4.154909220233094e-05,4.14552089296194e-05,3.4175193235341794e-06,0.0,9.921123273670673e-05,4.403615457704291e-05,5.0924332754220814e-05,4.250748133927118e-06,0.0
536,adam,0.0005,9.65018821261765e-05,4.364795040601166e-05,4.3868143620784394e-05,8.985788710447196e-06,0.0,0.00010508456762181595,4.7761877794982865e-05,5.086940655019134e-05,6.453287369367899e-06,0.0
537,adam,0.0005,9.15173618523113e-05,4.234291122884315e-05,4.212747148812923e-05,7.046978822700112e-06,0.0,0.00010991722956532612,4.0877246647141874e-05,5.788552152807824e-05,1.1154458661621902e-05,0.0
538,adam,0.0005,9.179469407172292e-05,4.079937184542359e-05,4.466015548132418e-05,6.335167071824799e-06,0.0,0.00010284272866556421,4.8347148549510166e-05,4.8585832701064646e-05,5.909746505494695e-06,0.0
539,adam,0.0005,9.388518492414732e-05,4.3976351435048855e-05,4.3583321712503675e-05,6.325512885041462e-06,0.0,9.733143815537915e-05,4.2519288399489596e-05,4.987095599062741e-05,4.941198312735651e-06,0.0
540,adam,0.0005,9.26741286093602e-05,4.152597057327512e-05,4.476240405892895e-05,6.385754801385701e-06,0.0,9.755617065820843e-05,4.1444542148383334e-05,5.063967182650231e-05,5.471954409586033e-06,0.0
541,adam,0.0005,9.38464654609561e-05,4.2525805156401475e-05,4.430380340636475e-05,7.016856827135598e-06,0.0,0.00011234221165068448,4.210125916870311e-05,5.4506948799826205e-05,1.5734005501144566e-05,0.0
542,adam,0.0005,0.00010156898315472063,4.281021210772451e-05,4.8897663873503916e-05,9.861107528763569e-06,0.0,0.00010885368101298809,4.3590600398601964e-05,6.0399041103664786e-05,4.8640363274898846e-06,0.0
543,adam,0.0005,9.325299697593437e-05,4.172609737906896e-05,4.313577460379747e-05,8.391123827777847e-06,0.0,0.00010086021211463958,4.322764652897604e-05,5.339421477401629e-05,4.238348537910497e-06,0.0
544,adam,0.0005,8.967827625383507e-05,4.1812166728050215e-05,4.3533533016670845e-05,4.332577844934349e-06,0.0,9.702815441414714e-05,4.499553324421868e-05,4.845091825700365e-05,3.5817029129248112e-06,0.0
545,adam,0.0005,0.00012962946266270592,4.554272868517728e-05,5.501262762663828e-05,2.9074103778725657e-05,0.0,0.00010629474854795262,4.573731348500587e-05,5.544877421925776e-05,5.108659479446942e-06,0.0
546,adam,0.0005,0.00010080618949359632,4.2269338337064255e-05,4.6147300281518255e-05,1.2389551429237144e-05,0.0,9.660736395744607e-05,4.7332694521173835e-05,4.638239261112176e-05,2.8922700039402116e-06,0.0
547,adam,0.0005,9.494884716332308e-05,4.2819778855118784e-05,4.399537169774703e-05,8.13369653940299e-06,0.0,0.00011271959374425933,5.5024447647156194e-05,5.196754864300601e-05,5.727598818339175e-06,0.0
548,adam,0.0005,9.722043068904895e-05,4.432811533661152e-05,4.494853283176781e-05,7.943782293295953e-06,0.0,0.00010314160317648202,4.50486913905479e-05,4.996796269551851e-05,8.1249427239527e-06,0.0
549,adam,0.0005,8.902561694412725e-05,4.254830605532334e-05,3.994283713382174e-05,6.5344740249884126e-06,0.0,0.00012359941320028156,4.5205037167761475e-05,4.902578075416386e-05,2.9368591640377417e-05,0.0
550,adam,0.0005,0.0001174601720776991,4.185141392554215e-05,4.7829441655267146e-05,2.7779317250065105e-05,0.0,0.00010070670396089554,4.2741736251628026e-05,5.0895847380161285e-05,7.069113053148612e-06,0.0
551,adam,0.0005,8.90508540578594e-05,4.1409384948565275e-05,4.232751234667376e-05,5.313957430530536e-06,0.0,9.811653580982238e-05,4.292337689548731e-05,4.580881795845926e-05,9.384340955875814e-06,0.0
552,adam,0.0005,8.781662154433434e-05,4.16450279772107e-05,4.151288817411114e-05,4.658706117766087e-06,0.0,0.00010547868441790342,4.238664041622542e-05,4.4874112063553184e-05,1.8217939214082435e-05,0.0
553,adam,0.0005,0.00011742609831344453,4.231757861816732e-05,5.077751234239258e-05,2.4331006841293856e-05,0.0,0.00013465562369674444,4.4490421714726835e-05,8.438816439593211e-05,5.777035767096095e-06,0.0
554,adam,0.0005,0.0001051254821504699,4.3306728002789896e-05,5.294987045090238e-05,8.868884009416433e-06,0.0,0.00011054597416659817,4.71278908662498e-05,5.988227712805383e-05,3.5358032164367614e-06,0.0
555,adam,0.0005,9.861492208074196e-05,4.227429349157319e-05,4.5887096121077775e-05,1.0453532098608775e-05,0.0,0.00010907161777140573,4.210598854115233e-05,4.950593211106025e-05,1.7459698938182555e-05,0.0
556,adam,0.0005,0.00011167553839186439,4.2509507920840406e-05,4.922005564367282e-05,1.9945975424207063e-05,0.0,0.00012624131340999156,4.968696157447994e-05,6.523040065076202e-05,1.1323957551212516e-05,0.0
557,adam,0.0005,0.00010139856703972328,4.452609414329345e-05,4.5463849119187216e-05,1.140862308091073e-05,0.0,0.00010472694702912122,4.582506517181173e-05,4.8196365241892636e-05,1.0705520253395662e-05,0.0
558,adam,0.0005,9.625516759115271e-05,4.238351584717748e-05,4.663637605517579e-05,7.235276655137568e-06,0.0,0.00010860497422982007,4.9353413487551734e-05,4.893745790468529e-05,1.0314103747077752e-05,0.0
559,adam,0.0005,0.00016797509897514828,4.465791266738961e-05,6.48404138701153e-05,5.847677317660782e-05,0.0,0.00018490687943995,5.074546061223373e-05,7.904508674982935e-05,5.511634299182333e-05,0.0
560,adam,0.0005,0.00011060668384743622,4.385425131658849e-05,4.74636824492336e-05,1.928874928580626e-05,0.0,0.00010082922381116077,4.681428981712088e-05,4.6237917558755726e-05,7.777016435284168e-06,0.0
561,adam,0.0005,8.931530783229391e-05,4.2592789213813376e-05,4.130770457777544e-05,5.4148133159515055e-06,0.0,0.00010538403876125813,4.5798587962053716e-05,4.907613038085401e-05,1.0509324056329206e-05,0.0
562,adam,0.0005,9.353435279990663e-05,4.197835983177356e-05,4.317491334404622e-05,8.381079368291466e-06,0.0,0.00011878889927174896,4.167778752162121e-05,6.53128809062764e-05,1.1798225386883132e-05,0.0
563,adam,0.0005,9.649145385992597e-05,4.164485153523856e-05,4.60301573639299e-05,8.816443724413148e-06,0.0,0.00010316576663171872,4.6382749133044854e-05,4.9687103455653414e-05,7.095913588273106e-06,0.0
564,adam,0.0005,8.849909409036627e-05,3.9843003378337016e-05,4.2214429640807793e-05,6.4416606733175286e-06,0.0,9.767875599209219e-05,4.798518421011977e-05,4.4727032218361273e-05,4.966543201589957e-06,0.0
565,adam,0.0005,0.00010749641614893335,4.2108929619644186e-05,4.564535856843577e-05,1.9742128017696814e-05,0.0,0.00010194994683843106,4.3012547394027933e-05,4.792879553860985e-05,1.100860390579328e-05,0.0
566,adam,0.0005,0.00013151516895959503,4.530734145191673e-05,5.6510496733608306e-05,2.9697328784550336e-05,0.0,0.00015000638086348772,4.425072984304279e-05,7.488480332540348e-05,3.087084769504145e-05,0.0
567,adam,0.0005,0.00010945730946332333,4.3517356516531436e-05,4.715676391242596e-05,1.8783189432269864e-05,0.0,0.000122183482744731,4.789984450326301e-05,6.143597420305014e-05,1.2847664038417861e-05,0.0
568,adam,0.0005,0.00010470474626345094,4.2683120682340814e-05,4.9276976596956956e-05,1.2744650128126978e-05,0.0,0.00012166700616944581,4.087860361323692e-05,4.806875585927628e-05,3.2719646696932614e-05,0.0
569,adam,0.0005,0.00010096682717630756,4.132818730795407e-05,4.547980984170863e-05,1.4158831149302387e-05,0.0,0.00010756637493614107,3.844711318379268e-05,6.183224468259141e-05,7.2870138865255285e-06,0.0
570,adam,0.0005,0.00010058550287794787,4.146126570958586e-05,4.5896555775470915e-05,1.3227681222360843e-05,0.0,0.0001704800670268014,4.266731411917135e-05,6.282893446041271e-05,6.498381844721735e-05,0.0
571,adam,0.0005,0.00012465299869290902,4.624188568413956e-05,5.124361291564128e-05,2.716749918363348e-05,0.0,0.00013986352132633328,5.880374737898819e-05,6.106843648012727e-05,1.9991335648228414e-05,0.0
572,adam,0.0005,0.00010688115298762568,4.56651237072947e-05,4.754437873089046e-05,1.3671650378910272e-05,0.0,0.00015402998542413116,6.419875717256218e-05,6.289001612458378e-05,2.6941204851027578e-05,0.0
573,adam,0.0005,0.00012920290964757442,4.536410733635421e-05,6.535471925417369e-05,1.8484083170733356e-05,0.0,0.00011263010674156249,4.7343128244392574e-05,4.61865529359784e-05,1.9100425561191514e-05,0.0
574,adam,0.0005,0.00020344877339084633,5.508377853402635e-05,9.228898898072657e-05,5.607600598978024e-05,0.0,0.00010531148291192949,4.311236989451572e-05,5.466040602186695e-05,7.5387083597888704e-06,0.0
575,adam,0.0005,0.00013231707634986378,4.564257301353791e-05,7.013352956164454e-05,1.654097445680236e-05,0.0,0.00011449294834164903,4.6376993850572035e-05,5.997437619953416e-05,8.141581020026933e-06,0.0
576,adam,0.0005,0.00011388804523448925,4.675235504691955e-05,5.3910326641926076e-05,1.3225364909885684e-05,0.0,0.000167279620654881,4.8446720029460266e-05,7.365252531599253e-05,4.518038622336462e-05,0.0
577,adam,0.0005,0.0001032179475259909,4.149250639784441e-05,4.710743019131769e-05,1.4618009799960419e-05,0.0,0.00010132929310202599,4.637979145627469e-05,4.5844535634387285e-05,9.104965101869311e-06,0.0
578,adam,0.0005,9.653558299760334e-05,4.1939614220609656e-05,4.5608244590766844e-05,8.987724740450176e-06,0.0,0.00012702475942205638,4.73279069410637e-05,6.156519521027803e-05,1.813165727071464e-05,0.0
579,adam,0.0005,0.00016461328550576582,4.6634325371996965e-05,5.8533267520033405e-05,5.9445692215831514e-05,0.0,0.00011699746391968802,4.869064287049696e-05,5.75404119445011e-05,1.0766408195195254e-05,0.0
580,adam,0.0005,9.961687146642362e-05,4.218187973492604e-05,4.713832618108427e-05,1.0296665294617924e-05,0.0,0.00010715185635490343,4.19481766584795e-05,5.793413583887741e-05,7.269549314514734e-06,0.0
581,adam,0.0005,9.56655044319632e-05,3.955132820010476e-05,4.997067549084022e-05,6.143499547306419e-06,0.0,9.877872071228921e-05,4.114972398383543e-05,4.988078580936417e-05,7.748210009594914e-06,0.0
582,adam,0.0005,0.00011596430749705178,4.3211177398916334e-05,5.4877374623174546e-05,1.7875755531804316e-05,0.0,0.00011184791947016492,4.4335723941912875e-05,5.5849992349976674e-05,1.1662202268780675e-05,0.0
583,adam,0.0005,0.00012572955529321916,4.915225667900813e-05,5.1920560053986264e-05,2.4656739640249725e-05,0.0,0.00012975637218914926,4.031582284369506e-05,4.8576377594145015e-05,4.086417538928799e-05,0.0
584,adam,0.0005,0.00015852583510422846,4.571198041958269e-05,7.389165489257721e-05,3.8922197973079165e-05,0.0,0.00012497021816670895,4.9284786655334756e-05,5.974905434413813e-05,1.593637716723606e-05,0.0
585,adam,0.0005,0.0001319800439887331,4.7137383717199555e-05,6.469718164225924e-05,2.014547885664797e-05,0.0,0.00016424541536252946,5.4458301747217774e-05,6.026801929692738e-05,4.95190906804055e-05,0.0
586,adam,0.0005,0.00013380630525716697,4.781176471624349e-05,6.289757584454492e-05,2.3096966458524548e-05,0.0,0.0001847063540481031,5.9505684475880116e-05,7.134455518098548e-05,5.385611075325869e-05,0.0
587,adam,0.0005,0.00014215528153727064,4.567407677313895e-05,5.521511900496989e-05,4.1266085929692053e-05,0.0,0.00016540568321943283,4.487641490413807e-05,0.00010392435797257349,1.6604917618678883e-05,0.0
588,adam,0.0005,0.0001224887841999589,4.3592872771114344e-05,5.478671687342285e-05,2.410919699968872e-05,0.0,0.0001156217695097439,4.723629535874352e-05,5.4495903896167874e-05,1.3889572983316611e-05,0.0
589,adam,0.0005,0.00010502302166059962,4.321345306834701e-05,5.055444080426241e-05,1.125512753219482e-05,0.0,0.00013693324581254274,4.6807614126009867e-05,8.092970529105514e-05,9.195918210025411e-06,0.0
590,adam,0.0005,0.00010858116911549587,4.5710057975156815e-05,4.96966117680131e-05,1.3174498235457577e-05,0.0,0.00015331158647313714,5.390581281972118e-05,8.426603017142043e-05,1.513974439149024e-05,0.0
591,adam,0.0005,0.00013749589061262668,4.666786094276176e-05,6.07875224432064e-05,3.0040509045647923e-05,0.0,0.00011104612349299714,4.745482874568552e-05,4.54251749033574e-05,1.816612530092243e-05,0.0
592,adam,0.0005,0.0001050607147590199,3.96241534872388e-05,4.332929711381439e-05,2.2107264172177565e-05,0.0,0.0001367637305520475,4.021142012788914e-05,5.2526946092257276e-05,4.402537160785869e-05,0.0
593,adam,0.0005,0.00011277805424469989,3.92532226669573e-05,5.523618096958671e-05,1.8288651531861433e-05,0.0,0.00011666010686894879,3.7676276406273246e-05,6.381741695804521e-05,1.5166411685640924e-05,0.0
594,adam,0.0005,0.00012080092801625142,4.413029455463402e-05,5.1724515174100816e-05,2.4946116937485385e-05,0.0,0.00010352737444918603,4.69757906103041e-05,4.7667836042819545e-05,8.883748705557082e-06,0.0
595,adam,0.0005,0.00010364955005570664,4.005581240562606e-05,4.763484730574419e-05,1.5958889775902207e-05,0.0,9.484760084887967e-05,4.311306111048907e-05,4.076550976606086e-05,1.0969030881824438e-05,0.0
596,adam,0.0005,9.141726559391827e-05,4.014374485450389e-05,4.184581666777376e-05,9.427705407460962e-06,0.0,0.00012814112415071577,4.325562258600257e-05,6.74213224556297e-05,1.746417001413647e-05,0.0
597,adam,0.0005,9.314139833804802e-05,3.9334744769803365e-05,4.430364469953929e-05,9.503008726596818e-06,0.0,0.00011875115160364658,4.82869909319561e-05,6.253448373172432e-05,7.929674211482052e-06,0.0
598,adam,0.0005,0.00023590588580191252,5.179357231099857e-05,7.645708251402539e-05,0.00010765523006739386,0.0,0.0002125801402144134,8.218867151299492e-05,7.75200460338965e-05,5.287141539156437e-05,0.0
599,adam,0.0005,0.00015821701572349411,5.3209286534183775e-05,6.808669445490523e-05,3.692103416597092e-05,0.0,0.00013241061242297292,5.7169192587025464e-05,5.955798405921087e-05,1.5683441233704798e-05,0.0
600,adam,0.0005,0.00013212128715167637,4.6514957375620725e-05,6.725170896970667e-05,1.835461961263718e-05,0.0,0.00014252564869821072,4.913357042823918e-05,6.751566252205521e-05,2.5876415747916326e-05,0.0
601,adam,0.0005,0.00012612615182661102,4.9133429001813056e-05,6.239618505787803e-05,1.4596537880606775e-05,0.0,0.00018187766545452178,4.5029424654785544e-05,0.0001160956671810709,2.0752573618665338e-05,0.0
602,adam,0.0005,0.00012079706675649504,4.482128679228481e-05,5.362868569136481e-05,2.2347096773955855e-05,0.0,9.960428724298254e-05,4.2031962948385626e-05,4.8325971874874085e-05,9.246352419722825e-06,0.0
603,adam,0.0005,9.179266544379061e-05,4.103035939806432e-05,4.1409036612094496e-05,9.353269092571281e-06,0.0,0.00010275299428030849,4.922749940305948e-05,4.679917037719861e-05,6.726324045303045e-06,0.0
604,adam,0.0005,0.00010223017261523637,4.122817267671053e-05,4.8835584266271326e-05,1.2166414904868361e-05,0.0,0.00012442802835721523,4.678665936808102e-05,4.8931218771031126e-05,2.8710148399113677e-05,0.0
605,adam,0.0005,0.00010175251054533874,4.081469955963257e-05,4.224680424158578e-05,1.8691007412030558e-05,0.0,0.00013206775474827737,4.626154259312898e-05,6.786837184336036e-05,1.793784394976683e-05,0.0
606,adam,0.0005,0.00014580702008970547,4.1651184801594354e-05,6.542063056258485e-05,3.873520444130918e-05,0.0,9.104612399823964e-05,4.303106470615603e-05,4.223321229801513e-05,5.781846084573772e-06,0.0
607,adam,0.0005,0.00013206678295318852,4.23322933329473e-05,5.6494092405046104e-05,3.324039857943717e-05,0.0,0.00012100502499379218,5.469718234962784e-05,5.383497045841068e-05,1.2472872185753658e-05,0.0
608,adam,0.0005,0.00010710158176152618,4.056683542330575e-05,5.109089283905632e-05,1.544385426655026e-05,0.0,9.978136222343892e-05,3.68276123481337e-05,4.7543395339744166e-05,1.541035271657165e-05,0.0
609,adam,0.0005,0.00010641623157425784,4.052307269830635e-05,5.3205554650048725e-05,1.2687604112215922e-05,0.0,9.425116877537221e-05,3.788111644098535e-05,5.092707579024136e-05,5.442978817882249e-06,0.0
610,adam,0.0005,9.525989753456088e-05,3.9472646903959685e-05,4.9154534394801885e-05,6.632716392118709e-06,0.0,9.260605293093249e-05,4.356916178949177e-05,4.2170064261881635e-05,6.8668241510749795e-06,0.0
611,adam,0.0005,0.00014522755509460694,4.661986008613894e-05,5.487043608809472e-05,4.373725630557601e-05,0.0,0.00016975350445136428,5.9933383454335853e-05,5.270747351460159e-05,5.7112636568490416e-05,0.0
612,adam,0.0005,0.00014659353928436758,4.587284911394818e-05,4.93587322125677e-05,5.136195812838196e-05,0.0,0.0001234162482433021,3.9804974221624434e-05,5.771240103058517e-05,2.589886571513489e-05,0.0
613,adam,0.0005,0.00011259324310231023,4.4133059191153734e-05,5.2261642849771306e-05,1.619854128875886e-05,0.0,0.00012960343156009912,4.369608359411359e-05,4.900288695353083e-05,3.690446465043351e-05,0.0
614,adam,0.0005,9.885673216558644e-05,3.988205799032585e-05,4.472193677429459e-05,1.42527383104607e-05,0.0,0.00012207950931042433,5.121461799717508e-05,6.21000217506662e-05,8.764864105614834e-06,0.0
615,adam,0.0005,0.00010816951453307411,4.379045162750117e-05,4.704321895587782e-05,1.7335844518129306e-05,0.0,0.00010776000999612734,4.32836968684569e-05,5.61079868930392e-05,8.368327144125942e-06,0.0
616,adam,0.0005,0.00017620839025767054,4.7462485781579744e-05,9.914709517033771e-05,2.9598807373076852e-05,0.0,0.0001470225106459111,4.2601535824360326e-05,6.048044087947346e-05,4.394054121803492e-05,0.0
617,adam,0.0005,0.0001554049526930612,4.626856184586359e-05,8.838628150442673e-05,2.075011144597738e-05,0.0,0.00012818016693927348,5.006630453863181e-05,4.777809590450488e-05,3.0335762858157977e-05,0.0
618,adam,0.0005,0.00012808071596737136,4.273672720955801e-05,6.852077922303579e-05,1.6823211169025853e-05,0.0,0.00011444387200754136,4.975253250449896e-05,4.836065272684209e-05,1.6330683138221502e-05,0.0
619,adam,0.0005,0.00013196962072470342,4.7158924189716345e-05,5.4290636398945935e-05,3.052006138659635e-05,0.0,0.0001489407295593992,4.829161844099872e-05,8.47659757710062e-05,1.5883140804362483e-05,0.0
620,adam,0.0005,0.00013042039927313454,4.71103087420488e-05,5.490677131092525e-05,2.8403319078051936e-05,0.0,9.831328497966751e-05,4.859461114392616e-05,4.2919229599647224e-05,6.799445145588834e-06,0.0
621,adam,0.0005,0.00011010998514393577,4.142104899074184e-05,5.1551840670072124e-05,1.713709610839942e-05,0.0,0.00011068861203966662,4.359760714578442e-05,5.293047070153989e-05,1.4160536920826416e-05,0.0
622,adam,0.0005,0.00010255016968585551,3.9114271885409835e-05,4.957804821970058e-05,1.3857850177600994e-05,0.0,0.00013243145076557994,5.247105218586512e-05,6.179878255352378e-05,1.8161614207201637e-05,0.0
623,adam,0.0005,0.00016598671663814457,4.537547897598415e-05,8.515402214470669e-05,3.545721557429715e-05,0.0,0.00048243493074551225,8.107240864774212e-05,0.00019356976554263383,0.00020779277838300914,0.0
624,adam,0.0005,0.00028306813692324795,6.728691005264409e-05,0.00011028626704501221,0.00010549496568046379,0.0,0.00015840219566598535,4.877100218436681e-05,7.23599805496633e-05,3.727121293195523e-05,0.0
625,adam,0.0005,0.00012673227729464998,5.670371479027381e-05,5.408184188127052e-05,1.5946721390491803e-05,0.0,0.0001018426482914947,4.6183893573470414e-05,4.599262319970876e-05,9.666132427810226e-06,0.0
626,adam,0.0005,9.094578490476124e-05,4.021783911412058e-05,4.0250229631055845e-05,1.0477718092261057e-05,0.0,0.0001192371710203588,4.722195444628596e-05,5.5995158618316054e-05,1.6020054317777976e-05,0.0
627,adam,0.0005,0.00010671020709196455,4.0077318999465206e-05,4.720272681879578e-05,1.9430161216860142e-05,0.0,0.00011127081234008074,4.352010364527814e-05,5.9535832406254485e-05,8.214879926526919e-06,0.0
628,adam,0.0005,0.00010369153551437194,4.020072969979083e-05,5.093767322250642e-05,1.2553133501569391e-05,0.0,0.00012161955964984372,3.940552051062696e-05,7.569124136352912e-05,6.522800049424404e-06,0.0
629,adam,0.0005,8.672440708323848e-05,3.7955801190037164e-05,4.126151702621428e-05,7.50708852592652e-06,0.0,0.00010366985225118697,4.252803046256304e-05,5.038945528212935e-05,1.0752363778010476e-05,0.0
630,adam,0.0005,0.00010685547613320523,3.7266841559358e-05,4.632270520232851e-05,2.3265929641524963e-05,0.0,0.00024297866912093014,5.0775423005688936e-05,8.020054519874975e-05,0.00011200270091649145,0.0
631,adam,0.0005,0.00015945662244121195,4.3833544850713224e-05,6.016500060468388e-05,5.545807857743057e-05,0.0,0.00010474752343725413,4.247807009960525e-05,5.1618579163914546e-05,1.0650874173734337e-05,0.0
632,adam,0.0005,0.00011618758890108438,4.274071613963315e-05,5.845369832968572e-05,1.4993174289656963e-05,0.0,0.0001365070347674191,6.144466897239909e-05,5.257494922261685e-05,2.2487423848360777e-05,0.0
633,adam,0.0005,0.00010433480701976805,4.2432310237927595e-05,4.793198445440794e-05,1.3970512014793712e-05,0.0,0.00012418371625244617,4.161229298915714e-05,7.209565956145525e-05,1.047575642587617e-05,0.0
634,adam,0.0005,0.00011311280240988708,4.511757560976548e-05,4.8113803586602444e-05,1.9881423597212233e-05,0.0,0.00011807729606516659,5.434450940811075e-05,4.834719220525585e-05,1.538559081382118e-05,0.0
635,adam,0.0005,0.00011772388506869902,4.363004495644418e-05,4.6097999074845575e-05,2.7995840866879007e-05,0.0,0.00014080910477787256,4.4048603740520775e-05,6.382313586072996e-05,3.293735790066421e-05,0.0
636,adam,0.0005,9.881903270070325e-05,3.969222598243505e-05,4.254251416568877e-05,1.6584292268362333e-05,0.0,0.00012884341413155198,4.9584090447751805e-05,6.843949086032808e-05,1.081982918549329e-05,0.0
637,adam,0.0005,0.00012307120732657495,4.444761793820362e-05,5.6234099247376435e-05,2.2389489600982415e-05,0.0,9.410437633050606e-05,4.110488953301683e-05,4.529711804934777e-05,7.702365110162646e-06,0.0
638,adam,0.0005,9.739214146975428e-05,3.944165086977591e-05,4.716009607363958e-05,1.079039483897759e-05,0.0,0.00013224684516899288,3.812520299106836e-05,8.037911902647465e-05,1.3742516784986947e-05,0.0
639,adam,0.0005,0.00022566091047337977,4.562821254694427e-05,8.297212116303854e-05,9.706057574021543e-05,0.0,0.00021794498024974018,9.27378423511982e-05,8.680835890118033e-05,3.839877899736166e-05,0.0
640,adam,0.0005,0.00016543990750506055,6.262918373067805e-05,6.32544386007794e-05,3.9556285912567546e-05,0.0,0.00010122189996764064,4.498206908465363e-05,4.757009446620941e-05,8.669738235767e-06,0.0
641,adam,0.0005,0.00010628651534716482,4.4906282710144296e-05,4.73585046165681e-05,1.4021728361512942e-05,0.0,0.00012072616664227098,4.7636800445616245e-05,5.2264447731431574e-05,2.0824914827244356e-05,0.0
642,adam,0.0005,9.27027049328899e-05,3.825317514838389e-05,4.591751883253892e-05,8.53201117934077e-06,0.0,0.00010326415940653533,4.055154204252176e-05,5.6291231885552406e-05,6.421381385735003e-06,0.0
643,adam,0.0005,8.063206860242644e-05,3.559877234238229e-05,3.878538473145454e-05,6.247911656487304e-06,0.0,9.498029248788953e-05,4.1397408494958654e-05,4.362472827779129e-05,9.958152077160776e-06,0.0
644,adam,0.0005,0.00010449227875142242,3.747412495158642e-05,5.543207612390688e-05,1.1586077164338349e-05,0.0,0.00025923599605448544,4.862591958953999e-05,0.00018494082905817777,2.5669232854852453e-05,0.0
645,adam,0.0005,0.00013480176494340412,4.214794307699776e-05,7.315277548514132e-05,1.9501046665482136e-05,0.0,9.134294668911025e-05,4.1366434743395075e-05,4.691935100709088e-05,3.0571643492294243e-06,0.0
646,adam,0.0005,9.749575519890641e-05,3.990306299783697e-05,4.54624419035099e-05,1.2130251178632534e-05,0.0,0.00010685962479328737,5.0326914788456634e-05,4.8804042307892814e-05,7.728670425422024e-06,0.0
647,adam,0.0005,8.84186970324663e-05,3.9944212630871334e-05,4.17730166191177e-05,6.701467810898976e-06,0.0,0.00012426741886883974,3.78129661839921e-05,6.717676296830177e-05,1.9277689716545865e-05,0.0
648,adam,0.0005,0.00039063627082214225,5.839837695020833e-05,0.0001651384518481791,0.00016709944054582593,0.0,0.0002697042655199766,5.315161615726538e-05,5.159908687346615e-05,0.00016495355521328747,0.0
649,adam,0.0005,0.00016497920660185628,6.77649297813332e-05,5.64123577078135e-05,4.0801919567456935e-05,0.0,0.00011181991430930793,4.935786273563281e-05,5.211052484810352e-05,1.0351528544561006e-05,0.0
650,adam,0.0005,9.779053652891889e-05,4.391842207951413e-05,4.768435405821947e-05,6.187760419607002e-06,0.0,0.000136304966872558,4.931097646476701e-05,7.306018233066425e-05,1.3933808077126741e-05,0.0
651,adam,0.0005,9.531601563139702e-05,4.010811630905664e-05,4.256775014255254e-05,1.264014920820955e-05,0.0,9.52330810832791e-05,4.085518594365567e-05,4.673708826885559e-05,7.640809599251952e-06,0.0
652,adam,0.0005,8.176519531843951e-05,3.692239317842905e-05,3.6668675875262124e-05,8.174125980531244e-06,0.0,9.944333578459918e-05,3.666682823677547e-05,5.493651769938879e-05,7.83998711995082e-06,0.0
653,adam,0.0005,0.00010178966749663232,3.775275672524003e-05,5.446046861834475e-05,9.576442351999503e-06,0.0,9.897800191538408e-05,3.913845284841955e-05,5.14237726747524e-05,8.415773663728032e-06,0.0
654,adam,0.0005,9.344857653559302e-05,3.5833806236951204e-05,4.743630404391297e-05,1.0178467718446882e-05,0.0,0.00013627104635816067,4.441256169229746e-05,6.479466537712142e-05,2.7063824745710008e-05,0.0
655,adam,0.0005,0.00014222263052943163,4.724469067696191e-05,5.3803391210749396e-05,4.117454716379143e-05,0.0,0.00018153604469262064,6.644990935456008e-05,7.961018854985014e-05,3.5475935874274e-05,0.0
656,adam,0.0005,0.000101895411262376,3.9637532381675555e-05,4.567278642753081e-05,1.6585091429988097e-05,0.0,8.19195993244648e-05,3.92998663301114e-05,3.71527457900811e-05,5.4669894780090544e-06,0.0
657,adam,0.0005,7.833071322238538e-05,3.45730741173611e-05,3.7427626693897764e-05,6.330012098487714e-06,0.0,9.244459943147376e-05,4.129507578909397e-05,4.607545997714624e-05,5.074065484222956e-06,0.0
658,adam,0.0005,7.904909853095887e-05,3.5452815382086555e-05,3.798619968620187e-05,5.610083348983608e-06,0.0,8.423473627772182e-05,3.905674384441227e-05,4.1189658077200875e-05,3.988333446613979e-06,0.0
659,adam,0.0005,8.815364662950742e-05,3.978735776399844e-05,4.08397229421098e-05,7.526566704996185e-06,0.0,0.00011280583566986024,3.831038702628575e-05,4.578131120069884e-05,2.871414108085446e-05,0.0
660,adam,0.0005,0.00015386666200356558,4.108806501790241e-05,5.9930105635430664e-05,5.284848904807404e-05,0.0,7.893436122685671e-05,3.6643257772084326e-05,3.840491990558803e-05,3.886179911205545e-06,0.0
661,adam,0.0005,9.647261322243139e-05,4.0472084720022394e-05,4.639129974748357e-05,9.609228811768844e-06,0.0,8.237826841650531e-05,3.953681152779609e-05,3.625125464168377e-05,6.590207703993656e-06,0.0
662,adam,0.0005,8.639010911792866e-05,3.6324229881756764e-05,3.942679495594348e-05,1.0639084024433032e-05,0.0,0.00016909513215068728,3.888894570991397e-05,0.00011221812019357458,1.7988073523156345e-05,0.0
663,adam,0.0005,0.00010285804273735266,3.4779999509737536e-05,5.3550786560663255e-05,1.4527257320651188e-05,0.0,0.00010080198262585327,4.830888792639598e-05,4.514558531809598e-05,7.347512564592762e-06,0.0
664,adam,0.0005,0.00010131223871212569,3.894669180226629e-05,4.622537312570785e-05,1.6140174039946942e-05,0.0,0.0001236587413586676,5.0934024329762906e-05,3.904540426447056e-05,3.367930912645534e-05,0.0
665,adam,0.0005,9.249200911654043e-05,3.6767442907148506e-05,4.649198456263548e-05,9.232581632545589e-06,0.0,0.00010399137681815773,4.334155528340489e-05,5.241566395852715e-05,8.234154847741593e-06,0.0
666,adam,0.0005,0.00015144123653954011,4.277644927697111e-05,5.7937575547839515e-05,5.0727211544199236e-05,0.0,0.000164871133165434,5.481055995915085e-05,5.880418393644504e-05,5.12563856318593e-05,0.0
667,adam,0.0005,0.000125126291095512,4.984609336133872e-05,4.80411422358884e-05,2.7239056635153247e-05,0.0,0.0001412405545124784,4.44241777586285e-05,7.248126348713413e-05,2.433510780974757e-05,0.0
668,adam,0.0005,0.00010278495119564468,3.987123488968791e-05,5.5033025091688614e-05,7.880691228479009e-06,0.0,9.926230268320069e-05,4.9518792366143316e-05,4.473259104997851e-05,5.010917448089458e-06,0.0
669,adam,0.0005,9.343036049358489e-05,3.79920104478515e-05,3.719203243690572e-05,1.8246317750936214e-05,0.0,0.0001447620743419975,3.939352973247878e-05,4.4607342715607956e-05,6.076120553188957e-05,0.0
670,adam,0.0005,0.00010113075541084982,3.788377694036171e-05,4.5311797407521226e-05,1.793518107717773e-05,0.0,9.691455488791689e-05,4.649762195185758e-05,4.2489620682317764e-05,7.927307706268039e-06,0.0
671,adam,0.0005,8.765157417656155e-05,3.637900363173685e-05,3.642631600087043e-05,1.4846252810229998e-05,0.0,0.00015948142390698195,5.001294266548939e-05,4.006550807389431e-05,6.940296589164063e-05,0.0
672,adam,0.0005,0.00012150072780059418,3.8785914057370974e-05,5.336049684956379e-05,2.9354316268381808e-05,0.0,7.957522757351398e-05,3.6086443287786096e-05,4.033858567709103e-05,3.1502020192419877e-06,0.0
673,adam,0.0005,7.764936435705749e-05,3.422134216179984e-05,3.722331234712328e-05,6.204709535495567e-06,0.0,9.225808025803417e-05,4.214587897877209e-05,4.309145879233256e-05,7.020747489150381e-06,0.0
674,adam,0.0005,0.0001873455080385611,4.392599169023015e-05,6.649327428931429e-05,7.692624200217324e-05,0.0,0.0003133699356112629,4.8802663513924927e-05,0.00013405641948338598,0.00013051085988990963,0.0
675,adam,0.0005,0.0002604317423902103,6.405685348909174e-05,0.00013159327090761508,6.478162003986654e-05,0.0,0.00034193595638498664,0.0001598661910975352,0.00012507219798862934,5.699759640265256e-05,0.0
676,adam,0.0005,0.00018536535526436637,6.41813999209262e-05,7.589604410895845e-05,4.5287912314506684e-05,0.0,0.00015153500135056674,6.519933231174946e-05,5.9253590734442696e-05,2.7082076485385187e-05,0.0
677,adam,0.0005,9.543489341012901e-05,3.973912544097402e-05,4.053815007409867e-05,1.515761832138196e-05,0.0,8.226733916671947e-05,3.6910125345457345e-05,4.0547758544562384e-05,4.809460733667947e-06,0.0
678,adam,0.0005,8.280861266030115e-05,3.5232236768933944e-05,3.664281859983021e-05,1.0933557661019222e-05,0.0,8.263345807790756e-05,3.683645627461374e-05,3.701933746924624e-05,8.777667062531691e-06,0.0
679,adam,0.0005,8.048764766499517e-05,3.3660621966191684e-05,3.5915556168220064e-05,1.091146941689658e-05,0.0,9.468467033002526e-05,3.8679623685311526e-05,4.506318146013655e-05,1.0941859727608971e-05,0.0
680,adam,0.0005,7.797682746968349e-05,3.489246091703535e-05,3.673302921924915e-05,6.351338399213091e-06,0.0,9.742804832058027e-05,3.950190875912085e-05,3.9406877476722e-05,1.8519260265748017e-05,0.0
681,adam,0.0005,8.966426867118571e-05,3.695622490340611e-05,3.566876330296509e-05,1.70392789300422e-05,0.0,0.00010561039380263537,4.242136492393911e-05,4.398802047944628e-05,1.9201002942281775e-05,0.0
682,adam,0.0005,0.0001086006518562499,3.3455105494795134e-05,4.568417261907598e-05,2.9461373458161688e-05,0.0,0.0001092331949621439,3.751781696337275e-05,4.3718540837289765e-05,2.7996838980470784e-05,0.0
683,adam,0.0005,9.311098028774722e-05,3.751850351818575e-05,4.4844189233117504e-05,1.0748288815420892e-05,0.0,9.809606126509607e-05,4.1610637708799914e-05,4.3599444325082004e-05,1.2885981050203554e-05,0.0
684,adam,0.0005,9.262137064069975e-05,3.925945793525898e-05,3.934608241706883e-05,1.4015830743119295e-05,0.0,0.0001639417023397982,4.261823050910607e-05,9.036534174811095e-05,3.095811916864477e-05,0.0
685,adam,0.0005,0.00012081828708687681,4.119622394682665e-05,4.931367288918409e-05,3.0308390535083163e-05,0.0,9.747285366756842e-05,3.901816307916306e-05,4.7650650230934843e-05,1.080403944797581e-05,0.0
686,adam,0.0005,7.919770405351301e-05,3.55078557277011e-05,3.718024561294442e-05,6.50960346604279e-06,0.0,8.173906826414168e-05,3.523040868458338e-05,4.413875285536051e-05,2.3699110442976234e-06,0.0
687,adam,0.0005,0.0001389663657391793,3.746515176317189e-05,6.646753786299087e-05,3.503367491930476e-05,0.0,0.0002095060481224209,4.238604014972225e-05,0.0001486788096372038,1.844120561145246e-05,0.0
688,adam,0.0005,0.00013219123547969502,4.378147855277348e-05,6.324741798380273e-05,2.516233905680565e-05,0.0,0.00011851578165078536,4.080552389496006e-05,6.338861567201093e-05,1.4321637536340859e-05,0.0
689,adam,0.0005,0.00011433748295530677,3.99797577301797e-05,4.979180380360049e-05,2.456592301314231e-05,0.0,9.657418559072539e-05,4.810788595932536e-05,3.825706517091021e-05,1.0209239007963333e-05,0.0
690,adam,0.0005,9.008618735606433e-05,3.7682510651393386e-05,4.277362040738808e-05,9.63005595622235e-06,0.0,0.0001129425218096003,3.841415673377924e-05,4.830000034417026e-05,2.6228366550640203e-05,0.0
691,adam,0.0005,0.00010216943564955727,3.606279142331914e-05,4.1106400203716476e-05,2.500024424989533e-05,0.0,0.00010115777695318684,3.9843849663157016e-05,3.7093581340741366e-05,2.4220345949288458e-05,0.0
692,adam,0.0005,7.927569458843209e-05,3.417727475607535e-05,3.336548843435594e-05,1.1732929792174218e-05,0.0,0.00010512474545976147,4.086975968675688e-05,3.737557926797308e-05,2.6879402867052704e-05,0.0
693,adam,0.0005,0.00011098168761236593,3.776950916289934e-05,5.462609112782957e-05,1.8586087605854118e-05,0.0,8.39053318486549e-05,4.2746629333123565e-05,3.432495577726513e-05,6.833749012002954e-06,0.0
694,adam,0.0005,8.85582048795186e-05,3.645007336672279e-05,4.050096140417736e-05,1.1607168843852378e-05,0.0,0.0001418676838511601,3.77857249986846e-05,4.485152385313995e-05,5.923043136135675e-05,0.0
695,adam,0.0005,0.00014710029699926963,4.098145086572913e-05,5.7673960327520035e-05,4.844488475441722e-05,0.0,9.27759101614356e-05,3.9482991269323975e-05,4.265340612619184e-05,1.0639519132382702e-05,0.0
696,adam,0.0005,0.0001465146069676848,3.793012683672714e-05,9.573209763402701e-05,1.2852381502170829e-05,0.0,0.000148355306009762,4.8722769861342385e-05,8.423914550803602e-05,1.5393388821394183e-05,0.0
697,adam,0.0005,0.00015213513643175247,4.885082694272569e-05,6.485298968073039e-05,3.8431320206200326e-05,0.0,0.0001244313025381416,4.480918141780421e-05,4.801137401955202e-05,3.161073982482776e-05,0.0
698,adam,0.0005,9.537624828226399e-05,4.61188841427429e-05,3.5979197491542436e-05,1.3278164857410957e-05,0.0,9.514846169622615e-05,4.7829325922066346e-05,3.861522054648958e-05,8.70391431817552e-06,0.0
699,adam,0.0005,9.619202091926127e-05,3.765663973354094e-05,3.987732304722158e-05,1.8658057783227378e-05,0.0,0.00022580911172553897,3.676869528135285e-05,5.073156353319064e-05,0.00013830885291099548,0.0
700,adam,0.0005,0.0001465449454371992,4.1005954017236945e-05,4.8323746909773035e-05,5.721524465229777e-05,0.0,0.00011248779628658667,5.820641672471538e-05,3.939059388358146e-05,1.4890784768795129e-05,0.0
701,adam,0.0005,8.901247429093928e-05,3.6569548001352814e-05,4.4469204112829175e-05,7.973721935172762e-06,0.0,9.830642375163734e-05,3.46550987160299e-05,5.8951387472916394e-05,4.6999307414807845e-06,0.0
702,adam,0.0005,9.859783676802181e-05,3.636794508565799e-05,4.130171862470888e-05,2.0928172432377323e-05,0.0,8.317056926898658e-05,4.174641071585938e-05,3.609399573178962e-05,5.330161457095528e-06,0.0
703,adam,0.0005,0.00010489280566616799,3.786215665968484e-05,4.9955315716943005e-05,1.7075332692684242e-05,0.0,9.662834054324776e-05,3.898734939866699e-05,5.110371421324089e-05,6.5372746576031204e-06,0.0
704,adam,0.0005,9.033448668560595e-05,3.573629578568216e-05,4.187947899936262e-05,1.2718711730030918e-05,0.0,9.24519044929184e-05,4.17450355598703e-05,4.409375469549559e-05,6.613111509068403e-06,0.0
705,adam,0.0005,9.464260938329971e-05,3.679455585370306e-05,4.111373698378884e-05,1.673431384574542e-05,0.0,0.00013781651796307415,3.97900803363882e-05,5.85165798838716e-05,3.950986501877196e-05,0.0
706,adam,0.0005,0.00014008846028445987,4.872545378020732e-05,5.5403648616447754e-05,3.5959357148840354e-05,0.0,0.00020954475621692836,4.618290768121369e-05,6.874071550555527e-05,9.462112939218059e-05,0.0
707,adam,0.0005,0.0001322455691479263,4.479643507693254e-05,5.257250643353473e-05,3.4876629996460906e-05,0.0,9.549481183057651e-05,4.185991201666184e-05,4.501245348365046e-05,8.622447239758912e-06,0.0
708,adam,0.0005,8.878772268872126e-05,3.805912911047926e-05,3.974416017626936e-05,1.0984433089333834e-05,0.0,7.672364881727844e-05,3.678628127090633e-05,3.608314727898687e-05,3.854220722132595e-06,0.0
709,adam,0.0005,0.0001058801899489481,3.8375011286007066e-05,4.507176265633461e-05,2.243341506869001e-05,0.0,0.0001161752879852429,3.914028638973832e-05,6.915118137840182e-05,7.883818398113362e-06,0.0
710,adam,0.0005,0.00012199427419545827,3.789622428485018e-05,5.1938739943580003e-05,3.215931053546228e-05,0.0,0.00023365108063444495,4.3808282498503104e-05,0.000105020466435235,8.482232806272805e-05,0.0
711,adam,0.0005,0.00013515020600607386,3.785248213716841e-05,7.867430326768954e-05,1.8623420373842237e-05,0.0,0.00012283370597288013,3.3883072319440544e-05,8.019257802516222e-05,8.758061085245572e-06,0.0
712,adam,0.0005,8.127474393404555e-05,3.360239054472913e-05,4.3904960079999e-05,3.7673922648195912e-06,0.0,8.715860167285427e-05,4.918135891784914e-05,3.389312405488454e-05,4.084118700120598e-06,0.0
713,adam,0.0005,7.936604151836946e-05,3.952163251597085e-05,3.360940343100083e-05,6.235005315602393e-06,0.0,0.00015775856445543468,5.273848364595324e-05,7.108503632480279e-05,3.393504084669985e-05,0.0
714,adam,0.0005,0.00034110933847841807,6.104987164690101e-05,9.736806987348245e-05,0.00018269138865889545,0.0,0.00020427837444003671,6.487106293207034e-05,4.66697383671999e-05,9.273757314076647e-05,0.0
715,adam,0.0005,0.0001685163933871081,6.037273419678968e-05,8.147126345647848e-05,2.6672394767501828e-05,0.0,0.00011431962775532156,4.6146604290697724e-05,5.68750110687688e-05,1.1298011486360338e-05,0.0
716,adam,0.0005,9.503618548478698e-05,4.23707288064179e-05,4.408470624639449e-05,8.580749863540404e-06,0.0,8.280991460196674e-05,4.044059096486308e-05,3.420589564484544e-05,8.163424354279414e-06,0.0
717,adam,0.0005,9.40822365009808e-05,3.777739811994252e-05,4.879178391092864e-05,7.513054981700407e-06,0.0,0.00013760935689788312,5.234231139183976e-05,7.146668940549716e-05,1.38003579195356e-05,0.0
718,adam,0.0005,9.050788753484085e-05,3.637090105712559e-05,4.710664393314801e-05,7.030342104030751e-06,0.0,9.770751785254106e-05,3.476473648333922e-05,5.588208296103403e-05,7.060700681904564e-06,0.0
719,adam,0.0005,7.574196297355229e-05,3.2235599974228535e-05,3.861181960473914e-05,4.894541760336324e-06,0.0,7.206286682048813e-05,3.381534043001011e-05,3.539648969308473e-05,2.851031013051397e-06,0.0
720,adam,0.0005,8.8727965930957e-05,3.5132461107423296e-05,3.803048730333103e-05,1.5565015829110962e-05,0.0,0.00013128832506481558,3.685127740027383e-05,7.725542673142627e-05,1.7181617295136675e-05,0.0
721,adam,0.0005,0.00013254502846393734,4.4191407368998625e-05,5.568926894738979e-05,3.2664353653899525e-05,0.0,0.00013928735279478133,3.921921597793698e-05,8.778917253948748e-05,1.2278969734325074e-05,0.0
722,adam,0.0005,0.00013333344759303145,4.619894889401621e-05,6.386783024936449e-05,2.3266669131771778e-05,0.0,0.0001268135674763471,6.762055272702128e-05,4.640835686586797e-05,1.2784651516994927e-05,0.0
723,adam,0.0005,9.708016705189948e-05,3.870341049605486e-05,4.622834740075632e-05,1.214840730767719e-05,0.0,9.100232273340225e-05,3.609945997595787e-05,4.240264024701901e-05,1.2500227967393585e-05,0.0
724,adam,0.0005,0.00011559090125956573,3.751570920940139e-05,5.245129466402432e-05,2.562389767035711e-05,0.0,0.00010083814413519576,4.141406679991633e-05,5.277778473100625e-05,6.646286692557624e-06,0.0
725,adam,0.0005,9.044345915754093e-05,3.460085486040043e-05,4.2357675738458056e-05,1.3484927393392354e-05,0.0,8.799480565357953e-05,3.6338187783258036e-05,3.9837359508965164e-05,1.1819251085398719e-05,0.0
726,adam,0.0005,8.62211513776856e-05,3.2683455174264964e-05,3.414309696836426e-05,1.9394600286659625e-05,0.0,0.00010884980292757973,3.704349001054652e-05,4.235616870573722e-05,2.9450146030285396e-05,0.0
727,adam,0.0005,8.347446737388964e-05,3.3470940138613514e-05,4.0372169337388186e-05,9.631356945760672e-06,0.0,0.0001255685929208994,3.965391806559637e-05,8.035105565795675e-05,5.56361919734627e-06,0.0
728,adam,0.0005,0.00011478489159344463,4.331358729814383e-05,4.486497880407114e-05,2.660632475226521e-05,0.0,8.828872523736209e-05,3.7671350582968444e-05,4.292101948522031e-05,7.696351531194523e-06,0.0
729,adam,0.0005,8.144729099512915e-05,3.4988922038792225e-05,3.8804127370895e-05,7.654242395460642e-06,0.0,0.00012389243056531996,3.596659371396527e-05,6.25929533271119e-05,2.533288352424279e-05,0.0
730,adam,0.0005,0.00015155550545387086,4.035412007397099e-05,5.450186040434346e-05,5.6699524407122226e-05,0.0,0.00010598314111120999,5.874333146493882e-05,4.093292591278441e-05,6.30689055469702e-06,0.0
731,adam,0.0005,0.00015315418977479567,4.903819058199588e-05,7.310085777589848e-05,3.101514113268422e-05,0.0,0.0001351322280243039,4.433531285030767e-05,6.555135769303888e-05,2.5245550204999745e-05,0.0
732,adam,0.0005,0.00012087495179002872,4.26229213417173e-05,4.570099576994835e-05,3.2551033342542723e-05,0.0,8.893752965377644e-05,4.326199268689379e-05,4.021780478069559e-05,5.457730367197655e-06,0.0
733,adam,0.0005,9.3308419764071e-05,3.470186811682652e-05,4.615450131950638e-05,1.2452051066702552e-05,0.0,8.48893032525666e-05,3.758377715712413e-05,3.697142892633565e-05,1.0334090802643914e-05,0.0
734,adam,0.0005,9.458624117542058e-05,3.5513210946191975e-05,5.156641304893128e-05,7.506618231900575e-06,0.0,0.00010018417378887534,4.7259465645765886e-05,4.802850162377581e-05,4.896206974080997e-06,0.0
735,adam,0.0005,8.713118404557463e-05,3.7916545352345565e-05,4.14153026895292e-05,7.799335548952513e-06,0.0,0.0001448011607863009,4.71146558993496e-05,6.32764131296426e-05,3.441008448135108e-05,0.0
736,adam,0.0005,0.00017543254216434434,5.2338043701638526e-05,6.495011143670126e-05,5.814438662810062e-05,0.0,0.00019055104348808527,7.97267712187022e-05,7.844680658308789e-05,3.237745477235876e-05,0.0
737,adam,0.0005,0.00011295352078377618,4.936221625939652e-05,4.9062760922424786e-05,1.4528544994618642e-05,0.0,9.521518950350583e-05,4.154605630901642e-05,3.845156970783137e-05,1.521755984867923e-05,0.0
738,adam,0.0005,8.413319483224768e-05,3.594604220324982e-05,3.5919754623137123e-05,1.2267398460608092e-05,0.0,0.00010234642832074314,3.9494450902566314e-05,4.948825517203659e-05,1.3363723155634943e-05,0.0
739,adam,0.0005,8.979355925475829e-05,3.6494725350166846e-05,4.0502300976186234e-05,1.2796533837899915e-05,0.0,9.506640344625339e-05,4.296090628486127e-05,4.373391129774973e-05,8.3715885921265e-06,0.0
740,adam,0.0005,0.00011295812782918802,3.3637743626968586e-05,3.6783092923542426e-05,4.253729190395461e-05,0.0,9.13961193873547e-05,4.424730286700651e-05,3.433238452998921e-05,1.2816429261874873e-05,0.0
741,adam,0.0005,7.41781141186948e-05,3.462655206476484e-05,3.309851661015273e-05,6.453045173770988e-06,0.0,8.74947290867567e-05,3.802612627623603e-05,4.702091246144846e-05,2.4476871658407617e-06,0.0
742,adam,0.0005,9.967244932340691e-05,3.7261306033542496e-05,5.4716629279027984e-05,7.694513485034804e-06,0.0,9.16549761313945e-05,3.7365454772952944e-05,4.6504672354785725e-05,7.784853551129345e-06,0.0
743,adam,0.0005,0.00014435926505029784,3.5793783013104985e-05,5.0349048024145304e-05,5.8216433586721905e-05,0.0,0.00020896813657600433,5.857030555489473e-05,8.52301309350878e-05,6.516769644804299e-05,0.0
744,adam,0.0005,0.00011382135198800825,3.9505549693785724e-05,4.8350699898946914e-05,2.596509983732176e-05,0.0,7.718631968600675e-05,3.5732391552301124e-05,3.54265357600525e-05,6.027395102137234e-06,0.0
745,adam,0.0005,7.987250228325138e-05,3.513947865485534e-05,3.3766751016628405e-05,1.0966273606527466e-05,0.0,0.000104072256362997,4.6762746933382004e-05,3.3414482459193096e-05,2.38950287894113e-05,0.0
746,adam,0.0005,7.236489477691066e-05,3.3632820191087376e-05,3.18887227876985e-05,6.843351215479743e-06,0.0,0.00010221052070846781,3.690746598294936e-05,6.097845107433386e-05,4.324605924921343e-06,0.0
747,adam,0.0005,0.00010520145997361396,3.515853961744142e-05,4.3050970248259546e-05,2.6991949880539323e-05,0.0,0.000166686499142088,5.123269875184633e-05,7.354252738878131e-05,4.1911276639439166e-05,0.0
748,adam,0.0005,0.00012882996497864951,4.183122791800997e-05,6.692596696211695e-05,2.007276989957063e-05,0.0,9.30943715502508e-05,3.787493915297091e-05,4.5386066631181166e-05,9.83335939963581e-06,0.0
749,adam,0.0005,7.450610405612679e-05,3.265770305915794e-05,3.303837240764551e-05,8.810028177208551e-06,0.0,7.771691161906347e-05,3.228430432500318e-05,3.906801430275664e-05,6.364596174535109e-06,0.0
750,adam,0.0005,0.00010242509483759932,3.424458418521681e-05,4.849086860758689e-05,1.968964168952425e-05,0.0,0.00027845893055200577,4.5010983740212396e-05,0.000104309874586761,0.0001291380904149264,0.0
751,adam,0.0005,0.00015592719728374504,4.249173798598349e-05,5.653219432133483e-05,5.6903263470076126e-05,0.0,0.00011626538616837934,4.7016317694215104e-05,5.8724337577586994e-05,1.052473180607194e-05,0.0
752,adam,0.0005,7.973883907652635e-05,3.831798119335872e-05,3.3714172900545236e-05,7.706684058916835e-06,0.0,7.764653128106147e-05,3.7201934901531786e-05,3.600311902118847e-05,4.44147872258327e-06,0.0
753,adam,0.0005,7.30972590190504e-05,3.273602692388522e-05,3.5010088822673424e-05,5.351145020426884e-06,0.0,0.00013444304931908846,4.296928091207519e-05,7.95261439634487e-05,1.194761716760695e-05,0.0
754,adam,0.0005,0.0001133346004280611,3.5918051480621216e-05,5.256378665308148e-05,2.4852762948057716e-05,0.0,9.558569581713527e-05,3.446355913183652e-05,5.781122308690101e-05,3.310907004561159e-06,0.0
755,adam,0.0005,0.00011104650502602453,4.11185131952152e-05,4.784597081197717e-05,2.208201973985524e-05,0.0,8.027281728573143e-05,3.795246811932884e-05,3.41215891239699e-05,8.198756404453889e-06,0.0
756,adam,0.0005,0.00016530533912373357,4.879310381511459e-05,7.798242256740195e-05,3.8529811433818395e-05,0.0,8.55742982821539e-05,3.547972664819099e-05,4.4768687075702474e-05,5.325887741491897e-06,0.0
757,adam,0.0005,8.899831982489559e-05,3.773105072468752e-05,3.6838725804955175e-05,1.4428543721578535e-05,0.0,0.00010748166823759675,4.1706065530888736e-05,5.398571738624014e-05,1.1789892596425489e-05,0.0
758,adam,0.0005,8.584523675381206e-05,3.9282967122744594e-05,3.6054206248081755e-05,1.0508064022474173e-05,0.0,0.0001044623350026086,3.924652628484182e-05,3.829796696663834e-05,2.6917841751128435e-05,0.0
759,adam,0.0005,9.231592275682488e-05,3.516530045999389e-05,4.486003820147744e-05,1.229058321428056e-05,0.0,0.00010871385893551633,4.279154018149711e-05,4.3234165786998346e-05,2.268815296702087e-05,0.0
760,adam,0.0005,0.00012954222665939596,3.518424364301609e-05,6.251107015486923e-05,3.184691377100535e-05,0.0,0.00010273957741446793,4.5689859689446166e-05,3.391009522601962e-05,2.3139629774959758e-05,0.0
761,adam,0.0005,7.943544869704056e-05,3.4814972082131135e-05,3.248004452416353e-05,1.2140433256035976e-05,0.0,0.0001028915066854097,4.3132833525305614e-05,3.1099079933483154e-05,2.8659598683589138e-05,0.0
762,adam,0.0005,9.281700613428256e-05,3.5842275337927276e-05,3.505672111714375e-05,2.1918010403965127e-05,0.0,0.0001586267608217895,4.9825037422124296e-05,5.998446431476623e-05,4.8817262722877786e-05,0.0
763,adam,0.0005,8.506609538017074e-05,3.332253652388317e-05,3.6314821500127437e-05,1.542873769722064e-05,0.0,7.793201802996919e-05,3.620180723373778e-05,3.661724258563481e-05,5.1129668463545386e-06,0.0
764,adam,0.0005,0.00010312504036846804,3.451708550983312e-05,4.881452014160459e-05,1.979343429070468e-05,0.0,0.00021011312492191792,4.344986882642843e-05,8.345750393345952e-05,8.320574852405116e-05,0.0
765,adam,0.0005,0.00011018734448953182,3.5269021054773475e-05,4.996274162749614e-05,2.4955582773600327e-05,0.0,8.061459084274247e-05,3.378991823410615e-05,4.0221624658443034e-05,6.603048404940637e-06,0.0
766,adam,0.0005,7.365918690993567e-05,3.27439857983336e-05,3.2893357115426625e-05,8.021843996175448e-06,0.0,0.00012673676246777177,3.373768049641512e-05,4.665846427087672e-05,4.634062497643754e-05,0.0
767,adam,0.0005,9.82608007689123e-05,3.3902560403475945e-05,3.834619360532088e-05,2.601204799645984e-05,0.0,8.835561311570928e-05,4.287595220375806e-05,4.003206777269952e-05,5.4475913202622905e-06,0.0
768,adam,0.0005,9.454625296712038e-05,3.5467892530505196e-05,4.1514725126035046e-05,1.7563636021122875e-05,0.0,0.0001143619156209752,3.75458002963569e-05,4.095007534488104e-05,3.586603997973725e-05,0.0
769,adam,0.0005,0.00012461563073884463,4.4230301909919945e-05,4.6568157131332555e-05,3.3817172010230934e-05,0.0,8.730564877623692e-05,3.604398079914972e-05,4.127018473809585e-05,9.991485967475455e-06,0.0
770,adam,0.0005,8.495035899613868e-05,3.5209721772844205e-05,3.957364572215738e-05,1.0166992382210083e-05,0.0,0.00012089962547179312,3.626643228926696e-05,7.053231092868373e-05,1.4100879525358323e-05,0.0
771,adam,0.0005,0.00010513160941627575,3.625722251854313e-05,4.232585570207448e-05,2.6548533469394897e-05,0.0,0.0001888642436824739,4.6629826101707295e-05,3.872802699333988e-05,0.00010350638331146911,0.0
772,adam,0.0005,0.00012992978963666246,4.328303361944563e-05,4.3837424868797825e-05,4.280933035261114e-05,0.0,0.00010367162030888721,5.001630779588595e-05,4.7866589738987386e-05,5.788721409771824e-06,0.0
773,adam,0.0005,8.331799313054944e-05,3.5164232258466654e-05,3.8095527997938916e-05,1.0058231950438312e-05,0.0,9.921217861119658e-05,4.893172808806412e-05,3.7895661080256104e-05,1.238478216691874e-05,0.0
774,adam,0.0005,7.645455320925976e-05,3.451634870543785e-05,3.1169290309662756e-05,1.0768912645175988e-05,0.0,7.07621147739701e-05,3.684298280859366e-05,2.965367639262695e-05,4.265455572749488e-06,0.0
775,adam,0.0005,7.213513390524895e-05,3.0332165692925628e-05,3.67743710967261e-05,5.0285977408748295e-06,0.0,9.164937364403158e-05,4.333998367656022e-05,4.082342275069095e-05,7.485972219001269e-06,0.0
776,adam,0.0005,0.00014371412862601574,3.8655232515338867e-05,6.579346950275067e-05,3.926542754584261e-05,0.0,0.00011472104233689606,3.6862242268398404e-05,6.542535265907645e-05,1.24334446809371e-05,0.0
777,adam,0.0005,0.00010120341221409035,3.1717043270873546e-05,5.9885303585360816e-05,9.601065755759919e-06,0.0,9.010438225232065e-05,3.6539182474371046e-05,4.80761518701911e-05,5.489048817253206e-06,0.0
778,adam,0.0005,8.054146383074112e-05,3.2323206369255786e-05,3.3758939935069066e-05,1.445931857801952e-05,0.0,0.0001301931479247287,3.7692352634621784e-05,4.365485438029282e-05,4.884593727183528e-05,0.0
779,adam,0.0005,8.448693733953405e-05,3.404448307264829e-05,3.395201167677442e-05,1.649044230589425e-05,0.0,8.104229345917702e-05,3.9886144804768264e-05,3.756327714654617e-05,3.592868097257451e-06,0.0
780,adam,0.0005,6.790656061639311e-05,3.36828677518497e-05,2.8916210908391804e-05,5.3074819845733145e-06,0.0,7.768295472487807e-05,4.325553891249001e-05,3.0071971195866354e-05,4.355442797532305e-06,0.0
781,adam,0.0005,0.000254819936799322,4.965528273714881e-05,0.0001237219719314453,8.144268156229373e-05,0.0,0.00031137821497395635,0.00010256475798087195,0.00012844268348999321,8.037079533096403e-05,0.0
782,adam,0.0005,0.0001953411510839942,7.307721966753888e-05,6.667960565209796e-05,5.558432815178094e-05,0.0,0.0001576876238686964,7.702750735916197e-05,4.289685602998361e-05,3.7763264117529616e-05,0.0
783,adam,0.0005,9.63379552558763e-05,4.413399256009143e-05,3.467769852250058e-05,1.7526262865885656e-05,0.0,0.00010898544860538095,4.6422890591202304e-05,5.068169775768183e-05,1.1880862984980922e-05,0.0
784,adam,0.0005,9.397932421961741e-05,4.0412985526927514e-05,4.623249901669624e-05,7.333840258638702e-06,0.0,7.818305311957374e-05,4.081678707734682e-05,3.061358438571915e-05,6.752677563781617e-06,0.0
785,adam,0.0005,8.700010016582382e-05,3.7235128047541366e-05,3.221865199520835e-05,1.7546319782013597e-05,0.0,0.00010221186676062644,4.188016100670211e-05,4.0726237784838304e-05,1.9605464331107214e-05,0.0
786,adam,0.0005,9.136246126217884e-05,3.349418238940416e-05,3.800015326760331e-05,1.986812566201479e-05,0.0,7.542608364019543e-05,3.552635098458268e-05,3.665094845928252e-05,3.248787152188015e-06,0.0
787,adam,0.0005,9.768755035111099e-05,3.1950279549164406e-05,4.7426739342881774e-05,1.831053120326942e-05,0.0,9.129293903242797e-05,3.7970978155499324e-05,4.582411202136427e-05,7.497846581827616e-06,0.0
788,adam,0.0005,0.00011377681221347302,3.702607705236005e-05,6.43367370685155e-05,1.2413999854743452e-05,0.0,9.52951013459824e-05,4.364140113466419e-05,3.857493356917985e-05,1.3078769370622467e-05,0.0
789,adam,0.0005,9.202803721564123e-05,3.44939379601783e-05,4.439160045421886e-05,1.3142497564899713e-05,0.0,0.00012155238800914958,3.545215804479085e-05,7.733555685263127e-05,8.764668564253952e-06,0.0
790,adam,0.0005,0.00011423363866924774,4.0616343767396756e-05,5.861878435098333e-05,1.4998511119301838e-05,0.0,0.00013958623458165675,5.631325984722935e-05,5.835402407683432e-05,2.491895247658249e-05,0.0
791,adam,0.0005,0.0001063076642822125,4.338909411671921e-05,4.076242987594014e-05,2.2156139493745286e-05,0.0,9.645369573263451e-05,4.264927702024579e-05,4.4148964661872014e-05,9.6554495030432e-06,0.0
792,adam,0.0005,8.281046075353515e-05,3.014118590272119e-05,3.960163496685709e-05,1.3067639258679264e-05,0.0,0.00012749114830512553,3.50092668668367e-05,6.398904952220619e-05,2.8492830097093247e-05,0.0
793,adam,0.0005,0.00011947636539844098,3.966884105466306e-05,4.557825855044939e-05,3.422926556595485e-05,0.0,9.212712029693648e-05,3.1991934520192444e-05,3.8117657823022455e-05,2.2017527953721583e-05,0.0
794,adam,0.0005,8.685031002642063e-05,3.4261394148416e-05,3.5438751638139365e-05,1.715016537673364e-05,0.0,0.00010847551311599091,3.5347264201845974e-05,5.8911231462843716e-05,1.421701927029062e-05,0.0
795,adam,0.0005,9.373578723170795e-05,3.235067185869411e-05,5.0896088851004606e-05,1.0489026607274354e-05,0.0,7.44785211281851e-05,3.4302534913877025e-05,3.18267302645836e-05,8.349256859219167e-06,0.0
796,adam,0.0005,0.00011378878275536408,3.848789094718086e-05,4.404060030083201e-05,3.1260289944157194e-05,0.0,0.0002768870326690376,4.937353151035495e-05,8.56171827763319e-05,0.0001418963074684143,0.0
797,adam,0.0005,0.00012731459810311208,4.381364965411194e-05,4.031265825688024e-05,4.318828945315545e-05,0.0,8.183534373529255e-05,4.033756340504624e-05,3.3211723348358646e-05,8.286056981887668e-06,0.0
798,adam,0.0005,8.286084948849748e-05,3.32990102833719e-05,4.1756932091630006e-05,7.804906630326514e-06,0.0,8.605647599324584e-05,3.710259625222534e-05,4.506621917244047e-05,3.88765965908533e-06,0.0
799,adam,0.0005,8.442627085969434e-05,3.255523949974304e-05,4.310786027872382e-05,8.763171720715945e-06,0.0,0.00010558893700363114,5.0523885875009e-05,4.702614387497306e-05,8.03890907263849e-06,0.0
800,adam,0.0005,7.254434149217559e-05,3.264484939791146e-05,3.110052011834341e-05,8.798972629620039e-06,0.0,0.00010377325088484213,3.8846006646053866e-05,4.777434514835477e-05,1.7152904547401704e-05,0.0
801,adam,0.0005,7.577297014904616e-05,3.128701462173922e-05,3.302017012174474e-05,1.1465784297115533e-05,0.0,8.979073027148843e-05,3.0721079383511096e-05,4.9615824536886066e-05,9.45382817008067e-06,0.0
802,adam,0.0005,0.00011086291260653525,3.3712886079229065e-05,3.846010872621264e-05,3.868991854005799e-05,0.0,8.983029692899436e-05,4.175824869889766e-05,3.8284913898678496e-05,9.787137059902307e-06,0.0
803,adam,0.0005,8.750294773562928e-05,3.939550992981822e-05,3.5272499985694594e-05,1.2834937820116465e-05,0.0,6.912474782438949e-05,3.392538565094583e-05,3.157022729283199e-05,3.6291417018219363e-06,0.0
804,adam,0.0005,8.089081893558614e-05,3.1732677825857536e-05,3.854818498894019e-05,1.0609956774487728e-05,0.0,9.505198249826208e-05,3.157237370032817e-05,5.416623025666922e-05,9.31337672227528e-06,0.0
805,adam,0.0005,0.00012032558902319579,3.167370675782877e-05,4.694888957601506e-05,4.170299428096769e-05,0.0,0.00021036647376604378,4.533029641606845e-05,6.130508700152859e-05,0.00010373107943451032,0.0
806,adam,0.0005,0.00011688859467540169,3.829536478860973e-05,5.20857106494077e-05,2.650751818578101e-05,0.0,0.00011894418275915086,3.6552468372974545e-05,6.090180977480486e-05,2.148990097339265e-05,0.0
807,adam,0.0005,8.628177215541655e-05,3.218611823285755e-05,4.625041185590817e-05,7.845242322446211e-06,0.0,8.443569822702557e-05,3.105120049440302e-05,4.7376612201333046e-05,6.007890533510363e-06,0.0
808,adam,0.0005,8.802164143162372e-05,3.255992885442538e-05,4.2638428453756205e-05,1.2823284308183247e-05,0.0,0.00011748719407478347,3.643985837697983e-05,4.93770457978826e-05,3.167028626194224e-05,0.0
809,adam,0.0005,0.00010380623643868603,3.639437636593357e-05,3.4383130127935146e-05,3.302873028587783e-05,0.0,0.00013957219198346138,6.611787102883682e-05,6.187034159665927e-05,1.1583986633922905e-05,0.0
810,adam,0.0005,0.00012768162150678108,4.117167804906785e-05,6.278959403971385e-05,2.3720350071698704e-05,0.0,8.223927579820156e-05,3.918366928701289e-05,3.5755092540057376e-05,7.300517154362751e-06,0.0
811,adam,0.0005,0.00010641071185091278,3.5252880479674786e-05,5.610641437669983e-05,1.5051416482947388e-05,0.0,8.94501426955685e-05,3.663438110379502e-05,4.153952613705769e-05,1.1276231816736981e-05,0.0
812,adam,0.0005,0.00010832139514604933,3.6904230910295155e-05,4.7545154302497394e-05,2.387201033116071e-05,0.0,0.0001350154198007658,5.261509431875311e-05,6.517433212138712e-05,1.7225989722646773e-05,0.0
813,adam,0.0005,7.987911840245943e-05,3.5446644574221864e-05,3.469083617346769e-05,9.741638464788593e-06,0.0,7.845897926017642e-05,3.791447670664638e-05,3.257392017985694e-05,7.970575097715482e-06,0.0
814,adam,0.0005,7.082216393428098e-05,3.0823435167803837e-05,2.9759988706246077e-05,1.0238739747592263e-05,0.0,0.00011842056846944615,3.943681804230437e-05,4.364675623946823e-05,3.533699054969475e-05,0.0
815,adam,0.0005,0.00010448496823300957,3.2116825195771526e-05,3.800872286774393e-05,3.4359421135832235e-05,0.0,8.262316987384111e-05,3.661761729745194e-05,3.528206798364408e-05,1.0723480954766273e-05,0.0
816,adam,0.0005,0.00013382530778471846,4.126038265894749e-05,5.503413990481931e-05,3.7530784823047725e-05,0.0,0.00011033399641746655,4.212991916574538e-05,4.668783367378637e-05,2.1516245396924205e-05,0.0
817,adam,0.0005,9.142365206571412e-05,3.619576216351561e-05,3.805857977567939e-05,1.7169309444398095e-05,0.0,7.178145460784435e-05,3.2759086025180295e-05,3.057288995478302e-05,8.44948590383865e-06,0.0
818,adam,0.0005,7.810453234924353e-05,3.0678625648761226e-05,3.455279374975362e-05,1.2873112865463554e-05,0.0,9.498157305642962e-05,4.3030395318055525e-05,2.939512523880694e-05,2.255605249956716e-05,0.0
819,adam,0.0005,8.690812433087558e-05,3.036658517885371e-05,3.730773687493638e-05,1.923380149548848e-05,0.0,9.792377386474982e-05,3.640674185589887e-05,3.5867848055204377e-05,2.564918395364657e-05,0.0
820,adam,0.0005,7.321597604459384e-05,3.253976854011853e-05,3.373771573933482e-05,6.938491083019471e-06,0.0,8.400863589486107e-05,3.201413346687332e-05,4.796893335878849e-05,4.025569523946615e-06,0.0
821,adam,0.0005,8.680186965648318e-05,3.278658118688327e-05,4.135978122121742e-05,1.2655506296255226e-05,0.0,9.653533925302327e-05,3.618212940637022e-05,4.0105689549818635e-05,2.0247522115823813e-05,0.0
822,adam,0.0005,0.00018210146754427115,4.382544909731223e-05,7.576561756650335e-05,6.251039900462274e-05,0.0,0.00015099052689038217,4.693975643021986e-05,3.8922324165469036e-05,6.512844993267208e-05,0.0
823,adam,0.0005,0.00011016425651177997,4.0878000504562806e-05,4.5306345100470935e-05,2.3979910480420585e-05,0.0,0.0001706687471596524,5.7663321058498695e-05,7.93553190305829e-05,3.3650114346528426e-05,0.0
824,adam,0.0005,9.834077877712843e-05,3.432776259160164e-05,5.3881147778156446e-05,1.013186781051445e-05,0.0,7.285877654794604e-05,3.3497079130029306e-05,2.9556902518379502e-05,9.804796718526632e-06,0.0
825,adam,0.0005,7.133526651159627e-05,3.338210137826536e-05,2.8397879191288666e-05,9.555286595741563e-06,0.0,7.979851216077805e-05,3.761846892302856e-05,2.9260098017402925e-05,1.2919943401357159e-05,0.0
826,adam,0.0005,6.735044803463097e-05,3.0331248808579403e-05,2.9823476666024362e-05,7.195722616870626e-06,0.0,7.709688361501321e-05,3.3794858609326184e-05,3.129635297227651e-05,1.2005673852399923e-05,0.0
827,adam,0.0005,8.528992293577176e-05,2.9872621553295176e-05,3.092308031682478e-05,2.4494222429893853e-05,0.0,0.00014022874529473484,4.495150642469525e-05,2.5912668206728995e-05,6.936456338735297e-05,0.0
828,adam,0.0005,0.000103355584997189,3.826092529379821e-05,4.347641663571267e-05,2.1618244289811628e-05,0.0,0.00014756810560356826,5.683331619366072e-05,7.71472550695762e-05,1.3587530702352524e-05,0.0
829,adam,0.0005,9.994769925469882e-05,4.007808138339897e-05,4.119351592635212e-05,1.8676101959158586e-05,0.0,7.266770262503996e-05,3.63765393558424e-05,2.9645898393937387e-05,6.645260327786673e-06,0.0
830,adam,0.0005,8.423509416388697e-05,2.859656342479866e-05,3.103054211806011e-05,2.4607988393654523e-05,0.0,7.877697498770431e-05,3.080698661506176e-05,3.628886042861268e-05,1.1681126125040464e-05,0.0
831,adam,0.0005,6.703678627673071e-05,2.8885352207908e-05,2.8379404966472066e-05,9.772029159194062e-06,0.0,7.417990855174139e-05,3.262125392211601e-05,3.2375573937315494e-05,9.183079782815184e-06,0.0
832,adam,0.0005,7.54121147110709e-05,3.024260456641059e-05,3.0001195341355924e-05,1.5168314234870195e-05,0.0,0.00010485570237506181,3.962960181524977e-05,3.6919569538440555e-05,2.8306531021371484e-05,0.0
833,adam,0.0005,7.309416287171189e-05,3.0012777642696165e-05,3.0397402952075936e-05,1.2683982191674659e-05,0.0,8.919495303416625e-05,4.292453741072677e-05,4.0865899791242555e-05,5.404514922702219e-06,0.0
834,adam,0.0005,9.27949395190808e-05,4.020310825580964e-05,3.6344603699944855e-05,1.6247227961230237e-05,0.0,0.0001336264394922182,4.70604318252299e-05,6.0153277445351705e-05,2.6412730221636593e-05,0.0
835,adam,0.0005,8.344545244654e-05,3.235267547552212e-05,3.214319644939678e-05,1.8949580265825716e-05,0.0,7.9190700489562e-05,3.947537697968073e-05,3.412947990000248e-05,5.585849976341706e-06,0.0
836,adam,0.0005,6.404388136616035e-05,2.9903648623985646e-05,2.8726066602757783e-05,5.41416640942316e-06,0.0,9.725528070703149e-05,3.4288674214622006e-05,3.6818073567701504e-05,2.6148536562686786e-05,0.0
837,adam,0.0005,0.00026989586831405177,6.804960719364317e-05,8.317015203829214e-05,0.00011867610794524808,0.0,0.0001352546678390354,6.440239667426795e-05,5.5562395573360845e-05,1.528986649645958e-05,0.0
838,adam,0.0005,0.0001945401540979219,7.226055231512873e-05,7.726463218205026e-05,4.5014968577561376e-05,0.0,9.926522034220397e-05,6.491386739071459e-05,3.1812927772989497e-05,2.5384185846633045e-06,0.0
839,adam,0.0005,9.197644340019906e-05,3.8407192505474086e-05,3.948736809888942e-05,1.4081882142136237e-05,0.0,8.567184704588726e-05,3.8817310269223526e-05,3.974140781792812e-05,7.113125775504159e-06,0.0
840,adam,0.0005,9.529209000902483e-05,3.360103846716811e-05,4.272315209163935e-05,1.8967897972288483e-05,0.0,0.000103567581390962,3.3168467780342326e-05,2.9991155315656215e-05,4.040796557092108e-05,0.0
841,adam,0.0005,8.082090016614529e-05,3.109050351213227e-05,3.7743444636362256e-05,1.1986952159759312e-05,0.0,7.32915650587529e-05,4.311424709158018e-05,2.6314257411286235e-05,3.863062829623232e-06,0.0
842,adam,0.0005,7.24056058061251e-05,2.864738746666262e-05,3.392202927443577e-05,9.836189384770933e-06,0.0,8.231758693000302e-05,4.0280228859046474e-05,3.5545232094591483e-05,6.492126885859761e-06,0.0
843,adam,0.0005,6.9153146341705e-05,2.7705717343451397e-05,3.762243238725205e-05,3.824997627077664e-06,0.0,6.675286567769945e-05,2.984790626214817e-05,3.466651833150536e-05,2.2384413114195922e-06,0.0
844,adam,0.0005,8.300849913212005e-05,3.168464866121212e-05,4.06086444399989e-05,1.0715206201439287e-05,0.0,0.00014043383998796344,3.413476952118799e-05,3.91512548958417e-05,6.714781193295494e-05,0.0
845,adam,0.0005,0.00011944776997552253,4.09851659242122e-05,4.91190362481575e-05,2.9343568314743607e-05,0.0,7.187650771811604e-05,3.459616709733382e-05,3.0383864213945344e-05,6.89647004037397e-06,0.0
846,adam,0.0005,8.312691306855413e-05,3.28112323586538e-05,3.131970368031034e-05,1.899597771171102e-05,0.0,8.621241431683302e-05,3.741281761904247e-05,3.469343209872022e-05,1.4106164599070325e-05,0.0
847,adam,0.0005,7.60951088523143e-05,3.2873621876206016e-05,3.423818918690813e-05,8.98329835763434e-06,0.0,7.483404624508694e-05,3.432240919210017e-05,2.6261917810188606e-05,1.4249718333303463e-05,0.0
848,adam,0.0005,9.433276500203647e-05,3.0488717698062828e-05,3.509901830511808e-05,2.8745030590471288e-05,0.0,0.00010173925693379715,3.40520819008816e-05,4.183795681456104e-05,2.5849216399365105e-05,0.0
849,adam,0.0005,7.569466879431275e-05,3.0012226261533215e-05,3.617157994995068e-05,9.510862369666029e-06,0.0,7.385449862340465e-05,3.5751039831666276e-05,3.0042332582524978e-05,8.061129847192205e-06,0.0
850,adam,0.0005,7.24045808055962e-05,2.9914470133007853e-05,2.940465981282614e-05,1.3085450007110921e-05,0.0,7.452093268511817e-05,2.9668315619346686e-05,3.932126492145471e-05,5.531353053811472e-06,0.0
851,adam,0.0005,7.834823713892547e-05,2.9315008646335627e-05,4.0654853705746063e-05,8.378375170536856e-06,0.0,8.246811194112524e-05,3.446269693085924e-05,4.0022241591941565e-05,7.98317341832444e-06,0.0
852,adam,0.0005,9.377083097206196e-05,3.199145874077658e-05,3.557277250365587e-05,2.620660114871498e-05,0.0,9.600796329323202e-05,3.0363205951289274e-05,3.825168460025452e-05,2.739306728472002e-05,0.0
853,adam,0.0005,7.386284960375633e-05,2.9286174822118483e-05,2.8639877768910083e-05,1.5936798689608622e-05,0.0,7.809774979250506e-05,3.8582817069254816e-05,3.107523298240267e-05,8.439694283879362e-06,0.0
854,adam,0.0005,6.292324997048127e-05,2.912610261773807e-05,2.786115396702371e-05,5.935993399930339e-06,0.0,8.134545350912958e-05,2.8644639314734377e-05,2.891469921451062e-05,2.378611679887399e-05,0.0
855,adam,0.0005,0.00011565092108867248,3.867596649342886e-05,4.496536428177933e-05,3.200959031346429e-05,0.0,0.00013609087909571826,4.393463677843101e-05,4.177678420091979e-05,5.0379465392325073e-05,0.0
856,adam,0.0005,9.463013020649669e-05,3.705938217990479e-05,4.199178636099532e-05,1.5578960955053844e-05,0.0,8.8366141426377e-05,4.022294524475001e-05,3.199490311089903e-05,1.614829307072796e-05,0.0
857,adam,0.0005,9.666490950621665e-05,3.6446712442739226e-05,4.4774893808607885e-05,1.5443305130702356e-05,0.0,9.80678596533835e-05,6.201853830134496e-05,2.901965126511641e-05,7.02966281096451e-06,0.0
858,adam,0.0005,6.673052962469228e-05,3.194876353518339e-05,2.7382799999031704e-05,7.39896624679659e-06,0.0,9.648710692999884e-05,3.487815411062911e-05,4.1490013245493174e-05,2.0118937754887156e-05,0.0
859,adam,0.0005,0.00013308174902704195,3.429511730246304e-05,4.548669789983251e-05,5.329993268787803e-05,0.0,8.756678289500996e-05,2.7544452677830122e-05,5.152867379365489e-05,8.493653695040848e-06,0.0
860,adam,0.0005,7.043824348329508e-05,2.9908932333455596e-05,3.404072731427732e-05,6.488583096597722e-06,0.0,9.387129102833569e-05,4.498509588302113e-05,4.00072276534047e-05,8.878963853931054e-06,0.0
861,adam,0.0005,7.954001898724528e-05,3.095228169058828e-05,3.605031236020295e-05,1.2537425021719173e-05,0.0,0.00010157815995626152,3.036375346709974e-05,4.723455276689492e-05,2.3979850084288046e-05,0.0
862,adam,0.0005,8.346307117790275e-05,3.257966898218001e-05,3.20220381127001e-05,1.8861363088262806e-05,0.0,0.00010882714559556916,5.423231050372124e-05,4.045797322760336e-05,1.4136855497781653e-05,0.0
863,adam,0.0005,7.540276283179992e-05,3.1454370173378265e-05,3.1339126167040376e-05,1.2609267244556577e-05,0.0,6.759290408808738e-05,2.6305371648049913e-05,3.466666748863645e-05,6.620863587158965e-06,0.0
864,adam,0.0005,7.411030674120411e-05,2.8015071507070388e-05,2.9829611889908847e-05,1.626562401213505e-05,0.0,8.890271419659257e-05,3.8523889088537544e-05,3.5064258554484695e-05,1.5314568372559734e-05,0.0
865,adam,0.0005,8.469650538245332e-05,3.0442093816418492e-05,3.679407791423728e-05,1.7460333836538666e-05,0.0,0.00015824908041395247,4.813506529899314e-05,0.00010184053826378658,8.273472303699236e-06,0.0
866,adam,0.0005,9.388084890815662e-05,3.242417983528867e-05,4.8999187924891885e-05,1.245748184430795e-05,0.0,6.169653352117166e-05,3.101350739598274e-05,2.7408035748521797e-05,3.274987420809339e-06,0.0
867,adam,0.0005,7.320483769035491e-05,2.7620131277217297e-05,3.609301177220914e-05,9.491694811458729e-06,0.0,9.613854490453377e-05,3.17126905429177e-05,5.597791459877044e-05,8.44794249132974e-06,0.0
868,adam,0.0005,9.373357465847221e-05,3.0434238851739792e-05,3.9294281918955676e-05,2.400505337618597e-05,0.0,0.00021611631382256746,4.9219564971281216e-05,8.460042590741068e-05,8.229631930589676e-05,0.0
869,adam,0.0005,0.00016436824216725654,4.412649082041753e-05,9.328239411843242e-05,2.6959355437838894e-05,0.0,9.22110048122704e-05,3.422786539886147e-05,4.733082096208818e-05,1.0652319360815454e-05,0.0
870,adam,0.0005,0.00011582705155888107,3.497257807794085e-05,5.5772796599740104e-05,2.508167742121259e-05,0.0,0.00014371810539159924,4.257553882780485e-05,9.087781654670835e-05,1.0264749107591342e-05,0.0
871,adam,0.0005,0.00010846380519069498,3.740587976608367e-05,5.638320828893484e-05,1.4674716865670234e-05,0.0,8.885331044439226e-05,4.191936750430614e-05,3.8449332350865006e-05,8.484612408210523e-06,0.0
872,adam,0.0005,7.432927486661356e-05,3.1272481464839075e-05,3.612137027175777e-05,6.9354225900042366e-06,0.0,9.276105265598744e-05,3.744380228454247e-05,3.8077065255492926e-05,1.7240186934941448e-05,0.0
873,adam,0.0005,0.00014103785224506282,4.515709554198111e-05,3.971000614910736e-05,5.617075055397436e-05,0.0,7.428701792377979e-05,3.7447298382176086e-05,3.0419323593378067e-05,6.420390036510071e-06,0.0
874,adam,0.0005,8.303586560032272e-05,3.577556913114677e-05,3.600804018333292e-05,1.1252257451133119e-05,0.0,7.574645132990554e-05,3.3668078685877845e-05,3.312057378934696e-05,8.95780340215424e-06,0.0
875,adam,0.0005,6.46104010684212e-05,2.7704393232852453e-05,2.6791927666636184e-05,1.011408092210786e-05,0.0,8.158329728757963e-05,3.258132346672937e-05,3.3005238947225735e-05,1.5996736692613922e-05,0.0
876,adam,0.0005,6.17349805906997e-05,2.8626097900996683e-05,2.4416978249064414e-05,8.691905605928696e-06,0.0,7.121300586732104e-05,3.217562334612012e-05,2.6948498998535797e-05,1.2088882613170426e-05,0.0
877,adam,0.0005,6.935529813745234e-05,2.9319408213268616e-05,2.8963571935491927e-05,1.1072318102378631e-05,0.0,6.951560499146581e-05,2.6503059416427277e-05,3.6834448110312223e-05,6.178098828968359e-06,0.0
878,adam,0.0005,6.839610500719573e-05,2.916858875323669e-05,2.8039517133038316e-05,1.118799855959196e-05,0.0,0.000132023764308542,5.094975495012477e-05,3.970798206864856e-05,4.1366023651789874e-05,0.0
879,adam,0.0005,0.00013474935258273035,4.16672706933241e-05,3.81184828484038e-05,5.4963597932555786e-05,0.0,0.0001484396489104256,6.348851457005367e-05,4.167213410255499e-05,4.327899296185933e-05,0.0
880,adam,0.0005,9.156852047453867e-05,3.6112966085966036e-05,3.969989074903424e-05,1.5755664634298228e-05,0.0,7.94738152762875e-05,3.636251494754106e-05,3.606473910622299e-05,7.046562132018153e-06,0.0
881,adam,0.0005,7.126971081561351e-05,3.065060423068644e-05,3.477725647371699e-05,5.8418495143541804e-06,0.0,0.0001305170590057969,2.8840595405199565e-05,8.76319536473602e-05,1.4044509953237139e-05,0.0
882,adam,0.0005,9.806699745240621e-05,3.452116095559177e-05,3.983564124609984e-05,2.3710194170689647e-05,0.0,9.21827886486426e-05,4.288202035240829e-05,3.8571273762499914e-05,1.0729489076766185e-05,0.0
883,adam,0.0005,0.00010575066789897392,3.427751994422579e-05,4.932330170959176e-05,2.2149845847252436e-05,0.0,0.0001033666922012344,3.259635923313908e-05,3.141907654935494e-05,3.935125641874038e-05,0.0
884,adam,0.0005,0.00010458651149747311,3.568425154298893e-05,3.678187181321846e-05,3.2120386975975634e-05,0.0,8.654988050693646e-05,3.755681973416358e-05,3.783843567362055e-05,1.1154624189657625e-05,0.0
885,adam,0.0005,5.990792669763323e-05,2.7812599000753835e-05,2.6742827117232082e-05,5.352500714650432e-06,0.0,6.282827962422743e-05,3.127836680505425e-05,2.9013010134804063e-05,2.5368990463903174e-06,0.0
886,adam,0.0005,7.22430011137476e-05,3.115081540272513e-05,2.9100765573275567e-05,1.1991420237222883e-05,0.0,0.00010960810323012993,4.707411062554456e-05,4.561420064419508e-05,1.6919793779379688e-05,0.0
887,adam,0.0005,9.626655719330302e-05,3.2928950304267346e-05,3.848466940326034e-05,2.4852936306274387e-05,0.0,9.576763841323555e-05,4.17563205701299e-05,2.9565107979578897e-05,2.4446213501505554e-05,0.0
888,adam,0.0005,7.585281332467275e-05,3.223816452191386e-05,3.2610140920041886e-05,1.1004507996403845e-05,0.0,6.623865192523226e-05,2.7355488782632165e-05,3.405604729778133e-05,4.827114935324062e-06,0.0
889,adam,0.0005,7.2523401968283e-05,2.806120369314158e-05,3.2073095667328744e-05,1.2389102892029769e-05,0.0,0.00010273832594975829,3.920856397598982e-05,5.405279080150649e-05,9.476972991251387e-06,0.0
890,adam,0.0005,8.48333727390127e-05,3.26135194654853e-05,3.194802491179871e-05,2.0271827636975104e-05,0.0,7.104770338628441e-05,3.790352639043704e-05,2.9914755941717885e-05,3.229421736250515e-06,0.0
891,adam,0.0005,7.234291479107924e-05,3.2407825415248226e-05,2.7580199912335956e-05,1.2354889122434543e-05,0.0,7.95305022620596e-05,3.1730618502479047e-05,3.832568472716957e-05,9.474199941905681e-06,0.0
892,adam,0.0005,6.390555563484668e-05,2.999053583607747e-05,2.638741113969445e-05,7.52760857380963e-06,0.0,9.221491927746683e-05,2.9206830731709488e-05,2.606496673251968e-05,3.694311817525886e-05,0.0
893,adam,0.0005,0.00012423909674907918,3.817696369878831e-05,4.9630055514171545e-05,3.643207810455351e-05,0.0,0.00020788944675587118,4.892886499874294e-05,0.00010878829198190942,5.017229341319762e-05,0.0
894,adam,0.0005,0.00013040189196544816,4.035013910197449e-05,6.707168461161928e-05,2.298006685919063e-05,0.0,0.00010948272392852232,3.413921149331145e-05,6.209375715116039e-05,1.3249759831523988e-05,0.0
895,adam,0.0005,9.362328000861453e-05,3.144874551708199e-05,3.769499528516462e-05,2.4479539860067234e-05,0.0,8.208167855627835e-05,3.560554250725545e-05,3.541984915500507e-05,1.1056285984523129e-05,0.0
896,adam,0.0005,8.521797303728817e-05,3.4587046911838115e-05,3.7728525626334886e-05,1.2902400470693465e-05,0.0,6.787161692045629e-05,3.3654654544079676e-05,2.704673352127429e-05,7.170229764597025e-06,0.0
897,adam,0.0005,5.800704934699752e-05,2.819287101374357e-05,2.437509749597666e-05,5.439081036229254e-06,0.0,7.432453276123852e-05,3.128532989649102e-05,2.8862852559541352e-05,1.4176353033690248e-05,0.0
898,adam,0.0005,8.015828871066333e-05,2.5930007268470945e-05,3.3674120345494885e-05,2.0554161665131687e-05,0.0,0.00010651406773831695,3.5412111174082384e-05,3.218192796339281e-05,3.8920024962862954e-05,0.0
899,adam,0.0005,6.976107169975876e-05,2.819536439346848e-05,3.316275831366511e-05,8.40294813286846e-06,0.0,7.318700227187946e-05,2.8592621674761176e-05,4.302682646084577e-05,1.5675509530410636e-06,0.0
900,adam,0.0005,6.324273113023082e-05,2.638904334162362e-05,2.6916966135104303e-05,9.9367224066782e-06,0.0,8.086609159363434e-05,3.0243791115935892e-05,3.778532845899463e-05,1.2836971109209117e-05,0.0
901,adam,0.0005,6.576542455150047e-05,2.6151506062888075e-05,2.56295256804151e-05,1.3984394001909095e-05,0.0,7.354762055911124e-05,3.3815096685430035e-05,2.6972158593707718e-05,1.276036255148938e-05,0.0
902,adam,0.0005,9.354530038763187e-05,4.185663806310913e-05,3.463854602614447e-05,1.705011584363092e-05,0.0,0.00016905087977647781,5.6230375776067376e-05,3.699630542541854e-05,7.58242022129707e-05,0.0
903,adam,0.0005,0.00018439074528942,5.48244481706206e-05,6.684276286250679e-05,6.272353613212545e-05,0.0,0.00016262748977169394,7.006061059655622e-05,5.5652322771493345e-05,3.6914552765665576e-05,0.0
904,adam,0.0005,0.00015604003147018375,5.4789558134871186e-05,7.228678100545949e-05,2.8963691704575467e-05,0.0,0.00014561903662979603,7.350397208938375e-05,2.9496002753148787e-05,4.261905633029528e-05,0.0
905,adam,0.0005,8.912620205592248e-05,4.1190574734173424e-05,3.065293958570692e-05,1.7282689157127606e-05,0.0,7.378245936706662e-05,3.9721326174912974e-05,2.7090576622867957e-05,6.9705538408015855e-06,0.0
906,adam,0.0005,9.646296666687704e-05,3.7814163079019636e-05,2.87343607396906e-05,2.9914441768141842e-05,0.0,0.00013164918345864862,3.362343704793602e-05,5.010617314837873e-05,4.791956962435506e-05,0.0
907,adam,0.0005,7.91121490237856e-05,3.2771056112324004e-05,3.0359474067154224e-05,1.598161864535541e-05,0.0,9.047069761436433e-05,3.5847933759214357e-05,4.6022851165616885e-05,8.599913599027786e-06,0.0
908,adam,0.0005,6.774796679565043e-05,2.9316899826881127e-05,3.195770517550045e-05,6.473361509051756e-06,0.0,7.7552002039738e-05,4.120174708077684e-05,2.4987792130559683e-05,1.136246009991737e-05,0.0
909,adam,0.0005,6.45911291030643e-05,2.5465272642577474e-05,3.328744526243099e-05,5.838411524905496e-06,0.0,6.161404598969966e-05,2.9576201995951124e-05,2.221008799097035e-05,9.827754183788784e-06,0.0
910,adam,0.0005,9.984408893615182e-05,2.866954127966892e-05,3.378510723450745e-05,3.7389439683011005e-05,0.0,8.389551658183336e-05,3.197171463398263e-05,3.30923285218887e-05,1.8831469787983224e-05,0.0
911,adam,0.0005,6.667906927759759e-05,2.819313647250965e-05,3.200796902547154e-05,6.477962813278282e-06,0.0,6.929066148586571e-05,2.348323141632136e-05,3.677052154671401e-05,9.036904884851538e-06,0.0
912,adam,0.0005,9.220893230121874e-05,2.9578444809885696e-05,5.02706623137783e-05,1.2359825049657047e-05,0.0,8.051474287640303e-05,3.457495040493086e-05,4.0777649701340124e-05,5.162145043868804e-06,0.0
913,adam,0.0005,0.00010960433382933843,2.7958803570982127e-05,6.391323904608726e-05,1.7732290757521696e-05,0.0,0.00018648903642315418,3.156696038786322e-05,6.34183015790768e-05,9.150377445621416e-05,0.0
914,adam,0.0005,8.057786408244283e-05,2.8434590603865217e-05,3.388766970147117e-05,1.825560340762422e-05,0.0,7.369856757577509e-05,3.515904609230347e-05,2.7130947273690253e-05,1.1408573300286662e-05,0.0
915,adam,0.0005,6.449181250900438e-05,3.069615229378542e-05,2.6288418098374677e-05,7.507241889470606e-06,0.0,6.766318983864039e-05,2.9179245757404715e-05,3.25610235449858e-05,5.922920536249876e-06,0.0
916,adam,0.0005,7.334547603932151e-05,2.9272837309690658e-05,2.6246498009641073e-05,1.7826139846022215e-05,0.0,0.0001553159672766924,3.047961217816919e-05,3.8240032154135406e-05,8.659633022034541e-05,0.0
917,adam,0.0005,9.18589125831204e-05,2.793507837850484e-05,3.4018876135633036e-05,2.9904957500548335e-05,0.0,7.078606722643599e-05,3.1401272281073034e-05,3.0850838811602443e-05,8.533954314771108e-06,0.0
918,adam,0.0005,5.858112990608788e-05,2.6122541726181225e-05,2.6620591825121664e-05,5.837997065327727e-06,0.0,5.9388865338405594e-05,3.114223000011407e-05,2.6149238692596555e-05,2.09739619094762e-06,0.0
919,adam,0.0005,5.580533888860373e-05,2.8140010158494988e-05,2.291629209594248e-05,4.749037188389593e-06,0.0,7.803861808497459e-05,2.9869426725781523e-05,2.5930439733201638e-05,2.2238751625991426e-05,0.0
920,adam,0.0005,6.308506112873147e-05,2.830626226568711e-05,2.6407232780911727e-05,8.37156616739776e-06,0.0,6.983080675126985e-05,3.548692984622903e-05,2.9900898880441673e-05,4.442974386620335e-06,0.0
921,adam,0.0005,0.00018473665045348753,3.935471613658592e-05,8.97120216905023e-05,5.5669911091627e-05,0.0,0.0003132369602099061,9.898943244479597e-05,0.00013353450049180537,8.071301999734715e-05,0.0
922,adam,0.0005,0.00014380538277691812,6.568218395841541e-05,4.9361348715137865e-05,2.8761851410763484e-05,0.0,0.0001038064801832661,4.01453762606252e-05,4.0212580643128604e-05,2.3448519641533494e-05,0.0
923,adam,0.0005,9.047163825925963e-05,3.952277916141611e-05,2.9511198249565496e-05,2.143766181461615e-05,0.0,8.834864274831489e-05,3.5500735975801945e-05,3.038857721548993e-05,2.245932955702301e-05,0.0
924,adam,0.0005,8.586319199821446e-05,3.285712989509193e-05,3.9646229083700746e-05,1.3359832962578366e-05,0.0,9.425704774912447e-05,2.749309533101041e-05,5.924843571847305e-05,7.5155176091357134e-06,0.0
925,adam,0.0005,7.193602868937887e-05,2.752568411779066e-05,3.7805236388521735e-05,6.605107898849383e-06,0.0,7.884333899710327e-05,3.199188722646795e-05,4.0033275581663474e-05,6.818176643719198e-06,0.0
926,adam,0.0005,6.465584692705306e-05,2.855931904832687e-05,2.6042148192573222e-05,1.0054379586676987e-05,0.0,7.115639164112508e-05,3.167947579640895e-05,2.567750016169157e-05,1.3799414773529861e-05,0.0
927,adam,0.0005,7.844423453207128e-05,2.658438359048887e-05,3.299726733985153e-05,1.88625833743572e-05,0.0,8.846646232996136e-05,2.869144555006642e-05,5.4614436521660537e-05,5.160578893992351e-06,0.0
928,adam,0.0005,6.0790139741584426e-05,2.5461537688897806e-05,2.805288863783062e-05,7.275713969079334e-06,0.0,6.895892147440463e-05,2.5338786144857295e-05,2.6237956262775697e-05,1.7382180885761045e-05,0.0
929,adam,0.0005,6.148203442535305e-05,2.5812355715970625e-05,2.5607710881558887e-05,1.006196720254593e-05,0.0,0.00010303338058292866,3.0208488169591874e-05,3.480116356513463e-05,3.802373248618096e-05,0.0
930,adam,0.0005,7.038879175524926e-05,2.720712370773981e-05,2.5890726647048723e-05,1.729094084623739e-05,0.0,6.588781252503395e-05,3.0403476557694376e-05,2.9264767363201827e-05,6.219569968379801e-06,0.0
931,adam,0.0005,6.156082122288353e-05,2.7414561600380694e-05,2.5781054091567057e-05,8.365205864890868e-06,0.0,7.710586214670911e-05,2.84961406578077e-05,4.702931619249284e-05,1.5804032500454923e-06,0.0
932,adam,0.0005,9.929170914801944e-05,2.8054906692887016e-05,4.3638386159727816e-05,2.759841576960298e-05,0.0,0.0003093230479862541,3.252064561820589e-05,6.915149424457923e-05,0.0002076509117614478,0.0
933,adam,0.0005,0.00023465404046874028,4.0599917952022224e-05,0.00011538432750057837,7.866979899517901e-05,0.0,0.00017419953655917197,9.821269486565143e-05,5.722114656236954e-05,1.876570240710862e-05,0.0
934,adam,0.0005,0.00010302131386197289,3.988681112332415e-05,4.955124177286052e-05,1.3583261761596077e-05,0.0,9.547460649628192e-05,3.803510844591074e-05,4.92100152769126e-05,8.229483682953287e-06,0.0
935,adam,0.0005,7.588876269437606e-05,3.360322693879425e-05,3.120336509709887e-05,1.1082169891096783e-05,0.0,7.886814273661003e-05,2.8803089662687853e-05,4.730207729153335e-05,2.7629794203676283e-06,0.0
936,adam,0.0005,6.228202119018533e-05,2.7265451308267075e-05,2.7482236873765942e-05,7.534332695513513e-06,0.0,5.966572280158289e-05,2.9203272788436152e-05,2.5953584554372355e-05,4.508862275542924e-06,0.0
937,adam,0.0005,6.330206156235363e-05,2.5118052917605382e-05,2.3451735501112125e-05,1.4732272987316719e-05,0.0,6.89376684022136e-05,3.001289405801799e-05,2.6159856133745052e-05,1.2764920029439963e-05,0.0
938,adam,0.0005,5.969233393443574e-05,2.6830486376638873e-05,2.1071544892947713e-05,1.1790302878011971e-05,0.0,6.53916722512804e-05,3.0135166525724344e-05,2.6811565476236865e-05,8.444939339824487e-06,0.0
939,adam,0.0005,5.805753494314558e-05,2.655887021774106e-05,2.397880450644152e-05,7.519861043192577e-06,0.0,8.431173773715273e-05,2.9216074835858308e-05,5.101387432659976e-05,4.081789484189358e-06,0.0
940,adam,0.0005,7.027051060504164e-05,3.259188940774038e-05,2.803810878049262e-05,9.640513354725044e-06,0.0,6.864331953693181e-05,3.076111534028314e-05,3.209804344805889e-05,5.784163477073889e-06,0.0
941,adam,0.0005,9.608311302145012e-05,2.892620670991164e-05,3.475462699498166e-05,3.240227863443579e-05,0.0,7.766702037770301e-05,2.8074829970137216e-05,2.9649900170625187e-05,1.994229205593001e-05,0.0
942,adam,0.0005,6.129562029855151e-05,2.5160484483421897e-05,2.316589541351277e-05,1.2969240458460263e-05,0.0,7.852721319068223e-05,2.7861111448146403e-05,4.728951898869127e-05,3.376583663339261e-06,0.0
943,adam,0.0005,6.970180083953892e-05,2.8571126676979475e-05,3.1992060712582315e-05,9.13861263995841e-06,0.0,8.003152470337227e-05,3.6910649214405566e-05,2.455450339766685e-05,1.8566372091299854e-05,0.0
944,adam,0.0005,8.896173267203267e-05,2.7739050665331888e-05,3.3901636811606295e-05,2.7321044981931664e-05,0.0,9.763355774339288e-05,3.022247983608395e-05,4.335466292104684e-05,2.405641134828329e-05,0.0
945,adam,0.0005,8.259203491434164e-05,3.1652443340135505e-05,3.738828695531993e-05,1.3551304760994753e-05,0.0,6.095540084061213e-05,3.0021779821254313e-05,2.7234500521444716e-05,3.6991209526604507e-06,0.0
946,adam,0.0005,7.235823500195693e-05,2.973207904233277e-05,3.471596664894605e-05,7.910189680160329e-06,0.0,5.803828389616683e-05,3.381619171705097e-05,2.17868964682566e-05,2.435199121464393e-06,0.0
947,adam,0.0005,6.581859793186595e-05,3.216623633761628e-05,2.5255680043301254e-05,8.396681735689526e-06,0.0,5.632152533507906e-05,2.725364720390644e-05,2.6855925170821138e-05,2.211952505604131e-06,0.0
948,adam,0.0005,7.915763080745819e-05,2.937227645816165e-05,3.224867157314293e-05,1.7536682221930278e-05,0.0,0.00012557425361592323,3.735464997589588e-05,3.938956433557905e-05,4.88300429424271e-05,0.0
949,adam,0.0005,0.00010352122171752853,3.301390597698628e-05,3.3010862466653634e-05,3.7496452904406397e-05,0.0,8.171684021363035e-05,3.733763151103631e-05,3.30450275214389e-05,1.1334179362165742e-05,0.0
950,adam,0.0005,7.126232571863511e-05,2.800974027650227e-05,2.8357895871522487e-05,1.4894688902700182e-05,0.0,7.244462904054672e-05,3.379102417966351e-05,3.314796049380675e-05,5.5056448218238074e-06,0.0
951,adam,0.0005,7.090267558851338e-05,2.8477101864154974e-05,2.908149576796859e-05,1.334407849640229e-05,0.0,7.075675966916606e-05,3.347780148033053e-05,2.780671820801217e-05,9.47224452829687e-06,0.0
952,adam,0.0005,6.335218176900526e-05,3.1133176662478945e-05,2.495958051440539e-05,7.259424890548871e-06,0.0,8.540496492059901e-05,4.0998795157065615e-05,3.770942930714227e-05,6.696738637401722e-06,0.0
953,adam,0.0005,7.663203768970561e-05,3.3206229204552073e-05,3.053401496799779e-05,1.2891793204516944e-05,0.0,8.161914593074471e-05,2.8088006729376502e-05,3.3264113881159574e-05,2.026702532020863e-05,0.0
954,adam,0.0005,0.00012410946783347754,3.908516225692438e-05,4.423309246703866e-05,4.079121328004476e-05,0.0,7.953165186336264e-05,3.3842527045635507e-05,3.362792995176278e-05,1.2061197594448458e-05,0.0
955,adam,0.0005,7.28419993265561e-05,3.243363062210847e-05,3.2925079835877114e-05,7.483289095944201e-06,0.0,8.628156501799822e-05,2.691880945349112e-05,5.436803257907741e-05,4.99472344017704e-06,0.0
956,adam,0.0005,7.480948261218145e-05,3.128724006273842e-05,3.1285025784200116e-05,1.2237217305255399e-05,0.0,0.00013130727165844291,4.685042949859053e-05,2.8727879907819442e-05,5.572896043304354e-05,0.0
957,adam,0.0005,0.00012582415092765586,4.351548625436408e-05,4.8524969088248326e-05,3.3783695329248076e-05,0.0,9.6782052423805e-05,3.4272838092874736e-05,5.234193668002263e-05,1.0167280379391741e-05,0.0
958,adam,0.0005,9.231008948518138e-05,3.062076086735033e-05,4.984712450095685e-05,1.1842202809475566e-05,0.0,6.023377864039503e-05,2.780667091428768e-05,2.671076072147116e-05,5.71634654988884e-06,0.0
959,adam,0.0005,6.431459178202203e-05,2.7946974682890868e-05,2.6874258878706314e-05,9.49335755251468e-06,0.0,9.633776789996773e-05,2.9247756174299866e-05,3.0851439078105614e-05,3.6238569009583443e-05,0.0
960,adam,0.0005,8.191627330234041e-05,2.8813520202675136e-05,3.224316469641053e-05,2.0859587948507397e-05,0.0,6.827708421042189e-05,3.5536835639504716e-05,2.7461812351248227e-05,5.278437583911e-06,0.0
961,adam,0.0005,8.536654218005424e-05,3.3049143212338095e-05,3.133560471724195e-05,2.0981794193630776e-05,0.0,6.508354272227734e-05,3.254555485909805e-05,2.3819469788577408e-05,8.718520803085994e-06,0.0
962,adam,0.0005,7.213328308353084e-05,2.9822375722687866e-05,2.3638569132344855e-05,1.8672337915859316e-05,0.0,8.194769179681316e-05,2.6555302611086518e-05,3.612715954659507e-05,1.9265227820142172e-05,0.0
963,adam,0.0005,6.983301705076883e-05,2.740621278007893e-05,3.1466351629205747e-05,1.0960452129893383e-05,0.0,7.801280298735946e-05,3.154869409627281e-05,3.235897747799754e-05,1.4105127775110304e-05,0.0
964,adam,0.0005,6.078610090298753e-05,2.6380129270364705e-05,2.696709429983457e-05,7.438877517529363e-06,0.0,7.680799899389967e-05,2.9139308026060462e-05,2.4198172468459234e-05,2.3470518499379978e-05,0.0
965,adam,0.0005,6.321829300759418e-05,2.5513894684081606e-05,2.545930158248666e-05,1.2245096229435148e-05,0.0,6.6997847170569e-05,2.915757977461908e-05,2.2912354324944317e-05,1.4927917618479114e-05,0.0
966,adam,0.0005,8.133277151500806e-05,2.9542910851887427e-05,3.197956687017722e-05,1.9810293650834865e-05,0.0,0.0001165487410617061,3.286903302068822e-05,4.9928050430025905e-05,3.375166124897078e-05,0.0
967,adam,0.0005,8.235228915509651e-05,3.0550595397471625e-05,3.5479640132507484e-05,1.632205457724467e-05,0.0,8.807641279418021e-05,4.005963637609966e-05,3.38326244673226e-05,1.4184153769747354e-05,0.0
968,adam,0.0005,6.302095425780863e-05,2.927319553691632e-05,2.551347881762922e-05,8.23427970431112e-06,0.0,5.4319862101692706e-05,2.416699135210365e-05,2.814495201164391e-05,2.007918283197796e-06,0.0
969,adam,0.0005,5.831259568367386e-05,2.6136102519558335e-05,2.7475411116029136e-05,4.701082531255452e-06,0.0,8.687637455295771e-05,3.238806311856024e-05,3.5280801967019215e-05,1.9207511286367662e-05,0.0
970,adam,0.0005,0.00015781395359226735,3.166099759255303e-05,6.182330685078341e-05,6.432964744362835e-05,0.0,0.00011434683983679861,4.0257149521494284e-05,6.635969475610182e-05,7.729989192739595e-06,0.0
971,adam,0.0005,9.595720121069462e-05,3.6920241200277815e-05,3.0567363182854024e-05,2.8469597197045005e-05,0.0,9.37208897084929e-05,3.526024011080153e-05,2.232533552160021e-05,3.6135315895080566e-05,0.0
972,adam,0.0005,6.83224795920978e-05,2.8329965175544203e-05,2.686493814962887e-05,1.312757544269516e-05,0.0,5.8352532505523413e-05,2.695404509722721e-05,2.959493394882884e-05,1.8035544826489058e-06,0.0
973,adam,0.0005,8.100254558485176e-05,2.9311753905858495e-05,3.989562776496314e-05,1.1795164397199187e-05,0.0,9.966446668840945e-05,3.3216241718037054e-05,3.845782339340076e-05,2.7990407033939846e-05,0.0
974,adam,0.0005,6.900625203343225e-05,2.7740423547584214e-05,2.9879316002734413e-05,1.1386511829414303e-05,0.0,6.21145372861065e-05,3.164316512993537e-05,2.6426303520565853e-05,4.045067726110574e-06,0.0
975,adam,0.0005,5.6548337397543946e-05,2.5916159643202263e-05,2.3542299572909542e-05,7.089877698263081e-06,0.0,7.680423004785553e-05,3.1167575798463076e-05,2.976484756800346e-05,1.5871804862399586e-05,0.0
976,adam,0.0005,6.52695982807927e-05,2.5238160333174164e-05,2.739202432167076e-05,1.2639413370152397e-05,0.0,7.904023368610069e-05,2.6053485271404497e-05,4.6013305109227076e-05,6.973441941227065e-06,0.0
977,adam,0.0005,6.340717459352163e-05,2.6539892360233353e-05,2.9286783842508157e-05,7.580498731840635e-06,0.0,8.064243593253195e-05,2.5203948098351248e-05,3.0586223147111014e-05,2.4852262868080288e-05,0.0
978,adam,0.0005,7.44895560274017e-05,2.758110588274576e-05,2.4385758592870843e-05,2.2522692205484418e-05,0.0,0.0001063807139871642,3.275474955444224e-05,3.475584162515588e-05,3.8870126445544884e-05,0.0
979,adam,0.0005,8.152760688062699e-05,2.8985850008211855e-05,3.6232528827895294e-05,1.6309227873989585e-05,0.0,6.202865188242868e-05,2.952373688458465e-05,2.7193655114388093e-05,5.3112585192138795e-06,0.0
980,adam,0.0005,7.465504472747853e-05,3.027126149390824e-05,3.067638965603692e-05,1.3707393122786016e-05,0.0,9.384358418174088e-05,4.0513481508241966e-05,3.3838365197880194e-05,1.9491733837639913e-05,0.0
981,adam,0.0005,7.205618157968274e-05,2.9957455808471423e-05,3.341678188917285e-05,8.68194322833915e-06,0.0,7.99096014816314e-05,2.9687866117455997e-05,3.307426595711149e-05,1.7147467588074505e-05,0.0
982,adam,0.0005,9.840566440288967e-05,3.0260251264735416e-05,5.2782978855248075e-05,1.5362433970267375e-05,0.0,0.00011368201376171783,3.9666236261837184e-05,5.1445120334392413e-05,2.257065352750942e-05,0.0
983,adam,0.0005,0.00010860176462301752,3.297677028513135e-05,4.765421749652887e-05,2.7970775363428402e-05,0.0,7.332123641390353e-05,3.543134153005667e-05,2.8720351110678166e-05,9.169536497211084e-06,0.0
984,adam,0.0005,6.193343642735272e-05,2.963899930819025e-05,2.5282125989178894e-05,7.012311101561863e-06,0.0,6.510276580229402e-05,3.8127713196445256e-05,2.271557787025813e-05,4.259479283064138e-06,0.0
985,adam,0.0005,5.948630041530123e-05,3.12528870836104e-05,2.2312937176138803e-05,5.920476738197067e-06,0.0,6.396409298758954e-05,2.859211053873878e-05,2.50062694249209e-05,1.0365716661908664e-05,0.0
986,adam,0.0005,0.00013336874076230743,3.147016525417712e-05,4.145027048707561e-05,6.0448305873705976e-05,0.0,8.955236262409016e-05,4.709610584541224e-05,2.741217213042546e-05,1.5044084648252465e-05,0.0
987,adam,0.0005,0.00010154567553399829,3.553722399374237e-05,4.00473436457105e-05,2.5961108548244738e-05,0.0,7.8741111792624e-05,2.9605504096252844e-05,4.125455234316178e-05,7.881053534219973e-06,0.0
988,adam,0.0005,7.19812239822204e-05,3.193357906638994e-05,2.8289217993915372e-05,1.1758426524011156e-05,0.0,9.114533895626664e-05,4.0874729165807366e-05,3.4603162930579856e-05,1.5667454135837033e-05,0.0
989,adam,0.0005,7.518950019402837e-05,3.0521301255248545e-05,3.484063620362576e-05,9.827562749364915e-06,0.0,0.00011442220420576632,3.735393693204969e-05,5.596089977188967e-05,2.1107360225869343e-05,0.0
990,adam,0.0005,7.851490522625681e-05,3.0187914035195718e-05,3.3945961718018225e-05,1.4381030013055351e-05,0.0,7.271895447047427e-05,2.835459054040257e-05,3.524792191456072e-05,9.116439287026878e-06,0.0
991,adam,0.0005,6.780616399737482e-05,2.723886836974998e-05,2.7987859880340693e-05,1.2579435100690262e-05,0.0,0.00010093654418596998,4.064614404342137e-05,2.8079164621885866e-05,3.221123915864155e-05,0.0
992,adam,0.0005,9.412934241481707e-05,3.574864547317702e-05,4.139624206800363e-05,1.6984455271540355e-05,0.0,7.833765266695991e-05,2.8929938707733527e-05,3.5800800105789676e-05,1.3606912034447305e-05,0.0
993,adam,0.0005,8.029854643609724e-05,3.703341724303755e-05,2.8122316962253535e-05,1.5142812401336414e-05,0.0,8.068454917520285e-05,3.151292912662029e-05,4.301422814023681e-05,6.1573937273351476e-06,0.0
994,adam,0.0005,7.627791273989715e-05,3.1310667850448226e-05,2.8661280452979554e-05,1.630596375434834e-05,0.0,6.971394759602845e-05,3.509310772642493e-05,2.1030695279478095e-05,1.3590140952146612e-05,0.0
995,adam,0.0005,6.208185118339316e-05,2.6107447524736926e-05,2.9299159223228344e-05,6.6752440659456624e-06,0.0,0.00012102281471015885,4.638455357053317e-05,5.8380432164995e-05,1.6257830793620087e-05,0.0
996,adam,0.0005,0.00010356161078561854,3.25086605243996e-05,4.531179263267404e-05,2.574115775644259e-05,0.0,6.0932889027753845e-05,2.516497806936968e-05,2.9232518500066362e-05,6.5353915488231e-06,0.0
997,adam,0.0005,6.534386307066598e-05,2.36667233366461e-05,3.456215290498221e-05,7.1149869640407815e-06,0.0,5.7635988923721015e-05,3.191144787706435e-05,2.149807733076159e-05,4.226465080137132e-06,0.0
998,adam,0.0005,6.249810166991665e-05,2.8291679655012558e-05,2.697202569379442e-05,7.234396292687961e-06,0.0,5.270511610433459e-05,2.368794048379641e-05,2.2834354240330867e-05,6.182821380207315e-06,0.0
999,adam,0.0005,0.00011175498184456956,3.19941492534781e-05,4.018568421315649e-05,3.9575147951609324e-05,0.0,9.714313637232408e-05,4.698090924648568e-05,3.679961082525551e-05,1.336261357209878e-05,0.0
1000,adam,0.00025,6.540261483678478e-05,2.7260644174020854e-05,2.925024443811708e-05,8.89172702045471e-06,0.0,6.002295049256645e-05,2.455400681355968e-05,2.8498914616648108e-05,6.97002769811661e-06,0.0
1001,adam,0.00025,4.078298047716089e-05,2.093986677209614e-05,1.6913632180148852e-05,2.9294814538616265e-06,0.0,4.3919822928728536e-05,2.161402335332241e-05,2.052031777566299e-05,1.7854791849458707e-06,0.0
1002,adam,0.00025,3.5820217476612015e-05,1.8988836586686375e-05,1.532782152935397e-05,1.5035596447887656e-06,0.0,4.447137689567171e-05,2.4175664293579757e-05,1.9233988496125676e-05,1.0617256975820055e-06,0.0
1003,adam,0.00025,3.5380039207666414e-05,1.8700521877690335e-05,1.562141039812559e-05,1.058106928297775e-06,0.0,4.3354542867746204e-05,2.3078910089679994e-05,1.9177739886799827e-05,1.0978900490954402e-06,0.0
1004,adam,0.00025,3.5377337667341635e-05,1.8824299957032053e-05,1.5444357075011794e-05,1.1086809195148817e-06,0.0,4.316166814533062e-05,2.3292608602787368e-05,1.8826787709258497e-05,1.0422686500533018e-06,0.0
1005,adam,0.00025,3.5667729662236525e-05,1.8373859973053186e-05,1.6073412439254753e-05,1.2204575980945265e-06,0.0,4.4328044168651104e-05,2.566240800661035e-05,1.779013291525189e-05,8.755022804507462e-07,0.0
1006,adam,0.00025,3.4744082995530334e-05,1.8779653146339115e-05,1.51095600813278e-05,8.548696541765821e-07,0.0,4.2086339817615226e-05,2.2643373085884377e-05,1.8634298612596467e-05,8.086681759778003e-07,0.0
1007,adam,0.00025,3.400891785076965e-05,1.8154688518734474e-05,1.5005947545887466e-05,8.482826530098464e-07,0.0,4.436721792444587e-05,2.267824675072916e-05,2.07829743885668e-05,9.059947956302494e-07,0.0
1008,adam,0.00025,3.441167723394756e-05,1.8174099182033387e-05,1.5184517224042793e-05,1.0530612009063134e-06,0.0,4.3372801883379e-05,2.2395808628061786e-05,2.0146999304415658e-05,8.29992757189757e-07,0.0
1009,adam,0.00025,3.403878326935228e-05,1.8361539559919038e-05,1.4857121811928664e-05,8.201219401371418e-07,0.0,4.1906299884431064e-05,2.2193373297341168e-05,1.8827900930773467e-05,8.850240078572824e-07,0.0
1010,adam,0.00025,3.513179581204895e-05,1.8562397599453107e-05,1.558223851816365e-05,9.871603197098011e-07,0.0,4.639627877622843e-05,2.598039645818062e-05,1.9256707673775963e-05,1.1591764632612467e-06,0.0
1011,adam,0.00025,3.544302410318778e-05,1.9020244394596375e-05,1.537707680654421e-05,1.0457029269161922e-06,0.0,4.303999594412744e-05,2.524293631722685e-05,1.693739068286959e-05,8.596672387284343e-07,0.0
1012,adam,0.00025,3.597054592319182e-05,1.9046473255457386e-05,1.5715399570126465e-05,1.2086734209049155e-06,0.0,4.4995224016020074e-05,2.290476368216332e-05,2.1042093067080714e-05,1.0483659025339875e-06,0.0
1013,adam,0.00025,3.6320283925306285e-05,1.9140503582093515e-05,1.6022906038415385e-05,1.1568743687462302e-06,0.0,4.658250691136345e-05,2.630712515383493e-05,1.856490234786179e-05,1.710478954919381e-06,0.0
1014,adam,0.00025,3.713999626597797e-05,1.9238111690356163e-05,1.6286281208977016e-05,1.6156039244208387e-06,0.0,4.5917837269371375e-05,2.3032760509522632e-05,2.0847661289735697e-05,2.037416834355099e-06,0.0
1015,adam,0.00025,3.859938146888453e-05,1.9346499584571575e-05,1.7408481255642982e-05,1.844400685513392e-06,0.0,4.6195800678106025e-05,2.4564196792198345e-05,2.0115290681133047e-05,1.5163128637141199e-06,0.0
1016,adam,0.00025,3.5635678727885534e-05,1.870339178822178e-05,1.5554629044345347e-05,1.3776576395230222e-06,0.0,4.578248626785353e-05,2.3666027118451893e-05,2.0508929083007388e-05,1.6075293842732208e-06,0.0
1017,adam,0.00025,3.50493060068402e-05,1.9046048691961914e-05,1.4740210417585331e-05,1.2630473911201534e-06,0.0,4.2773324821610004e-05,2.2806312699685805e-05,1.9206203432986513e-05,7.608119290125614e-07,0.0
1018,adam,0.00025,3.365406848843122e-05,1.8162826449952263e-05,1.4484040377737983e-05,1.0072013978401628e-06,0.0,4.3856114643858746e-05,2.3641647203476168e-05,1.845544647949282e-05,1.7590205061424058e-06,0.0
1019,adam,0.00025,3.506030725475284e-05,1.8325443079447723e-05,1.5408160891183798e-05,1.3267030283259373e-06,0.0,4.531641025096178e-05,2.819161454681307e-05,1.6304280507029034e-05,8.205167887354037e-07,0.0
1020,adam,0.00025,3.491941799893539e-05,1.8858093369544804e-05,1.5069848188886681e-05,9.9147686327683e-07,0.0,4.286492185201496e-05,2.3999868062674068e-05,1.789048474165611e-05,9.74570411926834e-07,0.0
1021,adam,0.00025,3.326908085909963e-05,1.7876643426006922e-05,1.4443596569435613e-05,9.488411549796183e-07,0.0,4.1717998101376e-05,2.2336238544085063e-05,1.8244279999635182e-05,1.1374811492714798e-06,0.0
1022,adam,0.00025,3.3581456250431074e-05,1.7776947686343192e-05,1.4615514032811916e-05,1.1889946591736589e-06,0.0,4.284123860998079e-05,2.3587739633512683e-05,1.8214703231933527e-05,1.0387958582214196e-06,0.0
1023,adam,0.00025,3.314309242341551e-05,1.7962878359867318e-05,1.4134395883047546e-05,1.0458183830053258e-06,0.0,4.150776658207178e-05,2.2678041204926558e-05,1.7096639567171223e-05,1.733084900479298e-06,0.0
1024,adam,0.00025,3.4167479952884605e-05,1.918113832743984e-05,1.371919927350973e-05,1.2671421210086464e-06,0.0,4.3461943278089166e-05,2.2549376808456145e-05,1.9554006939870305e-05,1.3585594160758774e-06,0.0
1025,adam,0.00025,3.5008735608244024e-05,1.862472748825894e-05,1.4596891730889183e-05,1.7871159272431214e-06,0.0,4.216531306155957e-05,2.2984751922194846e-05,1.8051059669232927e-05,1.1294999922029092e-06,0.0
1026,adam,0.00025,3.4594941780596855e-05,1.8529455417137797e-05,1.4778819831917644e-05,1.2866661478483365e-06,0.0,4.39154428022448e-05,2.6653277018340304e-05,1.630709448363632e-05,9.550710728944978e-07,0.0
1027,adam,0.00025,3.420143491439376e-05,1.8357320413997513e-05,1.4582182132016897e-05,1.2619327449669981e-06,0.0,4.6177188778528944e-05,2.5333290977869183e-05,1.9329236238263547e-05,1.5146615623962134e-06,0.0
1028,adam,0.00025,3.5144018511346076e-05,1.846477300659899e-05,1.5338575849455083e-05,1.3406706784735434e-06,0.0,4.1730447264853865e-05,2.397468051640317e-05,1.6875588698894717e-05,8.801806643532473e-07,0.0
1029,adam,0.00025,3.4567337138469156e-05,1.904499310967367e-05,1.4064444712857949e-05,1.4578994615987995e-06,0.0,4.58691174571868e-05,2.508333454898093e-05,1.9147535567753948e-05,1.6382472267650883e-06,0.0
1030,adam,0.00025,3.302925108528143e-05,1.7425696455575235e-05,1.441288600290136e-05,1.1906683390350281e-06,0.0,4.219893889967352e-05,2.1452889995998703e-05,2.0014234905829653e-05,7.318154757740558e-07,0.0
1031,adam,0.00025,3.250437202950707e-05,1.7662546838437265e-05,1.3933139825894614e-05,9.086855001783078e-07,0.0,4.093997995369136e-05,2.4774004486971535e-05,1.5471270671696402e-05,6.947061024220602e-07,0.0
1032,adam,0.00025,3.318623419090727e-05,1.788771294286562e-05,1.4337952222831518e-05,9.605686948077619e-07,0.0,4.379714300739579e-05,2.141463482985273e-05,2.1487887352122925e-05,8.946191769609868e-07,0.0
1033,adam,0.00025,3.6084305747863255e-05,1.8256159478369227e-05,1.6685099012647697e-05,1.1430475304052834e-06,0.0,4.703091690316796e-05,2.691640838747844e-05,1.8972517864312977e-05,1.1419898555686814e-06,0.0
1034,adam,0.00025,3.51344837099532e-05,1.8962924912102608e-05,1.4453098742706061e-05,1.7184598064545753e-06,0.0,4.555537452688441e-05,2.5441375328227878e-05,1.8050812286674045e-05,2.063186911982484e-06,0.0
1035,adam,0.00025,3.539561805609992e-05,1.8770148699331912e-05,1.5472403276817204e-05,1.1530664991710182e-06,0.0,4.231406273902394e-05,2.2870206521474756e-05,1.787980363587849e-05,1.5640504216207773e-06,0.0
1036,adam,0.00025,3.5976053027297894e-05,1.912391076075437e-05,1.573635046270283e-05,1.115792372274882e-06,0.0,4.292641460779123e-05,2.2446369257522747e-05,1.923393392644357e-05,1.2461140386221814e-06,0.0
1037,adam,0.00025,3.452776923040801e-05,1.8919946910500585e-05,1.4416245790016546e-05,1.1915767927916932e-06,0.0,4.391932816361077e-05,2.3316977603826672e-05,1.9197832443751395e-05,1.4045173202248407e-06,0.0
1038,adam,0.00025,3.676158780763217e-05,1.954453910002485e-05,1.5461010661965702e-05,1.7560379248493518e-06,0.0,4.3358395487302914e-05,2.2389811419998296e-05,1.953214086825028e-05,1.4364447906700661e-06,0.0
1039,adam,0.00025,3.289645962922805e-05,1.7806712662604696e-05,1.3900697751978441e-05,1.189049751104676e-06,0.0,4.532284219749272e-05,2.7884370865649544e-05,1.6135360056068748e-05,1.303110366279725e-06,0.0
1040,adam,0.00025,3.4338945965828316e-05,1.8779486936182366e-05,1.401266001721524e-05,1.5467986465012018e-06,0.0,4.6933520934544504e-05,2.8632568501052447e-05,1.7295484212809242e-05,1.0054664016934112e-06,0.0
1041,adam,0.00025,3.5314345495862653e-05,1.903486770515883e-05,1.484707308918587e-05,1.432405145607163e-06,0.0,4.4103504478698596e-05,2.347296685911715e-05,1.970988705579657e-05,9.206507343151316e-07,0.0
1042,adam,0.00025,3.9094704789022217e-05,1.9546531348169083e-05,1.7205408823883772e-05,2.3427649153973107e-06,0.0,5.192185562918894e-05,2.481245610397309e-05,2.3507482183049433e-05,3.6019157505506882e-06,0.0
1043,adam,0.00025,3.802623007231887e-05,1.8595241613184044e-05,1.629652302881368e-05,3.1344655795351173e-06,0.0,4.184224962955341e-05,2.2081823772168718e-05,1.7903317711898126e-05,1.8571080317997257e-06,0.0
1044,adam,0.00025,3.460917378106387e-05,1.78810315105693e-05,1.4968501545808977e-05,1.7596404084940787e-06,0.0,4.424577491590753e-05,2.607204078231007e-05,1.7175172615679912e-05,9.985590168071212e-07,0.0
1045,adam,0.00025,3.5610527106655354e-05,1.9115055692964233e-05,1.4804346108121536e-05,1.6911248970075121e-06,0.0,4.349686059867963e-05,2.378074532316532e-05,1.8121718312613666e-05,1.5943954849717556e-06,0.0
1046,adam,0.00025,3.6890250953547365e-05,1.937070931035123e-05,1.5723645276466414e-05,1.7958958196118147e-06,0.0,4.431689376360737e-05,2.3933158445288427e-05,1.7530557670397684e-05,2.8531749194371514e-06,0.0
1047,adam,0.00025,3.4027332958430634e-05,1.7550534323618194e-05,1.4613564530918666e-05,1.8632343881108682e-06,0.0,4.314481338951737e-05,2.5385437766090035e-05,1.667198012000881e-05,1.0873961855395464e-06,0.0
1048,adam,0.00025,3.414512787003332e-05,1.8273045157002343e-05,1.4320260333988699e-05,1.5518224287802695e-06,0.0,4.0806346078170463e-05,2.0814817617065273e-05,1.859605072240811e-05,1.3954766018287046e-06,0.0
1049,adam,0.00025,3.366635905877047e-05,1.7967945495911408e-05,1.443570585024645e-05,1.2627076841909002e-06,0.0,4.67248864879366e-05,2.528839286242146e-05,1.927897938003298e-05,2.157512881240109e-06,0.0
1050,adam,0.00025,3.4431561175551906e-05,1.8027449470991996e-05,1.4826096048636828e-05,1.578015542236244e-06,0.0,4.44662946392782e-05,2.334083001187537e-05,1.9643404812086374e-05,1.4820629985479172e-06,0.0
1051,adam,0.00025,3.747312075574882e-05,1.885901724563155e-05,1.5291065324163355e-05,3.3230379052895387e-06,0.0,4.131112291361205e-05,1.940460606419947e-05,2.060150472971145e-05,1.3050132565695094e-06,0.0
1052,adam,0.00025,3.703489255713066e-05,1.8835664604921476e-05,1.5679060368256614e-05,2.5201681346231908e-06,0.0,4.289107891963795e-05,2.4226674213423394e-05,1.6759217032813467e-05,1.9051860817853594e-06,0.0
1053,adam,0.00025,3.4109888133571076e-05,1.7556573880028736e-05,1.4808323328452389e-05,1.744991166674481e-06,0.0,4.4864966184832156e-05,2.3807224351912737e-05,1.860219163063448e-05,2.4555465643061325e-06,0.0
1054,adam,0.00025,3.494096745271236e-05,1.880242041352176e-05,1.45265786386517e-05,1.6119683152737707e-06,0.0,5.03996379848104e-05,2.7938955099671148e-05,2.029574170592241e-05,2.1649416339641903e-06,0.0
1055,adam,0.00025,3.684487046484719e-05,1.8907812716406625e-05,1.6171840684364724e-05,1.765216858018448e-06,0.0,5.334483284968883e-05,2.5822591851465404e-05,2.250455872854218e-05,5.017684088670649e-06,0.0
1056,adam,0.00025,3.7084861787661794e-05,1.8861367095723836e-05,1.4880634182645736e-05,3.3428605661356414e-06,0.0,4.0914896089816466e-05,2.2785248802392744e-05,1.6217150914599188e-05,1.912497509692912e-06,0.0
1057,adam,0.00025,3.58197282821493e-05,1.8409090102977643e-05,1.4822134289715905e-05,2.5885038965611784e-06,0.0,4.501923831412569e-05,2.0767141904798336e-05,2.012479853874538e-05,4.12729787058197e-06,0.0
1058,adam,0.00025,3.792654456447053e-05,1.9334358512423933e-05,1.55033002329219e-05,3.088885854651835e-06,0.0,5.20912763022352e-05,2.9612456273753196e-05,1.8389846445643343e-05,4.088975856575416e-06,0.0
1059,adam,0.00025,3.8521184023920796e-05,2.0089172494408558e-05,1.573435508817056e-05,2.6976564058145414e-06,0.0,4.4017720938427374e-05,2.5103554435190745e-05,1.7432870663469657e-05,1.4812947028985946e-06,0.0
1060,adam,0.00025,3.774678361878614e-05,1.8551809944256092e-05,1.771560067709288e-05,1.4793731573092828e-06,0.0,4.757518399856053e-05,2.6463267204235308e-05,1.8571645341580734e-05,2.5402721348655177e-06,0.0
1061,adam,0.00025,4.6291114813357126e-05,2.0713385197268508e-05,1.7848003324161255e-05,7.729727130367792e-06,0.0,6.892064993735403e-05,2.9469832952599972e-05,2.8241493055247702e-05,1.1209327567485161e-05,0.0
1062,adam,0.00025,4.468502129384433e-05,1.9182887854185537e-05,1.8182184305715055e-05,7.3199496739562164e-06,0.0,4.474261004361324e-05,2.335063436476048e-05,1.5567617083434016e-05,5.824357231176691e-06,0.0
1063,adam,0.00025,3.937708095236303e-05,1.9514331029313325e-05,1.5175779822129698e-05,4.686970747513897e-06,0.0,4.3614705646177754e-05,2.2899132090969943e-05,1.9015060388483107e-05,1.7005096424327348e-06,0.0
1064,adam,0.00025,3.498129990475718e-05,1.813493611280137e-05,1.5015524809314229e-05,1.8308394942323503e-06,0.0,4.290075594326481e-05,2.1649853806593455e-05,2.0149393094470724e-05,1.101505972656014e-06,0.0
1065,adam,0.00025,3.450334861554438e-05,1.8658915337255166e-05,1.4102931174875266e-05,1.7415016557720264e-06,0.0,4.992550748283975e-05,2.667063927219715e-05,2.1383790226536803e-05,1.871077870418958e-06,0.0
1066,adam,0.00025,3.705891788285953e-05,1.892282875814999e-05,1.4775522345189529e-05,3.3605676819092878e-06,0.0,4.208906102576293e-05,2.2642050680588e-05,1.7994820154854096e-05,1.4521915545628872e-06,0.0
1067,adam,0.00025,3.861105824398692e-05,1.9356864982000843e-05,1.604940712240932e-05,3.2047872622342766e-06,0.0,4.982910832040943e-05,2.1300280423020013e-05,2.468478305672761e-05,3.84404529540916e-06,0.0
1068,adam,0.00025,3.9232565086422255e-05,1.7134977213117963e-05,1.795298140905288e-05,4.144606819522778e-06,0.0,4.269000419299118e-05,2.2822179744252935e-05,1.81365612661466e-05,1.7312632962784846e-06,0.0
1069,adam,0.00025,3.4247030384904065e-05,1.817771715195704e-05,1.4068701091218827e-05,2.0006120209359324e-06,0.0,4.607593291439116e-05,2.5255867512896657e-05,1.8155404177377932e-05,2.6646603146218695e-06,0.0
1070,adam,0.00025,4.0148973084797035e-05,1.9011732888429833e-05,1.6253896490070474e-05,4.883343713402155e-06,0.0,4.7886493121040985e-05,2.3033833713270724e-05,1.8578653907752596e-05,6.274002316786209e-06,0.0
1071,adam,0.00025,3.7090295563757536e-05,1.9128217786601454e-05,1.453598787293231e-05,3.426090174230012e-06,0.0,5.3657950047636405e-05,2.673990820767358e-05,2.107338332280051e-05,5.844657607667614e-06,0.0
1072,adam,0.00025,3.902195476257475e-05,1.9216134433008847e-05,1.544039082546078e-05,4.365429191466319e-06,0.0,5.835183401359245e-05,2.8002024919260293e-05,2.005003989324905e-05,1.0299771020072512e-05,0.0
1073,adam,0.00025,4.4610497752728406e-05,1.9757421796384733e-05,1.7199395529132744e-05,7.65368088195828e-06,0.0,4.883994915871881e-05,2.6100453396793455e-05,1.9066204913542606e-05,3.6732924399984768e-06,0.0
1074,adam,0.00025,4.259205684320477e-05,2.017070033843993e-05,1.6896014528811065e-05,5.525342146484036e-06,0.0,4.3773005018010736e-05,2.2400485249818303e-05,1.9502087525324896e-05,1.8704312196859973e-06,0.0
1075,adam,0.00025,3.4299018125238945e-05,1.7754063378561113e-05,1.4178833055211726e-05,2.3661212225079e-06,0.0,4.637333768187091e-05,2.3097136363503523e-05,2.2262034690356813e-05,1.0141683333131368e-06,0.0
1076,adam,0.00025,3.786056652188563e-05,1.9290012460260186e-05,1.5966678063250583e-05,2.6038760623237067e-06,0.0,4.8355192120652646e-05,2.342919833608903e-05,2.3268527002073824e-05,1.657466214055603e-06,0.0
1077,adam,0.00025,5.3171194394963095e-05,1.9074953229392122e-05,1.9415260055666295e-05,1.4680980719106174e-05,0.0,5.689439785783179e-05,2.5228009690181352e-05,1.8565633581602015e-05,1.3100755495543126e-05,0.0
1078,adam,0.00025,4.152350561525964e-05,1.8908859487964946e-05,1.5412624918553774e-05,7.202021620855703e-06,0.0,5.113411680213176e-05,2.3713031623628922e-05,1.635122134757694e-05,1.1069863830925897e-05,0.0
1079,adam,0.00025,3.6392871606949484e-05,1.8120026368251274e-05,1.4712939901073696e-05,3.5599055259183388e-06,0.0,4.257846012478694e-05,2.0745857909787446e-05,1.9443961718934588e-05,2.388640496064909e-06,0.0
1080,adam,0.00025,3.630367461937567e-05,1.8568399866580876e-05,1.6015629284993338e-05,1.7196456312262853e-06,0.0,4.368108056951314e-05,2.2858490410726517e-05,1.9592762328102253e-05,1.229827148563345e-06,0.0
1081,adam,0.00025,3.421204360165575e-05,1.7580096027813852e-05,1.5043790824620373e-05,1.588157097387466e-06,0.0,4.2913674406008795e-05,2.3647622583666816e-05,1.7168300473713316e-05,2.0977504391339608e-06,0.0
1082,adam,0.00025,3.809852569247596e-05,1.8228798126074253e-05,1.6755403578372352e-05,3.114324329089868e-06,0.0,4.206901212455705e-05,2.118582051480189e-05,1.6394484191550873e-05,4.488706963456934e-06,0.0
1083,adam,0.00025,4.572184070639196e-05,1.8473385125616915e-05,1.7391858705195773e-05,9.856596065560552e-06,0.0,4.871359851676971e-05,2.2614525732933544e-05,2.0976887753931805e-05,5.122186848893762e-06,0.0
1084,adam,0.00025,4.9276637810180546e-05,2.1730467551606125e-05,1.9542255529358954e-05,8.0039145302635e-06,0.0,4.598742089001462e-05,2.07267003133893e-05,1.9913541109417565e-05,5.347180376702454e-06,0.0
1085,adam,0.00025,4.055742635955539e-05,1.822390578354316e-05,1.9897972379112616e-05,2.43554805479107e-06,0.0,5.538278492167592e-05,2.9909801014582627e-05,2.1638123143929988e-05,3.834859853668604e-06,0.0
1086,adam,0.00025,4.0401940623269184e-05,1.9102074531929247e-05,1.630614343639536e-05,4.993722697577141e-06,0.0,5.464557762024924e-05,2.803599272738211e-05,2.0957451852154918e-05,5.652129402733408e-06,0.0
1087,adam,0.00025,4.4327242221697816e-05,2.0064059413016366e-05,1.989309765804137e-05,4.370085278537772e-06,0.0,6.124730134615675e-05,2.2345693651004694e-05,3.39907783200033e-05,4.910829829896102e-06,0.0
1088,adam,0.00025,5.6102824601111934e-05,2.0795459249711712e-05,2.116969596954732e-05,1.4137668287617089e-05,0.0,6.248446879908442e-05,2.4641427444294095e-05,2.2638190785073675e-05,1.5204848750727251e-05,0.0
1089,adam,0.00025,4.4479641701400396e-05,1.9857667211908847e-05,1.7352725137698144e-05,7.269250112074133e-06,0.0,5.159387001185678e-05,2.7510308427736163e-05,1.6548034182051197e-05,7.535526037827367e-06,0.0
1090,adam,0.00025,3.979330267611658e-05,1.939124285854632e-05,1.5893070440142765e-05,4.508989874807412e-06,0.0,4.3062420445494354e-05,2.127863626810722e-05,1.854355650721118e-05,3.240226305933902e-06,0.0
1091,adam,0.00025,3.3178746775774925e-05,1.7541316765345982e-05,1.3476147103119729e-05,2.1612824490091498e-06,0.0,4.286408511688933e-05,2.480803414073307e-05,1.608114325790666e-05,1.9749061266338686e-06,0.0
1092,adam,0.00025,3.958365471135039e-05,1.7865473751044192e-05,1.6039346348861727e-05,5.67883489921428e-06,0.0,5.4180738516151905e-05,2.458006565575488e-05,2.092174327117391e-05,8.678930498717818e-06,0.0
1093,adam,0.00025,3.892589916176803e-05,1.866930995220173e-05,1.5354599838701688e-05,4.901989541394869e-06,0.0,4.303893729229458e-05,2.3462709577870555e-05,1.7868393115350045e-05,1.7078358496291912e-06,0.0
1094,adam,0.00025,3.484276987819612e-05,1.762582257924805e-05,1.5300391225991916e-05,1.916555959269317e-06,0.0,4.209670441923663e-05,2.1222584109636955e-05,1.8184773580287583e-05,2.6893469566857675e-06,0.0
1095,adam,0.00025,3.538873625075212e-05,1.8375686693161697e-05,1.4325671031656384e-05,2.687378589882883e-06,0.0,4.2427949665579945e-05,2.108650005538948e-05,1.6353600585716777e-05,4.987852662452497e-06,0.0
1096,adam,0.00025,3.519724259604118e-05,1.8450085804033733e-05,1.3269369333102077e-05,3.4777878212821633e-06,0.0,4.4569555029738694e-05,2.419773954898119e-05,1.9089386114501394e-05,1.2824302757508121e-06,0.0
1097,adam,0.00025,4.1591031276766444e-05,1.9987247071640013e-05,1.6597942703810986e-05,5.00584224027989e-06,0.0,6.528473750222474e-05,2.6588768378132954e-05,2.1229092453722842e-05,1.746687303239014e-05,0.0
1098,adam,0.00025,5.191237983126484e-05,2.2145116417959798e-05,1.9540937728379504e-05,1.0226326409679132e-05,0.0,4.646839443012141e-05,2.608096292533446e-05,1.704586247797124e-05,3.3415687994420296e-06,0.0
1099,adam,0.00025,3.830281116279366e-05,1.8797969119077607e-05,1.653588526551175e-05,2.9689565579360533e-06,0.0,4.625131259672344e-05,2.692237467272207e-05,1.4706884030601941e-05,4.622050255420618e-06,0.0
1100,adam,0.00025,3.5546716048884264e-05,1.7935071241481637e-05,1.3740591612076969e-05,3.87105321664194e-06,0.0,4.301284207031131e-05,2.4657641915837303e-05,1.6200225218199193e-05,2.1549733446590835e-06,0.0
1101,adam,0.00025,3.592918812955759e-05,1.905571218685509e-05,1.4471760550804902e-05,2.4017155659805667e-06,0.0,4.836839798372239e-05,2.644141932250932e-05,1.7914060663315468e-05,4.012917088402901e-06,0.0
1102,adam,0.00025,4.658744887819921e-05,2.1973697357680066e-05,1.6192318696539587e-05,8.421432077909685e-06,0.0,0.0001006617967505008,2.92856839223532e-05,1.965135379577987e-05,5.1724757213378325e-05,0.0
1103,adam,0.00025,5.276160345601966e-05,2.0105537828385422e-05,1.8471741952907905e-05,1.4184323603672055e-05,0.0,4.8869027523323894e-05,2.530969140934758e-05,1.964855255209841e-05,3.9107826523832045e-06,0.0
1104,adam,0.00025,3.8955283343966585e-05,2.0398150240907853e-05,1.5999025947621703e-05,2.558106849903652e-06,0.0,4.380856626085006e-05,2.2359874492394738e-05,1.9627281290013343e-05,1.8214085457657347e-06,0.0
1105,adam,0.00025,5.660239662574895e-05,2.2454415841366426e-05,2.593399341321856e-05,8.213986632199521e-06,0.0,5.2412102377275005e-05,2.3509921447839588e-05,2.5741715944604948e-05,3.1604638479620917e-06,0.0
1106,adam,0.00025,4.8560139703113236e-05,1.9859336475747114e-05,2.477422225410919e-05,3.9265812930011634e-06,0.0,5.18579690833576e-05,2.366558510402683e-05,2.5066981834243052e-05,3.125401235593017e-06,0.0
1107,adam,0.00025,4.2650578620850865e-05,1.8690991907988064e-05,1.6167900241725874e-05,7.79168681219744e-06,0.0,5.083423457108438e-05,2.851397221093066e-05,2.078298530250322e-05,1.5372800135082798e-06,0.0
1108,adam,0.00025,3.8938603893257095e-05,1.80728514465045e-05,1.6424870466380526e-05,4.4408820301100604e-06,0.0,5.2821833378402516e-05,2.9452708986354992e-05,1.722252090985421e-05,6.146600753709208e-06,0.0
1109,adam,0.00025,3.7148309047552175e-05,1.791545372498149e-05,1.5871261382471857e-05,3.3615939614151102e-06,0.0,4.179858660791069e-05,2.2217389414436184e-05,1.790508395060897e-05,1.6761115375629743e-06,0.0
1110,adam,0.00025,3.6951868537471455e-05,1.7887240119307535e-05,1.496499555742048e-05,4.099633045484552e-06,0.0,4.638818063540384e-05,2.2478698156191967e-05,1.5234087186399847e-05,8.675394383317325e-06,0.0
1111,adam,0.00025,4.718187437902088e-05,1.9482379912005854e-05,1.8325074620406667e-05,9.37441966186725e-06,0.0,4.7763543989276513e-05,2.47891712206183e-05,1.5930423614918254e-05,7.043950063234661e-06,0.0
1112,adam,0.00025,4.1378330479346914e-05,1.837173653029822e-05,1.584827032274916e-05,7.158323967360047e-06,0.0,4.690167770604603e-05,2.2451178665505722e-05,2.1195417502894998e-05,3.2550826745136874e-06,0.0
1113,adam,0.00025,4.489273237595626e-05,2.191242640492419e-05,1.6952327939634415e-05,6.0279776903371385e-06,0.0,4.11784894822631e-05,2.2914575311006047e-05,1.637637979001738e-05,1.8875332443712978e-06,0.0
1114,adam,0.00025,3.481823409856588e-05,1.77877981286656e-05,1.3591412141522596e-05,3.4390231817837957e-06,0.0,4.73887448606547e-05,2.0053243133588694e-05,2.3525772121502087e-05,3.809730969805969e-06,0.0
1115,adam,0.00025,3.962418247738242e-05,1.9059645524066582e-05,1.4994501839282748e-05,5.570034701918303e-06,0.0,5.233163392404094e-05,2.7840213078889064e-05,2.2490901756100357e-05,2.0005186343041714e-06,0.0
1116,adam,0.00025,4.3592368228928535e-05,2.0718215864690137e-05,1.77008338368978e-05,5.173319181039915e-06,0.0,5.696898006135598e-05,2.7165060600964352e-05,2.572333687567152e-05,4.080580765730701e-06,0.0
1117,adam,0.00025,4.571910039885552e-05,2.0875434984191088e-05,1.9119252044674795e-05,5.724413199459377e-06,0.0,5.3646941523766145e-05,3.1347593903774396e-05,1.9919261831091717e-05,2.3800841972843045e-06,0.0
1118,adam,0.00025,4.005724690614443e-05,1.926706215726881e-05,1.6353538285329705e-05,4.436646150907109e-06,0.0,6.262878014240414e-05,2.1671321519534104e-05,2.932815368694719e-05,1.1629301297944039e-05,0.0
1119,adam,0.00025,4.347067329035781e-05,1.974692997919192e-05,1.6750849624713737e-05,6.97289409856694e-06,0.0,4.672008799389005e-05,2.5891580662573688e-05,1.9018096281797625e-05,1.810411504266085e-06,0.0
1120,adam,0.00025,3.867021268888493e-05,1.8105643562194018e-05,1.4264865569657559e-05,6.2997040686241235e-06,0.0,4.9928476073546335e-05,2.373578172409907e-05,1.9464136130409315e-05,6.728559128532652e-06,0.0
1121,adam,0.00025,3.583242539662024e-05,1.789828024811868e-05,1.38876245046049e-05,4.046520892586614e-06,0.0,4.583635018207133e-05,2.3854043320170604e-05,2.0023428078275174e-05,1.9588756003940944e-06,0.0
1122,adam,0.00025,3.6381430959409045e-05,1.8487100533093326e-05,1.4162064417178044e-05,3.7322661654570766e-06,0.0,4.235047890688293e-05,2.4570115783717483e-05,1.523873652331531e-05,2.5416263724764576e-06,0.0
1123,adam,0.00025,3.970784860030108e-05,1.8856045471693506e-05,1.5814710934591858e-05,5.037091916904046e-06,0.0,4.6443004976026714e-05,2.220611713710241e-05,1.8330818420508876e-05,5.906067599426024e-06,0.0
1124,adam,0.00025,5.313020756148035e-05,1.9218903332784976e-05,1.8445014120516134e-05,1.5466290250287784e-05,0.0,5.888215673621744e-05,3.118649328825995e-05,2.313727600267157e-05,4.55838926427532e-06,0.0
1125,adam,0.00025,5.377781394599879e-05,2.014096355651418e-05,2.868316585136199e-05,4.953684978659112e-06,0.0,5.2813615184277296e-05,2.5578936401871033e-05,2.5416464268346317e-05,1.8182155372414854e-06,0.0
1126,adam,0.00025,3.986756337326369e-05,1.9539672734936175e-05,1.6563184829010424e-05,3.7647063848567086e-06,0.0,4.2853556806221604e-05,2.3176671675173566e-05,1.5886094843153842e-05,3.7907896057731705e-06,0.0
1127,adam,0.00025,4.209263670418295e-05,1.9167066966474522e-05,1.6069541231900075e-05,6.856028505808354e-06,0.0,5.188672730582766e-05,2.418788972136099e-05,2.4452194338664412e-05,3.2466450647916645e-06,0.0
1128,adam,0.00025,3.9928970181790646e-05,1.9273270197572856e-05,1.5091271507117199e-05,5.5644284202571725e-06,0.0,4.30886575486511e-05,2.382885941187851e-05,1.8026828911388293e-05,1.2329710443736985e-06,0.0
1129,adam,0.00025,3.704303162521683e-05,1.9037826064050023e-05,1.5074110706336796e-05,2.9310948690408622e-06,0.0,4.4794553105020896e-05,2.1978561562718824e-05,2.169551771658007e-05,1.120470756177383e-06,0.0
1130,adam,0.00025,4.014516775896482e-05,1.8148477693102905e-05,1.7649479502779286e-05,4.347210399657797e-06,0.0,4.2475960071897134e-05,2.0875799236819148e-05,1.7218346329173073e-05,4.381815870146966e-06,0.0
1131,adam,0.00025,4.010204168025666e-05,1.8881002517900924e-05,1.751786533077393e-05,3.7031739879012093e-06,0.0,7.531005394412205e-05,2.1459743948071264e-05,3.434313475736417e-05,1.9507177057676017e-05,0.0
1132,adam,0.00025,6.632170675402449e-05,2.1441144554046332e-05,2.6245031904181815e-05,1.8635529912103266e-05,0.0,5.510387563845143e-05,2.8150161597295664e-05,2.298193248861935e-05,3.971781097789062e-06,0.0
1133,adam,0.00025,3.860614651784999e-05,1.9424649224220047e-05,1.5211707079743064e-05,3.9697905762636765e-06,0.0,4.2064926674356684e-05,2.0843315724050626e-05,1.904389682749752e-05,2.177711394324433e-06,0.0
1134,adam,0.00025,3.801402499448159e-05,1.882491994820157e-05,1.550942187122928e-05,3.679682677670826e-06,0.0,3.7667472497560084e-05,1.9003902707481757e-05,1.721449734759517e-05,1.449071191927942e-06,0.0
1135,adam,0.00025,3.5204799814891885e-05,1.638405916537522e-05,1.4787010741201811e-05,4.033729922525708e-06,0.0,4.1637453250586987e-05,2.2146319679450244e-05,1.4803959857090376e-05,4.687170985562261e-06,0.0
1136,adam,0.00025,3.988122716691578e-05,2.0116909865919297e-05,1.5438545403867465e-05,4.3257715596212165e-06,0.0,6.25706888968125e-05,2.5677851226646453e-05,1.6107027477119118e-05,2.078580655506812e-05,0.0
1137,adam,0.00025,4.168626890077576e-05,1.943190733300071e-05,1.5163886587288289e-05,7.090474582582829e-06,0.0,4.04514794354327e-05,2.054993819911033e-05,1.753816286509391e-05,2.363377461733762e-06,0.0
1138,adam,0.00025,3.7742487620562315e-05,1.7038282408066152e-05,1.5913875984097103e-05,4.790329299453333e-06,0.0,4.587186413118616e-05,2.5490620828350075e-05,1.8334490960114636e-05,2.046750523732044e-06,0.0
1139,adam,0.00025,3.6699791735372855e-05,1.8163099696266727e-05,1.4965426998969633e-05,3.5712653243535897e-06,0.0,4.896436075796373e-05,2.2288853870122693e-05,2.070224581984803e-05,5.973260158498306e-06,0.0
1140,adam,0.00025,4.7397013986483216e-05,1.799090995291408e-05,1.7081093631077238e-05,1.2325010459335317e-05,0.0,4.516008993959986e-05,2.1292658857419156e-05,1.9028337192139588e-05,4.83909252579906e-06,0.0
1141,adam,0.00025,4.041391889586521e-05,2.0015416339447256e-05,1.4982187565237837e-05,5.416314934336697e-06,0.0,5.5260490626096725e-05,2.3399610654450953e-05,2.405324630672112e-05,7.807633664924651e-06,0.0
1142,adam,0.00025,3.901406341810798e-05,1.9157657618507073e-05,1.547786831679332e-05,4.378538250193742e-06,0.0,4.288726995582692e-05,2.319708073628135e-05,1.6048586985561997e-05,3.6416038255993044e-06,0.0
1143,adam,0.00025,3.405368534004083e-05,1.740495565627498e-05,1.35111340568983e-05,3.137595538049709e-06,0.0,4.56900306744501e-05,2.340634455322288e-05,1.7645437765168026e-05,4.638250175048597e-06,0.0
1144,adam,0.00025,4.7350824956993165e-05,1.9405453997478617e-05,1.758986860522782e-05,1.0355501402159462e-05,0.0,0.00012140089529566467,2.391594352957327e-05,2.9188700864324346e-05,6.829624908277765e-05,0.0
1145,adam,0.00025,5.368865367927356e-05,1.911086246764171e-05,1.881384145008269e-05,1.576394932101266e-05,0.0,4.4030039134668186e-05,2.426843457215e-05,1.7455862689530477e-05,2.30573937187728e-06,0.0
1146,adam,0.00025,3.811129772657296e-05,1.8653997528872424e-05,1.4774184649013478e-05,4.683116131332099e-06,0.0,4.302950401324779e-05,2.2453990823123604e-05,1.612983578525018e-05,4.445676040631952e-06,0.0
1147,adam,0.00025,3.597761519813503e-05,1.784565438356367e-05,1.500291750744509e-05,3.1290431152797282e-06,0.0,4.15804679505527e-05,2.1273401216603816e-05,1.628363133931998e-05,4.023438577860361e-06,0.0
1148,adam,0.00025,3.560201935215446e-05,1.83879014912236e-05,1.4949332751257316e-05,2.2647848751944366e-06,0.0,3.875508264172822e-05,2.189697806898039e-05,1.5314195479732007e-05,1.5439077287737746e-06,0.0
1149,adam,0.00025,3.7571486700471723e-05,1.9095585003015003e-05,1.4579714957108081e-05,3.896186647978084e-06,0.0,4.2391911847516894e-05,2.4133083570632152e-05,1.6181062164832838e-05,2.0777658846782288e-06,0.0
1150,adam,0.00025,5.3492295592150185e-05,1.953990545189299e-05,2.042264674173566e-05,1.3529743497997515e-05,0.0,6.483996548922732e-05,2.211162427556701e-05,4.078373240190558e-05,1.944606538017979e-06,0.0
1151,adam,0.00025,4.8791589279062464e-05,2.0248413761692063e-05,2.3356350311587448e-05,5.186824758141029e-06,0.0,4.2265168303856626e-05,2.1226564058451913e-05,1.757922836986836e-05,3.4593758755363524e-06,0.0
1152,adam,0.00025,4.792875847670075e-05,1.784773405688611e-05,2.40035139995598e-05,6.077510406043984e-06,0.0,4.59145667264238e-05,2.7263680749456398e-05,1.5794241335242987e-05,2.856643504856038e-06,0.0
1153,adam,0.00025,4.460577611098415e-05,1.7849960897819983e-05,1.940044512593886e-05,7.355370613026935e-06,0.0,4.115703995921649e-05,2.1854035367141478e-05,1.6985861293505877e-05,2.3171417069534073e-06,0.0
1154,adam,0.00025,3.389536720987962e-05,1.8510398433591035e-05,1.2917197807382763e-05,2.467771075487235e-06,0.0,4.449485641089268e-05,2.4659306291141547e-05,1.6753525414969772e-05,3.082025159528712e-06,0.0
1155,adam,0.00025,3.272981643931416e-05,1.7684470549284015e-05,1.3003584740545193e-05,2.0417612560663656e-06,0.0,4.005942901130766e-05,2.22846501856111e-05,1.445192719984334e-05,3.3228507163585164e-06,0.0
1156,adam,0.00025,3.8595305113631184e-05,1.75730061187096e-05,1.709274761196866e-05,3.929550999259845e-06,0.0,4.497544068726711e-05,2.324663000763394e-05,1.83486317837378e-05,3.3801804875110975e-06,0.0
1157,adam,0.00025,3.764141206374916e-05,1.708331302552324e-05,1.6168435024610517e-05,4.389663857296e-06,0.0,6.00651947024744e-05,2.245403447886929e-05,3.2866038964129984e-05,4.745120349980425e-06,0.0
1158,adam,0.00025,4.732687420982984e-05,1.92509456269363e-05,1.9427631741564255e-05,8.64829704028125e-06,0.0,5.567879634327255e-05,2.3593900550622493e-05,2.2421643734560348e-05,9.663252967584413e-06,0.0
1159,adam,0.00025,4.0266691030410584e-05,1.896021933589509e-05,1.5503782947234868e-05,5.802688718858917e-06,0.0,5.0904302042908967e-05,2.3770651750965044e-05,2.0974532162654214e-05,6.159119493531762e-06,0.0
1160,adam,0.00025,4.302343677409226e-05,2.001205450596899e-05,1.7477676294674893e-05,5.5337064139848735e-06,0.0,4.523387542576529e-05,2.579276952019427e-05,1.7602846128284e-05,1.8382592088528327e-06,0.0
1161,adam,0.00025,3.683570434986905e-05,1.881285703575486e-05,1.5425464766849473e-05,2.5973820996227914e-06,0.0,4.326747512095608e-05,2.2756410544388928e-05,1.7929003661265597e-05,2.5820602331805276e-06,0.0
1162,adam,0.00025,3.507119015466742e-05,1.721858598102699e-05,1.4399391375263804e-05,3.453213295756541e-06,0.0,4.777074354933575e-05,1.988481562875677e-05,1.9329399947309867e-05,8.556525244785007e-06,0.0
1163,adam,0.00025,5.119226284477918e-05,1.6300596598739503e-05,2.2227840872801607e-05,1.2663825884828839e-05,0.0,4.908782648271881e-05,2.6859195713768713e-05,1.916487599373795e-05,3.0637575036962517e-06,0.0
1164,adam,0.00025,3.5247915661784646e-05,1.7272044374294637e-05,1.4784668849188165e-05,3.1912033122694083e-06,0.0,4.4176471419632435e-05,2.258222593809478e-05,1.7392025256413035e-05,4.202221134619322e-06,0.0
1165,adam,0.00025,3.506260964059038e-05,1.7028850038514065e-05,1.4389111981927272e-05,3.644647399880796e-06,0.0,4.44674733444117e-05,2.1621495761792175e-05,2.1129661035956815e-05,1.7163179109047633e-06,0.0
1166,adam,0.00025,3.759682749659987e-05,1.9714068969278742e-05,1.4634114620548644e-05,3.248643672293383e-06,0.0,4.895914753433317e-05,2.374137875449378e-05,2.3996619347599335e-05,1.221150682795269e-06,0.0
1167,adam,0.00025,4.326389966990973e-05,1.888652991510753e-05,1.820181347511607e-05,6.1755568054877585e-06,0.0,4.899232226307504e-05,2.6411520593683235e-05,1.7978325558942743e-05,4.6024774746911135e-06,0.0
1168,adam,0.00025,4.609299298863334e-05,1.967491755294759e-05,1.7026487455495953e-05,9.391587923346378e-06,0.0,4.27023769589141e-05,2.0811581634916365e-05,1.5906867702142335e-05,5.983928531350102e-06,0.0
1169,adam,0.00025,3.513223100526375e-05,1.8123949644177628e-05,1.4138561937215854e-05,2.869719423870265e-06,0.0,3.9856211515143514e-05,2.4041608412517235e-05,1.425130722054746e-05,1.563296677886683e-06,0.0
1170,adam,0.00025,3.491582981496322e-05,1.823023939095947e-05,1.4383773816462053e-05,2.30181750993097e-06,0.0,4.312814417062327e-05,2.320545718248468e-05,1.516484007879626e-05,4.757845999847632e-06,0.0
1171,adam,0.00025,3.9793095879758766e-05,1.7260989920941938e-05,1.5682416005802224e-05,6.849690315391399e-06,0.0,5.2722589316545054e-05,2.2503438231069595e-05,2.3060863895807415e-05,7.158287644415395e-06,0.0
1172,adam,0.00025,4.8941024260784616e-05,1.7458554850691144e-05,1.735706797489911e-05,1.4125401364140089e-05,0.0,4.538990106084384e-05,2.607481656013988e-05,1.4444156477111392e-05,4.870930752076674e-06,0.0
1173,adam,0.00025,3.8533937072315894e-05,1.854169772741443e-05,1.3250439621970145e-05,6.7418000817554e-06,0.0,4.491318395594135e-05,2.1845462470082566e-05,1.7725402358337305e-05,5.342320037016179e-06,0.0
1174,adam,0.00025,4.287309991468646e-05,1.7638196140978835e-05,1.606812895715848e-05,9.166774219693252e-06,0.0,5.521467392100021e-05,2.3244943804456852e-05,2.273998507007491e-05,9.22974413697375e-06,0.0
1175,adam,0.00025,4.348478091742436e-05,2.0222927901158982e-05,1.5821032150142855e-05,7.440820965598505e-06,0.0,4.930119393975474e-05,2.1088790163048543e-05,2.053613934549503e-05,7.67626170272706e-06,0.0
1176,adam,0.00025,4.456509896044736e-05,1.9657754251056758e-05,1.979746457436704e-05,5.10988034818638e-06,0.0,4.852241909247823e-05,2.8700025723082945e-05,1.4417279089684598e-05,5.40511564395274e-06,0.0
1177,adam,0.00025,3.657902118447964e-05,1.7677898995316355e-05,1.4745419946393667e-05,4.1557026477789805e-06,0.0,4.9416270485380664e-05,2.4966524506453425e-05,2.1271453078952618e-05,3.1782954010850517e-06,0.0
1178,adam,0.00025,4.268359737125138e-05,1.8650730794433912e-05,1.8762842898922827e-05,5.27002413974742e-06,0.0,8.206474740291014e-05,2.7176613002666272e-05,2.4070361178019084e-05,3.081777322222479e-05,0.0
1179,adam,0.00025,5.180088896850066e-05,2.0267187153422128e-05,1.7584270949555503e-05,1.3949430353932257e-05,0.0,5.1335162424948066e-05,2.3951393814058974e-05,1.9276965758763254e-05,8.10680376162054e-06,0.0
1180,adam,0.00025,3.9345076174868154e-05,1.7856399153970415e-05,1.716478402613575e-05,4.323893207924812e-06,0.0,5.600573786068708e-05,2.4906335966079496e-05,2.1707841369789094e-05,9.391559615323786e-06,0.0
1181,adam,0.00025,4.043696378630557e-05,1.7788943409868807e-05,1.7105710469422775e-05,5.542309509110055e-06,0.0,5.079703259980306e-05,2.5928115064743906e-05,2.3609449272044003e-05,1.259469058823015e-06,0.0
1182,adam,0.00025,3.678900009163044e-05,1.7453861289595807e-05,1.5865013779148285e-05,3.4701254705282736e-06,0.0,4.60114715679083e-05,2.038543789240066e-05,2.2906957383383997e-05,2.719077656365698e-06,0.0
1183,adam,0.00025,3.7627757592417765e-05,1.95011761547903e-05,1.3722021208195656e-05,4.404560129955826e-06,0.0,5.399383371695876e-05,2.4942424715845846e-05,1.684031121840235e-05,1.2211097782710567e-05,0.0
1184,adam,0.00025,4.632577179108921e-05,1.8930207374978636e-05,1.9851934496273316e-05,7.543629976680677e-06,0.0,5.88737748330459e-05,3.351244959048927e-05,2.1954137991997413e-05,3.4071870231855428e-06,0.0
1185,adam,0.00025,3.995759038843971e-05,1.8829893292604538e-05,1.7494073290436063e-05,3.633623848031675e-06,0.0,4.139509837841615e-05,2.3127158783609048e-05,1.5769694073242135e-05,2.498244612070266e-06,0.0
1186,adam,0.00025,3.394914597265597e-05,1.6039668764733506e-05,1.4104463502917497e-05,3.8050137334266765e-06,0.0,4.019902189611457e-05,2.0382485672598705e-05,1.64800640050089e-05,3.336473582749022e-06,0.0
1187,adam,0.00025,4.484778560254199e-05,1.8254090718983207e-05,1.6554944124891335e-05,1.0038750367868943e-05,0.0,5.6309032515855506e-05,2.141080221917946e-05,3.23306376230903e-05,2.567593128333101e-06,0.0
1188,adam,0.00025,5.8834846640820615e-05,2.0063794522684475e-05,3.0726063755537325e-05,8.044988419442234e-06,0.0,5.0627917516976595e-05,2.4288381609949283e-05,2.29361994570354e-05,3.4033364499919116e-06,0.0
1189,adam,0.00025,4.627070279639156e-05,2.0732115672217333e-05,1.730981995251568e-05,8.228766958495726e-06,0.0,5.7024150009965524e-05,2.220339774794411e-05,2.480417606420815e-05,1.0016575288318563e-05,0.0
1190,adam,0.00025,4.1949037495214725e-05,2.028432055567464e-05,1.68501395023668e-05,4.81457728795931e-06,0.0,5.7794117310550064e-05,2.318891893082764e-05,3.1962474167812616e-05,2.6427239845361328e-06,0.0
1191,adam,0.00025,4.905186665382644e-05,2.061030875211145e-05,2.409392072877381e-05,4.34763748557998e-06,0.0,5.8290810557082295e-05,2.36384312302107e-05,2.1816920707351528e-05,1.2835460438509472e-05,0.0
1192,adam,0.00025,4.145548086853523e-05,1.839401613779046e-05,1.7435843119528727e-05,5.6256217533245945e-06,0.0,4.3934483983321115e-05,2.192657848354429e-05,2.051070441666525e-05,1.4971996051826864e-06,0.0
1193,adam,0.00025,3.3353902267663216e-05,1.6235743089509924e-05,1.3519135734441079e-05,3.599023660427747e-06,0.0,3.713426485774107e-05,2.0807441615033895e-05,1.4377375919139013e-05,1.94944709619449e-06,0.0
1194,adam,0.00025,3.3778467582123994e-05,1.7808716734180052e-05,1.3385492195538973e-05,2.584258808724371e-06,0.0,3.820415076916106e-05,2.1195293811615556e-05,1.5621275451849215e-05,1.387580823575263e-06,0.0
1195,adam,0.00025,3.703770789798e-05,1.7469686099502724e-05,1.5639671801181976e-05,3.928350317039531e-06,0.0,4.6264500269899145e-05,2.040615800069645e-05,2.343108644708991e-05,2.4272546852444066e-06,0.0
1196,adam,0.00025,4.1192976823367644e-05,1.7459179559864424e-05,1.5419383146308974e-05,8.314413662446896e-06,0.0,5.096292807138525e-05,2.4256536562461406e-05,1.676410283835139e-05,9.942285942088347e-06,0.0
1197,adam,0.00025,3.861646791847306e-05,1.799578296868276e-05,1.5137909883833345e-05,5.48277594702995e-06,0.0,4.021287168143317e-05,2.2026602891855873e-05,1.6204392522922717e-05,1.9818776308966335e-06,0.0
1198,adam,0.00025,3.366090959389112e-05,1.7698392014153796e-05,1.3055437534603698e-05,2.907079675651403e-06,0.0,5.097070607007481e-05,2.475441033311654e-05,1.3640875295095611e-05,1.2575418622873258e-05,0.0
1199,adam,0.00025,3.441280136939895e-05,1.6981554210815375e-05,1.3044526610883622e-05,4.386720888760465e-06,0.0,4.3708285375032574e-05,2.049457725661341e-05,2.1088935682200827e-05,2.124773345713038e-06,0.0
1200,adam,0.00025,3.141993443023239e-05,1.485876862261648e-05,1.3348165907700604e-05,3.2130001912378248e-06,0.0,3.666136763058603e-05,1.9327608242747374e-05,1.5116086615307722e-05,2.2176714082888793e-06,0.0
1201,adam,0.00025,3.374361835994932e-05,1.6779594545823784e-05,1.3239831673672597e-05,3.7241920693986685e-06,0.0,6.367939204210415e-05,2.5255385480704717e-05,2.2229156456887722e-05,1.619484646653291e-05,0.0
1202,adam,0.00025,6.552841318807623e-05,1.795875863308538e-05,2.0430906204182975e-05,2.7138748322386164e-05,0.0,5.574584793066606e-05,1.9681037883856334e-05,1.9972108930232935e-05,1.6092699297587387e-05,0.0
1203,adam,0.00025,3.774797858113743e-05,1.678246087521984e-05,1.4268267932493472e-05,6.697249453679888e-06,0.0,4.942330633639358e-05,2.7561007300391793e-05,1.4072690646571573e-05,7.78960657044081e-06,0.0
1204,adam,0.00025,3.357467016940063e-05,1.6711000228042394e-05,1.277698851254172e-05,4.086681208548271e-06,0.0,3.962908886023797e-05,2.2054011424188502e-05,1.473534393880982e-05,2.8397325877449475e-06,0.0
1205,adam,0.00025,3.195910835529503e-05,1.667673546990045e-05,1.3090578761421057e-05,2.191793946337839e-06,0.0,4.173605339019559e-05,2.3521017283201218e-05,1.594269269844517e-05,2.272342044307152e-06,0.0
1206,adam,0.00025,3.189437074979651e-05,1.5708655723756237e-05,1.3259609318083676e-05,2.926105338474372e-06,0.0,4.2084313463419676e-05,2.6288089429726824e-05,1.4159449165163096e-05,1.6367721400456503e-06,0.0
1207,adam,0.00025,4.010495240436285e-05,1.8459600369169493e-05,1.590530166595272e-05,5.7400501276561045e-06,0.0,6.273984763538465e-05,2.0859642972936854e-05,2.691087865969166e-05,1.4969323274272028e-05,0.0
1208,adam,0.00025,4.20922459625217e-05,1.9019229625882872e-05,1.8613560030189547e-05,4.459456299343856e-06,0.0,4.040388375869952e-05,2.4649829356349073e-05,1.4229501175577752e-05,1.5245539088937221e-06,0.0
1209,adam,0.00025,4.1826678057077515e-05,1.8994905076397117e-05,1.853079101010735e-05,4.300981693461381e-06,0.0,5.856493589817546e-05,2.445905738568399e-05,2.3711088942945935e-05,1.0394788660050835e-05,0.0
1210,adam,0.00025,4.029877209177357e-05,1.744286805660522e-05,1.6341312914391892e-05,6.5145914618369716e-06,0.0,5.1693546993192285e-05,2.8910844775964506e-05,1.8274517060490325e-05,4.508182428253349e-06,0.0
1211,adam,0.00025,3.824665657248261e-05,1.8810351946285664e-05,1.435737891597455e-05,5.078926150758889e-06,0.0,4.31015323556494e-05,2.319314626220148e-05,1.591915679455269e-05,3.989229298895225e-06,0.0
1212,adam,0.00025,3.831052742953034e-05,1.6703757523828244e-05,1.499168251939409e-05,6.615087741579373e-06,0.0,4.8745387175586075e-05,2.278709871461615e-05,1.730368603602983e-05,8.65460060595069e-06,0.0
1213,adam,0.00025,3.963551989727421e-05,1.6606442841293756e-05,1.646096040985867e-05,6.568116546645797e-06,0.0,4.977716162102297e-05,2.473566200933419e-05,1.473290740250377e-05,1.030859311867971e-05,0.0
1214,adam,0.00025,3.844284753995453e-05,1.7593715085695294e-05,1.3779998596419318e-05,7.069132799131239e-06,0.0,6.374069198500365e-05,2.4989829398691654e-05,2.9636559702339582e-05,9.114297427004203e-06,0.0
1215,adam,0.00025,4.43626315700385e-05,1.8496041718663037e-05,1.6673313723458705e-05,9.193276305552445e-06,0.0,4.746721242554486e-05,2.680001489352435e-05,1.4521950106427539e-05,6.14524742559297e-06,0.0
1216,adam,0.00025,4.2703096823970554e-05,1.884429121901121e-05,1.7129390982972836e-05,6.729414039341464e-06,0.0,5.355231405701488e-05,1.8879818526329473e-05,1.8279759387951344e-05,1.639273796172347e-05,0.0
1217,adam,0.00025,4.104638856006204e-05,1.7831644754551235e-05,1.785246047347755e-05,5.362283282295266e-06,0.0,3.95362512790598e-05,2.2953609004616737e-05,1.523663831903832e-05,1.3460062291414943e-06,0.0
1218,adam,0.00025,3.318184587897122e-05,1.739038083314881e-05,1.391723651522625e-05,1.8742283955930361e-06,0.0,4.070791328558698e-05,2.006605609494727e-05,1.6874171706149355e-05,3.7676875308534363e-06,0.0
1219,adam,0.00025,3.6516316299639584e-05,1.796617698346381e-05,1.521715967101045e-05,3.3329803770243416e-06,0.0,4.3524127249838784e-05,1.9615443306975067e-05,2.2106163669377565e-05,1.8025202734861523e-06,0.0
1220,adam,0.00025,3.4141186233682674e-05,1.7896407371154055e-05,1.3649390155023866e-05,2.5953889384311424e-06,0.0,3.9935530367074534e-05,2.1009707779739983e-05,1.820853867684491e-05,7.172814662226301e-07,0.0
1221,adam,0.00025,5.8160611160928966e-05,1.8752751998363237e-05,2.2896505811331735e-05,1.6511353379655702e-05,0.0,0.00011996481043752283,2.640084312588442e-05,4.060449646203779e-05,5.295946539263241e-05,0.0
1222,adam,0.00025,5.907794957238366e-05,2.0889387997158337e-05,2.3748602814066544e-05,1.4439959514334078e-05,0.0,5.3619722166331485e-05,2.8518206818262115e-05,2.111436151608359e-05,3.98715428673313e-06,0.0
1223,adam,0.00025,3.37884979444425e-05,1.8925862946161942e-05,1.2860645824730454e-05,2.0019892872369383e-06,0.0,4.144032936892472e-05,2.2975880710873753e-05,1.4172187547956128e-05,4.292260655347491e-06,0.0
1224,adam,0.00025,3.2775103363746894e-05,1.6839973113746964e-05,1.2825091118884302e-05,3.1100395503358413e-06,0.0,5.252994014881551e-05,2.0389585188240744e-05,2.4644643417559564e-05,7.495711543015204e-06,0.0
1225,adam,0.00025,3.365333202509646e-05,1.558481767460762e-05,1.4131964292118937e-05,3.9365501649513135e-06,0.0,4.171375621808693e-05,2.164331635867711e-05,1.4172605006024241e-05,5.897832579648821e-06,0.0
1226,adam,0.00025,2.9005461328779347e-05,1.5273733424692182e-05,1.1437166278938093e-05,2.294561724625055e-06,0.0,3.70076231774874e-05,1.8772834664559923e-05,1.706264265521895e-05,1.1721467672032304e-06,0.0
1227,adam,0.00025,2.884060813812539e-05,1.5318335442771058e-05,1.180591823413124e-05,1.7163543013509752e-06,0.0,3.430295691941865e-05,2.001204302359838e-05,1.3179194866097532e-05,1.1117177791675203e-06,0.0
1228,adam,0.00025,3.4399502283122274e-05,1.6493629402702936e-05,1.347723730305006e-05,4.428635726583252e-06,0.0,4.865964001510292e-05,2.2811555027146824e-05,2.235112879134249e-05,3.4969550597452326e-06,0.0
1229,adam,0.00025,3.521606242884445e-05,1.590673878126836e-05,1.4806270201006555e-05,4.50305346788582e-06,0.0,5.653737025568262e-05,2.3451593733625486e-05,2.0906321879010648e-05,1.2179455552541185e-05,0.0
1230,adam,0.00025,4.669987310990109e-05,1.7798047792894067e-05,1.7723793632740126e-05,1.1178032394809634e-05,0.0,3.681525413412601e-05,2.0452425815165043e-05,1.474861528549809e-05,1.61421326083655e-06,0.0
1231,adam,0.00025,3.606589064020227e-05,1.788910446975933e-05,1.55291116357148e-05,2.647674783418097e-06,0.0,4.622893902705982e-05,2.350656723137945e-05,1.5132307453313842e-05,7.59006343287183e-06,0.0
1232,adam,0.00025,4.080512690052274e-05,1.751984632392123e-05,1.5965282329943875e-05,7.319998779564685e-06,0.0,4.9073209083871916e-05,2.0604964447556995e-05,1.6136975318659097e-05,1.2331266589171719e-05,0.0
1233,adam,0.00025,3.900699198311486e-05,1.789688508324616e-05,1.612692528851767e-05,4.9831809150191475e-06,0.0,4.583215923048556e-05,1.9242708731326275e-05,2.017938459175639e-05,6.41006818113965e-06,0.0
1234,adam,0.00025,3.778455425162974e-05,1.784393083426039e-05,1.5391393901609263e-05,4.549229188910431e-06,0.0,4.27050435973797e-05,2.117248368449509e-05,1.9736391550395638e-05,1.796168817236321e-06,0.0
1235,adam,0.00025,3.2853039556357544e-05,1.5758268602894532e-05,1.5436450155448256e-05,1.6583210964427053e-06,0.0,4.625937799573876e-05,2.1314954210538417e-05,2.1634434233419597e-05,3.3099895517807454e-06,0.0
1236,adam,0.00025,3.735949132988026e-05,1.8049501932182466e-05,1.635540019151449e-05,2.9545890356530435e-06,0.0,3.411060242797248e-05,1.9953908122261055e-05,1.342266386927804e-05,7.340328238569782e-07,0.0
1237,adam,0.00025,3.411122861507465e-05,1.717247522492471e-05,1.3815188651733479e-05,3.1235646673621886e-06,0.0,5.7799632486421615e-05,2.7047783078160137e-05,1.7061509424820542e-05,1.369034180243034e-05,0.0
1238,adam,0.00025,6.742901359757525e-05,1.9453781192169117e-05,2.2692514789923734e-05,2.5282717402319577e-05,0.0,5.598862117039971e-05,2.273340396641288e-05,2.7495500035001896e-05,5.759716259490233e-06,0.0
1239,adam,0.00025,3.9898693557915976e-05,1.8826555333362194e-05,1.7139903548013535e-05,3.93223442785029e-06,0.0,4.5511496864492074e-05,2.2320793505059555e-05,1.7949019820662215e-05,5.241684903012356e-06,0.0
1240,adam,0.00025,4.120212497582543e-05,2.0396683794388082e-05,1.3977940795939503e-05,6.827499731798525e-06,0.0,4.8659687308827415e-05,1.903849442896899e-05,2.684192622837145e-05,2.7792668788606534e-06,0.0
1241,adam,0.00025,3.630307742241712e-05,1.6438078660030442e-05,1.569098463960472e-05,4.17401435015563e-06,0.0,4.775496563524939e-05,2.7065632821177132e-05,1.5931629604892805e-05,4.757702754432103e-06,0.0
1242,adam,0.00025,3.5803110904453206e-05,1.796721738855922e-05,1.4013356974373892e-05,3.822536712050351e-06,0.0,3.8086109270807356e-05,2.161652264476288e-05,1.4959586223994847e-05,1.5100026757863816e-06,0.0
1243,adam,0.00025,3.227681463613408e-05,1.7167382509342133e-05,1.2215255196679209e-05,2.894176830636752e-06,0.0,3.9989867218537256e-05,2.1661811842932366e-05,1.6379117369069718e-05,1.9489391434035497e-06,0.0
1244,adam,0.00025,3.912874046818615e-05,1.670609151460667e-05,1.6936035308390274e-05,5.4866134391318155e-06,0.0,5.1943025027867407e-05,1.9518718545441516e-05,2.576771476014983e-05,6.656589903286658e-06,0.0
1245,adam,0.00025,3.3113465292444744e-05,1.6341193997959635e-05,1.309968899931846e-05,3.6725821175309648e-06,0.0,3.9296668546739966e-05,2.109514389303513e-05,1.694968159426935e-05,1.2518445373643772e-06,0.0
1246,adam,0.00025,3.58349373072997e-05,1.7934772301941848e-05,1.4955071037547896e-05,2.9450941170239275e-06,0.0,4.081245060660876e-05,2.2001773686497472e-05,1.4347157957672607e-05,4.463520326680737e-06,0.0
1247,adam,0.00025,4.008218888884585e-05,1.5586475115014764e-05,1.4464068442521238e-05,1.003164516077959e-05,0.0,7.163925329223275e-05,1.9398483345867135e-05,1.9445997168077156e-05,3.2794774597277865e-05,0.0
1248,adam,0.00025,4.350978042566567e-05,1.7270932914925652e-05,1.7232223001428792e-05,9.006624658525197e-06,0.0,4.4735799747286364e-05,2.152562046831008e-05,1.6059939298429526e-05,7.150238616304705e-06,0.0
1249,adam,0.00025,3.5173404512534034e-05,1.6426990328000102e-05,1.4582183837319462e-05,4.1642294945631875e-06,0.0,4.804209675057791e-05,2.6735802748589776e-05,1.829366010497324e-05,3.01263457913592e-06,0.0
1250,adam,0.00025,3.521978896969813e-05,1.748532883993903e-05,1.3742749104039831e-05,3.991710428863371e-06,0.0,4.0568036638433114e-05,2.0188492271699943e-05,1.4416493286262266e-05,5.963051080470905e-06,0.0
1251,adam,0.00025,3.844155412480177e-05,1.677430310564887e-05,1.403850365022663e-05,7.6287475252456716e-06,0.0,5.689731551683508e-05,2.1438630938064307e-05,2.355384458496701e-05,1.190483908430906e-05,0.0
1252,adam,0.00025,3.816112325694121e-05,1.606617132665633e-05,1.6809186092814343e-05,5.285766249585322e-06,0.0,4.251533027854748e-05,1.8955384803120978e-05,2.0185421817586757e-05,3.3745227483450435e-06,0.0
1253,adam,0.00025,3.3151935667774524e-05,1.5244848668771738e-05,1.4043928445062193e-05,3.863158575256875e-06,0.0,3.596375972847454e-05,1.79871276486665e-05,1.615250948816538e-05,1.8241220232084743e-06,0.0
1254,adam,0.00025,2.9909788622717315e-05,1.5762272312258574e-05,1.2114585729250393e-05,2.0329305456812108e-06,0.0,3.8923801184864715e-05,2.1516716515179724e-05,1.5613961295457557e-05,1.7931250795300002e-06,0.0
1255,adam,0.00025,3.953365796860453e-05,1.6938354576723214e-05,1.6496263981480297e-05,6.099039211449053e-06,0.0,4.9563852371647954e-05,2.2361749870469794e-05,2.0979052351322025e-05,6.223051514098188e-06,0.0
1256,adam,0.00025,5.3655688134313095e-05,2.259202693721818e-05,2.0862008739186422e-05,1.0201652230534819e-05,0.0,5.4538497352041304e-05,2.7494510504766367e-05,1.7168003978440538e-05,9.875985597318504e-06,0.0
1257,adam,0.00025,3.779537541959144e-05,1.853347947644579e-05,1.4836568254850135e-05,4.42532798672346e-06,0.0,4.420632467372343e-05,2.1408686734503135e-05,1.911451545311138e-05,3.6831215766142122e-06,0.0
1258,adam,0.00025,3.37506679670696e-05,1.6114379548071156e-05,1.2793178029824048e-05,4.8431103039092704e-06,0.0,3.842791193164885e-05,1.9589768271544017e-05,1.5525314665865153e-05,3.3128319500974612e-06,0.0
1259,adam,0.00025,2.9927462605883193e-05,1.606826367606118e-05,1.1385092250293383e-05,2.4741069779565805e-06,0.0,3.7193480238784105e-05,2.0157725884928368e-05,1.4662512512586545e-05,2.3732409317744896e-06,0.0
1260,adam,0.00025,3.8703703012288315e-05,1.6184469870950124e-05,1.3912040344621346e-05,8.607192768295135e-06,0.0,4.633903881767765e-05,2.0503623090917245e-05,1.6479678379255347e-05,9.355740985483862e-06,0.0
1261,adam,0.00025,5.187563067465817e-05,1.6586916672167717e-05,1.7169731506783137e-05,1.8118981813586288e-05,0.0,5.061599222244695e-05,2.5592260499252006e-05,2.1216254026512615e-05,3.807479060924379e-06,0.0
1262,adam,0.00025,3.185311561537674e-05,1.661343139858218e-05,1.2363216853827907e-05,2.876467611656608e-06,0.0,3.4696517104748636e-05,1.9991868612123653e-05,1.3341788871912286e-05,1.3628600754600484e-06,0.0
1263,adam,0.00025,3.1321511187343276e-05,1.6153123340245656e-05,1.223477920575533e-05,2.9336087550291268e-06,0.0,4.934784010401927e-05,2.802207563945558e-05,1.881677053461317e-05,2.508994839445222e-06,0.0
1264,adam,0.00025,3.1319313734456955e-05,1.692342323167395e-05,1.189066159668073e-05,2.5052294176930445e-06,0.0,4.3109113903483376e-05,2.0164388843113557e-05,2.1005733287893236e-05,1.938990862981882e-06,0.0
1265,adam,0.00025,3.8260964402070385e-05,1.7760548701062362e-05,1.508541288330889e-05,5.4150028319099874e-06,0.0,5.386576958699152e-05,2.314556695637293e-05,2.457733717164956e-05,6.14286727795843e-06,0.0
1266,adam,0.00025,3.727184980562015e-05,1.7082665692669252e-05,1.5051750551720033e-05,5.1374330922726585e-06,0.0,3.909491715603508e-05,2.12468203244498e-05,1.5791600162629038e-05,2.056494849966839e-06,0.0
1267,adam,0.00025,3.1993336619962065e-05,1.5971289656135923e-05,1.3171895204777684e-05,2.8501518869461506e-06,0.0,3.732434561243281e-05,2.102344842569437e-05,1.3973702152725309e-05,2.3271927602763753e-06,0.0
1268,adam,0.00025,3.2615804457236663e-05,1.652988015621304e-05,1.2279777138246573e-05,3.8061474612050006e-06,0.0,5.20347457495518e-05,2.0956875232513994e-05,1.8595248548081145e-05,1.2482622878451366e-05,0.0
1269,adam,0.00025,3.9377925531880464e-05,1.6807706003874046e-05,1.2839330793212866e-05,9.730888947956373e-06,0.0,4.401318437885493e-05,2.1619802282657474e-05,1.4809505046287086e-05,7.583874776173616e-06,0.0
1270,adam,0.00025,3.328888260512031e-05,1.58288010538854e-05,1.3572619138813025e-05,3.887462618479276e-06,0.0,3.9575847040396184e-05,1.854451147664804e-05,1.7616679542697966e-05,3.4146585221606074e-06,0.0
1271,adam,0.00025,3.144747097394429e-05,1.5635274962733092e-05,1.2164713723450404e-05,3.6474821598631024e-06,0.0,3.485577326500788e-05,1.8953438484459184e-05,1.3539905012294184e-05,2.3624306777492166e-06,0.0
1272,adam,0.00025,3.5667091424329556e-05,1.648012533905785e-05,1.3931741193573544e-05,5.2552250906501285e-06,0.0,4.554364932118915e-05,2.1317584469215944e-05,1.954529943759553e-05,4.680765869125025e-06,0.0
1273,adam,0.00025,3.959149580623489e-05,1.6469454976686393e-05,1.5511028720993636e-05,7.61101210855486e-06,0.0,5.466674701892771e-05,2.7584424969973043e-05,1.801008875190746e-05,9.07223602553131e-06,0.0
1274,adam,0.00025,4.411562338191288e-05,2.040706419847993e-05,1.622708646209503e-05,7.481472458437111e-06,0.0,4.940001599607058e-05,2.7797583243227564e-05,1.7486196156824008e-05,4.116238415008411e-06,0.0
1275,adam,0.00025,5.995835158500995e-05,1.9833289229609363e-05,2.3697666506450332e-05,1.6427396758444957e-05,0.0,6.007163756294176e-05,2.6238811187795363e-05,2.4102115276036784e-05,9.730711099109612e-06,0.0
1276,adam,0.00025,4.7189902829813946e-05,2.0917472852488572e-05,1.7065314636965923e-05,9.207115624576545e-06,0.0,4.336359052103944e-05,2.6844680178328417e-05,1.4562775504600722e-05,1.9561343833629508e-06,0.0
1277,adam,0.00025,3.452739076692524e-05,1.7225285148469993e-05,1.462995578549453e-05,2.6721498613824224e-06,0.0,4.478462506085634e-05,2.7669833798427135e-05,1.3783774193143472e-05,3.3310179787804373e-06,0.0
1278,adam,0.00025,3.4468643434593105e-05,1.7541087686367973e-05,1.344256065749505e-05,3.4849942878167894e-06,0.0,3.7421006709337234e-05,2.2302023353404365e-05,1.3648301319335587e-05,1.470683173465659e-06,0.0
1279,adam,0.00025,3.085016885506775e-05,1.5441287303019635e-05,1.2765107044288015e-05,2.643774060118176e-06,0.0,3.5706347262021154e-05,1.9082164726569317e-05,1.3978004972159397e-05,2.64618006440287e-06,0.0
1280,adam,0.00025,3.542893853136775e-05,1.5302108124615188e-05,1.5407767818942375e-05,4.719062218327963e-06,0.0,4.19676725869067e-05,2.0582288925652392e-05,1.7817956177168526e-05,3.567426347217406e-06,0.0
1281,adam,0.00025,3.809137467669643e-05,1.6928078423461557e-05,1.4487908686078299e-05,6.675387950849654e-06,0.0,7.008401735220104e-05,2.1231344362604432e-05,2.4525696062482893e-05,2.432697692711372e-05,0.0
1282,adam,0.00025,4.123276653444918e-05,1.5819995439869672e-05,1.5351853733136522e-05,1.0060917606580233e-05,0.0,4.4185439037391916e-05,2.154034336854238e-05,2.0509349269559607e-05,2.135745717168902e-06,0.0
1283,adam,0.00025,3.3601521636228426e-05,1.5719361840638157e-05,1.5316427891320927e-05,2.565731456627418e-06,0.0,3.867032137350179e-05,1.761277235345915e-05,1.868283834483009e-05,2.374709765717853e-06,0.0
1284,adam,0.00025,3.193677594026667e-05,1.623605066924938e-05,1.280646182522105e-05,2.8942632326334206e-06,0.0,3.9067217585397884e-05,1.923318995977752e-05,1.7020338418660685e-05,2.8136880700913025e-06,0.0
1285,adam,0.00025,4.2741158949866076e-05,1.7053354042673163e-05,1.8608095217587106e-05,7.07970951907555e-06,0.0,5.614184192381799e-05,2.9145998269086704e-05,2.1259893401293084e-05,5.735949798690854e-06,0.0
1286,adam,0.00025,3.677691290704388e-05,1.7916619526658906e-05,1.366361937016336e-05,5.196673896534776e-06,0.0,3.9068610931281e-05,2.076808777928818e-05,1.620485090825241e-05,2.0956711068720324e-06,0.0
1287,adam,0.00025,3.677024790249561e-05,1.7571312696418318e-05,1.366265581737025e-05,5.536279736872984e-06,0.0,4.056142643094063e-05,1.9866716684191488e-05,1.8285496480530128e-05,2.4092144030873897e-06,0.0
1288,adam,0.00025,4.335055587034731e-05,1.933939881837432e-05,1.640048702711283e-05,7.610669634061651e-06,0.0,4.7738321882206947e-05,2.2964173695072532e-05,2.03105100808898e-05,4.463639470486669e-06,0.0
1289,adam,0.00025,3.417127209104365e-05,1.7658914146068128e-05,1.3182758834773267e-05,3.329598840196013e-06,0.0,3.768762690015137e-05,2.0571180357364938e-05,1.4397895938600414e-05,2.7185526505490998e-06,0.0
1290,adam,0.00025,3.556911633495474e-05,1.6765542227403785e-05,1.3354403677112714e-05,5.449170004112602e-06,0.0,4.0594692109152675e-05,2.2393331164494157e-05,1.6178404621314257e-05,2.0229579149599886e-06,0.0
1291,adam,0.00025,3.9334069128926785e-05,1.62947506510136e-05,1.5653629418466153e-05,7.385689073657886e-06,0.0,4.302602610550821e-05,2.74360972980503e-05,1.4020014532434288e-05,1.5699135929025942e-06,0.0
1292,adam,0.00025,3.20779149660666e-05,1.675667152767346e-05,1.2811136343771068e-05,2.510107165676345e-06,0.0,4.003582944278605e-05,2.1656629542121664e-05,1.4833060049568303e-05,3.5461375773593318e-06,0.0
1293,adam,0.00025,3.386301114005619e-05,1.647516052116771e-05,1.2623188581528666e-05,4.764662165257505e-06,0.0,4.3602725781966e-05,2.6228377464576624e-05,1.4920697140041739e-05,2.4536495857319096e-06,0.0
1294,adam,0.00025,3.186824801559851e-05,1.6852949556778185e-05,1.192701523677897e-05,3.0882830017731067e-06,0.0,4.019223706563935e-05,2.0692710677394643e-05,1.3517266779672354e-05,5.982258244330296e-06,0.0
1295,adam,0.00025,2.821032637712051e-05,1.5205301565401896e-05,1.0165542789764004e-05,2.83948185852978e-06,0.0,4.333342076279223e-05,1.901534415083006e-05,1.6568656064919196e-05,7.749417818558868e-06,0.0
1296,adam,0.00025,5.5627337815167266e-05,1.915961331633298e-05,1.8978490800236614e-05,1.7489234011236476e-05,0.0,5.804206011816859e-05,3.0240518753998913e-05,2.2505177184939384e-05,5.296364633977646e-06,0.0
1297,adam,0.00025,4.045682248943194e-05,1.719626061458257e-05,1.981623870506155e-05,3.444323752432865e-06,0.0,5.235456410446204e-05,2.098875484080054e-05,2.243180642835796e-05,8.934001925808843e-06,0.0
1298,adam,0.00025,3.437093596403429e-05,1.6106949317418184e-05,1.3924705172030372e-05,4.339281097998082e-06,0.0,4.57948844996281e-05,2.3586877432535402e-05,1.5758012523292564e-05,6.4499945438001305e-06,0.0
1299,adam,0.00025,3.607211499456753e-05,1.8759585543648427e-05,1.280478375065286e-05,4.507745799742224e-06,0.0,3.9628434024052694e-05,2.4588169253547676e-05,1.3038221368333325e-05,2.002039991566562e-06,0.0
1300,adam,0.00025,3.553185558757832e-05,1.739987641258267e-05,1.4881249967402255e-05,3.250729204040681e-06,0.0,6.715433846693486e-05,2.1903435481362976e-05,2.521621536288876e-05,2.003468580369372e-05,0.0
1301,adam,0.00025,4.489430205012468e-05,1.6966244118066243e-05,1.7283477632190625e-05,1.064458052013606e-05,0.0,4.276378604117781e-05,2.236094769614283e-05,1.6961010260274634e-05,3.441824674155214e-06,0.0
1302,adam,0.00025,2.8941727578057908e-05,1.5228364020458685e-05,1.1627683988990611e-05,2.085679430052778e-06,0.0,3.6812969483435154e-05,2.1161024051252753e-05,1.1258272934355773e-05,4.393674771563383e-06,0.0
1303,adam,0.00025,4.296943507142714e-05,1.5963058899615135e-05,1.7603358401174773e-05,9.403017259046464e-06,0.0,4.3060190364485607e-05,2.5065854060812853e-05,1.5192650607787073e-05,2.8016852411383297e-06,0.0
1304,adam,0.00025,4.864182164965314e-05,1.936059453555572e-05,1.8733887600319576e-05,1.0547339670097244e-05,0.0,4.2590931116137654e-05,2.166832382499706e-05,1.9019220417249016e-05,1.903387328638928e-06,0.0
1305,adam,0.00025,4.0113326917889935e-05,1.7926047689797997e-05,1.8073830119647027e-05,4.113449065812347e-06,0.0,3.467146962066181e-05,1.8959353837999515e-05,1.4348126569529995e-05,1.3639893268191372e-06,0.0
1306,adam,0.00025,3.649580139608588e-05,1.7376294806581427e-05,1.4975198894262576e-05,4.1443075886604674e-06,0.0,3.866684710374102e-05,2.35199313465273e-05,1.2331457583059091e-05,2.815457037286251e-06,0.0
1307,adam,0.00025,3.671269951155409e-05,1.620545322111866e-05,1.7163038876333303e-05,3.3442079683254633e-06,0.0,4.3700380047084764e-05,2.810012301779352e-05,1.3240905900602229e-05,2.3593490823259344e-06,0.0
1308,adam,0.00025,4.233128356645466e-05,1.6888395066416706e-05,2.06428188676e-05,4.800069440591415e-06,0.0,3.988333628512919e-05,1.9401406461838633e-05,1.9193974367226474e-05,1.2879523865194642e-06,0.0
1309,adam,0.00025,4.169752469351806e-05,1.91886848597278e-05,1.6182013894194824e-05,6.326826110125694e-06,0.0,4.019196785520762e-05,2.2195063138497062e-05,1.635466469451785e-05,1.6422428643636522e-06,0.0
1310,adam,0.00025,3.340050045608223e-05,1.6348230019502807e-05,1.3240593204955076e-05,3.8116776579499856e-06,0.0,3.945862044929527e-05,2.1435202143038623e-05,1.3856026271241717e-05,4.167391125520226e-06,0.0
1311,adam,0.00025,3.724342604982667e-05,1.6177870179490128e-05,1.4108399170709163e-05,6.957156827525068e-06,0.0,3.9329243008978665e-05,1.9747862097574398e-05,1.2995219549338799e-05,6.586160907318117e-06,0.0
1312,adam,0.00025,3.3264632747886935e-05,1.4817898772889748e-05,1.341876634342043e-05,5.027967148407697e-06,0.0,3.738190935109742e-05,1.92676016013138e-05,1.582357072038576e-05,2.290737938892562e-06,0.0
1313,adam,0.00025,3.4426247111696284e-05,1.6391824090078444e-05,1.2998627198612667e-05,5.035796064589704e-06,0.0,4.378871017252095e-05,2.1041218133177608e-05,1.798515768314246e-05,4.762336629937636e-06,0.0
1314,adam,0.00025,3.907286770754581e-05,1.5448399665274337e-05,1.3647950140693865e-05,9.976518008159019e-06,0.0,4.201513729640283e-05,2.5241666662623174e-05,1.4621025911765173e-05,2.152441538783023e-06,0.0
1315,adam,0.00025,3.6847223441327515e-05,1.5899015352260903e-05,1.555562687372003e-05,5.392581023500043e-06,0.0,4.2092433432117105e-05,2.235969077446498e-05,1.506053376942873e-05,4.672208433476044e-06,0.0
1316,adam,0.00025,3.981290626597911e-05,1.7133875871877535e-05,1.417702304706836e-05,8.502007190713812e-06,0.0,7.845533400541171e-05,3.59739970008377e-05,2.8477386877057143e-05,1.4003946489538066e-05,0.0
1317,adam,0.00025,4.52892110160974e-05,1.937973485155453e-05,1.615519346387373e-05,9.754282849883111e-06,0.0,4.18947238358669e-05,2.1720225049648434e-05,1.4618845852965023e-05,5.5556506595166866e-06,0.0
1318,adam,0.00025,3.406385542348289e-05,1.5414836241234298e-05,1.239097900906927e-05,6.258040592399539e-06,0.0,4.4719276047544554e-05,2.4232138457591645e-05,1.4582282346964348e-05,5.904855697735911e-06,0.0
1319,adam,0.00025,3.4205064707748534e-05,1.611239690646471e-05,1.514663279067463e-05,2.9460347477083815e-06,0.0,3.4904733183793724e-05,1.9329410861246288e-05,1.4536569324263837e-05,1.0387539077783003e-06,0.0
1320,adam,0.00025,3.13140592425043e-05,1.5070688107243768e-05,1.418439450162623e-05,2.0589763636280622e-06,0.0,3.8806429074611515e-05,2.2306048776954412e-05,1.5150365470617544e-05,1.3500135764843435e-06,0.0
1321,adam,0.00025,3.020643111995014e-05,1.4135136439108464e-05,1.24348328540691e-05,3.6364618694051387e-06,0.0,3.74712617485784e-05,2.550237695686519e-05,1.1046425242966507e-05,9.22461310892686e-07,0.0
1322,adam,0.00025,2.7897422569367336e-05,1.528974524944715e-05,1.0372416056725342e-05,2.235261156613433e-06,0.0,3.842975274892524e-05,2.230892459920142e-05,1.3473959370458033e-05,2.6468694613868138e-06,0.0
1323,adam,0.00025,3.208854775493819e-05,1.539206323286635e-05,1.1925405715373927e-05,4.771078494059111e-06,0.0,6.675904296571389e-05,2.1662905055563897e-05,1.6152718671946786e-05,2.89434174192138e-05,0.0
1324,adam,0.00025,3.974965750330739e-05,1.551731872950768e-05,1.440608485836492e-05,9.826254121492184e-06,0.0,4.5770568249281496e-05,2.2319229174172506e-05,1.4190959518600721e-05,9.260381375497673e-06,0.0
1325,adam,0.00025,3.546753521277424e-05,1.5910408933450526e-05,1.2896377882043453e-05,6.660749029663293e-06,0.0,4.6840013965265825e-05,2.335220960958395e-05,1.518882709206082e-05,8.298976354126353e-06,0.0
1326,adam,0.00025,3.672860395909083e-05,1.6354333126855636e-05,1.2619624556009512e-05,7.75464604885201e-06,0.0,4.413412534631789e-05,1.9628123482107185e-05,1.460448038415052e-05,9.901523299049586e-06,0.0
1327,adam,0.00025,3.710827911618253e-05,1.6055276034876442e-05,1.4140201074042125e-05,6.912801254088663e-06,0.0,4.328398063080385e-05,2.0582403521984816e-05,1.5889478163444437e-05,6.812102583353408e-06,0.0
1328,adam,0.00025,2.970625791931525e-05,1.4377594766301627e-05,1.1487102256069193e-05,3.8415608614172925e-06,0.0,3.864022437483072e-05,1.8726568669080734e-05,1.7426025806344114e-05,2.487626716174418e-06,0.0
1329,adam,0.00025,2.745777248946979e-05,1.3489445564118796e-05,1.2167600175416737e-05,1.800727137180047e-06,0.0,3.6153716791886836e-05,1.8323809854337014e-05,1.5231419638439547e-05,2.598486844362924e-06,0.0
1330,adam,0.00025,3.133176437586371e-05,1.4786373867536895e-05,1.346785199984879e-05,3.0775387358517037e-06,0.0,3.90302375308238e-05,2.469174978614319e-05,1.3194853636377957e-05,1.1436331988079473e-06,0.0
1331,adam,0.00025,3.2492629202351964e-05,1.516495285613928e-05,1.2460305441663877e-05,4.867370797967396e-06,0.0,3.350637780386023e-05,1.921202419907786e-05,1.2271384548512287e-05,2.0229681467753835e-06,0.0
1332,adam,0.00025,3.714515275987651e-05,1.6879065299235663e-05,1.6194545708003716e-05,4.071541546579738e-06,0.0,6.659029168076813e-05,2.261972076667007e-05,2.1527972421608865e-05,2.2442598492489196e-05,0.0
1333,adam,0.00025,3.7340474818847724e-05,1.5938816943616985e-05,1.4586372628855315e-05,6.815284905314911e-06,0.0,4.475410241866484e-05,1.951217927853577e-05,1.4186554835760035e-05,1.1055366485379636e-05,0.0
1334,adam,0.00025,4.9697677354743064e-05,1.7408711016742018e-05,1.8912981261109962e-05,1.3375985574270999e-05,0.0,6.9897883804515e-05,3.395828025531955e-05,2.8174739782116376e-05,7.764861948089674e-06,0.0
1335,adam,0.00025,4.313912199904735e-05,1.8375647755419777e-05,1.8219242065242724e-05,6.544231894167751e-06,0.0,3.8267116906354204e-05,2.299490006407723e-05,1.3565219887823332e-05,1.7069977502615075e-06,0.0
1336,adam,0.00025,3.158522451940371e-05,1.670568582312626e-05,1.2591466770572879e-05,2.2880720678131183e-06,0.0,3.4660843084566295e-05,2.0330970073700882e-05,1.2756899195665028e-05,1.5729755205029505e-06,0.0
1337,adam,0.00025,2.795216755657748e-05,1.501287169958232e-05,1.0638726536171816e-05,2.3005693776667613e-06,0.0,3.1807074265088886e-05,1.7464873963035643e-05,1.3104977369948756e-05,1.2372220226097852e-06,0.0
1338,adam,0.00025,2.7884038900083397e-05,1.466386549964227e-05,1.0666784362456383e-05,2.553389663262351e-06,0.0,3.955471402150579e-05,1.890659041237086e-05,1.705720387690235e-05,3.5909224607166834e-06,0.0
1339,adam,0.00025,3.7946468182781246e-05,1.5093449064806919e-05,1.3203733544742136e-05,9.649285686919029e-06,0.0,3.897764690918848e-05,1.967004754988011e-05,1.5208196600724477e-05,4.099400030099787e-06,0.0
1340,adam,0.00025,3.357526315994619e-05,1.5265061847458128e-05,1.2273406952090227e-05,6.036794708563775e-06,0.0,3.358472531544976e-05,1.9528080883901566e-05,1.253818209079327e-05,1.5184618860075716e-06,0.0
1341,adam,0.00025,2.7609779067461204e-05,1.451934087981499e-05,1.0784845272837629e-05,2.3055929219140125e-06,0.0,4.332252501626499e-05,2.265681905555539e-05,1.2963701010448858e-05,7.702004950260743e-06,0.0
1342,adam,0.00025,3.329918854433345e-05,1.5404227099224954e-05,1.1995692489108478e-05,5.8992686007286466e-06,0.0,4.1350573155796155e-05,2.190894156228751e-05,1.4491006368189119e-05,4.9506238610774744e-06,0.0
1343,adam,0.00025,3.6106840639149596e-05,1.6567153807045543e-05,1.4781188042434223e-05,4.758498853618676e-06,0.0,4.05383289034944e-05,2.2551519577973522e-05,1.4513792848447338e-05,3.473015567578841e-06,0.0
1344,adam,0.00025,3.371580783095851e-05,1.4660491160611855e-05,1.17543197006853e-05,7.300997005188492e-06,0.0,3.936961729777977e-05,2.005224087042734e-05,1.4285843462857883e-05,5.031533873989247e-06,0.0
1345,adam,0.00025,3.1627363114239415e-05,1.571149721257825e-05,1.2123321653234598e-05,3.792544411851395e-06,0.0,4.7353660193039104e-05,2.043871245405171e-05,2.2226424334803596e-05,4.688522949436447e-06,0.0
1346,adam,0.00025,3.688935248646885e-05,1.7750930226156925e-05,1.5009481387551205e-05,4.128941142766962e-06,0.0,5.189713556319475e-05,2.885534559027292e-05,1.3836798643751536e-05,9.204992238665e-06,0.0
1347,adam,0.00025,3.59524830173541e-05,1.6786826108727837e-05,1.5666492970467516e-05,3.4991639310533174e-06,0.0,3.994445069110952e-05,1.875964335340541e-05,1.7142803699243814e-05,4.042002274218248e-06,0.0
1348,adam,0.00025,3.133829329726723e-05,1.534120519863791e-05,1.2170618788331922e-05,3.826469772150176e-06,0.0,3.7141227949177846e-05,1.948799763340503e-05,1.4542451935994904e-05,3.1107786071515875e-06,0.0
1349,adam,0.00025,7.255832781538629e-05,1.9075892282671703e-05,2.1593188591850776e-05,3.188924807062676e-05,0.0,8.512724161846563e-05,3.291917164460756e-05,3.0437451641773805e-05,2.177061833208427e-05,0.0
1350,adam,0.00025,4.8668024760445405e-05,1.838123512243328e-05,1.5463177135188744e-05,1.4823613327052954e-05,0.0,3.58348224835936e-05,1.923555100802332e-05,1.4064795323065482e-05,2.534475015636417e-06,0.0
1351,adam,0.00025,3.206541714462219e-05,1.6031811242100957e-05,1.3229219973709405e-05,2.8043855735404577e-06,0.0,4.259851266397163e-05,2.0862167730228975e-05,1.5755915228510275e-05,5.980429705232382e-06,0.0
1352,adam,0.00025,3.0244500862863788e-05,1.6241042089859548e-05,1.1588669053708145e-05,2.4147896411363945e-06,0.0,3.7125970266060904e-05,2.1362968254834414e-05,1.3978889910504222e-05,1.7841119870354305e-06,0.0
1353,adam,0.00025,3.07460391013592e-05,1.4782312575789547e-05,1.3819888124544377e-05,2.143838276680299e-06,0.0,3.4887470974354073e-05,1.890622661449015e-05,1.4691941942146514e-05,1.2893027587779216e-06,0.0
1354,adam,0.00025,2.8885306505799235e-05,1.5157134782839421e-05,1.107330859895228e-05,2.6548629037392857e-06,0.0,3.9762504457030445e-05,2.3050801246427e-05,1.2301012247917242e-05,4.410692781675607e-06,0.0
1355,adam,0.00025,2.9372190510912333e-05,1.5098681103609124e-05,1.1976663415680378e-05,2.2968457358274463e-06,0.0,3.56384516635444e-05,2.179964940296486e-05,1.1179397006344516e-05,2.6594057089823764e-06,0.0
1356,adam,0.00025,3.135039651169791e-05,1.410482764185872e-05,1.2990318225547526e-05,4.255250189544313e-06,0.0,3.545867730281316e-05,1.8777140212478116e-05,1.484777658333769e-05,1.8337602796236752e-06,0.0
1357,adam,0.00025,3.0099265245553397e-05,1.3707459686429502e-05,1.3501520413683465e-05,2.8902847191147885e-06,0.0,3.1553605367662385e-05,1.564189551572781e-05,1.1853706382680684e-05,4.058004378748592e-06,0.0
1358,adam,0.00025,2.9532917892538535e-05,1.4025500547631964e-05,1.2555162072658277e-05,2.9522551159288923e-06,0.0,4.015701051685028e-05,1.7992239008890465e-05,1.3720691640628502e-05,8.44407895783661e-06,0.0
1359,adam,0.00025,3.696514079365443e-05,1.522026184375136e-05,1.387097310612262e-05,7.873906184840962e-06,0.0,5.511398921953514e-05,2.0763869542861357e-05,1.844652979343664e-05,1.5903593521215953e-05,0.0
1360,adam,0.00025,3.740670001661783e-05,1.5858100027799082e-05,1.3778282720977586e-05,7.770317481003985e-06,0.0,4.285978138796054e-05,1.940003494382836e-05,1.6448866517748684e-05,7.010880381130846e-06,0.0
1361,adam,0.00025,3.472947855698294e-05,1.600144116764568e-05,1.2857205774707836e-05,5.870830662502158e-06,0.0,4.219394759275019e-05,2.5059205654542893e-05,1.2443623745639343e-05,4.691120921052061e-06,0.0
1362,adam,0.00025,3.1362319873551314e-05,1.6205449867356947e-05,1.258531881376257e-05,2.5715513771729093e-06,0.0,3.6488432670012116e-05,2.111052890541032e-05,1.3895150004827883e-05,1.4827546692686155e-06,0.0
1363,adam,0.00025,3.414443278870749e-05,1.580835339609621e-05,1.5025983941541199e-05,3.310094875530467e-06,0.0,4.544208786683157e-05,2.646577195264399e-05,1.1776675819419324e-05,7.199640549515607e-06,0.0
1364,adam,0.00025,4.714590590992884e-05,2.0213043399053277e-05,1.718393883720637e-05,9.748923872621162e-06,0.0,5.790098657598719e-05,2.628579932206776e-05,2.874475649150554e-05,2.8704293981718365e-06,0.0
1365,adam,0.00025,4.615628176907194e-05,1.994391186599387e-05,1.844378536475233e-05,7.768584147527235e-06,0.0,4.012045974377543e-05,2.458683229633607e-05,1.203343526867684e-05,3.500194907246623e-06,0.0
1366,adam,0.00025,3.047847462767095e-05,1.6396586943301372e-05,1.116933233902273e-05,2.9125554661391106e-06,0.0,4.042837463202886e-05,2.414753907942213e-05,1.4244566955312621e-05,2.0362688246677862e-06,0.0
1367,adam,0.00025,3.0223742442103685e-05,1.533688100607833e-05,1.1083255174071382e-05,3.8036067167013243e-06,0.0,3.7412537494674325e-05,1.9662262275232933e-05,1.5594097931170836e-05,2.156178197765257e-06,0.0
1368,adam,0.00025,3.0334291864164697e-05,1.3774505418950866e-05,1.2331613163496513e-05,4.228173537512703e-06,0.0,4.6950844989623874e-05,2.153009882022161e-05,1.61777079483727e-05,9.243040040018968e-06,0.0
1369,adam,0.00025,2.763825216334226e-05,1.4845584246359067e-05,9.809148622252906e-06,2.9835192094651575e-06,0.0,3.805347660090774e-05,2.407069769105874e-05,1.2277750101929996e-05,1.7050302858478972e-06,0.0
1370,adam,0.00025,3.1837436836212873e-05,1.4875551244131202e-05,1.3245442460174672e-05,3.7164435369163584e-06,0.0,4.374881609692238e-05,1.7015383491525427e-05,1.5149843420658726e-05,1.158358918473823e-05,0.0
1371,adam,0.00025,4.8240291448564676e-05,1.770498880659943e-05,2.4092339060644008e-05,6.4429628139350825e-06,0.0,5.680119647877291e-05,2.979181044793222e-05,2.0279954696889035e-05,6.729430879204301e-06,0.0
1372,adam,0.00025,5.262579088594066e-05,2.433593465411832e-05,1.8665112634153047e-05,9.62474328503049e-06,0.0,7.752867531962693e-05,3.0261089705163613e-05,1.9093633454758674e-05,2.8173950340715237e-05,0.0
1373,adam,0.00025,3.945091816603963e-05,1.761119057164251e-05,1.514812129244092e-05,6.691606067477096e-06,0.0,4.1498380596749485e-05,2.2549731511389837e-05,1.6104784663184546e-05,2.8438653316698037e-06,0.0
1374,adam,0.00025,3.223746625735657e-05,1.5152466176004964e-05,1.2916576054067264e-05,4.168424240447166e-06,0.0,5.523514118976891e-05,2.24883078772109e-05,2.3064823835738935e-05,9.68200674833497e-06,0.0
1375,adam,0.00025,4.1546017655491596e-05,1.571512638065542e-05,1.5051461559778545e-05,1.0779429779006477e-05,0.0,3.4957171010319144e-05,2.0959214452886954e-05,1.1602103768382221e-05,2.3958530164236436e-06,0.0
1376,adam,0.00025,2.9791899578412995e-05,1.4946184762720804e-05,1.1216504049116338e-05,3.629210581834741e-06,0.0,3.1650026357965544e-05,1.7762620700523257e-05,1.2803754543710966e-05,1.083651113731321e-06,0.0
1377,adam,0.00025,2.607308113056206e-05,1.3996310599395656e-05,1.0422625337014324e-05,1.6541452190210748e-06,0.0,3.4926710213767365e-05,1.727207563817501e-05,1.6267602404695936e-05,1.3870341035726597e-06,0.0
1378,adam,0.00025,3.073293407851452e-05,1.5582319576878945e-05,1.1727081130175065e-05,3.423533577517901e-06,0.0,3.959387322538532e-05,1.9956129108322784e-05,1.4186772204993758e-05,5.450972821563482e-06,0.0
1379,adam,0.00025,3.9105814153117535e-05,1.427341254611747e-05,1.3963759784019203e-05,1.0868641467709494e-05,0.0,4.724367681774311e-05,2.0562012650771067e-05,2.3664195396122523e-05,3.0174667244864395e-06,0.0
1380,adam,0.00025,3.254064733937412e-05,1.4253059248403588e-05,1.3953545931144617e-05,4.334041953768519e-06,0.0,3.9381378883263096e-05,2.212303843407426e-05,1.2262147720321082e-05,4.9961922741204035e-06,0.0
1381,adam,0.00025,3.776946959987981e-05,1.622648613874844e-05,1.3865851713035227e-05,7.677131776517854e-06,0.0,4.2805972043424845e-05,1.957433960342314e-05,1.4099970940151252e-05,9.131661499850452e-06,0.0
1382,adam,0.00025,3.628844581271551e-05,1.6420570148056868e-05,1.2564594840114296e-05,7.303280483483832e-06,0.0,3.611992360674776e-05,1.8636563254403882e-05,1.3442774616123643e-05,4.0405871004622895e-06,0.0
1383,adam,0.00025,3.0787505124862946e-05,1.5627042614596576e-05,1.1266976969181997e-05,3.893485626349502e-06,0.0,4.4877349864691496e-05,2.1687010303139687e-05,1.916518885991536e-05,4.02515161113115e-06,0.0
1384,adam,0.00025,3.0440765726780228e-05,1.4484495750366477e-05,1.1905873634532327e-05,4.050396661625655e-06,0.0,4.0398601413471624e-05,2.127553307218477e-05,1.3537520317186136e-05,5.585548024100717e-06,0.0
1385,adam,0.00025,3.495449948331952e-05,1.5405542342250556e-05,1.1769477623602143e-05,7.779479915370757e-06,0.0,4.0262340917252004e-05,2.2797303245170042e-05,1.434383011655882e-05,3.1212091471388703e-06,0.0
1386,adam,0.00025,4.5703366140514845e-05,1.6456006335374695e-05,1.5474935139536683e-05,1.3772424892977142e-05,0.0,4.286715557100251e-05,2.045724068011623e-05,1.8921607988886535e-05,3.4883050830103457e-06,0.0
1387,adam,0.00025,3.4220944712615164e-05,1.58221296260308e-05,1.3672379509444e-05,4.7264354421372445e-06,0.0,4.417463787831366e-05,2.2252477720030583e-05,1.8982276742463e-05,2.939883870567428e-06,0.0
1388,adam,0.00025,3.197114028807846e-05,1.5081777007708297e-05,1.3308856694038695e-05,3.580506749756296e-06,0.0,4.71477433166001e-05,2.8526985261123627e-05,1.3665893675351981e-05,4.954864380124491e-06,0.0
1389,adam,0.00025,2.862127644220891e-05,1.5058090127695323e-05,1.0425867174035375e-05,3.1373189770533827e-06,0.0,4.074273965670727e-05,2.7587890144786797e-05,1.1823082786577288e-05,1.3317650200406206e-06,0.0
1390,adam,0.00025,2.6728212446869293e-05,1.4408936863219424e-05,1.0895697329260656e-05,1.423578130044234e-06,0.0,3.571997876861133e-05,2.1430478227557614e-05,1.3042645150562748e-05,1.2468549357436132e-06,0.0
1391,adam,0.00025,3.1725722010378377e-05,1.5672300719415944e-05,1.2355958375565024e-05,3.6974632138253583e-06,0.0,3.295094211352989e-05,1.8573691704659723e-05,1.1853074283862952e-05,2.5241768071282422e-06,0.0
1392,adam,0.00025,3.0169038836902473e-05,1.5128290158372693e-05,1.1678639623369236e-05,3.362109296745075e-06,0.0,3.8871075958013535e-05,2.026460242632311e-05,1.554654045321513e-05,3.059934442717349e-06,0.0
1393,adam,0.00025,4.218593164750928e-05,1.5292638238406653e-05,1.2907193195133004e-05,1.3986099702378851e-05,0.0,5.625679841614328e-05,1.6541083823540248e-05,2.653860610735137e-05,1.3177108485251665e-05,0.0
1394,adam,0.00025,4.2567852233332815e-05,1.6243122104242502e-05,1.5013159725185687e-05,1.1311570375482916e-05,0.0,4.1302613681182265e-05,2.1122583348187618e-05,1.7838850908447057e-05,2.3411789698002394e-06,0.0
1395,adam,0.00025,3.275285666859418e-05,1.626995043579882e-05,1.2857972649271687e-05,3.6249336403670895e-06,0.0,3.949314486817457e-05,2.058923382719513e-05,1.611713923921343e-05,2.7867715743923327e-06,0.0
1396,adam,0.00025,3.113366449269961e-05,1.5032388716917922e-05,1.2390711674470367e-05,3.710563383663157e-06,0.0,3.408145857974887e-05,2.0794843294424936e-05,1.2165297448518686e-05,1.1213206789761898e-06,0.0
1397,adam,0.00025,2.903400638842868e-05,1.4544972771091125e-05,1.1964469592840032e-05,2.524563569750171e-06,0.0,3.142932473565452e-05,1.6940613932092674e-05,1.2453629096853547e-05,2.035080115092569e-06,0.0
1398,adam,0.00025,2.9912342938587244e-05,1.4486373231648031e-05,1.194095381151783e-05,3.4850159877919396e-06,0.0,3.9074147935025394e-05,2.3279093511519022e-05,1.2457440789148677e-05,3.3376136343576945e-06,0.0
1399,adam,0.00025,3.925013209027384e-05,1.8685327290768328e-05,1.4073942679715401e-05,6.490862659802588e-06,0.0,6.333037163130939e-05,2.416500501567498e-05,3.684343027998693e-05,2.321933834537049e-06,0.0
1400,adam,0.00025,3.839110354419972e-05,1.6666757119310205e-05,1.6847123333718628e-05,4.877222394839009e-06,0.0,4.718486525234766e-05,1.9701961718965322e-05,2.4887514882721007e-05,2.5953877411666326e-06,0.0
1401,adam,0.00025,4.154828081937012e-05,1.669459794584327e-05,2.188625683174905e-05,2.9674253241296356e-06,0.0,6.518536247313023e-05,2.0036501155118458e-05,4.107617860427126e-05,4.072680440003751e-06,0.0
1402,adam,0.00025,4.3478940597196925e-05,1.5582905461997143e-05,2.1130859522600076e-05,6.765175101008936e-06,0.0,4.8631703975843266e-05,2.038125785475131e-05,2.4389488316955976e-05,3.860957804135978e-06,0.0
1403,adam,0.00025,3.805680501045572e-05,1.598671474312141e-05,1.3399736332075918e-05,8.670353551565313e-06,0.0,4.2023806599900126e-05,2.1059349819552153e-05,1.1072685083490796e-05,9.89177351584658e-06,0.0
1404,adam,0.00025,2.8867618652839155e-05,1.4906907438216876e-05,1.0715591571397454e-05,3.245119458483714e-06,0.0,3.3611551771173254e-05,1.7426298654754646e-05,1.177832564280834e-05,4.406927473610267e-06,0.0
1405,adam,0.00025,3.061921540847834e-05,1.4494805327558424e-05,1.0710662877499999e-05,5.4137472460524805e-06,0.0,3.525161082507111e-05,1.8653438019100577e-05,1.3547353773901705e-05,3.0508192594425054e-06,0.0
1406,adam,0.00025,3.0438903763752023e-05,1.5195531489098357e-05,1.2671174374645489e-05,2.5721977543469166e-06,0.0,3.5775694414041936e-05,2.1488651327672414e-05,1.1273662494204473e-05,3.0133821837807773e-06,0.0
1407,adam,0.00025,2.6355723207416304e-05,1.4416177634757332e-05,9.750191281909792e-06,2.18935436890888e-06,0.0,3.874895628541708e-05,2.3032725948723964e-05,1.32352997752605e-05,2.4809298793115886e-06,0.0
1408,adam,0.00025,4.102582829546009e-05,1.6062733664057305e-05,1.2597875524988922e-05,1.2365218800880484e-05,0.0,3.7297155358828604e-05,2.2240263206185773e-05,1.3107090126140974e-05,1.949805664480664e-06,0.0
1409,adam,0.00025,3.091685562139901e-05,1.6570070386023872e-05,1.070241819434159e-05,3.64436665734047e-06,0.0,4.578127118293196e-05,2.2634872948401608e-05,1.3431033949018456e-05,9.715364285511896e-06,0.0
1410,adam,0.00025,3.495750650017726e-05,1.5300290499453695e-05,1.4191773232141713e-05,5.465442775687279e-06,0.0,3.577521783881821e-05,2.063243846350815e-05,1.1557219295355026e-05,3.5855600799550302e-06,0.0
1411,adam,0.00025,3.201358208571037e-05,1.5183940774932125e-05,1.195627896777296e-05,4.873362712487506e-06,0.0,4.535637344815768e-05,2.0676430722232908e-05,2.0469007722567767e-05,4.210934548609657e-06,0.0
1412,adam,0.00025,3.290468885097653e-05,1.4331413240142865e-05,1.3996021721141005e-05,4.577254017590349e-06,0.0,3.185700916219503e-05,1.8363391063758172e-05,1.2428989975887816e-05,1.0646296004779288e-06,0.0
1413,adam,0.00025,3.2090322861222376e-05,1.5280761488156713e-05,1.288430124191109e-05,3.925260344317394e-06,0.0,4.141367753618397e-05,1.730886106088292e-05,1.4021581591805443e-05,1.008323670248501e-05,0.0
1414,adam,0.00025,3.29035335653316e-05,1.5164336446105153e-05,1.2128563156466043e-05,5.6106335364347615e-06,0.0,3.7928457459202036e-05,1.6416210200986825e-05,1.9149903891957365e-05,2.362344275752548e-06,0.0
1415,adam,0.00025,2.7205284254705475e-05,1.2548816982871358e-05,1.1771628635415254e-05,2.8848387145785637e-06,0.0,3.239750367356464e-05,1.7781241695047356e-05,1.1610462934186216e-05,3.0058017728151754e-06,0.0
1416,adam,0.00025,4.3373424659876036e-05,1.3246546473055787e-05,1.8962214880957617e-05,1.1164663845875111e-05,0.0,9.014256647787988e-05,2.050359034910798e-05,3.881817974615842e-05,3.082079274463467e-05,0.0
1417,adam,0.00025,4.7560222924403206e-05,1.678024091233965e-05,1.8516165312121302e-05,1.2263817041002767e-05,0.0,4.892899596597999e-05,2.0234887415426783e-05,2.5880251996568404e-05,2.813854962369078e-06,0.0
1418,adam,0.00025,3.0768677106607356e-05,1.5252059370141069e-05,1.1973923506047868e-05,3.5426943654215393e-06,0.0,3.087336153839715e-05,1.7553493307786994e-05,1.1257540791120846e-05,2.062325620499905e-06,0.0
1419,adam,0.00025,2.6783244379657845e-05,1.443606811335485e-05,1.0248862537309833e-05,2.0983137751784398e-06,0.0,3.677924178191461e-05,1.6559548384975642e-05,1.7170521459775046e-05,3.049170345548191e-06,0.0
1420,adam,0.00025,2.8451411253627157e-05,1.3326916814548895e-05,1.2293487031911354e-05,2.8310075421700276e-06,0.0,3.311553518869914e-05,1.8314160115551203e-05,1.385131872666534e-05,9.500545274931937e-07,0.0
1421,adam,0.00025,2.5052454475371633e-05,1.3412568307558104e-05,9.74555837274238e-06,1.8943279300742688e-06,0.0,3.743257184396498e-05,1.943997085618321e-05,1.1872285540448502e-05,6.120313628343865e-06,0.0
1422,adam,0.00025,3.155110130137473e-05,1.3789068532332749e-05,1.2460594916774426e-05,5.301437845162127e-06,0.0,5.061229967395775e-05,2.0541949197649956e-05,1.2611604688572697e-05,1.7458743968745694e-05,0.0
1423,adam,0.00025,4.398381258852169e-05,1.662607849084452e-05,1.4241245366974908e-05,1.3116489043341062e-05,0.0,6.378876423696056e-05,1.907321893668268e-05,4.18857489421498e-05,2.8297913559072185e-06,0.0
1424,adam,0.00025,4.687740431563725e-05,1.549779108245275e-05,2.4963226223917445e-05,6.416387030583337e-06,0.0,3.79190496460069e-05,2.1035064492025413e-05,1.465956029278459e-05,2.2244223600864643e-06,0.0
1425,adam,0.00025,3.3256700930905936e-05,1.662649015088391e-05,1.1641469939149829e-05,4.988741167721855e-06,0.0,4.190098843537271e-05,2.363348176004365e-05,1.6746949768275954e-05,1.5205569070531055e-06,0.0
1426,adam,0.00025,2.8167102300358238e-05,1.4881731033256074e-05,1.108537495042583e-05,2.1999965724717185e-06,0.0,3.805233063758351e-05,1.9885486835846677e-05,1.2683478416875005e-05,5.483364020619774e-06,0.0
1427,adam,0.00025,2.9898230081926158e-05,1.4473068404186051e-05,1.1053121056647797e-05,4.372040919520259e-06,0.0,3.539084718795493e-05,1.9333590898895636e-05,1.0700141501729377e-05,5.357113877835218e-06,0.0
1428,adam,0.00025,3.686773538902344e-05,1.5955128105815675e-05,1.2624912187675363e-05,8.287695635544878e-06,0.0,4.19389434682671e-05,2.1758689399575815e-05,1.566332321090158e-05,4.516932222031755e-06,0.0
1429,adam,0.00025,3.052726447094756e-05,1.5827298341264395e-05,1.1967582963734458e-05,2.732383222792123e-06,0.0,2.967797263409011e-05,1.6592064639553428e-05,1.191320097859716e-05,1.1727058790711453e-06,0.0
1430,adam,0.00025,2.9357670655372203e-05,1.5605441888055793e-05,1.1240626349717786e-05,2.5116024460203334e-06,0.0,3.762384221772663e-05,1.9259303371654823e-05,1.588845407241024e-05,2.4760836367931915e-06,0.0
1431,adam,0.00025,3.634801601037907e-05,1.6169488958439615e-05,1.215999009218649e-05,8.018536988174674e-06,0.0,4.332888056524098e-05,2.079826663248241e-05,1.8661768990568817e-05,3.868844942189753e-06,0.0
1432,adam,0.00025,2.8131618478255405e-05,1.3851946505383239e-05,1.0415998247026437e-05,3.863673903481413e-06,0.0,3.434752215980552e-05,1.6347970813512802e-05,1.3765491530648433e-05,4.234058906149585e-06,0.0
1433,adam,0.00025,3.342701666042558e-05,1.4027446866293758e-05,1.268131455844923e-05,6.718254503823573e-06,0.0,3.915659908670932e-05,1.923190211527981e-05,1.4656181519967504e-05,5.268514996714657e-06,0.0
1434,adam,0.00025,3.131043399662303e-05,1.3928215821579215e-05,1.1544549721520525e-05,5.8376681337790615e-06,0.0,3.427297997404821e-05,1.7041926184901968e-05,1.6136380509124137e-05,1.0946702104774886e-06,0.0
1435,adam,0.00025,3.4862494885601336e-05,1.3781879829366517e-05,1.3137118401118641e-05,7.943496896700708e-06,0.0,3.499152444419451e-05,1.9508839613990858e-05,1.2424280612322036e-05,3.058406718992046e-06,0.0
1436,adam,0.00025,3.4957983757522015e-05,1.4962230068249482e-05,1.3431691456844419e-05,6.564062175584695e-06,0.0,4.411869667819701e-05,2.1403089704108424e-05,1.5471103324671276e-05,7.244504104164662e-06,0.0
1437,adam,0.00025,2.838482521383412e-05,1.3556888632137998e-05,1.0706221218015344e-05,4.121715644345159e-06,0.0,3.329332321300171e-05,1.5921332305879332e-05,1.5053858078317717e-05,2.3181294181995327e-06,0.0
1438,adam,0.00025,2.7464033337309957e-05,1.3817763999668387e-05,1.0261690761126374e-05,3.384578654674897e-06,0.0,3.6258683394407853e-05,2.1032952645327896e-05,1.142507517215563e-05,3.800656259045354e-06,0.0
1439,adam,0.00025,2.888712799631321e-05,1.4146634953249304e-05,1.0116439199236993e-05,4.6240542488362735e-06,0.0,5.298973337630741e-05,1.888443330244627e-05,1.4859740076644812e-05,1.924555908772163e-05,0.0
1440,adam,0.00025,2.9323764806576946e-05,1.3399595843566203e-05,1.03246667890744e-05,5.599502024722369e-06,0.0,3.042549178644549e-05,1.8283983081346378e-05,1.0948007002298255e-05,1.193502839669236e-06,0.0
1441,adam,0.00025,2.5374571578140603e-05,1.3206689459366316e-05,9.601387205293577e-06,2.566495105327249e-06,0.0,4.06136859965045e-05,2.5472329070908017e-05,1.3080833923595492e-05,2.0605230020009913e-06,0.0
1442,adam,0.00025,4.6548837644877494e-05,1.7120940754011826e-05,1.908356065882799e-05,1.0344336189405112e-05,0.0,4.4855347368866205e-05,2.1709207430831157e-05,1.5252107914420776e-05,7.89403111411957e-06,0.0
1443,adam,0.00025,3.529071898356051e-05,1.753161814121995e-05,1.327695770214632e-05,4.482143232564795e-06,0.0,3.6823024856857955e-05,2.0526964362943545e-05,1.186813460662961e-05,4.427926796779502e-06,0.0
1444,adam,0.00025,3.470084618584224e-05,1.6662154450841626e-05,1.2043034416819864e-05,5.9956575242381405e-06,0.0,3.6662910133600235e-05,2.1094956537126563e-05,1.2884564966952894e-05,2.6833874926524004e-06,0.0
1445,adam,0.00025,2.8613536414923146e-05,1.446624088430326e-05,1.084932489447965e-05,3.2979706858782265e-06,0.0,3.6955207178834826e-05,2.1831703634234145e-05,1.1412192179705016e-05,3.711311364895664e-06,0.0
1446,adam,0.00025,3.7865268154746445e-05,1.6647335201014357e-05,1.5486026768485317e-05,5.731906078665361e-06,0.0,4.4444401282817125e-05,2.0463856344576925e-05,1.2535414498415776e-05,1.144513316830853e-05,0.0
1447,adam,0.00025,5.0172065243714314e-05,1.6906250493775588e-05,2.3751221021939273e-05,9.514593784842873e-06,0.0,5.909963874728419e-05,2.0823119484703057e-05,3.407925396459177e-05,4.1972634789999574e-06,0.0
1448,adam,0.00025,4.30789632446249e-05,1.652868201063029e-05,1.5199439644675294e-05,1.1350841681689872e-05,0.0,5.032732951804064e-05,2.4871518689906225e-05,1.9125629478367046e-05,6.330179985525319e-06,0.0
1449,adam,0.00025,3.13890408278894e-05,1.5395887032809696e-05,1.2691333552083961e-05,3.3018204206314294e-06,0.0,3.639152055257e-05,2.0148885596427135e-05,1.4214210750651546e-05,2.0284228412492666e-06,0.0
1450,adam,0.00025,2.8104052944399882e-05,1.506994550481977e-05,1.0719681824866711e-05,2.314425493921135e-06,0.0,3.175590609316714e-05,1.6248912288574502e-05,1.4599266251025256e-05,9.077276672542212e-07,0.0
1451,adam,0.00025,2.8373394229674886e-05,1.4528595329466043e-05,1.130907173774176e-05,2.5357267823267193e-06,0.0,3.2817129977047443e-05,1.8223339793621562e-05,1.2339041859377176e-05,2.254745140817249e-06,0.0
1452,adam,0.00025,3.0300564844765177e-05,1.3823492452047503e-05,1.1334596536016761e-05,5.142474904573646e-06,0.0,3.6237604945199564e-05,2.0999936168664135e-05,1.4397489394468721e-05,8.401818831771379e-07,0.0
1453,adam,0.00025,3.189726373875601e-05,1.4756216501154995e-05,1.2314124376189284e-05,4.826922875622586e-06,0.0,4.056090256199241e-05,2.2076745153754018e-05,1.262373280042084e-05,5.860424153070198e-06,0.0
1454,adam,0.00025,3.203551068509114e-05,1.479992840813793e-05,1.2110294051126402e-05,5.12528784213373e-06,0.0,3.239548459532671e-05,1.6581045201746747e-05,1.2665524081967305e-05,3.1489130378759e-06,0.0
1455,adam,0.00025,3.097406954566395e-05,1.4497199288143747e-05,1.3958879947040259e-05,2.517989955208577e-06,0.0,4.346366768004373e-05,2.0330340703367256e-05,1.8827864550985396e-05,4.305462425691076e-06,0.0
1456,adam,0.00025,4.3737798023357755e-05,1.729869029531983e-05,1.4874715816404205e-05,1.1564391982687994e-05,0.0,8.11347272247076e-05,2.2353198801283725e-05,2.1413103240774944e-05,3.736842700163834e-05,0.0
1457,adam,0.00025,5.166651055787952e-05,1.5106821990684693e-05,1.63175400871296e-05,2.0242148963234285e-05,0.0,4.2717434553196654e-05,2.376554039074108e-05,1.3519715139409527e-05,5.432178568298696e-06,0.0
1458,adam,0.00025,3.1576545438838366e-05,1.521998041198458e-05,1.103258037460364e-05,5.323984296978779e-06,0.0,4.168628220213577e-05,2.5275592633988708e-05,1.4344970622914843e-05,2.0657187178585446e-06,0.0
1459,adam,0.00025,3.080430724367034e-05,1.537756480729513e-05,1.1901642551492841e-05,3.525099572243562e-06,0.0,4.626894588000141e-05,2.1518409994314425e-05,1.671479913056828e-05,8.03573948360281e-06,0.0
1460,adam,0.00025,3.0438305998359283e-05,1.577410228037479e-05,1.1523417811076797e-05,3.140785885591413e-06,0.0,3.3865097066154703e-05,1.9223078197683208e-05,1.2593598512466997e-05,2.048419446509797e-06,0.0
1461,adam,0.00025,2.5993607323471224e-05,1.3172528497307212e-05,9.643657790547877e-06,3.177420911271156e-06,0.0,3.4758824767777696e-05,2.06648328457959e-05,1.3289200978761073e-05,8.047891810747387e-07,0.0
1462,adam,0.00025,2.5622994257901155e-05,1.2827281523186684e-05,1.0190708223944966e-05,2.6050040879965763e-06,0.0,3.196634497726336e-05,1.9848741430905648e-05,9.26687971514184e-06,2.8507224669738207e-06,0.0
1463,adam,0.00025,2.6551055498202913e-05,1.334304761257954e-05,1.098450661629613e-05,2.2235016352567527e-06,0.0,3.202810330549255e-05,1.771118513715919e-05,1.34480360429734e-05,8.688786579114094e-07,0.0
1464,adam,0.00025,2.945874382476177e-05,1.3829131830789265e-05,1.0941682802467767e-05,4.6879290422907616e-06,0.0,4.270861973054707e-05,2.2874781279824674e-05,1.758266989781987e-05,2.2511680981551763e-06,0.0
1465,adam,0.00025,4.137071925924829e-05,1.4842695691186236e-05,1.2534607606085046e-05,1.3993415898028161e-05,0.0,5.715793668059632e-05,1.760410304996185e-05,2.1465473764692433e-05,1.808835986594204e-05,0.0
1466,adam,0.00025,4.0877327933230845e-05,1.5301513599297323e-05,1.4852833231771001e-05,1.0722981727440128e-05,0.0,4.069563146913424e-05,1.8908989659394138e-05,1.8515331248636357e-05,3.27130987898272e-06,0.0
1467,adam,0.00025,3.201250319762039e-05,1.3964542461053497e-05,1.3512456774833481e-05,4.5355041820016595e-06,0.0,4.1046143451239914e-05,2.1369092792156152e-05,1.4974953046476003e-05,4.702100341091864e-06,0.0
1468,adam,0.00025,3.1480258712690556e-05,1.393226733625852e-05,1.37013641960948e-05,3.846627024017835e-06,0.0,3.3370852179359645e-05,1.9861714463331737e-05,1.0842912161024287e-05,2.6662244181352435e-06,0.0
1469,adam,0.00025,3.0020505278116616e-05,1.5617425219716097e-05,1.043215107188189e-05,3.970929263630296e-06,0.0,3.0206107112462632e-05,1.8786469809128903e-05,1.0164481864194386e-05,1.2551546433314797e-06,0.0
1470,adam,0.00025,2.603866494155227e-05,1.3480943437116366e-05,1.051721267231187e-05,2.0405082352681347e-06,0.0,3.9522717997897416e-05,2.1931915398454294e-05,1.4305098375189118e-05,3.285705361122382e-06,0.0
1471,adam,0.00025,2.982206763135764e-05,1.5435279578923655e-05,1.0767954165658011e-05,3.6188337944054183e-06,0.0,3.447780181886628e-05,1.8381279005552642e-05,1.3341100384423044e-05,2.7554226562642725e-06,0.0
1472,adam,0.00025,3.9472103026128025e-05,1.5458240795851452e-05,1.3474610909725016e-05,1.0539251221075574e-05,0.0,4.474230081541464e-05,1.8263959645992145e-05,2.2155445549287833e-05,4.322895620134659e-06,0.0
1473,adam,0.00025,3.8291308896987175e-05,1.6941534568104544e-05,1.585870040798909e-05,5.491074006158669e-06,0.0,4.1277031414210796e-05,1.896859066619072e-05,1.9678926037158817e-05,2.629516757224337e-06,0.0
1474,adam,0.00025,3.1567666610499145e-05,1.581572234954365e-05,1.2641540962476938e-05,3.1104035258522345e-06,0.0,5.4114454542286694e-05,2.289411349920556e-05,1.7133079381892458e-05,1.4087260751693975e-05,0.0
1475,adam,0.00025,3.664701671368675e-05,1.6493965290464985e-05,1.4148014571446765e-05,6.0050369796726955e-06,0.0,3.9121368899941444e-05,1.7110029148170725e-05,1.806129512260668e-05,3.950046448153444e-06,0.0
1476,adam,0.00025,3.253795671298576e-05,1.6381175726110087e-05,1.3704276568660134e-05,2.452504503480668e-06,0.0,3.618238406488672e-05,1.9785309632425196e-05,1.1314509720250499e-05,5.0825665312004276e-06,0.0
1477,adam,0.00025,3.457639991211181e-05,1.3862940306808014e-05,1.567140031966119e-05,5.042058766946411e-06,0.0,5.218132719164714e-05,2.0157189283054322e-05,2.337298974453006e-05,8.651150892546866e-06,0.0
1478,adam,0.00025,3.4967633041560475e-05,1.3366014684379479e-05,1.4001376854366754e-05,7.600241673344499e-06,0.0,5.120935747982003e-05,1.7414095054846257e-05,2.2822903702035546e-05,1.0972357813443523e-05,0.0
1479,adam,0.00025,2.780866782359226e-05,1.387748278602885e-05,1.0220298889862534e-05,3.7108857995349354e-06,0.0,3.6540484870783985e-05,1.947947748703882e-05,1.1159252608194947e-05,5.901753866055515e-06,0.0
1480,adam,0.00025,2.697183856525953e-05,1.399441680405289e-05,9.1332158831392e-06,3.844205814118595e-06,0.0,3.265497798565775e-05,1.9746363250305876e-05,1.1496626029838808e-05,1.4119866591499886e-06,0.0
1481,adam,0.00025,2.9948036399218836e-05,1.3564946982569381e-05,1.0695714138364565e-05,5.6873759106679245e-06,0.0,4.39786454080604e-05,2.0920275346725248e-05,1.5568140952382237e-05,7.4902277447108645e-06,0.0
1482,adam,0.00025,3.3986041216849117e-05,1.5767379409226123e-05,1.2466826831314393e-05,5.7518349905194555e-06,0.0,5.106257231091149e-05,2.5970675778808072e-05,1.0714166819525417e-05,1.4377729712578002e-05,0.0
1483,adam,0.00025,3.6815129988099216e-05,1.7150408666566364e-05,1.1579747223322556e-05,8.08497387083662e-06,0.0,4.6674133045598865e-05,2.1965044652461074e-05,1.653590879868716e-05,8.173176865966525e-06,0.0
1484,adam,0.00025,3.444567903443385e-05,1.4106068704222707e-05,1.3295997632667422e-05,7.043612939128252e-06,0.0,3.361333074280992e-05,1.645416887186002e-05,1.072037048288621e-05,6.438792297558393e-06,0.0
1485,adam,0.00025,2.790068924696243e-05,1.4015769181696669e-05,1.1034734029635729e-05,2.850186206160288e-06,0.0,3.4531411074567586e-05,2.250748912047129e-05,1.1199023902008776e-05,8.248963467849535e-07,0.0
1486,adam,0.00025,2.400700395810418e-05,1.2290039194340352e-05,9.773032815019178e-06,1.9439322542780246e-06,0.0,3.0354020054801367e-05,1.764740409271326e-05,1.1243329026910942e-05,1.4632871625508415e-06,0.0
1487,adam,0.00025,2.1261322558530082e-05,1.1596764068144694e-05,8.437849714937329e-06,1.2267091342721415e-06,0.0,3.404280505492352e-05,2.031223993981257e-05,1.0981744708260521e-05,2.7488219984661555e-06,0.0
1488,adam,0.00025,3.0728920933142945e-05,1.4190240392508713e-05,1.1125230059860769e-05,5.413451120261925e-06,0.0,3.901218587998301e-05,1.9211838662158698e-05,1.6422693079221062e-05,3.377653229108546e-06,0.0
1489,adam,0.00025,2.8706167199743504e-05,1.4293881292815058e-05,1.0107952050475433e-05,4.304333813820449e-06,0.0,3.652113082353026e-05,1.855589471233543e-05,1.1997566616628319e-05,5.9676658565877005e-06,0.0
1490,adam,0.00025,3.9537522752652876e-05,1.4644056591350818e-05,1.3755891870914638e-05,1.1137574254860283e-05,0.0,4.1832372517092153e-05,2.293811849085614e-05,1.575417263666168e-05,3.140082981190062e-06,0.0
1491,adam,0.00025,2.9355068249969918e-05,1.5125245681701927e-05,1.0051364768060012e-05,4.1784577149428515e-06,0.0,3.230535730835982e-05,1.6831048924359493e-05,1.1826065929199103e-05,3.6482408631854923e-06,0.0
1492,adam,0.00025,2.5497873139102012e-05,1.1708885267580627e-05,9.404307093063835e-06,4.384680501345883e-06,0.0,4.0592702134745196e-05,2.106333340634592e-05,1.1809626812464558e-05,7.719742825429421e-06,0.0
1493,adam,0.00025,3.2861781164683634e-05,1.320165404194995e-05,1.0932932383411753e-05,8.727194718005649e-06,0.0,3.394644591026008e-05,1.9944391169701703e-05,1.1680495845212135e-05,2.321556394235813e-06,0.0
1494,adam,0.00025,2.7037692234443966e-05,1.325562823240034e-05,1.0775280060215664e-05,3.006783565240312e-06,0.0,3.767364250961691e-05,2.074851181532722e-05,1.5246837392624002e-05,1.6782940974735538e-06,0.0
1495,adam,0.00025,3.114384855962271e-05,1.375224974253797e-05,1.4011065161412262e-05,3.3805334922476504e-06,0.0,5.662168041453697e-05,2.2072335923439823e-05,2.2621878088102676e-05,1.192746731248917e-05,0.0
1496,adam,0.00025,4.4037378756911494e-05,1.5237401328249689e-05,2.0739387821322453e-05,8.060590189984396e-06,0.0,4.314338730182499e-05,2.4763830879237503e-05,1.4313352039607707e-05,4.06620620196918e-06,0.0
1497,adam,0.00025,3.218127426407591e-05,1.5063799764902797e-05,1.0289105688343625e-05,6.828369201627993e-06,0.0,3.2049887522589415e-05,1.8275582988280803e-05,1.2181402780697681e-05,1.5928999346215278e-06,0.0
1498,adam,0.00025,2.660363963968848e-05,1.327462194922191e-05,1.0640294902941605e-05,2.6887228301575306e-06,0.0,4.120199810131453e-05,2.019120438490063e-05,1.486457676946884e-05,6.146215582703007e-06,0.0
1499,adam,0.00025,3.1830659168008424e-05,1.5084908284279663e-05,1.379465857098694e-05,2.951092277214684e-06,0.0,3.319811003166251e-05,1.891354622785002e-05,1.3453652172756847e-05,8.309113468385476e-07,0.0
1500,adam,0.000125,3.1846497222431935e-05,1.4957199709897395e-05,1.353319640884365e-05,3.3561010397420432e-06,0.0,4.946737681166269e-05,3.0552182579413056e-05,1.7514281353214756e-05,1.4009112874191487e-06,0.0
1501,adam,0.000125,2.4903843495849287e-05,1.3553716598835308e-05,1.0271053213273262e-05,1.0790734847887506e-06,0.0,2.7807604055851698e-05,1.673643237154465e-05,1.0042850590252783e-05,1.0283218898621271e-06,0.0
1502,adam,0.000125,1.937202171120589e-05,1.0568974232683104e-05,7.87208153951724e-06,9.309655908396053e-07,0.0,2.596468220872339e-05,1.592339322087355e-05,9.468475582252722e-06,5.728121550419019e-07,0.0
1503,adam,0.000125,1.8523267726777704e-05,1.07575699530571e-05,7.232922257571772e-06,5.327753598294294e-07,0.0,2.648650661285501e-05,1.627365782042034e-05,9.716323802422266e-06,4.965248763255659e-07,0.0
1504,adam,0.000125,1.8287478042111616e-05,1.0436051866236085e-05,7.320944774846794e-06,5.304810315465147e-07,0.0,2.6284005798515864e-05,1.630737642699387e-05,9.546410183247644e-06,4.30218591418452e-07,0.0
1505,adam,0.000125,1.8079821415994957e-05,1.0064082488270287e-05,7.575053416530864e-06,4.406853300054081e-07,0.0,2.6114372303709388e-05,1.6709378542145714e-05,8.872581929608714e-06,5.32410922460258e-07,0.0
1506,adam,0.000125,1.8505079253827716e-05,1.0592906164674787e-05,7.277313926579154e-06,6.348591483629207e-07,0.0,2.7660553314490244e-05,1.7316289813607e-05,9.60098986979574e-06,7.432742563651118e-07,0.0
1507,adam,0.000125,1.8532943727223028e-05,1.0364678075802658e-05,7.5448169241099095e-06,6.234487504030994e-07,0.0,2.7501331715029664e-05,1.791221075109206e-05,9.10203016246669e-06,4.87090801470913e-07,0.0
1508,adam,0.000125,1.9465925959138985e-05,1.1136641489883914e-05,7.713226466421474e-06,6.160576937475071e-07,0.0,2.6725518182502128e-05,1.6100982975331135e-05,9.886152838589624e-06,7.383830507023958e-07,0.0
1509,adam,0.000125,1.9030859164104186e-05,1.1082161904596433e-05,7.369896707132284e-06,5.788006003371038e-07,0.0,2.922654675785452e-05,1.7606094843358733e-05,1.1169491699547507e-05,4.509596180923836e-07,0.0
1510,adam,0.000125,1.88399027365449e-05,1.035991468256725e-05,7.890641342100935e-06,5.893466745732212e-07,0.0,2.605299414426554e-05,1.6901791241252795e-05,8.732520655030385e-06,4.1868179323500954e-07,0.0
1511,adam,0.000125,1.8481541872006346e-05,1.0703991563332238e-05,7.28521797555004e-06,4.923321643701684e-07,0.0,2.672492882993538e-05,1.7464890333940275e-05,8.573078048357274e-06,6.869609592285997e-07,0.0
1512,adam,0.000125,1.8220320725959027e-05,1.0481762330982747e-05,7.199701457238916e-06,5.388564456865197e-07,0.0,2.7117621357319877e-05,1.650773083383683e-05,9.964577657228801e-06,6.453126957239874e-07,0.0
1513,adam,0.000125,1.8662928766843834e-05,1.0440242789400145e-05,7.753627073725511e-06,4.690589339162443e-07,0.0,2.814889194269199e-05,1.5705982150393538e-05,1.1772581274271943e-05,6.703279495923198e-07,0.0
1514,adam,0.000125,1.8566242943052202e-05,1.0354451205785153e-05,7.6202952072890184e-06,5.914964553710433e-07,0.0,2.6912774046650156e-05,1.6059328117989935e-05,1.0234040928480681e-05,6.194064781084307e-07,0.0
1515,adam,0.000125,1.8466914752934827e-05,1.0372561177973694e-05,7.568612403474617e-06,5.257412407644324e-07,0.0,2.6822937797987834e-05,1.653181061556097e-05,9.789694559003692e-06,5.01433987665223e-07,0.0
1516,adam,0.000125,1.8508030393604713e-05,1.055856716902781e-05,7.289844432989412e-06,6.596183670382061e-07,0.0,2.800474248942919e-05,1.6562906239414588e-05,1.0667568858480081e-05,7.742673915345222e-07,0.0
1517,adam,0.000125,1.8680258676795347e-05,1.0324013544504851e-05,7.795966808998855e-06,5.602783623714913e-07,0.0,2.617036079755053e-05,1.5555920981569216e-05,1.0263007425237447e-05,3.5143153809258365e-07,0.0
1518,adam,0.000125,1.8651317986950744e-05,1.0591021407435619e-05,7.430691198351269e-06,6.296055143906187e-07,0.0,2.9186852771090344e-05,1.6772441085777245e-05,1.147834427683847e-05,9.360666126667638e-07,0.0
1519,adam,0.000125,1.9371819917068933e-05,1.109919918462765e-05,7.47682986457221e-06,7.957911130063167e-07,0.0,2.5296722014900297e-05,1.5588460883009247e-05,9.403776857652701e-06,3.0448347843048396e-07,0.0
1520,adam,0.000125,1.80274024614846e-05,1.033943061656828e-05,7.135873971719775e-06,5.520982284679121e-07,0.0,2.505614065739792e-05,1.497036009823205e-05,9.419985872227699e-06,6.657949711552646e-07,0.0
1521,adam,0.000125,1.7985013244015136e-05,1.0605360955651122e-05,6.891825989896461e-06,4.878261865570721e-07,0.0,2.611199306556955e-05,1.6794581824797206e-05,8.868916665960569e-06,4.484927842440811e-07,0.0
1522,adam,0.000125,1.7479398707109794e-05,1.0247563011489547e-05,6.7874402986944915e-06,4.4439554613973087e-07,0.0,2.607298483781051e-05,1.6772182789281942e-05,8.742907994019333e-06,5.578936566053017e-07,0.0
1523,adam,0.000125,1.8336818186526216e-05,1.0293315426679328e-05,7.446424916679462e-06,5.970779355379818e-07,0.0,2.6058711227960885e-05,1.6072133803390898e-05,9.416127795702778e-06,5.704498562408844e-07,0.0
1524,adam,0.000125,1.7775373123640748e-05,1.0226461824913713e-05,6.962108813013401e-06,5.868024803845628e-07,0.0,2.54319475061493e-05,1.5786514268256724e-05,9.110728569794446e-06,5.34703985977103e-07,0.0
1525,adam,0.000125,1.798192886326433e-05,1.0222467381026945e-05,7.210598909068722e-06,5.488624754690363e-07,0.0,2.5556983018759638e-05,1.5048111890791915e-05,1.0012041457230225e-05,4.968289886164712e-07,0.0
1526,adam,0.000125,1.8009642587912822e-05,1.0017930549111043e-05,7.404001507893554e-06,5.87710379917894e-07,0.0,2.6431251171743497e-05,1.612304913578555e-05,9.490478987572715e-06,8.177235031325836e-07,0.0
1527,adam,0.000125,1.8158698310344334e-05,1.0557698601587617e-05,7.033600496697545e-06,5.673989811327829e-07,0.0,2.7628449970507063e-05,1.706129842204973e-05,9.909319487633184e-06,6.578325155714992e-07,0.0
1528,adam,0.000125,1.8857225427382218e-05,1.0759670999505033e-05,7.464347504537727e-06,6.332070014991587e-07,0.0,2.749537452473305e-05,1.7102514902944677e-05,9.504562513029668e-06,8.882961992640048e-07,0.0
1529,adam,0.000125,1.85438299240559e-05,1.1055284574013058e-05,6.885574634907243e-06,6.029709194166344e-07,0.0,2.7203737772651948e-05,1.6186953871510923e-05,1.0494522939552553e-05,5.222605068411212e-07,0.0
1530,adam,0.000125,1.8127322789496247e-05,1.0150417494969588e-05,7.410866828649887e-06,5.660384072569968e-07,0.0,2.709928412514273e-05,1.7416658010915853e-05,8.960126251622569e-06,7.224999194477277e-07,0.0
1531,adam,0.000125,1.7488404296273075e-05,1.0037699155418522e-05,6.941064725651813e-06,5.096406017202071e-07,0.0,2.6717969376477413e-05,1.755101402522996e-05,8.827885721984785e-06,3.390684639725805e-07,0.0
1532,adam,0.000125,1.7794259633774345e-05,1.0371688802024437e-05,6.839194327312725e-06,5.833767851015637e-07,0.0,2.6576364689390175e-05,1.7545331502333283e-05,8.255141437985003e-06,7.758912943245377e-07,0.0
1533,adam,0.000125,1.822316278321523e-05,1.0863865782084758e-05,6.756054887091523e-06,6.032417996237882e-07,0.0,2.663309896888677e-05,1.7268035662709735e-05,8.621773304184899e-06,7.432907409565814e-07,0.0
1534,adam,0.000125,1.829314118140246e-05,1.0463404379379426e-05,7.283877323516208e-06,5.458595104812503e-07,0.0,2.5080444174818695e-05,1.4626160918851383e-05,1.0009580364567228e-05,4.4470229454418586e-07,0.0
1535,adam,0.000125,1.8496447466986865e-05,1.034394736620925e-05,7.514855070667181e-06,6.376451100464919e-07,0.0,2.777360896288883e-05,1.6794949260656722e-05,9.861048056336585e-06,1.1176110774613335e-06,0.0
1536,adam,0.000125,1.8170680164075748e-05,1.0123866957201244e-05,7.435225967356018e-06,6.115872324130578e-07,0.0,2.6258720026817173e-05,1.5436069588758983e-05,1.0213397217739839e-05,6.092524245104869e-07,0.0
1537,adam,0.000125,1.8487680904399895e-05,1.0533174702231918e-05,7.1405048345241084e-06,8.140013001423085e-07,0.0,2.7623033020063303e-05,1.777867328200955e-05,9.155187399301212e-06,6.891740440551075e-07,0.0
1538,adam,0.000125,1.8317859598937503e-05,1.0682546928819647e-05,6.919049837961211e-06,7.162628890000633e-07,0.0,2.639921149238944e-05,1.66656136570964e-05,9.181517270917539e-06,5.520820423043915e-07,0.0
1539,adam,0.000125,1.844267615069839e-05,1.0419790271498641e-05,7.338354322428131e-06,6.845312547909543e-07,0.0,2.7012969439965673e-05,1.7483280316810124e-05,8.904977221391164e-06,6.247115038604534e-07,0.0
1540,adam,0.000125,1.8307801894934528e-05,1.0735404202932841e-05,6.723477241621367e-06,8.489202585337807e-07,0.0,2.694304203032516e-05,1.5836691090953536e-05,1.0035884770331904e-05,1.070466055352881e-06,0.0
1541,adam,0.000125,1.8520118487685977e-05,1.01849862517156e-05,7.527253075068074e-06,8.078792834709247e-07,0.0,2.6357416572864167e-05,1.655661253607832e-05,9.089941158890724e-06,7.108631621122186e-07,0.0
1542,adam,0.000125,1.7917369177666842e-05,1.0178378602176963e-05,7.145265186636607e-06,5.937251845722358e-07,0.0,2.6828252885024995e-05,1.638359208300244e-05,9.942425094777718e-06,5.022359346185112e-07,0.0
1543,adam,0.000125,1.765703831324572e-05,1.0261154613999679e-05,6.8838638185297896e-06,5.12019774134842e-07,0.0,2.5474826543359086e-05,1.59028986672638e-05,8.80283369042445e-06,7.690939014537435e-07,0.0
1544,adam,0.000125,1.8040332065538678e-05,1.0522170327931235e-05,6.843595997452212e-06,6.745658076567906e-07,0.0,2.5478524548816495e-05,1.5800182154634967e-05,9.130653779720888e-06,5.476891828948283e-07,0.0
1545,adam,0.000125,1.8354008489041007e-05,1.0290877753504901e-05,7.304591036927377e-06,7.585396630815922e-07,0.0,2.7830039471155033e-05,1.824839819164481e-05,9.13687290449161e-06,4.4476874450083415e-07,0.0
1546,adam,0.000125,1.8713913846113428e-05,1.1124315108190785e-05,6.8623107267740124e-06,7.272882438513761e-07,0.0,2.6198475097771734e-05,1.564741069159936e-05,1.00065399237792e-05,5.445252213576168e-07,0.0
1547,adam,0.000125,1.9910377545784286e-05,1.193029908108656e-05,7.207324728142339e-06,7.727537507662419e-07,0.0,2.77601538982708e-05,1.6067977412603796e-05,1.0790380656544585e-05,9.017958291224204e-07,0.0
1548,adam,0.000125,1.9863668171637983e-05,1.0870482469726994e-05,7.826859018678078e-06,1.1663267436290425e-06,0.0,3.008458952535875e-05,1.6458650861750357e-05,1.1514265679579694e-05,2.111672074533999e-06,0.0
1549,adam,0.000125,1.8995874143001856e-05,1.093496490511825e-05,7.3099342898785835e-06,7.509752251166901e-07,0.0,2.9926857678219676e-05,2.0036623027408496e-05,9.026893167174421e-06,8.633406878288952e-07,0.0
1550,adam,0.000125,1.865461246097766e-05,1.084770025272519e-05,6.8274806608314975e-06,9.79431764136507e-07,0.0,2.6438940039952286e-05,1.6346670236089267e-05,9.37610548135126e-06,7.161640951380832e-07,0.0
1551,adam,0.000125,1.8194743006461067e-05,1.0366591254751256e-05,7.060769291911129e-06,7.673824242715455e-07,0.0,2.579508327471558e-05,1.6180592865566723e-05,8.822862582746893e-06,7.916280537756393e-07,0.0
1552,adam,0.000125,1.8811988127254153e-05,1.0602003044368757e-05,7.1487102104583755e-06,1.0612745633409304e-06,0.0,2.6446492483955808e-05,1.665206036705058e-05,8.997165423352271e-06,7.9726748936082e-07,0.0
1553,adam,0.000125,1.870856664254461e-05,1.0591065574772074e-05,7.101430838929446e-06,1.0160701187089671e-06,0.0,2.8961592761334032e-05,1.600321411387995e-05,1.1768026524805464e-05,1.1903522363354568e-06,0.0
1554,adam,0.000125,2.089907911795308e-05,1.097697850127588e-05,9.062751388455581e-06,8.593494076336583e-07,0.0,2.6272724426235072e-05,1.5182135939539876e-05,1.0110058610734995e-05,9.805296485865256e-07,0.0
1555,adam,0.000125,1.9209200331715692e-05,1.0796326989748195e-05,7.539514939480796e-06,8.73358196429308e-07,0.0,3.2181644201045856e-05,2.0820434656343423e-05,1.051338949764613e-05,8.478183985971555e-07,0.0
1556,adam,0.000125,1.8825799941168953e-05,1.08121104744896e-05,7.252172565586079e-06,7.615172439301432e-07,0.0,2.7633448553388007e-05,1.6472142306156456e-05,9.951720130629838e-06,1.209586912409577e-06,0.0
1557,adam,0.000125,1.9013156361324945e-05,1.0384829977283516e-05,7.806363242934822e-06,8.219627183336797e-07,0.0,2.583957939350512e-05,1.6369511286029592e-05,8.963949767348822e-06,5.061165779807197e-07,0.0
1558,adam,0.000125,1.790592511952127e-05,1.0204639863786724e-05,6.821942520218727e-06,8.793426893305423e-07,0.0,2.5227313017239794e-05,1.5458037523785606e-05,8.726565283723176e-06,1.0427099823573371e-06,0.0
1559,adam,0.000125,1.8288705405211658e-05,1.0300301596544159e-05,7.01033431482756e-06,9.78069065737941e-07,0.0,2.8493142963270657e-05,1.5315463315346278e-05,1.0455614756210707e-05,2.722064209592645e-06,0.0
1560,adam,0.000125,1.8704081639953074e-05,1.0101996309686001e-05,7.5324676629406895e-06,1.0696171877100369e-06,0.0,2.5923040084308013e-05,1.5888401321717538e-05,9.462841262575239e-06,5.717979547625873e-07,0.0
1561,adam,0.000125,1.7738562632985122e-05,1.0145667260985647e-05,6.81162543969549e-06,7.812701952047973e-07,0.0,2.607920214359183e-05,1.6925623640418053e-05,8.856774002197199e-06,2.968043872897397e-07,0.0
1562,adam,0.000125,1.788619806575298e-05,1.0058180862415611e-05,6.91263898033867e-06,9.153782460913362e-07,0.0,2.726704224187415e-05,1.5612118659191765e-05,1.0788402505568229e-05,8.665202813062933e-07,0.0
1563,adam,0.000125,2.115520010192995e-05,1.088662816073338e-05,8.628703511703861e-06,1.6398683584384344e-06,0.0,2.827314892783761e-05,1.606109071872197e-05,1.0515399480937049e-05,1.6966580460575642e-06,0.0
1564,adam,0.000125,1.9841018797706056e-05,1.0721213129727403e-05,7.993902954694931e-06,1.1259023366960719e-06,0.0,2.5745977836777456e-05,1.4908264347468503e-05,9.909123946272302e-06,9.285883493248548e-07,0.0
1565,adam,0.000125,1.9188476471754257e-05,1.0286018550687004e-05,7.899511814457583e-06,1.0029461332550227e-06,0.0,2.595462319732178e-05,1.631877057661768e-05,9.078277798835188e-06,5.575742534347228e-07,0.0
1566,adam,0.000125,1.8051368101623666e-05,1.0085476844778896e-05,7.021925256367467e-06,9.439662491672607e-07,0.0,2.5919598556356505e-05,1.6515017705387436e-05,8.849092409946024e-06,5.554890094572329e-07,0.0
1567,adam,0.000125,1.8431177238653618e-05,1.0341535016777925e-05,7.124401861346996e-06,9.652401047333115e-07,0.0,2.6432198865222745e-05,1.7327640307485126e-05,8.35282389743952e-06,7.517357403230562e-07,0.0
1568,adam,0.000125,1.862016085851792e-05,1.0740074912973796e-05,7.177841382599581e-06,7.022444972193398e-07,0.0,2.5816589186433703e-05,1.7046706489054486e-05,8.160524885170162e-06,6.093579258958925e-07,0.0
1569,adam,0.000125,1.7820420225689304e-05,1.0192795230068441e-05,6.9060753276062314e-06,7.215495294587981e-07,0.0,2.559794666012749e-05,1.6141933883773163e-05,8.642302418593317e-06,8.137095051097276e-07,0.0
1570,adam,0.000125,1.852854967410167e-05,1.0493320871773903e-05,7.175684686444583e-06,8.595447020809388e-07,0.0,2.6049132429761812e-05,1.7358013792545535e-05,8.222644282795954e-06,4.6847327439536457e-07,0.0
1571,adam,0.000125,1.9255558356690017e-05,1.0945086614810862e-05,7.581160929248654e-06,7.293106030203944e-07,0.0,2.6872912712860852e-05,1.5341674952651374e-05,1.0491114153410308e-05,1.0401226973044686e-06,0.0
1572,adam,0.000125,1.904875591662858e-05,1.0284109009717213e-05,7.222176918730838e-06,1.5424698709409768e-06,0.0,2.8043399652233347e-05,1.6778580175014213e-05,8.859879926603753e-06,2.404941369604785e-06,0.0
1573,adam,0.000125,1.861244606971013e-05,1.010787184441142e-05,7.319759532720127e-06,1.1848147831727829e-06,0.0,2.870489697670564e-05,1.604462886461988e-05,1.0522342563490383e-05,2.137926003342727e-06,0.0
1574,adam,0.000125,2.0171430492155196e-05,1.0941726856117384e-05,7.829268156456237e-06,1.400435692744395e-06,0.0,3.0557624995708466e-05,1.8853097571991384e-05,8.463650374324061e-06,3.2408759125246434e-06,0.0
1575,adam,0.000125,1.9509640196702094e-05,1.0552255218954087e-05,7.539134145417847e-06,1.4182509744387062e-06,0.0,2.6657644411898218e-05,1.7744023352861404e-05,8.319552762259264e-06,5.940699452366971e-07,0.0
1576,adam,0.000125,1.992281249840744e-05,1.1085252083375963e-05,7.326308434585371e-06,1.5112520763693738e-06,0.0,2.8556056349771097e-05,1.6317766494466923e-05,1.0817591828526929e-05,1.4206983678377583e-06,0.0
1577,adam,0.000125,2.101231257256586e-05,1.0418698536796e-05,8.838345763706457e-06,1.755268481673511e-06,0.0,2.702102756302338e-05,1.734673605824355e-05,8.610034456069116e-06,1.064255457094987e-06,0.0
1578,adam,0.000125,1.991535918932641e-05,1.0188185569859343e-05,7.638094160711262e-06,2.0890795315864352e-06,0.0,2.6521560357650742e-05,1.4930107681720983e-05,9.415610293217469e-06,2.1758423827122897e-06,0.0
1579,adam,0.000125,1.820790441797726e-05,9.886241059575696e-06,7.119623575135847e-06,1.202039829450996e-06,0.0,2.623888576636091e-05,1.5729572623968124e-05,9.727979886520188e-06,7.813331421857583e-07,0.0
1580,adam,0.000125,1.7847614174115733e-05,9.983861986029297e-06,7.0526756417166325e-06,8.110764717628172e-07,0.0,2.619440056150779e-05,1.533159775135573e-05,9.822290849115234e-06,1.0405134389657178e-06,0.0
1581,adam,0.000125,1.788495205801155e-05,1.0456072857323306e-05,6.587687181536239e-06,8.411920155992902e-07,0.0,2.633940130181145e-05,1.7259308151551522e-05,8.389642971451394e-06,6.904494966875063e-07,0.0
1582,adam,0.000125,1.9582497770898044e-05,1.0936560670415929e-05,7.31886919425051e-06,1.3270680128130152e-06,0.0,2.8071284759789705e-05,1.618820351723116e-05,1.0930266398645472e-05,9.528158670946141e-07,0.0
1583,adam,0.000125,2.2161254946695408e-05,1.1297753985672898e-05,8.52819198371435e-06,2.335309211787262e-06,0.0,2.639854938024655e-05,1.63153436005814e-05,9.400895578437485e-06,6.823096327934763e-07,0.0
1584,adam,0.000125,1.8774799002585496e-05,1.0357556277540425e-05,7.134039577749718e-06,1.2832033213783234e-06,0.0,3.210708382539451e-05,1.7449499864596874e-05,1.0383986591477878e-05,4.273599188309163e-06,0.0
1585,adam,0.000125,2.2048645405448042e-05,1.0859474059543572e-05,8.310534639122125e-06,2.8786366641497807e-06,0.0,2.933178620878607e-05,1.7828497220762074e-05,9.407688594365027e-06,2.0955992567905923e-06,0.0
1586,adam,0.000125,1.9835861735373328e-05,1.0540924506585725e-05,7.797610578563763e-06,1.4973267674633917e-06,0.0,2.6663172320695594e-05,1.7142912838608027e-05,8.921691005525645e-06,5.985668849461945e-07,0.0
1587,adam,0.000125,1.8955937889586494e-05,1.0291698060882482e-05,7.587921146523513e-06,1.0763192790363973e-06,0.0,2.5124529202003032e-05,1.6059164408943616e-05,8.245215212809853e-06,8.201496939364006e-07,0.0
1588,adam,0.000125,1.8517907733439642e-05,1.0199286180068157e-05,7.170094733055521e-06,1.1485270228206446e-06,0.0,2.527652759454213e-05,1.548936779727228e-05,8.880034329195041e-06,9.071254680748098e-07,0.0
1589,adam,0.000125,1.9208700621220487e-05,1.0200549695582595e-05,7.233798896777444e-06,1.7743518228030553e-06,0.0,2.9084010748192668e-05,1.4964996807975695e-05,1.0751598892966285e-05,3.3674152746243635e-06,0.0
1590,adam,0.000125,2.150930379229976e-05,1.0205592502643412e-05,9.391470825903525e-06,1.9122401191395966e-06,0.0,3.0022561986697838e-05,1.5271985830622725e-05,1.2357254490780178e-05,2.3933214379212586e-06,0.0
1591,adam,0.000125,2.02541272074086e-05,1.0577247564924619e-05,7.718152289726277e-06,1.9587273527577054e-06,0.0,3.199530692654662e-05,1.7249738448299468e-05,1.0472158464835957e-05,4.273409103916492e-06,0.0
1592,adam,0.000125,2.080885644772934e-05,1.0693935962535761e-05,8.143930671167254e-06,1.9709898957387395e-06,0.0,2.8541770006995648e-05,1.5765339412610047e-05,1.221121237904299e-05,5.652174763781659e-07,0.0
1593,adam,0.000125,2.1079445787108853e-05,1.1114615006135864e-05,8.660592726528193e-06,1.304237844834688e-06,0.0,3.375595042598434e-05,1.663980401644949e-05,1.5770525351399556e-05,1.345620034953754e-06,0.0
1594,adam,0.000125,2.0202631844767893e-05,1.0531235488997481e-05,8.461042568796984e-06,1.2103536661811631e-06,0.0,2.5953020667657256e-05,1.4571254723705351e-05,9.988326382881496e-06,1.3934395610704087e-06,0.0
1595,adam,0.000125,1.8614336568134604e-05,1.0467323875218426e-05,6.9021513979805604e-06,1.2448615969162802e-06,0.0,2.929821130237542e-05,1.8722617824096233e-05,8.518135473423172e-06,2.0574584596033674e-06,0.0
1596,adam,0.000125,1.812036487081059e-05,1.0280886499458575e-05,6.668027197065385e-06,1.1714512115901243e-06,0.0,2.8000917154713534e-05,1.7729576939018443e-05,9.670760846347548e-06,6.005786303830973e-07,0.0
1597,adam,0.000125,1.8799244571710005e-05,1.0453665879595064e-05,7.422723030003908e-06,9.228557242835222e-07,0.0,2.7845917429658584e-05,1.7626529370318167e-05,9.544225576973986e-06,6.751633918611333e-07,0.0
1598,adam,0.000125,1.9941046502935933e-05,1.0322346383873082e-05,7.563891728068484e-06,2.054808568630051e-06,0.0,2.6385019737062976e-05,1.5775314750499092e-05,9.936848982761148e-06,6.728546395606827e-07,0.0
1599,adam,0.000125,1.9219102910028596e-05,1.077426981055396e-05,7.656418887336258e-06,7.884142636527258e-07,0.0,2.8469443350331858e-05,1.7903759726323187e-05,9.067830433195923e-06,1.4978550098021515e-06,0.0
1600,adam,0.000125,2.1957043600195902e-05,1.1245854238950415e-05,8.58124354863321e-06,2.1299458854429076e-06,0.0,2.9079965315759182e-05,1.9041784980800003e-05,9.23697734833695e-06,8.012020771275274e-07,0.0
1601,adam,0.000125,2.179499989551914e-05,1.0577869659300632e-05,9.655846355371978e-06,1.5612834936007403e-06,0.0,2.7942525775870308e-05,1.6582162061240524e-05,9.59485987550579e-06,1.7655045212450204e-06,0.0
1602,adam,0.000125,2.044970301540161e-05,1.0885221854550764e-05,7.4047016482836625e-06,2.1597796937555813e-06,0.0,2.7806929210782982e-05,1.6734828022890724e-05,8.443918886769097e-06,2.6281836653652135e-06,0.0
1603,adam,0.000125,2.28434639666375e-05,1.0850261844552733e-05,8.39854450873645e-06,3.594657897565412e-06,0.0,3.002167613885831e-05,1.6882908312254585e-05,1.0630589713400695e-05,2.5081774310820037e-06,0.0
1604,adam,0.000125,2.0060550582456926e-05,1.120885161753904e-05,7.482578894268954e-06,1.3691198716969666e-06,0.0,2.9638156775035895e-05,1.685219285718631e-05,1.0833447959157638e-05,1.952516413439298e-06,0.0
1605,adam,0.000125,2.1501499418263847e-05,1.0956522373817279e-05,8.081989136599077e-06,2.462987836793218e-06,0.0,3.302664481452666e-05,1.84919608727796e-05,1.0715850294218399e-05,3.818833192781312e-06,0.0
1606,adam,0.000125,2.1580615452876373e-05,1.0964225907628133e-05,7.839229311912277e-06,2.7771598354320304e-06,0.0,3.2414274755865335e-05,1.896029971248936e-05,1.14744607344619e-05,1.9795138541667257e-06,0.0
1607,adam,0.000125,1.9882807464455254e-05,1.0837561148946406e-05,7.636092192342403e-06,1.409154300802129e-06,0.0,2.9274549888214096e-05,1.8066515622194856e-05,8.499652722093742e-06,2.7083799523097696e-06,0.0
1608,adam,0.000125,1.8369888266533962e-05,1.0228355904473574e-05,6.894540518942449e-06,1.246991725878388e-06,0.0,2.64364844042575e-05,1.4645815099356696e-05,8.974824595497921e-06,2.8158447094028816e-06,0.0
1609,adam,0.000125,2.1044624190835748e-05,1.0238838797249628e-05,7.686299511533434e-06,3.1194860241612332e-06,0.0,2.6737721782410517e-05,1.5153803360590246e-05,1.0031448255176656e-05,1.5524719856330194e-06,0.0
1610,adam,0.000125,1.8455365534464363e-05,1.0260203112011368e-05,7.330688390538853e-06,8.644741456009797e-07,0.0,2.647371729835868e-05,1.5530762539128773e-05,9.312337169831153e-06,1.6306194083881564e-06,0.0
1611,adam,0.000125,1.948628710124467e-05,1.049474212777568e-05,7.258429349121798e-06,1.733116015145697e-06,0.0,3.254102557548322e-05,1.7964799553737976e-05,1.0752633897936903e-05,3.823593033303041e-06,0.0
1612,adam,0.000125,2.192180625115725e-05,1.120907262475157e-05,7.497150988911017e-06,3.2155825273605387e-06,0.0,3.391721111256629e-05,1.700335087662097e-05,1.1340132914483547e-05,5.573727321461774e-06,0.0
1613,adam,0.000125,1.996445030272298e-05,9.946420618689444e-06,8.154763861512038e-06,1.8632656839656647e-06,0.0,2.7261494324193336e-05,1.7381102225044742e-05,9.039441465574782e-06,8.409501788264606e-07,0.0
1614,adam,0.000125,1.833696217090619e-05,1.0055557055466124e-05,7.305258833412154e-06,9.761463566348993e-07,0.0,2.543182017689105e-05,1.6092673831735738e-05,8.356733815162443e-06,9.824124163060333e-07,0.0
1615,adam,0.000125,1.797102703449127e-05,1.0102813121193321e-05,7.021171597898501e-06,8.470423704665109e-07,0.0,3.258515062043443e-05,2.1011059288866818e-05,1.0334905709896702e-05,1.2391861901051016e-06,0.0
1616,adam,0.000125,2.2213882175492472e-05,1.1864910959502595e-05,8.18408179270591e-06,2.1648895796033685e-06,0.0,2.898203456425108e-05,1.708177660475485e-05,8.41287419461878e-06,3.4873855838668533e-06,0.0
1617,adam,0.000125,1.9190275452274363e-05,1.0395953779607225e-05,7.0728390824115195e-06,1.7214826826261742e-06,0.0,3.0524188332492486e-05,1.6755913748056628e-05,1.1605990039242897e-05,2.1622834083245834e-06,0.0
1618,adam,0.000125,2.024663706379215e-05,1.0161016348320118e-05,7.616132506882423e-06,2.4694882192477507e-06,0.0,2.7735106414183974e-05,1.7184398529934697e-05,8.803851414995734e-06,1.746854763950978e-06,0.0
1619,adam,0.000125,2.343686367112241e-05,1.1415852156915207e-05,8.983013287888753e-06,3.037998162369604e-06,0.0,2.69771262537688e-05,1.5567175069008954e-05,1.0450327863509301e-05,9.596227528163581e-07,0.0
1620,adam,0.000125,2.1928036289864394e-05,1.0063988156616688e-05,7.989016381770853e-06,3.8750321209590766e-06,0.0,3.370724152773619e-05,1.7433516404707916e-05,9.75983220996568e-06,6.513893822557293e-06,0.0
1621,adam,0.000125,1.9314537439640844e-05,1.0177292892876721e-05,7.3710257311176974e-06,1.7662188618317032e-06,0.0,2.896549631259404e-05,1.6768128261901438e-05,1.0853351341211237e-05,1.3440165957945283e-06,0.0
1622,adam,0.000125,1.9152321556248353e-05,1.0067484254250303e-05,7.985614587369128e-06,1.0992226542327899e-06,0.0,2.8903165002702735e-05,1.9271072233095765e-05,8.855976375343744e-06,7.761180427223735e-07,0.0
1623,adam,0.000125,1.8304501736565726e-05,1.0202157284311397e-05,7.279326979414691e-06,8.2301742665436e-07,0.0,2.4462202418362722e-05,1.5371506378869526e-05,8.404643267567735e-06,6.860533403596492e-07,0.0
1624,adam,0.000125,1.942398546361801e-05,1.0892693524056085e-05,7.016180717300813e-06,1.515111076599851e-06,0.0,3.265490886406042e-05,1.7411824956070632e-05,9.160126865026541e-06,6.082956133468542e-06,0.0
1625,adam,0.000125,2.0854177705587063e-05,1.042635443582185e-05,8.358612177516989e-06,2.0692109359288224e-06,0.0,3.4909724490717053e-05,1.4774150258745067e-05,1.5234193597279955e-05,4.901380179944681e-06,0.0
1626,adam,0.000125,2.076831788144773e-05,1.0821000955729687e-05,8.110080671031028e-06,1.8372362262653041e-06,0.0,2.7718602723325603e-05,1.771602182998322e-05,9.251406481780577e-06,7.511751505262509e-07,0.0
1627,adam,0.000125,2.0595909063558793e-05,1.1101811537628237e-05,7.231457033185507e-06,2.2626403684000707e-06,0.0,3.473103424767032e-05,1.9458964743535034e-05,1.0381018910265993e-05,4.891051048616646e-06,0.0
1628,adam,0.000125,1.9404806948841724e-05,1.0502868860839953e-05,7.569496858650382e-06,1.3324411796133973e-06,0.0,2.6675386834540404e-05,1.7186510376632214e-05,8.605286893725861e-06,8.835913263283146e-07,0.0
1629,adam,0.000125,1.9661690998873382e-05,1.0412296774120477e-05,7.091604004472174e-06,2.157790305545859e-06,0.0,2.964808481920045e-05,1.667834112595301e-05,1.0251833373331465e-05,2.717911002036999e-06,0.0
1630,adam,0.000125,1.9759367319238663e-05,1.107466687244596e-05,7.439254005703333e-06,1.2454468816258668e-06,0.0,2.4640678020659834e-05,1.5500718291150406e-05,8.581571819377132e-06,5.583871711678512e-07,0.0
1631,adam,0.000125,2.00682891318138e-05,1.0766002503714844e-05,7.701640186041914e-06,1.600646641009007e-06,0.0,2.820623922161758e-05,1.7805457900976762e-05,8.215707566705532e-06,2.1850746634299867e-06,0.0
1632,adam,0.000125,2.0436250224520336e-05,1.0722002855345636e-05,7.655196412770238e-06,2.0590510345641633e-06,0.0,2.5569823264959268e-05,1.4550962077919394e-05,1.016767964756582e-05,8.511807436661911e-07,0.0
1633,adam,0.000125,1.8363785727615323e-05,1.0337434389384725e-05,6.981445750398052e-06,1.0449054936856328e-06,0.0,2.7711770599125884e-05,1.5395771697512828e-05,1.1347046893206425e-05,9.689517810329562e-07,0.0
1634,adam,0.000125,1.880287783251333e-05,1.0241695463264477e-05,7.709755379892158e-06,8.514269858039825e-07,0.0,3.176700192852877e-05,1.7901995306601748e-05,1.1521545275172684e-05,2.3434633931174176e-06,0.0
1635,adam,0.000125,1.890269743398676e-05,1.0300015560460452e-05,7.340506073205688e-06,1.262175850058611e-06,0.0,3.0689934646943584e-05,2.0734403733513318e-05,8.437129508820362e-06,1.518402882538794e-06,0.0
1636,adam,0.000125,2.1307909150891646e-05,1.0971403696657944e-05,7.443626628855782e-06,2.892878761429074e-06,0.0,2.824816692736931e-05,1.91464332601754e-05,8.09226003184449e-06,1.0094742037836113e-06,0.0
1637,adam,0.000125,2.0037739318468084e-05,1.0176175692322431e-05,7.116510829519029e-06,2.745052903208034e-06,0.0,2.5726360036060214e-05,1.5938976503093727e-05,8.839100701152347e-06,9.482830023443967e-07,0.0
1638,adam,0.000125,1.9863785951201862e-05,1.105880323848396e-05,7.461864981905819e-06,1.3431178693679158e-06,0.0,3.0973249522503465e-05,1.8891685613198206e-05,9.005332685774192e-06,3.0762316782784183e-06,0.0
1639,adam,0.000125,2.065782814497652e-05,1.0767500043584732e-05,7.92420547668371e-06,1.966122553653804e-06,0.0,3.0425406293943524e-05,1.610072467883583e-05,9.553438758302946e-06,4.771241947310045e-06,0.0
1640,adam,0.000125,2.068915807740268e-05,1.0144053192107094e-05,7.595414899697062e-06,2.949690092179935e-06,0.0,2.4832650524331257e-05,1.5766303476993926e-05,8.027584044612013e-06,1.0387625479779672e-06,0.0
1641,adam,0.000125,1.97091011386874e-05,1.0133375099030673e-05,7.692629736766321e-06,1.8830964592098098e-06,0.0,2.7664729714160785e-05,1.6038053217926063e-05,1.0562013812887017e-05,1.0646618875398417e-06,0.0
1642,adam,0.000125,1.9501458382364945e-05,1.0510352922210586e-05,7.488169757152718e-06,1.5029356781326442e-06,0.0,2.6645830075722188e-05,1.6154666809597984e-05,8.781784345046617e-06,1.7093786937039113e-06,0.0
1643,adam,0.000125,1.9231420310461544e-05,1.076064569360824e-05,6.981455470622677e-06,1.489319220837615e-06,0.0,2.9503295081667602e-05,1.6203694030991755e-05,9.53249036683701e-06,3.7671115933335386e-06,0.0
1644,adam,0.000125,2.0288663449719024e-05,1.1188903783931892e-05,7.3333611112502695e-06,1.7663987215144061e-06,0.0,2.7552774554351345e-05,1.4664194168290123e-05,9.90191529126605e-06,2.9866637305531185e-06,0.0
1645,adam,0.000125,1.906082070490811e-05,1.0613818972160516e-05,7.067359575785304e-06,1.3796421818312865e-06,0.0,2.796208173094783e-05,1.6558395145693794e-05,1.0663866305549163e-05,7.398209618258988e-07,0.0
1646,adam,0.000125,2.1207253780630708e-05,1.1436734098424495e-05,7.414513959247415e-06,2.3560055311122596e-06,0.0,2.711843444558326e-05,1.511598293291172e-05,9.46057480177842e-06,2.541876483519445e-06,0.0
1647,adam,0.000125,2.0719851136163925e-05,1.0625923323459574e-05,7.538650294236504e-06,2.5552777387360948e-06,0.0,2.590169788163621e-05,1.4509168067888822e-05,1.0236773960059509e-05,1.1557556263142033e-06,0.0
1648,adam,0.000125,1.9320987235005305e-05,1.0508419904908806e-05,6.846610801858333e-06,1.965956631266863e-06,0.0,3.0155044441926293e-05,1.550686647533439e-05,1.0916029168583918e-05,3.732149025381659e-06,0.0
1649,adam,0.000125,2.129094309566426e-05,1.1488752704735816e-05,7.254038507653604e-06,2.548152089332234e-06,0.0,2.8363432647893205e-05,1.7879827282740735e-05,7.998604814929422e-06,2.4850005502230488e-06,0.0
1650,adam,0.000125,1.7943023522093426e-05,1.0325060202376335e-05,6.538261402511125e-06,1.0797019402986052e-06,0.0,2.6283390980097465e-05,1.666937350819353e-05,7.823517080396414e-06,1.7905006188811967e-06,0.0
1651,adam,0.000125,2.035042894021899e-05,1.0234164022904224e-05,7.355642964057552e-06,2.760621875097513e-06,0.0,3.8191534258658066e-05,1.7789308913052082e-05,1.3245570698927622e-05,7.156654646678362e-06,0.0
1652,adam,0.000125,2.202161419972981e-05,1.0515666588162276e-05,9.187957857648144e-06,2.317989707734114e-06,0.0,2.7326444978825748e-05,1.74102697201306e-05,8.282855560537428e-06,1.6333194707840448e-06,0.0
1653,adam,0.000125,2.3082051598066755e-05,1.1052678019041196e-05,9.419976748858971e-06,2.609396720032464e-06,0.0,3.625484532676637e-05,1.973937833099626e-05,1.3297400982992258e-05,3.21806669489888e-06,0.0
1654,adam,0.000125,2.096349339808512e-05,1.0414141286219092e-05,7.726365282678671e-06,2.822986818529216e-06,0.0,2.6023562895716168e-05,1.445391262677731e-05,9.935912203218322e-06,1.6337380657205358e-06,0.0
1655,adam,0.000125,1.8835382888937602e-05,1.0265324135616538e-05,7.250638759614958e-06,1.3194200043642468e-06,0.0,2.8018555894959718e-05,1.6060683265095577e-05,9.384633813169785e-06,2.5732388166943565e-06,0.0
1656,adam,0.000125,2.049335773790517e-05,1.0336317643577786e-05,7.697544049278804e-06,2.459496048601295e-06,0.0,2.943966319435276e-05,1.5245360373228323e-05,1.0553336323937401e-05,3.6409655876923352e-06,0.0
1657,adam,0.000125,2.335137833142653e-05,1.1275367228336108e-05,8.834183773842597e-06,3.24182726529898e-06,0.0,3.5055378248216584e-05,2.140278047590982e-05,1.0730509529821575e-05,2.922086196122109e-06,0.0
1658,adam,0.000125,2.0781605257980118e-05,1.0965663307160867e-05,7.230419782899844e-06,2.585522107523275e-06,0.0,2.9940327294752933e-05,1.6309042621287517e-05,8.654822522657923e-06,4.9764621508074924e-06,0.0
1659,adam,0.000125,1.9630351857813366e-05,1.0060717102078343e-05,6.877632245050336e-06,2.6920025817389615e-06,0.0,3.276426286902279e-05,1.6460782717331313e-05,1.2707501809927635e-05,3.5959785691375146e-06,0.0
1660,adam,0.000125,2.0822044916712912e-05,9.387092120505258e-06,7.910374648645302e-06,3.5245780480863687e-06,0.0,2.862253131752368e-05,1.822518970584497e-05,8.947745300247334e-06,1.4495963114313781e-06,0.0
1661,adam,0.000125,2.016154644479684e-05,9.871139496908654e-06,7.16220540653012e-06,3.1282017722844557e-06,0.0,3.1605744879925624e-05,1.8405462469672784e-05,1.0158853910979815e-05,3.0414296361414017e-06,0.0
1662,adam,0.000125,1.88613139471272e-05,9.752156984177418e-06,7.2135317736865545e-06,1.8956251288670956e-06,0.0,2.6672387321013957e-05,1.6174612028407864e-05,8.5927385953255e-06,1.905036810967431e-06,0.0
1663,adam,0.000125,1.778393595941452e-05,9.87708301636303e-06,6.993806351829335e-06,9.130463922701892e-07,0.0,3.0210403565433808e-05,1.806327964004595e-05,1.1142669791297521e-05,1.0044553846455528e-06,0.0
1664,adam,0.000125,2.0133635189267807e-05,9.980299637390999e-06,8.313037028528925e-06,1.840298589073086e-06,0.0,2.784691605484113e-05,1.5253959645633586e-05,9.869722816802096e-06,2.7232340471528005e-06,0.0
1665,adam,0.000125,1.785979549140393e-05,9.9208974972953e-06,6.975586614998974e-06,9.63311277857315e-07,0.0,2.479516842868179e-05,1.5828138202778064e-05,8.048315066844225e-06,9.187142495648004e-07,0.0
1666,adam,0.000125,1.7447413483751006e-05,9.99664422351998e-06,6.5146958547757094e-06,9.360737145414078e-07,0.0,2.4746615963522345e-05,1.506368880654918e-05,9.185641829390079e-06,4.972866918251384e-07,0.0
1667,adam,0.000125,1.9387250176805537e-05,1.0188911460318195e-05,7.916293498055893e-06,1.2820452681694405e-06,0.0,2.710736407607328e-05,1.8011487554758787e-05,8.238422196882311e-06,8.574560297347489e-07,0.0
1668,adam,0.000125,2.099646701481106e-05,1.059890274746067e-05,9.090604720540796e-06,1.3069597635251284e-06,0.0,3.2652998925186694e-05,1.984833761525806e-05,9.807452443055809e-06,2.997207047883421e-06,0.0
1669,adam,0.000125,2.0418107339992275e-05,1.0469802703028108e-05,8.151720379601102e-06,1.796584072621954e-06,0.0,2.9290662496350706e-05,1.6636411601211876e-05,8.429659828834701e-06,4.22459197579883e-06,0.0
1670,adam,0.000125,1.944814005128137e-05,1.073687627695108e-05,6.851469123603238e-06,1.8597949420495752e-06,0.0,2.852270336006768e-05,1.7331154595012777e-05,9.061795026354957e-06,2.1297530565789202e-06,0.0
1671,adam,0.000125,1.975259090158943e-05,1.1110018306226266e-05,6.8817247438346385e-06,1.760848164167328e-06,0.0,2.9928300136816688e-05,1.8603983335196972e-05,9.129425052378792e-06,2.1948931134829763e-06,0.0
1672,adam,0.000125,2.0137864680691564e-05,1.1345523944328306e-05,7.15338791223985e-06,1.6389528028071254e-06,0.0,2.809258148772642e-05,1.5109314517758321e-05,1.0896342246269342e-05,2.086924496325082e-06,0.0
1673,adam,0.000125,1.967276091363601e-05,1.0630345059325919e-05,6.9898565868697915e-06,2.052559262111231e-06,0.0,3.0181057809386402e-05,1.9858905943692662e-05,8.96768870006781e-06,1.3544633929996053e-06,0.0
1674,adam,0.000125,1.858169594015635e-05,1.032460585292938e-05,6.772595867232667e-06,1.4844941098601794e-06,0.0,2.6722573238657787e-05,1.6882631825865246e-05,9.001357284432743e-06,8.385839009861229e-07,0.0
1675,adam,0.000125,1.9766515038099897e-05,9.942969796838952e-06,7.555061870334612e-06,2.268483680012423e-06,0.0,2.838725777110085e-05,1.702156623650808e-05,9.276923265133519e-06,2.088767132590874e-06,0.0
1676,adam,0.000125,2.078190709653427e-05,1.0381380150192854e-05,8.007327693348998e-06,2.3931988515357716e-06,0.0,2.921260784205515e-05,1.8153810742660426e-05,8.721983249415644e-06,2.3368140773527557e-06,0.0
1677,adam,0.000125,2.2492694256470713e-05,1.1264499164553854e-05,8.482250592578566e-06,2.745944222226626e-06,0.0,2.6676147172111087e-05,1.5208928743959405e-05,9.37141157919541e-06,2.0958070763299474e-06,0.0
1678,adam,0.000125,2.2422972165259125e-05,1.052561350434189e-05,7.95417176391311e-06,3.943186811738997e-06,0.0,3.003118581546005e-05,1.611066545592621e-05,9.559389582136646e-06,4.361130322649842e-06,0.0
1679,adam,0.000125,2.0566130160659668e-05,9.737905656947987e-06,7.551229060709375e-06,3.276995325762755e-06,0.0,3.0836414225632325e-05,1.674419218034018e-05,1.0849701538973022e-05,3.242519369450747e-06,0.0
1680,adam,0.000125,1.791764015024455e-05,9.51308749108648e-06,6.965422215898798e-06,1.439130446811987e-06,0.0,2.4802215193631127e-05,1.5146084479056299e-05,8.422804967267439e-06,1.2333258609942277e-06,0.0
1681,adam,0.000125,2.1054668707165547e-05,1.0223139668141812e-05,8.849993577086934e-06,1.9815354406205188e-06,0.0,2.699576725717634e-05,1.4311610357253812e-05,9.554144526191521e-06,3.130011918983655e-06,0.0
1682,adam,0.000125,2.0099898733860755e-05,1.0346061742438906e-05,7.355581885803986e-06,2.3982551411450004e-06,0.0,2.284943184349686e-05,1.2832547326979693e-05,9.363481694890652e-06,6.534028216265142e-07,0.0
1683,adam,0.000125,2.0225979483257106e-05,1.0600741859434493e-05,7.612169156345772e-06,2.0130685598473974e-06,0.0,2.7162508558831178e-05,1.5185981283138972e-05,1.0230217412754428e-05,1.7463102039982914e-06,0.0
1684,adam,0.000125,2.1153211832825036e-05,1.0302570103704056e-05,8.197635253281987e-06,2.6530064118901464e-06,0.0,2.8474167265812866e-05,1.5944486221997067e-05,1.0737985576270148e-05,1.7916950127983e-06,0.0
1685,adam,0.000125,2.516727386137063e-05,1.1230621794311446e-05,8.957996953995462e-06,4.978655084642014e-06,0.0,3.8809845136711374e-05,1.7116421076934785e-05,1.8092070604325272e-05,3.6013557291880716e-06,0.0
1686,adam,0.000125,2.347701467897423e-05,1.1578892326724599e-05,9.476690109977426e-06,2.421432260035772e-06,0.0,3.237591590732336e-05,1.800842619559262e-05,1.2448006600607187e-05,1.9194822016288526e-06,0.0
1687,adam,0.000125,1.9566602645681996e-05,1.0571980908480327e-05,7.5136521218155394e-06,1.480969256562048e-06,0.0,2.2967498807702214e-05,1.4270377505454235e-05,7.976280357979704e-06,7.208398642433167e-07,0.0
1688,adam,0.000125,1.8264062305206608e-05,1.070368259092902e-05,6.555043114531145e-06,1.0053365464557373e-06,0.0,2.9620032364618964e-05,1.7999524061451666e-05,1.0095294783241116e-05,1.5252140883603715e-06,0.0
1689,adam,0.000125,1.941406731020834e-05,1.0096905214140861e-05,8.046992405752462e-06,1.2701696512351646e-06,0.0,2.693811802600976e-05,1.4730587281519547e-05,9.093630978895817e-06,3.1139011298364494e-06,0.0
1690,adam,0.000125,1.958887588671132e-05,9.641399060456024e-06,7.267013046430293e-06,2.6804638864064145e-06,0.0,2.8853502954007126e-05,1.7369709894410335e-05,9.326149665866978e-06,2.1576440758508397e-06,0.0
1691,adam,0.000125,1.968849528566352e-05,1.1020972181086108e-05,6.849865741287431e-06,1.8176574911876742e-06,0.0,2.7797301299870014e-05,1.660507587075699e-05,1.0334225407859776e-05,8.579993391322205e-07,0.0
1692,adam,0.000125,1.812274257417812e-05,1.0198439071018583e-05,6.81336737784477e-06,1.1109360436023508e-06,0.0,2.9884457035223022e-05,1.52069260366261e-05,1.3451372979034204e-05,1.2261585879969061e-06,0.0
1693,adam,0.000125,2.01177350618309e-05,1.0871648441934667e-05,7.63298868378115e-06,1.6130981101980524e-06,0.0,2.367125307500828e-05,1.4638151696999557e-05,8.578927008784376e-06,4.541749376585358e-07,0.0
1694,adam,0.000125,1.7430210618840647e-05,9.801474021742251e-06,6.812992296545417e-06,8.15744229498705e-07,0.0,3.053403997910209e-05,1.854977017501369e-05,8.48188665258931e-06,3.5023836062464397e-06,0.0
1695,adam,0.000125,1.828806563253238e-05,1.0259383742550199e-05,6.7626668851517024e-06,1.2660150154886196e-06,0.0,2.317167673027143e-05,1.43548495543655e-05,8.081700798356906e-06,7.351268891397922e-07,0.0
1696,adam,0.000125,1.7136671658590785e-05,9.510109805432876e-06,6.246208414495413e-06,1.3803535203749107e-06,0.0,2.3738855816191062e-05,1.4793366062804125e-05,7.956194167491049e-06,9.89295813269564e-07,0.0
1697,adam,0.000125,1.760840723363799e-05,9.48918184917602e-06,6.584584099300628e-06,1.5346413508865453e-06,0.0,2.7253239750280045e-05,1.4297406778496224e-05,8.139767487591598e-06,4.816065938939573e-06,0.0
1698,adam,0.000125,1.7970383510146348e-05,9.829660655213956e-06,6.519314581510116e-06,1.6214081099974464e-06,0.0,2.6008367058238946e-05,1.4061708498047665e-05,1.0143181498278864e-05,1.8034778577202815e-06,0.0
1699,adam,0.000125,1.8754523978259385e-05,1.0333421073482896e-05,6.9109718197069014e-06,1.5101313586285414e-06,0.0,2.6163104848819785e-05,1.3850628420186695e-05,9.585688530933112e-06,2.7267865334579255e-06,0.0
1700,adam,0.000125,1.819264207369997e-05,9.591929654106934e-06,6.747621000613435e-06,1.85309146516488e-06,0.0,3.080720125581138e-05,1.724877074593678e-05,1.0878840839723125e-05,2.6795903522724984e-06,0.0
1701,adam,0.000125,1.9528316613559582e-05,1.008604698427007e-05,7.273723042544589e-06,2.1685465227960776e-06,0.0,2.8023623599437997e-05,1.6128551578731276e-05,9.903676982503384e-06,1.991395947698038e-06,0.0
1702,adam,0.000125,1.9300265421406948e-05,1.004212771249513e-05,7.709439614700386e-06,1.5486981421730661e-06,0.0,2.7486947146826424e-05,1.7323465726803988e-05,8.891805009625386e-06,1.271675614589185e-06,0.0
1703,adam,0.000125,1.7451034636906115e-05,9.643172717233028e-06,6.93712095767296e-06,8.707409389074883e-07,0.0,2.5078839826164767e-05,1.657309076108504e-05,7.549210749857593e-06,9.565374057274312e-07,0.0
1704,adam,0.000125,1.6594729800090136e-05,9.303350850586867e-06,6.331471752218931e-06,9.599068881982475e-07,0.0,2.6545723812887445e-05,1.4775913768971805e-05,8.781848919170443e-06,2.987960897371522e-06,0.0
1705,adam,0.000125,1.6911531474761432e-05,9.054298828914398e-06,6.239012549258405e-06,1.6182202280390356e-06,0.0,2.3697244614595547e-05,1.4449535228777677e-05,8.63632249092916e-06,6.113886001912761e-07,0.0
1706,adam,0.000125,1.9809771174550406e-05,9.212754008558477e-06,7.4151190574411885e-06,3.1818979593367658e-06,0.0,3.583787474781275e-05,1.8143746274290606e-05,1.073410840035649e-05,6.960022346902406e-06,0.0
1707,adam,0.000125,2.1642664364662778e-05,9.688370539606694e-06,7.93062784509857e-06,4.023666079433497e-06,0.0,2.869732998078689e-05,1.4725522305525374e-05,8.111650458886288e-06,5.86015812586993e-06,0.0
1708,adam,0.000125,2.0515213236649288e-05,9.978298294299748e-06,7.0598925958620384e-06,3.477022200826241e-06,0.0,2.7594553102971986e-05,1.68069418577943e-05,8.576013897254597e-06,2.2115955289336853e-06,0.0
1709,adam,0.000125,1.7916100034653937e-05,9.588795052195564e-06,7.066836474223237e-06,1.2604685188932763e-06,0.0,2.676369513210375e-05,1.424769561708672e-05,1.1854322110593785e-05,6.616779728574329e-07,0.0
1710,adam,0.000125,1.850472574460582e-05,9.942746714841633e-06,7.58960786129137e-06,9.72371264396088e-07,0.0,2.522294016671367e-05,1.6293994121951982e-05,8.291893209388945e-06,6.37054597518727e-07,0.0
1711,adam,0.000125,1.7820153686898266e-05,1.0063748334232514e-05,6.800448886679078e-06,9.559564571048895e-07,0.0,2.6432282538735308e-05,1.6650841644150205e-05,8.812494343146682e-06,9.689459830042324e-07,0.0
1712,adam,0.000125,1.947549912983959e-05,1.053404434969707e-05,7.7578105504017e-06,1.1836442475043896e-06,0.0,3.1376253900816664e-05,1.5731669918750413e-05,1.0922015462710988e-05,4.722570338344667e-06,0.0
1713,adam,0.000125,2.0572818584696506e-05,1.0375654881045193e-05,7.5846373874810524e-06,2.612526113665581e-06,0.0,2.699070500966627e-05,1.6253434296231717e-05,8.809775863483083e-06,1.9274946225777967e-06,0.0
1714,adam,0.000125,2.0048178896558966e-05,1.0186094641539967e-05,6.836515041186431e-06,3.0255694376535303e-06,0.0,3.0409228202188388e-05,1.708839954517316e-05,8.060971595114097e-06,5.2598579713958316e-06,0.0
1715,adam,0.000125,1.901216018040941e-05,1.0023977381479199e-05,6.579306472076496e-06,2.4088760568474754e-06,0.0,2.7236794267082587e-05,1.5601144696120173e-05,8.507942766300403e-06,3.1277063499146607e-06,0.0
1716,adam,0.000125,1.6919581867114175e-05,9.750054402957176e-06,6.163763799804656e-06,1.0057634796112325e-06,0.0,2.629857772262767e-05,1.6127012713695876e-05,9.45840474741999e-06,7.131603183552215e-07,0.0
1717,adam,0.000125,1.8789718069456285e-05,9.970313385565532e-06,7.55120535700371e-06,1.2681992558327693e-06,0.0,2.5980198188335635e-05,1.7582047803443857e-05,7.587509571749251e-06,8.106411542030401e-07,0.0
1718,adam,0.000125,1.901481368804525e-05,9.82148020511886e-06,7.362926396581315e-06,1.830407086345076e-06,0.0,2.820808549586218e-05,1.5076382624101825e-05,1.017692375171464e-05,2.9547793474193895e-06,0.0
1719,adam,0.000125,1.8360151045726525e-05,9.965698325231642e-06,6.48287684157367e-06,1.9115756551002505e-06,0.0,2.7985272026853636e-05,1.39961148306611e-05,9.52778100327123e-06,4.461376647668658e-06,0.0
1720,adam,0.000125,1.774552748656788e-05,9.283679958116409e-06,6.515435558185345e-06,1.9464120804002505e-06,0.0,2.8544121960294433e-05,1.702550071058795e-05,8.170835826604161e-06,3.347785877849674e-06,0.0
1721,adam,0.000125,1.7459068089920038e-05,9.54330573676998e-06,6.689764319389724e-06,1.2259980621820432e-06,0.0,2.6026080377050675e-05,1.4619799003412481e-05,1.0742523045337293e-05,6.637590104219271e-07,0.0
1722,adam,0.000125,1.8787210649406916e-05,1.0228106191334518e-05,7.0886250682633545e-06,1.470479277898562e-06,0.0,3.170748095726594e-05,2.0095576473977417e-05,7.409767022181768e-06,4.2021374611067586e-06,0.0
1723,adam,0.000125,1.826434066742877e-05,1.0713736401157803e-05,6.315999030448438e-06,1.2346052944423036e-06,0.0,2.804549876600504e-05,1.657544453337323e-05,9.733404112921562e-06,1.7366514839523006e-06,0.0
1724,adam,0.000125,1.9205233343200234e-05,1.0719020167471172e-05,6.919173216601848e-06,1.5670400905776205e-06,0.0,2.770559149212204e-05,1.5964587873895653e-05,1.0402237421658356e-05,1.33876574182068e-06,0.0
1725,adam,0.000125,2.0473295649026113e-05,9.80047758503133e-06,7.419869575642224e-06,3.252948502563413e-06,0.0,3.1016770662972704e-05,1.697840889391955e-05,8.868471923051402e-06,5.169891210243804e-06,0.0
1726,adam,0.000125,2.2420844516091165e-05,1.0252838819724275e-05,8.734710576163707e-06,3.433295269417158e-06,0.0,2.808730823744554e-05,1.8206103050033562e-05,8.806737241684459e-06,1.0744676046670065e-06,0.0
1727,adam,0.000125,2.302885309291014e-05,1.0844893836292613e-05,1.0655267885795183e-05,1.5286913388479206e-06,0.0,3.697982901940122e-05,1.8469516362529248e-05,1.69656614161795e-05,1.5446501038240967e-06,0.0
1728,adam,0.000125,2.1288128664309625e-05,1.035619882827632e-05,9.447930267469928e-06,1.4839993625059833e-06,0.0,2.8222271794220433e-05,1.5955920389387757e-05,8.831255399854854e-06,3.435096914472524e-06,0.0
1729,adam,0.000125,1.7504887580344075e-05,9.1958678467563e-06,6.994603495513729e-06,1.314416341102742e-06,0.0,2.7395744837122038e-05,1.8081649614032358e-05,8.058329513005447e-06,1.2557641184685053e-06,0.0
1730,adam,0.000125,1.597170603417908e-05,9.146713495056247e-06,5.941248957697098e-06,8.837434233299746e-07,0.0,2.4702469090698287e-05,1.4897461369400844e-05,8.698525562067516e-06,1.1064813634220627e-06,0.0
1731,adam,0.000125,1.745797322882936e-05,9.300906725684399e-06,7.108093853958053e-06,1.0489729742602094e-06,0.0,2.589812720543705e-05,1.70937546499772e-05,7.12937799107749e-06,1.674995132816548e-06,0.0
1732,adam,0.000125,1.8376198227088025e-05,1.0259075452268007e-05,6.3429304191231495e-06,1.7741923556968686e-06,0.0,2.4579469027230516e-05,1.432226872566389e-05,9.507557479082607e-06,7.496415150853863e-07,0.0
1733,adam,0.000125,1.6880956309250905e-05,9.477168987359619e-06,6.4806321233845665e-06,9.2315516475594e-07,0.0,2.5336999897263013e-05,1.5976362192304805e-05,8.286074262287002e-06,1.0745626468633418e-06,0.0
1734,adam,0.000125,1.8090134403792035e-05,9.663760295097745e-06,6.757796541023708e-06,1.6685775179325901e-06,0.0,2.5677160010673106e-05,1.5337345757870935e-05,8.197319402825087e-06,2.1424957594717853e-06,0.0
1735,adam,0.000125,2.1699466344671237e-05,9.997039626341575e-06,7.85124106528201e-06,3.851185720549211e-06,0.0,3.0962404707679525e-05,1.573264307808131e-05,1.288329622184392e-05,2.346464043512242e-06,0.0
1736,adam,0.000125,1.89102050285328e-05,9.323147622808392e-06,7.642652690265095e-06,1.9444048184880103e-06,0.0,2.5565808755345643e-05,1.6305326425936073e-05,8.468557098240126e-06,7.919261406641454e-07,0.0
1737,adam,0.000125,1.690999619086142e-05,9.521268935941407e-06,6.148286189500141e-06,1.24044114002686e-06,0.0,2.5288072720286436e-05,1.6658306776662357e-05,7.899072443251498e-06,7.306931024686492e-07,0.0
1738,adam,0.000125,1.6712741569335776e-05,9.153133476047515e-06,6.5263322710507055e-06,1.0332756072983784e-06,0.0,2.4876186216715723e-05,1.6994925317703746e-05,7.339961030083941e-06,5.413012331700884e-07,0.0
1739,adam,0.000125,1.8898240341513883e-05,9.51261301906925e-06,6.748838615067143e-06,2.6367885581635164e-06,0.0,2.656095784914214e-05,1.4659617590950802e-05,8.832572348183021e-06,3.0687676826346433e-06,0.0
1740,adam,0.000125,1.788723636764189e-05,9.109385217698218e-06,6.491764310112558e-06,2.286086896674533e-06,0.0,2.4085182303679176e-05,1.3830633179168217e-05,9.696407687442843e-06,5.581403570431576e-07,0.0
1741,adam,0.000125,1.7877598338600365e-05,9.914991892401304e-06,6.934772500244435e-06,1.0278340472069658e-06,0.0,3.6092449590796605e-05,1.9568678908399306e-05,1.3387487342697568e-05,3.1362840218207566e-06,0.0
1742,adam,0.000125,2.1395564431259118e-05,1.069946966936186e-05,7.956717411161662e-06,2.7393775141604237e-06,0.0,2.6476302082301117e-05,1.443939981982112e-05,1.0279895832354669e-05,1.7570065438121674e-06,0.0
1743,adam,0.000125,1.6310730188706657e-05,9.333871730632382e-06,6.118465222471059e-06,8.583930739547441e-07,0.0,2.633960684761405e-05,1.7638349163462408e-05,7.886119419708848e-06,8.151375823217677e-07,0.0
1744,adam,0.000125,1.862861415702355e-05,9.463463982228859e-06,6.981333626754349e-06,2.183816384615511e-06,0.0,3.3416035876143724e-05,2.105499333993066e-05,8.22291895019589e-06,4.138122676522471e-06,0.0
1745,adam,0.000125,2.0098328946005495e-05,1.069068318315658e-05,6.991347930807024e-06,2.416297530061229e-06,0.0,2.9167184038669802e-05,1.852954301284626e-05,8.805386642052326e-06,1.832255065892241e-06,0.0
1746,adam,0.000125,1.8140302870506275e-05,9.732143922747127e-06,6.926397219331193e-06,1.4817618811946431e-06,0.0,2.5898698368109763e-05,1.634554246265907e-05,7.985511729202699e-06,1.5676453131163726e-06,0.0
1747,adam,0.000125,1.836674687183404e-05,9.096472297187574e-06,7.428490050642722e-06,1.8417846767704305e-06,0.0,2.7376987418392673e-05,1.5363899365183897e-05,1.0755755283753388e-05,1.2573327694553882e-06,0.0
1748,adam,0.000125,1.9412248548178468e-05,9.182734316937058e-06,8.637564803848363e-06,1.5919494185112626e-06,0.0,3.0042894650250673e-05,1.4327509234135505e-05,8.787701517576352e-06,6.927683443791466e-06,0.0
1749,adam,0.000125,1.9306438446164975e-05,9.763527032191632e-06,6.666694616797031e-06,2.8762167332274657e-06,0.0,2.612023672554642e-05,1.4177121556713246e-05,1.0403654414403718e-05,1.539462346045184e-06,0.0
1750,adam,0.000125,1.893948819997604e-05,9.39936344934722e-06,7.2685076588641095e-06,2.2716170455794327e-06,0.0,2.4631695850985125e-05,1.4746166016266216e-05,9.432576916879043e-06,4.529539125996962e-07,0.0
1751,adam,0.000125,1.821346563701809e-05,9.938466689618508e-06,6.8099278394129215e-06,1.4650707367280802e-06,0.0,2.899541323131416e-05,1.8910348444478586e-05,8.418029210588429e-06,1.6670360309944954e-06,0.0
1752,adam,0.000125,1.916174744565069e-05,1.0957026006508386e-05,6.752328687298359e-06,1.4523927589493724e-06,0.0,2.4378467060159892e-05,1.5867699403315783e-05,7.613945854245685e-06,8.968216320681677e-07,0.0
1753,adam,0.000125,1.7024511350882676e-05,9.383265052065326e-06,6.1500026902194804e-06,1.4912434860292478e-06,0.0,2.5456620278418995e-05,1.6351204976672307e-05,8.586968760937452e-06,5.184473934605194e-07,0.0
1754,adam,0.000125,1.711907037815763e-05,8.972642746130077e-06,6.230628827097462e-06,1.9157987658502407e-06,0.0,2.4196247977670282e-05,1.354834694211604e-05,9.542899533698801e-06,1.1050010471080896e-06,0.0
1755,adam,0.000125,1.71021295045648e-05,8.763728800431636e-06,6.5438857888011626e-06,1.7945147874343093e-06,0.0,2.5756786271813326e-05,1.657506072660908e-05,7.994447514647618e-06,1.1872784853039775e-06,0.0
1756,adam,0.000125,1.7231573679055145e-05,9.573010487429201e-06,6.457694667005853e-06,1.2008682244157853e-06,0.0,2.4005228624446318e-05,1.4402617125597317e-05,8.84876226336928e-06,7.53848382828437e-07,0.0
1757,adam,0.000125,1.8333763080136123e-05,1.0034924684987345e-05,7.258885460714737e-06,1.0399529557503229e-06,0.0,2.9231236112536862e-05,1.601654730620794e-05,1.2267573765711859e-05,9.471145290262939e-07,0.0
1758,adam,0.000125,1.8228060980618466e-05,9.888545775993407e-06,7.049042096696212e-06,1.2904731754304066e-06,0.0,2.8578284400282428e-05,1.5587351299473085e-05,1.0069183190353215e-05,2.921749228335102e-06,0.0
1759,adam,0.000125,2.0042434698552825e-05,9.241753986088952e-06,7.0891163659325684e-06,3.711564239949894e-06,0.0,2.7097617930849083e-05,1.803543091227766e-05,8.19518663774943e-06,8.670011197864369e-07,0.0
1760,adam,0.000125,1.969808522517269e-05,9.86099098554405e-06,7.120206078070623e-06,2.7168883534045563e-06,0.0,2.3996610252652317e-05,1.5103553778317291e-05,8.182309102267027e-06,7.107488499968895e-07,0.0
1761,adam,0.000125,1.7345623973596958e-05,9.35458592721261e-06,6.699680881183667e-06,1.2913571758588205e-06,0.0,2.965619569295086e-05,1.5498495486099273e-05,1.1762988833652344e-05,2.394709781583515e-06,0.0
1762,adam,0.000125,2.0545774077618262e-05,9.728379666285036e-06,8.022539276453244e-06,2.7948549856660065e-06,0.0,2.963286533486098e-05,1.7384463717462495e-05,9.52183563640574e-06,2.7265675726084737e-06,0.0
1763,adam,0.000125,1.9778488763222413e-05,9.938476893012194e-06,7.448640872098622e-06,2.3913707707379217e-06,0.0,2.4686669348739088e-05,1.5791192709002644e-05,7.512780484830728e-06,1.382696154905716e-06,0.0
1764,adam,0.000125,1.9082176436313603e-05,9.788589608206166e-06,6.7376298034105275e-06,2.5559566303456904e-06,0.0,2.3854307073634118e-05,1.4058190572541207e-05,7.856711818021722e-06,1.9394042283238377e-06,0.0
1765,adam,0.000125,1.736199334345656e-05,9.10618314264866e-06,6.70754766929349e-06,1.548262602568684e-06,0.0,2.4302145902765915e-05,1.456045083614299e-05,8.843258001434151e-06,8.98437860996637e-07,0.0
1766,adam,0.000125,1.7491987080120452e-05,9.041978671575635e-06,6.755347897069441e-06,1.6946606091750027e-06,0.0,2.7785057682194747e-05,1.3456348824547604e-05,1.2815028640034143e-05,1.51368124079454e-06,0.0
1767,adam,0.000125,1.9612935943769116e-05,9.313253059417548e-06,7.458080261812938e-06,2.841602771752605e-06,0.0,2.601999403850641e-05,1.6008783859433606e-05,8.196398994186893e-06,1.8148109575122362e-06,0.0
1768,adam,0.000125,1.7370412422224035e-05,9.079267385914136e-06,6.555175474431962e-06,1.7359693664786846e-06,0.0,2.4383665731875226e-05,1.5120759599085432e-05,8.264893949672114e-06,9.980113873098162e-07,0.0
1769,adam,0.000125,1.5765603393447236e-05,8.897570609178729e-06,5.925491990410592e-06,9.425407370144967e-07,0.0,2.744523953879252e-05,1.7780836060410365e-05,8.477749361190945e-06,1.1866550266859122e-06,0.0
1770,adam,0.000125,1.8632964383868966e-05,9.49349657730636e-06,7.304586290501902e-06,1.834881445006431e-06,0.0,2.9854105378035456e-05,1.670703204581514e-05,6.823034254921367e-06,6.3240390772989485e-06,0.0
1771,adam,0.000125,1.9751480408558564e-05,9.187948876387964e-06,6.484002256001986e-06,4.079529148270922e-06,0.0,2.7457670512376353e-05,1.4774325791222509e-05,8.685032298672013e-06,3.998312877229182e-06,0.0
1772,adam,0.000125,1.6664930683418788e-05,8.930795900141675e-06,6.425745709748298e-06,1.3083892991261337e-06,0.0,2.746464087977074e-05,1.843779864429962e-05,8.160740435414482e-06,8.661013453092892e-07,0.0
1773,adam,0.000125,1.7083899194858532e-05,9.44213002185279e-06,6.559848600318219e-06,1.0819203524192744e-06,0.0,3.325026773381978e-05,1.76322409970453e-05,1.0419488717161585e-05,5.198538474360248e-06,0.0
1774,adam,0.000125,1.9055465884321166e-05,9.777299226243485e-06,6.853597113831711e-06,2.4245694270064178e-06,0.0,2.5714742150739767e-05,1.644347321416717e-05,8.15663588582538e-06,1.114632937060378e-06,0.0
1775,adam,0.000125,1.7371654735143238e-05,9.69306665865588e-06,6.584587538327469e-06,1.0940007069137891e-06,0.0,2.6996523956768215e-05,1.757089739840012e-05,8.63914920046227e-06,7.864763915677031e-07,0.0
1776,adam,0.000125,1.67618530326763e-05,9.442607250775836e-06,6.134561317594489e-06,1.1846845282548202e-06,0.0,2.553953163442202e-05,1.5637388059985824e-05,9.135342224908527e-06,7.66803054830234e-07,0.0
1777,adam,0.000125,1.6274085112399916e-05,8.968912993623235e-06,6.170608315869686e-06,1.1345638597504148e-06,0.0,2.8402144380379468e-05,1.9080651327385567e-05,7.446514246112201e-06,1.874978693194862e-06,0.0
1778,adam,0.000125,1.6891660038709233e-05,9.327166452521851e-06,6.016543096620808e-06,1.5479503190363175e-06,0.0,2.340824721613899e-05,1.437385526514845e-05,8.189724212570582e-06,8.446685342278215e-07,0.0
1779,adam,0.000125,2.100573306051956e-05,1.0224860318430729e-05,8.781295917970056e-06,1.9995768312242035e-06,0.0,2.864101406885311e-05,1.726751906971913e-05,1.0632302291924134e-05,7.411933893308742e-07,0.0
1780,adam,0.000125,2.216463400372959e-05,1.0004903174376523e-05,1.0104516064757263e-05,2.0552146366981106e-06,0.0,2.9697443096665666e-05,1.861499549704604e-05,8.995080861495808e-06,2.0873674202448456e-06,0.0
1781,adam,0.000125,1.9720535533451766e-05,9.746951150191308e-06,6.927882537866026e-06,3.0457018027618687e-06,0.0,2.8678634407697245e-05,1.7553282305016182e-05,8.515746230841614e-06,2.6096051897184225e-06,0.0
1782,adam,0.000125,1.8337159872316988e-05,9.349760148325004e-06,6.665744450629063e-06,2.3216550602001007e-06,0.0,2.608116301416885e-05,1.448738021281315e-05,7.782134161971044e-06,3.811647957263631e-06,0.0
1783,adam,0.000125,1.815677245531333e-05,9.26503852838323e-06,6.588076303160051e-06,2.3036575846901997e-06,0.0,2.8273709176573902e-05,1.7915286662173457e-05,9.15088730835123e-06,1.2075354334228905e-06,0.0
1784,adam,0.000125,1.7809966038839775e-05,9.810720541736373e-06,6.71436421839644e-06,1.284881101071278e-06,0.0,2.5449586246395484e-05,1.6181547835003585e-05,8.215062734961975e-06,1.05297635855095e-06,0.0
1785,adam,0.000125,1.657011591760238e-05,9.326394263098337e-06,5.694372219977595e-06,1.5493494842644395e-06,0.0,2.6555946533335373e-05,1.3768118151347153e-05,9.188628609990701e-06,3.5991995446238434e-06,0.0
1786,adam,0.000125,1.6377273936996062e-05,8.968019187705067e-06,6.130116986469147e-06,1.2791377663745607e-06,0.0,2.6836580218514428e-05,1.680182322161272e-05,8.634770892967936e-06,1.3999855354995816e-06,0.0
1787,adam,0.000125,1.825658989673684e-05,9.89877526080818e-06,6.411438931763769e-06,1.9463757325866027e-06,0.0,2.2631917090620846e-05,1.4423505490412936e-05,7.632123015355319e-06,5.762892669736175e-07,0.0
1788,adam,0.000125,1.6560126198328362e-05,9.087254255746302e-06,5.9830889824752376e-06,1.489783052477378e-06,0.0,2.3826856704545207e-05,1.4320038644655142e-05,7.955335604492575e-06,1.55148347857903e-06,0.0
1789,adam,0.000125,1.688674524302769e-05,9.238972893399477e-06,6.8287664305444196e-06,8.190059190837928e-07,0.0,2.6105450160684995e-05,1.4694805031467695e-05,1.0191381079494022e-05,1.2192635949759278e-06,0.0
1790,adam,0.000125,1.8662690081328037e-05,9.846786667822016e-06,6.3870347730698995e-06,2.428868612014412e-06,0.0,2.4741444576648064e-05,1.5842773791518994e-05,7.681002898607403e-06,1.2176670907138032e-06,0.0
1791,adam,0.000125,1.9057142367273627e-05,9.668415486885351e-06,6.425149081223935e-06,2.9635780549597257e-06,0.0,2.7401061743148603e-05,1.5835714293643832e-05,1.0169455890718382e-05,1.3958907629785244e-06,0.0
1792,adam,0.000125,1.658016179817423e-05,9.534066037986122e-06,6.002199654631113e-06,1.0438958693015365e-06,0.0,2.3836400941945612e-05,1.4325965821626596e-05,8.778424671618268e-06,7.32010619231005e-07,0.0
1793,adam,0.000125,1.8800664349782892e-05,9.517271394088311e-06,6.513548044040363e-06,2.76984486546894e-06,0.0,2.8434065825422294e-05,1.9313556549604982e-05,7.91900311014615e-06,1.2015060519843246e-06,0.0
1794,adam,0.000125,1.938030419523784e-05,9.512465453553887e-06,7.086260183086779e-06,2.7815785017537564e-06,0.0,2.439845775370486e-05,1.517283271823544e-05,8.060043910518289e-06,1.1655816933853202e-06,0.0
1795,adam,0.000125,1.8971581710047758e-05,9.80829463514965e-06,6.4254663243445975e-06,2.737821073850455e-06,0.0,2.971072171931155e-05,1.4290164472186007e-05,9.042437341122422e-06,6.378118087013718e-06,0.0
1796,adam,0.000125,2.0085846017536824e-05,9.668211617963607e-06,7.886966415071583e-06,2.5306679738434923e-06,0.0,2.6363464712630957e-05,1.5018121303000953e-05,1.0821294381457847e-05,5.240481186774559e-07,0.0
1797,adam,0.000125,1.9389344004139275e-05,1.0409497122054745e-05,7.72927540992896e-06,1.250571301625314e-06,0.0,2.980587123602163e-05,1.4624855793954339e-05,1.3406603102339432e-05,1.7744113165463204e-06,0.0
1798,adam,0.000125,2.176420991872874e-05,1.0339555728933192e-05,9.189008949306299e-06,2.2356452014093975e-06,0.0,3.586387538234703e-05,2.0460091036511585e-05,1.3313316230778582e-05,2.090466068693786e-06,0.0
1799,adam,0.000125,2.0424675994945574e-05,1.0282698809760404e-05,8.54614728496017e-06,1.595829786538161e-06,0.0,2.4595134163973853e-05,1.6178173609660007e-05,7.798251317581162e-06,6.187083272379823e-07,0.0
1800,adam,0.000125,1.789483678749093e-05,9.138074375414362e-06,6.8546633542609925e-06,1.9020990649210034e-06,0.0,2.8173826649435796e-05,1.6341513401130214e-05,8.57200848258799e-06,3.2603045383439166e-06,0.0
1801,adam,0.000125,2.0707329781544104e-05,9.254423105176102e-06,7.070188786428844e-06,4.382717762041466e-06,0.0,2.5455994546064176e-05,1.4854832443234045e-05,8.168224667315371e-06,2.432936298646382e-06,0.0
1802,adam,0.000125,1.8985055305620335e-05,9.869554986607909e-06,7.096909968140608e-06,2.018590500085793e-06,0.0,2.7397985832067207e-05,1.4251950233301613e-05,1.2616804269782733e-05,5.292321247907239e-07,0.0
1803,adam,0.000125,1.8235774859931553e-05,9.396171606113057e-06,6.793579558461715e-06,2.0460236882513527e-06,0.0,2.732478969846852e-05,1.6741791114327498e-05,9.257180863642134e-06,1.3258186299935915e-06,0.0
1804,adam,0.000125,1.7191765550705895e-05,9.67699503462427e-06,6.22872531153007e-06,1.2860448883600384e-06,0.0,2.4691347789485008e-05,1.3939920791017357e-05,9.518925253360067e-06,1.2325017451075837e-06,0.0
1805,adam,0.000125,1.7736834877268848e-05,9.235976676791324e-06,7.2879204822129395e-06,1.2129375406289e-06,0.0,2.5109909984166734e-05,1.465398872824153e-05,9.691370905784424e-06,7.645497248631727e-07,0.0
1806,adam,0.000125,1.7538640008751827e-05,9.232987622453948e-06,6.6208691009705944e-06,1.6847833244071353e-06,0.0,2.350362774450332e-05,1.6253057765425183e-05,6.828051482443698e-06,4.225176155614463e-07,0.0
1807,adam,0.000125,1.5920266889679624e-05,9.011706197270541e-06,5.926670070266482e-06,9.81890439177846e-07,0.0,2.3865146431489848e-05,1.4782110156374983e-05,7.748422831355128e-06,1.3346123068913585e-06,0.0
1808,adam,0.000125,1.8835536252481688e-05,9.99531590650804e-06,6.46420701855277e-06,2.3760134055805793e-06,0.0,2.3826487449696288e-05,1.536531090096105e-05,7.590425411763135e-06,8.707494885129563e-07,0.0
1809,adam,0.000125,1.681263819364176e-05,9.643052237606753e-06,5.880585632667135e-06,1.2890005542942617e-06,0.0,2.510143895051442e-05,1.429046369594289e-05,9.668437087384518e-06,1.1425383945606882e-06,0.0
1810,adam,0.000125,2.0660126722304994e-05,9.665952944715173e-06,7.318613029383414e-06,3.6755607553118352e-06,0.0,2.3939675884321332e-05,1.5597128367517143e-05,7.982761417224538e-06,3.59785047976402e-07,0.0
1811,adam,0.000125,1.9218174202251248e-05,9.975787236271572e-06,6.228665739627104e-06,3.013720933253694e-06,0.0,2.6081985197379254e-05,1.3655281691171695e-05,8.234155757236294e-06,4.192546384729212e-06,0.0
1812,adam,0.000125,2.0689627490355633e-05,9.602673117115046e-06,6.6461620065183524e-06,4.440792388038517e-06,0.0,2.8673965061898343e-05,1.8214144802186638e-05,7.723315320617985e-06,2.736503347477992e-06,0.0
1813,adam,0.000125,1.943489473887894e-05,9.993772948746482e-06,8.07378472700293e-06,1.3673373082667695e-06,0.0,2.92544937110506e-05,1.67870384757407e-05,1.1456209904281422e-05,1.0112456720889895e-06,0.0
1814,adam,0.000125,1.7293818359576107e-05,9.217694810104149e-06,6.680540025172377e-06,1.3955831636991434e-06,0.0,2.7337422579876147e-05,1.6519736163900234e-05,9.097764632315375e-06,1.7199211015395122e-06,0.0
1815,adam,0.000125,1.6944750882430526e-05,9.347149216409889e-06,6.448039613360379e-06,1.1495621166091041e-06,0.0,2.7858111934619956e-05,1.7714510249788873e-05,9.104381206270773e-06,1.0392194553787704e-06,0.0
1816,adam,0.000125,2.0367812226140813e-05,9.723596349431318e-06,7.589500768290236e-06,3.054714966310712e-06,0.0,2.3688578949077055e-05,1.4781714526179712e-05,7.587490927107865e-06,1.3193738368499908e-06,0.0
1817,adam,0.000125,1.8169023746850144e-05,9.567805250298989e-06,6.513025425647356e-06,2.088192925242538e-06,0.0,2.505993688828312e-05,1.6999192666844465e-05,7.211343927338021e-06,8.49401487812429e-07,0.0
1818,adam,0.000125,1.8742067368293647e-05,9.897692478944009e-06,7.1170304636325454e-06,1.7273444683496564e-06,0.0,2.908829992520623e-05,1.907429759739898e-05,6.691424914606614e-06,3.3225769584532827e-06,0.0
1819,adam,0.000125,1.6394415752074565e-05,9.646667280094334e-06,5.714549104141042e-06,1.0331994211298934e-06,0.0,2.3894268451840617e-05,1.441787026124075e-05,8.61280659592012e-06,8.635925041744485e-07,0.0
1820,adam,0.000125,1.5711535922946496e-05,8.876219510511874e-06,6.02701109642112e-06,8.083054048313443e-07,0.0,2.371916161791887e-05,1.5800345863681287e-05,7.338713203353109e-06,5.801026077278948e-07,0.0
1821,adam,0.000125,1.7838530084191007e-05,9.596965412583813e-06,6.1709532701570424e-06,2.0706117282998093e-06,0.0,2.476708687026985e-05,1.6033631254686043e-05,7.363204531429801e-06,1.3702513115276815e-06,0.0
1822,adam,0.000125,1.8347302216170647e-05,9.232903494194034e-06,6.8385279803351295e-06,2.275871302970245e-06,0.0,2.6667732527130283e-05,1.317448459303705e-05,8.247168807429262e-06,5.246080490906024e-06,0.0
1823,adam,0.000125,1.7763896096312237e-05,9.096493215565715e-06,6.089220391913841e-06,2.5781822365900098e-06,0.0,2.9001708753639832e-05,1.4953880054235924e-05,8.771032298682258e-06,5.276797764963703e-06,0.0
1824,adam,0.000125,1.8445606940531434e-05,9.80128152150428e-06,6.422437053288377e-06,2.221888372844205e-06,0.0,2.6694027837947942e-05,1.5602285202476196e-05,9.546549335937016e-06,1.545193526908406e-06,0.0
1825,adam,0.000125,1.677598567084715e-05,8.987023932149896e-06,6.510787500246806e-06,1.2781741318690365e-06,0.0,2.2379032088792883e-05,1.358593362965621e-05,8.270949365396518e-06,5.221497758611804e-07,0.0
1826,adam,0.000125,1.5490315547594946e-05,9.071844544905616e-06,5.556803628792295e-06,8.616674342931674e-07,0.0,2.5895416911225766e-05,1.4651653145847376e-05,1.0765710612758994e-05,4.780516178470862e-07,0.0
1827,adam,0.000125,1.560819345058917e-05,8.819229833534337e-06,6.110898794986497e-06,6.780647581194899e-07,0.0,2.320019484614022e-05,1.5141066796786617e-05,7.659878065169323e-06,3.992503252447932e-07,0.0
1828,adam,0.000125,1.610812910257664e-05,8.626851752069342e-06,5.900071585074329e-06,1.5812055202957254e-06,0.0,2.3099773898138665e-05,1.5065304069139529e-05,6.740786375303287e-06,1.2936827715748223e-06,0.0
1829,adam,0.000125,1.432536782886018e-05,8.355477120858268e-06,5.3048352981477365e-06,6.650554844611634e-07,0.0,2.257232517877128e-05,1.461358078813646e-05,7.125024694687454e-06,8.337185022355698e-07,0.0
1830,adam,0.000125,1.8075989430599293e-05,8.935035367585442e-06,6.252279320051457e-06,2.8886748566492315e-06,0.0,3.08506096189376e-05,1.5268764400389045e-05,1.0582920367596671e-05,4.9989239414571784e-06,0.0
1831,adam,0.000125,2.040813694748067e-05,9.904229216317617e-06,8.316172028344226e-06,2.187735692160686e-06,0.0,2.2056357920519076e-05,1.3286576177051757e-05,8.181183147826232e-06,5.885977429898048e-07,0.0
1832,adam,0.000125,1.8198424584170425e-05,9.039071017014066e-06,7.761075323742261e-06,1.398278048014845e-06,0.0,2.5849200028460473e-05,1.6913001672946848e-05,7.851151167415082e-06,1.0850462786038406e-06,0.0
1833,adam,0.000125,1.63770266112806e-05,8.760598859680613e-06,5.8571690999542625e-06,1.759258708489142e-06,0.0,2.162360578950029e-05,1.2597422937687952e-05,8.144363164319657e-06,8.818186074677214e-07,0.0
1834,adam,0.000125,1.70486278534554e-05,9.019424567213719e-06,6.601594435551306e-06,1.4276088169395962e-06,0.0,2.3041047825245187e-05,1.4921536603651475e-05,7.465998805855634e-06,6.535114493999572e-07,0.0
1835,adam,0.000125,1.8413932480143558e-05,9.219506210911277e-06,7.444482065466218e-06,1.749944246398627e-06,0.0,2.5223604097845964e-05,1.6697315004421398e-05,7.928660124889575e-06,5.976281158837082e-07,0.0
1836,adam,0.000125,1.665770884073936e-05,9.195487962188054e-06,6.020102119919102e-06,1.4421188758717562e-06,0.0,2.5299317712779157e-05,1.599847928446252e-05,7.864006875024643e-06,1.436832008039346e-06,0.0
1837,adam,0.000125,1.6137022157636238e-05,8.792753476427606e-06,6.027440562661468e-06,1.3168281380870894e-06,0.0,2.8634787668124773e-05,1.4946799637982622e-05,1.0666200978448614e-05,3.021786824319861e-06,0.0
1838,adam,0.000125,1.940995912264043e-05,9.496497312966312e-06,8.258196004362617e-06,1.6552657307045138e-06,0.0,2.300388769072015e-05,1.4823647688899655e-05,7.329932941502193e-06,8.503068897880439e-07,0.0
1839,adam,0.000125,1.9773223016272823e-05,1.0741150390458643e-05,7.256330462723781e-06,1.7757422163811043e-06,0.0,2.5948440452339128e-05,1.655870073591359e-05,8.151588190230541e-06,1.2381512988213217e-06,0.0
1840,adam,0.000125,1.6511955550413404e-05,9.380391020386014e-06,5.8678780590071256e-06,1.263686453256696e-06,0.0,2.759874041657895e-05,1.655861888139043e-05,8.938715836848132e-06,2.101406153087737e-06,0.0
1841,adam,0.000125,1.9090996374870883e-05,9.937362648315684e-06,6.6993361258482764e-06,2.454297600706923e-06,0.0,2.9622862712130882e-05,1.448901184630813e-05,1.0038364962383639e-05,5.095485903439112e-06,0.0
1842,adam,0.000125,1.958597840712173e-05,9.825805278751432e-06,6.972204602107013e-06,2.7879682313880494e-06,0.0,2.7817537556984462e-05,1.4205788829713129e-05,9.163694812741596e-06,4.4480525502876844e-06,0.0
1843,adam,0.000125,1.8253866187478707e-05,9.44175235417788e-06,6.750397233190597e-06,2.061716891432752e-06,0.0,2.718910764087923e-05,1.767984031175729e-05,8.587132469983771e-06,9.22135029668425e-07,0.0
1844,adam,0.000125,1.812091630881696e-05,1.0387379774101646e-05,6.363322853530917e-06,1.3702139511906353e-06,0.0,2.440078060317319e-05,1.5158767382672522e-05,8.236408575612586e-06,1.0056043038275675e-06,0.0
1845,adam,0.000125,1.8709316520926222e-05,1.0706971295348922e-05,6.2895026644582686e-06,1.7128425184864682e-06,0.0,2.759764902293682e-05,1.6595524357398972e-05,9.282745850214269e-06,1.7193784742630669e-06,0.0
1846,adam,0.000125,1.6740607804877072e-05,9.225776693710941e-06,6.194079176680134e-06,1.3207519593549932e-06,0.0,2.381450030952692e-05,1.5110015738173388e-05,7.517593985539861e-06,1.1868910405610222e-06,0.0
1847,adam,0.000125,1.676451910270771e-05,9.613039111400212e-06,5.925511686655227e-06,1.2259682815596307e-06,0.0,2.474175562383607e-05,1.3976705304230563e-05,8.736038580536842e-06,2.029011511694989e-06,0.0
1848,adam,0.000125,1.8011371537340892e-05,9.743431519382284e-06,6.695715455862228e-06,1.5722245478855257e-06,0.0,2.309106093889568e-05,1.41606824399787e-05,7.0403666541096754e-06,1.8900112763731158e-06,0.0
1849,adam,0.000125,1.92678191979212e-05,8.77002969446039e-06,6.944949205944795e-06,3.552840446729988e-06,0.0,2.7722744562197477e-05,1.4529186955769546e-05,9.04761691344902e-06,4.14594023823156e-06,0.0
1850,adam,0.000125,1.6038483124702907e-05,8.65506621039458e-06,6.151300851797714e-06,1.2321160625106131e-06,0.0,2.6164001610595733e-05,1.6152158423210494e-05,9.012960617837962e-06,9.988839337893296e-07,0.0
1851,adam,0.000125,2.1865201290438563e-05,1.0636450326728664e-05,8.024512027304809e-06,3.2042389896957957e-06,0.0,2.4939039576565847e-05,1.5605994121870026e-05,7.32802800484933e-06,2.005018359341193e-06,0.0
1852,adam,0.000125,1.9707451997419412e-05,9.914870247484942e-06,6.609083214925704e-06,3.1834983893475055e-06,0.0,2.9677750717382878e-05,1.769796472217422e-05,8.037081897782627e-06,3.942702733183978e-06,0.0
1853,adam,0.000125,1.7564430493166583e-05,9.880649855631418e-06,6.205296585903852e-06,1.4784840409731714e-06,0.0,2.7770465749199502e-05,1.828123458835762e-05,8.534128937753849e-06,9.55102791522222e-07,0.0
1854,adam,0.000125,1.9612625806075812e-05,1.0030360073187694e-05,7.909657767868339e-06,1.6726080822593303e-06,0.0,2.6356430680607446e-05,1.6787857020972297e-05,7.0054161369625945e-06,2.5631575226725545e-06,0.0
1855,adam,0.000125,2.059652649677446e-05,9.873245744529413e-06,6.682295833115859e-06,4.040985253084273e-06,0.0,2.9989503673277795e-05,1.8583428754936904e-05,7.684326192247681e-06,3.7217494082142366e-06,0.0
1856,adam,0.000125,1.727862235156863e-05,9.742192020212315e-06,6.272659717865281e-06,1.2637706578999541e-06,0.0,2.4181572371162474e-05,1.5072764654178172e-05,7.69014241086552e-06,1.4186666703608353e-06,0.0
1857,adam,0.000125,2.0776416477019666e-05,9.407091113189381e-06,6.603027699725317e-06,4.7662974722584295e-06,0.0,2.60279393842211e-05,1.6574576875427738e-05,8.894682650861796e-06,5.586786642197694e-07,0.0
1858,adam,0.000125,1.6969082082596287e-05,8.585719200482345e-06,5.953202560249338e-06,2.4301603716025966e-06,0.0,2.2041727788746357e-05,1.3815620150126051e-05,7.560526228189701e-06,6.655807851529971e-07,0.0
1859,adam,0.000125,1.4949054957469343e-05,8.89916179858119e-06,5.306974827590238e-06,7.429181927420814e-07,0.0,2.549221426306758e-05,1.4726329936820548e-05,9.403462172485888e-06,1.3624214716401184e-06,0.0
1860,adam,0.000125,1.6234199563314178e-05,8.602826142123376e-06,6.537082413160533e-06,1.0942909192124262e-06,0.0,2.456022957630921e-05,1.3879258403903805e-05,7.941685908008367e-06,2.739284809649689e-06,0.0
1861,adam,0.000125,1.7388356184255827e-05,9.180370454942022e-06,6.315037012427638e-06,1.8929485889884745e-06,0.0,2.8891759939142503e-05,1.632359271752648e-05,8.151373549480923e-06,4.4167936721351e-06,0.0
1862,adam,0.000125,1.7986932732583227e-05,9.196746759698726e-06,6.655064140659306e-06,2.1351222727616914e-06,0.0,2.5854247724055313e-05,1.4154638847685419e-05,8.475790309603326e-06,3.223818339392892e-06,0.0
1863,adam,0.000125,1.7330133402992942e-05,8.855997862156073e-06,6.278838156958955e-06,2.195297231111226e-06,0.0,2.5131779693765566e-05,1.602358497621026e-05,7.853665010770783e-06,1.254530502592388e-06,0.0
1864,adam,0.000125,1.6679792111062852e-05,9.451305402308208e-06,5.911963285143429e-06,1.3165237042755962e-06,0.0,2.2982170776231214e-05,1.4373772501130588e-05,7.591080247948412e-06,1.0173172313443501e-06,0.0
1865,adam,0.000125,1.637762977679813e-05,9.311240944498422e-06,5.622320344400578e-06,1.4440684807937032e-06,0.0,2.618388316477649e-05,1.6182517356355675e-05,8.773241461312864e-06,1.2281242334211129e-06,0.0
1866,adam,0.000125,1.7493704319804237e-05,8.488708459708505e-06,6.443890100626959e-06,2.5611058180885493e-06,0.0,2.925515036622528e-05,1.614608299860265e-05,7.891942004789598e-06,5.217125817580381e-06,0.0
1867,adam,0.000125,1.7017882385061966e-05,9.182277835861896e-06,6.066743594601576e-06,1.7688608764387936e-06,0.0,2.4346283680642955e-05,1.3984428733238019e-05,9.372911335958634e-06,9.889432703857892e-07,0.0
1868,adam,0.000125,1.6324770456321858e-05,8.640703413220763e-06,6.684547514623773e-06,9.995193988032725e-07,0.0,2.3876707928138785e-05,1.4264267520047724e-05,8.556066859455314e-06,1.0563729802015587e-06,0.0
1869,adam,0.000125,1.6464476459532307e-05,9.291026032087757e-06,6.146596092548862e-06,1.0268542336433484e-06,0.0,2.534083068894688e-05,1.640410118852742e-05,8.388363312406e-06,5.483652216753399e-07,0.0
1870,adam,0.000125,1.7450323241519072e-05,9.010525388930546e-06,6.762722364328511e-06,1.6770757795825375e-06,0.0,2.2236015865928493e-05,1.4000349437992554e-05,7.627417289768346e-06,6.082494792281068e-07,0.0
1871,adam,0.000125,1.660885277487978e-05,9.056825888364983e-06,5.738360599139014e-06,1.8136665076440295e-06,0.0,2.4371751351282e-05,1.5132478438317776e-05,7.636275768163614e-06,1.6029978269216372e-06,0.0
1872,adam,0.000125,1.536873833174468e-05,8.805432685221604e-06,5.523002755580819e-06,1.0403027275174281e-06,0.0,2.4649236365803517e-05,1.490153772465419e-05,7.688526238780469e-06,2.059172629742534e-06,0.0
1873,adam,0.000125,1.5327061817060894e-05,8.869703208347346e-06,5.528032204438205e-06,9.293263563137089e-07,0.0,2.2106953110778704e-05,1.3624051462102216e-05,7.86817054176936e-06,6.147312774373859e-07,0.0
1874,adam,0.000125,1.564104735507499e-05,8.73859650596387e-06,5.905158985797243e-06,9.972921812817503e-07,0.0,2.5361583539051935e-05,1.4394418030860834e-05,9.983124073187355e-06,9.840413213169086e-07,0.0
1875,adam,0.000125,1.6414417871146725e-05,8.482197785042445e-06,6.999019888098701e-06,9.332001145168078e-07,0.0,2.5726243620738387e-05,1.565668026159983e-05,7.073352207953576e-06,2.99621115118498e-06,0.0
1876,adam,0.000125,1.7753468512182735e-05,8.862630721750975e-06,5.823018184969442e-06,3.067819733360011e-06,0.0,2.2493892174679786e-05,1.4151037248666398e-05,7.583877959405072e-06,7.589767960780591e-07,0.0
1877,adam,0.000125,1.5324075945954974e-05,8.879323615929025e-06,5.5469358244408795e-06,8.978165375594926e-07,0.0,2.3446831619367003e-05,1.380968933517579e-05,8.266588338301517e-06,1.3705533774555079e-06,0.0
1878,adam,0.000125,2.1984533134400408e-05,8.596166622965029e-06,7.415869248461604e-06,5.972497639561425e-06,0.0,2.530958954594098e-05,1.403141868649982e-05,7.196415936050471e-06,4.081753104401287e-06,0.0
1879,adam,0.000125,1.8093645280714554e-05,9.28327324345446e-06,6.436964270051249e-06,2.373408122480214e-06,0.0,2.8386199119267985e-05,1.718124076433014e-05,6.998446224315558e-06,4.206511221127585e-06,0.0
1880,adam,0.000125,1.8840778807316383e-05,9.619566299079452e-06,6.5678254088652466e-06,2.653387195294954e-06,0.0,2.417146970401518e-05,1.4185842701408546e-05,8.912212251743767e-06,1.0734142961155158e-06,0.0
1881,adam,0.000125,2.0085453229512495e-05,9.47258976680132e-06,7.538892106140338e-06,3.0739716407879314e-06,0.0,2.9134189389878884e-05,1.4442804967984557e-05,1.0311367077520117e-05,4.380016889626859e-06,0.0
1882,adam,0.000125,2.248244334168703e-05,1.0834746518639804e-05,8.433739395741213e-06,3.213957565861847e-06,0.0,2.7342737666913308e-05,1.4906423530192114e-05,1.0496708455320913e-05,1.9396047719055787e-06,0.0
1883,adam,0.000125,1.957937337238036e-05,9.033750927756046e-06,8.028995154063523e-06,2.5166271999665923e-06,0.0,2.409737317066174e-05,1.5413410437759012e-05,7.439202818204649e-06,1.244759573637566e-06,0.0
1884,adam,0.000125,1.4514564952605724e-05,8.52124571792956e-06,5.265406571197673e-06,7.279127629544746e-07,0.0,2.24248506128788e-05,1.5008628906798549e-05,7.03626528775203e-06,3.799551677730051e-07,0.0
1885,adam,0.000125,1.6596018099335197e-05,9.270914745229675e-06,6.112711972150464e-06,1.2123915453798872e-06,0.0,2.5108714908128604e-05,1.4972862118156627e-05,9.01242583495332e-06,1.1234251360292546e-06,0.0
1886,adam,0.000125,1.646918025244304e-05,9.56827369691382e-06,5.9479620801994315e-06,9.529447417833126e-07,0.0,2.540926834626589e-05,1.654660991334822e-05,7.255853688548086e-06,1.6068037211880437e-06,0.0
1887,adam,0.000125,1.4680636638786382e-05,8.632596831148476e-06,5.273626811685972e-06,7.744131931275433e-07,0.0,2.244161078124307e-05,1.3983212738821749e-05,7.788016773702111e-06,6.703820645270753e-07,0.0
1888,adam,0.000125,1.494348498454201e-05,8.531319735993748e-06,5.662609680712194e-06,7.495554079639533e-07,0.0,2.581364242359996e-05,1.713321398710832e-05,7.533496500400361e-06,1.1469312539702514e-06,0.0
1889,adam,0.000125,2.2394496454580803e-05,1.1367194588274288e-05,6.936616074426638e-06,4.090685767010882e-06,0.0,2.4741122615523636e-05,1.5671785149606876e-05,7.94757124822354e-06,1.1217676956221112e-06,0.0
1890,adam,0.000125,1.8460969386069337e-05,1.0227899764458925e-05,6.794171383717185e-06,1.4388983160529278e-06,0.0,2.5227318474208005e-05,1.5568915841868147e-05,8.888522643246688e-06,7.698795343458187e-07,0.0
1891,adam,0.000125,1.8870266046633333e-05,9.346139108856732e-06,7.697346831037066e-06,1.8267802772697905e-06,0.0,2.826770105457399e-05,1.8315808119950816e-05,9.000983482110314e-06,9.509098504167923e-07,0.0
1892,adam,0.000125,1.9399017332943913e-05,1.0050540652173368e-05,6.831621362834994e-06,2.5168554582677416e-06,0.0,2.7807469450635836e-05,1.587784936418757e-05,9.127329576585907e-06,2.802291191983386e-06,0.0
1893,adam,0.000125,1.8181555503815616e-05,1.0130970849786536e-05,5.898344682009338e-06,2.1522399187290375e-06,0.0,2.6014877221314237e-05,1.5547000657534227e-05,8.75642399478238e-06,1.7114531374318176e-06,0.0
1894,adam,0.000125,1.8280519327618094e-05,1.049728894031432e-05,6.2773059426035616e-06,1.5059243274606615e-06,0.0,2.5928575269063003e-05,1.618298665562179e-05,8.379623977816664e-06,1.3659650903719012e-06,0.0
1895,adam,0.000125,1.8253588223160477e-05,9.353551433832763e-06,7.407898323208428e-06,1.4921384483557176e-06,0.0,2.4969996957224794e-05,1.5298346625058912e-05,8.137600161717273e-06,1.5340502841354464e-06,0.0
1896,adam,0.000125,1.8107756943663844e-05,9.244390241747169e-06,6.900163583622998e-06,1.9632030046068394e-06,0.0,2.6317597075831145e-05,1.4122732864052523e-05,1.092557704396313e-05,1.2692879636233556e-06,0.0
1897,adam,0.000125,1.692456447699442e-05,9.156347260841358e-06,6.83530603851068e-06,9.329111207989627e-07,0.0,2.2320577045320533e-05,1.447029262635624e-05,7.149509201553883e-06,7.007749900367344e-07,0.0
1898,adam,0.000125,1.5795250362771185e-05,7.976671042797534e-06,6.076665215459798e-06,1.7419141542518446e-06,0.0,2.2604255718761124e-05,1.3506051800504792e-05,7.796741556376219e-06,1.3014624755669502e-06,0.0
1899,adam,0.000125,1.5779978639329784e-05,8.700335285993788e-06,5.7938742656915565e-06,1.285769181791352e-06,0.0,2.6318306481698528e-05,1.5938288925099187e-05,7.591191661049379e-06,2.7888261229236377e-06,0.0
1900,adam,0.000125,1.7222137500993995e-05,9.695713998780775e-06,5.838017898440739e-06,1.6884056890376087e-06,0.0,2.3108237655833364e-05,1.3797994142805692e-05,7.41031180950813e-06,1.8999313624590286e-06,0.0
1901,adam,0.000125,1.7570494435403816e-05,9.192388290557574e-06,6.101434394167882e-06,2.276672002921032e-06,0.0,2.8634420232265256e-05,1.556883034936618e-05,9.835152013693005e-06,3.230437869206071e-06,0.0
1902,adam,0.000125,1.76113168208758e-05,9.003691388898005e-06,6.730924184239484e-06,1.8767012406328831e-06,0.0,2.2716738385497592e-05,1.4801983525103424e-05,7.302705398615217e-06,6.120507691775856e-07,0.0
1903,adam,0.000125,1.576312973838867e-05,9.011218054411074e-06,6.022278995487795e-06,7.296325179595442e-07,0.0,2.603677421575412e-05,1.4806921171839349e-05,1.0611971447360702e-05,6.178816533974896e-07,0.0
1904,adam,0.000125,1.833242993143358e-05,9.400004699955389e-06,6.6189039671371575e-06,2.3135215592162695e-06,0.0,2.357499033678323e-05,1.465590230509406e-05,7.716475920460653e-06,1.2026124522890314e-06,0.0
1905,adam,0.000125,1.850932136449046e-05,9.934867335914532e-06,6.427568763456293e-06,2.1468853255157683e-06,0.0,2.9000620997976512e-05,1.7068519809981808e-05,7.28328541299561e-06,4.648817139241146e-06,0.0
1906,adam,0.000125,2.1378453993747826e-05,9.527626559702185e-06,8.442733729907559e-06,3.408093725454364e-06,0.0,2.534001032472588e-05,1.6432863048976287e-05,7.974004802235868e-06,9.331412229585112e-07,0.0
1907,adam,0.000125,2.0445546738301346e-05,9.88982648664205e-06,8.879810536654986e-06,1.6759100169849717e-06,0.0,3.4433403925504535e-05,1.7040114471456036e-05,1.5834109944989905e-05,1.5591796227454324e-06,0.0
1908,adam,0.000125,1.9463027285837597e-05,9.494448022451252e-06,7.55684231990017e-06,2.4117371353327144e-06,0.0,2.2582529709325172e-05,1.298815095651662e-05,8.563409210182726e-06,1.0309689741916372e-06,0.0
1909,adam,0.000125,1.690127351139381e-05,8.587944023474847e-06,5.981379644026674e-06,2.331949538358913e-06,0.0,2.3606397007824853e-05,1.3567718269769102e-05,9.454302926314995e-06,5.843755843670806e-07,0.0
1910,adam,0.000125,1.7507434506569552e-05,9.335532809018332e-06,7.121077118199537e-06,1.050824529613692e-06,0.0,2.3485898054786958e-05,1.3259900697448757e-05,8.310626071761362e-06,1.9153721950715408e-06,0.0
1911,adam,0.000125,1.7119419055688923e-05,8.514751925758901e-06,7.07748856143553e-06,1.5271786359960515e-06,0.0,2.5256456865463406e-05,1.4329408259072807e-05,7.049540272419108e-06,3.877509243466193e-06,0.0
1912,adam,0.000125,1.687174994913221e-05,9.059582652071185e-06,6.270751811143782e-06,1.5414157381599125e-06,0.0,2.964040686492808e-05,1.6006008081603795e-05,1.2101050742785446e-05,1.533347244730976e-06,0.0
1913,adam,0.000125,1.697626419172593e-05,8.53888062124497e-06,6.950891503265666e-06,1.4864920672152948e-06,0.0,2.8379141440382227e-05,1.6256619346677326e-05,8.649951269035228e-06,3.4725701425486477e-06,0.0
1914,adam,0.000125,1.6948063091604126e-05,8.868257708627425e-06,5.7906280517272535e-06,2.2891777575750893e-06,0.0,2.3924789275042713e-05,1.298761799262138e-05,8.403858373640105e-06,2.533314045649604e-06,0.0
1915,adam,0.000125,1.638049144503384e-05,8.64648669107737e-06,6.4107288437753596e-06,1.3232761020276484e-06,0.0,2.3984477593330666e-05,1.4569787708751392e-05,8.646482456242666e-06,7.682064619984885e-07,0.0
1916,adam,0.000125,1.5598315030729282e-05,8.604178503901494e-06,6.179294473440677e-06,8.148423464859889e-07,0.0,2.3054533812683076e-05,1.361353770334972e-05,8.803725904726889e-06,6.372698635459528e-07,0.0
1917,adam,0.000125,1.574096711465245e-05,8.635757779984488e-06,5.888865899805751e-06,1.216343385124219e-06,0.0,2.6077845177496783e-05,1.599174356670119e-05,8.14825853012735e-06,1.937844444910297e-06,0.0
1918,adam,0.000125,2.0231262681136286e-05,8.667512986448855e-06,6.616937270109702e-06,4.946812314443605e-06,0.0,2.7820002287626266e-05,1.417999646946555e-05,9.427138138562441e-06,4.212865860608872e-06,0.0
1919,adam,0.000125,1.8356879706971085e-05,8.951076495122834e-06,6.36544339727152e-06,3.0403597630623835e-06,0.0,2.504065378161613e-05,1.7371223293594085e-05,6.500940344267292e-06,1.1684892342600506e-06,0.0
1920,adam,0.000125,1.6677172823165165e-05,8.969680067139052e-06,6.127598609850793e-06,1.579893705638824e-06,0.0,2.7467633117339574e-05,1.4650083357992116e-05,7.683078365516849e-06,5.134470029588556e-06,0.0
1921,adam,0.000125,1.7092734367452067e-05,9.068950163282352e-06,6.574833832928562e-06,1.4489500799186317e-06,0.0,2.323671469639521e-05,1.476870875194436e-05,7.891012501204386e-06,5.769925337517634e-07,0.0
1922,adam,0.000125,1.6364752752906497e-05,8.481963647000157e-06,5.8259263084892154e-06,2.0568628720241122e-06,0.0,2.372239214309957e-05,1.5368952517746948e-05,7.090284270816483e-06,1.2631556955966516e-06,0.0
1923,adam,0.000125,1.4326114751384011e-05,8.404710257536863e-06,5.103434659758932e-06,8.179698518517853e-07,0.0,2.4686156393727288e-05,1.3476025742420461e-05,6.982010290812468e-06,4.228121724736411e-06,0.0
1924,adam,0.000125,1.9230117061397323e-05,8.644029037441214e-06,6.407023334986661e-06,4.179064809761712e-06,0.0,2.535024941607844e-05,1.683846494415775e-05,7.693476618442219e-06,8.183073418877029e-07,0.0
1925,adam,0.000125,1.7473820093982795e-05,9.419410275768314e-06,5.990461261262681e-06,2.0639485285300907e-06,0.0,2.4139015295077115e-05,1.4073923921387177e-05,8.938362043409143e-06,1.1267298987149843e-06,0.0
1926,adam,0.000125,1.747879872482372e-05,8.97369741892362e-06,6.508902984592169e-06,1.9961982502536557e-06,0.0,2.156675691367127e-05,1.307757065660553e-05,7.0098139985930175e-06,1.4793736227147747e-06,0.0
1927,adam,0.000125,1.5297939683023287e-05,8.9709345729716e-06,5.344570013221528e-06,9.824350897247314e-07,0.0,2.4043451048783027e-05,1.3265768757264595e-05,9.772506928129587e-06,1.0051747949546552e-06,0.0
1928,adam,0.000125,1.46274364283272e-05,8.032033150584539e-06,5.636915801687792e-06,9.584872842083314e-07,0.0,2.2001922843628563e-05,1.4535949048877228e-05,6.717409178236267e-06,7.485651281058381e-07,0.0
1929,adam,0.000125,1.4788660791964503e-05,8.621485079629565e-06,5.3012382466022245e-06,8.659375545505554e-07,0.0,2.8597951313713565e-05,1.3762667549599428e-05,1.0999230653396808e-05,3.836051291727927e-06,0.0
1930,adam,0.000125,2.046287761459098e-05,9.47893630609542e-06,7.0002697043491935e-06,3.983672149487916e-06,0.0,2.7255295208306052e-05,1.6305306417052634e-05,9.39057645155117e-06,1.5594131355101126e-06,0.0
1931,adam,0.000125,1.647849359187603e-05,9.23914538475401e-06,5.773463357172659e-06,1.4658850489013275e-06,0.0,2.384278195677325e-05,1.680557215877343e-05,6.612014658458065e-06,4.251968732660316e-07,0.0
1932,adam,0.000125,1.6279162196042307e-05,8.952369626058498e-06,5.875785490161434e-06,1.451007147323935e-06,0.0,2.2120957510196604e-05,1.2860828974226024e-05,8.454360795440152e-06,8.057668878791446e-07,0.0
1933,adam,0.000125,1.758797054662864e-05,9.01200962744042e-06,6.769837597175865e-06,1.8061235849131663e-06,0.0,2.673347989912145e-05,1.589450766914524e-05,8.015478670131415e-06,2.82349265035009e-06,0.0
1934,adam,0.000125,1.528268023776036e-05,8.716093219618415e-06,5.54739561664519e-06,1.0191915151835929e-06,0.0,2.409147964499425e-05,1.3449507605400868e-05,9.601341844245326e-06,1.040631786963786e-06,0.0
1935,adam,0.000125,1.6049209648372198e-05,8.649385534909015e-06,6.143925247670268e-06,1.2558988693456286e-06,0.0,2.339898856007494e-05,1.5061844351293985e-05,7.64462492952589e-06,6.925179150130134e-07,0.0
1936,adam,0.000125,1.6024912497414334e-05,9.030610584659371e-06,5.970553189627026e-06,1.0237488954345508e-06,0.0,2.473312633810565e-05,1.62558881129371e-05,7.5048628787044436e-06,9.723752327772672e-07,0.0
1937,adam,0.000125,1.642441719695853e-05,8.747862693780917e-06,6.3055065595563065e-06,1.3710480288864346e-06,0.0,2.7480766220833175e-05,1.5156089830270503e-05,8.551311111659743e-06,3.7733643694082275e-06,0.0
1938,adam,0.000125,1.6768951638823637e-05,8.28331204161259e-06,6.42616876689317e-06,2.0594709333465744e-06,0.0,3.032403765246272e-05,1.3085628779663239e-05,1.2579931535583455e-05,4.658477791963378e-06,0.0
1939,adam,0.000125,1.8466097060354514e-05,9.042532639114143e-06,6.551053246539595e-06,2.8725112244387674e-06,0.0,2.6516292564338073e-05,1.4651564924861304e-05,8.10164783615619e-06,3.763080712815281e-06,0.0
1940,adam,0.000125,1.8777014645365853e-05,8.92450401579481e-06,7.053858098515775e-06,2.7986524777645627e-06,0.0,2.4153287085937336e-05,1.5848898328840733e-05,7.765194823150523e-06,5.391937065724051e-07,0.0
1941,adam,0.000125,1.98784730969237e-05,9.225566458326284e-06,6.509987144909246e-06,4.1429196606657115e-06,0.0,2.2902628188603558e-05,1.5221122339426074e-05,7.0361047619371675e-06,6.454013714574103e-07,0.0
1942,adam,0.000125,1.758256604489361e-05,8.492389838465897e-06,6.8373365138540976e-06,2.252839550465069e-06,0.0,2.382963793934323e-05,1.526739106338937e-05,7.980239388416521e-06,5.820079991281091e-07,0.0
1943,adam,0.000125,1.7621195354422525e-05,8.269231187796322e-06,7.310341999300363e-06,2.041622039428148e-06,0.0,2.4905933969421312e-05,1.544856968394015e-05,8.064318535616621e-06,1.393046545672405e-06,0.0
1944,adam,0.000125,1.803562906843581e-05,8.808422506945135e-06,7.665412709911834e-06,1.5617939030931893e-06,0.0,2.419817610643804e-05,1.529048677184619e-05,8.059410902205855e-06,8.482790008201846e-07,0.0
1945,adam,0.000125,1.7589362357739446e-05,9.283243684876652e-06,6.227570509054203e-06,2.078548353878773e-06,0.0,2.343956657568924e-05,1.456791960663395e-05,8.138107659760863e-06,7.335410145969945e-07,0.0
1946,adam,0.000125,1.638211256249633e-05,8.42200202555432e-06,5.618768625481607e-06,2.3413421814666435e-06,0.0,2.8412248866516165e-05,1.759994847816415e-05,6.984316769376164e-06,3.827982709481148e-06,0.0
1947,adam,0.000125,1.9093919775059476e-05,9.654302061790077e-06,6.103612633978628e-06,3.3360049371822242e-06,0.0,2.6088388040079735e-05,1.6417965525761247e-05,7.002955953794299e-06,2.6674658784031635e-06,0.0
1948,adam,0.000125,1.6770048034686624e-05,9.048497645380849e-06,6.5544437148901125e-06,1.1671068165242104e-06,0.0,2.8908905733260326e-05,1.580374919285532e-05,1.1904944585694466e-05,1.200211272589513e-06,0.0
1949,adam,0.000125,1.475530262950997e-05,7.785761340528552e-06,6.154172581318562e-06,8.153687094392126e-07,0.0,2.1218027541181073e-05,1.4244906196836382e-05,6.603483598155435e-06,3.696376893458364e-07,0.0
1950,adam,0.000125,1.4595823017771181e-05,8.240327133535175e-06,5.566334110085336e-06,7.891620867894744e-07,0.0,2.7250895072938874e-05,1.77601796167437e-05,9.022743142850231e-06,4.679705511989596e-07,0.0
1951,adam,0.000125,1.5680127546602307e-05,8.567858287733543e-06,6.006655780765868e-06,1.1056137037002145e-06,0.0,2.670883623068221e-05,1.7462834875914268e-05,8.040541615628172e-06,1.2054592843924183e-06,0.0
1952,adam,0.000125,1.5791288831223937e-05,8.640572673357383e-06,6.027847121004015e-06,1.1228693743703388e-06,0.0,2.463835699018091e-05,1.5164087017183192e-05,7.056715276121395e-06,2.4175560611183755e-06,0.0
1953,adam,0.000125,1.54531538782976e-05,8.68492463723669e-06,5.5480168157373555e-06,1.2202122547932959e-06,0.0,2.6378946131444536e-05,1.6408341252827086e-05,7.197393642854877e-06,2.7732116905099247e-06,0.0
1954,adam,0.000125,1.6845660070430313e-05,9.408301963276244e-06,6.294271258866502e-06,1.1430870472395327e-06,0.0,2.8184967959532514e-05,1.7685495549812913e-05,7.408801593555836e-06,3.0906694519217126e-06,0.0
1955,adam,0.000125,1.7728212583278946e-05,9.402745945408242e-06,6.376166197696875e-06,1.9493007883397695e-06,0.0,2.3992970454855822e-05,1.5284416804206558e-05,7.761919732729439e-06,9.46633804232988e-07,0.0
1956,adam,0.000125,1.5622028968209634e-05,8.249675687466151e-06,5.954646127293017e-06,1.4177069509457851e-06,0.0,2.2410247765947133e-05,1.4781193385715596e-05,6.662663508905098e-06,9.663899618317373e-07,0.0
1957,adam,0.000125,1.4514223096284695e-05,8.61751291836299e-06,5.095758552897678e-06,8.009515859441763e-07,0.0,2.2466239897767082e-05,1.3265635971038137e-05,8.258200068667065e-06,9.424041422789742e-07,0.0
1958,adam,0.000125,1.7534241692374053e-05,8.772700653025822e-06,7.300116948272262e-06,1.4614242935806487e-06,0.0,2.765702265605796e-05,1.4769717381568626e-05,9.394047992827836e-06,3.4932584185298765e-06,0.0
1959,adam,0.000125,1.8407947948162473e-05,9.425989617284358e-06,6.664420197921572e-06,2.317538204010816e-06,0.0,4.0961749618873e-05,1.9775614418904297e-05,9.743331247591414e-06,1.1442803042882588e-05,0.0
1960,adam,0.000125,2.6337682129451423e-05,9.962470983282401e-06,9.399308481761182e-06,6.9759031156024776e-06,0.0,3.15669494739268e-05,1.602223164809402e-05,1.2555133253044914e-05,2.9895866191509413e-06,0.0
1961,adam,0.000125,2.086508800402953e-05,1.0039158041763585e-05,8.488622654567735e-06,2.3373071478260954e-06,0.0,2.5784091121749952e-05,1.3945978935225867e-05,8.152168447850272e-06,3.6859430565527873e-06,0.0
1962,adam,0.000125,1.5693025659402338e-05,8.914737691156915e-06,5.485926266146635e-06,1.2923614640669712e-06,0.0,2.179446892114356e-05,1.4123922483122442e-05,6.9850811996730044e-06,6.8546449938367e-07,0.0
1963,adam,0.000125,1.483839275806531e-05,8.323776256702331e-06,5.626220598742293e-06,8.883960145311676e-07,0.0,2.4751119781285524e-05,1.7068470697267912e-05,7.188426479842747e-06,4.94222774705122e-07,0.0
1964,adam,0.000125,1.550225402979777e-05,8.823971711535705e-06,5.806765500437905e-06,8.715168675621499e-07,0.0,2.4069511709967628e-05,1.5006233297754079e-05,8.436186362814624e-06,6.270935273278155e-07,0.0
1965,adam,0.000125,1.6708217799532576e-05,8.841846380391871e-06,6.392019798795445e-06,1.4743516807413926e-06,0.0,2.3484772100346163e-05,1.3742130249738693e-05,8.897809493646491e-06,8.448326411780727e-07,0.0
1966,adam,0.000125,1.6705724476651085e-05,8.950568002319415e-06,6.167664878375945e-06,1.5874915177960247e-06,0.0,2.2532993170898408e-05,1.453525783290388e-05,7.107985766197089e-06,8.897486623027362e-07,0.0
1967,adam,0.000125,1.4453224821409094e-05,8.235610408746652e-06,5.501168431010228e-06,7.164459745467866e-07,0.0,2.7824955395772122e-05,1.5697050912422128e-05,1.1440206435509026e-05,6.876978773107112e-07,0.0
1968,adam,0.000125,1.7875453238502814e-05,8.67132149551253e-06,7.0004632561904145e-06,2.203668010736237e-06,0.0,2.7853038773173466e-05,1.3390469575824682e-05,1.009832340059802e-05,4.364246706245467e-06,0.0
1969,adam,0.000125,2.0349599481050973e-05,1.0092295894992276e-05,7.670257559766469e-06,2.5870458415511166e-06,0.0,3.0233301004045643e-05,1.4568377991963644e-05,9.627654435462318e-06,6.03726812187233e-06,0.0
1970,adam,0.000125,1.9016484145595314e-05,9.13336063490533e-06,6.2956200110875216e-06,3.5875036132893e-06,0.0,2.7126237910124473e-05,1.4434308468480594e-05,8.628306204627734e-06,4.063624146510847e-06,0.0
1971,adam,0.000125,1.6712869523871632e-05,8.696080783465732e-06,5.7173950267497275e-06,2.2993939694515575e-06,0.0,2.349533860979136e-05,1.5203234397631604e-05,7.251429906318663e-06,1.0406753290226334e-06,0.0
1972,adam,0.000125,1.502547195286752e-05,8.72562097242735e-06,5.377277076945575e-06,9.225739123763788e-07,0.0,2.4219400074798614e-05,1.4669753909402061e-05,8.588964192313142e-06,9.60681290962384e-07,0.0
1973,adam,0.000125,1.684282045744112e-05,8.797048849373823e-06,6.104849447297056e-06,1.9409218587895793e-06,0.0,3.222026862204075e-05,1.6662050256854855e-05,1.0136530363524798e-05,5.4216889111557975e-06,0.0
1974,adam,0.000125,1.700013655181465e-05,8.646844406712262e-06,6.117208357636628e-06,2.2360837945711864e-06,0.0,2.408393265795894e-05,1.3760532056039665e-05,8.519208677171264e-06,1.804191924748011e-06,0.0
1975,adam,0.000125,1.4758245697521488e-05,8.303439727797013e-06,5.410789881921119e-06,1.0440162068192649e-06,0.0,2.5140981961158104e-05,1.7745291188475676e-05,6.452929937950103e-06,9.427598683942051e-07,0.0
1976,adam,0.000125,1.4827872234945971e-05,8.920344441776251e-06,4.978931571031353e-06,9.285964157612625e-07,0.0,2.4743008907535113e-05,1.6361464076908305e-05,7.627756076544756e-06,7.537884130215389e-07,0.0
1977,adam,0.000125,1.55794177203461e-05,8.469875325545217e-06,5.696505496644022e-06,1.4130370118436986e-06,0.0,2.4024340746109374e-05,1.670977144385688e-05,6.45386717224028e-06,8.607014478911879e-07,0.0
1978,adam,0.000125,1.5602019857396954e-05,8.69462687091982e-06,5.550728758407786e-06,1.3566643275453316e-06,0.0,2.4246221073553897e-05,1.6117865015985444e-05,6.9690236159658525e-06,1.1593330100367893e-06,0.0
1979,adam,0.000125,1.789879428315544e-05,9.01849091405893e-06,6.724056618168106e-06,2.1562469783020788e-06,0.0,2.6771653210744262e-05,1.5443294614669867e-05,9.172238605970051e-06,2.1561213543463964e-06,0.0
1980,adam,0.000125,1.6932310870743095e-05,8.138983133676447e-06,6.729863798682345e-06,2.0634637145633405e-06,0.0,3.154308797093108e-05,1.582493496243842e-05,9.831639545154758e-06,5.8865143728326075e-06,0.0
1981,adam,0.000125,1.766178365869564e-05,9.312037121844696e-06,6.1080034754468215e-06,2.241743032982413e-06,0.0,2.5152145099127665e-05,1.5965486454661004e-05,7.622132216056343e-06,1.5645272242181818e-06,0.0
1982,adam,0.000125,1.7833234039699164e-05,8.283213787763088e-06,5.874882816669924e-06,3.675137309144816e-06,0.0,2.4926936021074653e-05,1.4323127288662363e-05,7.127703611331526e-06,3.476105348454439e-06,0.0
1983,adam,0.000125,1.7450012592234998e-05,9.259600830091586e-06,5.729863516990008e-06,2.4605482451534044e-06,0.0,2.7004507501260377e-05,1.356570101052057e-05,1.181057723442791e-05,1.6282298247460858e-06,0.0
1984,adam,0.000125,1.89982081906237e-05,8.3431352493335e-06,9.467806478369312e-06,1.187266303048773e-06,0.0,3.020135045517236e-05,1.4252414075599518e-05,1.4142924555926584e-05,1.8060119373330963e-06,0.0
1985,adam,0.000125,1.937659777695444e-05,9.157652073099598e-06,8.783408503632018e-06,1.4355374453600689e-06,0.0,2.8691207262454554e-05,1.669748598942533e-05,9.978171874536201e-06,2.0155493984930217e-06,0.0
1986,adam,0.000125,1.7047625135546696e-05,8.97348138551024e-06,6.587293086113277e-06,1.486850589316191e-06,0.0,2.6545456421445124e-05,1.536104355182033e-05,9.154948202194646e-06,2.0294651221774984e-06,0.0
1987,adam,0.000125,1.6555128695472376e-05,9.102969329433108e-06,5.538719761943867e-06,1.9134398456799318e-06,0.0,2.6629290005075745e-05,1.319684542977484e-05,8.595882718509529e-06,4.836562311538728e-06,0.0
1988,adam,0.000125,1.7131380957380316e-05,8.405999523120045e-06,5.695490131074621e-06,3.0298912214732354e-06,0.0,2.454576679156162e-05,1.3325762665772345e-05,7.069282219163142e-06,4.150723725615535e-06,0.0
1989,adam,0.000125,1.4773838131532102e-05,8.210576510236933e-06,5.283149505430629e-06,1.2801121407335359e-06,0.0,2.1746251150034368e-05,1.3219629181548953e-05,7.05282946000807e-06,1.4737919400431565e-06,0.0
1990,adam,0.000125,1.4270753524669999e-05,7.870573710988538e-06,5.630231768805061e-06,7.699481212597448e-07,0.0,2.2474720026366413e-05,1.4148816262604669e-05,6.982566901569953e-06,1.343336748504953e-06,0.0
1991,adam,0.000125,1.6820376686155214e-05,8.638122096726875e-06,6.1415711201107115e-06,2.0406833982633543e-06,0.0,2.3350694391410798e-05,1.5119509953365196e-05,7.862663551350124e-06,3.685206877435121e-07,0.0
1992,adam,0.000125,1.674798778594777e-05,9.83462285830683e-06,5.7603833170105645e-06,1.1529817189881442e-06,0.0,2.8874010240542702e-05,1.7788976037991233e-05,9.40411973715527e-06,1.6809149201435503e-06,0.0
1993,adam,0.000125,1.6431523761184508e-05,8.53592871408182e-06,6.688349941441629e-06,1.207245038159499e-06,0.0,2.5787343474803492e-05,1.7628781279199757e-05,6.63495802655234e-06,1.523603259556694e-06,0.0
1994,adam,0.000125,1.6379729686377686e-05,8.266389045274991e-06,5.547864844857031e-06,2.5654756612425444e-06,0.0,2.288194991706405e-05,1.2484546459745616e-05,7.928174454718828e-06,2.46922922997328e-06,0.0
1995,adam,0.000125,1.5729943925180123e-05,8.086952703934003e-06,5.371177621782408e-06,2.271813649201704e-06,0.0,2.1965613996144384e-05,1.302209602727089e-05,7.279008968907874e-06,1.6645100231471588e-06,0.0
1996,adam,0.000125,1.439130556946111e-05,7.948872848828614e-06,5.383837304862027e-06,1.058595318070843e-06,0.0,2.0443803805392236e-05,1.2224999409227166e-05,7.446468771377113e-06,7.723355679445376e-07,0.0
1997,adam,0.000125,1.4516491148697241e-05,7.659640374413357e-06,5.4550623502791495e-06,1.4017883387396068e-06,0.0,2.2036500013200566e-05,1.4008207472215872e-05,7.593249847559491e-06,4.3504203972588584e-07,0.0
1998,adam,0.000125,1.6256984224582993e-05,7.932984374292573e-06,6.675953926560396e-06,1.6480460125478658e-06,0.0,2.9411270588752814e-05,1.4790699424338527e-05,1.3442763702187221e-05,1.177807916974416e-06,0.0
1999,adam,0.000125,1.853074309110525e-05,8.698691203790077e-06,7.16156020530434e-06,2.6704917388542526e-06,0.0,2.861963184841443e-05,1.4335721971292514e-05,9.255705663235858e-06,5.028204668633407e-06,0.0
2000,adam,6.25e-05,1.5820356509266276e-05,8.703261272557938e-06,5.4092792254323285e-06,1.7078159899597267e-06,0.0,2.1368105080910027e-05,1.4605257092625834e-05,5.996105301164789e-06,7.667428008062416e-07,0.0
2001,adam,6.25e-05,1.2268002194559813e-05,7.174216250405152e-06,4.710001221042148e-06,3.8378491851176477e-07,0.0,2.0760107872774825e-05,1.3695637790078763e-05,6.774427220079815e-06,2.900438289543672e-07,0.0
2002,adam,6.25e-05,1.1770990340664866e-05,6.8274598561401945e-06,4.598908503794519e-06,3.4462206155438935e-07,0.0,1.9940191123168916e-05,1.3521612345357426e-05,6.091182513046078e-06,3.2739575317464187e-07,0.0
2003,adam,6.25e-05,1.1638171258709917e-05,6.726715298555064e-06,4.556084775231284e-06,3.553711778181423e-07,0.0,2.1674713934771717e-05,1.541630263091065e-05,5.9415710893517826e-06,3.168401860875747e-07,0.0
2004,adam,6.25e-05,1.1659599977065227e-05,6.859512751589136e-06,4.419503483177323e-06,3.805838240111825e-07,0.0,2.0413521269802004e-05,1.3806144124828279e-05,6.201020823937142e-06,4.0635748632666946e-07,0.0
2005,adam,6.25e-05,1.1658305822948023e-05,6.798894247594944e-06,4.487165881528199e-06,3.722456476396019e-07,0.0,1.979855733225122e-05,1.3579263395513408e-05,5.937448349868646e-06,2.818442226271145e-07,0.0
2006,adam,6.25e-05,1.1619251438332867e-05,6.935382458550521e-06,4.397276555323515e-06,2.8659250439488915e-07,0.0,2.091566966555547e-05,1.3610337191494182e-05,7.025986633379944e-06,2.793467217543366e-07,0.0
2007,adam,6.25e-05,1.1668157469557627e-05,6.876093266328098e-06,4.493758197554598e-06,2.9830607051195557e-07,0.0,1.9968378182966262e-05,1.3064259292150382e-05,6.5049434851971455e-06,3.991747803411272e-07,0.0
2008,adam,6.25e-05,1.1811219110313687e-05,6.8051454604756145e-06,4.6191533868977785e-06,3.869202878092892e-07,0.0,2.064781256194692e-05,1.3505210517905653e-05,6.653072887274902e-06,4.895285314887587e-07,0.0
2009,adam,6.25e-05,1.1608616716785036e-05,6.659909587369839e-06,4.549346101612173e-06,3.993610491193067e-07,0.0,1.9341758161317557e-05,1.3144530385034159e-05,5.971634891466238e-06,2.2559322587767383e-07,0.0
2010,adam,6.25e-05,1.1390307349756768e-05,6.8002836997038685e-06,4.291564920322344e-06,2.984588469701066e-07,0.0,2.0456285710679367e-05,1.4106163689575624e-05,5.948181751591619e-06,4.0194024109041493e-07,0.0
2011,adam,6.25e-05,1.1525555862590409e-05,6.915923052019934e-06,4.296467423614558e-06,3.131653700805259e-07,0.0,1.9937457182095386e-05,1.2996874829696026e-05,6.674680207652273e-06,2.6590225843392545e-07,0.0
2012,adam,6.25e-05,1.1762619521960005e-05,7.0419370388208335e-06,4.411908179235979e-06,3.087742248553127e-07,0.0,2.0536193915177137e-05,1.3338650205696467e-05,6.88461477693636e-06,3.1292839253183047e-07,0.0
2013,adam,6.25e-05,1.1848322515106702e-05,7.130719069436964e-06,4.3806610392493894e-06,3.369424934618337e-07,0.0,1.9303599401609972e-05,1.2108448572689667e-05,6.928395123395603e-06,2.6675402864384523e-07,0.0
2014,adam,6.25e-05,1.1446111045643192e-05,6.672140301589025e-06,4.485994921310521e-06,2.8797580053918637e-07,0.0,2.1209245460340753e-05,1.5217726286209654e-05,5.711115136364242e-06,2.804040661885665e-07,0.0
2015,adam,6.25e-05,1.14913641482417e-05,6.954292985028587e-06,4.238520730837081e-06,2.985502822738795e-07,0.0,1.9670669644256122e-05,1.3345147635845933e-05,6.07913852945785e-06,2.46384473712169e-07,0.0
2016,adam,6.25e-05,1.1853752198476286e-05,6.979575630339241e-06,4.550763577526595e-06,3.234130083740183e-07,0.0,2.031398798862938e-05,1.3324427527550142e-05,6.639499133598292e-06,3.50061469589491e-07,0.0
2017,adam,6.25e-05,1.1728081801720691e-05,7.00585897561723e-06,4.3693205640238375e-06,3.529021110892927e-07,0.0,2.0304882127675228e-05,1.3810799828206655e-05,6.13291513218428e-06,3.611668830671988e-07,0.0
2018,adam,6.25e-05,1.1446321536823234e-05,6.683046535727044e-06,4.422074823651201e-06,3.4120023961747847e-07,0.0,1.962713031389285e-05,1.2577835150295869e-05,6.767991180822719e-06,2.8130477858212544e-07,0.0
2019,adam,6.25e-05,1.175031292177664e-05,7.0031700261097285e-06,4.455065251818269e-06,2.920777086856674e-07,0.0,2.0476871213759296e-05,1.3507359653885942e-05,6.590457815036643e-06,3.790533753544878e-07,0.0
2020,adam,6.25e-05,1.1485212951356516e-05,6.88852628627501e-06,4.280114097809928e-06,3.165724358211719e-07,0.0,2.0334853616077453e-05,1.3620875506603625e-05,6.43984731141245e-06,2.7413020120548026e-07,0.0
2021,adam,6.25e-05,1.1481817864478217e-05,6.890077230536917e-06,4.2927533598913215e-06,2.989871923375631e-07,0.0,1.9823824914055876e-05,1.3042787941230927e-05,6.54372252029134e-06,2.3731526255232893e-07,0.0
2022,adam,6.25e-05,1.1504570863962726e-05,6.837374002088836e-06,4.389115716207925e-06,2.7808100444559614e-07,0.0,2.0844427126576193e-05,1.4355729945236817e-05,6.2610238273919094e-06,2.276744481832793e-07,0.0
2023,adam,6.25e-05,1.1883368927101401e-05,7.1782288273425365e-06,4.359003611398293e-06,3.461365469803468e-07,0.0,2.153401874238625e-05,1.5213201550068334e-05,6.005052910040831e-06,3.1576374226460757e-07,0.0
2024,adam,6.25e-05,1.1830947357793775e-05,7.08631202428478e-06,4.4076319056785e-06,3.370033532235084e-07,0.0,2.034670797002036e-05,1.421079105057288e-05,5.870092081750045e-06,2.658257187704294e-07,0.0
2025,adam,6.25e-05,1.1827416926735168e-05,7.140331803157096e-06,4.365839615161349e-06,3.212455181866858e-07,0.0,2.082456194330007e-05,1.435842477803817e-05,6.031684733898146e-06,4.344533408584539e-07,0.0
2026,adam,6.25e-05,1.1964420252752461e-05,7.172426677470867e-06,4.3777896081564904e-06,4.1420393870339467e-07,0.0,2.053776006505359e-05,1.3504738490155432e-05,6.721498266415438e-06,3.115236779649422e-07,0.0
2027,adam,6.25e-05,1.1693732858475414e-05,6.834579409087382e-06,4.56722219155381e-06,2.9193124717608043e-07,0.0,2.174188739445526e-05,1.456183053960558e-05,6.887752078910125e-06,2.9230469067442755e-07,0.0
2028,adam,6.25e-05,1.212426110441811e-05,7.223962796842898e-06,4.590236557078242e-06,3.100617789186799e-07,0.0,2.1075586118968204e-05,1.4302071576821618e-05,6.3580523601558525e-06,4.154617272433825e-07,0.0
2029,adam,6.25e-05,1.2146334881890652e-05,7.097320576576749e-06,4.616358694420342e-06,4.326557601075365e-07,0.0,2.1169918909436092e-05,1.4799381460761651e-05,6.083597781980643e-06,2.869406614536274e-07,0.0
2030,adam,6.25e-05,1.1808410022240423e-05,6.915681353802938e-06,4.45452231190302e-06,4.3820643647052293e-07,0.0,2.0092369595658965e-05,1.3593162293545902e-05,6.195222340465989e-06,3.03983398453056e-07,0.0
2031,adam,6.25e-05,1.1966094120907655e-05,6.8737055869405594e-06,4.6693280353338196e-06,4.230602943522399e-07,0.0,1.970027369679883e-05,1.3392877917794976e-05,6.019424745318247e-06,2.879721137105662e-07,0.0
2032,adam,6.25e-05,1.1671775496324699e-05,6.829049596035475e-06,4.493273252137442e-06,3.4945263926999814e-07,0.0,2.0422905436134897e-05,1.341618462902261e-05,6.588897122128401e-06,4.178229460194416e-07,0.0
2033,adam,6.25e-05,1.1736124633898726e-05,7.174798781761638e-06,4.249108229714693e-06,3.122175122882709e-07,0.0,1.962036003533285e-05,1.2279199836484622e-05,6.9670008997491095e-06,3.7415853171296476e-07,0.0
2034,adam,6.25e-05,1.1889348911608977e-05,7.058270114157494e-06,4.444158363980932e-06,3.869204547868321e-07,0.0,1.9591136151575483e-05,1.2554472959891427e-05,6.633010343648493e-06,4.036534448914608e-07,0.0
2035,adam,6.25e-05,1.1837860597552208e-05,7.0072076709948306e-06,4.487692322641124e-06,3.4296048490034536e-07,0.0,1.9606492060120218e-05,1.277610681427177e-05,6.6090415202779695e-06,2.2134338450996438e-07,0.0
2036,adam,6.25e-05,1.1930239907087525e-05,7.035190265014535e-06,4.551653134399203e-06,3.4339656274084973e-07,0.0,1.972922655113507e-05,1.2834724657295737e-05,6.53554070595419e-06,3.589613015719806e-07,0.0
2037,adam,6.25e-05,1.1569164371394436e-05,6.817532266722992e-06,4.40993393624467e-06,3.4169835494424206e-07,0.0,1.96925120690139e-05,1.3167352335585747e-05,6.249891157494858e-06,2.7526917278919427e-07,0.0
2038,adam,6.25e-05,1.135565702270469e-05,6.930362644652632e-06,4.151137545704842e-06,2.7415670178498885e-07,0.0,2.0551002307911403e-05,1.3729055353906006e-05,6.554474111908348e-06,2.6747412107397395e-07,0.0
2039,adam,6.25e-05,1.1617094457960775e-05,7.049669022762828e-06,4.25347771226825e-06,3.1394779220761393e-07,0.0,1.9488750695018098e-05,1.2898652130388655e-05,6.328081326500978e-06,2.620174370804307e-07,0.0
2040,adam,6.25e-05,1.1468017476090608e-05,6.797893718157866e-06,4.327490231048614e-06,3.4263336168294245e-07,0.0,2.0478979422478005e-05,1.3246210073702969e-05,6.96875576977618e-06,2.640141190113354e-07,0.0
2041,adam,6.25e-05,1.1782742376453825e-05,6.796805678277451e-06,4.642239844088181e-06,3.436970015258112e-07,0.0,2.1167592421988957e-05,1.4549801562679932e-05,6.269392542890273e-06,3.4839848694900866e-07,0.0
2042,adam,6.25e-05,1.1568124534733215e-05,6.951939894861425e-06,4.310775196358918e-06,3.0540943107837393e-07,0.0,2.0099088942515664e-05,1.3185028365114704e-05,6.528963695018319e-06,3.850965981655463e-07,0.0
2043,adam,6.25e-05,1.1792999032422813e-05,6.884881315727398e-06,4.5567430504434014e-06,3.5137463605394714e-07,0.0,2.04763091460336e-05,1.3897408280172385e-05,6.210647825355409e-06,3.682526710235834e-07,0.0
2044,adam,6.25e-05,1.181449624709785e-05,6.980736543482635e-06,4.3986071034396446e-06,4.351525504375786e-07,0.0,2.02558767341543e-05,1.2768808119290043e-05,7.132574410206871e-06,3.544932383192645e-07,0.0
2045,adam,6.25e-05,1.1959450091580948e-05,7.1171535580560885e-06,4.463332700765932e-06,3.7896395532754923e-07,0.0,2.0598312403308228e-05,1.3238739484222606e-05,6.556143034686102e-06,8.034286906877242e-07,0.0
2046,adam,6.25e-05,1.2740236911668035e-05,7.277860930798852e-06,4.880867621182006e-06,5.815084822557992e-07,0.0,2.043165295617655e-05,1.354375490336679e-05,6.516273970191833e-06,3.716223773153615e-07,0.0
2047,adam,6.25e-05,1.2819452479106985e-05,7.347925958356427e-06,4.997115809146635e-06,4.74410580153517e-07,0.0,1.990090822800994e-05,1.3452842722472269e-05,6.062012289476115e-06,3.8605369923061517e-07,0.0
2048,adam,6.25e-05,1.1968781109317206e-05,7.058777754309631e-06,4.443489089567265e-06,4.665143400472971e-07,0.0,1.959025212272536e-05,1.3022540770180058e-05,6.232700798136648e-06,3.350109523125866e-07,0.0
2049,adam,6.25e-05,1.2264691008567752e-05,7.276890841012573e-06,4.544293986441517e-06,4.4350627170786083e-07,0.0,2.1494428438018076e-05,1.3702094292966649e-05,7.20652133168187e-06,5.858120175616932e-07,0.0
2050,adam,6.25e-05,1.210847085530986e-05,6.942524464648159e-06,4.718216786159246e-06,4.477297075311526e-07,0.0,1.9544702809071168e-05,1.2761018297169358e-05,6.4501264205318876e-06,3.335595124553947e-07,0.0
2051,adam,6.25e-05,1.1769530999572453e-05,6.884471247303736e-06,4.3887302467737754e-06,4.963295783255717e-07,0.0,2.1036385078332387e-05,1.364177751383977e-05,6.908539944561198e-06,4.860683588958636e-07,0.0
2052,adam,6.25e-05,1.186242127459991e-05,6.842570343223997e-06,4.607520125432529e-06,4.1233089831393954e-07,0.0,2.0361587303341366e-05,1.30544704006752e-05,6.847873009974137e-06,4.592441769091238e-07,0.0
2053,adam,6.25e-05,1.141365601142752e-05,6.614632923174213e-06,4.43456482912552e-06,3.6445835416287764e-07,0.0,2.1543663024203852e-05,1.5415413145092316e-05,5.576219336944632e-06,5.520302011063905e-07,0.0
2054,adam,6.25e-05,1.1953641546824656e-05,7.199893587994666e-06,4.294457937703555e-06,4.5929000513922347e-07,0.0,2.0678629880421795e-05,1.4577496585843619e-05,5.844407041877275e-06,2.5672679271337984e-07,0.0
2055,adam,6.25e-05,1.1729150742212369e-05,7.07665677168734e-06,4.211601932979647e-06,4.4089220452292466e-07,0.0,1.9183673430234194e-05,1.2699417311523575e-05,6.257766017370159e-06,2.2648961817139934e-07,0.0
2056,adam,6.25e-05,1.2022174985304446e-05,6.982864135807176e-06,4.6503937909392334e-06,3.8891701503729337e-07,0.0,2.0280560420360416e-05,1.3531331205740571e-05,6.451065019064117e-06,2.981642808208562e-07,0.0
2057,adam,6.25e-05,1.1974101937539672e-05,7.217522238534002e-06,4.385637026871336e-06,3.709425371312136e-07,0.0,2.1860083506908268e-05,1.4857550922897644e-05,6.672567451460054e-06,3.2996382515193545e-07,0.0
2058,adam,6.25e-05,1.2028060893953807e-05,7.070547837884078e-06,4.486227027200584e-06,4.7128613900326854e-07,0.0,2.0790363123524003e-05,1.4246527825889643e-05,6.1754940361424815e-06,3.683414888655534e-07,0.0
2059,adam,6.25e-05,1.2053267028022674e-05,7.4827704850122245e-06,4.27013218029515e-06,3.003642294885367e-07,0.0,2.0210301954648457e-05,1.3899245459469967e-05,5.945548309682636e-06,3.655082139175647e-07,0.0
2060,adam,6.25e-05,1.2536052906853001e-05,7.093016222370352e-06,5.025335170216749e-06,4.177015817674601e-07,0.0,2.1843907234142534e-05,1.5677247574785724e-05,5.906395017518662e-06,2.6026503974208026e-07,0.0
2061,adam,6.25e-05,1.2056233003931993e-05,7.234599706862355e-06,4.401031318934656e-06,4.2060206872918116e-07,0.0,2.0997831597924232e-05,1.4552122593158856e-05,6.100977316236822e-06,3.4473154642000736e-07,0.0
2062,adam,6.25e-05,1.1795583645834995e-05,7.066921057230502e-06,4.301122388028489e-06,4.275402787357052e-07,0.0,2.0627181584131904e-05,1.4023945368535351e-05,6.229007794900099e-06,3.742283070096164e-07,0.0
2063,adam,6.25e-05,1.194463476394958e-05,6.97945941396938e-06,4.523582816773342e-06,4.4159263357101963e-07,0.0,2.1108347937115468e-05,1.3644053069583606e-05,6.99963266015402e-06,4.6466280423373973e-07,0.0
2064,adam,6.25e-05,1.1849502016048064e-05,7.072599828461534e-06,4.4231587281728935e-06,3.5374337059579375e-07,0.0,2.0167528418824077e-05,1.3503708942153025e-05,6.295727416727459e-06,3.6809194625675445e-07,0.0
2065,adam,6.25e-05,1.1868024046179926e-05,7.094618780456585e-06,4.369805864712362e-06,4.035993654838421e-07,0.0,2.0669072910095565e-05,1.4267265214584768e-05,6.099636266299058e-06,3.021724808149884e-07,0.0
2066,adam,6.25e-05,1.205193149189654e-05,6.908622054879743e-06,4.764349355923514e-06,3.7896016991112447e-07,0.0,2.0203493477310985e-05,1.4084249414736405e-05,5.586550742009422e-06,5.326926384441322e-07,0.0
2067,adam,6.25e-05,1.1810491116648336e-05,6.984341183624565e-06,4.386909409959117e-06,4.392404564512731e-07,0.0,2.0421806766535155e-05,1.341348615824245e-05,6.44399733573664e-06,5.643235567731608e-07,0.0
2068,adam,6.25e-05,1.1602686697642639e-05,6.607966042793123e-06,4.517418531690964e-06,4.773020716442034e-07,0.0,2.033963755820878e-05,1.3941677934781183e-05,6.040670086804312e-06,3.572891671410616e-07,0.0
2069,adam,6.25e-05,1.2176587233625469e-05,7.375144264187838e-06,4.329019915871868e-06,4.7242297362970476e-07,0.0,2.1688834749511443e-05,1.5504543625866063e-05,5.784443601442035e-06,3.9984846011975606e-07,0.0
2070,adam,6.25e-05,1.2184641377643857e-05,7.4967959164951026e-06,4.347915535163338e-06,3.399298460493583e-07,0.0,2.063880856439937e-05,1.4632963029725943e-05,5.791384410258615e-06,2.1446058440233173e-07,0.0
2071,adam,6.25e-05,1.2517702600689518e-05,7.519956170654041e-06,4.548549469518548e-06,4.491969285425057e-07,0.0,2.1450880012707785e-05,1.394228729623137e-05,6.914732239238219e-06,5.938605909250327e-07,0.0
2072,adam,6.25e-05,1.288728208237444e-05,7.503471096015346e-06,4.797061251338164e-06,5.867496941647232e-07,0.0,2.2891181288287044e-05,1.6202540791709907e-05,6.217288955667755e-06,4.7135068825809867e-07,0.0
2073,adam,6.25e-05,1.2728335036626959e-05,7.493219442267218e-06,4.559035730267169e-06,6.760800097538322e-07,0.0,2.1776895664515905e-05,1.4108297364145983e-05,7.2030907176667824e-06,4.655060763525398e-07,0.0
2074,adam,6.25e-05,1.1984557772848348e-05,6.807487807236612e-06,4.580807541287868e-06,5.962625078126393e-07,0.0,1.9702885765582323e-05,1.3071756256977096e-05,6.230883172975155e-06,4.0024647773861943e-07,0.0
2075,adam,6.25e-05,1.1834420774903265e-05,6.869845890378201e-06,4.410811357047351e-06,5.537634883978626e-07,0.0,2.129065615008585e-05,1.4630342775490135e-05,6.075555575080216e-06,5.847572310813121e-07,0.0
2076,adam,6.25e-05,1.1691817405790061e-05,6.858356471184379e-06,4.413765765320932e-06,4.1969529718244303e-07,0.0,2.03859199245926e-05,1.3854792086931411e-05,5.903699729969958e-06,6.274276529438794e-07,0.0
2077,adam,6.25e-05,1.1822666976968321e-05,7.032916556681812e-06,4.2457556617137016e-06,5.439947372565257e-07,0.0,2.103482802340295e-05,1.3596317330666352e-05,6.3760312514205e-06,1.0624787591950735e-06,0.0
2078,adam,6.25e-05,1.1870817274939327e-05,6.98905429885599e-06,4.365488607049883e-06,5.162743628162048e-07,0.0,2.0080638932995498e-05,1.385813629894983e-05,5.902661087020533e-06,3.1984291126718745e-07,0.0
2079,adam,6.25e-05,1.1611328602612048e-05,6.886045269993701e-06,4.338506599310676e-06,3.867765290266334e-07,0.0,1.8886012185248546e-05,1.2023367162328213e-05,6.626186859648442e-06,2.3645733904231747e-07,0.0
2080,adam,6.25e-05,1.1378275530660176e-05,6.723180291601238e-06,4.20977875137396e-06,4.453165054485453e-07,0.0,2.0625309844035655e-05,1.4038133485883009e-05,6.137309810583247e-06,4.498663770391431e-07,0.0
2081,adam,6.25e-05,1.1627936487457191e-05,6.814993241732736e-06,4.42129945099623e-06,3.916440816098543e-07,0.0,2.0032257452839985e-05,1.3671294254891109e-05,6.07626543569495e-06,2.846975348802516e-07,0.0
2082,adam,6.25e-05,1.2128616276640969e-05,7.0637997566791455e-06,4.5665326382504645e-06,4.982840451361881e-07,0.0,2.0733345081680454e-05,1.3179086636228021e-05,6.5572367020649835e-06,9.970234486900154e-07,0.0
2083,adam,6.25e-05,1.2152882959526323e-05,7.250822022797365e-06,4.368453360825697e-06,5.336075394879458e-07,0.0,2.1012185243307613e-05,1.4852841559331864e-05,5.811602022731677e-06,3.4774245705193607e-07,0.0
2084,adam,6.25e-05,1.213595169247128e-05,7.431114568134944e-06,4.2758470613080135e-06,4.289899191434188e-07,0.0,2.1605857909889892e-05,1.3769405995844863e-05,7.140910383895971e-06,6.955410754017066e-07,0.0
2085,adam,6.25e-05,1.282071013974928e-05,7.274829044945363e-06,4.7741799846789945e-06,7.71701339274955e-07,0.0,2.1924272004980594e-05,1.4259953786677215e-05,7.039376669126796e-06,6.249412081160699e-07,0.0
2086,adam,6.25e-05,1.299471102811367e-05,7.619125454993991e-06,4.911882996339045e-06,4.6370264428219343e-07,0.0,2.183143988077063e-05,1.4117033060756512e-05,7.152412308641942e-06,5.619943976853392e-07,0.0
2087,adam,6.25e-05,1.270496920824371e-05,7.250215816156924e-06,4.937277665817419e-06,5.174756658732349e-07,0.0,2.2495109078590758e-05,1.5549729141639546e-05,5.868412699783221e-06,1.0769673508548294e-06,0.0
2088,adam,6.25e-05,1.244647205567162e-05,7.113509070677537e-06,4.726888960249198e-06,6.060741153390836e-07,0.0,2.0597306502168067e-05,1.3655891052621882e-05,6.286295501922723e-06,6.551190949721786e-07,0.0
2089,adam,6.25e-05,1.186089838256521e-05,6.973687987965604e-06,4.3525973438818255e-06,5.34613166180975e-07,0.0,1.99725018319441e-05,1.3317194316186942e-05,6.05316563451197e-06,6.021412559675809e-07,0.0
2090,adam,6.25e-05,1.1365976092747587e-05,6.626094375405955e-06,4.322689392211032e-06,4.1719258447869834e-07,0.0,1.991585668292828e-05,1.328364851360675e-05,6.008491709508235e-06,6.237162892830383e-07,0.0
2091,adam,6.25e-05,1.1880669831043633e-05,6.982208077488394e-06,4.474278739508009e-06,4.241830531270807e-07,0.0,1.9220682588638738e-05,1.2438073099474423e-05,6.497157755802618e-06,2.8545241548272315e-07,0.0
2092,adam,6.25e-05,1.1690552753407246e-05,7.106762950570555e-06,4.2567272373617016e-06,3.270626631746154e-07,0.0,1.9811313904938288e-05,1.27748908198555e-05,6.713949460390722e-06,3.2247436365651083e-07,0.0
2093,adam,6.25e-05,1.215211966609786e-05,7.370397668182704e-06,4.387431161489985e-06,3.942907422782582e-07,0.0,2.174617475247942e-05,1.4219448530639056e-05,6.668627065664623e-06,8.580999519836041e-07,0.0
2094,adam,6.25e-05,1.2648973722662049e-05,7.100582706698333e-06,4.6701785976210886e-06,8.782125551221043e-07,0.0,2.1955620468361303e-05,1.55561701831175e-05,5.901908934902167e-06,4.975415208718914e-07,0.0
2095,adam,6.25e-05,1.2221108420362725e-05,7.1246767845423165e-06,4.484675798721582e-06,6.117559152585272e-07,0.0,2.161634256481193e-05,1.4049325727683026e-05,7.205375823104987e-06,3.616408150719508e-07,0.0
2096,adam,6.25e-05,1.2332538688042405e-05,6.889845025170871e-06,5.06580019532521e-06,3.768935457060252e-07,0.0,2.1616802769131027e-05,1.5149255887081381e-05,5.946388682787074e-06,5.211593929743685e-07,0.0
2097,adam,6.25e-05,1.2308075270084373e-05,7.1486683452803845e-06,4.4787555424363745e-06,6.806512971024858e-07,0.0,2.3053800759953447e-05,1.3277455764182378e-05,8.156825970218051e-06,1.6195187981793424e-06,0.0
2098,adam,6.25e-05,1.2073728498762648e-05,6.773686635597187e-06,4.584480890912346e-06,7.155610930453804e-07,0.0,2.0403744201757945e-05,1.4331692000268959e-05,5.740374490414979e-06,3.3167842161674344e-07,0.0
2099,adam,6.25e-05,1.2035862994252966e-05,7.341653173398299e-06,4.2615683923941106e-06,4.3264144444776775e-07,0.0,2.064166619675234e-05,1.3433330423140433e-05,6.62154343444854e-06,5.867919412594347e-07,0.0
2100,adam,6.25e-05,1.2769053171268752e-05,7.513894047406211e-06,4.711517476607696e-06,5.436418319959557e-07,0.0,2.209952253906522e-05,1.4101381566433702e-05,7.68607515055919e-06,3.12066077867712e-07,0.0
2101,adam,6.25e-05,1.2070287141341396e-05,7.034842155917431e-06,4.580191713898785e-06,4.552531400747739e-07,0.0,2.1229525373200886e-05,1.4103774446994066e-05,6.613793175347382e-06,5.119587171975581e-07,0.0
2102,adam,6.25e-05,1.1972471270382812e-05,7.348486235514429e-06,4.086617806819959e-06,5.373672120612127e-07,0.0,2.144798418157734e-05,1.4436828678299207e-05,6.70410918246489e-06,3.0704472919751424e-07,0.0
2103,adam,6.25e-05,1.2311002535625448e-05,7.295537301388322e-06,4.534618085472175e-06,4.808470368544704e-07,0.0,2.0627539925044402e-05,1.420899570803158e-05,5.812391009385465e-06,6.06152354976075e-07,0.0
2104,adam,6.25e-05,1.1770894104756735e-05,6.988136391328226e-06,4.281933243532876e-06,5.008242673909535e-07,0.0,2.0047102225362323e-05,1.3336547453945968e-05,6.339699211821426e-06,3.7085644066792156e-07,0.0
2105,adam,6.25e-05,1.1836278417831636e-05,6.9011018410947145e-06,4.432835964962578e-06,5.023404874293647e-07,0.0,1.9204444470233284e-05,1.260829685634235e-05,6.244970791158266e-06,3.5117577112941945e-07,0.0
2106,adam,6.25e-05,1.2090819268451014e-05,6.918666429100995e-06,4.566325344512734e-06,6.058274397702235e-07,0.0,2.0508092347881757e-05,1.3951476830698084e-05,5.944142230873695e-06,6.124741958046798e-07,0.0
2107,adam,6.25e-05,1.239945567022005e-05,6.8194602533822035e-06,4.8497391986757066e-06,7.302562057276418e-07,0.0,2.2615258785663173e-05,1.4830231521045789e-05,6.436629519157577e-06,1.3483980865203193e-06,0.0
2108,adam,6.25e-05,1.190698321806849e-05,6.9583178969878645e-06,4.308553698706419e-06,6.401118008980689e-07,0.0,2.0210283764754422e-05,1.307966886088252e-05,6.591360943275504e-06,5.392545290305861e-07,0.0
2109,adam,6.25e-05,1.1537973080066877e-05,6.782430460816613e-06,4.2347438693468575e-06,5.207987463506925e-07,0.0,2.06435433938168e-05,1.360348232992692e-05,6.707570719299838e-06,3.324897761558532e-07,0.0
2110,adam,6.25e-05,1.153564318201461e-05,6.971702646296762e-06,4.175950863327671e-06,3.8798955870333884e-07,0.0,2.0033281543874182e-05,1.2877455446869135e-05,6.854736511741066e-06,3.0108995474620315e-07,0.0
2111,adam,6.25e-05,1.1692810744534654e-05,6.82944400409724e-06,4.385827480746229e-06,4.77539312093711e-07,0.0,2.145670987374615e-05,1.4274389286583755e-05,6.370606115524424e-06,8.11715210602415e-07,0.0
2112,adam,6.25e-05,1.2428999696112442e-05,6.8940096866754175e-06,4.458731893919321e-06,1.0762582540735366e-06,0.0,2.044928442046512e-05,1.416648410668131e-05,5.934459295531269e-06,3.4834246775972133e-07,0.0
2113,adam,6.25e-05,1.2706550933216931e-05,7.293394702401201e-06,4.532487551500708e-06,8.806686508933126e-07,0.0,2.4269405912491493e-05,1.653099934628699e-05,5.832145689055324e-06,1.9062612182096927e-06,0.0
2114,adam,6.25e-05,1.3759877731445158e-05,8.089005319789067e-06,4.4727665340360545e-06,1.198105877620037e-06,0.0,2.2847290892968886e-05,1.5263665773090906e-05,6.267068329179892e-06,1.3165577001927886e-06,0.0
2115,adam,6.25e-05,1.3974793716897693e-05,7.789562488369484e-06,4.835600066144252e-06,1.349631210345592e-06,0.0,2.4504988687112927e-05,1.4782342077523936e-05,8.828566024021711e-06,8.940806424106995e-07,0.0
2116,adam,6.25e-05,1.3095066151436185e-05,7.368508050831224e-06,4.847551082320933e-06,8.790071550635048e-07,0.0,2.060401311609894e-05,1.3987929378345143e-05,6.056923666619696e-06,5.591605258814525e-07,0.0
2117,adam,6.25e-05,1.3409845109890739e-05,7.828105708540534e-06,4.829195447086931e-06,7.525440235411907e-07,0.0,2.103743827319704e-05,1.3620430763694458e-05,6.4445030147908255e-06,9.725047220854321e-07,0.0
2118,adam,6.25e-05,1.2230739628193987e-05,7.180682501939373e-06,4.402596545105553e-06,6.474605758199914e-07,0.0,2.0064662749064155e-05,1.2881717339041643e-05,6.84552014718065e-06,3.374248080945108e-07,0.0
2119,adam,6.25e-05,1.1849920554141136e-05,6.8920341220746195e-06,4.483210361172496e-06,4.7467589325833615e-07,0.0,2.1187363017816097e-05,1.4502126759907696e-05,5.840703124704305e-06,8.445334174211894e-07,0.0
2120,adam,6.25e-05,1.2209230249027314e-05,6.902605093728198e-06,4.577202602717989e-06,7.29422531264845e-07,0.0,2.088587098114658e-05,1.3851099538442213e-05,6.458154075517086e-06,5.7661696928335e-07,0.0
2121,adam,6.25e-05,1.1764469661557087e-05,6.788683634795234e-06,4.468735539830959e-06,5.070504576210055e-07,0.0,2.2012347471900284e-05,1.3611093891086057e-05,7.864629878895357e-06,5.366244408833154e-07,0.0
2122,adam,6.25e-05,1.2155926071955037e-05,6.820043296329459e-06,4.796040570909099e-06,5.398422988633911e-07,0.0,1.992370016523637e-05,1.3089612366457004e-05,6.539603873534361e-06,2.944840389318415e-07,0.0
2123,adam,6.25e-05,1.3468576923969522e-05,7.385656658698281e-06,5.562455285712531e-06,5.204651181145437e-07,0.0,2.2836280550109223e-05,1.2681401130976155e-05,8.809630344330799e-06,1.3452472558128648e-06,0.0
2124,adam,6.25e-05,1.2445341667444154e-05,6.850656603774041e-06,5.012897204892397e-06,5.817878996339232e-07,0.0,1.9970020730397664e-05,1.3094792848278303e-05,6.396119715645909e-06,4.791091328115726e-07,0.0
2125,adam,6.25e-05,1.1856898822770745e-05,7.062888784048482e-06,4.299215589753658e-06,4.947945253519492e-07,0.0,2.0898805814795196e-05,1.4011681741976645e-05,6.298615062405588e-06,5.885079872314236e-07,0.0
2126,adam,6.25e-05,1.251926232725964e-05,7.254625330688214e-06,4.589594794879304e-06,6.750422372192588e-07,0.0,2.204025258834008e-05,1.3006240806134883e-05,8.247365258284844e-06,7.866458417993272e-07,0.0
2127,adam,6.25e-05,1.2369152784685866e-05,7.160173510101231e-06,4.558471971449762e-06,6.50507423927138e-07,0.0,2.0473080439842306e-05,1.405650436936412e-05,6.044278507033596e-06,3.7229779081826564e-07,0.0
2128,adam,6.25e-05,1.22338237247277e-05,7.196875003501191e-06,4.439920161303235e-06,5.970285883449833e-07,0.0,2.050896182481665e-05,1.3185285752115306e-05,6.565127932844916e-06,7.585484240735241e-07,0.0
2129,adam,6.25e-05,1.1872011043578823e-05,6.874522227917623e-06,4.34762078782569e-06,6.498679869793023e-07,0.0,1.999673986574635e-05,1.339505524811102e-05,6.201979886100162e-06,3.9970504417397024e-07,0.0
2130,adam,6.25e-05,1.2303726123263914e-05,6.911304126333562e-06,4.520400949559189e-06,8.72021159281644e-07,0.0,2.0287900042603724e-05,1.3159709851606749e-05,6.675128133792896e-06,4.5306043716664135e-07,0.0
2131,adam,6.25e-05,1.2204184827169229e-05,6.944661322449974e-06,4.626504477300841e-06,6.330190434056249e-07,0.0,2.0387564291013405e-05,1.3227055205788929e-05,6.530134669446852e-06,6.30373847343435e-07,0.0
2132,adam,6.25e-05,1.1961133452587092e-05,6.987342402453578e-06,4.521753666608674e-06,4.520374936589633e-07,0.0,2.1841993657290004e-05,1.4228998225007672e-05,6.986071639403235e-06,6.269243613132858e-07,0.0
2133,adam,6.25e-05,1.2476542508466082e-05,7.233576781118245e-06,4.709087136234302e-06,5.338785893371778e-07,0.0,2.0609970306395553e-05,1.3600623788079247e-05,6.431696419895161e-06,5.776506668553338e-07,0.0
2134,adam,6.25e-05,1.2939759926666738e-05,6.926697949438676e-06,4.489595497148002e-06,1.5234663681695793e-06,0.0,2.2565756808035076e-05,1.3834067431162111e-05,6.8313529482111335e-06,1.900337110782857e-06,0.0
2135,adam,6.25e-05,1.1889023539879418e-05,6.739680060263709e-06,4.279716918631493e-06,8.696266036167799e-07,0.0,2.1074632968520746e-05,1.4069920325709973e-05,6.532075985887786e-06,4.726369979834999e-07,0.0
2136,adam,6.25e-05,1.1703372706506343e-05,6.803212983186313e-06,4.239515448034581e-06,6.606442415346692e-07,0.0,2.0291354303481057e-05,1.3881557606509887e-05,5.686329132004175e-06,7.234675649669953e-07,0.0
2137,adam,6.25e-05,1.2314503919697017e-05,6.771155199203349e-06,4.531953891273588e-06,1.0113948025747277e-06,0.0,2.025497451541014e-05,1.2169568435638212e-05,7.08257266524015e-06,1.0028337555922917e-06,0.0
2138,adam,6.25e-05,1.1817839322247892e-05,6.7748498793207546e-06,4.483727437332163e-06,5.592620748728905e-07,0.0,2.1605017536785454e-05,1.5211600839393213e-05,5.758159204560798e-06,6.352565833367407e-07,0.0
2139,adam,6.25e-05,1.1805348890447931e-05,6.886324371180308e-06,4.312756033186815e-06,6.062683510776878e-07,0.0,2.2388359866454266e-05,1.4737359379068948e-05,6.682562343485188e-06,9.684387123343186e-07,0.0
2140,adam,6.25e-05,1.2002383073195233e-05,7.035192908233512e-06,4.485118978436731e-06,4.82071202512202e-07,0.0,1.9832430552924052e-05,1.330226496065734e-05,6.246230896067573e-06,2.8393586148922623e-07,0.0
2141,adam,6.25e-05,1.2006361771454976e-05,6.93439400833995e-06,4.326614615024482e-06,7.453533559242942e-07,0.0,2.2400230591301806e-05,1.3405790014076047e-05,6.994966952333925e-06,1.9994727153971326e-06,0.0
2142,adam,6.25e-05,1.2471492084387137e-05,6.812822960000631e-06,4.47624641708444e-06,1.1824228653978253e-06,0.0,2.0433359168237075e-05,1.4026378266862594e-05,5.6873059293138795e-06,7.19676279459236e-07,0.0
2143,adam,6.25e-05,1.1722666215518984e-05,6.629523824130956e-06,4.213877858205706e-06,8.792646326583053e-07,0.0,2.1806767108500935e-05,1.4350450328493025e-05,5.8101286413148046e-06,1.6461867744510528e-06,0.0
2144,adam,6.25e-05,1.2143960248067742e-05,6.8170951408319524e-06,4.468457674988713e-06,8.584074713269274e-07,0.0,1.9989247448393144e-05,1.3116166883264668e-05,6.249373655009549e-06,6.237081606741413e-07,0.0
2145,adam,6.25e-05,1.207912339395989e-05,7.045753250167763e-06,4.535341929567949e-06,4.980285162048403e-07,0.0,2.100454003084451e-05,1.4044417184777558e-05,5.8693153732747305e-06,1.0908074727922212e-06,0.0
2146,adam,6.25e-05,1.1874772667397338e-05,6.824995267606937e-06,4.485544110366391e-06,5.642331863953132e-07,0.0,2.0943425624864176e-05,1.3565786503022537e-05,6.457490144384792e-06,9.201483521792397e-07,0.0
2147,adam,6.25e-05,1.198828101678373e-05,6.800214379154568e-06,4.353755969077611e-06,8.343107964492447e-07,0.0,2.1526449927478097e-05,1.3167034012440126e-05,6.341572316159727e-06,2.017843598878244e-06,0.0
2148,adam,6.25e-05,1.2467192107123992e-05,7.327604407691979e-06,4.192759462284812e-06,9.468280612878743e-07,0.0,2.0538584067253396e-05,1.4088702300796285e-05,5.900994437979534e-06,5.488873853209952e-07,0.0
2149,adam,6.25e-05,1.2023783085624018e-05,6.965474455000731e-06,4.410382018704695e-06,6.479265852732397e-07,0.0,2.128778214682825e-05,1.4027042197994888e-05,6.635054887738079e-06,6.256859705899842e-07,0.0
2150,adam,6.25e-05,1.3339007296053751e-05,7.051708479366425e-06,4.786387506783285e-06,1.5009111749009207e-06,0.0,2.4226474124589004e-05,1.4507972082355991e-05,7.4700888035295065e-06,2.2484125565824797e-06,0.0
2151,adam,6.25e-05,1.3402263903117273e-05,7.019787432227531e-06,4.626589827694261e-06,1.7558868012912399e-06,0.0,2.1404603103292175e-05,1.387287920806557e-05,6.00130215389072e-06,1.5304217413358856e-06,0.0
2152,adam,6.25e-05,1.2739204862555198e-05,7.027920020163947e-06,4.402745432230404e-06,1.30853957713839e-06,0.0,1.9412918845773675e-05,1.2609540135599673e-05,6.377094450726872e-06,4.262846857727709e-07,0.0
2153,adam,6.25e-05,1.2024361467410927e-05,6.9128383017869055e-06,4.259253017835363e-06,8.522700110091819e-07,0.0,2.0120625777053647e-05,1.3679257790499832e-05,5.987972144794185e-06,4.5339527332544094e-07,0.0
2154,adam,6.25e-05,1.1650487067527138e-05,6.842506564908035e-06,4.268308799737497e-06,5.396717526195971e-07,0.0,2.0485345885390416e-05,1.3659697287948802e-05,6.467417279054644e-06,3.582316878691927e-07,0.0
2155,adam,6.25e-05,1.2389306277782453e-05,7.047012189786983e-06,4.596640920340178e-06,7.456533452909753e-07,0.0,2.124863203789573e-05,1.4622421076637693e-05,6.118872533988906e-06,5.073387114862271e-07,0.0
2156,adam,6.25e-05,1.149730655924941e-05,6.904570909682661e-06,4.134052531412635e-06,4.58683150128536e-07,0.0,1.9222938135499135e-05,1.2181368219899014e-05,6.7358141677686945e-06,3.0575583309655485e-07,0.0
2157,adam,6.25e-05,1.1373515974355541e-05,6.508434921670414e-06,4.434978947642776e-06,4.3010210948324357e-07,0.0,2.0329918697825633e-05,1.337079538643593e-05,6.196800768520916e-06,7.623217470609234e-07,0.0
2158,adam,6.25e-05,1.2042759749419929e-05,6.817439441419992e-06,4.458100647752872e-06,7.672195732055798e-07,0.0,2.1341971660149284e-05,1.3653490896103904e-05,7.366357294813497e-06,3.2212335554504534e-07,0.0
2159,adam,6.25e-05,1.259112042362176e-05,7.203777016684398e-06,4.892259056532566e-06,4.950843450757247e-07,0.0,2.1781317627755925e-05,1.4194028153724503e-05,6.115143605711637e-06,1.4721456409461098e-06,0.0
2160,adam,6.25e-05,1.2618574942280247e-05,7.103268728769763e-06,4.490179620120216e-06,1.0251264992433562e-06,0.0,2.1427165847853757e-05,1.423644062015228e-05,6.108013167249737e-06,1.0827109235833632e-06,0.0
2161,adam,6.25e-05,1.179905683557081e-05,6.9426579045739345e-06,4.188930745385733e-06,6.674680914642295e-07,0.0,1.9340057406225242e-05,1.2636129213206004e-05,6.488543476734776e-06,2.1538447469993116e-07,0.0
2162,adam,6.25e-05,1.161166875363051e-05,6.620196757012309e-06,4.343091816849665e-06,6.483802739154498e-07,0.0,2.01776456378866e-05,1.4124042536423076e-05,5.787069312646054e-06,2.6653219720174093e-07,0.0
2163,adam,6.25e-05,1.197896858684544e-05,6.902357284843674e-06,4.484669815951747e-06,5.91941455851952e-07,0.0,2.1857860701857135e-05,1.4216789168131072e-05,7.1880867835716344e-06,4.5298489226297534e-07,0.0
2164,adam,6.25e-05,1.2603291395407723e-05,7.295415343833156e-06,4.8368931118147884e-06,4.70982991274127e-07,0.0,2.160821713914629e-05,1.3165778000256978e-05,8.015738785616122e-06,4.2670035327319056e-07,0.0
2165,adam,6.25e-05,1.172635734292271e-05,6.640883526642938e-06,4.64125838561813e-06,4.442154466488546e-07,0.0,1.992203942791093e-05,1.3134621440258343e-05,6.194587967911502e-06,5.928308723923692e-07,0.0
2166,adam,6.25e-05,1.1658788139357057e-05,6.684825052616361e-06,4.59216772696891e-06,3.8179518924152944e-07,0.0,2.06940221687546e-05,1.3434952052193694e-05,6.744117854395881e-06,5.149523758518626e-07,0.0
2167,adam,6.25e-05,1.208565805654871e-05,7.001351121971311e-06,4.591075253301824e-06,4.93231608444944e-07,0.0,2.056838093267288e-05,1.4066968105908018e-05,6.087087513151346e-06,4.1432656416873215e-07,0.0
2168,adam,6.25e-05,1.1693354792896571e-05,6.8923806679777044e-06,4.215904056081854e-06,5.850700990350788e-07,0.0,1.9715176676982082e-05,1.3115512047079392e-05,6.227769972610986e-06,3.7189349200161814e-07,0.0
2169,adam,6.25e-05,1.1594604757192428e-05,6.756673712970951e-06,4.3210220326272974e-06,5.169090151468936e-07,0.0,1.9029961549676955e-05,1.2726222848868929e-05,5.8817677199840546e-06,4.219718050535448e-07,0.0
2170,adam,6.25e-05,1.1410923491439462e-05,6.689937748660668e-06,4.26026011268732e-06,4.6072552706277747e-07,0.0,1.967966090887785e-05,1.343863823421998e-05,5.998072538204724e-06,2.429498238143424e-07,0.0
2171,adam,6.25e-05,1.2102638208943972e-05,7.0533696714392136e-06,4.3873228179336365e-06,6.619457515455451e-07,0.0,1.9975757822976448e-05,1.316769794357242e-05,6.336484602798009e-06,4.7157485028037627e-07,0.0
2172,adam,6.25e-05,1.1967404304868978e-05,6.986181716683859e-06,4.335169307978504e-06,6.460532002705577e-07,0.0,2.0953926650690846e-05,1.469876315240981e-05,5.709135621145833e-06,5.460287297864852e-07,0.0
2173,adam,6.25e-05,1.2318022356794245e-05,7.112963913868953e-06,4.343926079286575e-06,8.611322392937382e-07,0.0,1.988056828849949e-05,1.3695067536900751e-05,5.897418759559514e-06,2.8808230467802787e-07,0.0
2174,adam,6.25e-05,1.1424985132180154e-05,6.647638372214715e-06,4.234545343706486e-06,5.428015228403638e-07,0.0,2.0056115317856893e-05,1.3748649507761002e-05,5.853411039424827e-06,4.5405394644149055e-07,0.0
2175,adam,6.25e-05,1.1637630791483389e-05,6.887293039881115e-06,4.217875570589058e-06,5.324623177926924e-07,0.0,2.225393836852163e-05,1.471816449338803e-05,6.364928594848607e-06,1.170845848719182e-06,0.0
2176,adam,6.25e-05,1.2029720437567448e-05,6.781836646041484e-06,4.64536051936193e-06,6.025232224260435e-07,0.0,2.0279050659155473e-05,1.35674090415705e-05,6.234190095710801e-06,4.774526587425498e-07,0.0
2177,adam,6.25e-05,1.2303477262776141e-05,7.220636717875095e-06,4.38788924839173e-06,6.949513142728847e-07,0.0,2.0594263332895935e-05,1.2037049600621685e-05,7.697398359596264e-06,8.598137810622575e-07,0.0
2178,adam,6.25e-05,1.2206796725422464e-05,6.6240395710792654e-06,4.920941165664772e-06,6.618159229532239e-07,0.0,2.1362804545788094e-05,1.3770430996373761e-05,6.246283192012925e-06,1.3460894479067065e-06,0.0
2179,adam,6.25e-05,1.316290729391767e-05,6.848553283589354e-06,4.671390883004278e-06,1.642963253445373e-06,0.0,2.077244243992027e-05,1.3603033949038945e-05,5.9527374105528e-06,1.2166708529548487e-06,0.0
2180,adam,6.25e-05,1.2125498642490129e-05,6.585717386542456e-06,4.548580292862425e-06,9.912009275581113e-07,0.0,2.224176932941191e-05,1.4510210348817054e-05,6.339158971968573e-06,1.3923993265052559e-06,0.0
2181,adam,6.25e-05,1.2531796357961866e-05,6.566438372601624e-06,4.708847129109017e-06,1.256510868685723e-06,0.0,2.2344191165757366e-05,1.4259980162023567e-05,6.979234967730008e-06,1.1049766044379794e-06,0.0
2182,adam,6.25e-05,1.2476286258333857e-05,6.964077272186842e-06,4.41186945465688e-06,1.1003395830044838e-06,0.0,2.1470666979439557e-05,1.4501250916509889e-05,6.301241683104308e-06,6.681750619463855e-07,0.0
2183,adam,6.25e-05,1.2804370271624066e-05,7.077960702872588e-06,4.666983841161709e-06,1.0594258128548972e-06,0.0,2.024131936195772e-05,1.385104678774951e-05,5.919742761761881e-06,4.705300398200052e-07,0.0
2184,adam,6.25e-05,1.2599397564372339e-05,6.984764439721403e-06,4.762435381167052e-06,8.521978216435855e-07,0.0,2.2126681869849563e-05,1.5631572750862688e-05,5.901008989894763e-06,5.940996175013424e-07,0.0
2185,adam,6.25e-05,1.238963324112774e-05,6.956698229032554e-06,4.9120856715489936e-06,5.208495110764488e-07,0.0,1.98732886929065e-05,1.3769836186838802e-05,5.770170446339762e-06,3.332824007884483e-07,0.0
2186,adam,6.25e-05,1.1474202835870528e-05,6.953480095717168e-06,4.0811055868061885e-06,4.3961727591579347e-07,0.0,2.2056141460780054e-05,1.526627420389559e-05,6.3738175413163844e-06,4.160497439897881e-07,0.0
2187,adam,6.25e-05,1.181024191510005e-05,6.824105497571509e-06,4.449874396073028e-06,5.362620960625009e-07,0.0,2.031996518780943e-05,1.4413133612833917e-05,5.61425122214132e-06,2.925806938947062e-07,0.0
2188,adam,6.25e-05,1.1288616008187091e-05,6.4891705733316485e-06,4.2944116671606025e-06,5.050339328960263e-07,0.0,2.064141517621465e-05,1.3661417142429855e-05,5.771471478510648e-06,1.2085249636584194e-06,0.0
2189,adam,6.25e-05,1.1046769543554547e-05,6.57590871355751e-06,3.96704113825308e-06,5.038196668749606e-07,0.0,2.023912384174764e-05,1.3816998034599237e-05,6.0726415540557355e-06,3.494836562367709e-07,0.0
2190,adam,6.25e-05,1.1431936059125292e-05,6.563017819871675e-06,4.407494955671609e-06,4.614231450261741e-07,0.0,2.052647505479399e-05,1.3429542377707548e-05,6.491171006928198e-06,6.057621249055956e-07,0.0
2191,adam,6.25e-05,1.1721830333044636e-05,6.878620325778684e-06,4.19479491142738e-06,6.484149661645233e-07,0.0,2.1379919417086057e-05,1.3793359357805457e-05,6.692871920677135e-06,8.936873996390204e-07,0.0
2192,adam,6.25e-05,1.170369870351351e-05,6.8922531681892e-06,4.2558469885989325e-06,5.555985786998008e-07,0.0,2.0992369172745384e-05,1.3633029993798118e-05,6.382097581081325e-06,9.772411431185901e-07,0.0
2193,adam,6.25e-05,1.2118291067508835e-05,6.885800047484736e-06,4.537806390203514e-06,6.946844823829679e-07,0.0,2.0710613171104342e-05,1.3013002899242565e-05,6.7858964030165225e-06,9.11714778339956e-07,0.0
2194,adam,6.25e-05,1.1589023017677391e-05,6.805299307188761e-06,4.1448195133853005e-06,6.389041100618442e-07,0.0,2.0974734070478007e-05,1.4431364434130955e-05,6.147515250631841e-06,3.9585387412444106e-07,0.0
2195,adam,6.25e-05,1.2089195024600485e-05,7.054347804569261e-06,4.379425931233527e-06,6.554214095899624e-07,0.0,2.1225512682576664e-05,1.4062118680158164e-05,6.523101092170691e-06,6.402933081517403e-07,0.0
2196,adam,6.25e-05,1.2192099518415489e-05,6.736838827237079e-06,4.636573152083656e-06,8.186875959381723e-07,0.0,2.114343806169927e-05,1.443955898139393e-05,5.839138793817256e-06,8.647401728012483e-07,0.0
2197,adam,6.25e-05,1.1242551408940926e-05,6.580421199942066e-06,4.175167376274658e-06,4.869627385772901e-07,0.0,2.055737240880262e-05,1.4658255167887546e-05,5.542500275623752e-06,3.566161979051685e-07,0.0
2198,adam,6.25e-05,1.094884254371209e-05,6.5870085563801695e-06,4.021922038077719e-06,3.3991199543947914e-07,0.0,2.0895875422866084e-05,1.401139161316678e-05,6.439509888878092e-06,4.4497366502582736e-07,0.0
2199,adam,6.25e-05,1.2169074295798055e-05,6.740315001252384e-06,4.8944764188263434e-06,5.342828242049791e-07,0.0,2.2576083210879005e-05,1.3708470760320779e-05,8.37699553812854e-06,4.906165713691735e-07,0.0
2200,adam,6.25e-05,1.3780887570646883e-05,7.386806288423031e-06,5.410808284977975e-06,9.832730452075111e-07,0.0,2.5537106921547092e-05,1.719800457067322e-05,6.885793482069857e-06,1.4533096646118793e-06,0.0
2201,adam,6.25e-05,1.263759639869022e-05,7.0440608510580205e-06,4.735192703719804e-06,8.5834288121589e-07,0.0,2.031456824624911e-05,1.4362136425916106e-05,5.5875134421512485e-06,3.649188897725253e-07,0.0
2202,adam,6.25e-05,1.1563810005554842e-05,7.0118934445417835e-06,4.173017700281889e-06,3.7889889004105726e-07,0.0,2.112734000547789e-05,1.416291888745036e-05,6.3959864746720996e-06,5.684339043909858e-07,0.0
2203,adam,6.25e-05,1.1841980324334145e-05,6.934628089538819e-06,4.353010837121474e-06,5.543411667474629e-07,0.0,1.9109809727524407e-05,1.2903198694402818e-05,5.926549874857301e-06,2.800607887820661e-07,0.0
2204,adam,6.25e-05,1.1517039297359588e-05,7.022045423354939e-06,4.134454158588596e-06,3.605396887707002e-07,0.0,1.9577035345719196e-05,1.3220797882240731e-05,5.9791173043777235e-06,3.7712024436586944e-07,0.0
2205,adam,6.25e-05,1.180451710069974e-05,6.549390377585951e-06,4.547702332047265e-06,7.074245687022085e-07,0.0,2.0538494936772622e-05,1.4091756384004839e-05,5.996301297273021e-06,4.504377955072414e-07,0.0
2206,adam,6.25e-05,1.198886980091629e-05,6.627461260677592e-06,4.661004680883707e-06,7.00403977482722e-07,0.0,2.267295349156484e-05,1.391329260513885e-05,8.289430297736544e-06,4.7023002025525784e-07,0.0
2207,adam,6.25e-05,1.2183315845959442e-05,6.759941157952198e-06,4.719993654589416e-06,7.033810849321753e-07,0.0,2.2252110284171067e-05,1.5737954527139664e-05,5.623926881526131e-06,8.902303534341627e-07,0.0
2208,adam,6.25e-05,1.2014792275749642e-05,7.318950196122387e-06,4.045509228944866e-06,6.503330371998572e-07,0.0,2.110971945512574e-05,1.4644545444753021e-05,6.0062129705329426e-06,4.5896126721345354e-07,0.0
2209,adam,6.25e-05,1.2243038270298712e-05,6.842129181450218e-06,4.851221618196178e-06,5.496874937449547e-07,0.0,2.07223383767996e-05,1.3281292012834456e-05,6.84351425661589e-06,5.975333579044673e-07,0.0
2210,adam,6.25e-05,1.2445387426396337e-05,6.99886425081786e-06,4.536079288186556e-06,9.104439051554891e-07,0.0,2.0242645405232906e-05,1.290081945626298e-05,6.74582543069846e-06,5.960002340543724e-07,0.0
2211,adam,6.25e-05,1.2539884210127639e-05,7.1600795763515634e-06,4.463430485657227e-06,9.16374027326583e-07,0.0,2.1284569811541587e-05,1.5032126611913554e-05,5.815301847178489e-06,4.3714189246202295e-07,0.0
2212,adam,6.25e-05,1.215935287746106e-05,7.0617940082229325e-06,4.367151802853186e-06,7.304071267810741e-07,0.0,2.0937295630574226e-05,1.4137217476672959e-05,6.448057774832705e-06,3.5201964010411757e-07,0.0
2213,adam,6.25e-05,1.3120674964284262e-05,7.250119267609989e-06,4.7041331328046e-06,1.16642242531384e-06,0.0,2.002116343646776e-05,1.3681776181329042e-05,5.967220658931183e-06,3.721669941114669e-07,0.0
2214,adam,6.25e-05,1.2213287789109017e-05,6.6333563779608085e-06,4.4784450778934115e-06,1.1014864114144984e-06,0.0,2.033039345405996e-05,1.3603624211100396e-05,5.8288860600441694e-06,8.978818186733406e-07,0.0
2215,adam,6.25e-05,1.1911762271665793e-05,6.787233644445223e-06,4.578797160093018e-06,5.45731468015731e-07,0.0,2.311428943357896e-05,1.525654715806013e-05,7.386597189906752e-06,4.711461940587469e-07,0.0
2216,adam,6.25e-05,1.236679992189238e-05,6.625916313396374e-06,4.63599788247393e-06,1.1048858699069797e-06,0.0,2.2731805074727163e-05,1.4366433788381983e-05,6.453980859078001e-06,1.9113906546408543e-06,0.0
2217,adam,6.25e-05,1.1683057664413354e-05,6.603576366615016e-06,4.179262575121356e-06,9.002185539230823e-07,0.0,2.0981233319616877e-05,1.2430815331754275e-05,7.433045993820997e-06,1.1173724487889558e-06,0.0
2218,adam,6.25e-05,1.1996054070095852e-05,6.759929391364494e-06,4.361645082440191e-06,8.744796335946603e-07,0.0,2.2336378606269136e-05,1.4128964721749071e-05,7.371759238594677e-06,8.356552712029952e-07,0.0
2219,adam,6.25e-05,1.2007936163627164e-05,6.692696786103625e-06,4.517931017744559e-06,7.973083508971968e-07,0.0,2.1250567442621104e-05,1.304816578340251e-05,6.684842901449883e-06,1.5175589851423865e-06,0.0
2220,adam,6.25e-05,1.2830886589654256e-05,6.959001268569409e-06,4.683792809601073e-06,1.1880924333240728e-06,0.0,2.4035187379922718e-05,1.3820299500366673e-05,7.951205589051824e-06,2.2636806988884928e-06,0.0
2221,adam,6.25e-05,1.3193002587286173e-05,7.330932135118928e-06,4.774341931579329e-06,1.0877285756549782e-06,0.0,2.1125153580214828e-05,1.3403043340076692e-05,7.2092148002411705e-06,5.128957809574786e-07,0.0
2222,adam,6.25e-05,1.233000710954002e-05,7.107770841230376e-06,4.482026113805659e-06,7.402100941078515e-07,0.0,2.0152723664068617e-05,1.3432719242700841e-05,6.353172011586139e-06,3.668322676730895e-07,0.0
2223,adam,6.25e-05,1.1603347616073734e-05,6.642377030630087e-06,4.253595676573241e-06,7.073749710428956e-07,0.0,2.0141180357313715e-05,1.3752036466030404e-05,5.785102075606119e-06,6.040403945917205e-07,0.0
2224,adam,6.25e-05,1.1091390092587972e-05,6.62583917687698e-06,4.078899536352765e-06,3.866513598183019e-07,0.0,2.1460893549374305e-05,1.4168635061651003e-05,6.761961230949964e-06,5.30297540990432e-07,0.0
2225,adam,6.25e-05,1.1546553423613659e-05,6.603907849012103e-06,4.398548341555397e-06,5.440972916659348e-07,0.0,1.9845128917950206e-05,1.3776865671388805e-05,5.7139131968142465e-06,3.5434990763860696e-07,0.0
2226,adam,6.25e-05,1.2534944175968121e-05,7.311111261287806e-06,4.623888628429995e-06,5.999441921034077e-07,0.0,2.3523025447502732e-05,1.4072503290663008e-05,8.860161869961303e-06,5.903596047573956e-07,0.0
2227,adam,6.25e-05,1.2995332042464725e-05,6.810412571667257e-06,4.5090060183383684e-06,1.6759135590405094e-06,0.0,1.9514533050823957e-05,1.3091394976072479e-05,5.821564627694897e-06,6.015721396579465e-07,0.0
2228,adam,6.25e-05,1.1688743143167812e-05,6.699630745288232e-06,4.2944883631435005e-06,6.946240347360799e-07,0.0,2.0433706595213152e-05,1.3891625712858513e-05,5.968751793261617e-06,5.733296575272107e-07,0.0
2229,adam,6.25e-05,1.1764203634356818e-05,6.606828662825137e-06,4.5654638256564795e-06,5.919110908081393e-07,0.0,2.121089528372977e-05,1.5187798453553114e-05,5.358015187084675e-06,6.650816999353992e-07,0.0
2230,adam,6.25e-05,1.1029076915747282e-05,6.567081413777487e-06,3.991492803834262e-06,4.705025471452018e-07,0.0,1.9986671759397723e-05,1.3272682735987473e-05,6.067152753530536e-06,6.468359288192005e-07,0.0
2231,adam,6.25e-05,1.0974296230870095e-05,6.379360200980955e-06,4.22677055667009e-06,3.681655531551087e-07,0.0,2.1660140191670507e-05,1.4204965737008024e-05,6.702571226924192e-06,7.526035687988042e-07,0.0
2232,adam,6.25e-05,1.1811840863629186e-05,6.758132087725244e-06,4.442010165917054e-06,6.116986064341745e-07,0.0,2.081528873532079e-05,1.4383191228262149e-05,5.5801033340685535e-06,8.519946277374402e-07,0.0
2233,adam,6.25e-05,1.1222815487599291e-05,6.526179163302004e-06,4.039635072672354e-06,6.570012764939293e-07,0.0,1.974634506041184e-05,1.3235977348813321e-05,5.691234491678188e-06,8.19132253582211e-07,0.0
2234,adam,6.25e-05,1.1457643722678768e-05,6.562948783539468e-06,4.16670606284697e-06,7.279887910272009e-07,0.0,2.082888204313349e-05,1.411021912645083e-05,6.23142977929092e-06,4.872321710536198e-07,0.0
2235,adam,6.25e-05,1.1604743576754117e-05,6.382551362094091e-06,4.44653214515256e-06,7.756600837183214e-07,0.0,2.049568502116017e-05,1.3963222954771481e-05,5.819536454509944e-06,7.129256118787453e-07,0.0
2236,adam,6.25e-05,1.1528768141033652e-05,6.612854633658571e-06,4.27848735284897e-06,6.374259253760783e-07,0.0,2.2089583580964245e-05,1.4284222743299324e-05,7.219651251944015e-06,5.857085625393665e-07,0.0
2237,adam,6.25e-05,1.2126832814374211e-05,6.829625448290244e-06,4.619959611318336e-06,6.772475877880879e-07,0.0,1.911416075017769e-05,1.20982567750616e-05,6.309909622359555e-06,7.059952622512355e-07,0.0
2238,adam,6.25e-05,1.1989102915777039e-05,6.755153833637451e-06,4.387987885934308e-06,8.459612157452057e-07,0.0,2.1332760297809727e-05,1.3223523637861945e-05,6.370709797920426e-06,1.73852617990633e-06,0.0
2239,adam,6.25e-05,1.2050486134285165e-05,6.635336887939047e-06,4.294888313438605e-06,1.120260844089671e-06,0.0,2.0709481759695336e-05,1.3399200724961702e-05,5.892442914046114e-06,1.4178394849295728e-06,0.0
2240,adam,6.25e-05,1.2314334583152231e-05,6.492757108844671e-06,4.20649622867586e-06,1.6150814410309522e-06,0.0,2.121185025316663e-05,1.4261306205298752e-05,5.553326900553657e-06,1.3972162378195208e-06,0.0
2241,adam,6.25e-05,1.1545194865902886e-05,6.589571995618826e-06,4.2148053722712575e-06,7.40817518440906e-07,0.0,2.1337571524782106e-05,1.4054234270588495e-05,6.176775059429929e-06,1.1065619673900073e-06,0.0
2242,adam,6.25e-05,1.167932504131386e-05,6.6041642412528745e-06,4.222801166520185e-06,8.523596086718044e-07,0.0,2.0848690837738104e-05,1.453377535653999e-05,5.931027317274129e-06,3.8388850498449756e-07,0.0
2243,adam,6.25e-05,1.1914855861050455e-05,6.873065728996153e-06,4.2307319745304994e-06,8.110580935749567e-07,0.0,1.8849415937438607e-05,1.2908020835311618e-05,5.702150247088866e-06,2.3924451397761004e-07,0.0
2244,adam,6.25e-05,1.1769861828270223e-05,6.555143357900306e-06,4.450625354479598e-06,7.640931247721028e-07,0.0,1.9626568246167153e-05,1.3021766790188849e-05,5.749428964918479e-06,8.553727752769191e-07,0.0
2245,adam,6.25e-05,1.0726280152084655e-05,6.240498692022811e-06,3.876138876535151e-06,6.096422566770343e-07,0.0,1.9489390979288146e-05,1.3254062650958076e-05,5.616559064947069e-06,6.187686381053936e-07,0.0
2246,adam,6.25e-05,1.10423239902957e-05,6.315390720601499e-06,4.013159667692889e-06,7.137736268703065e-07,0.0,2.071102790068835e-05,1.4941664630896412e-05,5.415217401605332e-06,3.541459534517344e-07,0.0
2247,adam,6.25e-05,1.0773890721793578e-05,6.329686328854223e-06,4.0165871553199395e-06,4.27617274922909e-07,0.0,2.0231424059602432e-05,1.2999552382098045e-05,7.008386091911234e-06,2.234869072026413e-07,0.0
2248,adam,6.25e-05,1.1267189790942211e-05,6.529165688107241e-06,4.199809566785007e-06,5.382144570020841e-07,0.0,2.055219010799192e-05,1.4356363863043953e-05,5.585856342804618e-06,6.099693905525783e-07,0.0
2249,adam,6.25e-05,1.116278872359544e-05,6.3873143005821476e-06,4.1296040649285715e-06,6.458702497269542e-07,0.0,1.960763802344445e-05,1.319804141530767e-05,6.058156031940598e-06,3.5144162779943144e-07,0.0
2250,adam,6.25e-05,1.1610807064244e-05,6.636490837763631e-06,4.396770549419671e-06,5.775457445622578e-07,0.0,2.0178422346361913e-05,1.3570197552326135e-05,5.903083547309507e-06,7.051406782920822e-07,0.0
2251,adam,6.25e-05,1.1468465572761488e-05,6.561393632864565e-06,4.210579788832547e-06,6.96492330476417e-07,0.0,2.0566007151501253e-05,1.327981681242818e-05,6.25422171651735e-06,1.0319698731109384e-06,0.0
2252,adam,6.25e-05,1.2507137171269278e-05,6.646180622738029e-06,4.600349740258025e-06,1.2606068757747835e-06,0.0,2.185654557251837e-05,1.4289404134615324e-05,6.444861810450675e-06,1.1222806506339111e-06,0.0
2253,adam,6.25e-05,1.1620431280334742e-05,6.708959148227223e-06,4.135526594950534e-06,7.759456721601055e-07,0.0,1.89495985978283e-05,1.2587314813572448e-05,5.823327683174284e-06,5.389562716118235e-07,0.0
2254,adam,6.25e-05,1.0497559173927584e-05,6.256565654894075e-06,3.927594434571802e-06,3.1339904715821376e-07,0.0,1.9242530470364727e-05,1.3292397852637805e-05,5.742738267144887e-06,2.073936400392995e-07,0.0
2255,adam,6.25e-05,1.143885401688749e-05,6.819958599635356e-06,4.162868336266001e-06,4.560268909159504e-07,0.0,2.165252954000607e-05,1.3268491784401704e-05,6.455554284912068e-06,1.9284841528133256e-06,0.0
2256,adam,6.25e-05,1.2005254177438474e-05,6.636518719460582e-06,4.189700888446168e-06,1.1790342888673422e-06,0.0,2.07478860829724e-05,1.3593249605037272e-05,6.438759101001779e-06,7.158772632465116e-07,0.0
2257,adam,6.25e-05,1.2333788049545547e-05,6.638596488528492e-06,4.7334985850966405e-06,9.616931464506706e-07,0.0,2.05988108064048e-05,1.4030196325620636e-05,5.864947979716817e-06,7.036663873805082e-07,0.0
2258,adam,6.25e-05,1.1864993155086268e-05,6.7491208710634965e-06,4.430273648381444e-06,6.855988576859318e-07,0.0,2.055952063528821e-05,1.3220598702901043e-05,6.640059382334584e-06,6.988624932091625e-07,0.0
2259,adam,6.25e-05,1.1276760403688968e-05,6.580253483434717e-06,4.135875457222937e-06,5.606314577022431e-07,0.0,1.9426384824328125e-05,1.3396300346357748e-05,5.760072781413328e-06,2.700107302189281e-07,0.0
2260,adam,6.25e-05,1.0985477501890273e-05,6.488730349474281e-06,4.046371273602745e-06,4.5037586993146306e-07,0.0,2.0962384951417334e-05,1.5047347005747724e-05,5.606729700957658e-06,3.083081878685334e-07,0.0
2261,adam,6.25e-05,1.156517231493126e-05,6.684779407351016e-06,3.968471915527516e-06,9.119211785701964e-07,0.0,2.011788819800131e-05,1.3046072126599029e-05,6.203501015988877e-06,8.683145438226347e-07,0.0
2262,adam,6.25e-05,1.1408592058614886e-05,6.454284630308393e-06,4.190813996274301e-06,7.634934711120422e-07,0.0,2.0179999410174787e-05,1.4450489288719837e-05,5.338958089851076e-06,3.9055206002558407e-07,0.0
2263,adam,6.25e-05,1.174109229395981e-05,6.9624360321540735e-06,4.134100365149607e-06,6.445558593526357e-07,0.0,1.970885023183655e-05,1.3196714462537784e-05,5.910915206186473e-06,6.012218136675074e-07,0.0
2264,adam,6.25e-05,1.097838116947969e-05,6.311014288939987e-06,4.1737072251635254e-06,4.936594528714977e-07,0.0,2.045141445705667e-05,1.358381450700108e-05,6.081059382267995e-06,7.865405109441781e-07,0.0
2265,adam,6.25e-05,1.1479633485578233e-05,6.588325305756371e-06,4.0550954452100996e-06,8.362128287586756e-07,0.0,2.013089215324726e-05,1.3899646546633448e-05,5.7114298215310555e-06,5.198161829866876e-07,0.0
2266,adam,6.25e-05,1.1755073273889138e-05,7.107886375479211e-06,4.13873424065514e-06,5.084526275567214e-07,0.0,2.120191311405506e-05,1.5275429177563637e-05,5.505609806277789e-06,4.2087495444320666e-07,0.0
2267,adam,6.25e-05,1.19476016493536e-05,6.8116759166514385e-06,4.367593206211495e-06,7.683325655705175e-07,0.0,2.1751411622972228e-05,1.3745054275204893e-05,7.712731530773453e-06,2.936266412234545e-07,0.0
2268,adam,6.25e-05,1.2680604413617402e-05,6.7384632984612836e-06,5.387675372503509e-06,5.544658137068836e-07,0.0,2.3043976398184896e-05,1.5677987903472967e-05,6.822627710789675e-06,5.43360840765672e-07,0.0
2269,adam,6.25e-05,1.1536523572885926e-05,6.6370103581903095e-06,4.170854367657739e-06,7.286587102584008e-07,0.0,2.0139181287959218e-05,1.4170287613524124e-05,5.3288777053239755e-06,6.400148890861601e-07,0.0
2270,adam,6.25e-05,1.2180807800632465e-05,6.580382375886984e-06,4.156243932129655e-06,1.4441813860344155e-06,0.0,2.2141965018818155e-05,1.4410479707294144e-05,6.7969272095069755e-06,9.345576472696848e-07,0.0
2271,adam,6.25e-05,1.198922660705648e-05,6.874735134942966e-06,4.241767470603008e-06,8.727239571015843e-07,0.0,1.987689029192552e-05,1.3513787052943371e-05,5.935450644756202e-06,4.2765111629705643e-07,0.0
2272,adam,6.25e-05,1.178539224611086e-05,6.574231377953765e-06,4.415228517018477e-06,7.959323351514058e-07,0.0,2.1009591364418156e-05,1.3989026228955481e-05,5.8731125136546325e-06,1.14745375867642e-06,0.0
2273,adam,6.25e-05,1.124861285006773e-05,6.455962932250259e-06,4.256011109760038e-06,5.366389554950501e-07,0.0,2.1202191419433802e-05,1.5008601621957496e-05,5.713308837584918e-06,4.802813009519014e-07,0.0
2274,adam,6.25e-05,1.1284238667030877e-05,6.685602158995607e-06,4.079423234770729e-06,5.192132821463247e-07,0.0,2.0551922716549598e-05,1.353947664028965e-05,6.22042625764152e-06,7.920197617750091e-07,0.0
2275,adam,6.25e-05,1.2043998538047163e-05,6.72020777869875e-06,4.254499955891333e-06,1.0692909793164063e-06,0.0,2.097157994285226e-05,1.409299329679925e-05,6.129699613666162e-06,7.488872597605223e-07,0.0
2276,adam,6.25e-05,1.1768204501549917e-05,6.62078298319102e-06,4.269899505970898e-06,8.775220745604884e-07,0.0,2.2301564968074672e-05,1.5092122339410707e-05,5.940474693488795e-06,1.268968048862007e-06,0.0
2277,adam,6.25e-05,1.2383815942484944e-05,6.754997940561225e-06,4.8953123581441105e-06,7.335056384505378e-07,0.0,2.2326097678160295e-05,1.4291803381638601e-05,5.991352281853324e-06,2.0429408777999924e-06,0.0
2278,adam,6.25e-05,1.1904951634278405e-05,6.4701320354743075e-06,4.586356055824581e-06,8.484634506089606e-07,0.0,2.294319710927084e-05,1.3143840078555513e-05,7.749023097858299e-06,2.0503346149780555e-06,0.0
2279,adam,6.25e-05,1.3365499114570412e-05,6.561337528410149e-06,4.776324786348596e-06,2.0278369206039315e-06,0.0,2.4288026907015592e-05,1.4120856576482765e-05,6.298341759247705e-06,3.868829026032472e-06,0.0
2280,adam,6.25e-05,1.3654808583396516e-05,6.610414544638843e-06,4.547976942603782e-06,2.4964173057639982e-06,0.0,2.1092469978611916e-05,1.3761815353063866e-05,6.452871730289189e-06,8.777830657891172e-07,0.0
2281,adam,6.25e-05,1.1512301114180445e-05,6.8174728653502825e-06,4.131161915665871e-06,5.636662834263007e-07,0.0,1.9005605281563476e-05,1.296640584769193e-05,5.60531498194905e-06,4.338835708495026e-07,0.0
2282,adam,6.25e-05,1.1261056044986617e-05,6.641622491088128e-06,4.119070652564005e-06,5.003628373856372e-07,0.0,1.970521770999767e-05,1.3039004443271551e-05,6.322476565401303e-06,3.4373698554190923e-07,0.0
2283,adam,6.25e-05,1.1513630056469992e-05,6.570428951135909e-06,4.262850239911131e-06,6.803506629182721e-07,0.0,2.08563833439257e-05,1.3522744666261133e-05,6.549783847731305e-06,7.838550573069369e-07,0.0
2284,adam,6.25e-05,1.1402681025174388e-05,6.534354042742052e-06,4.332018477271049e-06,5.363086508225479e-07,0.0,1.9492976207402535e-05,1.2773888556694146e-05,6.4137620938709006e-06,3.0532649475389917e-07,0.0
2285,adam,6.25e-05,1.096855470450464e-05,6.684338217155528e-06,3.924997784565676e-06,3.5921870811250756e-07,0.0,1.99077112483792e-05,1.3136501365806907e-05,6.344683697534492e-06,4.265258439772879e-07,0.0
2286,adam,6.25e-05,1.1336893749103183e-05,6.703285293951922e-06,4.119387554624154e-06,5.142207832875556e-07,0.0,2.0478832084336318e-05,1.4057200132810976e-05,5.9312937992217485e-06,4.903376975562423e-07,0.0
2287,adam,6.25e-05,1.0786648715566116e-05,6.333291338478375e-06,4.068916240385079e-06,3.844411535780523e-07,0.0,2.0784373191418126e-05,1.5037104276416358e-05,5.464084551931592e-06,2.8318365252744115e-07,0.0
2288,adam,6.25e-05,1.1091521287198702e-05,6.331115940838572e-06,4.354036178710885e-06,4.063691116940049e-07,0.0,2.0211071387166157e-05,1.3625424799101893e-05,5.755469828727655e-06,8.301754519379756e-07,0.0
2289,adam,6.25e-05,1.16122271833774e-05,6.667876988331045e-06,4.276717589846157e-06,6.67632658490902e-07,0.0,2.002042492676992e-05,1.3481071619025897e-05,6.118365490692668e-06,4.209890391848603e-07,0.0
2290,adam,6.25e-05,1.1022094724921772e-05,6.368564044123559e-06,4.281089559299289e-06,3.7244123873847457e-07,0.0,1.956741289177444e-05,1.2718870493699796e-05,6.496453806903446e-06,3.5208947224418807e-07,0.0
2291,adam,6.25e-05,1.2504419373726705e-05,6.988248031802868e-06,4.79612535286833e-06,7.200459748446519e-07,0.0,1.9691124180098996e-05,1.291897933697328e-05,6.460813892772421e-06,3.113312061486795e-07,0.0
2292,adam,6.25e-05,1.2161091547113756e-05,7.0252236525902845e-06,4.3589199236748755e-06,7.76947953973206e-07,0.0,1.9368977518752217e-05,1.2481739759095944e-05,6.2227754824562e-06,6.644627319474239e-07,0.0
2293,adam,6.25e-05,1.2494579891608737e-05,6.601558453667167e-06,4.647575408966986e-06,1.2454461337796374e-06,0.0,2.467643207637593e-05,1.4920735338819213e-05,7.0855144258530345e-06,2.670182311703684e-06,0.0
2294,adam,6.25e-05,1.27327649011022e-05,6.777030620241931e-06,4.894019667744942e-06,1.0617147889746548e-06,0.0,2.1070201910333708e-05,1.4137812286207918e-05,6.303296231635613e-06,6.290932788033388e-07,0.0
2295,adam,6.25e-05,1.1510794820424053e-05,6.632237273151986e-06,4.475048697827333e-06,4.035087890486011e-07,0.0,2.055763798125554e-05,1.3982082236907445e-05,5.674166004610015e-06,9.013890576170525e-07,0.0
2296,adam,6.25e-05,1.0886964105338848e-05,6.6823682516314875e-06,3.7058110535781452e-06,4.987847397330825e-07,0.0,2.057660458376631e-05,1.376596719637746e-05,5.916158897889545e-06,8.944786600295629e-07,0.0
2297,adam,6.25e-05,1.122956575727585e-05,6.369821250018504e-06,4.2047031740821694e-06,6.550413811368117e-07,0.0,2.003781992243603e-05,1.4214041584637016e-05,5.453790890896926e-06,3.699888111441396e-07,0.0
2298,adam,6.25e-05,1.082814719666203e-05,6.424368677926395e-06,3.888440573973639e-06,5.153377156119632e-07,0.0,1.986271126952488e-05,1.4490271496470086e-05,5.163392415852286e-06,2.0904738562421699e-07,0.0
2299,adam,6.25e-05,1.0955894708786218e-05,6.605407207871394e-06,3.965978720543717e-06,3.8450881945095716e-07,0.0,2.0675759515143e-05,1.4217703210306354e-05,6.081972060201224e-06,3.760860352031159e-07,0.0
2300,adam,6.25e-05,1.1541059336650505e-05,6.679874275050679e-06,4.2227609640121955e-06,6.384241171275562e-07,0.0,1.9850986063829623e-05,1.3091131222608965e-05,6.30875774731976e-06,4.510973212745739e-07,0.0
2301,adam,6.25e-05,1.0740196842107252e-05,6.18476215663577e-06,3.929771224875367e-06,6.256636453372266e-07,0.0,1.8735827325144783e-05,1.281531967833871e-05,5.625249286822509e-06,2.9525790523621254e-07,0.0
2302,adam,6.25e-05,1.0862793544674787e-05,6.507138891720388e-06,3.93536338094691e-06,4.202911796369335e-07,0.0,1.938831883308012e-05,1.2991108633286785e-05,5.922748641751241e-06,4.74461813837479e-07,0.0
2303,adam,6.25e-05,1.1173082384630106e-05,6.463153141567091e-06,4.188227435975023e-06,5.217019793946065e-07,0.0,2.0316889276728034e-05,1.3371206478041131e-05,6.5445560721855145e-06,4.011272380921582e-07,0.0
2304,adam,6.25e-05,1.0913138851265103e-05,6.335303851301433e-06,4.1095522931300366e-06,4.682826748592106e-07,0.0,1.841525408963207e-05,1.2053437785652932e-05,6.11764335189946e-06,2.4417269628429494e-07,0.0
2305,adam,6.25e-05,1.1724882995167718e-05,6.698191640452933e-06,4.570267719827825e-06,4.5642358248443315e-07,0.0,1.8743230612017214e-05,1.226470158144366e-05,6.1872174228483345e-06,2.913108403390652e-07,0.0
2306,adam,6.25e-05,1.0767625042262807e-05,6.1154545960562245e-06,4.2939038280565e-06,3.5826665367721944e-07,0.0,2.0854866306763142e-05,1.4078416825213935e-05,6.239025424292777e-06,5.374249099077133e-07,0.0
2307,adam,6.25e-05,1.1372560607014748e-05,6.7941132613213995e-06,4.011565877704015e-06,5.66881546149034e-07,0.0,2.067699642793741e-05,1.3757660781266168e-05,6.567607215401949e-06,3.5172831758245593e-07,0.0
2308,adam,6.25e-05,1.1766565933157835e-05,6.967861310158696e-06,4.101448638493821e-06,6.97256021808812e-07,0.0,1.959787005034741e-05,1.3274972843646538e-05,5.590270120592322e-06,7.326264039875241e-07,0.0
2309,adam,6.25e-05,1.1431916277615528e-05,6.4750266801638645e-06,4.2153201178507516e-06,7.415695773005382e-07,0.0,2.08651035791263e-05,1.4841104530205484e-05,5.51884522792534e-06,5.051535936217988e-07,0.0
2310,adam,6.25e-05,1.1138439901969832e-05,6.485446419901564e-06,4.0417772169121235e-06,6.112162207472238e-07,0.0,1.93908217624994e-05,1.3215130820753984e-05,5.754580797656672e-06,4.211101725104527e-07,0.0
2311,adam,6.25e-05,1.071319417178529e-05,6.560670726685203e-06,3.807772216646299e-06,3.4475132437705724e-07,0.0,2.0839723219978623e-05,1.4605168871639762e-05,5.848507043992868e-06,3.8604753171966877e-07,0.0
2312,adam,6.25e-05,1.1335488636632363e-05,6.4580962373383954e-06,4.142161571962788e-06,7.352311071073814e-07,0.0,2.0413624952198006e-05,1.4640372683061287e-05,5.406265245255781e-06,3.669863133382023e-07,0.0
2313,adam,6.25e-05,1.1274970859176392e-05,6.209236232734838e-06,4.466775564537784e-06,5.989590619037699e-07,0.0,1.9830045857816003e-05,1.3376219612837303e-05,6.186333393998211e-06,2.674925667633943e-07,0.0
2314,adam,6.25e-05,1.160909755526518e-05,6.378975342613558e-06,4.5427554340449205e-06,6.87366620510943e-07,0.0,2.4512075469829142e-05,1.3701483112527058e-05,5.480977051774971e-06,5.3296148507797625e-06,0.0
2315,adam,6.25e-05,1.2542164768092334e-05,6.582126161447377e-06,4.466450064910532e-06,1.4935885186417863e-06,0.0,2.064413456537295e-05,1.4666491551906802e-05,5.581284312938806e-06,3.963589847444382e-07,0.0
2316,adam,6.25e-05,1.1688970118939324e-05,6.672366652082928e-06,4.409262558624505e-06,6.073409082318904e-07,0.0,2.0915596905979328e-05,1.4665753042208962e-05,5.875094302609796e-06,3.7475035696843406e-07,0.0
2317,adam,6.25e-05,1.07264406210561e-05,6.1691828818766226e-06,4.009551403783007e-06,5.477063051984032e-07,0.0,1.974313818209339e-05,1.4230439774109982e-05,5.2136565500404686e-06,2.990426821725123e-07,0.0
2318,adam,6.25e-05,1.0594645630135346e-05,6.234162952978295e-06,3.8666155290911775e-06,4.938670095100406e-07,0.0,1.9934706870117225e-05,1.392287049384322e-05,5.626871370623121e-06,3.849648919640458e-07,0.0
2319,adam,6.25e-05,1.0712506195886817e-05,6.395283918436689e-06,3.874122455727047e-06,4.430998741256076e-07,0.0,2.0418357962626033e-05,1.4346939678944182e-05,5.675044121744577e-06,3.963750430102664e-07,0.0
2320,adam,6.25e-05,1.1454884486283845e-05,6.349225458279761e-06,4.466412832471178e-06,6.392461511239844e-07,0.0,2.0910614694003016e-05,1.476905254094163e-05,5.881657216377789e-06,2.59904538779665e-07,0.0
2321,adam,6.25e-05,1.0622014428918192e-05,6.321334836911774e-06,3.905369396761671e-06,3.953102769571615e-07,0.0,2.0247087377356365e-05,1.3488261174643412e-05,6.415339612431126e-06,3.434865050166991e-07,0.0
2322,adam,6.25e-05,1.1896604235062114e-05,6.462330247813952e-06,4.043065629844023e-06,1.3912084355638399e-06,0.0,1.8789092791848816e-05,1.2090635209460743e-05,6.1892324083601125e-06,5.092244919069344e-07,0.0
2323,adam,6.25e-05,1.2667872169913608e-05,6.71019773790249e-06,4.463992738124034e-06,1.4936815588839636e-06,0.0,2.1995107090333477e-05,1.265953505935613e-05,6.50936772217392e-06,2.8262040814297507e-06,0.0
2324,adam,6.25e-05,1.1840465504064923e-05,6.360451948239643e-06,4.444397632141772e-06,1.0356158810509442e-06,0.0,2.2868800442665815e-05,1.4690992429677863e-05,7.619253665325232e-06,5.585527560469927e-07,0.0
2325,adam,6.25e-05,1.1310065303860029e-05,6.3877825482450135e-06,4.3436685928099905e-06,5.786141787922361e-07,0.0,1.9888757378794253e-05,1.372005499433726e-05,5.772904842160642e-06,3.957976275614783e-07,0.0
2326,adam,6.25e-05,1.1262113787324779e-05,6.457688556338326e-06,4.2290645296816365e-06,5.753605893943359e-07,0.0,1.963104477908928e-05,1.2962431355845183e-05,5.76831234866404e-06,9.003015293274075e-07,0.0
2327,adam,6.25e-05,1.1596241279221431e-05,6.6871991748485016e-06,4.244751238502431e-06,6.64290880081353e-07,0.0,1.996658102143556e-05,1.386054736940423e-05,5.566525942413136e-06,5.395079938352865e-07,0.0
2328,adam,6.25e-05,1.1180953322309506e-05,6.504179708599622e-06,4.019012067146832e-06,6.577614897196327e-07,0.0,2.05116539291339e-05,1.3684158147952985e-05,6.390481757989619e-06,4.370137958176201e-07,0.0
2329,adam,6.25e-05,1.2078641589141625e-05,6.770460856841964e-06,4.392281198306591e-06,9.158994753732941e-07,0.0,2.291308373969514e-05,1.619401155039668e-05,5.4886177167645656e-06,1.2304536767260288e-06,0.0
2330,adam,6.25e-05,1.1539230513335497e-05,6.559560432606304e-06,4.002736730512879e-06,9.769334319287282e-07,0.0,2.021824366238434e-05,1.3488206604961306e-05,6.2646804508403875e-06,4.6535757292076596e-07,0.0
2331,adam,6.25e-05,1.1214532264602894e-05,6.342525637137442e-06,4.330202855840071e-06,5.418038817595061e-07,0.0,2.1306314010871574e-05,1.550905108160805e-05,5.368527126847766e-06,4.287361150545621e-07,0.0
2332,adam,6.25e-05,1.1204814484244707e-05,6.900724542902026e-06,3.826045414712098e-06,4.780445017615875e-07,0.0,2.0113513528485782e-05,1.3958239833300468e-05,5.571029305428965e-06,5.842455834681459e-07,0.0
2333,adam,6.25e-05,1.1439596903528582e-05,6.730104161078998e-06,4.07881769604046e-06,6.306748527862283e-07,0.0,1.9875908037647605e-05,1.2449246241885703e-05,6.7016403590969276e-06,7.250225166899327e-07,0.0
2334,adam,6.25e-05,1.1371291464001843e-05,6.601254568749937e-06,4.2292231086094034e-06,5.408136427575982e-07,0.0,2.0339271941338666e-05,1.3720576134801377e-05,6.098292942624539e-06,5.204045692153159e-07,0.0
2335,adam,6.25e-05,1.0763530440272007e-05,6.338163728969448e-06,4.071593139087781e-06,3.5377349227871946e-07,0.0,1.930682992679067e-05,1.254280869034119e-05,6.227332505659433e-06,5.366900950320996e-07,0.0
2336,adam,6.25e-05,1.1786915990796842e-05,6.730598983040181e-06,4.316153109584775e-06,7.401640971238521e-07,0.0,2.274461803608574e-05,1.3890529771742877e-05,6.5948706833296455e-06,2.259217353639542e-06,0.0
2337,adam,6.25e-05,1.3722005178351537e-05,7.31611831383816e-06,4.527992032876682e-06,1.8778948458475497e-06,0.0,2.21586087718606e-05,1.5000675375631545e-05,6.531529379572021e-06,6.264029366320756e-07,0.0
2338,adam,6.25e-05,1.1943107210754533e-05,6.623368506097904e-06,4.32937983418924e-06,9.903587603332653e-07,0.0,2.065653279714752e-05,1.3467872122419067e-05,5.936533852946013e-06,1.2521272765297908e-06,0.0
2339,adam,6.25e-05,1.088203902099849e-05,6.351815528660154e-06,3.90150336215811e-06,6.287200680077376e-07,0.0,1.962729584192857e-05,1.337456615146948e-05,5.880276148673147e-06,3.7245325756884995e-07,0.0
2340,adam,6.25e-05,1.1049169700072525e-05,6.4569319135898695e-06,3.8498123728913924e-06,7.424252590482183e-07,0.0,2.0721603505080566e-05,1.2512600733316503e-05,6.7282358031661715e-06,1.480766059103189e-06,0.0
2341,adam,6.25e-05,1.150306877661933e-05,6.390467802930289e-06,4.462409293637393e-06,6.501916551826525e-07,0.0,2.0544168364722282e-05,1.3378370567806996e-05,6.854229013697477e-06,3.115689253263554e-07,0.0
2342,adam,6.25e-05,1.1263006626904826e-05,6.426064317111013e-06,4.181475489417608e-06,6.55466863008769e-07,0.0,2.0267021682229824e-05,1.2815044101444073e-05,6.909377589181531e-06,5.425983431450732e-07,0.0
2343,adam,6.25e-05,1.2349452447324438e-05,6.813570081476428e-06,4.586656785932064e-06,9.492256953791411e-07,0.0,2.218077497673221e-05,1.3132938875060063e-05,7.387819096038584e-06,1.6600172330072382e-06,0.0
2344,adam,6.25e-05,1.2482918975820212e-05,6.883181555394913e-06,4.497778448353529e-06,1.101958822857796e-06,0.0,1.975722079805564e-05,1.2813291505153757e-05,6.3239831433747895e-06,6.199457516231632e-07,0.0
2345,adam,6.25e-05,1.130377205527111e-05,6.520030581214087e-06,4.278415303815564e-06,5.053261791232444e-07,0.0,2.0553450667648576e-05,1.447554586775368e-05,5.468463768920628e-06,6.094412015045236e-07,0.0
2346,adam,6.25e-05,1.1574601955999242e-05,6.620071900442781e-06,4.25428129346983e-06,7.002487052432116e-07,0.0,2.031524491030723e-05,1.3861874322174117e-05,5.384825726650888e-06,1.0685448614822235e-06,0.0
2347,adam,6.25e-05,1.1648062525182468e-05,6.5372429673971055e-06,4.117307824458294e-06,9.935116835890767e-07,0.0,1.9637145669548772e-05,1.362318653264083e-05,5.5475002227467485e-06,4.6645934048683557e-07,0.0
2348,adam,6.25e-05,1.1242495133956254e-05,6.7166874657687e-06,3.860331560190389e-06,6.654760493773892e-07,0.0,2.1010690034017898e-05,1.4104806723480579e-05,6.482730441348394e-06,4.2315409132243076e-07,0.0
2349,adam,6.25e-05,1.1747235589609772e-05,6.7238428869131894e-06,4.385884182056543e-06,6.375084549148369e-07,0.0,1.976014937099535e-05,1.3464110452332534e-05,5.998204414936481e-06,2.9783359423163347e-07,0.0
2350,adam,6.25e-05,1.1854637648411881e-05,6.831888839542444e-06,4.431588010334053e-06,5.911608162989523e-07,0.0,2.0396793843246996e-05,1.383272228849819e-05,6.297849267866695e-06,2.662218321347609e-07,0.0
2351,adam,6.25e-05,1.205521476776994e-05,6.947070659180099e-06,4.467674031616298e-06,6.40470096513468e-07,0.0,2.0310088075348176e-05,1.4036279026186094e-05,5.980443347652908e-06,2.933651046532759e-07,0.0
2352,adam,6.25e-05,1.2124628199217113e-05,6.749972698116835e-06,4.452869688975625e-06,9.2178577482116e-07,0.0,1.9908764443243854e-05,1.3569926522905007e-05,5.699656412616605e-06,6.391825309037813e-07,0.0
2353,adam,6.25e-05,1.1242257528465416e-05,6.492949012226745e-06,3.98752329999752e-06,7.617851593977321e-07,0.0,1.9669094399432652e-05,1.3548039532906841e-05,5.693972980225226e-06,4.2708194314400316e-07,0.0
2354,adam,6.25e-05,1.0881901204129463e-05,6.154144614356483e-06,4.1123069678405955e-06,6.154496148269573e-07,0.0,2.21089521801332e-05,1.6358051652787253e-05,5.284713552100584e-06,4.6618674787168857e-07,0.0
2355,adam,6.25e-05,1.060721422163624e-05,6.243552974183331e-06,3.895999782344006e-06,4.676614366871945e-07,0.0,1.9663750208565034e-05,1.3238419342087582e-05,6.073739768908126e-06,3.515910691476165e-07,0.0
2356,adam,6.25e-05,1.0245542398479301e-05,5.916666310668006e-06,3.951450025851955e-06,3.7742615077718256e-07,0.0,1.9656026779557578e-05,1.3157643479644321e-05,6.1978398662176915e-06,3.005422968271887e-07,0.0
2357,adam,6.25e-05,1.0453938159571408e-05,6.2015993762543076e-06,3.79718406406937e-06,4.5515469970780487e-07,0.0,1.930842518049758e-05,1.2882211194664706e-05,6.00523708271794e-06,4.2097778418792586e-07,0.0
2358,adam,6.25e-05,1.0914755364410667e-05,6.328409881461994e-06,4.01978881825471e-06,5.665566309431824e-07,0.0,2.0423858586582355e-05,1.3710211533179972e-05,5.959657300991239e-06,7.539893545072118e-07,0.0
2359,adam,6.25e-05,1.1493652948502131e-05,6.351843524043943e-06,4.510837456450645e-06,6.309719857711116e-07,0.0,1.896182402560953e-05,1.2639093256439082e-05,6.074048542359378e-06,2.4868236891961715e-07,0.0
2360,adam,6.25e-05,1.0711105687732925e-05,6.150550944994393e-06,4.065339879844032e-06,4.952146515080358e-07,0.0,1.8706588889472187e-05,1.2147809684392996e-05,6.1368386923277285e-06,4.219393758830847e-07,0.0
2361,adam,6.25e-05,1.0329701240152644e-05,6.239659001039399e-06,3.7228697351565643e-06,3.6717251639117876e-07,0.0,2.0138355466770008e-05,1.4245908459997736e-05,5.562333626585314e-06,3.301135222955054e-07,0.0
2362,adam,6.25e-05,1.0969692766593653e-05,6.435372654323146e-06,3.917361027561128e-06,6.169591095783744e-07,0.0,2.1113777620485052e-05,1.4341673704620916e-05,5.547583896259312e-06,1.2245208154126885e-06,0.0
2363,adam,6.25e-05,1.1454484365458484e-05,7.0489302004261845e-06,3.872478259836498e-06,5.330761094768377e-07,0.0,2.069522270176094e-05,1.4376473700394854e-05,5.935497938480694e-06,3.832519439583848e-07,0.0
2364,adam,6.25e-05,1.1177017256613908e-05,6.349923836523885e-06,4.02019725243008e-06,8.068962458196438e-07,0.0,1.94394542631926e-05,1.2880297617812175e-05,6.039590061845956e-06,5.195665835344698e-07,0.0
2365,adam,6.25e-05,1.1627846902229066e-05,6.533582535439564e-06,3.922981505866119e-06,1.1712826957221978e-06,0.0,2.0159786799922585e-05,1.4089700925978832e-05,5.338040409696987e-06,7.320442705349706e-07,0.0
2366,adam,6.25e-05,1.1260782059707708e-05,6.20376482629581e-06,4.053911084156425e-06,1.0031060426740623e-06,0.0,1.9380955563974567e-05,1.3129298167768866e-05,5.937516107223928e-06,3.1414117529493524e-07,0.0
2367,adam,6.25e-05,1.0317231271983474e-05,5.979806758205086e-06,4.034864971913521e-06,3.0255963245906514e-07,0.0,2.073225550702773e-05,1.3962230696051847e-05,6.465502337960061e-06,3.045217624730867e-07,0.0
2368,adam,6.25e-05,1.0751404715847457e-05,6.2586868523339945e-06,3.857044006849719e-06,6.356739312707305e-07,0.0,2.1831570848007686e-05,1.4518453099299222e-05,6.199151357577648e-06,1.1139654816361144e-06,0.0
2369,adam,6.25e-05,1.1349268220328668e-05,6.694986922184398e-06,4.03236960266895e-06,6.219118251493683e-07,0.0,1.966752461157739e-05,1.3885496628063265e-05,5.421728019427974e-06,3.602993672302546e-07,0.0
2370,adam,6.25e-05,1.108328575583073e-05,6.078937417441921e-06,4.13110284114282e-06,8.732455150095575e-07,0.0,2.2879465177538805e-05,1.3317608136276249e-05,7.535700660810107e-06,2.026155698331422e-06,0.0
2371,adam,6.25e-05,1.2296160832647729e-05,6.655607734273872e-06,4.373198592588778e-06,1.2673544311780915e-06,0.0,1.9715895177796483e-05,1.3584301086666528e-05,5.496153789863456e-06,6.354412107612006e-07,0.0
2372,adam,6.25e-05,1.085801767430894e-05,6.435003513161064e-06,3.780116244911369e-06,6.428980849904065e-07,0.0,2.2650252503808588e-05,1.451196749258088e-05,7.021562396403169e-06,1.1167236380060785e-06,0.0
2373,adam,6.25e-05,1.1599816957641451e-05,6.323595528101578e-06,4.186578294707033e-06,1.0896432129925415e-06,0.0,2.008734918490518e-05,1.2521046301117167e-05,6.6457541834097356e-06,9.205483593177632e-07,0.0
2374,adam,6.25e-05,1.1138981506064738e-05,6.443532214461811e-06,4.219112611281162e-06,4.7633660571477776e-07,0.0,2.12857048609294e-05,1.4980726518842857e-05,5.706630872737151e-06,5.983481514704181e-07,0.0
2375,adam,6.25e-05,1.130661729575877e-05,6.369615931589578e-06,4.331935912205154e-06,6.050655336764521e-07,0.0,2.016498547163792e-05,1.443283872504253e-05,5.3912003750156146e-06,3.4094614420610014e-07,0.0
2376,adam,6.25e-05,1.0707784610985982e-05,6.418578038847045e-06,3.938817513926551e-06,3.5038908485773845e-07,0.0,2.1326919522834942e-05,1.477451587561518e-05,6.01283954893006e-06,5.395632456384192e-07,0.0
2377,adam,6.25e-05,1.1298578385776636e-05,6.466102036029042e-06,4.125146830347148e-06,7.07329473215168e-07,0.0,1.9307926777401008e-05,1.2476393749238923e-05,5.8441382861929014e-06,9.873945145955076e-07,0.0
2378,adam,6.25e-05,1.0977804379308509e-05,6.26197086717184e-06,4.142611203405977e-06,5.732223247179036e-07,0.0,1.923360105138272e-05,1.3458028661261778e-05,5.4736578931624535e-06,3.0191472433216404e-07,0.0
2379,adam,6.25e-05,1.033530099903146e-05,5.965717434719409e-06,3.9666729207965545e-06,4.0291066838449296e-07,0.0,2.0080180547665805e-05,1.3788909200229682e-05,5.570584107772447e-06,7.206865575426491e-07,0.0
2380,adam,6.25e-05,1.0694073580452823e-05,6.2960845639281615e-06,3.779986755603204e-06,6.180024758606351e-07,0.0,2.058738209598232e-05,1.4690597708977293e-05,5.511707513505826e-06,3.850766745472356e-07,0.0
2381,adam,6.25e-05,1.0512615915558854e-05,6.295756520557916e-06,3.812631177879666e-06,4.0422828284647494e-07,0.0,1.8117478248314e-05,1.2156581760791596e-05,5.5977106967475265e-06,3.6318471074991976e-07,0.0
2382,adam,6.25e-05,1.1043028337098804e-05,6.400107196213867e-06,4.19438421772611e-06,4.485369267115402e-07,0.0,2.1677307813661173e-05,1.511189475422725e-05,5.676591172232293e-06,8.88821716671373e-07,0.0
2383,adam,6.25e-05,1.1312189656109695e-05,6.390518223042818e-06,4.14465836229283e-06,7.77013173802743e-07,0.0,1.9619301383499987e-05,1.2945294656674378e-05,5.52805340703344e-06,1.1459546840342227e-06,0.0
2384,adam,6.25e-05,1.2122275336423627e-05,6.5786692005076475e-06,4.394460219714347e-06,1.1491458913326369e-06,0.0,2.020495230681263e-05,1.325326957157813e-05,6.36954200672335e-06,5.821406716677302e-07,0.0
2385,adam,6.25e-05,1.1790366443165112e-05,6.6459986385325465e-06,4.130492627041349e-06,1.0138751047605865e-06,0.0,2.0133500584051944e-05,1.3104196113999933e-05,6.455957645812305e-06,5.733465400226123e-07,0.0
2386,adam,6.25e-05,1.1032891848117288e-05,6.199496766612356e-06,4.059134383282981e-06,7.742607230909471e-07,0.0,2.0326708181528375e-05,1.4589109014195856e-05,5.1673391681106295e-06,5.702599992218893e-07,0.0
2387,adam,6.25e-05,1.0673889107692958e-05,5.978572005460592e-06,3.82006180643657e-06,8.752553384283601e-07,0.0,2.1782498151878826e-05,1.3092762856103946e-05,5.6407639021927025e-06,3.04897230307688e-06,0.0
2388,adam,6.25e-05,1.2568830584314128e-05,5.962702772421835e-06,4.466843648742724e-06,2.1392841205170043e-06,0.0,2.4475817554048263e-05,1.3021221093367785e-05,9.71508416114375e-06,1.7395122995367274e-06,0.0
2389,adam,6.25e-05,1.1559444260456075e-05,6.301020249566136e-06,4.567207199102086e-06,6.912167016537296e-07,0.0,2.063207830360625e-05,1.4559243936673738e-05,5.765230071119731e-06,3.076042673910706e-07,0.0
2390,adam,6.25e-05,1.1028686913050478e-05,6.811585592458869e-06,3.753314274490549e-06,4.63786888005302e-07,0.0,1.96927685465198e-05,1.3204390597820748e-05,6.0087845668022055e-06,4.795931545231724e-07,0.0
2391,adam,6.25e-05,1.0552091850968282e-05,6.272188784350874e-06,3.887936927071678e-06,3.919660649387424e-07,0.0,1.9664679712150246e-05,1.4093943718762603e-05,5.1741044444497675e-06,3.9662972994847223e-07,0.0
2392,adam,6.25e-05,1.0593891090593388e-05,6.366491788867279e-06,3.751521248318568e-06,4.758779539315583e-07,0.0,2.0217019482515752e-05,1.4284982171375304e-05,5.523625986825209e-06,4.084110969415633e-07,0.0
2393,adam,6.25e-05,1.0693683577756019e-05,6.215292955857876e-06,3.796006907919036e-06,6.823836695701857e-07,0.0,1.910171704366803e-05,1.2640196473512333e-05,6.103452051320346e-06,3.5806789355774526e-07,0.0
2394,adam,6.25e-05,1.0378693275470141e-05,6.121349372278928e-06,3.9404841487566955e-06,3.1685986812135525e-07,0.0,1.961539419426117e-05,1.353890729660634e-05,5.6196531659225e-06,4.56834442275067e-07,0.0
2395,adam,6.25e-05,1.0977524198096944e-05,6.302790183099205e-06,4.140794601426023e-06,5.339395130476987e-07,0.0,2.0129993572481908e-05,1.3540638065023813e-05,5.753392088081455e-06,8.359638172805717e-07,0.0
2396,adam,6.25e-05,1.0378459933235717e-05,6.062985193011627e-06,3.6914024832412906e-06,6.240720828998292e-07,0.0,2.1901547370362096e-05,1.3903159924666397e-05,6.403530278475955e-06,1.5948579630276072e-06,0.0
2397,adam,6.25e-05,1.130041044916652e-05,6.203201564858318e-06,4.123454488080824e-06,9.737544548471533e-07,0.0,1.840933873609174e-05,1.2162054190412164e-05,5.7125034800264984e-06,5.347818614609423e-07,0.0
2398,adam,6.25e-05,1.0756561891867022e-05,6.200780774179293e-06,3.873148088473499e-06,6.826330540832259e-07,0.0,2.203015174018219e-05,1.5886111214058474e-05,5.451774995890446e-06,6.922655302332714e-07,0.0
2399,adam,6.25e-05,1.1052097647734627e-05,6.282135757373908e-06,4.032366277328947e-06,7.375956787569748e-07,0.0,2.095252784783952e-05,1.4007689060235862e-05,5.900539690628648e-06,1.0443000064697117e-06,0.0
2400,adam,6.25e-05,1.0557728671756195e-05,6.12824666745837e-06,3.887777879185705e-06,5.417041784028243e-07,0.0,1.9354323740117252e-05,1.2823792530980427e-05,6.060047326172935e-06,4.7048419560269394e-07,0.0
2401,adam,6.25e-05,1.1157575556808297e-05,6.291451768447587e-06,4.122362284419978e-06,7.437613689376121e-07,0.0,1.963596514542587e-05,1.356080156256212e-05,5.722449259337736e-06,3.5271537512926443e-07,0.0
2402,adam,6.25e-05,1.0742621782355855e-05,6.246486918826122e-06,4.1114512185913554e-06,3.846834744081207e-07,0.0,2.0324221623013727e-05,1.4489947716356255e-05,5.404368494055234e-06,4.299051852285629e-07,0.0
2403,adam,6.25e-05,1.1411899549784721e-05,6.5316728523612255e-06,4.19293895959072e-06,6.872877058583526e-07,0.0,2.1344521883293055e-05,1.3947638763056602e-05,6.01478905082331e-06,1.3820944104736554e-06,0.0
2404,adam,6.25e-05,1.0908609112902923e-05,6.2385070975778945e-06,4.084447766672383e-06,5.856543427995575e-07,0.0,1.9908169633708894e-05,1.3986731573822908e-05,5.540297479456058e-06,3.8113952882667945e-07,0.0
2405,adam,6.25e-05,1.1791824306328635e-05,6.3122370477231016e-06,4.5133886601433915e-06,9.661986535292044e-07,0.0,1.8921982700703666e-05,1.1983725926256739e-05,6.2145936681190506e-06,7.236637316054839e-07,0.0
2406,adam,6.25e-05,1.1307947715977207e-05,6.48741459485791e-06,4.071352606160872e-06,7.491806108816945e-07,0.0,2.1864369045943022e-05,1.4955056940380018e-05,6.561316695297137e-06,3.4799541026586667e-07,0.0
2407,adam,6.25e-05,1.1430767415276932e-05,6.361756447859079e-06,4.247287520797727e-06,8.217234181984168e-07,0.0,1.9391451132833026e-05,1.3906524145568255e-05,5.091193088446744e-06,3.937324777325557e-07,0.0
2408,adam,6.25e-05,1.094230890430481e-05,6.28795376655944e-06,3.910189548150811e-06,7.441656713069733e-07,0.0,2.26124520850135e-05,1.459119903302053e-05,7.092689884302672e-06,9.285636792810692e-07,0.0
2409,adam,6.25e-05,1.1895721058863273e-05,6.6558624780554965e-06,4.657361628801482e-06,5.824968543066689e-07,0.0,2.029616734944284e-05,1.4288270904216915e-05,5.683297786163166e-06,3.245993411837844e-07,0.0
2410,adam,6.25e-05,1.1688141228205495e-05,6.4083002087045315e-06,4.201278485993498e-06,1.0785623310027859e-06,0.0,2.0340958144515753e-05,1.3396865142567549e-05,5.806999524793355e-06,1.137093136094336e-06,0.0
2411,adam,6.25e-05,1.1118172096757917e-05,6.300971449491044e-06,4.062059389298156e-06,7.55141387642766e-07,0.0,1.9522771253832616e-05,1.3439065696729813e-05,5.580264314630767e-06,5.034413561588735e-07,0.0
2412,adam,6.25e-05,1.0953563560178736e-05,6.271237225519144e-06,3.898186605511e-06,7.841397877683676e-07,0.0,2.1471636500791647e-05,1.309394974668976e-05,5.845865416631568e-06,2.5318199732282665e-06,0.0
2413,adam,6.25e-05,1.1394304806344735e-05,6.055702044704958e-06,4.064686621063629e-06,1.273916051758306e-06,0.0,1.856344533734955e-05,1.2218001756991725e-05,5.828687335451832e-06,5.16756017532316e-07,0.0
2414,adam,6.25e-05,1.1235920453600556e-05,6.041589898586608e-06,4.103341026961971e-06,1.0909896284161391e-06,0.0,2.2095806343713775e-05,1.4783666301809717e-05,6.053390279703308e-06,1.258749080079724e-06,0.0
2415,adam,6.25e-05,1.1681499131555029e-05,6.6770840021490585e-06,4.214225214127509e-06,7.901898477769009e-07,0.0,2.0959685571142472e-05,1.3522975677915383e-05,5.727409643441206e-06,1.7093013866542606e-06,0.0
2416,adam,6.25e-05,1.1186995379830478e-05,6.31104555282036e-06,3.8365648435956246e-06,1.0393849763090657e-06,0.0,1.873789369710721e-05,1.2333651284279767e-05,5.9305966715328395e-06,4.7364608235511696e-07,0.0
2417,adam,6.25e-05,1.0631029851992935e-05,6.348074919060309e-06,3.846994587775043e-06,4.359603416048685e-07,0.0,1.9883122149622068e-05,1.3622459846374113e-05,5.963102012174204e-06,2.9756060371255444e-07,0.0
2418,adam,6.25e-05,1.0608058289562905e-05,6.290301996614289e-06,3.936020249284411e-06,3.8173614669290146e-07,0.0,2.0590057829394937e-05,1.4433096112043131e-05,5.795150173071306e-06,3.6181174323246523e-07,0.0
2419,adam,6.25e-05,1.1192278122962307e-05,6.316613252010939e-06,4.104743993593729e-06,7.709207974215815e-07,0.0,2.0606108591891825e-05,1.3799713087792043e-05,5.840778158017201e-06,9.656173460825812e-07,0.0
2420,adam,6.25e-05,1.1207814623048762e-05,6.32704487202318e-06,4.1273889905824035e-06,7.533809256443647e-07,0.0,1.9406194041948766e-05,1.3739586393057834e-05,5.201718522584997e-06,4.6489063265653385e-07,0.0
2421,adam,6.25e-05,1.0969822994866263e-05,6.104562686459758e-06,4.109000897756232e-06,7.562593715704224e-07,0.0,1.967587559192907e-05,1.3376364222494885e-05,5.794244771095691e-06,5.052656320003734e-07,0.0
2422,adam,6.25e-05,1.1478297949452099e-05,6.3522635400659055e-06,4.437180706418076e-06,6.888535875049229e-07,0.0,1.9933251678594388e-05,1.3516827493731398e-05,5.7352253861608915e-06,6.811982871113287e-07,0.0
2423,adam,6.25e-05,1.1148818373385438e-05,6.220371631115995e-06,4.029729055332609e-06,8.987175874608511e-07,0.0,2.200588096457068e-05,1.4745081898581702e-05,5.797975063615013e-06,1.4628235476266127e-06,0.0
2424,adam,6.25e-05,1.095539408879631e-05,6.119823297012772e-06,3.881994359744567e-06,9.535764373680422e-07,0.0,1.922145384014584e-05,1.3495323401002679e-05,5.336345566320233e-06,3.8978458860583487e-07,0.0
2425,adam,6.25e-05,1.0493252432297595e-05,6.183810967286263e-06,3.8781206086468956e-06,4.3132099314391326e-07,0.0,1.947665077750571e-05,1.4112662029219791e-05,4.9991040214081295e-06,3.648850395165937e-07,0.0
2426,adam,6.25e-05,1.0147148657324578e-05,6.0673123414289876e-06,3.7011652835872155e-06,3.786709505959607e-07,0.0,2.0194465832901187e-05,1.4392468074220233e-05,5.561247235164046e-06,2.4075038140836114e-07,0.0
2427,adam,6.25e-05,1.1242862285598676e-05,6.378652841476651e-06,3.946921950159776e-06,9.172874655405394e-07,0.0,1.9339115169714205e-05,1.2946963579452131e-05,5.789634997199755e-06,6.025171046530886e-07,0.0
2428,adam,6.25e-05,1.1655032039925572e-05,6.322603837816132e-06,4.2794245018740185e-06,1.0530036256284347e-06,0.0,2.0672929167631082e-05,1.3967732229502872e-05,6.225970537343528e-06,4.792260597241693e-07,0.0
2429,adam,6.25e-05,1.1427030756294698e-05,6.490182812513012e-06,4.251723524362205e-06,6.851243465888501e-07,0.0,1.896612229757011e-05,1.2264149518159684e-05,5.985919415252283e-06,7.160533641581424e-07,0.0
2430,adam,6.25e-05,1.0585411018837476e-05,6.063306557280157e-06,4.025251655548345e-06,4.968526461368583e-07,0.0,2.0509789464995265e-05,1.2563889868033584e-05,7.343840934481705e-06,6.020590603839082e-07,0.0
2431,adam,6.25e-05,1.2297667581151472e-05,6.498322989045846e-06,4.905070582594817e-06,8.942741285267175e-07,0.0,1.829391658247914e-05,1.2483948012231849e-05,5.4689639910066035e-06,3.410050055663305e-07,0.0
2432,adam,6.25e-05,1.1421020758461964e-05,6.554332145469743e-06,4.250320074561387e-06,6.163684336257802e-07,0.0,1.9184431948815472e-05,1.2824703844671603e-05,5.831054750160547e-06,5.286727287057147e-07,0.0
2433,adam,6.25e-05,1.1033790997316828e-05,6.073549741358875e-06,4.541681036585032e-06,4.185601891748547e-07,0.0,2.0295359718147665e-05,1.4002090210851748e-05,5.702311682398431e-06,5.909568017159472e-07,0.0
2434,adam,6.25e-05,1.1150114005431533e-05,6.3873415001580724e-06,3.988144442246266e-06,7.746282335574506e-07,0.0,2.053271236945875e-05,1.3177332220948301e-05,7.088563961588079e-06,2.6681715326049016e-07,0.0
2435,adam,6.25e-05,1.0905731016919162e-05,6.146829662156961e-06,4.053911183632408e-06,7.049901746825071e-07,0.0,1.8851504137273878e-05,1.2823001270589884e-05,5.277870513964444e-06,7.506312158511719e-07,0.0
2436,adam,6.25e-05,1.0845703172890353e-05,6.247520190072464e-06,3.859947170781197e-06,7.382357534169159e-07,0.0,1.8535351046011783e-05,1.2726281056529842e-05,5.545348358282354e-06,2.637224270074512e-07,0.0
2437,adam,6.25e-05,1.0203855481449864e-05,5.871268058399437e-06,3.876547438608213e-06,4.560399426978279e-07,0.0,1.860515658336226e-05,1.2529949344752822e-05,5.754910489486065e-06,3.202963512194401e-07,0.0
2438,adam,6.25e-05,1.0444905228723655e-05,5.703261479084176e-06,3.9590645712905825e-06,7.825791712434693e-07,0.0,1.9655051801237278e-05,1.2947651157446671e-05,5.642556516249897e-06,1.0648435591065208e-06,0.0
2439,adam,6.25e-05,1.0621123124110454e-05,5.902939392399276e-06,3.8612871691157125e-06,8.568965608191093e-07,0.0,1.9899527615052648e-05,1.3297928489919286e-05,5.8317773437011056e-06,7.698225203967013e-07,0.0
2440,adam,6.25e-05,1.0445626799082675e-05,6.158946632695006e-06,3.7933573651116603e-06,4.933228332504314e-07,0.0,1.9455295841908082e-05,1.3112677152093966e-05,6.085579570935806e-06,2.5703997152959346e-07,0.0
2441,adam,6.25e-05,1.0449818319102633e-05,6.074213871443135e-06,3.894903272794181e-06,4.807011766416736e-07,0.0,2.132614463334903e-05,1.59554292622488e-05,5.037616119807353e-06,3.3309953550997307e-07,0.0
2442,adam,6.25e-05,1.0831043880443758e-05,6.439574832484141e-06,3.8023336657033724e-06,5.891354035725271e-07,0.0,2.040401886915788e-05,1.4053875929675996e-05,5.562817932514008e-06,7.873248932810384e-07,0.0
2443,adam,6.25e-05,1.1201618974610028e-05,6.2892927985558345e-06,3.9564030629435365e-06,9.559231717304328e-07,0.0,1.97913141164463e-05,1.2134484677517321e-05,6.027907147654332e-06,1.6289233144561877e-06,0.0
2444,adam,6.25e-05,1.0852341858935688e-05,6.1898692536033195e-06,4.017052489757589e-06,6.454200587313608e-07,0.0,1.8870325220632367e-05,1.2943442925461568e-05,5.573163889494026e-06,3.537190309543803e-07,0.0
2445,adam,6.25e-05,1.0793870444558706e-05,5.981053078585319e-06,4.384474024732299e-06,4.283432453178193e-07,0.0,1.883795266621746e-05,1.336237255600281e-05,5.18046681463602e-06,2.951129829398269e-07,0.0
2446,adam,6.25e-05,1.0950510727525398e-05,6.256149191585791e-06,4.011143587945298e-06,6.83217825425686e-07,0.0,1.9568005882319994e-05,1.3488356671587098e-05,5.581995537795592e-06,4.976540139978169e-07,0.0
2447,adam,6.25e-05,1.1330241363793903e-05,6.150053224018848e-06,4.291610366635723e-06,8.885775972800047e-07,0.0,1.8771779650705867e-05,1.3032364222453907e-05,5.383058123697992e-06,3.563572477105481e-07,0.0
2448,adam,6.25e-05,1.0879744309022499e-05,6.253214110074623e-06,3.9258951147758125e-06,7.006351001592748e-07,0.0,2.1050933355581947e-05,1.427686947863549e-05,5.7793999985733535e-06,9.946637646862655e-07,0.0
2449,adam,6.25e-05,1.06405570932111e-05,6.0840570199616195e-06,4.004642192967367e-06,5.518578607421887e-07,0.0,2.0220853912178427e-05,1.4624250070482958e-05,5.1075317060167436e-06,4.890724198958196e-07,0.0
2450,adam,6.25e-05,1.0907085027156427e-05,6.196250950551985e-06,3.983809833130181e-06,7.270243731483106e-07,0.0,2.0257797586964443e-05,1.3310854228620883e-05,5.683293693437008e-06,1.2636495512197143e-06,0.0
2451,adam,6.25e-05,1.091856438506511e-05,6.1658613219606195e-06,3.7516486059985255e-06,1.0010544126970444e-06,0.0,1.8661930880625732e-05,1.2552327461889945e-05,5.185725513001671e-06,9.23877564673603e-07,0.0
2452,adam,6.25e-05,1.1340316348196211e-05,6.0103807584255264e-06,3.9649506504702e-06,1.3649849659458368e-06,0.0,2.0832208974752575e-05,1.3626499821839388e-05,5.6589883570268285e-06,1.5467214780073846e-06,0.0
2453,adam,6.25e-05,1.0345622740715044e-05,6.086739972488431e-06,3.549147621129123e-06,7.097349943308018e-07,0.0,1.9373581380932592e-05,1.3089163076074328e-05,5.918268016102957e-06,3.661501182250504e-07,0.0
2454,adam,6.25e-05,1.0315857991827215e-05,5.856512757418386e-06,3.771137386365808e-06,6.882078782410872e-07,0.0,1.94487383851083e-05,1.2371514458209276e-05,6.3706488617754076e-06,7.065759746183176e-07,0.0
2455,adam,6.25e-05,1.101578220641386e-05,6.060549310404895e-06,4.045438913635735e-06,9.097937727631233e-07,0.0,2.0614366803783923e-05,1.3949295862403233e-05,6.061365638743155e-06,6.037046205165097e-07,0.0
2456,adam,6.25e-05,1.0168086930661957e-05,5.850766370940619e-06,3.657344265661777e-06,6.599763686665483e-07,0.0,1.96361852431437e-05,1.4025305972609203e-05,5.157535269972868e-06,4.53345620599066e-07,0.0
2457,adam,6.25e-05,1.0647377735040209e-05,6.246013867894362e-06,3.677727519857399e-06,7.23636278010531e-07,0.0,2.0064340787939727e-05,1.408320531481877e-05,5.528632300411118e-06,4.525032579749677e-07,0.0
2458,adam,6.25e-05,1.058078873938939e-05,6.1783186140473845e-06,3.833892648685833e-06,5.685773150077011e-07,0.0,1.9826260540867224e-05,1.3538769962906372e-05,5.46548426427762e-06,8.220074505516095e-07,0.0
2459,adam,6.25e-05,1.041380602373465e-05,5.9980756077493425e-06,3.781931638968672e-06,6.337988320836985e-07,0.0,1.999752566916868e-05,1.3459986803354695e-05,5.573161161009921e-06,9.643766816225252e-07,0.0
2460,adam,6.25e-05,1.0461309386755602e-05,6.054446402004032e-06,3.7015100673443158e-06,7.053530755030124e-07,0.0,2.1003090296289884e-05,1.3494453014573082e-05,6.295869297900936e-06,1.212767415381677e-06,0.0
2461,adam,6.25e-05,1.186277654596779e-05,6.519313558328577e-06,4.308730709112751e-06,1.0347322838555328e-06,0.0,2.310049967491068e-05,1.4934025784896221e-05,6.487444807135034e-06,1.6790299923741259e-06,0.0
2462,adam,6.25e-05,1.2689227503415168e-05,6.616563666739239e-06,4.3270323857314e-06,1.745631308835982e-06,0.0,1.9013195924344473e-05,1.3223373571236152e-05,5.340874849935062e-06,4.489463378831715e-07,0.0
2463,adam,6.25e-05,1.0928586220870784e-05,6.424267468219114e-06,3.722001721939705e-06,7.823171443988031e-07,0.0,1.934419560711831e-05,1.3535011930798646e-05,5.4328556871041656e-06,3.7632659655173484e-07,0.0
2464,adam,6.25e-05,1.0334231262731919e-05,5.923232635041131e-06,3.791022649579645e-06,6.199759710057151e-07,0.0,1.910318314912729e-05,1.3674200090463273e-05,5.07733511767583e-06,3.516465767461341e-07,0.0
2465,adam,6.25e-05,1.083415492075801e-05,6.233390394072558e-06,3.864244092710578e-06,7.365204126585922e-07,0.0,1.9624369087978266e-05,1.2564413736981805e-05,6.440526249207323e-06,6.194298975970014e-07,0.0
2466,adam,6.25e-05,1.0728921893132792e-05,6.159528936677816e-06,3.9131979718831644e-06,6.561948620031899e-07,0.0,1.8885457393480465e-05,1.2651426914089825e-05,5.7600022955739405e-06,4.740291217331105e-07,0.0
2467,adam,6.25e-05,1.0576227850833675e-05,6.13172056773692e-06,3.854303912476098e-06,5.902033830551545e-07,0.0,1.9193574189557694e-05,1.2580166185216513e-05,6.1258842833922245e-06,4.875242325397267e-07,0.0
2468,adam,6.25e-05,1.0656695906163804e-05,6.163250901636275e-06,4.0565745251797125e-06,4.3687046868967627e-07,0.0,1.894658271339722e-05,1.2391631571517792e-05,5.955604137852788e-06,5.993456966280064e-07,0.0
2469,adam,6.25e-05,1.06079787087765e-05,6.452263050960028e-06,3.6594118739685655e-06,4.963036914773511e-07,0.0,1.9476508896332234e-05,1.2593493011081591e-05,6.077300895412918e-06,8.057135119088343e-07,0.0
2470,adam,6.25e-05,1.153789611407774e-05,6.261098263848908e-06,4.0932674778559885e-06,1.183530283555001e-06,0.0,2.000493805098813e-05,1.2429970411176328e-05,6.406299235095503e-06,1.1686676089084358e-06,0.0
2471,adam,6.25e-05,1.111011687271457e-05,6.285882591328118e-06,4.063846645863123e-06,7.603876301942591e-07,0.0,1.99308979063062e-05,1.3999394468555693e-05,5.483476797962794e-06,4.4802561660617357e-07,0.0
2472,adam,6.25e-05,1.0922983733507863e-05,6.384990172136895e-06,3.947779632085258e-06,5.902140003399836e-07,0.0,1.9129305655951612e-05,1.3405459867499303e-05,5.054039320384618e-06,6.698064680676907e-07,0.0
2473,adam,6.25e-05,1.0879352657866548e-05,6.0107772412720806e-06,4.216167255322034e-06,6.52408167489682e-07,0.0,2.0296103684813716e-05,1.4499745702778455e-05,5.270957444736268e-06,5.254001962384791e-07,0.0
2474,adam,6.25e-05,1.0873498695218586e-05,6.164300145883317e-06,4.045906564442703e-06,6.632918747584426e-07,0.0,2.1133088011993095e-05,1.4880760318192188e-05,5.721482011722401e-06,5.308465347297897e-07,0.0
2475,adam,6.25e-05,1.041654650180135e-05,5.764373781858012e-06,4.004012794212031e-06,6.481600252072894e-07,0.0,1.9690081899170764e-05,1.3725764802074991e-05,5.446514478535391e-06,5.178021069696115e-07,0.0
2476,adam,6.25e-05,1.0150154651000776e-05,5.97256189394102e-06,3.8019943957579017e-06,3.75598276036726e-07,0.0,2.1059331629658118e-05,1.546935163787566e-05,5.254058123682626e-06,3.35921470195899e-07,0.0
2477,adam,6.25e-05,1.0482395794042532e-05,6.070229090937573e-06,4.04632358197432e-06,3.6584319573762514e-07,0.0,1.8201129933004268e-05,1.2765861356456298e-05,5.172143119125394e-06,2.6312662271266163e-07,0.0
2478,adam,6.25e-05,1.0787412122681417e-05,6.0922836553345405e-06,4.2430947502225536e-06,4.52033603437485e-07,0.0,2.0011946617159992e-05,1.4204041690391023e-05,5.228015197644709e-06,5.798897859676799e-07,0.0
2479,adam,6.25e-05,1.1263883720857848e-05,6.000740967238016e-06,3.9250926420209e-06,1.3380502039694875e-06,0.0,2.26284573727753e-05,1.4043490409676451e-05,5.2631103244493715e-06,3.3218559565284522e-06,0.0
2480,adam,6.25e-05,1.241533868778788e-05,6.322182230178441e-06,4.3425370535032926e-06,1.7506192815375243e-06,0.0,2.0696301362477243e-05,1.4064618881093338e-05,5.56207487534266e-06,1.0696074923544074e-06,0.0
2481,adam,6.25e-05,1.2369206274343014e-05,6.531387327868288e-06,4.675553000765831e-06,1.1622660132104556e-06,0.0,2.185977245972026e-05,1.4065502909943461e-05,6.5794865804491565e-06,1.214782400893455e-06,0.0
2482,adam,6.25e-05,1.0864492139717186e-05,6.329537171723132e-06,3.928228565541758e-06,6.067266387077552e-07,0.0,1.8865388483391143e-05,1.3141368071956094e-05,5.302405952534173e-06,4.216146862745518e-07,0.0
2483,adam,6.25e-05,1.0572626592875167e-05,6.082790179107178e-06,3.9294889688790136e-06,5.603474715343282e-07,0.0,1.9655450159916654e-05,1.246982083102921e-05,6.240942639124114e-06,9.446858939554659e-07,0.0
2484,adam,6.25e-05,1.1042226844892866e-05,6.1066580769875145e-06,4.367525292536811e-06,5.680433972088395e-07,0.0,1.8865857782657258e-05,1.3024618965573609e-05,5.251924449112266e-06,5.893146521884773e-07,0.0
2485,adam,6.25e-05,1.0363212027186819e-05,5.982306078067268e-06,3.6773934795064633e-06,7.035124838239426e-07,0.0,2.261898225697223e-05,1.538050128147006e-05,5.361016974347876e-06,1.8774644559016451e-06,0.0
2486,adam,6.25e-05,1.1029980271359818e-05,6.40995239109543e-06,3.840199553906132e-06,7.798284151760981e-07,0.0,1.9573773897718638e-05,1.2829415936721489e-05,5.651724677591119e-06,1.092633851840219e-06,0.0
2487,adam,6.25e-05,1.0922919557287969e-05,6.336222639902189e-06,3.7084195696479583e-06,8.782772535909089e-07,0.0,1.8664652088773437e-05,1.2420545317581855e-05,5.70747170058894e-06,5.366341611079406e-07,0.0
2488,adam,6.25e-05,1.0676947169940831e-05,6.344571232830276e-06,3.856370696553313e-06,4.760052796370928e-07,0.0,1.927955963765271e-05,1.1759603694372345e-05,7.1203285187948495e-06,3.9962773712431954e-07,0.0
2489,adam,6.25e-05,1.0589900853119616e-05,6.369589641508355e-06,3.7972409643316496e-06,4.2306993996987785e-07,0.0,1.9542900190572254e-05,1.389626140735345e-05,5.295418304740451e-06,3.5121894370604423e-07,0.0
2490,adam,6.25e-05,1.0112487586866337e-05,6.083611339136041e-06,3.5773412747630573e-06,4.515349338873875e-07,0.0,2.0093832063139416e-05,1.2359247193671763e-05,6.941801075299736e-06,7.92783055203472e-07,0.0
2491,adam,6.25e-05,1.157001389628931e-05,6.252777012605293e-06,4.5038344893555404e-06,8.134024049866184e-07,0.0,1.8371929400018416e-05,1.18236530397553e-05,6.207621026987908e-06,3.4065504905811395e-07,0.0
2492,adam,6.25e-05,1.1215314202672744e-05,6.158888766094606e-06,4.144263755279098e-06,9.121618393947983e-07,0.0,2.1514102627406828e-05,1.4081823792366777e-05,5.712182428396773e-06,1.720097202451143e-06,0.0
2493,adam,6.25e-05,1.0967117020754813e-05,6.447522963526353e-06,3.7578779199520795e-06,7.617160111550447e-07,0.0,1.91548970178701e-05,1.311827145400457e-05,5.547120508708758e-06,4.895052825304447e-07,0.0
2494,adam,6.25e-05,1.0503286773655418e-05,5.989030029240894e-06,3.7577770370944563e-06,7.564797037673543e-07,0.0,1.8463506421539932e-05,1.270463690161705e-05,5.2425230023800395e-06,5.16344812240277e-07,0.0
2495,adam,6.25e-05,1.0276234434059006e-05,6.131864495273476e-06,3.464109013862071e-06,6.802609480160982e-07,0.0,1.9548480850062333e-05,1.3067528925603256e-05,5.835284355271142e-06,6.456658070419508e-07,0.0
2496,adam,6.25e-05,1.1576259737466899e-05,6.58119589047601e-06,4.403842041256212e-06,5.9122177553661e-07,0.0,2.3369262635242194e-05,1.5049406101752538e-05,7.118539087969111e-06,1.2013160812784918e-06,0.0
2497,adam,6.25e-05,1.1751335193821433e-05,6.111557468102546e-06,4.650215345236575e-06,9.895623165334655e-07,0.0,1.9013956261915155e-05,1.2826467354898341e-05,5.52019946553628e-06,6.67289100420021e-07,0.0
2498,adam,6.25e-05,9.976775857012399e-06,5.700197192481937e-06,3.828884501899665e-06,4.4769426388313605e-07,0.0,1.834601971495431e-05,1.2713317119050771e-05,5.251868969935458e-06,3.8083246067799337e-07,0.0
2499,adam,6.25e-05,1.0535996580074425e-05,5.9250900790175365e-06,3.842944167331552e-06,7.679624758338832e-07,0.0,2.0763191059813835e-05,1.4411464690056164e-05,5.791022886114661e-06,5.607028015219839e-07,0.0
2500,adam,3.125e-05,1.127704717873712e-05,6.13918334124719e-06,4.214470678221005e-06,9.233929141316821e-07,0.0,1.9737641196115874e-05,1.4097372513788287e-05,5.104666797706159e-06,5.35601202500402e-07,0.0
2501,adam,3.125e-05,9.246097448567525e-06,5.41875877502207e-06,3.516866797781404e-06,3.104718429014497e-07,0.0,1.8028973499895073e-05,1.250727382284822e-05,5.222133495408343e-06,2.995658121562883e-07,0.0
2502,adam,3.125e-05,9.006985010273638e-06,5.348455204057245e-06,3.4154223413906948e-06,2.431075714071085e-07,0.0,1.7962998754228465e-05,1.2318418157519773e-05,5.439662800199585e-06,2.0491886232321121e-07,0.0
2503,adam,3.125e-05,9.18816664352562e-06,5.416565414861907e-06,3.5076017468327336e-06,2.6399959018874597e-07,0.0,1.7635529729886912e-05,1.2362529560050461e-05,5.0863477554230485e-06,1.866528265281886e-07,0.0
2504,adam,3.125e-05,8.798696427447794e-06,5.284035665908959e-06,3.285106430439555e-06,2.2955432843474455e-07,0.0,1.8678409105632454e-05,1.3534536265069619e-05,4.954680662194733e-06,1.8919311628451396e-07,0.0
2505,adam,3.125e-05,8.954409281614062e-06,5.407857827322005e-06,3.3472632026132487e-06,1.9928829431137274e-07,0.0,1.9011329641216435e-05,1.3808907169732265e-05,5.03890714753652e-06,1.6351393128388736e-07,0.0
2506,adam,3.125e-05,8.980927589163912e-06,5.377514270321626e-06,3.3919499671242193e-06,2.1146358974988289e-07,0.0,1.929855534399394e-05,1.2992064512218349e-05,6.0275574469415005e-06,2.789333564123808e-07,0.0
2507,adam,3.125e-05,9.220438556667432e-06,5.571459439579485e-06,3.3549036118074582e-06,2.940755656766214e-07,0.0,1.8718414139584638e-05,1.3286192370287608e-05,5.137545485922601e-06,2.9467713602571166e-07,0.0
2508,adam,3.125e-05,8.83289078501548e-06,5.30788938135629e-06,3.2890319445755267e-06,2.35969525697044e-07,0.0,1.8264714526594616e-05,1.3034885341767222e-05,5.04871559314779e-06,1.8111367694473302e-07,0.0
2509,adam,3.125e-05,8.650358097384014e-06,5.287857320013245e-06,3.1705438914286788e-06,1.9195699696439306e-07,0.0,1.8285321857547387e-05,1.302515283896355e-05,5.076093202660559e-06,1.840768817373828e-07,0.0
2510,adam,3.125e-05,8.711929240234895e-06,5.285847379354891e-06,3.2230463347104887e-06,2.0303563186274687e-07,0.0,1.7635771655477583e-05,1.2148258974775672e-05,5.29522276337957e-06,1.9228941994242632e-07,0.0
2511,adam,3.125e-05,8.781403863622472e-06,5.267427468425012e-06,3.3135610379986247e-06,2.0041534032344543e-07,0.0,1.80270380951697e-05,1.2774792594427709e-05,5.000278179068118e-06,2.519689132896019e-07,0.0
2512,adam,3.125e-05,8.822417527198922e-06,5.34401405616336e-06,3.2514547712025887e-06,2.2694867851669187e-07,0.0,1.8244609236717224e-05,1.2939733096573036e-05,5.1284637265780475e-06,1.7641248462041403e-07,0.0
2513,adam,3.125e-05,8.885410551329187e-06,5.287110212748303e-06,3.373774248416339e-06,2.2452616565971084e-07,0.0,1.849600812420249e-05,1.3318866876943503e-05,4.9637169468041975e-06,2.134245988827388e-07,0.0
2514,adam,3.125e-05,8.788779467749919e-06,5.239443225946161e-06,3.327879610992568e-06,2.2145658729044726e-07,0.0,1.7776917957235128e-05,1.2664293535635807e-05,4.904411980533041e-06,2.0821245527713472e-07,0.0
2515,adam,3.125e-05,8.904191815872764e-06,5.408189309719091e-06,3.2579358730799868e-06,2.380667405432746e-07,0.0,1.802076985768508e-05,1.283468009205535e-05,4.98677718496765e-06,1.9931282224661118e-07,0.0
2516,adam,3.125e-05,8.753487890089673e-06,5.16510871761966e-06,3.3838963986454473e-06,2.0448274273832112e-07,0.0,1.818983582779765e-05,1.3116656191414222e-05,4.87308307128842e-06,2.0009615298022254e-07,0.0
2517,adam,3.125e-05,8.851480913563137e-06,5.3868360510023194e-06,3.237769320207917e-06,2.268755068257633e-07,0.0,1.8091262973030098e-05,1.287124541704543e-05,4.982809969078517e-06,2.3720639319435577e-07,0.0
2518,adam,3.125e-05,8.843852612017145e-06,5.393633841777046e-06,3.226562839131475e-06,2.2365598262297226e-07,0.0,1.892203545139637e-05,1.3668763131136075e-05,5.006500487070298e-06,2.467721742505091e-07,0.0
2519,adam,3.125e-05,8.949798939283937e-06,5.412262709114657e-06,3.3405701458377735e-06,1.969660727851874e-07,0.0,1.801747566787526e-05,1.2725813576253131e-05,5.0576209105202e-06,2.3404291482620465e-07,0.0
2520,adam,3.125e-05,8.772873712814544e-06,5.408474692103482e-06,3.167385685287627e-06,1.9701333631161333e-07,0.0,1.8670745703275315e-05,1.3119041796016973e-05,5.344244982552482e-06,2.0745854101278383e-07,0.0
2521,adam,3.125e-05,8.967433359430288e-06,5.377556846042353e-06,3.3792069871196873e-06,2.1066954225545942e-07,0.0,1.9104109014733694e-05,1.4113425095274579e-05,4.8050383156805765e-06,1.8564607273674483e-07,0.0
2522,adam,3.125e-05,8.802537593055604e-06,5.348138330418806e-06,3.2431399716870146e-06,2.1125934335231022e-07,0.0,1.837667150539346e-05,1.3194749044487253e-05,4.998313670512289e-06,1.8360877618306404e-07,0.0
2523,adam,3.125e-05,8.920988534555363e-06,5.342832395172081e-06,3.3503665122225357e-06,2.2778950636848094e-07,0.0,1.8948550859931856e-05,1.3315776413946878e-05,5.38803305971669e-06,2.4474181259392935e-07,0.0
2524,adam,3.125e-05,9.054978960421067e-06,5.406729201240523e-06,3.4438686782323202e-06,2.0438124792576673e-07,0.0,1.7948041204363108e-05,1.2487425010476727e-05,5.303061698214151e-06,1.5755296089992044e-07,0.0
2525,adam,3.125e-05,9.09026522322165e-06,5.499490015381525e-06,3.370394011881217e-06,2.2038121993972482e-07,0.0,1.8649985577212647e-05,1.3324543033377267e-05,5.0642424866964575e-06,2.611994318613142e-07,0.0
2526,adam,3.125e-05,8.89401729864403e-06,5.447583262707667e-06,3.2367634474894658e-06,2.0967052005715914e-07,0.0,1.7984302758122794e-05,1.2888469427707605e-05,4.895642177871196e-06,2.0019085411604465e-07,0.0
2527,adam,3.125e-05,8.833235085603519e-06,5.4099769499771355e-06,3.2215533138924e-06,2.0170493719717797e-07,0.0,1.8408598407404497e-05,1.2869498277723324e-05,5.253058134258026e-06,2.8604142698895885e-07,0.0
2528,adam,3.125e-05,8.97710049230227e-06,5.327441868985261e-06,3.4242043653875953e-06,2.2545431033194063e-07,0.0,1.9441713448031805e-05,1.4128997463558335e-05,5.08604580318206e-06,2.266704512976503e-07,0.0
2529,adam,3.125e-05,9.282774158236862e-06,5.493578498771967e-06,3.566212029681992e-06,2.2298361646022613e-07,0.0,2.004601810767781e-05,1.3991752894071396e-05,5.835848241986241e-06,2.1841633213171008e-07,0.0
2530,adam,3.125e-05,9.05880202139997e-06,5.419337128387269e-06,3.3688776284179767e-06,2.705873800579184e-07,0.0,1.8640079360920936e-05,1.3450154256133828e-05,5.019636319048004e-06,1.7028916943218064e-07,0.0
2531,adam,3.125e-05,9.05145753904435e-06,5.514175398957377e-06,3.2963873479729955e-06,2.408948622800722e-07,0.0,1.8346150682191364e-05,1.3112572560203262e-05,5.006493211112684e-06,2.2708425717610226e-07,0.0
2532,adam,3.125e-05,9.145573926616635e-06,5.707164461909997e-06,3.207742210520337e-06,2.3066728704890238e-07,0.0,1.8903385353041813e-05,1.3324928659130819e-05,5.2080936256970745e-06,3.70362727153406e-07,0.0
2533,adam,3.125e-05,9.010099944362082e-06,5.396269273205689e-06,3.3653660693744314e-06,2.4846455115579147e-07,0.0,1.82319254236063e-05,1.314668043050915e-05,4.922413609165233e-06,1.6283004811157298e-07,0.0
2534,adam,3.125e-05,8.97082333040089e-06,5.4660103785408864e-06,3.260476063360329e-06,2.44336898269637e-07,0.0,1.8815168004948646e-05,1.339045866188826e-05,5.227972906141076e-06,1.9673618112392433e-07,0.0
2535,adam,3.125e-05,8.86495570284751e-06,5.2828835634954885e-06,3.343044710391041e-06,2.3902751244975207e-07,0.0,1.8664082745090127e-05,1.3139010661689099e-05,5.097351277072448e-06,4.277206357983232e-07,0.0
2536,adam,3.125e-05,8.860457029413737e-06,5.4218020295593305e-06,3.17725435650118e-06,2.6140067355129304e-07,0.0,1.8623759387992322e-05,1.3004493666812778e-05,5.313718702382175e-06,3.055459103507019e-07,0.0
2537,adam,3.125e-05,9.046981460869574e-06,5.425046936125e-06,3.384478475254582e-06,2.374558905060553e-07,0.0,1.8231557987746783e-05,1.3066286555840634e-05,4.9826262511487585e-06,1.8264537970935635e-07,0.0
2538,adam,3.125e-05,8.647644733628113e-06,5.195213958586464e-06,3.242171686679285e-06,2.102590119790193e-07,0.0,1.8141421605832875e-05,1.275148861168418e-05,5.176059403311228e-06,2.1387290871643927e-07,0.0
2539,adam,3.125e-05,8.930537774176628e-06,5.29577164343209e-06,3.3441436926295864e-06,2.906223679488562e-07,0.0,1.8319378796149977e-05,1.3114318790030666e-05,4.915149474982172e-06,2.8991141221013095e-07,0.0
2540,adam,3.125e-05,9.233390073859482e-06,5.5894272747991636e-06,3.371013036712611e-06,2.7294973747871154e-07,0.0,1.8713133613346145e-05,1.3399431736615952e-05,4.996717962058028e-06,3.169849094319943e-07,0.0
2541,adam,3.125e-05,9.037665790856408e-06,5.373594177626728e-06,3.3641379104665248e-06,2.999338031273169e-07,0.0,1.8033972082776017e-05,1.2895118743472267e-05,4.9625641622697e-06,1.7628966020311054e-07,0.0
2542,adam,3.125e-05,8.811187996116132e-06,5.348473763433503e-06,3.257693052205468e-06,2.0502110320563816e-07,0.0,1.8971335521200672e-05,1.3994533219374716e-05,4.764966888615163e-06,2.1183677745284513e-07,0.0
2543,adam,3.125e-05,8.855093028614647e-06,5.414169436335214e-06,3.2341966971216607e-06,2.067268969341285e-07,0.0,1.7901025785249658e-05,1.249209981324384e-05,5.226859229878755e-06,1.8206675633791747e-07,0.0
2544,adam,3.125e-05,8.869880900874705e-06,5.332904436272656e-06,3.2986901317144657e-06,2.3828636042111384e-07,0.0,1.8175587683799677e-05,1.2891229744127486e-05,5.078948561276775e-06,2.054087815395178e-07,0.0
2545,adam,3.125e-05,8.774118526844177e-06,5.384742649994223e-06,3.1627908896325607e-06,2.2658504850170402e-07,0.0,1.7606302208150737e-05,1.2061471352353692e-05,5.36871357326163e-06,1.7611606040190964e-07,0.0
2546,adam,3.125e-05,8.768678554815779e-06,5.242304126795716e-06,3.3378081525370362e-06,1.8856645844778086e-07,0.0,1.821285877667833e-05,1.3117446542310063e-05,4.928322596242651e-06,1.6709016392724152e-07,0.0
2547,adam,3.125e-05,8.739122222323203e-06,5.3797714372194605e-06,3.1593771154803107e-06,1.9997363942536595e-07,0.0,1.789518319128547e-05,1.2622280337382108e-05,5.073191005067201e-06,1.9971230358351022e-07,0.0
2548,adam,3.125e-05,8.837952265139393e-06,5.3426013550961216e-06,3.2946219192808712e-06,2.007289454653005e-07,0.0,1.8032786101684906e-05,1.2884649549960159e-05,4.928847829432925e-06,2.1928799753823114e-07,0.0
2549,adam,3.125e-05,9.015814498525287e-06,5.287328633585275e-06,3.489648022991787e-06,2.3883782507283513e-07,0.0,1.7934127754415385e-05,1.2408942893671338e-05,5.292554305924568e-06,2.326298158550344e-07,0.0
2550,adam,3.125e-05,8.847974640957545e-06,5.402417258437708e-06,3.194177367049633e-06,2.513799017833662e-07,0.0,1.8570754036772996e-05,1.2828464605263434e-05,5.5010182222758885e-06,2.4126987341333006e-07,0.0
2551,adam,3.125e-05,8.881607612920561e-06,5.301043700001173e-06,3.3563534884706314e-06,2.242103978034038e-07,0.0,1.7850612493930385e-05,1.2734177289530635e-05,4.947094112139894e-06,1.693412343684031e-07,0.0
2552,adam,3.125e-05,8.845693855619174e-06,5.390668974314394e-06,3.2354289487557253e-06,2.1959586860020863e-07,0.0,1.8170185285271145e-05,1.2963418157596607e-05,5.012585006625159e-06,1.9418308738750056e-07,0.0
2553,adam,3.125e-05,8.830339226051365e-06,5.31614799115232e-06,3.274527202279387e-06,2.396640681467943e-07,0.0,1.8136246580979787e-05,1.2272865205886774e-05,5.56846180188586e-06,2.949203121715982e-07,0.0
2554,adam,3.125e-05,8.776032757396024e-06,5.250957855196248e-06,3.2954112043626083e-06,2.2966364188192756e-07,0.0,1.7908205336425453e-05,1.281824370380491e-05,4.923145297652809e-06,1.6681664760653803e-07,0.0
2555,adam,3.125e-05,8.854193538354593e-06,5.344665396478376e-06,3.3006330681928375e-06,2.0889482588160035e-07,0.0,1.874555164249614e-05,1.3002205378143117e-05,5.534173851629021e-06,2.0917354959237855e-07,0.0
2556,adam,3.125e-05,9.253399468889256e-06,5.62757446687101e-06,3.391008036146559e-06,2.3481699074068274e-07,0.0,1.9486646124278195e-05,1.3444273463392165e-05,5.6764411056065e-06,3.6593132790585514e-07,0.0
2557,adam,3.125e-05,9.2545120082832e-06,5.571462537545813e-06,3.4231190824129953e-06,2.599304131933877e-07,0.0,1.8695272956392728e-05,1.3056439456704538e-05,5.414702172856778e-06,2.2413128419884742e-07,0.0
2558,adam,3.125e-05,8.961625269421347e-06,5.376230561182638e-06,3.3498397016273884e-06,2.3555488670723435e-07,0.0,1.9408154912525788e-05,1.4152749827189837e-05,5.078303729533218e-06,1.7710033262119396e-07,0.0
2559,adam,3.125e-05,9.01065990888128e-06,5.466626248562534e-06,3.3191678099342425e-06,2.2486578643565736e-07,0.0,1.7830790966399945e-05,1.248322496394394e-05,5.1156825975340325e-06,2.3188360387393914e-07,0.0
2560,adam,3.125e-05,9.08354448370119e-06,5.467318857199643e-06,3.3700138999392948e-06,2.4621160399362907e-07,0.0,1.9503204384818673e-05,1.4317140994535293e-05,5.01849535794463e-06,1.6756814602558734e-07,0.0
2561,adam,3.125e-05,9.003155525988404e-06,5.4655488668231555e-06,3.302527971982272e-06,2.3507871027561578e-07,0.0,1.8819531760527752e-05,1.3182134352973662e-05,5.374984539230354e-06,2.624130388539925e-07,0.0
2562,adam,3.125e-05,9.102967936769346e-06,5.4540192309104896e-06,3.389359292782501e-06,2.5958938376646756e-07,0.0,1.8101223759003915e-05,1.258102656720439e-05,5.230556325841462e-06,2.8964126386199496e-07,0.0
2563,adam,3.125e-05,8.717934804280958e-06,5.262571960429341e-06,3.2280104136361842e-06,2.2735254034955688e-07,0.0,1.8476828699931502e-05,1.3525669601222035e-05,4.779150458489312e-06,1.720099191970803e-07,0.0
2564,adam,3.125e-05,8.941208022861247e-06,5.3480108022085915e-06,3.3354374053828906e-06,2.577598756658972e-07,0.0,1.8262753656017594e-05,1.2651410543185193e-05,5.345569206838263e-06,2.6577362177704345e-07,0.0
2565,adam,3.125e-05,9.201793005786385e-06,5.445209922072536e-06,3.4083810476204235e-06,3.482021178058403e-07,0.0,1.8706663468037732e-05,1.3541193766286597e-05,4.81590541312471e-06,3.495637486139458e-07,0.0
2566,adam,3.125e-05,9.032130577679709e-06,5.334922235533668e-06,3.3706555058188314e-06,3.2655277770743396e-07,0.0,1.8512660972191952e-05,1.3056164789304603e-05,5.094550033390988e-06,3.619462063397805e-07,0.0
2567,adam,3.125e-05,8.796426328672169e-06,5.276839630141694e-06,3.275047035344869e-06,2.445396818373524e-07,0.0,1.7910160750034265e-05,1.2618929758900777e-05,5.100735506857745e-06,1.9049585375796596e-07,0.0
2568,adam,3.125e-05,9.035400978518737e-06,5.456924412783337e-06,3.3573678166476384e-06,2.2110871533698173e-07,0.0,1.8677352272788994e-05,1.3624056009575725e-05,4.855419774685288e-06,1.978771848598626e-07,0.0
2569,adam,3.125e-05,8.881272719918343e-06,5.38955646334216e-06,3.259000379784993e-06,2.3271593985185746e-07,0.0,1.8098155123880133e-05,1.2697959391516633e-05,5.121362846693955e-06,2.788321751268086e-07,0.0
2570,adam,3.125e-05,9.38539051276166e-06,5.570097016516229e-06,3.5083808000990757e-06,3.0691284713668665e-07,0.0,1.9752333173528314e-05,1.3677160495717544e-05,5.645135843224125e-06,4.3003700511690113e-07,0.0
2571,adam,3.125e-05,9.190812818360428e-06,5.3886333262198605e-06,3.4729550151268995e-06,3.292245063235555e-07,0.0,1.86561683221953e-05,1.3726732504437678e-05,4.706478193838848e-06,2.2295785129244905e-07,0.0
2572,adam,3.125e-05,8.855976460608872e-06,5.36776701665076e-06,3.2206824300828885e-06,2.675270396323981e-07,0.0,1.8204364096163772e-05,1.2854984561272431e-05,5.134526418260066e-06,2.1485371348717308e-07,0.0
2573,adam,3.125e-05,9.07588656673397e-06,5.43341431580302e-06,3.3622623192286483e-06,2.8020990949784164e-07,0.0,1.9022061678697355e-05,1.3338526514417026e-05,5.379911726777209e-06,3.036238638287614e-07,0.0
2574,adam,3.125e-05,9.265760184007377e-06,5.344191791323283e-06,3.6537768295374917e-06,2.677915622584237e-07,0.0,1.906814031826798e-05,1.3541814951167908e-05,5.293149570206879e-06,2.331762090079792e-07,0.0
2575,adam,3.125e-05,8.87822756112655e-06,5.320206838632657e-06,3.300199026057271e-06,2.5782164936316576e-07,0.0,1.8055668988381512e-05,1.2590032383741345e-05,5.14324437972391e-06,3.2239145753010234e-07,0.0
2576,adam,3.125e-05,8.973543941692697e-06,5.336095568964083e-06,3.4046446870661384e-06,2.3280360306188186e-07,0.0,1.8264556274516508e-05,1.325129414908588e-05,4.84538168166182e-06,1.678793921655597e-07,0.0
2577,adam,3.125e-05,8.658903198011103e-06,5.1769853541827615e-06,3.269210424150515e-06,2.127073299718063e-07,0.0,1.8504111721995287e-05,1.3477717402565759e-05,4.82449786431971e-06,2.0189764882161398e-07,0.0
2578,adam,3.125e-05,9.108938201052297e-06,5.603172297696801e-06,3.221961549115804e-06,2.8380433114705284e-07,0.0,1.8483115127310157e-05,1.3242588465800509e-05,4.971233920514351e-06,2.692918883440143e-07,0.0
2579,adam,3.125e-05,8.705674019893195e-06,5.250524765187947e-06,3.236363113501284e-06,2.18786133210358e-07,0.0,1.858096948126331e-05,1.349018384644296e-05,4.91040827910183e-06,1.803784499543326e-07,0.0
2580,adam,3.125e-05,8.854202405927936e-06,5.268161658023018e-06,3.355078362687891e-06,2.3096241896780612e-07,0.0,1.818978307710495e-05,1.3008821952098515e-05,4.963024366588797e-06,2.1793610471831926e-07,0.0
2581,adam,3.125e-05,8.932056999810811e-06,5.369636056684612e-06,3.2813640160611612e-06,2.810568870970087e-07,0.0,1.849717773438897e-05,1.3436085282592103e-05,4.84030306324712e-06,2.2078883432641305e-07,0.0
2582,adam,3.125e-05,8.760829814491444e-06,5.280937216411985e-06,3.240730677589454e-06,2.391618263430928e-07,0.0,1.878952025435865e-05,1.379825971525861e-05,4.776344667334342e-06,2.1491587176569737e-07,0.0
2583,adam,3.125e-05,8.795120777449483e-06,5.297103314205742e-06,3.247000165629288e-06,2.51017453933855e-07,0.0,1.8874254237744026e-05,1.3289005437400192e-05,5.017163402953884e-06,5.680856816070445e-07,0.0
2584,adam,3.125e-05,9.314728799836303e-06,5.4863179173025856e-06,3.4103075705615993e-06,4.181032897676573e-07,0.0,1.879581577668432e-05,1.3256417332740966e-05,5.178562787477858e-06,3.608351164530177e-07,0.0
2585,adam,3.125e-05,9.037135555445275e-06,5.4275869558750856e-06,3.268368033104707e-06,3.411806117625815e-07,0.0,1.7957268937607296e-05,1.2891689948446583e-05,4.876111688645324e-06,1.894670447200042e-07,0.0
2586,adam,3.125e-05,8.857947136675648e-06,5.395559753651469e-06,3.161780838922823e-06,3.006065112387546e-07,0.0,1.9244360373704694e-05,1.3666637642018031e-05,5.300445536704501e-06,2.772772234038712e-07,0.0
2587,adam,3.125e-05,9.63389106800605e-06,5.719780745039316e-06,3.5377484834953066e-06,3.7636178085165284e-07,0.0,1.9221512047806755e-05,1.2882686860393733e-05,6.126253538241144e-06,2.1257068283375702e-07,0.0
2588,adam,3.125e-05,9.539196980767883e-06,5.661887200858473e-06,3.6047913738457282e-06,2.725185472840508e-07,0.0,1.8457612895872444e-05,1.3048772416368593e-05,5.163746209291276e-06,2.450937017783872e-07,0.0
2589,adam,3.125e-05,9.123014848455568e-06,5.572088440430889e-06,3.267529564254801e-06,2.833968419935218e-07,0.0,1.869103107310366e-05,1.3172598301025573e-05,5.229802809481043e-06,2.8862950784969144e-07,0.0
2590,adam,3.125e-05,9.303934177751216e-06,5.528125996079325e-06,3.3099267824354683e-06,4.658814169999914e-07,0.0,1.8898919734056108e-05,1.311749656451866e-05,5.3233943617669865e-06,4.5802806880601565e-07,0.0
2591,adam,3.125e-05,9.055638571453528e-06,5.261352384877682e-06,3.3945843966876055e-06,3.9970175880199577e-07,0.0,1.9403745682211593e-05,1.4329529221868142e-05,4.774438366439426e-06,2.997785486513749e-07,0.0
2592,adam,3.125e-05,9.042831749184188e-06,5.3741076158075884e-06,3.3615565939726366e-06,3.071674248289469e-07,0.0,1.913104824780021e-05,1.314381279371446e-05,5.681246875610668e-06,3.05988947957303e-07,0.0
2593,adam,3.125e-05,9.070842139635715e-06,5.430203145806445e-06,3.3605683711357415e-06,2.8007047969680343e-07,0.0,1.772140421962831e-05,1.2113952834624797e-05,5.353771484806202e-06,2.5367953071508964e-07,0.0
2594,adam,3.125e-05,9.165829027324435e-06,5.370158220330268e-06,3.479621611290895e-06,3.160491210962846e-07,0.0,1.8550017557572573e-05,1.2993621567147784e-05,5.323617187968921e-06,2.3277905825125345e-07,0.0
2595,adam,3.125e-05,9.240515680630779e-06,5.3879062136275024e-06,3.5212807460993645e-06,3.313287875172932e-07,0.0,1.9332055671839043e-05,1.3871156625100411e-05,5.110702204547124e-06,3.5019817801185127e-07,0.0
2596,adam,3.125e-05,9.25395215745084e-06,5.444331179660367e-06,3.4060790454759626e-06,4.03541895011017e-07,0.0,1.838411481003277e-05,1.324819095316343e-05,4.894329777016537e-06,2.4159535882972705e-07,0.0
2597,adam,3.125e-05,8.836317960003726e-06,5.327645169472817e-06,3.270651575348893e-06,2.3802118942484185e-07,0.0,1.8697306586545892e-05,1.3378873518377077e-05,5.0789872148016e-06,2.3944551230670186e-07,0.0
2598,adam,3.125e-05,8.980508141576138e-06,5.323652828792547e-06,3.414947641999788e-06,2.4190763436848783e-07,0.0,1.883511504274793e-05,1.3084369129501283e-05,5.437800155050354e-06,3.1294595714825846e-07,0.0
2599,adam,3.125e-05,8.958853527474275e-06,5.359362319268257e-06,3.302210672018191e-06,2.972805939194245e-07,0.0,1.82135099748848e-05,1.293317927775206e-05,4.89469539388665e-06,3.856353885112185e-07,0.0
2600,adam,3.125e-05,8.872806859017146e-06,5.296669058907355e-06,3.27881753037218e-06,2.9732035677909607e-07,0.0,1.8738819562713616e-05,1.35352447614423e-05,5.020511707698461e-06,1.8306219828900794e-07,0.0
2601,adam,3.125e-05,8.791760990334296e-06,5.297851231489403e-06,3.2488857470980292e-06,2.4502421958061404e-07,0.0,1.806649197533261e-05,1.2776984476658981e-05,5.060230705566937e-06,2.2927568466002413e-07,0.0
2602,adam,3.125e-05,9.099213826857522e-06,5.53384606405416e-06,3.2955865378880844e-06,2.697814291963141e-07,0.0,1.805443571356591e-05,1.2502644494816195e-05,5.261966180114541e-06,2.8982569233448885e-07,0.0
2603,adam,3.125e-05,9.174455215088528e-06,5.480594722939713e-06,3.3351458910146903e-06,3.5871441905754864e-07,0.0,1.8491251466912217e-05,1.3227569979790132e-05,5.001408226235071e-06,2.622719819100894e-07,0.0
2604,adam,3.125e-05,9.281086420287465e-06,5.5723624541315075e-06,3.2924178725579623e-06,4.1630600300379683e-07,0.0,1.9902423446183093e-05,1.3942204532213509e-05,5.469306415761821e-06,4.909127255814383e-07,0.0
2605,adam,3.125e-05,9.679144795882166e-06,5.713575802701598e-06,3.496942170500006e-06,4.686271770637518e-07,0.0,1.8709430150920525e-05,1.3462469723890536e-05,4.928683665639255e-06,3.1827664770389674e-07,0.0
2606,adam,3.125e-05,8.935291191392025e-06,5.374699782123571e-06,3.282240442104012e-06,2.7835091032102355e-07,0.0,1.8100326997227967e-05,1.3048547771177255e-05,4.817292392544914e-06,2.344861513847718e-07,0.0
2607,adam,3.125e-05,9.001792960816601e-06,5.361757928312727e-06,3.347061252156891e-06,2.9297386827664695e-07,0.0,1.892828913696576e-05,1.383567268931074e-05,4.8089195843203925e-06,2.836966928043694e-07,0.0
2608,adam,3.125e-05,8.818344753080964e-06,5.274324223591975e-06,3.2876083793098587e-06,2.564121626136284e-07,0.0,1.8414728401694447e-05,1.267561674467288e-05,5.522007086256053e-06,2.1710440023525734e-07,0.0
2609,adam,3.125e-05,9.056673718532693e-06,5.462709395942511e-06,3.3083670558653466e-06,2.8559713349807225e-07,0.0,1.9457771486486308e-05,1.4084552276472095e-05,5.10211793880444e-06,2.710996227506257e-07,0.0
2610,adam,3.125e-05,9.034323852574744e-06,5.43426108379208e-06,3.312265775434753e-06,2.8779692939906454e-07,0.0,1.8192724382970482e-05,1.300200710829813e-05,4.818469733436359e-06,3.722473707057361e-07,0.0
2611,adam,3.125e-05,9.02506246802659e-06,5.444836062906688e-06,3.2948605763749583e-06,2.8536580298776926e-07,0.0,1.8881688447436318e-05,1.3715377463086043e-05,4.9477157517685555e-06,2.1859479204522358e-07,0.0
2612,adam,3.125e-05,8.96474227829458e-06,5.3351122630829195e-06,3.367901854289812e-06,2.617280818739687e-07,0.0,1.8847840692615137e-05,1.379252444166923e-05,4.860581157117849e-06,1.9473527856916917e-07,0.0
2613,adam,3.125e-05,8.795738494882244e-06,5.23816589748094e-06,3.272262986797614e-06,2.8530956797112594e-07,0.0,1.838256503106095e-05,1.306086232943926e-05,5.125154984852998e-06,1.965479867749309e-07,0.0
2614,adam,3.125e-05,8.924537581833647e-06,5.4840320444782265e-06,3.2121180453259512e-06,2.283874431796562e-07,0.0,1.7941130863619037e-05,1.2677782251557801e-05,5.057319413026562e-06,2.0602935535407596e-07,0.0
2615,adam,3.125e-05,8.86227172713916e-06,5.255812510540636e-06,3.341380320875942e-06,2.6507900674488383e-07,0.0,2.0454575860640034e-05,1.4840783478575759e-05,5.337627953849733e-06,2.761636892500974e-07,0.0
2616,adam,3.125e-05,9.232253290747394e-06,5.489087214982646e-06,3.4172608565086193e-06,3.259051446491412e-07,0.0,1.7999027477344498e-05,1.236263142345706e-05,5.344175860955147e-06,2.9222047714938526e-07,0.0
2617,adam,3.125e-05,8.990121955321229e-06,5.425038636985846e-06,3.293494387435203e-06,2.7158911564129085e-07,0.0,1.8627362806000747e-05,1.3717393812839873e-05,4.742965757031925e-06,1.670031082312562e-07,0.0
2618,adam,3.125e-05,9.259125789640166e-06,5.586761318454592e-06,3.336411523946481e-06,3.3595285930942964e-07,0.0,1.9235563740949146e-05,1.3667870916833635e-05,5.113887709740084e-06,4.538048870017519e-07,0.0
2619,adam,3.125e-05,9.111239137382654e-06,5.377198675660111e-06,3.3880490946103237e-06,3.4599125431356015e-07,0.0,1.854459878813941e-05,1.3483154361892957e-05,4.8698643695388455e-06,1.915788487849568e-07,0.0
2620,adam,3.125e-05,8.870698366081342e-06,5.260570645759799e-06,3.3505845351555763e-06,2.595431416452243e-07,0.0,1.769601112755481e-05,1.2356299521343317e-05,5.135636001796229e-06,2.0407647127740347e-07,0.0
2621,adam,3.125e-05,9.198923493158873e-06,5.559523287956836e-06,3.3363525204777034e-06,3.030478463728059e-07,0.0,1.883861841633916e-05,1.3690975720237475e-05,4.931981493427884e-06,2.1566098951097956e-07,0.0
2622,adam,3.125e-05,9.16212934498617e-06,5.3981443386419414e-06,3.467550385494178e-06,2.964346874634316e-07,0.0,1.8288101273356006e-05,1.3162072718841955e-05,4.805258868145756e-06,3.2077051059786754e-07,0.0
2623,adam,3.125e-05,8.906113009743422e-06,5.335981001053369e-06,3.211943422343211e-06,3.581886138803725e-07,0.0,1.805573992896825e-05,1.2520685231720563e-05,5.231712293607416e-06,3.033414941455703e-07,0.0
2624,adam,3.125e-05,9.052492146111035e-06,5.378295270475064e-06,3.355621259970576e-06,3.185755952372915e-07,0.0,1.782159597496502e-05,1.25158821902005e-05,5.060634975961875e-06,2.450795761888003e-07,0.0
2625,adam,3.125e-05,9.049429905871875e-06,5.539760195460985e-06,3.2287521776197536e-06,2.80917650918866e-07,0.0,1.836497540352866e-05,1.2725789929390885e-05,5.434953436633805e-06,2.0423226487764623e-07,0.0
2626,adam,3.125e-05,9.260368784680395e-06,5.5570328356679966e-06,3.3074693988055515e-06,3.958665528713823e-07,0.0,1.917723420774564e-05,1.4016282875672914e-05,4.913303200737573e-06,2.476489839864371e-07,0.0
2627,adam,3.125e-05,9.487480497227807e-06,5.567997845901118e-06,3.481033388652577e-06,4.384491445463823e-07,0.0,1.8078519133268856e-05,1.3006055269215722e-05,4.884077952738153e-06,1.8838596815839992e-07,0.0
2628,adam,3.125e-05,8.93924038791738e-06,5.369730700977016e-06,3.29020076605957e-06,2.7930887558369477e-07,0.0,1.854143374657724e-05,1.3510914868675172e-05,4.713195721706143e-06,3.173228435571218e-07,0.0
2629,adam,3.125e-05,8.9779447591809e-06,5.305712534209306e-06,3.2260829812003067e-06,4.461492704166403e-07,0.0,1.8535958588472567e-05,1.2861619325121865e-05,5.401743692345917e-06,2.725963952343591e-07,0.0
2630,adam,3.125e-05,9.790123385755578e-06,5.349458461978429e-06,3.6567998762393472e-06,7.838649995761671e-07,0.0,1.8510836525820196e-05,1.3150530321581755e-05,4.986498879588908e-06,3.7380695516731066e-07,0.0
2631,adam,3.125e-05,9.135772046420243e-06,5.29689037875869e-06,3.4158728041688846e-06,4.230089780676849e-07,0.0,1.9340695871505886e-05,1.3830163879902102e-05,4.90701222588541e-06,6.035180035723897e-07,0.0
2632,adam,3.125e-05,8.865657719070441e-06,5.274492906437445e-06,3.2745548139700986e-06,3.1661001287375257e-07,0.0,1.845808219513856e-05,1.2971982869203202e-05,5.058840542915277e-06,4.2725812932076224e-07,0.0
2633,adam,3.125e-05,8.991222273380117e-06,5.365059649875548e-06,3.265636365767932e-06,3.6052639629247096e-07,0.0,1.8288879800820723e-05,1.285490179725457e-05,5.163367859495338e-06,2.7061142304773966e-07,0.0
2634,adam,3.125e-05,9.164728794530674e-06,5.378329376526381e-06,3.4556808117258697e-06,3.307185298950799e-07,0.0,1.817565680539701e-05,1.2481918929552194e-05,5.328195129550295e-06,3.655421494386246e-07,0.0
2635,adam,3.125e-05,8.870997419307969e-06,5.407466801443661e-06,3.218896750922795e-06,2.4463369818761294e-07,0.0,1.7844538888311945e-05,1.2624580449482892e-05,5.0031453611154575e-06,2.168128929724844e-07,0.0
2636,adam,3.125e-05,9.09573154217469e-06,5.539099248608181e-06,3.2948860280157533e-06,2.6174639966569657e-07,0.0,1.882488140836358e-05,1.310728748649126e-05,5.407993739936501e-06,3.0959870400693035e-07,0.0
2637,adam,3.125e-05,9.242823523436527e-06,5.486005903776459e-06,3.4206918400059294e-06,3.36125657973696e-07,0.0,1.8900505892816e-05,1.343574513157364e-05,4.94625601277221e-06,5.185045779398934e-07,0.0
2638,adam,3.125e-05,9.083105936724678e-06,5.4790314152342035e-06,3.2409345323003436e-06,3.6314006823801037e-07,0.0,1.9382241589482874e-05,1.4330324120237492e-05,4.7530452320643235e-06,2.9887206665080157e-07,0.0
2639,adam,3.125e-05,9.167163796064415e-06,5.5767832236597314e-06,3.2880873988005987e-06,3.0229327130371075e-07,0.0,1.9828081349260174e-05,1.4909654055372812e-05,4.609665211319225e-06,3.087621962549747e-07,0.0
2640,adam,3.125e-05,9.109693053233059e-06,5.55406171542927e-06,3.2793566475675107e-06,2.7627477638958453e-07,0.0,1.8441032807459123e-05,1.3213491001806688e-05,4.9711507017491385e-06,2.563928376275726e-07,0.0
2641,adam,3.125e-05,8.989983285800918e-06,5.4715978023978096e-06,3.181790688699948e-06,3.365947769395916e-07,0.0,1.7822952941060066e-05,1.2473807146307081e-05,5.131948910275241e-06,2.1719598919389682e-07,0.0
2642,adam,3.125e-05,8.860067140403771e-06,5.301557933989898e-06,3.2687718345414396e-06,2.8973741628135485e-07,0.0,1.80591505340999e-05,1.2720523045572918e-05,4.983830422133906e-06,3.547980043094867e-07,0.0
2643,adam,3.125e-05,8.890057046073707e-06,5.246462876584701e-06,3.2493111632447835e-06,3.9428300624422263e-07,0.0,1.8162925698561594e-05,1.2699379112746101e-05,5.0129742703575175e-06,4.5057319653096783e-07,0.0
2644,adam,3.125e-05,9.15991535066496e-06,5.4015164892007306e-06,3.389784140495067e-06,3.686148204451456e-07,0.0,1.8320522940484807e-05,1.2969336239621043e-05,5.083029918750981e-06,2.681571515950054e-07,0.0
2645,adam,3.125e-05,9.178085974781425e-06,5.237484685949312e-06,3.618502319113759e-06,3.220989635011051e-07,0.0,1.8298320355825126e-05,1.298616552958265e-05,4.99481075166841e-06,3.1734398930893803e-07,0.0
2646,adam,3.125e-05,8.75273207157079e-06,5.232182360259685e-06,3.239452240677565e-06,2.81097305432354e-07,0.0,1.8081971575156786e-05,1.2767672160407528e-05,4.8798856369103305e-06,4.34412868344225e-07,0.0
2647,adam,3.125e-05,8.826856969790242e-06,5.33303997940493e-06,3.192173778643337e-06,3.016432357227927e-07,0.0,1.7864662368083373e-05,1.2599830370163545e-05,4.975763658876531e-06,2.8906879379064776e-07,0.0
2648,adam,3.125e-05,8.88755198502622e-06,5.242749182343687e-06,3.3809513126925594e-06,2.6385138163220745e-07,0.0,1.836122464737855e-05,1.2933597645314876e-05,4.942311988997972e-06,4.853146151617693e-07,0.0
2649,adam,3.125e-05,8.721983590476157e-06,5.311100125027224e-06,3.11256009410954e-06,2.9832325054712783e-07,0.0,1.8236549294670112e-05,1.3206989024183713e-05,4.792219442606438e-06,2.373399041744051e-07,0.0
2650,adam,3.125e-05,8.78758933708923e-06,5.242347441480888e-06,3.226508141551676e-06,3.187337425103465e-07,0.0,1.81667764991289e-05,1.3070287423033733e-05,4.894133326160954e-06,2.0235540887370007e-07,0.0
2651,adam,3.125e-05,9.170787279799697e-06,5.410225810464908e-06,3.2456604657227217e-06,5.149009449922914e-07,0.0,1.849491491157096e-05,1.2879055248049553e-05,5.228983809502097e-06,3.8687483083776897e-07,0.0
2652,adam,3.125e-05,8.999569956813502e-06,5.384450986412048e-06,3.2216187122457995e-06,3.9350022085216096e-07,0.0,1.8365839423495345e-05,1.3108574421494268e-05,4.834823357668938e-06,4.224426390919689e-07,0.0
2653,adam,3.125e-05,9.061375891405987e-06,5.459150372644217e-06,3.234915809002814e-06,3.673097337397735e-07,0.0,1.833773967518937e-05,1.3182705515646376e-05,4.894035100733163e-06,2.6099968408743734e-07,0.0
2654,adam,3.125e-05,8.948084627036224e-06,5.443826012196951e-06,3.2348839908991067e-06,2.693745733139963e-07,0.0,1.8712327801040374e-05,1.3526304428523872e-05,4.904250545223476e-06,2.817714914726821e-07,0.0
2655,adam,3.125e-05,8.694586824731232e-06,5.2541106185799435e-06,3.1962712228050805e-06,2.4420490962739905e-07,0.0,1.8248632841277868e-05,1.3102602679282427e-05,4.8788720050652046e-06,2.671594359071605e-07,0.0
2656,adam,3.125e-05,8.802060136758882e-06,5.261656440325169e-06,3.310146098556288e-06,2.3025760675920992e-07,0.0,1.8660664864000864e-05,1.3587801731773652e-05,4.8941365093924105e-06,1.7872621072001493e-07,0.0
2657,adam,3.125e-05,9.075706117300797e-06,5.405202045949409e-06,3.364475119838062e-06,3.0602894440789896e-07,0.0,1.7777188986656256e-05,1.2235093890922144e-05,5.088244051876245e-06,4.538499069894897e-07,0.0
2658,adam,3.125e-05,8.947790092861396e-06,5.422346106342957e-06,3.1872066870164417e-06,3.3823730749560355e-07,0.0,1.7713187844492495e-05,1.176540808955906e-05,5.7553443184588104e-06,1.924345696124874e-07,0.0
2659,adam,3.125e-05,8.823821161740852e-06,5.253578649444535e-06,3.30020257877095e-06,2.7003980473949696e-07,0.0,1.8111031749867834e-05,1.268523556063883e-05,5.2004593271703925e-06,2.253362083592947e-07,0.0
2660,adam,3.125e-05,9.06091622709937e-06,5.483213897150563e-06,3.2145905350944304e-06,3.63111828605156e-07,0.0,1.82164330908563e-05,1.2876127584604546e-05,4.900242402072763e-06,4.400618820454838e-07,0.0
2661,adam,3.125e-05,9.219255616699229e-06,5.222706050744819e-06,3.4771205577044384e-06,5.194289709464783e-07,0.0,1.978839463845361e-05,1.4226053281163331e-05,5.188268005440477e-06,3.740741760793753e-07,0.0
2662,adam,3.125e-05,8.935353122296874e-06,5.428089593806362e-06,3.184696097946471e-06,3.2256749182835165e-07,0.0,1.8615624867379665e-05,1.3026380656810943e-05,5.12900896865176e-06,4.6023586719456944e-07,0.0
2663,adam,3.125e-05,9.022566814564925e-06,5.241857479632017e-06,3.3271529247258513e-06,4.5355647948497335e-07,0.0,1.8687849660636857e-05,1.2738202713080682e-05,5.2940035857318435e-06,6.556429639203998e-07,0.0
2664,adam,3.125e-05,9.135879849964113e-06,5.50800186260858e-06,3.2881847573662526e-06,3.3969334722883104e-07,0.0,1.854281799751334e-05,1.3266789210319985e-05,5.040416908741463e-06,2.356111821200102e-07,0.0
2665,adam,3.125e-05,9.272405122828786e-06,5.480478250774468e-06,3.5076746911499868e-06,2.842522803803149e-07,0.0,1.8505805201129988e-05,1.3337567907001358e-05,4.9718360060069244e-06,1.9640089021777385e-07,0.0
2666,adam,3.125e-05,9.335015420219861e-06,5.1897907837883395e-06,3.862164803081214e-06,2.8305974986153615e-07,0.0,1.9988658095826395e-05,1.3518466403183993e-05,6.1534087762993295e-06,3.1678303002991015e-07,0.0
2667,adam,3.125e-05,9.152898826414457e-06,5.301623474451844e-06,3.491036693503702e-06,3.602386078327413e-07,0.0,1.7713095076032914e-05,1.2378800420265179e-05,5.111512109579053e-06,2.2278258882124646e-07,0.0
2668,adam,3.125e-05,8.983564725895121e-06,5.2992216694747185e-06,3.3959364884594834e-06,2.8840636545623966e-07,0.0,1.856038397818338e-05,1.3019691323279403e-05,5.106824573886115e-06,4.3386793890931585e-07,0.0
2669,adam,3.125e-05,9.208551205119875e-06,5.426212595693869e-06,3.355618815703565e-06,4.26719958923627e-07,0.0,1.912803782033734e-05,1.4188808563631028e-05,4.686433840106474e-06,2.527959281906078e-07,0.0
2670,adam,3.125e-05,8.98399389370752e-06,5.388257676486319e-06,3.1695698510247894e-06,4.261663280047401e-07,0.0,1.7954822396859527e-05,1.2463558050512802e-05,5.164017238712404e-06,3.2724796028560377e-07,0.0
2671,adam,3.125e-05,8.736835440004143e-06,5.226029145433131e-06,3.1798674058336474e-06,3.309389056127543e-07,0.0,1.852854256867431e-05,1.3350478184293024e-05,4.8584493015368935e-06,3.1961508284439333e-07,0.0
2672,adam,3.125e-05,8.950964058840327e-06,5.410355896628971e-06,3.188620937066844e-06,3.5198699244176623e-07,0.0,2.001464417844545e-05,1.4282875781645998e-05,5.202971351536689e-06,5.287972157930199e-07,0.0
2673,adam,3.125e-05,8.949584554329704e-06,5.320147408838238e-06,3.2859458940492914e-06,3.434912994038086e-07,0.0,1.8054357497021556e-05,1.2802569472114556e-05,4.937455287290504e-06,3.143325102428207e-07,0.0
2674,adam,3.125e-05,8.701393653609557e-06,5.250318736216286e-06,3.1730418470488075e-06,2.780331138652059e-07,0.0,1.8351449398323894e-05,1.3453252904582769e-05,4.600287411449244e-06,2.9790939493068436e-07,0.0
2675,adam,3.125e-05,9.239244661785051e-06,5.252613902939629e-06,3.657151623315258e-06,3.294791453001267e-07,0.0,1.923488343891222e-05,1.3518647392629646e-05,5.388541922002332e-06,3.276954601005855e-07,0.0
2676,adam,3.125e-05,9.260836463909072e-06,5.550183061586722e-06,3.297155444670352e-06,4.134979860737076e-07,0.0,1.7955790099222213e-05,1.263215108338045e-05,5.1260367399663664e-06,1.9760183533890086e-07,0.0
2677,adam,3.125e-05,8.8245208189619e-06,5.224829578764911e-06,3.311008683226646e-06,2.8868267776260836e-07,0.0,1.8246424588141963e-05,1.3197215594118461e-05,4.703762442659354e-06,3.4544589766483114e-07,0.0
2678,adam,3.125e-05,8.818847135216856e-06,5.242249187631387e-06,3.2933747036167915e-06,2.832231933425078e-07,0.0,1.944223367900122e-05,1.3732206753047649e-05,5.519293154065963e-06,1.90733615568206e-07,0.0
2679,adam,3.125e-05,9.055666254198513e-06,5.183275021636291e-06,3.486708919808734e-06,3.8568223459378714e-07,0.0,1.8661952708498575e-05,1.3553528333432041e-05,4.804101990885101e-06,3.0432155995185894e-07,0.0
2680,adam,3.125e-05,8.759992056184274e-06,5.26278506640665e-06,3.1740741377461745e-06,3.231328502550923e-07,0.0,1.7602100342628546e-05,1.231111218658043e-05,5.009216692997143e-06,2.817706388213992e-07,0.0
2681,adam,3.125e-05,8.595981284997833e-06,5.178469479005798e-06,3.174058605281971e-06,2.434531891637448e-07,0.0,1.8637230823514983e-05,1.3728848898608703e-05,4.681024165620329e-06,2.2735788718364347e-07,0.0
2682,adam,3.125e-05,8.836933631073407e-06,5.359159189310958e-06,3.168886010485039e-06,3.088884064084141e-07,0.0,1.9563713067327626e-05,1.4802000805502757e-05,4.5679075810767245e-06,1.9380416915737442e-07,0.0
2683,adam,3.125e-05,8.69662079594491e-06,5.351540721676429e-06,3.093767844575268e-06,2.5131232472830334e-07,0.0,1.8420751075609587e-05,1.3146788660378661e-05,5.031942237110343e-06,2.4202032022913045e-07,0.0
2684,adam,3.125e-05,8.781755155951032e-06,5.206609728247713e-06,3.301484554185663e-06,2.7366082555602134e-07,0.0,1.9520604837452993e-05,1.3558628779719584e-05,5.5712316680001095e-06,3.9074450342013733e-07,0.0
2685,adam,3.125e-05,8.792773598997883e-06,5.138613801136671e-06,3.3473361611413566e-06,3.0682353457933687e-07,0.0,1.8525934137869626e-05,1.3225632756075356e-05,4.8280367082043085e-06,4.72264105155773e-07,0.0
2686,adam,3.125e-05,8.835606593038392e-06,5.25166403519961e-06,3.152988753640784e-06,4.3095372603829674e-07,0.0,1.8989476302522235e-05,1.358284498564899e-05,5.09665960635175e-06,3.099721368471364e-07,0.0
2687,adam,3.125e-05,9.11611238052501e-06,5.3987971000424295e-06,3.335746626476066e-06,3.815685358787846e-07,0.0,1.9289622287033126e-05,1.437482478650054e-05,4.718262061942369e-06,1.9653393223961757e-07,0.0
2688,adam,3.125e-05,9.064939035852149e-06,5.361062562769803e-06,3.2387396089461618e-06,4.65136920979603e-07,0.0,1.802905899239704e-05,1.3060586752544623e-05,4.7598100536561105e-06,2.0866124827989552e-07,0.0
2689,adam,3.125e-05,9.283030664164471e-06,5.330361602773337e-06,3.3558940870648257e-06,5.967752070290544e-07,0.0,2.0161980501143262e-05,1.270723805646412e-05,6.522976946143899e-06,9.317661238128494e-07,0.0
2690,adam,3.125e-05,9.654999871600012e-06,5.556649341542652e-06,3.545721810382929e-06,5.526285757895266e-07,0.0,1.978977888938971e-05,1.4205596016836353e-05,5.189207513467409e-06,3.9497550119449443e-07,0.0
2691,adam,3.125e-05,9.196943807410207e-06,5.402931094522501e-06,3.455144991448833e-06,3.388678262439271e-07,0.0,1.8188975445809774e-05,1.2798690477211494e-05,4.854141025134595e-06,5.361426360650512e-07,0.0
2692,adam,3.125e-05,8.848819049944723e-06,5.1741583320108475e-06,3.344057333265482e-06,3.3060342197188675e-07,0.0,1.8764329070108943e-05,1.3349099390325136e-05,5.189834610064281e-06,2.2539487076755904e-07,0.0
2693,adam,3.125e-05,9.191570541133842e-06,5.280469082435957e-06,3.5286908541820594e-06,3.824105387906229e-07,0.0,1.9540821085684e-05,1.3687206774193328e-05,4.946023636875907e-06,9.075901630239969e-07,0.0
2694,adam,3.125e-05,9.537375092349976e-06,5.536977766951168e-06,3.393195910916802e-06,6.072013221114503e-07,0.0,1.9775459804804996e-05,1.4667954019387253e-05,4.737499239126919e-06,3.7000614838689216e-07,0.0
2695,adam,3.125e-05,8.863065858122354e-06,5.3416954557405916e-06,3.1740272277147596e-06,3.4734314802165045e-07,0.0,1.7898926671477966e-05,1.2434733434929512e-05,5.133083504915703e-06,3.3110922004198073e-07,0.0
2696,adam,3.125e-05,8.690709933034668e-06,5.136579375175643e-06,3.293541041671233e-06,2.60589449574411e-07,0.0,1.9549866919987835e-05,1.3530362593883183e-05,5.677050921804039e-06,3.4245334745719447e-07,0.0
2697,adam,3.125e-05,8.911291871527283e-06,5.165868117273931e-06,3.452469414355619e-06,2.929544384855376e-07,0.0,1.8040829672827385e-05,1.2914792023366317e-05,4.923642791254679e-06,2.0239608033989498e-07,0.0
2698,adam,3.125e-05,8.645473940305237e-06,5.267972198907955e-06,3.0882956565392305e-06,2.8920618078132065e-07,0.0,1.7999354895437136e-05,1.2981065992789809e-05,4.8015363063314e-06,2.1675322159353527e-07,0.0
2699,adam,3.125e-05,8.590179163547873e-06,5.1783203787181264e-06,3.1790914789553426e-06,2.3276731830890185e-07,0.0,1.86193356057629e-05,1.3193854101700708e-05,5.059941486251773e-06,3.6554041571434936e-07,0.0
2700,adam,3.125e-05,8.857486648139457e-06,5.287732108172349e-06,3.2574244812622055e-06,3.123301342000673e-07,0.0,1.7677304640528746e-05,1.2450961548893247e-05,5.018327556172153e-06,2.0801685707283468e-07,0.0
2701,adam,3.125e-05,8.666946541779907e-06,5.270977169402613e-06,3.169780420364532e-06,2.2618894846004878e-07,0.0,1.8280688891536556e-05,1.3300463251653127e-05,4.713119778898545e-06,2.6710580414146534e-07,0.0
2702,adam,3.125e-05,8.684315048412827e-06,5.152276116859866e-06,3.2746730909138932e-06,2.573657615911884e-07,0.0,1.8578273738967255e-05,1.3487637261277996e-05,4.803165211342275e-06,2.87470896864761e-07,0.0
2703,adam,3.125e-05,8.722019998685937e-06,5.320690974031095e-06,3.13080841607416e-06,2.7052068496402626e-07,0.0,1.874069857876748e-05,1.3340726582100615e-05,4.980378434993327e-06,4.1959361851695576e-07,0.0
2704,adam,3.125e-05,8.737594271224225e-06,5.1891661598801875e-06,3.232958206922376e-06,3.1546986534181087e-07,0.0,1.802917722670827e-05,1.2915746083308477e-05,4.8736210374045186e-06,2.398094522959582e-07,0.0
2705,adam,3.125e-05,8.862721585956024e-06,5.3488594176087645e-06,3.13350352598718e-06,3.803587951267673e-07,0.0,1.7860065781860612e-05,1.2494318980316166e-05,5.1270817493787035e-06,2.38663403706596e-07,0.0
2706,adam,3.125e-05,8.839275466243635e-06,5.331889411763768e-06,3.222532626523389e-06,2.8485352032703304e-07,0.0,1.8767772417049855e-05,1.3208292330091354e-05,5.350596893549664e-06,2.088833497282394e-07,0.0
2707,adam,3.125e-05,9.17035151815071e-06,5.445756528388301e-06,3.357419487315383e-06,3.6717535145669444e-07,0.0,1.776456156221684e-05,1.2388587492750958e-05,5.095822871226119e-06,2.801520224693377e-07,0.0
2708,adam,3.125e-05,8.757236173551064e-06,5.266958453375992e-06,3.1582713262423567e-06,3.320063006739815e-07,0.0,1.808685738069471e-05,1.2940429769514594e-05,4.8318579501938075e-06,3.145714515540021e-07,0.0
2709,adam,3.125e-05,8.777641880897136e-06,5.059166483079025e-06,3.3746864005479438e-06,3.4378894753217537e-07,0.0,1.9434864952927455e-05,1.411926314176526e-05,4.938520760333631e-06,3.7707940236941795e-07,0.0
2710,adam,3.125e-05,8.863944003678625e-06,5.266805914061479e-06,3.289085576341222e-06,3.080525292631364e-07,0.0,1.9241482732468285e-05,1.341645656793844e-05,5.446266641229158e-06,3.787581874803436e-07,0.0
2711,adam,3.125e-05,8.681898151507994e-06,5.125716569409633e-06,3.248293324986662e-06,3.07888248229915e-07,0.0,1.857171446317807e-05,1.3653519090439659e-05,4.678568075178191e-06,2.39627183873381e-07,0.0
2712,adam,3.125e-05,8.726917172907633e-06,5.225400144581727e-06,3.1718391113599864e-06,3.2967790986049295e-07,0.0,1.784868072718382e-05,1.2494175280153286e-05,5.097248049423797e-06,2.572587618487887e-07,0.0
2713,adam,3.125e-05,8.852651433244318e-06,5.147533329363796e-06,3.3366581391192085e-06,3.6845997009038456e-07,0.0,1.9387716747587547e-05,1.3584289263235405e-05,5.639840310323052e-06,1.635872592942178e-07,0.0
2714,adam,3.125e-05,9.402825810411741e-06,5.259343964780783e-06,3.7389229561313186e-06,4.0455889482871044e-07,0.0,1.8276859918842092e-05,1.3145360753696878e-05,4.785718829225516e-06,3.4578104646243446e-07,0.0
2715,adam,3.125e-05,8.703422082589896e-06,5.322579710309583e-06,3.082670076537397e-06,2.9817225755124355e-07,0.0,1.8771803297568113e-05,1.368845914839767e-05,4.887334398517851e-06,1.960110438403717e-07,0.0
2716,adam,3.125e-05,9.15512117671824e-06,5.451853724025568e-06,3.2695866281073904e-06,4.3368079616357136e-07,0.0,1.8266186089022085e-05,1.3317181583261117e-05,4.757688657264225e-06,1.9131640272007644e-07,0.0
2717,adam,3.125e-05,8.941722256849971e-06,5.289979014833079e-06,3.400432163402911e-06,2.5131110259479783e-07,0.0,1.8580491087050177e-05,1.3247635251900647e-05,5.093796517030569e-06,2.390584654676786e-07,0.0
2718,adam,3.125e-05,8.956373278579122e-06,5.353597259727394e-06,3.2793236783845714e-06,3.234524523776372e-07,0.0,1.8790411559166387e-05,1.3696972928300966e-05,4.8604438234178815e-06,2.329943953327529e-07,0.0
2719,adam,3.125e-05,8.887711032912193e-06,5.3261395009940316e-06,3.2134188785448714e-06,3.481527857118749e-07,0.0,1.870243613666389e-05,1.3563281754613854e-05,4.74464059152524e-06,3.945128526083863e-07,0.0
2720,adam,3.125e-05,8.518213093111626e-06,5.193781191792368e-06,3.039757785927577e-06,2.846740398965153e-07,0.0,1.749801594996825e-05,1.22903202282032e-05,4.961639660905348e-06,2.4605606085970066e-07,0.0
2721,adam,3.125e-05,8.898121535594328e-06,5.3205771735065355e-06,3.3091718592004327e-06,2.683725393026748e-07,0.0,1.902195617731195e-05,1.312656604568474e-05,5.2897457862854935e-06,6.056444590285537e-07,0.0
2722,adam,3.125e-05,9.154181697113017e-06,5.32233087824352e-06,3.266099426468827e-06,5.65751456349517e-07,0.0,1.8638898836798035e-05,1.2789552783942781e-05,5.153456186235417e-06,6.958885592212027e-07,0.0
2723,adam,3.125e-05,8.808088210798815e-06,5.198177433385354e-06,3.2804669132247e-06,3.294438446488357e-07,0.0,1.777730903995689e-05,1.2509158295870293e-05,5.056737791164778e-06,2.114119865836983e-07,0.0
2724,adam,3.125e-05,8.64333071604051e-06,5.2723505916674185e-06,3.1383724206079933e-06,2.3260761494725557e-07,0.0,1.824189894250594e-05,1.312882341153454e-05,4.825139512831811e-06,2.879344549455709e-07,0.0
2725,adam,3.125e-05,8.985124338778405e-06,5.263412049316685e-06,3.4078912278801e-06,3.1382103315991117e-07,0.0,1.9423292542342097e-05,1.4503336387861054e-05,4.711760993814096e-06,2.0819393853344081e-07,0.0
2726,adam,3.125e-05,8.804722085642425e-06,5.257673763026105e-06,3.2621419308043187e-06,2.8490632963951157e-07,0.0,1.8676008039619774e-05,1.2589785910677165e-05,5.627959581033792e-06,4.5826146788385813e-07,0.0
2727,adam,3.125e-05,9.50939153199215e-06,5.314620409535564e-06,3.6674404100267566e-06,5.27330672461801e-07,0.0,1.8708127754507586e-05,1.3232777746452484e-05,5.235733624431305e-06,2.3961590045473713e-07,0.0
2728,adam,3.125e-05,8.738256610740791e-06,5.153449137651478e-06,3.2516202992383114e-06,3.331871365475081e-07,0.0,1.8726857888395898e-05,1.3731784747506026e-05,4.773553882841952e-06,2.215182206555255e-07,0.0
2729,adam,3.125e-05,8.835086134695302e-06,5.073751765394263e-06,3.3942813217890944e-06,3.6705314965246316e-07,0.0,1.9175149645889178e-05,1.3610544556286186e-05,5.299548774928553e-06,2.6505568939683144e-07,0.0
2730,adam,3.125e-05,8.996950384698721e-06,5.117641762808489e-06,3.574620052404498e-06,3.046885126423149e-07,0.0,1.9014214558410458e-05,1.4074286809773184e-05,4.74702073915978e-06,1.9290659736270754e-07,0.0
2731,adam,3.125e-05,8.567457371100318e-06,5.227490049719563e-06,3.094764608135847e-06,2.45202735449368e-07,0.0,1.8611224732012488e-05,1.3416994988801889e-05,4.739273663290078e-06,4.54955682016589e-07,0.0
2732,adam,3.125e-05,8.77605089044664e-06,5.172354065052787e-06,3.275952380477065e-06,3.2774451952377603e-07,0.0,1.9140341464662924e-05,1.373920440528309e-05,4.695119514508406e-06,7.060176017148478e-07,0.0
2733,adam,3.125e-05,9.05291159369881e-06,5.241611660267154e-06,3.2802668812337288e-06,5.310330610797109e-07,0.0,1.784527012205217e-05,1.250717650691513e-05,5.0180010475742165e-06,3.2009373285291076e-07,0.0
2734,adam,3.125e-05,8.934321613196516e-06,5.272611673490246e-06,3.3014700164812893e-06,3.6023993565947876e-07,0.0,1.815389441617299e-05,1.2528299521363806e-05,5.3786038733960595e-06,2.4699102141312324e-07,0.0
2735,adam,3.125e-05,8.58517051938179e-06,5.1125997515555355e-06,3.1691052413407306e-06,3.03465489182031e-07,0.0,1.8497396013117395e-05,1.299804625887191e-05,5.220218099566409e-06,2.7913080202779383e-07,0.0
2736,adam,3.125e-05,8.575138906508073e-06,5.129767288281073e-06,3.1689131816392546e-06,2.764583797443265e-07,0.0,1.815711220842786e-05,1.2946702554472722e-05,4.899534815194784e-06,3.1087361662685e-07,0.0
2737,adam,3.125e-05,8.678521169258602e-06,5.200180453357461e-06,3.0998570252904756e-06,3.7848362133274804e-07,0.0,1.8553651898400858e-05,1.313036773353815e-05,4.657337740354706e-06,7.659464813514205e-07,0.0
2738,adam,3.125e-05,8.746152616367908e-06,5.1362754618367035e-06,3.194644719428652e-06,4.152324351025527e-07,0.0,1.885862548078876e-05,1.3655596376338508e-05,4.942560281051556e-06,2.604687665552774e-07,0.0
2739,adam,3.125e-05,8.504606881842847e-06,5.239612761442913e-06,2.9951126094829306e-06,2.69881441639086e-07,0.0,1.8922060917248018e-05,1.4003539035911672e-05,4.733284185931552e-06,1.8523739697684505e-07,0.0
2740,adam,3.125e-05,8.953873276595914e-06,5.260086197722558e-06,3.3692213321501185e-06,3.245657609340924e-07,0.0,1.8056598491966724e-05,1.2651330507651437e-05,5.0424937398929615e-06,3.62773988626941e-07,0.0
2741,adam,3.125e-05,8.489013225698727e-06,5.08355140027561e-06,3.123222796830305e-06,2.8223919112946305e-07,0.0,1.8999860913027078e-05,1.3431546904030256e-05,5.357244390324922e-06,2.110701302626694e-07,0.0
2742,adam,3.125e-05,8.641718153512556e-06,5.1216172209933575e-06,3.218127076820565e-06,3.0197407063781156e-07,0.0,1.8675835235626437e-05,1.324540062341839e-05,5.078817139292369e-06,3.5161735922883963e-07,0.0
2743,adam,3.125e-05,8.788962787775745e-06,5.192624712435645e-06,3.2258475073376758e-06,3.7049061152316654e-07,0.0,1.7501037291367538e-05,1.219600198965054e-05,5.092827905173181e-06,2.1220756707407418e-07,0.0
2744,adam,3.125e-05,8.707443925004554e-06,5.2339755711727776e-06,3.1492653391751446e-06,3.2420297824131694e-07,0.0,1.8199096302851103e-05,1.326131314272061e-05,4.714057013188722e-06,2.2372570640527556e-07,0.0
2745,adam,3.125e-05,8.508270070706203e-06,5.1285609288242995e-06,3.127686326820367e-06,2.5202307440963523e-07,0.0,1.801300822990015e-05,1.2931667697557714e-05,4.871283181273611e-06,2.1005674000207364e-07,0.0
2746,adam,3.125e-05,8.459157811557816e-06,5.1234953843959374e-06,3.120372227272128e-06,2.152901990015721e-07,0.0,1.84671825991245e-05,1.3394533198152203e-05,4.755954705615295e-06,3.166960311773437e-07,0.0
2747,adam,3.125e-05,8.840705902457557e-06,5.3026340935957705e-06,3.2373243783467842e-06,3.0074745893671206e-07,0.0,1.9008555682376027e-05,1.3104893696436193e-05,5.389996204030467e-06,5.136657250659482e-07,0.0
2748,adam,3.125e-05,8.769867491764671e-06,5.133705656135135e-06,3.3182874403792084e-06,3.17874303767951e-07,0.0,1.846453051257413e-05,1.3295371900312603e-05,4.814489784621401e-06,3.546687139532878e-07,0.0
2749,adam,3.125e-05,8.760799317997225e-06,5.266064022180217e-06,3.200425965133036e-06,2.943092889395871e-07,0.0,1.876521491794847e-05,1.3173958905099425e-05,5.141608198755421e-06,4.496477856719139e-07,0.0
2750,adam,3.125e-05,8.771862326284463e-06,5.1622174908061425e-06,3.1674586011831707e-06,4.4218615080637846e-07,0.0,1.9707442334038205e-05,1.4489014574792236e-05,4.844036084250547e-06,3.7439093603097717e-07,0.0
2751,adam,3.125e-05,8.93038202320895e-06,5.433970642343411e-06,3.1806815883328454e-06,3.1572977832183824e-07,0.0,1.7911226677824743e-05,1.2698177670245059e-05,4.929156148136826e-06,2.838935984073032e-07,0.0
2752,adam,3.125e-05,8.526862075086683e-06,5.204057998753342e-06,3.0088461357991036e-06,3.139579929367642e-07,0.0,1.77316578628961e-05,1.2239152965776157e-05,5.302079443936236e-06,1.9042715848627267e-07,0.0
2753,adam,3.125e-05,8.381620858699534e-06,4.971110428186876e-06,3.1478231932169365e-06,2.626871822286603e-07,0.0,1.8457152691553347e-05,1.3800608940073289e-05,4.496582278079586e-06,1.5996120339423214e-07,0.0
2754,adam,3.125e-05,8.665470517144058e-06,5.127778308633424e-06,3.2247919818928494e-06,3.1290007029838307e-07,0.0,1.791142494766973e-05,1.2459861864044797e-05,4.946094577462645e-06,5.054678240412613e-07,0.0
2755,adam,3.125e-05,8.807845688352245e-06,5.217569167825786e-06,3.2050987215370697e-06,3.851779668551103e-07,0.0,1.929587233462371e-05,1.3116287846060004e-05,5.119855359225767e-06,1.059729356711614e-06,0.0
2756,adam,3.125e-05,9.49781019699003e-06,5.246520743185101e-06,3.588871621218459e-06,6.624179729186608e-07,0.0,2.0080915419384837e-05,1.3878984645998571e-05,5.395380867412314e-06,8.065503038778843e-07,0.0
2757,adam,3.125e-05,9.468518669564219e-06,5.3594491760122764e-06,3.272822027611255e-06,8.362476169310185e-07,0.0,1.869744846771937e-05,1.3878612662665546e-05,4.603479283105116e-06,2.153550582306707e-07,0.0
2758,adam,3.125e-05,8.577997760994549e-06,5.082064973294109e-06,3.1480470852329745e-06,3.478856580585443e-07,0.0,1.7775413652998395e-05,1.263955891772639e-05,4.850375717069255e-06,2.854794729501009e-07,0.0
2759,adam,3.125e-05,8.454834045323878e-06,5.176808343776429e-06,3.0236001293815207e-06,2.5442547002541005e-07,0.0,1.7851170923677273e-05,1.2544678611448035e-05,5.059494014858501e-06,2.4699934897398634e-07,0.0
2760,adam,3.125e-05,8.501738875565934e-06,5.025422495918974e-06,3.23970647286842e-06,2.366100115835934e-07,0.0,1.906513534777332e-05,1.3824328561895527e-05,4.997383257432375e-06,2.4342250526387943e-07,0.0
2761,adam,3.125e-05,8.486161817700122e-06,5.192030727130259e-06,3.0518032900772596e-06,2.42327825361599e-07,0.0,1.861205601016991e-05,1.319216244155541e-05,5.102996965433704e-06,3.168967452893412e-07,0.0
2762,adam,3.125e-05,8.424311374710669e-06,5.087701168804415e-06,3.0956126195746947e-06,2.4099753215267583e-07,0.0,1.8786920918500982e-05,1.3553038115787786e-05,4.978339347871952e-06,2.5554373905833927e-07,0.0
2763,adam,3.125e-05,8.630962412325971e-06,5.077532065911328e-06,3.274721549928472e-06,2.787088373423785e-07,0.0,1.8416321836411953e-05,1.317240185016999e-05,4.6753152673773e-06,5.686057420462021e-07,0.0
2764,adam,3.125e-05,8.80231326050307e-06,5.215622650212026e-06,3.3014087961191763e-06,2.852819331877754e-07,0.0,1.9276472812634893e-05,1.4079819266044069e-05,4.920259925711434e-06,2.763936777228082e-07,0.0
2765,adam,3.125e-05,9.154453721293976e-06,5.403485459964941e-06,3.384065877298781e-06,3.669023884711464e-07,0.0,1.849266300268937e-05,1.322535263170721e-05,4.892975994152948e-06,3.743355989627162e-07,0.0
2766,adam,3.125e-05,8.71392387580272e-06,5.146913821363341e-06,3.241712065005231e-06,3.252981617407613e-07,0.0,2.0394725652295165e-05,1.5480527508771047e-05,4.593436187860789e-06,3.207620693501667e-07,0.0
2767,adam,3.125e-05,9.26183849969675e-06,5.471007739288325e-06,3.4002832336454958e-06,3.90547548079212e-07,0.0,1.8442278815200552e-05,1.1953448847634718e-05,5.970250640530139e-06,5.18579042818601e-07,0.0
2768,adam,3.125e-05,9.202837844668466e-06,5.34421712927724e-06,3.3873031810571774e-06,4.7131762226371166e-07,0.0,1.816427356970962e-05,1.3149468941264786e-05,4.787484613189008e-06,2.2732149318471784e-07,0.0
2769,adam,3.125e-05,8.914269500337468e-06,5.1901832307521545e-06,3.3480000212193772e-06,3.7608628478125183e-07,0.0,1.9049310139962472e-05,1.3922775906394236e-05,4.950635229761247e-06,1.7589846379451046e-07,0.0
2770,adam,3.125e-05,8.795397604899335e-06,5.109368345301846e-06,3.348483346599096e-06,3.375458694776512e-07,0.0,1.877829163277056e-05,1.3678042705578264e-05,4.646867182600545e-06,4.5338180143517093e-07,0.0
2771,adam,3.125e-05,8.835310438826127e-06,5.301362932641496e-06,3.2068249566918894e-06,3.2712250686017796e-07,0.0,1.9094444724032655e-05,1.3911948371969629e-05,4.828599230677355e-06,3.5389689401199576e-07,0.0
2772,adam,3.125e-05,8.739720016137653e-06,5.12907135430396e-06,3.2976362831504957e-06,3.130124781591803e-07,0.0,1.887069629447069e-05,1.3515821592591237e-05,4.9749401114240754e-06,3.799342209731549e-07,0.0
2773,adam,3.125e-05,8.571601199491852e-06,4.998211352358339e-06,3.2168145338573595e-06,3.5657528041355135e-07,0.0,1.9289913325337693e-05,1.428296400263207e-05,4.706918389274506e-06,3.000320702994941e-07,0.0
2774,adam,3.125e-05,8.82389366552161e-06,5.425018542837279e-06,3.1125125161679534e-06,2.8636258964098715e-07,0.0,1.998095103772357e-05,1.5037963748909533e-05,4.661461389332544e-06,2.815245920828602e-07,0.0
2775,adam,3.125e-05,8.928284444209567e-06,5.428404762142236e-06,3.092587405717495e-06,4.0729231720604275e-07,0.0,1.8433374862070195e-05,1.2828792023356073e-05,5.373651219997555e-06,2.3093210188562807e-07,0.0
2776,adam,3.125e-05,8.737135573255728e-06,5.228328461726051e-06,3.1093542247617734e-06,3.9945281660180854e-07,0.0,1.7942971680895425e-05,1.2696672456513625e-05,4.9417999434808735e-06,3.0449891141870467e-07,0.0
2777,adam,3.125e-05,8.632437328515152e-06,5.188748986029168e-06,3.142064883832063e-06,3.016233920405398e-07,0.0,1.8084809198626317e-05,1.2582718227349687e-05,4.999471002520295e-06,5.026189455747954e-07,0.0
2778,adam,3.125e-05,8.36451204122568e-06,4.975642895033161e-06,3.1213106694849557e-06,2.6755846072035183e-07,0.0,1.8527120118960738e-05,1.3794219739793334e-05,4.5859833335271105e-06,1.4691642036268604e-07,0.0
2779,adam,3.125e-05,8.444708868182715e-06,5.142114559930633e-06,3.0858542032774494e-06,2.1674000016957962e-07,0.0,1.782242179615423e-05,1.292387332796352e-05,4.683260158344638e-06,2.1528919091906573e-07,0.0
2780,adam,3.125e-05,8.535265720865937e-06,5.182950673088271e-06,3.0514315909613288e-06,3.0088335822853196e-07,0.0,1.866251477622427e-05,1.3255943486001343e-05,4.9900677367986646e-06,4.1650400817161426e-07,0.0
2781,adam,3.125e-05,8.728462489671074e-06,5.16004755013455e-06,3.1950854548767893e-06,3.7332954150315345e-07,0.0,1.9530480130924843e-05,1.4527446182910353e-05,4.750118023366667e-06,2.529156688524381e-07,0.0
2782,adam,3.125e-05,8.725424635258605e-06,5.285554976808271e-06,3.1437773060360996e-06,2.9609227070181987e-07,0.0,1.9097040421911515e-05,1.4149605704005808e-05,4.749279014504282e-06,1.981548933827071e-07,0.0
2783,adam,3.125e-05,8.79398530173603e-06,5.211728847598351e-06,3.221065369984899e-06,3.611913328427363e-07,0.0,1.7964157450478524e-05,1.2723977306450251e-05,5.007940671930555e-06,2.3223961420626438e-07,0.0
2784,adam,3.125e-05,8.747452653778964e-06,5.1829938740866055e-06,3.0884035311373736e-06,4.760552094751347e-07,0.0,1.8450278730597347e-05,1.2630572200578172e-05,5.3961989578965586e-06,4.2350865214757505e-07,0.0
2785,adam,3.125e-05,8.654652390305273e-06,5.047980039307731e-06,3.2292439158254638e-06,3.774282992807798e-07,0.0,1.8499673387850635e-05,1.311311552854022e-05,4.910261395707494e-06,4.762965772897587e-07,0.0
2786,adam,3.125e-05,8.536711192164148e-06,5.1484219341091375e-06,3.0816387663890055e-06,3.066504419280136e-07,0.0,1.771935058059171e-05,1.285587677557487e-05,4.5997699089639354e-06,2.637040097397403e-07,0.0
2787,adam,3.125e-05,8.463285411153265e-06,5.046610141334895e-06,3.1735749956851578e-06,2.4310025725782225e-07,0.0,1.876283022284042e-05,1.392630201735301e-05,4.557628471957287e-06,2.7890027354260383e-07,0.0
2788,adam,3.125e-05,8.714594230241346e-06,5.216262053409082e-06,3.2702071166568203e-06,2.2812510991343515e-07,0.0,1.7503847629996017e-05,1.2396410056680907e-05,4.837767392018577e-06,2.6967092026097816e-07,0.0
2789,adam,3.125e-05,8.561151929598054e-06,5.127657686898601e-06,3.126764951844052e-06,3.067293095071477e-07,0.0,1.853784851846285e-05,1.3188916454964783e-05,4.630545390682528e-06,7.183857064774202e-07,0.0
2790,adam,3.125e-05,8.761706396853697e-06,5.193906162048734e-06,3.1663419548522143e-06,4.0145828794635463e-07,0.0,1.7989063053391874e-05,1.241358677361859e-05,5.233449883235153e-06,3.420259986341989e-07,0.0
2791,adam,3.125e-05,8.712388364529033e-06,5.289359165772112e-06,3.1356019292161363e-06,2.8742740987297566e-07,0.0,1.8655762687558308e-05,1.3853090422344394e-05,4.565230028674705e-06,2.374418954786961e-07,0.0
2792,adam,3.125e-05,8.313335342791106e-06,5.0197650409700145e-06,3.0434688227387596e-06,2.501016309608417e-07,0.0,1.8918903151643462e-05,1.3818350453220773e-05,4.818273737328127e-06,2.82279756902426e-07,0.0
2793,adam,3.125e-05,8.573530578814825e-06,5.127188359210777e-06,3.114672068704749e-06,3.3167015356383445e-07,0.0,1.761679413903039e-05,1.2178220458736178e-05,4.941979113937123e-06,4.965946232005081e-07,0.0
2794,adam,3.125e-05,8.7462698274976e-06,5.281663931100411e-06,3.0276156763875406e-06,4.3699036744726527e-07,0.0,1.9013677956536412e-05,1.3889037290937267e-05,4.821498350793263e-06,3.031420874322066e-07,0.0
2795,adam,3.125e-05,9.038820138584924e-06,5.116915616554252e-06,3.5019028317151424e-06,4.2000177735701527e-07,0.0,1.9326565961819142e-05,1.3329680768947583e-05,5.493863682204392e-06,5.030212832934922e-07,0.0
2796,adam,3.125e-05,9.07588957943517e-06,5.326862066112881e-06,3.335576224117176e-06,4.134512838760429e-07,0.0,1.8598320821183734e-05,1.2499151125666685e-05,5.26588974025799e-06,8.332806942235038e-07,0.0
2797,adam,3.125e-05,8.991223069187981e-06,5.161908489981215e-06,3.3937921273263782e-06,4.3552229911369977e-07,0.0,1.9097917174804024e-05,1.2637413419724908e-05,5.611310825770488e-06,8.491930998388852e-07,0.0
2798,adam,3.125e-05,8.6180578477979e-06,5.110247144557434e-06,3.1788941896593315e-06,3.289165775299807e-07,0.0,1.855248410720378e-05,1.3690036212210543e-05,4.5525507630372886e-06,3.09896762473727e-07,0.0
2799,adam,3.125e-05,8.553111143783099e-06,5.098136426795463e-06,3.2199870219074e-06,2.3498773593644273e-07,0.0,1.8321654351893812e-05,1.3148411198926624e-05,4.962790171703091e-06,2.1045318021606363e-07,0.0
2800,adam,3.125e-05,8.86819211132206e-06,5.239544606183699e-06,3.2067381710021436e-06,4.219094345003782e-07,0.0,1.808130764402449e-05,1.2627539035747759e-05,5.080263235868188e-06,3.735056282039295e-07,0.0
2801,adam,3.125e-05,9.11325375341221e-06,5.37277577450368e-06,3.2900079389719394e-06,4.504700044094534e-07,0.0,1.863535180746112e-05,1.3125439181749243e-05,5.238490757619729e-06,2.714214417665062e-07,0.0
2802,adam,3.125e-05,8.537927016050162e-06,5.047595067253496e-06,3.241452780855525e-06,2.4887920968552635e-07,0.0,1.8155527868657373e-05,1.3388060324359685e-05,4.5815654630132485e-06,1.859017970673449e-07,0.0
2803,adam,3.125e-05,8.375998476140012e-06,5.083915056047772e-06,3.0616630368740516e-06,2.3042032726294792e-07,0.0,1.8323513359064236e-05,1.2862349649367388e-05,5.084738404548261e-06,3.764257598959375e-07,0.0
2804,adam,3.125e-05,8.731423889685175e-06,5.421203070454794e-06,3.0546901328420972e-06,2.555307156981712e-07,0.0,1.8611381165101193e-05,1.3097171176923439e-05,5.152352514414815e-06,3.618577864017425e-07,0.0
2805,adam,3.125e-05,8.813858840994726e-06,5.180837177931608e-06,3.2607788398308912e-06,3.722428223440488e-07,0.0,1.925950164149981e-05,1.3810193195240572e-05,5.021852757636225e-06,4.2745483597173006e-07,0.0
2806,adam,3.125e-05,8.982296662907174e-06,5.3923695872981625e-06,3.122584743664447e-06,4.673424571777218e-07,0.0,1.822523699956946e-05,1.3170229976822156e-05,4.69899487143266e-06,3.5601169656729326e-07,0.0
2807,adam,3.125e-05,8.595030010383198e-06,5.102380697508124e-06,3.2174007884577804e-06,2.752486070178861e-07,0.0,1.8725106201600283e-05,1.3349433174880687e-05,4.807885034097126e-06,5.677881631527271e-07,0.0
2808,adam,3.125e-05,8.561367422998956e-06,5.110017241349851e-06,3.115894571692479e-06,3.35455696109932e-07,0.0,1.8414302758174017e-05,1.315859208261827e-05,4.995908057026099e-06,2.598023343125533e-07,0.0
2809,adam,3.125e-05,8.589253923219076e-06,5.03309652799544e-06,3.1998784351117138e-06,3.5627900007995095e-07,0.0,1.7847929484560154e-05,1.2655318641918711e-05,4.98018016514834e-06,2.1243131698156503e-07,0.0
2810,adam,3.125e-05,8.610507507000875e-06,5.05542689666072e-06,3.1982298622779126e-06,3.5685059529555474e-07,0.0,1.9639686797745526e-05,1.3916967873228714e-05,5.336911272024736e-06,3.858080503960082e-07,0.0
2811,adam,3.125e-05,9.192138122671167e-06,5.307043124958e-06,3.4690533965431314e-06,4.16041443962456e-07,0.0,1.84363525477238e-05,1.2899995454063173e-05,5.068971859145677e-06,4.673852913583687e-07,0.0
2812,adam,3.125e-05,8.882629288109456e-06,5.295448517017576e-06,3.274092932770145e-06,3.1308779302463563e-07,0.0,1.8083313989336602e-05,1.3214404134487268e-05,4.6091781769064255e-06,2.597316779429093e-07,0.0
2813,adam,3.125e-05,8.809602036308206e-06,5.208745932350212e-06,3.199002065912282e-06,4.0185399807768363e-07,0.0,1.8602393538458273e-05,1.2888696801383048e-05,4.982530754205072e-06,7.311666081477597e-07,0.0
2814,adam,3.125e-05,8.555254339626117e-06,5.086281902322298e-06,3.1154159003676796e-06,3.5355644101287e-07,0.0,1.86886918527307e-05,1.3577456229540985e-05,4.5650795073015615e-06,5.461575938170427e-07,0.0
2815,adam,3.125e-05,8.578314378837604e-06,5.071810107892816e-06,3.1214396045697868e-06,3.8506461663700975e-07,0.0,1.8762477338896133e-05,1.3415780813375022e-05,5.006174887967063e-06,3.405220923013985e-07,0.0
2816,adam,3.125e-05,8.90858058255617e-06,5.239153466618518e-06,3.2095597219949923e-06,4.598675076294967e-07,0.0,1.8035838365904056e-05,1.1980692761426326e-05,5.630251962429611e-06,4.248947504947864e-07,0.0
2817,adam,3.125e-05,8.710380313914357e-06,5.014735734221176e-06,3.2938566221218935e-06,4.017876733541925e-07,0.0,1.9327670088387094e-05,1.3727613804803696e-05,5.371286988520296e-06,2.2876962191276107e-07,0.0
2818,adam,3.125e-05,8.783358282471454e-06,5.08131196852446e-06,3.3580584926085066e-06,3.439878675237651e-07,0.0,1.847979183366988e-05,1.2814331967092585e-05,5.14887688041199e-06,5.16584123033681e-07,0.0
2819,adam,3.125e-05,8.896841819705514e-06,5.147877288891323e-06,3.2920922734547275e-06,4.568723319664514e-07,0.0,1.977798092411831e-05,1.4223904145183042e-05,4.82723226014059e-06,7.268438366736518e-07,0.0
2820,adam,3.125e-05,9.153466578482039e-06,5.312334337759239e-06,3.269927148608076e-06,5.712051240891469e-07,0.0,1.835762850532774e-05,1.302001328440383e-05,4.72788633487653e-06,6.097294544815668e-07,0.0
2821,adam,3.125e-05,8.884507082029813e-06,5.073872898719856e-06,3.1132021121038633e-06,6.974321502539738e-07,0.0,1.8084680050378665e-05,1.305640944337938e-05,4.6147297325660475e-06,4.135391122872534e-07,0.0
2822,adam,3.125e-05,8.639570069135516e-06,5.0641979782994895e-06,3.141968875297607e-06,4.3340314981321626e-07,0.0,1.8010281564784236e-05,1.2821798009099439e-05,4.982578502676915e-06,2.0590427141087275e-07,0.0
2823,adam,3.125e-05,8.535342630011655e-06,4.9419671483974525e-06,3.2632702300361416e-06,3.301052222681733e-07,0.0,1.792309558368288e-05,1.303475073655136e-05,4.688578883360606e-06,1.9976532428245264e-07,0.0
2824,adam,3.125e-05,8.307015974651222e-06,5.07748677591735e-06,2.9502081844157146e-06,2.793208837559291e-07,0.0,1.814403003663756e-05,1.3247129572846461e-05,4.709168479166692e-06,1.877330788602194e-07,0.0
2825,adam,3.125e-05,8.534044695807097e-06,5.227957558417984e-06,3.009088274552596e-06,2.9699877490685367e-07,0.0,1.7756972738425247e-05,1.2804143807443324e-05,4.749967047246173e-06,2.028631200801101e-07,0.0
2826,adam,3.125e-05,8.738328745039325e-06,5.22315608009194e-06,3.2132328158240853e-06,3.019399121839683e-07,0.0,1.8681919755181298e-05,1.3875963304599281e-05,4.6191394176275935e-06,1.8681724611724349e-07,0.0
2827,adam,3.125e-05,8.625041687082557e-06,5.137167761404271e-06,3.1657510959348656e-06,3.2212271783294e-07,0.0,1.9512890503392555e-05,1.3723007214139216e-05,5.480068011820549e-06,3.098164711445861e-07,0.0
2828,adam,3.125e-05,8.399178000217944e-06,4.946397126559532e-06,3.2074598408371457e-06,2.453209715369553e-07,0.0,1.8222304788650945e-05,1.328410507994704e-05,4.731705757876625e-06,2.0649298448915943e-07,0.0
2829,adam,3.125e-05,8.400659595508841e-06,4.994150913262274e-06,3.132392166094178e-06,2.7411650282971323e-07,0.0,1.829336179071106e-05,1.3470214071276132e-05,4.601237378665246e-06,2.2190887705164641e-07,0.0
2830,adam,3.125e-05,8.364686351569617e-06,5.017517224814583e-06,3.1025031290710103e-06,2.446659594923517e-07,0.0,1.835814691730775e-05,1.3195560313761234e-05,4.957017608830938e-06,2.0556912261326943e-07,0.0
2831,adam,3.125e-05,8.882915807362224e-06,5.1020469697959925e-06,3.5436277130429517e-06,2.3724121156476485e-07,0.0,1.8786826331051998e-05,1.31675333250314e-05,5.065898676548386e-06,5.53394784219563e-07,0.0
2832,adam,3.125e-05,8.851162476730678e-06,5.236413329612333e-06,3.257301116832423e-06,3.5744804272042074e-07,0.0,1.9225655705668032e-05,1.4490655303234234e-05,4.485946192289703e-06,2.490539827704197e-07,0.0
2833,adam,3.125e-05,8.543401662564065e-06,5.121771664562402e-06,3.1324495211038084e-06,2.8918054884030653e-07,0.0,1.7834976461017504e-05,1.2571747902256902e-05,4.923602773487801e-06,3.396255863208353e-07,0.0
2834,adam,3.125e-05,8.399953543403171e-06,5.0715968029635405e-06,3.037769005231894e-06,2.905877698466952e-07,0.0,1.8447593902237713e-05,1.3078917618258856e-05,5.06603919347981e-06,3.0263603889579827e-07,0.0
2835,adam,3.125e-05,8.404015517271546e-06,4.990545050986839e-06,3.1359712551193297e-06,2.774991827436679e-07,0.0,1.8366679796599783e-05,1.3247526112536434e-05,4.865056780545274e-06,2.540963066621771e-07,0.0
2836,adam,3.125e-05,8.821185929264175e-06,5.162943438108414e-06,3.2117615518245657e-06,4.464810121618257e-07,0.0,1.9401375539018773e-05,1.436504771845648e-05,4.552650352707133e-06,4.836790026274684e-07,0.0
2837,adam,3.125e-05,8.86021888391042e-06,5.232612437566786e-06,3.273030969808133e-06,3.545755191680655e-07,0.0,1.9557874111342244e-05,1.3387171748036053e-05,5.946611054241657e-06,2.2409089694974682e-07,0.0
2838,adam,3.125e-05,8.439801831627847e-06,5.041529874461048e-06,3.126988943336073e-06,2.7128301116619014e-07,0.0,1.8133081539417617e-05,1.3025038242631126e-05,4.852443908021087e-06,2.5559822347531735e-07,0.0
2839,adam,3.125e-05,8.3272616677732e-06,4.9400414354749955e-06,3.132629771585016e-06,2.545904642659025e-07,0.0,1.811528818507213e-05,1.329211318079615e-05,4.597821316565387e-06,2.2535336086093594e-07,0.0
2840,adam,3.125e-05,8.52988702604307e-06,5.113624581554177e-06,3.116965430649543e-06,2.992970644655202e-07,0.0,1.7691250832285732e-05,1.2684027751674876e-05,4.794530923390994e-06,2.1269197247875127e-07,0.0
2841,adam,3.125e-05,8.257211163709144e-06,4.980558529155132e-06,3.034975122773176e-06,2.416775251035119e-07,0.0,1.8837117750081234e-05,1.3971017324365675e-05,4.6074837882770225e-06,2.586166374385357e-07,0.0
2842,adam,3.125e-05,8.643463218049874e-06,5.185095545812146e-06,3.1754337044276326e-06,2.8293404952250967e-07,0.0,1.778614205250051e-05,1.289038573304424e-05,4.666113454732113e-06,2.2964222523569333e-07,0.0
2843,adam,3.125e-05,8.807318579329149e-06,5.3749300832350855e-06,3.0750038746418795e-06,3.5738457793144107e-07,0.0,1.84206546691712e-05,1.3502125511877239e-05,4.736029950436205e-06,1.824988515863879e-07,0.0
2844,adam,3.125e-05,8.640829520345505e-06,5.265175872182226e-06,3.061470010834455e-06,3.141835032138829e-07,0.0,1.8504650142858736e-05,1.3381461940298323e-05,4.833557795791421e-06,2.8963052045583026e-07,0.0
2845,adam,3.125e-05,8.844058640988806e-06,5.332394437118637e-06,3.182093180953416e-06,3.295709980477568e-07,0.0,1.8085505871567875e-05,1.2746480024361517e-05,4.685758085543057e-06,6.532678185067198e-07,0.0
2846,adam,3.125e-05,8.711270169214913e-06,5.134886094992908e-06,3.219500513296225e-06,3.5688371102793326e-07,0.0,1.904400050989352e-05,1.4075327271712013e-05,4.569997145154048e-06,3.98675410906435e-07,0.0
2847,adam,3.125e-05,8.441343254617095e-06,5.14308121069007e-06,2.974376215547636e-06,3.238858772292019e-07,0.0,1.795666139514651e-05,1.295004130952293e-05,4.780311428476125e-06,2.2630938190104644e-07,0.0
2848,adam,3.125e-05,8.571778323585022e-06,5.0042220607338095e-06,3.242325398389312e-06,3.2523086535007906e-07,0.0,1.941468144650571e-05,1.34256697492674e-05,5.727562438551104e-06,2.6144809339712083e-07,0.0
2849,adam,3.125e-05,9.003892785131029e-06,5.145922955307469e-06,3.5348921727518245e-06,3.230777476659341e-07,0.0,1.8922042727353983e-05,1.4131489479041193e-05,4.469529812922701e-06,3.2102383329402073e-07,0.0
2850,adam,3.125e-05,8.329229586934161e-06,4.94512931936697e-06,3.1333573318192975e-06,2.507428069620232e-07,0.0,1.8398879547021352e-05,1.3039489203947596e-05,5.038954441261012e-06,3.20434423883853e-07,0.0
2851,adam,3.125e-05,8.317368354937571e-06,4.98172650509332e-06,3.0258136334282426e-06,3.09828207534224e-07,0.0,1.7889042283059098e-05,1.298571987717878e-05,4.709078439191217e-06,1.9424385300226277e-07,0.0
2852,adam,3.125e-05,8.36253207125992e-06,4.999141566486287e-06,3.05294469171713e-06,3.104457881875078e-07,0.0,1.8305598132428713e-05,1.3288969967106823e-05,4.753895609610481e-06,2.6273366415807686e-07,0.0
2853,adam,3.125e-05,8.524432786316538e-06,5.099896384308522e-06,3.0237846573299976e-06,4.007518228377194e-07,0.0,1.8103773982147686e-05,1.3042726095591206e-05,4.571167210087879e-06,4.898803922515071e-07,0.0
2854,adam,3.125e-05,9.315884142324649e-06,5.2614844037179864e-06,3.637187518279461e-06,4.1721211641032596e-07,0.0,1.945659278135281e-05,1.3454345207719598e-05,5.806660738016944e-06,1.9558642350148148e-07,0.0
2855,adam,3.125e-05,8.887253557077202e-06,5.187692977415281e-06,3.312638412467095e-06,3.869222604535594e-07,0.0,1.8344046111451462e-05,1.3367323845159262e-05,4.747055754705798e-06,2.2966638368870917e-07,0.0
2856,adam,3.125e-05,8.356948058008129e-06,5.013905109763073e-06,3.0621630315863513e-06,2.808799690612318e-07,0.0,1.871982021839358e-05,1.3715235581912566e-05,4.582469500746811e-06,4.2211431150462886e-07,0.0
2857,adam,3.125e-05,8.775820845130511e-06,5.14336164769702e-06,3.2406873344825726e-06,3.9177180344296403e-07,0.0,1.8106955394614488e-05,1.2391930795274675e-05,5.006632818549406e-06,7.0839064392203e-07,0.0
2858,adam,3.125e-05,8.493165694289928e-06,5.009057346683221e-06,3.1752807245766235e-06,3.0882771628881756e-07,0.0,1.9112738300464116e-05,1.3780492736259475e-05,4.79788923257729e-06,5.343554221326485e-07,0.0
2859,adam,3.125e-05,8.55663483889657e-06,5.065154255134985e-06,3.1499016444058725e-06,3.4157888073593767e-07,0.0,1.7736036170390435e-05,1.2331179277680349e-05,4.897382495983038e-06,5.074737146060215e-07,0.0
2860,adam,3.125e-05,8.633816833025776e-06,4.9698470689918395e-06,3.3041221456642234e-06,3.598476858712729e-07,0.0,1.9347877241671085e-05,1.3572203897638246e-05,4.924888344248757e-06,8.507857387485274e-07,0.0
2861,adam,3.125e-05,8.802280120789874e-06,5.16472201184115e-06,3.218808885208091e-06,4.1874908340844286e-07,0.0,1.8959450244437903e-05,1.34304918901762e-05,5.080170922155958e-06,4.4878800053993473e-07,0.0
2862,adam,3.125e-05,8.703712978785916e-06,5.007700309533902e-06,3.1921468064410874e-06,5.038657828748683e-07,0.0,1.7385686078341678e-05,1.2564073585963342e-05,4.626060217560735e-06,1.9555159269657452e-07,0.0
2863,adam,3.125e-05,8.794248799404158e-06,5.158210854006029e-06,3.3134838446358117e-06,3.2255403858982845e-07,0.0,1.919978967634961e-05,1.2752026123052929e-05,6.122939339547884e-06,3.24823503206062e-07,0.0
2864,adam,3.125e-05,8.93572553195554e-06,5.070283350505633e-06,3.521223433722298e-06,3.442187077595804e-07,0.0,1.8307122445548885e-05,1.3238951396488119e-05,4.819367404707009e-06,2.488034738235001e-07,0.0
2865,adam,3.125e-05,8.538888835118996e-06,5.047608254926672e-06,3.127068382013931e-06,3.642120312008501e-07,0.0,1.818414057197515e-05,1.329383667325601e-05,4.703224931290606e-06,1.8707876847656735e-07,0.0
2866,adam,3.125e-05,8.392238157739484e-06,5.161461828606662e-06,2.994029202341153e-06,2.3674715876609298e-07,0.0,1.8380731489742175e-05,1.3517959814635105e-05,4.633801836462226e-06,2.28970066018519e-07,0.0
2867,adam,3.125e-05,8.528030576826495e-06,5.12420379550349e-06,3.1471807631078264e-06,2.5664595248997557e-07,0.0,1.8840852135326713e-05,1.3346050764084794e-05,4.960092610417632e-06,5.34708874511125e-07,0.0
2868,adam,3.125e-05,8.512175639907582e-06,5.283295948288469e-06,2.944665695281401e-06,2.842138941971939e-07,0.0,1.8540944438427687e-05,1.3406306607066654e-05,4.842020189244067e-06,2.926177842255129e-07,0.0
2869,adam,3.125e-05,8.629860786868448e-06,5.226850731787636e-06,3.0724952608807143e-06,3.3051472314582497e-07,0.0,1.8386204828857444e-05,1.3690286323253531e-05,4.487538262765156e-06,2.0837897807268746e-07,0.0
2870,adam,3.125e-05,8.53430947245215e-06,5.123219153801983e-06,3.114158914740983e-06,2.9693144387721304e-07,0.0,1.8935783373308368e-05,1.4018549336469732e-05,4.636945959646255e-06,2.8028895826537337e-07,0.0
2871,adam,3.125e-05,8.20995492745169e-06,4.960398769071617e-06,3.012268678048713e-06,2.372874305933692e-07,0.0,1.7813328668125905e-05,1.2932924619235564e-05,4.644417458621319e-06,2.3598731502261217e-07,0.0
2872,adam,3.125e-05,8.250509864637934e-06,5.021212501787886e-06,3.0144160234613082e-06,2.1488119994472754e-07,0.0,1.7687420040601864e-05,1.2738130862999242e-05,4.783526492246892e-06,1.6576345274188498e-07,0.0
2873,adam,3.125e-05,8.53876485962246e-06,5.02815362324327e-06,3.2170368342576694e-06,2.93574428766874e-07,0.0,1.8600389012135565e-05,1.3715962268179283e-05,4.665979304263601e-06,2.1844778075319482e-07,0.0
2874,adam,3.125e-05,8.63828600472516e-06,5.060122589384264e-06,3.2002570264921815e-06,3.779062929254451e-07,0.0,1.879327646747697e-05,1.393218099110527e-05,4.573365913529415e-06,2.87729619685706e-07,0.0
2875,adam,3.125e-05,8.736755034988164e-06,5.233782445657198e-06,3.084204351466724e-06,4.1876825296327524e-07,0.0,1.876947862911038e-05,1.3161060451238882e-05,5.080245500721503e-06,5.28172336089483e-07,0.0
2876,adam,3.125e-05,8.807190084780814e-06,5.025550791515343e-06,3.1433154674687103e-06,6.38323831125831e-07,0.0,1.8873068256652914e-05,1.3308213056006934e-05,5.002731995773502e-06,5.621236596198287e-07,0.0
2877,adam,3.125e-05,8.65706508079711e-06,5.02019790360464e-06,3.142911673137405e-06,4.939555484639868e-07,0.0,1.944744144566357e-05,1.3882288840250112e-05,4.997010364604648e-06,5.681433776771883e-07,0.0
2878,adam,3.125e-05,8.789463265657105e-06,5.114861721722264e-06,3.167635071577024e-06,5.069664474888214e-07,0.0,1.7459929949836805e-05,1.2252854503458366e-05,4.9155851229443215e-06,2.9149029501240875e-07,0.0
2879,adam,3.125e-05,8.49648634471123e-06,5.027789654832304e-06,3.1764136139145194e-06,2.9228313636053826e-07,0.0,1.7982185454457067e-05,1.3189825040171854e-05,4.609171810443513e-06,1.8318915806503355e-07,0.0
2880,adam,3.125e-05,8.397134735105283e-06,5.084728059046029e-06,3.0654404810093183e-06,2.469662190307531e-07,0.0,1.757587233441882e-05,1.262845307792304e-05,4.683156930695986e-06,2.642632068727835e-07,0.0
2881,adam,3.125e-05,8.739430143123172e-06,5.3148870051700214e-06,3.1462918173019716e-06,2.7825136239556514e-07,0.0,1.9032302589039318e-05,1.3510271855921019e-05,5.011761913920054e-06,5.102687623548263e-07,0.0
2882,adam,3.125e-05,8.746552481397885e-06,5.144165839965353e-06,3.273880366805315e-06,3.2850625775182607e-07,0.0,1.7828630006988533e-05,1.2580850125232246e-05,4.9249374569626525e-06,3.228435616620118e-07,0.0
2883,adam,3.125e-05,8.348775764943639e-06,4.967395511812356e-06,3.1485722757906842e-06,2.328080777047603e-07,0.0,1.8052491213893518e-05,1.3033416507823858e-05,4.618250841303961e-06,4.0082343844005663e-07,0.0
2884,adam,3.125e-05,8.248247837627787e-06,4.911650023586844e-06,3.0506896706583575e-06,2.859081442707634e-07,0.0,1.8159058527089655e-05,1.3548329661716707e-05,4.432082278071903e-06,1.7864674362044752e-07,0.0
2885,adam,3.125e-05,8.298865850520087e-06,5.043410851612862e-06,2.9523425837396644e-06,3.0311250043268956e-07,0.0,1.822088597691618e-05,1.3223153473518323e-05,4.5943065742903855e-06,4.034257301555044e-07,0.0
2886,adam,3.125e-05,8.353849040076966e-06,5.06233078567675e-06,3.0251456308860725e-06,2.663726217377871e-07,0.0,1.8232321963296272e-05,1.3369357475312427e-05,4.657744739233749e-06,2.0521969190667733e-07,0.0
2887,adam,3.125e-05,8.107204280349833e-06,4.807457941069515e-06,2.9997800368164462e-06,2.999663513136852e-07,0.0,1.8629443729878403e-05,1.3613129340228625e-05,4.654870281228796e-06,3.6144345472166606e-07,0.0
2888,adam,3.125e-05,8.37351166182998e-06,4.988527365412665e-06,3.054585874906479e-06,3.303984401625826e-07,0.0,1.9302307919133455e-05,1.4594278582080733e-05,4.291413461032789e-06,4.166153075857437e-07,0.0
2889,adam,3.125e-05,8.472744241316832e-06,5.061998166411286e-06,3.0659471406124794e-06,3.447989511684568e-07,0.0,1.8988090232596733e-05,1.3465070878737606e-05,5.340403276932193e-06,1.8261492584770167e-07,0.0
2890,adam,3.125e-05,8.533604585636567e-06,5.080167625237664e-06,3.209082841237887e-06,2.4435406054124087e-07,0.0,1.835979855968617e-05,1.3683248653251212e-05,4.450638243724825e-06,2.259118616620981e-07,0.0
2891,adam,3.125e-05,8.503647393354186e-06,5.244697689477107e-06,2.9990087426767786e-06,2.5994100116832897e-07,0.0,1.912164589157328e-05,1.449851697543636e-05,4.332646312832367e-06,2.904822622440406e-07,0.0
2892,adam,3.125e-05,8.437366574298721e-06,5.119998832014971e-06,3.0646857140936845e-06,2.5268216674589894e-07,0.0,1.885109486465808e-05,1.3711406609218102e-05,4.862833975494141e-06,2.7685422310241847e-07,0.0
2893,adam,3.125e-05,8.492367868484507e-06,5.12543778086183e-06,3.0475616199510114e-06,3.1936851918601405e-07,0.0,1.8136413928004913e-05,1.304412853642134e-05,4.800633178092539e-06,2.9165090609239996e-07,0.0
2894,adam,3.125e-05,8.34684013284459e-06,5.055556670185979e-06,2.9866740831607785e-06,3.0460933242437704e-07,0.0,1.887678081402555e-05,1.377787339151837e-05,4.808732228411827e-06,2.9017576252954314e-07,0.0
2895,adam,3.125e-05,8.705978046918972e-06,5.360937706200275e-06,3.0352120461429877e-06,3.098281169400252e-07,0.0,1.8631239072419703e-05,1.3730239516007714e-05,4.636543053493369e-06,2.6445482603776327e-07,0.0
2896,adam,3.125e-05,8.384949069295544e-06,5.03407900964703e-06,3.0589378496870268e-06,2.9193221173784423e-07,0.0,2.016488360823132e-05,1.4308743629953824e-05,5.630935447697993e-06,2.2520502795941866e-07,0.0
2897,adam,3.125e-05,8.724387924985422e-06,5.263557881107772e-06,3.1739444708023257e-06,2.86885406097781e-07,0.0,1.8084076145896688e-05,1.2741734281007666e-05,4.9832910917757545e-06,3.590504888961732e-07,0.0
2898,adam,3.125e-05,8.40663648205009e-06,4.982423973842742e-06,3.106794025597992e-06,3.1741863359968647e-07,0.0,1.8368491510045715e-05,1.3491217941918876e-05,4.62175376014784e-06,2.555196658704517e-07,0.0
2899,adam,3.125e-05,8.298305260723282e-06,4.976209453388947e-06,3.0151868344319155e-06,3.069090928065066e-07,0.0,1.8242917576571926e-05,1.348413570667617e-05,4.488477316044737e-06,2.703054065023025e-07,0.0
2900,adam,3.125e-05,8.937198856528994e-06,5.061013695240035e-06,3.4114227673853748e-06,4.6476232640202397e-07,0.0,1.8278096831636503e-05,1.3561008017859422e-05,4.425869974511443e-06,2.912176739755523e-07,0.0
2901,adam,3.125e-05,8.506861661317089e-06,4.988242125136821e-06,3.067288773195287e-06,4.513309050935277e-07,0.0,1.8233473383588716e-05,1.2875643733423203e-05,4.792299478140194e-06,5.65531877327885e-07,0.0
2902,adam,3.125e-05,8.336167894640312e-06,4.979581035513547e-06,3.0525197871611454e-06,3.0406711903907535e-07,0.0,1.8132624973077327e-05,1.3157281500753015e-05,4.67982954432955e-06,2.9551227953561465e-07,0.0
2903,adam,3.125e-05,8.438038861413588e-06,5.061616064949703e-06,3.0657634724207128e-06,3.106591117685298e-07,0.0,1.852609420893714e-05,1.35408363348688e-05,4.688394255936146e-06,2.968632202282606e-07,0.0
2904,adam,3.125e-05,8.453446071143844e-06,4.9590142054967146e-06,3.094866499964155e-06,3.99565343478514e-07,0.0,1.8360171452513896e-05,1.3474628758558538e-05,4.678965979110217e-06,2.0657745380958659e-07,0.0
2905,adam,3.125e-05,8.399784007906419e-06,5.109756827437195e-06,3.0634223548986483e-06,2.2660477849711924e-07,0.0,1.786799475667067e-05,1.27113316921168e-05,4.71174280392006e-06,4.4492131223705655e-07,0.0
2906,adam,3.125e-05,8.66421248701954e-06,5.076406182524806e-06,3.111253704446426e-06,4.765527119587887e-07,0.0,1.826515836000908e-05,1.342303312412696e-05,4.517589331953786e-06,3.2453468179483025e-07,0.0
2907,adam,3.125e-05,9.058783746240806e-06,5.2663540941466636e-06,3.184300567227183e-06,6.081290955251006e-07,0.0,1.7312708223471418e-05,1.2294849511818029e-05,4.8104457164299674e-06,2.0741238415666885e-07,0.0
2908,adam,3.125e-05,8.371800788609107e-06,4.981805204806733e-06,3.1289098387787817e-06,2.6108567929838955e-07,0.0,1.7794531231629662e-05,1.2380989574012347e-05,5.182942459214246e-06,2.3059938314418105e-07,0.0
2909,adam,3.125e-05,8.25162379669564e-06,4.953218393666248e-06,3.028814305139349e-06,2.695911804906359e-07,0.0,1.8283844838151708e-05,1.3090351785649545e-05,4.9741106522560585e-06,2.193825707763608e-07,0.0
2910,adam,3.125e-05,8.743813708633752e-06,5.296677016985996e-06,3.1255549117759074e-06,3.215818660251557e-07,0.0,1.8910706785391085e-05,1.3916693205828778e-05,4.775844899995718e-06,2.1816846640376752e-07,0.0
2911,adam,3.125e-05,8.531822487611862e-06,5.119525440022699e-06,3.0525401513159522e-06,3.59757113876924e-07,0.0,1.8915225155069493e-05,1.414664711774094e-05,4.4422768041840754e-06,3.2630146051815245e-07,0.0
2912,adam,3.125e-05,8.721398700117788e-06,5.269683612141307e-06,3.122755103390773e-06,3.289600938316539e-07,0.0,1.8181885025114752e-05,1.3146614946890622e-05,4.803697720490163e-06,2.3157249984251393e-07,0.0
2913,adam,3.125e-05,8.323906484974941e-06,5.0362740466880496e-06,2.9948275397373436e-06,2.928048106198844e-07,0.0,1.8449996787239797e-05,1.3075615242996719e-05,5.0003613978333306e-06,3.740208569524839e-07,0.0
2914,adam,3.125e-05,8.34011939332413e-06,5.029619075003211e-06,3.033528969353938e-06,2.769713773886906e-07,0.0,1.9018372768186964e-05,1.4059271961741615e-05,4.680726760852849e-06,2.783746992918168e-07,0.0
2915,adam,3.125e-05,8.428338645671829e-06,5.1059028862709965e-06,3.0575173610714046e-06,2.6491830240615855e-07,0.0,1.875176531029865e-05,1.3683428733202163e-05,4.8102292566909455e-06,2.5810675197135424e-07,0.0
2916,adam,3.125e-05,8.267531313776999e-06,4.927854064362691e-06,3.067268266931933e-06,2.724089096517446e-07,0.0,1.9004757632501423e-05,1.3998365830047987e-05,4.575362709147157e-06,4.310300880661089e-07,0.0
2917,adam,3.125e-05,8.323722852310311e-06,4.998219196750142e-06,3.0811461755320124e-06,2.443574711463725e-07,0.0,1.7669190128799528e-05,1.2974371202290058e-05,4.5226352085592225e-06,1.7218420111930755e-07,0.0
2918,adam,3.125e-05,8.029621909599882e-06,4.869892194392378e-06,2.8811382719595713e-06,2.785913872926926e-07,0.0,1.851700471888762e-05,1.3362425306695513e-05,4.912524673272856e-06,2.420545683889941e-07,0.0
2919,adam,3.125e-05,8.620663265901385e-06,5.138415474448266e-06,3.0880183885528822e-06,3.9422939579480953e-07,0.0,1.8185564840678126e-05,1.2934654478158336e-05,4.8062279347504955e-06,4.446827972515166e-07,0.0
2920,adam,3.125e-05,8.568842247314024e-06,4.921097399801511e-06,3.1652678416094204e-06,4.824770609701545e-07,0.0,1.840969707700424e-05,1.3108675375406165e-05,4.630850071407622e-06,6.701719712509657e-07,0.0
2921,adam,3.125e-05,8.452784754808818e-06,4.973722155909854e-06,3.0749045407674203e-06,4.0415800395265933e-07,0.0,1.8559836462372914e-05,1.3727542864216957e-05,4.655007614928763e-06,1.7728514478676516e-07,0.0
2922,adam,3.125e-05,8.222684783731893e-06,5.002890844707508e-06,2.9651246507000906e-06,2.5466917641381315e-07,0.0,1.897249421745073e-05,1.3919460798206273e-05,4.776494733960135e-06,2.7653933898363903e-07,0.0
2923,adam,3.125e-05,8.14298732620955e-06,4.813908446976711e-06,3.062025285771597e-06,2.670535224069681e-07,0.0,1.781155697244685e-05,1.3113565728417598e-05,4.431346496858168e-06,2.666435818809987e-07,0.0
2924,adam,3.125e-05,8.341995481941922e-06,5.062731531779718e-06,3.0177124585861748e-06,2.6155150489870493e-07,0.0,1.784877895261161e-05,1.2645962669921573e-05,4.990872184862383e-06,2.1194503574406554e-07,0.0
2925,adam,3.125e-05,8.44422115164889e-06,4.909082946369381e-06,3.227188059895525e-06,3.0795011163320396e-07,0.0,1.8946215277537704e-05,1.43500274134567e-05,4.424799499247456e-06,1.713888195808977e-07,0.0
2926,adam,3.125e-05,8.52486328994928e-06,5.103451769628009e-06,3.0564003594690803e-06,3.6501111821962695e-07,0.0,1.80526876647491e-05,1.2861511095252354e-05,4.848318894801196e-06,3.428569357311062e-07,0.0
2927,adam,3.125e-05,8.389469428493612e-06,4.924141364881507e-06,3.192173203103721e-06,2.7315477524325615e-07,0.0,1.855287882790435e-05,1.3614494491775986e-05,4.645984063245123e-06,2.924011255345249e-07,0.0
2928,adam,3.125e-05,8.646161603564906e-06,5.1225211734617915e-06,3.2851095568275923e-06,2.385308084384974e-07,0.0,1.853222056524828e-05,1.3014187970838975e-05,5.273735496302834e-06,2.442982065531396e-07,0.0
2929,adam,3.125e-05,8.386470796040157e-06,5.0470574137762014e-06,3.035427042163974e-06,3.039864369114298e-07,0.0,1.8523975086282007e-05,1.3622027836390771e-05,4.69808674097294e-06,2.038597131104325e-07,0.0
2930,adam,3.125e-05,8.394754445362196e-06,4.941816428072343e-06,3.136354266075614e-06,3.165837565433094e-07,0.0,1.934390456881374e-05,1.4437093341257423e-05,4.5632491492142435e-06,3.4356105516053503e-07,0.0
2931,adam,3.125e-05,8.320610561440844e-06,5.041142173922708e-06,2.9975376492075156e-06,2.8193065304549236e-07,0.0,1.8055865439237095e-05,1.3248859431769233e-05,4.548454398900503e-06,2.585504716989817e-07,0.0
2932,adam,3.125e-05,8.281438567792065e-06,5.00502540035086e-06,2.9249302428979718e-06,3.5148290855602227e-07,0.0,1.813647941162344e-05,1.3022548955632374e-05,4.949915364704793e-06,1.6401452285208507e-07,0.0
2933,adam,3.125e-05,8.182392065236854e-06,4.9163022595166694e-06,2.9940872465772372e-06,2.720025378266655e-07,0.0,1.777364559529815e-05,1.29754698718898e-05,4.625492238119477e-06,1.7268453689212038e-07,0.0
2934,adam,3.125e-05,8.156382307333843e-06,4.899956422832474e-06,2.9564382089120045e-06,2.9998762851590755e-07,0.0,1.8188175090472214e-05,1.3012350791541394e-05,4.8660990614735056e-06,3.0972518061389565e-07,0.0
2935,adam,3.125e-05,8.26780569695984e-06,5.103285218410747e-06,2.900171693909215e-06,2.6434873490188693e-07,0.0,1.7679796656011604e-05,1.2544869605335407e-05,4.941435690852813e-06,1.9349177193817013e-07,0.0
2936,adam,3.125e-05,8.487680673852083e-06,5.118730882713862e-06,3.026997461574865e-06,3.419523251224632e-07,0.0,1.945238545886241e-05,1.440319829271175e-05,4.629603608918842e-06,4.195830172193382e-07,0.0
2937,adam,3.125e-05,8.373101849201703e-06,5.066682234655673e-06,2.9730062323096718e-06,3.334132232524212e-07,0.0,1.823694765334949e-05,1.239197990798857e-05,5.401659109338652e-06,4.433097444689338e-07,0.0
2938,adam,3.125e-05,8.349283092456972e-06,4.854490612160589e-06,3.2021585951724774e-06,2.926339117692578e-07,0.0,1.8149414245272055e-05,1.3139581824361812e-05,4.662225364882033e-06,3.4760651601573045e-07,0.0
2939,adam,3.125e-05,8.331445997100673e-06,5.164367337329168e-06,2.885721613665737e-06,2.8135701413134484e-07,0.0,1.847768908191938e-05,1.2847525795223191e-05,5.221512310527032e-06,4.086505782652239e-07,0.0
2940,adam,3.125e-05,8.853561638488827e-06,4.955443614562682e-06,3.430759377920367e-06,4.673585882741804e-07,0.0,1.8604519937071018e-05,1.3577504432760179e-05,4.659010301111266e-06,3.68004748452222e-07,0.0
2941,adam,3.125e-05,8.705007843445856e-06,5.017965065690078e-06,3.0884877588732706e-06,5.985551467801997e-07,0.0,1.890357816591859e-05,1.3171624232199974e-05,4.763846391142579e-06,9.681076562628732e-07,0.0
2942,adam,3.125e-05,8.684650993018295e-06,4.982107327577978e-06,3.0904527363873058e-06,6.120908082607457e-07,0.0,1.7015065168379806e-05,1.1755632840504404e-05,4.8905912990449e-06,3.688421656988794e-07,0.0
2943,adam,3.125e-05,8.49705816108326e-06,4.942939995089546e-06,3.0864960933740804e-06,4.676221312394091e-07,0.0,1.864125079009682e-05,1.3776508239971008e-05,4.501720923144603e-06,3.63020433269412e-07,0.0
2944,adam,3.125e-05,8.305849036105428e-06,4.995082747427659e-06,3.0154104138091498e-06,2.9535579493256137e-07,0.0,1.9295055608381517e-05,1.3954460882814601e-05,4.894939593214076e-06,4.456546207620704e-07,0.0
2945,adam,3.125e-05,8.314764841088618e-06,4.9578428047425405e-06,3.0206598893300907e-06,3.3626219586579964e-07,0.0,1.8284479665453546e-05,1.3066034625808243e-05,4.853727659792639e-06,3.6471638509283366e-07,0.0
2946,adam,3.125e-05,8.329516930416503e-06,4.953245564820463e-06,3.0398356685168437e-06,3.3643567043384337e-07,0.0,1.824580795073416e-05,1.2921146662847605e-05,4.839842858928023e-06,4.848184289585333e-07,0.0
2947,adam,3.125e-05,8.292769081208462e-06,4.911654968964285e-06,3.0595685274192874e-06,3.215456843008724e-07,0.0,1.80127772182459e-05,1.2691732081293594e-05,5.034660262026591e-06,2.863858696855459e-07,0.0
2948,adam,3.125e-05,8.633454228856863e-06,4.933556084552038e-06,3.3690086809201603e-06,3.308895291098679e-07,0.0,1.835438160924241e-05,1.3116822628944647e-05,5.038301424065139e-06,1.9925775518458977e-07,0.0
2949,adam,3.125e-05,8.411241964267901e-06,5.040782866672089e-06,3.053016342846604e-06,3.1744272099842874e-07,0.0,1.9539929780876264e-05,1.4626798474637326e-05,4.722681751445634e-06,1.9045039323373203e-07,0.0
2950,adam,3.125e-05,8.215645067366495e-06,4.973602415248024e-06,2.9895626028064726e-06,2.524800137848615e-07,0.0,1.9024329958483577e-05,1.4039695997780655e-05,4.722403446066892e-06,2.622312251787662e-07,0.0
2951,adam,3.125e-05,8.664362098897982e-06,5.2159194297018985e-06,3.0384349685164125e-06,4.1000778239208557e-07,0.0,1.955908737727441e-05,1.4419989383895881e-05,4.837038886762457e-06,3.020597603153874e-07,0.0
2952,adam,3.125e-05,8.745556414169187e-06,5.078609262909595e-06,3.2626504378185928e-06,4.042967960415922e-07,0.0,1.807703301892616e-05,1.3410089195531327e-05,4.42274949818966e-06,2.441930462282471e-07,0.0
2953,adam,3.125e-05,9.100765055336524e-06,5.136851228826345e-06,3.272327489867166e-06,6.915863473011541e-07,0.0,1.859536860138178e-05,1.3177699656807818e-05,5.081892140879063e-06,3.357766615863511e-07,0.0
2954,adam,3.125e-05,8.570441735855638e-06,5.015368060412584e-06,3.089541039003052e-06,4.655326080182931e-07,0.0,1.8394361177342944e-05,1.372114184050588e-05,4.452827397471992e-06,2.2039222358216648e-07,0.0
2955,adam,3.125e-05,8.118897767417366e-06,4.9225250222662e-06,2.9320346328631786e-06,2.643379177769134e-07,0.0,1.7922175175044686e-05,1.2641829016502015e-05,5.034866262576543e-06,2.4547944121877663e-07,0.0
2956,adam,3.125e-05,8.203634024539497e-06,4.9542937574642565e-06,2.919186712802002e-06,3.3015337486119734e-07,0.0,1.7811409634305164e-05,1.2453506315068807e-05,5.161244644114049e-06,1.9665779404931527e-07,0.0
2957,adam,3.125e-05,8.109913579801287e-06,4.763863159951143e-06,3.0570396063467342e-06,2.890109165321064e-07,0.0,1.859046460594982e-05,1.39333760671434e-05,4.4328480726107955e-06,2.2424096357553935e-07,0.0
2958,adam,3.125e-05,7.924263599079495e-06,4.780010613103514e-06,2.876001985896437e-06,2.6825102850125404e-07,0.0,1.761809289746452e-05,1.2683848581218626e-05,4.635734967450844e-06,2.985094056384696e-07,0.0
2959,adam,3.125e-05,7.93742196947278e-06,4.760787888358209e-06,2.9562608148125946e-06,2.2037331248725422e-07,0.0,1.8711270968196914e-05,1.3908001164963935e-05,4.543642717180774e-06,2.5962853555938636e-07,0.0
2960,adam,3.125e-05,8.151347827833888e-06,4.887352986315818e-06,2.9073484881791956e-06,3.566463941950815e-07,0.0,1.8626453311298974e-05,1.3717840374738444e-05,4.664172593038529e-06,2.444406561608048e-07,0.0
2961,adam,3.125e-05,8.252545967479819e-06,5.004830029520235e-06,2.924742517507184e-06,3.229735208165607e-07,0.0,1.8476286641089246e-05,1.3221771041571628e-05,4.9905324885912705e-06,2.6398245722702995e-07,0.0
2962,adam,3.125e-05,8.339047866456895e-06,4.859211259145013e-06,3.1188555595917933e-06,3.6098097400127926e-07,0.0,1.90529663086636e-05,1.3825260793964844e-05,4.609520601661643e-06,6.181847993502743e-07,0.0
2963,adam,3.125e-05,8.128660709871838e-06,4.931612295422383e-06,2.927986784584391e-06,2.6906157923889396e-07,0.0,1.8184349755756557e-05,1.3354216207517311e-05,4.511677161644911e-06,3.184550507739914e-07,0.0
2964,adam,3.125e-05,8.217402552190833e-06,4.917006862115159e-06,3.0021482331221705e-06,2.982474933688195e-07,0.0,1.780140883056447e-05,1.2635066013899632e-05,4.926166184304748e-06,2.4017504074436147e-07,0.0
2965,adam,3.125e-05,8.387566168721605e-06,5.014550538362528e-06,3.0228512386543116e-06,3.501642611425382e-07,0.0,1.8635850210557692e-05,1.2893454368168022e-05,5.1200045163568575e-06,6.223911555025552e-07,0.0
2966,adam,3.125e-05,8.512756778600306e-06,4.801935745035735e-06,3.188427086797674e-06,5.223939751886064e-07,0.0,1.9303621229482815e-05,1.4429802831728011e-05,4.323753273638431e-06,5.500659199242364e-07,0.0
2967,adam,3.125e-05,8.3050376247229e-06,4.945641023823555e-06,2.966640934687348e-06,3.927557266081294e-07,0.0,1.892089312605094e-05,1.3055603631073609e-05,4.845173407375114e-06,1.0201171107837581e-06,0.0
2968,adam,3.125e-05,8.460026094780915e-06,5.080478587160542e-06,2.9756209869447048e-06,4.0392655265009125e-07,0.0,1.808942215575371e-05,1.2787872947228607e-05,5.031466571381316e-06,2.700816992273758e-07,0.0
2969,adam,3.125e-05,8.474479841424909e-06,5.014000578285049e-06,3.0844457228340616e-06,3.7603356162208e-07,0.0,1.7336857126792893e-05,1.2387695278448518e-05,4.790243110619485e-06,1.589186808814702e-07,0.0
2970,adam,3.125e-05,8.309685512131182e-06,4.885117874664502e-06,3.129675050672631e-06,2.9489270936267076e-07,0.0,1.873195287771523e-05,1.380886897095479e-05,4.703146259998903e-06,2.1993828624999878e-07,0.0
2971,adam,3.125e-05,8.243958887987901e-06,4.948840540919264e-06,2.961634123721524e-06,3.334841647273379e-07,0.0,1.8106973584508523e-05,1.31308543132036e-05,4.685358362621628e-06,2.907611929003906e-07,0.0
2972,adam,3.125e-05,8.301911435637521e-06,4.937270716709463e-06,3.055345089819639e-06,3.0929570193904965e-07,0.0,1.772019277268555e-05,1.2323619557719212e-05,5.111638529342599e-06,2.849357088052784e-07,0.0
2973,adam,3.125e-05,8.048525245385463e-06,4.785338617807611e-06,2.9691539111809107e-06,2.9403280432660495e-07,0.0,1.901905307022389e-05,1.3655216207553167e-05,5.0138637561758514e-06,3.499732770251285e-07,0.0
2974,adam,3.125e-05,8.30257164352588e-06,4.907028340994657e-06,3.0793272003393213e-06,3.1621589346997325e-07,0.0,1.7603648302610964e-05,1.2610453268280253e-05,4.728639851236949e-06,2.645555241542752e-07,0.0
2975,adam,3.125e-05,8.028955704730834e-06,4.827346202773697e-06,2.905849626699819e-06,2.957598974617781e-07,0.0,1.79222333827056e-05,1.3320407560968306e-05,4.4502312448457815e-06,1.5159481847604184e-07,0.0
2976,adam,3.125e-05,7.985440646507413e-06,4.944066034795469e-06,2.802555002290319e-06,2.388195969871276e-07,0.0,1.8369872123003006e-05,1.324169625149807e-05,4.910704774374608e-06,2.1747186451648304e-07,0.0
2977,adam,3.125e-05,8.252447742052027e-06,4.838451530986276e-06,3.0566878734816783e-06,3.573082691943341e-07,0.0,1.8949105651699938e-05,1.4008979633217677e-05,4.444640126166632e-06,4.954846417604131e-07,0.0
2978,adam,3.125e-05,8.423516590028157e-06,5.043694727646653e-06,3.0997835409607433e-06,2.800383231971182e-07,0.0,1.8466427718522027e-05,1.2428701666067354e-05,5.82781922275899e-06,2.099086202633771e-07,0.0
2979,adam,3.125e-05,8.469883852058047e-06,5.0057371652201255e-06,3.13947083441235e-06,3.246758080166501e-07,0.0,1.8807857486535795e-05,1.3050121197011322e-05,4.7814551180636045e-06,9.762813988345442e-07,0.0
2980,adam,3.125e-05,8.482155237743427e-06,4.871024913200017e-06,3.080111113717976e-06,5.310191539820153e-07,0.0,1.8347993318457156e-05,1.3238494830147829e-05,4.796455868927296e-06,3.130426762254501e-07,0.0
2981,adam,3.125e-05,8.484774497219405e-06,5.1274856218697096e-06,2.988716417462456e-06,3.6857240282017756e-07,0.0,1.974605220311787e-05,1.3964153367851395e-05,5.3488483899855055e-06,4.3304962105139566e-07,0.0
2982,adam,3.125e-05,8.417599133281328e-06,5.025960703619603e-06,3.0817277405503773e-06,3.099106899995263e-07,0.0,1.9087483451585285e-05,1.3968736311653629e-05,4.583573172567412e-06,5.35173228399799e-07,0.0
2983,adam,3.125e-05,8.333875371135946e-06,5.049202371765205e-06,2.997657034597978e-06,2.8701593723923224e-07,0.0,1.7734108041622676e-05,1.297390554100275e-05,4.550275662040804e-06,2.0992858651425195e-07,0.0
2984,adam,3.125e-05,8.28486432169484e-06,4.8993928203344694e-06,3.06188665888385e-06,3.235850698501963e-07,0.0,1.8459159036865458e-05,1.2813929970434401e-05,5.361361672839848e-06,2.8386708095240465e-07,0.0
2985,adam,3.125e-05,8.098194058447916e-06,4.806349821251388e-06,2.964931702820195e-06,3.269125805616113e-07,0.0,1.8170892872149125e-05,1.3163036783225834e-05,4.710273969976697e-06,2.975830000195856e-07,0.0
2986,adam,3.125e-05,8.019396290137593e-06,4.931057731027977e-06,2.827051964970906e-06,2.6128658614510414e-07,0.0,1.8888687918661162e-05,1.29683394334279e-05,5.605421847576508e-06,3.149279734770971e-07,0.0
2987,adam,3.125e-05,8.2987893392783e-06,4.996201795393063e-06,3.042301699451855e-06,2.602859741074326e-07,0.0,1.876465103123337e-05,1.3903260878578294e-05,4.490355422603898e-06,3.710330815920315e-07,0.0
2988,adam,3.125e-05,8.218093398681958e-06,4.817815977276041e-06,2.9899797908683468e-06,4.102977868569724e-07,0.0,1.8429866031510755e-05,1.3775748811895028e-05,4.4791936488763895e-06,1.7492286019660241e-07,0.0
2989,adam,3.125e-05,8.261372443030268e-06,5.0122338848268555e-06,2.9299068984300902e-06,3.192317121758492e-07,0.0,1.9013778000953607e-05,1.376273576170206e-05,4.840289420826593e-06,4.1075375634136435e-07,0.0
2990,adam,3.125e-05,8.271774959212053e-06,4.8475679363946256e-06,3.0259867713766653e-06,3.9822029407332593e-07,0.0,1.8322303731110878e-05,1.3989348190079909e-05,4.151779648964293e-06,1.811769436699251e-07,0.0
2991,adam,3.125e-05,8.22997805016712e-06,5.015705397681813e-06,2.9660935325637183e-06,2.4817914567876187e-07,0.0,1.7960914192372002e-05,1.3395073438005056e-05,4.370100214146078e-06,1.957391049245416e-07,0.0
2992,adam,3.125e-05,8.195138178734851e-06,4.980326423265069e-06,2.961858257322092e-06,2.5295343952791427e-07,0.0,1.842932033468969e-05,1.3526220755011309e-05,4.644317868951475e-06,2.5878225073938665e-07,0.0
2993,adam,3.125e-05,9.00537025927406e-06,4.9648596132101375e-06,3.6880436908859338e-06,3.524670955101783e-07,0.0,1.7282296539633535e-05,1.2548885024443734e-05,4.567431460600346e-06,1.6598094987330114e-07,0.0
2994,adam,3.125e-05,8.168314735712556e-06,4.883873444327946e-06,3.0415910714509664e-06,2.428501462148347e-07,0.0,1.8302227545063943e-05,1.3352057976590004e-05,4.6560803639295045e-06,2.9408801083263825e-07,0.0
2995,adam,3.125e-05,8.03334637566877e-06,4.7683599291303835e-06,3.0062411298104053e-06,2.5874535758418915e-07,0.0,1.8253602320328355e-05,1.3616395335702691e-05,4.298316071071895e-06,3.3889071460180276e-07,0.0
2996,adam,3.125e-05,7.959294009651785e-06,4.751481270659497e-06,3.005218673024501e-06,2.0259394339916525e-07,0.0,1.840369623096194e-05,1.38735103973886e-05,4.322351287555648e-06,2.078347733913688e-07,0.0
2997,adam,3.125e-05,8.081989307129334e-06,4.904973479824548e-06,2.9433494574959695e-06,2.3366621260123566e-07,0.0,1.832460839068517e-05,1.3530349860957358e-05,4.588441242958652e-06,2.0581680360010068e-07,0.0
2998,adam,3.125e-05,8.27948235837539e-06,5.158329116738969e-06,2.8035555885708163e-06,3.175976219793597e-07,0.0,1.8449476556270383e-05,1.3407128790277056e-05,4.760708179674111e-06,2.8163924525870243e-07,0.0
2999,adam,3.125e-05,8.10904066383955e-06,4.87778272884043e-06,2.9408107593553723e-06,2.90447311535047e-07,0.0,1.874017107184045e-05,1.3649388165504206e-05,4.835297204408562e-06,2.5548615667503327e-07,0.0
3000,adam,1.5625e-05,8.241548471232818e-06,4.817588035166409e-06,3.033038588284853e-06,3.9092185843969673e-07,0.0,1.8343165720580146e-05,1.2880824215244502e-05,5.08471703142277e-06,3.776237917918479e-07,0.0
3001,adam,1.5625e-05,7.833729199546724e-06,4.6074177220134516e-06,2.98107683249782e-06,2.4523469033255196e-07,0.0,1.7822618247009814e-05,1.3335465155250859e-05,4.338519374869065e-06,1.486329495037353e-07,0.0
3002,adam,1.5625e-05,7.667206887163047e-06,4.680878575413772e-06,2.797786805786018e-06,1.8854137273649485e-07,0.0,1.758291728037875e-05,1.2627974683709908e-05,4.746610102301929e-06,2.0833194014358014e-07,0.0
3003,adam,1.5625e-05,7.703227396405055e-06,4.677918070683518e-06,2.850548298738431e-06,1.747611584335118e-07,0.0,1.813242670323234e-05,1.3495346138370223e-05,4.4728490138368215e-06,1.6423038573520898e-07,0.0
3004,adam,1.5625e-05,7.606902755696865e-06,4.649462269412652e-06,2.753096381979958e-06,2.0434403502633813e-07,0.0,1.794015770428814e-05,1.3210472388891503e-05,4.529890702542616e-06,1.997950249688074e-07,0.0
3005,adam,1.5625e-05,7.449022973560204e-06,4.494221826689682e-06,2.776858465836085e-06,1.7794278406313424e-07,0.0,1.7851996744866483e-05,1.333627096755663e-05,4.381368398753693e-06,1.3435725065846782e-07,0.0
3006,adam,1.5625e-05,7.445781392334538e-06,4.539552847404593e-06,2.7481733937406716e-06,1.5805511122124472e-07,0.0,1.7838890926213935e-05,1.3325886357051786e-05,4.332638582127402e-06,1.8036590176961909e-07,0.0
3007,adam,1.5625e-05,7.534095459504897e-06,4.671805498901449e-06,2.7011981984514932e-06,1.6109178524459367e-07,0.0,1.7549496988067403e-05,1.282109587918967e-05,4.575815182761289e-06,1.5258578400789702e-07,0.0
3008,adam,1.5625e-05,7.6050837094499e-06,4.530058703267059e-06,2.884246526946299e-06,1.9077843571579933e-07,0.0,1.781805076461751e-05,1.3270750969240908e-05,4.382523911772296e-06,1.647767930990085e-07,0.0
3009,adam,1.5625e-05,7.53118973761957e-06,4.612677130921838e-06,2.732723594078834e-06,1.8578896732179828e-07,0.0,1.7901558749144897e-05,1.3277273865242023e-05,4.4727530621457845e-06,1.5153203491991007e-07,0.0
3010,adam,1.5625e-05,7.50130931237436e-06,4.49229010257568e-06,2.847216464374469e-06,1.6180273210153473e-07,0.0,1.764100306900218e-05,1.3219299944466911e-05,4.272569185559405e-06,1.4913356949364243e-07,0.0
3011,adam,1.5625e-05,7.522578641783184e-06,4.604325567925116e-06,2.755199531634389e-06,1.630535217955753e-07,0.0,1.7811054931371473e-05,1.3357882380660158e-05,4.280418579583056e-06,1.727548522012512e-07,0.0
3012,adam,1.5625e-05,7.519294399571663e-06,4.572784916945238e-06,2.7852327377786423e-06,1.6127679902666614e-07,0.0,1.762165265972726e-05,1.3110333384247497e-05,4.36984510088223e-06,1.4147421723009757e-07,0.0
3013,adam,1.5625e-05,7.520763460888702e-06,4.516411962640632e-06,2.822245939171353e-06,1.8210559282749728e-07,0.0,1.776879253156949e-05,1.3143153410055675e-05,4.3938880480709486e-06,2.3175221031124238e-07,0.0
3014,adam,1.5625e-05,7.504136277702855e-06,4.540261755892061e-06,2.7645576565760166e-06,1.993168039504667e-07,0.0,1.770650669641327e-05,1.308791252085939e-05,4.43796989202383e-06,1.8062425510834146e-07,0.0
3015,adam,1.5625e-05,7.512827806976929e-06,4.579891850653439e-06,2.7618642377547076e-06,1.7107165461993645e-07,0.0,1.8100388842867687e-05,1.3608406334242318e-05,4.35847687185742e-06,1.335060915153008e-07,0.0
3016,adam,1.5625e-05,7.433977344817322e-06,4.544751035950867e-06,2.7218522049565763e-06,1.6737413854883698e-07,0.0,1.756167330313474e-05,1.3026923625147901e-05,4.394330971990712e-06,1.4041879126125423e-07,0.0
3017,adam,1.5625e-05,7.51855057501416e-06,4.617310395360619e-06,2.739199999268749e-06,1.6204023545185464e-07,0.0,1.7953292626771145e-05,1.3391268112172838e-05,4.394390998641029e-06,1.676319527632586e-07,0.0
3018,adam,1.5625e-05,7.5239073566990555e-06,4.6094006194152826e-06,2.7336401302591185e-06,1.8086650843684993e-07,0.0,1.8048700439976528e-05,1.355737003905233e-05,4.311168595449999e-06,1.801619475827465e-07,0.0
3019,adam,1.5625e-05,7.40758937922692e-06,4.442816106120517e-06,2.8103302867066304e-06,1.544430601185809e-07,0.0,1.801838880055584e-05,1.3666950508195441e-05,4.2104693420697e-06,1.4096769973548362e-07,0.0
3020,adam,1.5625e-05,7.474305050436669e-06,4.612547797933075e-06,2.6991214383542683e-06,1.6263573510144624e-07,0.0,1.7685666534816846e-05,1.3116760783304926e-05,4.400411398819415e-06,1.6849419637310348e-07,0.0
3021,adam,1.5625e-05,7.4898028117331705e-06,4.539302835837589e-06,2.7831618041318507e-06,1.6733819663272698e-07,0.0,1.783494917617645e-05,1.3192935512051918e-05,4.43649787484901e-06,2.0551574664295913e-07,0.0
3022,adam,1.5625e-05,7.511382079883333e-06,4.628802813044786e-06,2.718344205732137e-06,1.6423512771979176e-07,0.0,1.7877437130664475e-05,1.3134834262018558e-05,4.584173893817933e-06,1.5842918799080508e-07,0.0
3023,adam,1.5625e-05,7.515592216122968e-06,4.536587098868949e-06,2.790316614209587e-06,1.886883973511999e-07,0.0,1.772340328898281e-05,1.3184646377339959e-05,4.376346169010503e-06,1.6241094158431224e-07,0.0
3024,adam,1.5625e-05,7.490773072049706e-06,4.569554477029669e-06,2.750431001175002e-06,1.7078755298882697e-07,0.0,1.7388394553563558e-05,1.2647463336179499e-05,4.5959404815221205e-06,1.449897553129631e-07,0.0
3025,adam,1.5625e-05,7.474675527419095e-06,4.47210712195556e-06,2.8315684232893545e-06,1.709999404297946e-07,0.0,1.7708513041725382e-05,1.3267306712805294e-05,4.282886493456317e-06,1.583196507226603e-07,0.0
3026,adam,1.5625e-05,7.595318948006025e-06,4.573397703211413e-06,2.8382200270016256e-06,1.8370124443833902e-07,0.0,1.822776539484039e-05,1.3465531992551405e-05,4.604838522936916e-06,1.5739581726847973e-07,0.0
3027,adam,1.5625e-05,7.640733059588456e-06,4.607779757748176e-06,2.8753902228118022e-06,1.5756299198699253e-07,0.0,1.7755528460838832e-05,1.306409376411466e-05,4.5285869418876246e-06,1.6284948856082337e-07,0.0
3028,adam,1.5625e-05,7.5718860443885205e-06,4.5738441940557095e-06,2.805264571748012e-06,1.9277733542821807e-07,0.0,1.7934871721081436e-05,1.3406056496023666e-05,4.35100810136646e-06,1.7780625682917162e-07,0.0
3029,adam,1.5625e-05,7.56743219199052e-06,4.594796109813615e-06,2.771902998688347e-06,2.0073300621703538e-07,0.0,1.8167087546316907e-05,1.3564884284278378e-05,4.384073690744117e-06,2.1813045236740436e-07,0.0
3030,adam,1.5625e-05,7.743915716673655e-06,4.752711191713388e-06,2.7851707926629388e-06,2.0603376782446503e-07,0.0,1.757757672748994e-05,1.289985993935261e-05,4.506643563217949e-06,1.7107488758938416e-07,0.0
3031,adam,1.5625e-05,7.636670488864183e-06,4.601026674322384e-06,2.8680886856591314e-06,1.675552097069044e-07,0.0,1.758975486154668e-05,1.2950571544934064e-05,4.457468094187789e-06,1.8171486715345964e-07,0.0
3032,adam,1.5625e-05,7.681813798399162e-06,4.677804582797762e-06,2.7787809884216585e-06,2.2522815257275397e-07,0.0,1.7585951354703866e-05,1.3079826203465927e-05,4.339346105552977e-06,1.667801541316294e-07,0.0
3033,adam,1.5625e-05,7.679746232724938e-06,4.705155674855632e-06,2.782644799026457e-06,1.919457055521434e-07,0.0,1.7782753275241703e-05,1.3031253729423042e-05,4.566959432850126e-06,1.8454072403528698e-07,0.0
3034,adam,1.5625e-05,7.70891202250823e-06,4.657967565435683e-06,2.859639224084276e-06,1.9130512374232467e-07,0.0,1.837559466366656e-05,1.3629709428641945e-05,4.5435708670993336e-06,2.023146805640863e-07,0.0
3035,adam,1.5625e-05,7.643464499551555e-06,4.602585818247462e-06,2.8570019878770836e-06,1.8387662592544984e-07,0.0,1.7804915842134506e-05,1.3245724403532222e-05,4.4011339923599735e-06,1.5805670727786492e-07,0.0
3036,adam,1.5625e-05,7.789787019873984e-06,4.694323791909483e-06,2.893649423185707e-06,2.018138687276405e-07,0.0,1.769750815583393e-05,1.3002046216570307e-05,4.485406861931551e-06,2.10055773663953e-07,0.0
3037,adam,1.5625e-05,7.536661399853983e-06,4.5413820402018246e-06,2.810362644822817e-06,1.8491669795395183e-07,0.0,1.836535921029281e-05,1.4021302376931999e-05,4.148821517446777e-06,1.952366375235215e-07,0.0
3038,adam,1.5625e-05,7.5077871031226096e-06,4.625654867140838e-06,2.7059207923230133e-06,1.7621140546708602e-07,0.0,1.7710113752400503e-05,1.3180515452404507e-05,4.3678546717274e-06,1.617438414314165e-07,0.0
3039,adam,1.5625e-05,7.5471552918315865e-06,4.593484192128017e-06,2.7715751542700673e-06,1.8209602092866817e-07,0.0,1.7472764739068225e-05,1.2869174497609492e-05,4.460120635485509e-06,1.4346900911732519e-07,0.0
3040,adam,1.5625e-05,7.430046906620191e-06,4.494347550121347e-06,2.7673402911432277e-06,1.683591772660975e-07,0.0,1.7560312699060887e-05,1.3053430848231073e-05,4.361186256574001e-06,1.4569555162324832e-07,0.0
3041,adam,1.5625e-05,7.5320743633255915e-06,4.623072712206522e-06,2.7288466384334242e-06,1.801550633118154e-07,0.0,1.8147782611777075e-05,1.3426237273961306e-05,4.568343229038874e-06,1.5320242141569906e-07,0.0
3042,adam,1.5625e-05,7.500870822241268e-06,4.4843064017641154e-06,2.8467477477533976e-06,1.6981672334992481e-07,0.0,1.7351114365737885e-05,1.2938941836182494e-05,4.253287443134468e-06,1.5888494431237632e-07,0.0
3043,adam,1.5625e-05,7.575267545689712e-06,4.68323258928649e-06,2.7208983581772372e-06,1.7113655381706394e-07,0.0,1.7929833120433614e-05,1.2937803148815874e-05,4.782527867064346e-06,2.0950167822775256e-07,0.0
3044,adam,1.5625e-05,7.548765665887913e-06,4.565421050983787e-06,2.8007554107034593e-06,1.8258918554892034e-07,0.0,1.7680926248431206e-05,1.321693980571581e-05,4.327515398472315e-06,1.3647060370658437e-07,0.0
3045,adam,1.5625e-05,7.5459544461864425e-06,4.609175846326252e-06,2.747157722637894e-06,1.8962090297947043e-07,0.0,1.7684506019577384e-05,1.3156683053239249e-05,4.358500973467017e-06,1.69322078136247e-07,0.0
3046,adam,1.5625e-05,7.699808548977671e-06,4.619663130256413e-06,2.861683455535058e-06,2.18461936540848e-07,0.0,1.780191269062925e-05,1.3336862139112782e-05,4.2554202082101256e-06,2.0962927749224036e-07,0.0
3047,adam,1.5625e-05,7.77235979398938e-06,4.715663862953079e-06,2.849625190037841e-06,2.0707068415504182e-07,0.0,1.8244358216179535e-05,1.3453467545332387e-05,4.625330802809913e-06,1.6556003856749157e-07,0.0
3048,adam,1.5625e-05,7.615031478280798e-06,4.620287626266872e-06,2.7848709365230206e-06,2.0987289417462307e-07,0.0,1.7655296687735245e-05,1.304755005548941e-05,4.434348738868721e-06,1.7339729652121605e-07,0.0
3049,adam,1.5625e-05,7.5479722738691635e-06,4.5318315642361995e-06,2.8371752591738186e-06,1.7896542736650645e-07,0.0,1.822413287300151e-05,1.3521454093279317e-05,4.51955065727816e-06,1.8312849192625436e-07,0.0
3050,adam,1.5625e-05,7.812522568428903e-06,4.631725275316967e-06,2.986662885007263e-06,1.9413439655835418e-07,0.0,1.7817172192735597e-05,1.3315266187419184e-05,4.362225809018128e-06,1.3968011103315803e-07,0.0
3051,adam,1.5625e-05,7.5312184151243855e-06,4.609132815858175e-06,2.7516967833207673e-06,1.703889491722066e-07,0.0,1.7676442439551465e-05,1.3065244274912402e-05,4.44979423264158e-06,1.6140518255269853e-07,0.0
3052,adam,1.5625e-05,7.40929337439411e-06,4.57392948760571e-06,2.6838775966098183e-06,1.514862750795487e-07,0.0,1.760244049364701e-05,1.2815679838240612e-05,4.604533842211822e-06,1.822260742301296e-07,0.0
3053,adam,1.5625e-05,7.4576556698957575e-06,4.49743683361703e-06,2.7630439944914542e-06,1.971749101770115e-07,0.0,1.7857528291642666e-05,1.332654028374236e-05,4.34842240792932e-06,1.8256548628414748e-07,0.0
3054,adam,1.5625e-05,7.514965858490541e-06,4.578452006853695e-06,2.7730988847451954e-06,1.6341501618555299e-07,0.0,1.758423059072811e-05,1.2931345736433286e-05,4.504265234572813e-06,1.4862129660286882e-07,0.0
3055,adam,1.5625e-05,7.532967515544442e-06,4.591986495938727e-06,2.7901780086381223e-06,1.508030669228333e-07,0.0,1.8037946574622765e-05,1.343503754469566e-05,4.430317403603112e-06,1.7259189633023198e-07,0.0
3056,adam,1.5625e-05,7.679836812712892e-06,4.652346774491889e-06,2.844862976303375e-06,1.8262718803896405e-07,0.0,1.7781630958779715e-05,1.3188708180678077e-05,4.4452326619648375e-06,1.4768949085919303e-07,0.0
3057,adam,1.5625e-05,7.684929698825727e-06,4.607963205671695e-06,2.9013808742206493e-06,1.7558555942542853e-07,0.0,1.8548726075096056e-05,1.3630058674607426e-05,4.730351520265685e-06,1.883169602479029e-07,0.0
3058,adam,1.5625e-05,7.633358876546481e-06,4.591158614175583e-06,2.8245862466746985e-06,2.176139339837846e-07,0.0,1.7776023014448583e-05,1.3095544090901967e-05,4.44161742052529e-06,2.3886201461209566e-07,0.0
3059,adam,1.5625e-05,7.427267036064222e-06,4.5338957477270014e-06,2.7151071151365613e-06,1.7826419540512006e-07,0.0,1.8109414668288082e-05,1.3171859791327734e-05,4.736564278573496e-06,2.009918347312123e-07,0.0
3060,adam,1.5625e-05,7.646081229495394e-06,4.509205098202074e-06,2.9044588174542696e-06,2.3241737601154e-07,0.0,1.7711390682961792e-05,1.323280139331473e-05,4.29388637712691e-06,1.8470350937604962e-07,0.0
3061,adam,1.5625e-05,7.582291203789282e-06,4.56435157047963e-06,2.817405146515739e-06,2.005344716948798e-07,0.0,1.7950533219845966e-05,1.3237597158877179e-05,4.5718124965787865e-06,1.4112430335444515e-07,0.0
3062,adam,1.5625e-05,7.575276924853824e-06,4.603794295121588e-06,2.7947057077426507e-06,1.7677687669248598e-07,0.0,1.8003149307332933e-05,1.3120889889250975e-05,4.728985913970973e-06,1.532743425514127e-07,0.0
3063,adam,1.5625e-05,7.58583058768636e-06,4.58953857673805e-06,2.8215635907713477e-06,1.7472840596610695e-07,0.0,1.7954200302483514e-05,1.3319201570993755e-05,4.489529146667337e-06,1.4546961324413132e-07,0.0
3064,adam,1.5625e-05,7.469166632745328e-06,4.540320844625967e-06,2.7631900820779265e-06,1.656556243290197e-07,0.0,1.7855305486591533e-05,1.33093235490378e-05,4.3887816900678445e-06,1.5720000590135896e-07,0.0
3065,adam,1.5625e-05,7.493469922792428e-06,4.55720220315925e-06,2.762112814025386e-06,1.7415478481552782e-07,0.0,1.7524780560052022e-05,1.2934642654727213e-05,4.411214831634425e-06,1.7892395476337697e-07,0.0
3066,adam,1.5625e-05,7.507531250894317e-06,4.600361364737182e-06,2.7294476581118943e-06,1.77722163208216e-07,0.0,1.8036880646832287e-05,1.3422650226857513e-05,4.411927875480615e-06,2.0230207553595392e-07,0.0
3067,adam,1.5625e-05,7.517420840486011e-06,4.581574884809925e-06,2.733361071705076e-06,2.0248491772179023e-07,0.0,1.7515490981168114e-05,1.2936598068336025e-05,4.367318069853354e-06,2.115763066967702e-07,0.0
3068,adam,1.5625e-05,7.52012985572037e-06,4.53782404008507e-06,2.802795009415604e-06,1.795106099322652e-07,0.0,1.7837362975114956e-05,1.3270799172460102e-05,4.3983700379612856e-06,1.681945178688693e-07,0.0
3069,adam,1.5625e-05,7.529201354827819e-06,4.620133509547486e-06,2.716617302667146e-06,1.9245042093274378e-07,0.0,1.759031329129357e-05,1.3041545571468305e-05,4.320552761782892e-06,2.28216705977502e-07,0.0
3070,adam,1.5625e-05,7.57813680252184e-06,4.52129434336257e-06,2.8531654976404752e-06,2.0367688158273722e-07,0.0,1.8305048797628842e-05,1.3738098459725734e-05,4.3660711526172236e-06,2.0088073426904884e-07,0.0
3071,adam,1.5625e-05,7.733172225243834e-06,4.638300595161127e-06,2.880096992896597e-06,2.147746709368903e-07,0.0,1.7670938177616335e-05,1.2971348951396067e-05,4.513668955041794e-06,1.859206975041161e-07,0.0
3072,adam,1.5625e-05,7.658390956066796e-06,4.661330649469164e-06,2.7943559217646907e-06,2.0270431022595403e-07,0.0,1.7851249140221626e-05,1.3290607057570014e-05,4.373279352876125e-06,1.8736398033070145e-07,0.0
3073,adam,1.5625e-05,7.559817191804541e-06,4.5245611204336456e-06,2.8440168762244866e-06,1.912392511016492e-07,0.0,1.8104583432432264e-05,1.339914342679549e-05,4.5262081584951375e-06,1.7923215978044027e-07,0.0
3074,adam,1.5625e-05,7.660328890324308e-06,4.658984806837907e-06,2.8057065861730734e-06,1.956374964251495e-07,0.0,1.790105307009071e-05,1.3310282156453468e-05,4.423181962920353e-06,1.6758897913859983e-07,0.0
3075,adam,1.5625e-05,7.524723628193897e-06,4.4929244324976025e-06,2.822934007440381e-06,2.088650719045404e-07,0.0,1.7654831026447937e-05,1.2907344171253499e-05,4.580975655699149e-06,1.6651111423016118e-07,0.0
3076,adam,1.5625e-05,7.399664838203535e-06,4.493946036632224e-06,2.733948463173874e-06,1.7177034905557775e-07,0.0,1.807276566978544e-05,1.362794682790991e-05,4.273990271030925e-06,1.7082783188016037e-07,0.0
3077,adam,1.5625e-05,7.5180499834459624e-06,4.560884590887326e-06,2.7835847618007392e-06,1.7358050818927495e-07,0.0,1.7574280718690716e-05,1.2866999895777553e-05,4.5477127059712075e-06,1.5956671006733814e-07,0.0
3078,adam,1.5625e-05,7.470173102319677e-06,4.4634241760377336e-06,2.8398839191368097e-06,1.6686482950944992e-07,0.0,1.8041911971522495e-05,1.3574635886470787e-05,4.270636054570787e-06,1.9663973205297225e-07,0.0
3079,adam,1.5625e-05,7.6910540371955e-06,4.7254083170855665e-06,2.769785865552876e-06,1.9585984745162932e-07,0.0,1.7834921891335398e-05,1.2999608770769555e-05,4.6281274990178645e-06,2.0718709947686875e-07,0.0
3080,adam,1.5625e-05,7.621444439109837e-06,4.591330863945586e-06,2.8104024778485837e-06,2.197110591239948e-07,0.0,1.8179860489908606e-05,1.3639103599416558e-05,4.357506441010628e-06,1.8325091843962582e-07,0.0
3081,adam,1.5625e-05,7.439037858603115e-06,4.555759772983947e-06,2.6875522038949384e-06,1.9572593235039903e-07,0.0,1.7863447283161804e-05,1.3088058949506376e-05,4.5706592572969384e-06,2.047298437446443e-07,0.0
3082,adam,1.5625e-05,7.606875641386068e-06,4.53077720408146e-06,2.9116977486864926e-06,1.6440062466926975e-07,0.0,1.7780743291950785e-05,1.332517058472149e-05,4.2745296013890766e-06,1.810414147485062e-07,0.0
3083,adam,1.5625e-05,7.508603118822066e-06,4.601004064852532e-06,2.730630313863003e-06,1.76968731224747e-07,0.0,1.7557083992869593e-05,1.2770708963216748e-05,4.575330422085244e-06,2.1104384018144628e-07,0.0
3084,adam,1.5625e-05,7.57413246788019e-06,4.546481790157486e-06,2.8368035742687425e-06,1.9084703684058013e-07,0.0,1.824058017518837e-05,1.3625808605866041e-05,4.281801466277102e-06,3.329699325149704e-07,0.0
3085,adam,1.5625e-05,7.511145554417453e-06,4.590333901433041e-06,2.717416826669705e-06,2.0339476769493103e-07,0.0,1.7716178263071924e-05,1.305509158555651e-05,4.516828994383104e-06,1.4425627625769266e-07,0.0
3086,adam,1.5625e-05,7.46648848348741e-06,4.502374395087827e-06,2.7802582422964406e-06,1.8385573241630482e-07,0.0,1.7981599739869125e-05,1.3504580238077324e-05,4.275172159395879e-06,2.0184778293241834e-07,0.0
3087,adam,1.5625e-05,7.598328863878123e-06,4.596227640263351e-06,2.8065507464702932e-06,1.9555052421793562e-07,0.0,1.7946184016182087e-05,1.3181744179746602e-05,4.627806447388139e-06,1.3663373010786017e-07,0.0
3088,adam,1.5625e-05,7.481883471882611e-06,4.520977910260626e-06,2.7895077892026166e-06,1.7139779284747192e-07,0.0,1.7723508790368214e-05,1.3283540283737238e-05,4.2818114707188215e-06,1.5815795961771073e-07,0.0
3089,adam,1.5625e-05,7.533247156743528e-06,4.643711264407102e-06,2.70467587171197e-06,1.8486002772988286e-07,0.0,1.7458469301345758e-05,1.3060634046269115e-05,4.238545443513431e-06,1.5929010999116144e-07,0.0
3090,adam,1.5625e-05,7.508941990863605e-06,4.609150209944346e-06,2.7195897018827964e-06,1.802020452856823e-07,0.0,1.7481059330748394e-05,1.2882117516710423e-05,4.389640253066318e-06,2.093018593996021e-07,0.0
3091,adam,1.5625e-05,7.545440183776009e-06,4.6170319762950385e-06,2.706844725253177e-06,2.21563525748536e-07,0.0,1.8088414435624145e-05,1.3305741958902217e-05,4.524641099123983e-06,2.58030269151277e-07,0.0
3092,adam,1.5625e-05,7.64080473913964e-06,4.697386970065054e-06,2.7392173791440655e-06,2.0420038460144951e-07,0.0,1.8226208339910954e-05,1.361443537462037e-05,4.4260827962716576e-06,1.8568937321106205e-07,0.0
3093,adam,1.5625e-05,7.4992151724018186e-06,4.529078495352223e-06,2.766180884350433e-06,2.0395563282704643e-07,0.0,1.7751452105585486e-05,1.305743080592947e-05,4.314584202802507e-06,3.7943800634820946e-07,0.0
3094,adam,1.5625e-05,7.5892387769727065e-06,4.5795554228789115e-06,2.7564732505425127e-06,2.532099783181252e-07,0.0,1.7442371245124377e-05,1.274758960789768e-05,4.487695605348563e-06,2.0708688452941715e-07,0.0
3095,adam,1.5625e-05,7.441649870543188e-06,4.500673526308674e-06,2.748690590692604e-06,1.9228564784867785e-07,0.0,1.7653979739407077e-05,1.3167778888600878e-05,4.32787192039541e-06,1.5832827671147243e-07,0.0
3096,adam,1.5625e-05,7.642167702215374e-06,4.528077312215828e-06,2.9132232413076053e-06,2.00867089183987e-07,0.0,1.8284914403920993e-05,1.393993261444848e-05,4.178902145213215e-06,1.6607985742211895e-07,0.0
3097,adam,1.5625e-05,7.664198022894197e-06,4.64554560153374e-06,2.815921988030823e-06,2.0273056389186195e-07,0.0,1.7761003618943505e-05,1.3002641935599968e-05,4.576917945087189e-06,1.8144446300993877e-07,0.0
3098,adam,1.5625e-05,7.801199814139181e-06,4.751944544523212e-06,2.821512097739287e-06,2.2774316921214677e-07,0.0,1.8089011064148508e-05,1.3055416275165044e-05,4.840914698434062e-06,1.9268046003162453e-07,0.0
3099,adam,1.5625e-05,7.708751951440718e-06,4.639058914790439e-06,2.858863808796741e-06,2.1082922874171572e-07,0.0,1.7845535694505088e-05,1.3053251677774824e-05,4.58747081211186e-06,2.0481269302763394e-07,0.0
3100,adam,1.5625e-05,7.591379585392133e-06,4.6204039847452805e-06,2.775441018343372e-06,1.9553456898080412e-07,0.0,1.8307251593796536e-05,1.3310740541783161e-05,4.768044163938612e-06,2.284663054297198e-07,0.0
3101,adam,1.5625e-05,7.587881583503986e-06,4.508697131200279e-06,2.892006975230288e-06,1.8717733674122883e-07,0.0,1.8004526282311417e-05,1.3345467777980957e-05,4.465612164494814e-06,1.934458424557306e-07,0.0
3102,adam,1.5625e-05,7.666102192160906e-06,4.664294934286772e-06,2.7734369894005795e-06,2.2837032265243806e-07,0.0,1.756034544087015e-05,1.2939215594087727e-05,4.46095691586379e-06,1.6017358461795084e-07,0.0
3103,adam,1.5625e-05,7.5536900396855344e-06,4.5609538403823535e-06,2.8008176116145478e-06,1.919185370624632e-07,0.0,1.8442911823512986e-05,1.3995721019455232e-05,4.232104402035475e-06,2.1508671466108353e-07,0.0
3104,adam,1.5625e-05,7.535427357652225e-06,4.5615365991125145e-06,2.7383758762766774e-06,2.3551488403938947e-07,0.0,1.7691672837827355e-05,1.2954376870766282e-05,4.504112894210266e-06,2.3318361286328582e-07,0.0
3105,adam,1.5625e-05,7.533394978054275e-06,4.5265036021646665e-06,2.8273429677483364e-06,1.7954820030752217e-07,0.0,1.8119751985068433e-05,1.360454461973859e-05,4.309750238462584e-06,2.0545614631828357e-07,0.0
3106,adam,1.5625e-05,7.419665394081676e-06,4.530483010967146e-06,2.712884565880813e-06,1.762978092401113e-07,0.0,1.836077353800647e-05,1.3934112757851835e-05,4.238961537339492e-06,1.8769954124309152e-07,0.0
3107,adam,1.5625e-05,7.534485973792471e-06,4.553565787546177e-06,2.78832926881023e-06,1.9259084904632573e-07,0.0,1.747040187183302e-05,1.2908782082377002e-05,4.3658187678374816e-06,1.9580231480631483e-07,0.0
3108,adam,1.5625e-05,7.528937146616954e-06,4.5873883607328025e-06,2.7507669813076063e-06,1.907817432922343e-07,0.0,1.7805026800488122e-05,1.3382025827013422e-05,4.232971150486264e-06,1.9003003615125635e-07,0.0
3109,adam,1.5625e-05,7.634812192236495e-06,4.731396813895117e-06,2.6995895296977324e-06,2.0382586285450088e-07,0.0,1.7242149624507874e-05,1.2675202015088871e-05,4.42133887190721e-06,1.4560882277692144e-07,0.0
3110,adam,1.5625e-05,7.5631262461683946e-06,4.562343576708372e-06,2.828037764857072e-06,1.7274497299268887e-07,0.0,1.793878800526727e-05,1.345435612165602e-05,4.32091610491625e-06,1.6351624765320594e-07,0.0
3111,adam,1.5625e-05,7.744346646632039e-06,4.736751009204454e-06,2.8066240957969057e-06,2.0097147146458383e-07,0.0,1.758274265739601e-05,1.2615178093255963e-05,4.813912255485775e-06,1.5365120020760514e-07,0.0
3112,adam,1.5625e-05,7.619025524263634e-06,4.569646506524805e-06,2.8195553554155595e-06,2.2982373870661377e-07,0.0,1.772862196958158e-05,1.297763992624823e-05,4.5574897740152664e-06,1.934914735102211e-07,0.0
3113,adam,1.5625e-05,7.672461606489378e-06,4.595878422719579e-06,2.8630126536199896e-06,2.1357055324244811e-07,0.0,1.773415169736836e-05,1.3067912732367404e-05,4.47052434537909e-06,1.9571494647152576e-07,0.0
3114,adam,1.5625e-05,7.567545281972343e-06,4.580245416718753e-06,2.77716346630541e-06,2.1013641759992652e-07,0.0,1.7611042494536377e-05,1.2751566828228533e-05,4.644789896701695e-06,2.1468596855811484e-07,0.0
3115,adam,1.5625e-05,7.571137700779218e-06,4.633435523260232e-06,2.7644071636245826e-06,1.732950414279344e-07,0.0,1.777217403287068e-05,1.3359327567741275e-05,4.272645128367003e-06,1.4020122307556449e-07,0.0
3116,adam,1.5625e-05,7.460002905190777e-06,4.579605160870415e-06,2.707331354656617e-06,1.730663390375753e-07,0.0,1.7427953935111873e-05,1.2917290405312087e-05,4.374122454464668e-06,1.3654117481110006e-07,0.0
3117,adam,1.5625e-05,7.469567435691715e-06,4.565419544633187e-06,2.7386707017740264e-06,1.654771786263609e-07,0.0,1.831350164138712e-05,1.392082322126953e-05,4.23302526542102e-06,1.5965302679887827e-07,0.0
3118,adam,1.5625e-05,7.50374482549887e-06,4.578394552368081e-06,2.723591435938033e-06,2.01758697748744e-07,0.0,1.795015123207122e-05,1.3253878023533616e-05,4.476016783883097e-06,2.202559414854477e-07,0.0
3119,adam,1.5625e-05,7.602743949064461e-06,4.62090696373707e-06,2.7490702265708933e-06,2.3276673832839379e-07,0.0,1.7921740436577238e-05,1.3341963494895026e-05,4.382277438708115e-06,1.9749974455862684e-07,0.0
3120,adam,1.5625e-05,7.446647202868917e-06,4.493305993946706e-06,2.746633455785741e-06,2.0670779576903442e-07,0.0,1.805594547477085e-05,1.3459155525197275e-05,4.400108082336374e-06,1.9668247830395558e-07,0.0
3121,adam,1.5625e-05,7.60061436722026e-06,4.6190615279328995e-06,2.7874518480075494e-06,1.9410097351624245e-07,0.0,1.769479968061205e-05,1.31305469039944e-05,4.401314527058275e-06,1.6293759586005763e-07,0.0
3122,adam,1.5625e-05,7.638729726977544e-06,4.615707936750368e-06,2.8239545315500436e-06,1.9906732440233554e-07,0.0,1.7842594388639554e-05,1.2994578355574049e-05,4.530981186690042e-06,3.1703589797871246e-07,0.0
3123,adam,1.5625e-05,7.611096236814774e-06,4.64356219254114e-06,2.720436683034677e-06,2.470972031431984e-07,0.0,1.8314975022803992e-05,1.3961753211333416e-05,4.180838459433289e-06,1.7238362204352597e-07,0.0
3124,adam,1.5625e-05,7.6015917329641525e-06,4.575169526788159e-06,2.8653883532570035e-06,1.610337942992146e-07,0.0,1.7994148947764188e-05,1.3316687727638055e-05,4.482556960283546e-06,1.9490420299916877e-07,0.0
3125,adam,1.5625e-05,7.639052086005904e-06,4.580600943882018e-06,2.805246495540814e-06,2.5320460306232917e-07,0.0,1.7526617739349604e-05,1.2780480574292596e-05,4.415089279063977e-06,3.31049278656792e-07,0.0
3126,adam,1.5625e-05,7.596676681487224e-06,4.5679832254563735e-06,2.798747971155535e-06,2.299455195142741e-07,0.0,1.7941058104042895e-05,1.3309840142028406e-05,4.436298695509322e-06,1.949198349393555e-07,0.0
3127,adam,1.5625e-05,7.4358409563046735e-06,4.566492947333245e-06,2.6886995243557976e-06,1.806485894206844e-07,0.0,1.748883369145915e-05,1.2957179023942444e-05,4.345807610661723e-06,1.8584597683002357e-07,0.0
3128,adam,1.5625e-05,7.529059757871437e-06,4.479746422703101e-06,2.873398216252099e-06,1.759151286861993e-07,0.0,1.8242379155708477e-05,1.3753209714195691e-05,4.239173904352356e-06,2.499951676782075e-07,0.0
3129,adam,1.5625e-05,7.550135279643655e-06,4.613841753098313e-06,2.735264573061613e-06,2.010289223974837e-07,0.0,1.767227877280675e-05,1.2969393537787255e-05,4.452344455785351e-06,2.505405234387581e-07,0.0
3130,adam,1.5625e-05,7.50707653196514e-06,4.512765073627634e-06,2.795001591948676e-06,1.9930971451032065e-07,0.0,1.7536965970066376e-05,1.3140595910954289e-05,4.242009254085133e-06,1.5436107503319363e-07,0.0
3131,adam,1.5625e-05,7.374821706207513e-06,4.468134576995908e-06,2.731219694851461e-06,1.7546750097352515e-07,0.0,1.7651864254730754e-05,1.325499306403799e-05,4.252513008395908e-06,1.4435828177283838e-07,0.0
3132,adam,1.5625e-05,7.484396178369934e-06,4.543477643892402e-06,2.714188866548284e-06,2.267296030922239e-07,0.0,1.8131111573893577e-05,1.326301662629703e-05,4.5167353164288215e-06,3.5136022802362277e-07,0.0
3133,adam,1.5625e-05,7.541935332255889e-06,4.486041063955781e-06,2.784960656754265e-06,2.709336373030169e-07,0.0,1.7698763258522376e-05,1.3003703315916937e-05,4.435000846569892e-06,2.600590391921287e-07,0.0
3134,adam,1.5625e-05,7.5056527180095145e-06,4.489717071010091e-06,2.793799929179386e-06,2.2213572670182202e-07,0.0,1.7859749277704395e-05,1.3327834494702984e-05,4.3323384488758165e-06,1.9957522567892738e-07,0.0
3135,adam,1.5625e-05,7.416306090135549e-06,4.5746160139970016e-06,2.6441929463771885e-06,1.9749717861117233e-07,0.0,1.7554877558723092e-05,1.2792090274160728e-05,4.612172233464662e-06,1.5061509373026638e-07,0.0
3136,adam,1.5625e-05,7.570677610146959e-06,4.499922440004411e-06,2.876383362604429e-06,1.9437169118674547e-07,0.0,1.7852438759291545e-05,1.322266416536877e-05,4.468321094464045e-06,1.6145368419984152e-07,0.0
3137,adam,1.5625e-05,7.581218085306318e-06,4.609196167848495e-06,2.743605335808752e-06,2.2841669977680112e-07,0.0,1.7654450857662596e-05,1.3212896192271728e-05,4.268276825314388e-06,1.7327819534784794e-07,0.0
3138,adam,1.5625e-05,7.548805797341629e-06,4.640684920786953e-06,2.7126461503712562e-06,1.9547477503323307e-07,0.0,1.8434053345117718e-05,1.3731963008467574e-05,4.5291199057828635e-06,1.7297068666266568e-07,0.0
3139,adam,1.5625e-05,7.533255114822168e-06,4.57254384400585e-06,2.747375390299567e-06,2.1333579347526666e-07,0.0,1.7600434148334898e-05,1.297435665037483e-05,4.448157142178388e-06,1.779214073849289e-07,0.0
3140,adam,1.5625e-05,7.602175628562691e-06,4.600754238026639e-06,2.8002612708633023e-06,2.011601818452391e-07,0.0,1.7845406546257436e-05,1.3316598597157281e-05,4.28215435022139e-06,2.466538830958598e-07,0.0
3141,adam,1.5625e-05,7.590228364051654e-06,4.5249464335483935e-06,2.86751792089035e-06,1.9776396964488185e-07,0.0,1.7484711861470714e-05,1.286864517169306e-05,4.454067038750509e-06,1.6199835783936578e-07,0.0
3142,adam,1.5625e-05,7.491663950531802e-06,4.538184185776117e-06,2.7420587258575324e-06,2.1142096429116464e-07,0.0,1.7948574168258347e-05,1.3530943760997616e-05,4.26316864832188e-06,1.5446072154645663e-07,0.0
3143,adam,1.5625e-05,7.582703062780638e-06,4.61543066876402e-06,2.795272017408479e-06,1.720004414451637e-07,0.0,1.7617241610423662e-05,1.2796478586096782e-05,4.555319719656836e-06,2.6544392994765076e-07,0.0
3144,adam,1.5625e-05,7.64928884677829e-06,4.6331297198776156e-06,2.755522672259758e-06,2.6063636227036113e-07,0.0,1.7867894712253474e-05,1.3437505913316272e-05,4.2770852815010585e-06,1.5330218161579978e-07,0.0
3145,adam,1.5625e-05,7.503975439249189e-06,4.538661329434035e-06,2.768930883689791e-06,1.9638318438097713e-07,0.0,1.7952019334188662e-05,1.358710323984269e-05,4.21420872953604e-06,1.5070772008130007e-07,0.0
3146,adam,1.5625e-05,7.4316080542757845e-06,4.518495927641197e-06,2.7384806884356294e-06,1.7463143642260093e-07,0.0,1.8135860955226235e-05,1.3207991287345067e-05,4.7847715904936194e-06,1.4309786422472826e-07,0.0
3147,adam,1.5625e-05,7.542597245446814e-06,4.599218954126627e-06,2.7582374215739947e-06,1.851408271136279e-07,0.0,1.79618873517029e-05,1.3479812878358644e-05,4.347666163084796e-06,1.3440927659758017e-07,0.0
3148,adam,1.5625e-05,7.620904028726727e-06,4.637481424651924e-06,2.7598222089864066e-06,2.2360054696690668e-07,0.0,1.8096423445967957e-05,1.3691334970644675e-05,4.200941475573927e-06,2.0414677237567957e-07,0.0
3149,adam,1.5625e-05,7.501266139797735e-06,4.507196791792012e-06,2.823369257498598e-06,1.7070010205344488e-07,0.0,1.8529091903474182e-05,1.3464952644426376e-05,4.842212547373492e-06,2.2192713799995545e-07,0.0
3150,adam,1.5625e-05,7.489757564371757e-06,4.545074958173245e-06,2.7733112375472047e-06,1.71371340229598e-07,0.0,1.7954595023184083e-05,1.3569873772212304e-05,4.182615157333203e-06,2.0210626416883315e-07,0.0
3151,adam,1.5625e-05,7.600479420943884e-06,4.602358785632532e-06,2.7931467272424015e-06,2.049738290210712e-07,0.0,1.7779328118194826e-05,1.3148196558177005e-05,4.473805802263087e-06,1.5732678093627328e-07,0.0
3152,adam,1.5625e-05,7.532252908504233e-06,4.5857986634700865e-06,2.7482855955440755e-06,1.9816853402687684e-07,0.0,1.788466761354357e-05,1.3300645150593482e-05,4.404449100547936e-06,1.795742292642899e-07,0.0
3153,adam,1.5625e-05,7.593842894948466e-06,4.5913421331533755e-06,2.799335220515786e-06,2.0316562743261102e-07,0.0,1.818926102714613e-05,1.3459459296427667e-05,4.420704499352723e-06,3.0909791348676663e-07,0.0
3154,adam,1.5625e-05,7.457652344555754e-06,4.50649980621165e-06,2.7384557341747495e-06,2.126967437732219e-07,0.0,1.7859092622529715e-05,1.3304779713507742e-05,4.364543656265596e-06,1.8976940907577955e-07,0.0
3155,adam,1.5625e-05,7.364330485870596e-06,4.467850160949638e-06,2.7140418268345456e-06,1.824385549298313e-07,0.0,1.772552241163794e-05,1.320336559729185e-05,4.310291387810139e-06,2.1186474441492464e-07,0.0
3156,adam,1.5625e-05,7.4935137774900795e-06,4.615006034214275e-06,2.6758961979567175e-06,2.0261162969603674e-07,0.0,1.8028060367214493e-05,1.3281141946208663e-05,4.5163469621911645e-06,2.30571941983726e-07,0.0
3157,adam,1.5625e-05,7.426416260614133e-06,4.463345149474662e-06,2.7534030948572763e-06,2.0966802338762136e-07,0.0,1.785779750207439e-05,1.3288525224197656e-05,4.4085636545787565e-06,1.6070775643584057e-07,0.0
3158,adam,1.5625e-05,7.669081043104597e-06,4.6170448513294104e-06,2.8251357235831165e-06,2.2690042289497114e-07,0.0,1.7948943423107266e-05,1.3340902114578057e-05,4.296660790714668e-06,3.1138006306719035e-07,0.0
3159,adam,1.5625e-05,7.457045427372577e-06,4.464018303451667e-06,2.7884412645562406e-06,2.0458583804838781e-07,0.0,1.773778785718605e-05,1.3086033504805528e-05,4.4813205022364855e-06,1.7043325328813808e-07,0.0
3160,adam,1.5625e-05,7.502582406004876e-06,4.421556639044866e-06,2.8971071373007362e-06,1.839185346241834e-07,0.0,1.8291835658601485e-05,1.3778060747426935e-05,4.340276518632891e-06,1.734981083245657e-07,0.0
3161,adam,1.5625e-05,7.396142308380149e-06,4.520271005503673e-06,2.6732419655672857e-06,2.026292698076304e-07,0.0,1.7815047613112256e-05,1.3209563803684432e-05,4.298148724046769e-06,3.0733406219951576e-07,0.0
3162,adam,1.5625e-05,7.520945445094185e-06,4.515775401614519e-06,2.762845909387579e-06,2.4232419626457613e-07,0.0,1.7650099835009314e-05,1.3092771951050963e-05,4.39952646047459e-06,1.578004571456404e-07,0.0
3163,adam,1.5625e-05,7.33554460907726e-06,4.500731051848561e-06,2.659746087374515e-06,1.7506733307470768e-07,0.0,1.7802622096496634e-05,1.3185888747102581e-05,4.448628260433907e-06,1.681060837199766e-07,0.0
3164,adam,1.5625e-05,7.572540113187642e-06,4.576704156988853e-06,2.786596567716515e-06,2.0923940535766405e-07,0.0,1.80110328074079e-05,1.3571475392382126e-05,4.280014763935469e-06,1.595436884826995e-07,0.0
3165,adam,1.5625e-05,7.533567838891031e-06,4.635190521184995e-06,2.686700881326942e-06,2.1167644703723454e-07,0.0,1.8129547243006527e-05,1.369758047076175e-05,4.285610430088127e-06,1.4635674006058252e-07,0.0
3166,adam,1.5625e-05,7.527149762154295e-06,4.486180642970794e-06,2.7666436750450885e-06,2.743254796655492e-07,0.0,1.8092770915245637e-05,1.3403368029685225e-05,4.285567683837144e-06,4.038352301449777e-07,0.0
3167,adam,1.5625e-05,7.474108372207411e-06,4.5351687418815345e-06,2.7144089216335487e-06,2.2453073444950178e-07,0.0,1.7590653442312032e-05,1.30677572087734e-05,4.3800177991215605e-06,1.4287802230228408e-07,0.0
3168,adam,1.5625e-05,7.5184154297858186e-06,4.634839612549513e-06,2.6965521442434692e-06,1.8702370141454594e-07,0.0,1.7518887034384534e-05,1.2900167348561808e-05,4.4662806431006175e-06,1.5243865902903053e-07,0.0
3169,adam,1.5625e-05,7.513312965556906e-06,4.5654529969851865e-06,2.728871827173407e-06,2.1898811031206833e-07,0.0,1.7754620785126463e-05,1.312537551712012e-05,4.394968982524006e-06,2.3427662654285086e-07,0.0
3170,adam,1.5625e-05,7.4866501051928935e-06,4.409126432847188e-06,2.8829670810637253e-06,1.9455672806145685e-07,0.0,1.8425227608531713e-05,1.3799582120554987e-05,4.36308891949011e-06,2.625560853175557e-07,0.0
3171,adam,1.5625e-05,7.608015806681578e-06,4.628312240129162e-06,2.7421151571616065e-06,2.3758835165921255e-07,0.0,1.7558162653585896e-05,1.2978663107787725e-05,4.232283117744373e-06,3.4721662700576417e-07,0.0
3172,adam,1.5625e-05,7.645535305300655e-06,4.63652804683079e-06,2.7380952971611805e-06,2.7091204923834766e-07,0.0,1.8131526303477585e-05,1.3639190001413226e-05,4.267430085747037e-06,2.249076089810842e-07,0.0
3173,adam,1.5625e-05,7.559126686373929e-06,4.6715325368040794e-06,2.673099245953381e-06,2.1449480591684278e-07,0.0,1.7847529306891374e-05,1.3074445632810239e-05,4.505205197347095e-06,2.6787927254190436e-07,0.0
3174,adam,1.5625e-05,7.555557260729984e-06,4.623875469178529e-06,2.718290915026955e-06,2.1339075662041296e-07,0.0,1.8270689906785265e-05,1.3563745596911758e-05,4.406274456414394e-06,3.0066968292885576e-07,0.0
3175,adam,1.5625e-05,7.607006494936286e-06,4.625876471209267e-06,2.7306290917294973e-06,2.5050088314770846e-07,0.0,1.7697100702207536e-05,1.3309604582900647e-05,4.187375452602282e-06,2.0012176094041934e-07,0.0
3176,adam,1.5625e-05,7.451288723814287e-06,4.504971258256774e-06,2.722804609334162e-06,2.2351279671539714e-07,0.0,1.8406746676191688e-05,1.3677484275831375e-05,4.5641145334229805e-06,1.6514806588929787e-07,0.0
3177,adam,1.5625e-05,7.492958189914134e-06,4.567342926975471e-06,2.738224381459986e-06,1.8739084950425422e-07,0.0,1.772312134562526e-05,1.3210007637098897e-05,4.356239969638409e-06,1.5687329835145647e-07,0.0
3178,adam,1.5625e-05,7.374081064881466e-06,4.478168250443559e-06,2.73583906107433e-06,1.6007379510796227e-07,0.0,1.7975416994886473e-05,1.359315137960948e-05,4.203355729259783e-06,1.7891085235532955e-07,0.0
3179,adam,1.5625e-05,7.379668545581808e-06,4.5348752450991014e-06,2.6498111651562795e-06,1.949821601954227e-07,0.0,1.788766348909121e-05,1.3353213944355957e-05,4.352365976956207e-06,1.820822177478476e-07,0.0
3180,adam,1.5625e-05,7.463101979965359e-06,4.525669169197499e-06,2.7176891066460485e-06,2.1974374053712609e-07,0.0,1.7466481949668378e-05,1.2689352843153756e-05,4.552890914055752e-06,2.2423854773023777e-07,0.0
3181,adam,1.5625e-05,7.4011395270190405e-06,4.491102941983627e-06,2.6983367860111684e-06,2.116998132351e-07,0.0,1.8483653548173606e-05,1.4223451216821559e-05,4.110480858798837e-06,1.497218988788518e-07,0.0
3182,adam,1.5625e-05,7.535718623330467e-06,4.601166722295602e-06,2.723522342762408e-06,2.1102947922457815e-07,0.0,1.7996142560150474e-05,1.3057639989710879e-05,4.7539183469780255e-06,1.8458433714840794e-07,0.0
3183,adam,1.5625e-05,7.578401664432022e-06,4.601466997655734e-06,2.7473938857269786e-06,2.2954066292157904e-07,0.0,1.820738907554187e-05,1.3579425285570323e-05,4.417149739310844e-06,2.10813226431128e-07,0.0
3184,adam,1.5625e-05,7.457972742486163e-06,4.547663749576714e-06,2.7024768556316303e-06,2.0783211951425073e-07,0.0,1.7555757949594408e-05,1.303032877331134e-05,4.3863065002369694e-06,1.3912392660131445e-07,0.0
3185,adam,1.5625e-05,7.438667722681203e-06,4.4694285605828554e-06,2.7793139949494616e-06,1.899250987591472e-07,0.0,1.732732926029712e-05,1.2723105101031251e-05,4.433286903804401e-06,1.709376959979636e-07,0.0
3186,adam,1.5625e-05,7.453060732132144e-06,4.451344608469299e-06,2.776461229814231e-06,2.2525487874958117e-07,0.0,1.7993204892263748e-05,1.3391326319833752e-05,4.209919097775128e-06,3.919594178114494e-07,0.0
3187,adam,1.5625e-05,7.460000119863253e-06,4.530024398263777e-06,2.7240615025903026e-06,2.0591429983340959e-07,0.0,1.791226713976357e-05,1.3582182873506099e-05,4.152294422965497e-06,1.777896017074454e-07,0.0
3188,adam,1.5625e-05,7.389998046392066e-06,4.477906998090475e-06,2.741001452477576e-06,1.7108949812438823e-07,0.0,1.7601058061700314e-05,1.311817322857678e-05,4.305191396269947e-06,1.776934226427329e-07,0.0
3189,adam,1.5625e-05,7.395573533131028e-06,4.526669698634578e-06,2.6818857179478073e-06,1.8701811921317812e-07,0.0,1.7795782696339302e-05,1.3307493645697832e-05,4.290040124033112e-06,1.9825066033263283e-07,0.0
3190,adam,1.5625e-05,7.563797254306337e-06,4.519108884437628e-06,2.8289495332955994e-06,2.1573880459868633e-07,0.0,1.7763477444532327e-05,1.3137208952684887e-05,4.460937816475052e-06,1.6533016378161847e-07,0.0
3191,adam,1.5625e-05,7.763515043279767e-06,4.6196827554467745e-06,2.941495964137175e-06,2.0233625708243608e-07,0.0,1.8000589989242144e-05,1.3461283742799424e-05,4.353457370598335e-06,1.8584728422865737e-07,0.0
3192,adam,1.5625e-05,7.49273533529049e-06,4.573892454118322e-06,2.719773668502512e-06,1.9906906167932448e-07,0.0,1.7857311831903644e-05,1.3200377907196525e-05,4.485300905798795e-06,1.7163338839054632e-07,0.0
3193,adam,1.5625e-05,7.3364658135233185e-06,4.407214234447565e-06,2.746623565030859e-06,1.826280700001348e-07,0.0,1.7794835002860054e-05,1.3418669368547853e-05,4.204332981316838e-06,1.7183356249006465e-07,0.0
3194,adam,1.5625e-05,7.38411733891553e-06,4.537604937127071e-06,2.651642390105735e-06,1.9487005964435866e-07,0.0,1.74664419319015e-05,1.2859093658335041e-05,4.445920694706729e-06,1.6142791992024286e-07,0.0
3195,adam,1.5625e-05,7.524845045736583e-06,4.527895541173166e-06,2.7516266882798845e-06,2.4532270526123057e-07,0.0,1.7728772945702076e-05,1.3289858543430455e-05,4.247641300025862e-06,1.9127358541481954e-07,0.0
3196,adam,1.5625e-05,7.442432718107739e-06,4.545117633369955e-06,2.6861389912369305e-06,2.1117603221654235e-07,0.0,1.75550358108012e-05,1.3119966752128676e-05,4.257415639585815e-06,1.7765427173799253e-07,0.0
3197,adam,1.5625e-05,7.398377135814371e-06,4.3883098896913e-06,2.8111154648513548e-06,1.9895179548257147e-07,0.0,1.7810136341722682e-05,1.3488351214618888e-05,4.140104465477634e-06,1.816800505594074e-07,0.0
3198,adam,1.5625e-05,7.531629250934202e-06,4.605684182479308e-06,2.691047036762484e-06,2.3489808853582872e-07,0.0,1.74249926203629e-05,1.2659952517424244e-05,4.555601663014386e-06,2.094392641538434e-07,0.0
3199,adam,1.5625e-05,7.4838949899458385e-06,4.513768075753433e-06,2.7688406092352125e-06,2.012863475897575e-07,0.0,1.7637223209021613e-05,1.3188060620450415e-05,4.278103915567044e-06,1.7105695349073358e-07,0.0
3200,adam,1.5625e-05,7.4834818803992675e-06,4.620589521664442e-06,2.6671771493624874e-06,1.957151551934544e-07,0.0,1.780238380888477e-05,1.329322640231112e-05,4.345381057646591e-06,1.6377680367440917e-07,0.0
3201,adam,1.5625e-05,7.53922782337213e-06,4.530896120513717e-06,2.8090230586030884e-06,1.9930860162276076e-07,0.0,1.8029388229479082e-05,1.3630498870043084e-05,4.238547717250185e-06,1.6034204008974484e-07,0.0
3202,adam,1.5625e-05,7.294393981283065e-06,4.466171048989054e-06,2.6604731075963173e-06,1.6774983446765646e-07,0.0,1.7504522475064732e-05,1.2946654351253528e-05,4.415842795424396e-06,1.4202451836808905e-07,0.0
3203,adam,1.5625e-05,7.361951929851784e-06,4.45096532075695e-06,2.7492550742636013e-06,1.6173153571941157e-07,0.0,1.7890206436277367e-05,1.3021026461501606e-05,4.686074589699274e-06,1.8310538507648744e-07,0.0
3204,adam,1.5625e-05,7.495827730963356e-06,4.533464547762378e-06,2.732760172818871e-06,2.2960305923191981e-07,0.0,1.7800528439693153e-05,1.3186002433940303e-05,4.3398204070399515e-06,2.7470574082144594e-07,0.0
3205,adam,1.5625e-05,7.452731750845487e-06,4.490746420060532e-06,2.74968475366677e-06,2.123006543897077e-07,0.0,1.8076380001730286e-05,1.3511615179595537e-05,4.383007762953639e-06,1.8175677496401477e-07,0.0
3206,adam,1.5625e-05,7.732633235946196e-06,4.584506910987329e-06,2.905932959151869e-06,2.421934128804537e-07,0.0,1.7987909814110026e-05,1.3209089047450107e-05,4.606109087035293e-06,1.7271209173941315e-07,0.0
3207,adam,1.5625e-05,7.643831594350559e-06,4.593061788682462e-06,2.8076280926825348e-06,2.4314171209738333e-07,0.0,1.8274968169862404e-05,1.3350627341424115e-05,4.747601451526862e-06,1.7674044272553147e-07,0.0
3208,adam,1.5625e-05,7.644581103249948e-06,4.6479582636038685e-06,2.7951865320119396e-06,2.0143631918045912e-07,0.0,1.715481630526483e-05,1.2406366295181215e-05,4.574326794681838e-06,1.7412222064194793e-07,0.0
3209,adam,1.5625e-05,7.61106250024568e-06,4.541343002983922e-06,2.8981836663888316e-06,1.7153583442564013e-07,0.0,1.7540598491905257e-05,1.3101148397254292e-05,4.284853275748901e-06,1.545965204741151e-07,0.0
3210,adam,1.5625e-05,7.4387857864621765e-06,4.519457888818579e-06,2.713663292297497e-06,2.0566473679650699e-07,0.0,1.8047125195153058e-05,1.332850479229819e-05,4.483883458306082e-06,2.3473613453006692e-07,0.0
3211,adam,1.5625e-05,7.50408864291785e-06,4.504224051515848e-06,2.7854777400193598e-06,2.1438680342100724e-07,0.0,1.7957048839889467e-05,1.3650116670760326e-05,4.1404714465898e-06,1.6646086464788823e-07,0.0
3212,adam,1.5625e-05,7.475222275843407e-06,4.466518888079918e-06,2.7802045678981813e-06,2.2849887582054862e-07,0.0,1.8380032997811213e-05,1.3680606571142562e-05,4.4888624870509375e-06,2.105645791061761e-07,0.0
3213,adam,1.5625e-05,7.552286717782408e-06,4.559555009109317e-06,2.713336179738235e-06,2.7939544278154926e-07,0.0,1.7712156477500685e-05,1.2775272807630245e-05,4.738706593343522e-06,1.9817682073153264e-07,0.0
3214,adam,1.5625e-05,7.589646230599101e-06,4.5366369931798545e-06,2.8376710474731226e-06,2.153380345149003e-07,0.0,1.8049289792543277e-05,1.3502412002708297e-05,4.299909960536752e-06,2.469679998284846e-07,0.0
3215,adam,1.5625e-05,7.397865488201205e-06,4.460900044023219e-06,2.7460694269620944e-06,1.908960429730655e-07,0.0,1.8050082871923223e-05,1.3746051990892738e-05,4.1525636333972216e-06,1.5146734710924648e-07,0.0
3216,adam,1.5625e-05,7.454447967347733e-06,4.599045794861922e-06,2.677805028383773e-06,1.7759710413400853e-07,0.0,1.7610591385164298e-05,1.3045155355939642e-05,4.421377980179386e-06,1.440583332623646e-07,0.0
3217,adam,1.5625e-05,7.310749595035304e-06,4.419748790951417e-06,2.7211104978164258e-06,1.6989026008218389e-07,0.0,1.794028139556758e-05,1.3264783774502575e-05,4.488473223318579e-06,1.8702499460232502e-07,0.0
3218,adam,1.5625e-05,7.5433128472468525e-06,4.597026901365098e-06,2.71954959885079e-06,2.267363745644957e-07,0.0,1.8137314327759668e-05,1.3443201169138774e-05,4.450294454727555e-06,2.438190449538524e-07,0.0
3219,adam,1.5625e-05,7.453918243527369e-06,4.534190779281744e-06,2.720242392229011e-06,1.9948511909007038e-07,0.0,1.7912057955982164e-05,1.3559174476540647e-05,4.176181846560212e-06,1.767025281651513e-07,0.0
3220,adam,1.5625e-05,7.286986260623962e-06,4.441661701548583e-06,2.6706140090482222e-06,1.7471050206552263e-07,0.0,1.7427724742447026e-05,1.2916535524709616e-05,4.337944574217545e-06,1.7324485668268608e-07,0.0
3221,adam,1.5625e-05,7.36544748747292e-06,4.466812839609702e-06,2.7033400016307496e-06,1.9529468264778416e-07,0.0,1.771630377334077e-05,1.3293781194079202e-05,4.20951482738019e-06,2.1300654395872698e-07,0.0
3222,adam,1.5625e-05,7.570415732516267e-06,4.629619027696208e-06,2.713259149800251e-06,2.27537718444637e-07,0.0,1.758821053954307e-05,1.2929579497722443e-05,4.461051958060125e-06,1.9757931113417726e-07,0.0
3223,adam,1.5625e-05,7.50707056340616e-06,4.581683327842256e-06,2.7370081241429034e-06,1.88379065235722e-07,0.0,1.796504329831805e-05,1.3395481801126152e-05,4.379162874101894e-06,1.9039863730085926e-07,0.0
3224,adam,1.5625e-05,7.423871437595153e-06,4.5416171161605234e-06,2.680086367945478e-06,2.0216790819205244e-07,0.0,1.812262780731544e-05,1.2712088391708676e-05,5.098032943351427e-06,3.1250576171260036e-07,0.0
3225,adam,1.5625e-05,7.560120934613224e-06,4.419650082354565e-06,2.9332302133866506e-06,2.0724069660360556e-07,0.0,1.817278825910762e-05,1.3870258953829762e-05,4.139913471590262e-06,1.6261653001947707e-07,0.0
3226,adam,1.5625e-05,7.536454234013945e-06,4.65776912506044e-06,2.699770419667402e-06,1.789145835928707e-07,0.0,1.82945113920141e-05,1.3535464859160129e-05,4.553523922368186e-06,2.0552214152758097e-07,0.0
3227,adam,1.5625e-05,7.644236291071138e-06,4.5377326500783965e-06,2.8517150525431134e-06,2.54788573350595e-07,0.0,1.7583961380296387e-05,1.2964029338036198e-05,4.3589379856712185e-06,2.60994312384355e-07,0.0
3228,adam,1.5625e-05,7.596629160389057e-06,4.593129318664069e-06,2.773060842287123e-06,2.3043883512485763e-07,0.0,1.789672751328908e-05,1.3372856301430147e-05,4.302664819988422e-06,2.2120818243820395e-07,0.0
3229,adam,1.5625e-05,7.414821737938837e-06,4.576307020442982e-06,2.639225073153284e-06,1.9928971362048742e-07,0.0,1.8234663002658635e-05,1.3680278243555222e-05,4.269512373866746e-06,2.8487144732025627e-07,0.0
3230,adam,1.5625e-05,7.74267553538266e-06,4.635956585730128e-06,2.8423757569839836e-06,2.6434308164624554e-07,0.0,1.7575348465470597e-05,1.3044758816249669e-05,4.33514105679933e-06,1.9544830820450443e-07,0.0
3231,adam,1.5625e-05,7.57825404207324e-06,4.438938560724637e-06,2.9537527410639086e-06,1.8556267722402708e-07,0.0,1.8027876649284735e-05,1.3528117051464505e-05,4.281846031517489e-06,2.1791386473068997e-07,0.0
3232,adam,1.5625e-05,7.628903119893948e-06,4.6048000257314925e-06,2.7636704160727277e-06,2.604326621025166e-07,0.0,1.776602402969729e-05,1.321577019552933e-05,4.325370355218183e-06,2.2488372053430794e-07,0.0
3233,adam,1.5625e-05,7.389660311218904e-06,4.5216604007691785e-06,2.673723138002515e-06,1.9427674313732268e-07,0.0,1.811351830838248e-05,1.34317233460024e-05,4.504068328969879e-06,1.7772683236216835e-07,0.0
3234,adam,1.5625e-05,7.264748916213648e-06,4.453392477898888e-06,2.6460434696673474e-06,1.6531292779120577e-07,0.0,1.798253651941195e-05,1.3637923075293656e-05,4.204971901344834e-06,1.3964283596124005e-07,0.0
3235,adam,1.5625e-05,7.314171853067819e-06,4.487050361490219e-06,2.6675677489151894e-06,1.5955361742925334e-07,0.0,1.789866655599326e-05,1.3323537132237107e-05,4.43056251242524e-06,1.445658313059539e-07,0.0
3236,adam,1.5625e-05,7.342326426851287e-06,4.5176627736509545e-06,2.6489900548654077e-06,1.7567350241165514e-07,0.0,1.769257869455032e-05,1.3168474652047735e-05,4.347948106442345e-06,1.761566039704121e-07,0.0
3237,adam,1.5625e-05,7.293055062973508e-06,4.50892684966675e-06,2.602838037546462e-06,1.812900940478812e-07,0.0,1.769578921084758e-05,1.3302355910127517e-05,4.243423063599039e-06,1.5001046449469868e-07,0.0
3238,adam,1.5625e-05,7.254453407767869e-06,4.400823058858805e-06,2.6823005185860893e-06,1.7132984275747276e-07,0.0,1.7529428077978082e-05,1.2928484466101509e-05,4.393454219098203e-06,2.0749008911025157e-07,0.0
3239,adam,1.5625e-05,7.367059055241043e-06,4.513020954277636e-06,2.6450275711908944e-06,2.090105288843347e-07,0.0,1.7525831935927272e-05,1.2888490346085746e-05,4.484661531023448e-06,1.5268011566149653e-07,0.0
3240,adam,1.5625e-05,7.280178095925294e-06,4.433774648759936e-06,2.6832438777546486e-06,1.631594841455808e-07,0.0,1.755707671691198e-05,1.3045530977251474e-05,4.361369974503759e-06,1.501755804156346e-07,0.0
3241,adam,1.5625e-05,7.374624715339451e-06,4.4600752744372585e-06,2.7195910377031396e-06,1.9495848313511033e-07,0.0,1.81557461473858e-05,1.339618302154122e-05,4.595113750838209e-06,1.6444944606064382e-07,0.0
3242,adam,1.5625e-05,7.454417328744967e-06,4.478055387835411e-06,2.7158570219398825e-06,2.605049376214197e-07,0.0,1.799871097318828e-05,1.3475073501467705e-05,4.250618985679466e-06,2.7301879867991374e-07,0.0
3243,adam,1.5625e-05,7.448984604252473e-06,4.546584335685111e-06,2.6546844509311995e-06,2.4771586026872683e-07,0.0,1.7963884602067992e-05,1.3537711311073508e-05,4.28290832132916e-06,1.4326612074455625e-07,0.0
3244,adam,1.5625e-05,7.413707436398909e-06,4.54848250797113e-06,2.665354628561545e-06,1.9987029187262806e-07,0.0,1.757720747264102e-05,1.3093479537928943e-05,4.330518095230218e-06,1.5320905788485106e-07,0.0
3245,adam,1.5625e-05,7.408340451320328e-06,4.510375603672401e-06,2.721158388396816e-06,1.7680651875906506e-07,0.0,1.8271543012815528e-05,1.3810615200782195e-05,4.254043687978992e-06,2.068850193381877e-07,0.0
3246,adam,1.5625e-05,7.41370388368523e-06,4.4941969861156394e-06,2.732598076704562e-06,1.8690889191930182e-07,0.0,1.778468140400946e-05,1.3308729648997542e-05,4.298419753467897e-06,1.775316889052192e-07,0.0
3247,adam,1.5625e-05,7.319557028040435e-06,4.516966427559055e-06,2.628153595196636e-06,1.744369662048939e-07,0.0,1.8153752534999512e-05,1.3809408301312942e-05,4.173129127593711e-06,1.712169108714079e-07,0.0
3248,adam,1.5625e-05,7.318395233824049e-06,4.481647593479465e-06,2.6449156891317216e-06,1.9183191302118985e-07,0.0,1.7541160559630953e-05,1.2907540622109082e-05,4.4665084715234116e-06,1.671127733970934e-07,0.0
3249,adam,1.5625e-05,7.2856049655456445e-06,4.4051293741631525e-06,2.706426215581814e-06,1.740494210977772e-07,0.0,1.7980146367335692e-05,1.365445314149838e-05,4.152925157541176e-06,1.727681393504099e-07,0.0
3250,adam,1.5625e-05,7.347297554360921e-06,4.412433924017023e-06,2.705604124741967e-06,2.2925950382557403e-07,0.0,1.7782620489015244e-05,1.3490276614902541e-05,4.1293892536486965e-06,1.6295452098802343e-07,0.0
3251,adam,1.5625e-05,7.395805766918784e-06,4.56337954801711e-06,2.6450605545846884e-06,1.8736564921795207e-07,0.0,1.7012767784763128e-05,1.2408442671585362e-05,4.457303930394119e-06,1.4702241912800673e-07,0.0
3252,adam,1.5625e-05,7.502190072727899e-06,4.492358570473698e-06,2.829195594244993e-06,1.8063589113381795e-07,0.0,1.831168628996238e-05,1.386117310175905e-05,4.216486104269279e-06,2.340278228984971e-07,0.0
3253,adam,1.5625e-05,7.491382149282799e-06,4.574941613100236e-06,2.7318979789470177e-06,1.8454255457101e-07,0.0,1.7746839148458093e-05,1.3311593647813424e-05,4.296249699109467e-06,1.3899584416776634e-07,0.0
3254,adam,1.5625e-05,7.2533436537014495e-06,4.356445771236395e-06,2.7266424353911134e-06,1.702554488502983e-07,0.0,1.7750153347151354e-05,1.3192704500397667e-05,4.3831378206959926e-06,1.7430949128538487e-07,0.0
3255,adam,1.5625e-05,7.301025533479333e-06,4.456014863762903e-06,2.6597574276365776e-06,1.8525325629070721e-07,0.0,1.7650052541284822e-05,1.3198546184867155e-05,4.28946441388689e-06,1.6204182884393958e-07,0.0
3256,adam,1.5625e-05,7.3050449316269805e-06,4.480468234646651e-06,2.634776087973023e-06,1.898007226941445e-07,0.0,1.7882750398712233e-05,1.3283234693517443e-05,4.450895175978076e-06,1.486212823920141e-07,0.0
3257,adam,1.5625e-05,7.4291614566845965e-06,4.4960053884324225e-06,2.7301682337110833e-06,2.02987820330236e-07,0.0,1.8359394744038582e-05,1.3803465662931558e-05,4.259240995452274e-06,2.9668748879885243e-07,0.0
3258,adam,1.5625e-05,7.453792534306558e-06,4.504079640810232e-06,2.7252354470874707e-06,2.2447755032573014e-07,0.0,1.7731279513100162e-05,1.3026338820054661e-05,4.4488210733106826e-06,2.5611851128815033e-07,0.0
3259,adam,1.5625e-05,7.351392696364201e-06,4.463028830059557e-06,2.659956230388616e-06,2.2840754265729402e-07,0.0,1.7456424757256173e-05,1.2765191968355794e-05,4.540597274171887e-06,1.5063683633798064e-07,0.0
3260,adam,1.5625e-05,7.255167588482436e-06,4.382997531138244e-06,2.689251019205585e-06,1.8291910297563163e-07,0.0,1.7805963580030948e-05,1.3519141248252708e-05,4.114679086342221e-06,1.7214441072610498e-07,0.0
3261,adam,1.5625e-05,7.289389998277329e-06,4.330330327206866e-06,2.7734564653769667e-06,1.8560317904814383e-07,0.0,1.8148943127016537e-05,1.3909162589698099e-05,4.080654434801545e-06,1.5912770834347612e-07,0.0
3262,adam,1.5625e-05,7.407147734284081e-06,4.533036872089724e-06,2.6821556744494046e-06,1.9195515577052902e-07,0.0,1.750141746015288e-05,1.3056642274023034e-05,4.298797648516484e-06,1.4597800657156768e-07,0.0
3263,adam,1.5625e-05,7.388808967334626e-06,4.484970844487179e-06,2.6886483723842503e-06,2.1518980553025813e-07,0.0,1.7444761397200637e-05,1.2947005416208412e-05,4.328382601670455e-06,1.693734077434783e-07,0.0
3264,adam,1.5625e-05,7.366275497133756e-06,4.36202162745758e-06,2.794002945449847e-06,2.1025084429027174e-07,0.0,1.8002976503339596e-05,1.3562349522544537e-05,4.291923232813133e-06,1.4870376219278114e-07,0.0
3265,adam,1.5625e-05,7.34299391069726e-06,4.531307965294218e-06,2.637092336499336e-06,1.74593513868615e-07,0.0,1.7495516658527777e-05,1.3149027836334426e-05,4.197921953164041e-06,1.4856746588520764e-07,0.0
3266,adam,1.5625e-05,7.296099909126497e-06,4.401288535405001e-06,2.723629208389866e-06,1.711821688843429e-07,0.0,1.795818934624549e-05,1.35409391077701e-05,4.2661868064897135e-06,1.5106272144294053e-07,0.0
3267,adam,1.5625e-05,7.261262027213888e-06,4.4449779323940675e-06,2.6463876992011137e-06,1.6989647910747863e-07,0.0,1.7469059457653202e-05,1.2943168258061633e-05,4.35252104580286e-06,1.7336914481802523e-07,0.0
3268,adam,1.5625e-05,7.2606285641541035e-06,4.360285913662665e-06,2.7340524724195348e-06,1.66290144321124e-07,0.0,1.771030656527728e-05,1.312014319410082e-05,4.415599050844321e-06,1.7456525824854907e-07,0.0
3269,adam,1.5625e-05,7.374464530585101e-06,4.453901880197009e-06,2.7202978145624e-06,2.0026471325707007e-07,0.0,1.7892520190798678e-05,1.3486760508385487e-05,4.240615453454666e-06,1.651447405492945e-07,0.0
3270,adam,1.5625e-05,7.3823689206165e-06,4.5588475501290304e-06,2.6422752199550814e-06,1.8124605372094038e-07,0.0,1.837466516008135e-05,1.3882500752515625e-05,4.301703029341297e-06,1.9046090926622128e-07,0.0
3271,adam,1.5625e-05,7.600350159009395e-06,4.7581576865241004e-06,2.6103660957232933e-06,2.3182635011664843e-07,0.0,1.740238985803444e-05,1.2635048733500298e-05,4.54795508630923e-06,2.193872461475621e-07,0.0
3272,adam,1.5625e-05,7.6008648193237605e-06,4.614486883269819e-06,2.770263847651222e-06,2.1611420208955678e-07,0.0,1.781821993063204e-05,1.3198534361436032e-05,4.3805989662359934e-06,2.3908540924821864e-07,0.0
3273,adam,1.5625e-05,7.577719713935949e-06,4.606892062497536e-06,2.699053453625311e-06,2.717742138003132e-07,0.0,1.7383990780217573e-05,1.258613065147074e-05,4.497250756685389e-06,3.0060965627853875e-07,0.0
3274,adam,1.5625e-05,7.4423251987809635e-06,4.4192255614916576e-06,2.765833912121707e-06,2.5726571983852864e-07,0.0,1.7905682398122735e-05,1.329314909526147e-05,4.388663910503965e-06,2.238688523448218e-07,0.0
3275,adam,1.5625e-05,7.351132524036075e-06,4.460628517222176e-06,2.6939647952417545e-06,1.965392000258248e-07,0.0,1.8089300283463672e-05,1.339592654403532e-05,4.450655069376808e-06,2.427186416298355e-07,0.0
3276,adam,1.5625e-05,7.376914282986036e-06,4.50180689881563e-06,2.6809652027282027e-06,1.9414228624725638e-07,0.0,1.7671567547949962e-05,1.314812743657967e-05,4.311114025767893e-06,2.123243518781237e-07,0.0
3277,adam,1.5625e-05,7.3192194633975305e-06,4.40982938698653e-06,2.7121276531261174e-06,1.9726242328488297e-07,0.0,1.752715434122365e-05,1.3073760783299804e-05,4.308128154661972e-06,1.452666538170888e-07,0.0
3278,adam,1.5625e-05,7.3336778143584525e-06,4.444648041612709e-06,2.7315518451587195e-06,1.5747797288412357e-07,0.0,1.770295057212934e-05,1.336958484898787e-05,4.183867531537544e-06,1.4949959847854188e-07,0.0
3279,adam,1.5625e-05,7.168517839772903e-06,4.401630334882611e-06,2.5911633159125813e-06,1.757241046007607e-07,0.0,1.754685763444286e-05,1.3157433386368211e-05,4.213785814499715e-06,1.7563783671903366e-07,0.0
3280,adam,1.5625e-05,7.1793369613715186e-06,4.367101411162366e-06,2.6529343841730224e-06,1.593011180744952e-07,0.0,1.7504642528365366e-05,1.3199090972193517e-05,4.1711323319759686e-06,1.3442038948596746e-07,0.0
3281,adam,1.5625e-05,7.213756589408149e-06,4.361266832120236e-06,2.678310316639454e-06,1.7417938291686141e-07,0.0,1.7950349501916207e-05,1.3198655324231368e-05,4.532307684712578e-06,2.1938625138773205e-07,0.0
3282,adam,1.5625e-05,7.3302261682783865e-06,4.545102783026778e-06,2.60770495685847e-06,1.7741840085960803e-07,0.0,1.8157503291149624e-05,1.3579096957982983e-05,4.377215191198047e-06,2.0119168198107218e-07,0.0
3283,adam,1.5625e-05,7.347406409508039e-06,4.3975815060548484e-06,2.7029734468442257e-06,2.4685145660896524e-07,0.0,1.7709475287119858e-05,1.3261758795124479e-05,4.271741545380792e-06,1.7597494661458768e-07,0.0
3284,adam,1.5625e-05,7.370137154794065e-06,4.503307948766633e-06,2.6619122195370437e-06,2.049169589568578e-07,0.0,1.8007584003498778e-05,1.3507715266314335e-05,4.261835329089081e-06,2.380327970286089e-07,0.0
3285,adam,1.5625e-05,7.487064095812457e-06,4.560796270425271e-06,2.718384976674315e-06,2.0788291266171655e-07,0.0,1.846607483457774e-05,1.3393714652920607e-05,4.856769010075368e-06,2.1558935259236023e-07,0.0
3286,adam,1.5625e-05,7.499409491629194e-06,4.4541586134982936e-06,2.785341933986274e-06,2.5990887753124525e-07,0.0,1.7654092516750097e-05,1.3182488146412652e-05,4.27651684731245e-06,1.9508671300627611e-07,0.0
3287,adam,1.5625e-05,7.3761456462762e-06,4.41258873706829e-06,2.718706483051392e-06,2.4485046790090337e-07,0.0,1.7600954379304312e-05,1.2756604519381654e-05,4.350791641627438e-06,4.935597530675295e-07,0.0
3288,adam,1.5625e-05,7.396467935905093e-06,4.387379888726173e-06,2.752043165799023e-06,2.570448334182629e-07,0.0,1.8183580323238857e-05,1.3574059266829863e-05,4.433346020960016e-06,1.7617411174342124e-07,0.0
3289,adam,1.5625e-05,7.429365666666854e-06,4.478840494925862e-06,2.7733820076036864e-06,1.771431286101688e-07,0.0,1.7938396922545508e-05,1.3633991329697892e-05,4.094340965821175e-06,2.1006454176131228e-07,0.0
3290,adam,1.5625e-05,7.272064266317102e-06,4.460081925117265e-06,2.610018349002985e-06,2.019638838390847e-07,0.0,1.741293272061739e-05,1.3030037735006772e-05,4.207610345474677e-06,1.7528525120269478e-07,0.0
3291,adam,1.5625e-05,7.166934324231988e-06,4.406501631137871e-06,2.5847831963687895e-06,1.7564951715343113e-07,0.0,1.7655749616096728e-05,1.3221585504652467e-05,4.278849701222498e-06,1.5531452390860068e-07,0.0
3292,adam,1.5625e-05,7.20441212820333e-06,4.368401548049405e-06,2.6339606193914733e-06,2.020498381938296e-07,0.0,1.7525013390695676e-05,1.3063725418760441e-05,4.276011168258265e-06,1.8527759948483435e-07,0.0
3293,adam,1.5625e-05,7.177325045404359e-06,4.373633231580243e-06,2.6349116666324335e-06,1.6878018982424692e-07,0.0,1.771997267496772e-05,1.337794674327597e-05,4.199694103590446e-06,1.4233272338515235e-07,0.0
3294,adam,1.5625e-05,7.330126777560508e-06,4.4167086628021934e-06,2.741138573014723e-06,1.7227957549437178e-07,0.0,1.7835767721408047e-05,1.3447871424432378e-05,4.1910188883775845e-06,1.9687868757500837e-07,0.0
3295,adam,1.5625e-05,7.431794500689648e-06,4.49858151796434e-06,2.724279539734198e-06,2.0893351315720565e-07,0.0,1.7757178284227848e-05,1.33127095978125e-05,4.300069122109562e-06,1.4439817164202395e-07,0.0
3296,adam,1.5625e-05,7.398798942404028e-06,4.483722278791902e-06,2.676381186006438e-06,2.3869551579736026e-07,0.0,1.7778722394723445e-05,1.3414362001640256e-05,4.209464805171592e-06,1.5489638371946057e-07,0.0
3297,adam,1.5625e-05,7.379844987553952e-06,4.4487248231916965e-06,2.7246528802038483e-06,2.0646728771112066e-07,0.0,1.7880205632536672e-05,1.3470283192873467e-05,4.206942321616225e-06,2.0297854064210696e-07,0.0
3298,adam,1.5625e-05,7.453053655126496e-06,4.4839735267032665e-06,2.7628473731056147e-06,2.062327757457183e-07,0.0,1.8222566723125055e-05,1.3846880392520688e-05,4.196601366857067e-06,1.7908483584960777e-07,0.0
3299,adam,1.5625e-05,7.369723022065955e-06,4.501762163044987e-06,2.6450174175352004e-06,2.2294347346019094e-07,0.0,1.7525529983686283e-05,1.295052879868308e-05,4.340834948379779e-06,2.3416497185735352e-07,0.0
3300,adam,1.5625e-05,7.281833319439102e-06,4.4618030443643875e-06,2.644064913681632e-06,1.7596530632602025e-07,0.0,1.8283719327882864e-05,1.3741156180913094e-05,4.366746907180641e-06,1.758154866138284e-07,0.0
3301,adam,1.5625e-05,7.445854095067261e-06,4.580359671990664e-06,2.6480742718604233e-06,2.1742005884561877e-07,0.0,1.7802934962674044e-05,1.32848545035813e-05,4.251011887390632e-06,2.670690264494624e-07,0.0
3302,adam,1.5625e-05,7.436857117681939e-06,4.4895665496369475e-06,2.7310328434282383e-06,2.1625780366463232e-07,0.0,1.8492835806682706e-05,1.4079489119467326e-05,4.162316145084333e-06,2.5103207690335694e-07,0.0
3303,adam,1.5625e-05,7.460875423248581e-06,4.414196283164529e-06,2.8519104091628833e-06,1.9476877621826816e-07,0.0,1.769031587173231e-05,1.3066630344837904e-05,4.436884410097264e-06,1.8680078994748328e-07,0.0
3304,adam,1.5625e-05,7.426037029745203e-06,4.508220783350225e-06,2.6645380160061904e-06,2.532783272002348e-07,0.0,1.7808402844821103e-05,1.3199930435803253e-05,4.4244848140806425e-06,1.83987154400711e-07,0.0
3305,adam,1.5625e-05,7.337796915862782e-06,4.503929446286747e-06,2.644053950007219e-06,1.8981354710234655e-07,0.0,1.7978609321289696e-05,1.3603030311060138e-05,4.174298737780191e-06,2.0128072719671763e-07,0.0
3306,adam,1.5625e-05,7.296696452385731e-06,4.547296384771471e-06,2.5617824448431747e-06,1.8761763165286993e-07,0.0,1.7306805602856912e-05,1.2607187272806186e-05,4.4936168706044555e-06,2.0600187156105676e-07,0.0
3307,adam,1.5625e-05,7.250759523458328e-06,4.301152799257579e-06,2.7538004587768228e-06,1.958063711171576e-07,0.0,1.8558081137598492e-05,1.4337262655317318e-05,4.0488580452802125e-06,1.7196050805523555e-07,0.0
3308,adam,1.5625e-05,7.318597141647842e-06,4.4805574646034074e-06,2.6092886997730602e-06,2.2875095595509265e-07,0.0,1.7471867977292277e-05,1.2943477486260235e-05,4.31502166975406e-06,2.1336924760362308e-07,0.0
3309,adam,1.5625e-05,7.3140853089626034e-06,4.456349671499993e-06,2.6382676594494114e-06,2.1946796202598762e-07,0.0,1.8010618077823892e-05,1.339046320936177e-05,4.43660564997117e-06,1.8354904796069604e-07,0.0
3310,adam,1.5625e-05,7.342505284668732e-06,4.4709198618875234e-06,2.6807745712176256e-06,1.9081083380001473e-07,0.0,1.7633730749366805e-05,1.312868971581338e-05,4.314169473218499e-06,1.9087249825133767e-07,0.0
3311,adam,1.5625e-05,7.264333618195451e-06,4.36158401839748e-06,2.710093902180688e-06,1.9265568251825016e-07,0.0,1.839694414229598e-05,1.3422391020867508e-05,4.7547473513986915e-06,2.1980422104661557e-07,0.0
3312,adam,1.5625e-05,7.418602621100945e-06,4.494408813116024e-06,2.6927546485921994e-06,2.3143918514989537e-07,0.0,1.7816120816860348e-05,1.3123377357260324e-05,4.480921688809758e-06,2.1182182763368473e-07,0.0
3313,adam,1.5625e-05,7.432873758261849e-06,4.362020803228006e-06,2.803778663462708e-06,2.6707427647210125e-07,0.0,1.885942583612632e-05,1.4749572073924355e-05,3.9758569982950576e-06,1.3399636600297526e-07,0.0
3314,adam,1.5625e-05,7.251185678569527e-06,4.513976392672703e-06,2.5699634775833147e-06,1.6724590512495752e-07,0.0,1.7608866983209737e-05,1.3062010111752898e-05,4.404549599712482e-06,1.423068880512801e-07,0.0
3315,adam,1.5625e-05,7.231352384451384e-06,4.264644118734395e-06,2.7483927169669187e-06,2.1831557628360088e-07,0.0,1.8114720660378225e-05,1.379517198074609e-05,4.104734671273036e-06,2.1481314149696118e-07,0.0
3316,adam,1.5625e-05,7.313762722560568e-06,4.450502956387936e-06,2.630990152852064e-06,2.322696373013855e-07,0.0,1.7549960830365308e-05,1.2880390386271756e-05,4.470907242648536e-06,1.986619366789455e-07,0.0
3317,adam,1.5625e-05,7.285398510248342e-06,4.375940420686675e-06,2.7060576002213566e-06,2.0340047779399129e-07,0.0,1.831308691180311e-05,1.413004156347597e-05,4.041371084895218e-06,1.4167324025038397e-07,0.0
3318,adam,1.5625e-05,7.247879068472685e-06,4.401221090688523e-06,2.6302343343331813e-06,2.1642364522733715e-07,0.0,1.7476189896115102e-05,1.26899394672364e-05,4.4701214392262045e-06,3.161293591347203e-07,0.0
3319,adam,1.5625e-05,7.3587125939411635e-06,4.417065440520673e-06,2.697890579383966e-06,2.4375658114195176e-07,0.0,1.7805576135287993e-05,1.3399751878750976e-05,4.2139654397033155e-06,1.9185777944130677e-07,0.0
3320,adam,1.5625e-05,7.300230493001436e-06,4.390075190485732e-06,2.6975632820835926e-06,2.1259186411271003e-07,0.0,1.7626214685151353e-05,1.3119001778250095e-05,4.3407217162894085e-06,1.6649300960125402e-07,0.0
3321,adam,1.5625e-05,7.24477015978664e-06,4.4485271786243175e-06,2.6177275103123065e-06,1.785153518341076e-07,0.0,1.7452368410886265e-05,1.2917498679598793e-05,4.335652192821726e-06,1.9921834848446451e-07,0.0
3322,adam,1.5625e-05,7.226635659662861e-06,4.421417258981819e-06,2.6331712987825995e-06,1.7204707081219794e-07,0.0,1.7992573702940717e-05,1.367104869132163e-05,4.163887751928996e-06,1.5763691862957785e-07,0.0
3323,adam,1.5625e-05,7.323634662270706e-06,4.511958351827161e-06,2.6483774888674816e-06,1.6329867591480252e-07,0.0,1.755376797518693e-05,1.2976555808563717e-05,4.310990789235802e-06,2.6622186055647035e-07,0.0
3324,adam,1.5625e-05,7.429646359469189e-06,4.509303664690378e-06,2.739316819599935e-06,1.8102587873158882e-07,0.0,1.791034264897462e-05,1.348454588878667e-05,4.222069946990814e-06,2.037260458109813e-07,0.0
3325,adam,1.5625e-05,7.281071219722435e-06,4.528794278257919e-06,2.570097265675031e-06,1.8217968733580392e-07,0.0,1.7778656911104918e-05,1.3264274457469583e-05,4.34418507211376e-06,1.701974241541393e-07,0.0
3326,adam,1.5625e-05,7.306238387627673e-06,4.44350155248685e-06,2.6599756353107296e-06,2.027612868715778e-07,0.0,1.8243479644297622e-05,1.3621539437735919e-05,4.449325388122816e-06,1.7261486107145174e-07,0.0
3327,adam,1.5625e-05,7.25648820321112e-06,4.348584354829654e-06,2.7216559175258226e-06,1.8624784559051477e-07,0.0,1.762196006893646e-05,1.3034887160756625e-05,4.3923864723183215e-06,1.9468693324142805e-07,0.0
3328,adam,1.5625e-05,7.290604855825222e-06,4.458104513105354e-06,2.6493790983295185e-06,1.831211546843292e-07,0.0,1.7418075003661215e-05,1.2893337952846196e-05,4.357628768048016e-06,1.67108552773243e-07,0.0
3329,adam,1.5625e-05,7.313326676694487e-06,4.482832835606132e-06,2.660521801089999e-06,1.6997209506541822e-07,0.0,1.748164140735753e-05,1.2898561180918477e-05,4.361055289336946e-06,2.2202650029612414e-07,0.0
3330,adam,1.5625e-05,7.31865264924636e-06,4.4033911308360985e-06,2.72254821709339e-06,1.9271318496549839e-07,0.0,1.8441654901835136e-05,1.3982574273541104e-05,4.106859705643728e-06,3.5221987104705477e-07,0.0
3331,adam,1.5625e-05,7.435335618311001e-06,4.546888860090803e-06,2.601452422368311e-06,2.8699429588385783e-07,0.0,1.79606049641734e-05,1.3456122360366862e-05,4.2623055378498975e-06,2.4217652594415995e-07,0.0
3332,adam,1.5625e-05,7.542975851038136e-06,4.515308376085159e-06,2.72722840577444e-06,3.0043915444366576e-07,0.0,1.8340004316996783e-05,1.3913107068219688e-05,4.15393242292339e-06,2.729649111188337e-07,0.0
3333,adam,1.5625e-05,7.548940374135782e-06,4.4957142790735816e-06,2.736741123499087e-06,3.1648504528192234e-07,0.0,1.8240736608277075e-05,1.38342666105018e-05,4.212372914480511e-06,1.9409706908390945e-07,0.0
3334,adam,1.5625e-05,7.473113981859569e-06,4.609269893762757e-06,2.6416986855792857e-06,2.2214545669640984e-07,0.0,1.7902697436511517e-05,1.3425338693195954e-05,4.237310349708423e-06,2.4004751253414724e-07,0.0
3335,adam,1.5625e-05,7.254451503513337e-06,4.432100539020212e-06,2.6164885298385343e-06,2.0586249593890216e-07,0.0,1.782298022590112e-05,1.341764709650306e-05,4.244332103553461e-06,1.6099988897622097e-07,0.0
3336,adam,1.5625e-05,7.356875187269907e-06,4.475413817317531e-06,2.661000884529585e-06,2.204604196975879e-07,0.0,1.7765583834261633e-05,1.3382331417233218e-05,4.190103027212899e-06,1.9315019983423554e-07,0.0
3337,adam,1.5625e-05,7.332789095926273e-06,4.41811219786814e-06,2.7104716124881634e-06,2.0420523139108582e-07,0.0,1.812801929190755e-05,1.331090879830299e-05,4.556330168270506e-06,2.607804105991818e-07,0.0
3338,adam,1.5625e-05,7.3545132295294025e-06,4.422700570216875e-06,2.7262264410410353e-06,2.055861134664383e-07,0.0,1.796307333279401e-05,1.356736811430892e-05,4.191630068817176e-06,2.0407571810210356e-07,0.0
3339,adam,1.5625e-05,7.1551177143192035e-06,4.341591619549945e-06,2.6356736952948268e-06,1.7785231776201726e-07,0.0,1.783349216566421e-05,1.3464035873766989e-05,4.144938429817557e-06,2.245171515369293e-07,0.0
3340,adam,1.5625e-05,7.36077257101897e-06,4.448121785571857e-06,2.6652150566519595e-06,2.474356826098756e-07,0.0,1.8042359442915767e-05,1.334137050434947e-05,4.45399564341642e-06,2.469938067406474e-07,0.0
3341,adam,1.5625e-05,7.238428707978528e-06,4.377866119398277e-06,2.66448652297413e-06,1.9607605405980166e-07,0.0,1.7871538148028776e-05,1.3277466678118799e-05,4.384953626868082e-06,2.091191078079646e-07,0.0
3342,adam,1.5625e-05,7.2360070362265105e-06,4.391364427647204e-06,2.628178783936619e-06,2.164638539525754e-07,0.0,1.7847909475676715e-05,1.3305300853971858e-05,4.310039912525099e-06,2.3256936287907592e-07,0.0
3343,adam,1.5625e-05,7.3180929121008376e-06,4.443247931362748e-06,2.665659394551767e-06,2.091856394770275e-07,0.0,1.7446429410483688e-05,1.2934318874613382e-05,4.3621780605462845e-06,1.4993212005265377e-07,0.0
3344,adam,1.5625e-05,7.214174274849938e-06,4.330605577251845e-06,2.7099181636458525e-06,1.7365047977335735e-07,0.0,1.8055332475341856e-05,1.3646221304952633e-05,4.243212970322929e-06,1.6589962115176604e-07,0.0
3345,adam,1.5625e-05,7.286313547183454e-06,4.472978176295328e-06,2.5845719022754565e-06,2.2876350858069827e-07,0.0,1.77100610017078e-05,1.3146698620403185e-05,4.314099896873813e-06,2.492610633453296e-07,0.0
3346,adam,1.5625e-05,7.33608101199934e-06,4.435091966570326e-06,2.706415102693427e-06,1.9457394095923064e-07,0.0,1.7887978174258024e-05,1.3427898920781445e-05,4.284997430659132e-06,1.750813822809505e-07,0.0
3347,adam,1.5625e-05,7.39685532380463e-06,4.382649706258235e-06,2.830071267112544e-06,1.8413442681719516e-07,0.0,1.7742802810971625e-05,1.329019960394362e-05,4.2618412408046424e-06,1.9076320256772306e-07,0.0
3348,adam,1.5625e-05,7.197607288844665e-06,4.319852649814493e-06,2.710776627168343e-06,1.669780234081486e-07,0.0,1.8429567717248574e-05,1.4183620805852115e-05,4.101261765754316e-06,1.4468552933522005e-07,0.0
3349,adam,1.5625e-05,7.411609317387047e-06,4.605145988989534e-06,2.6191577688905454e-06,1.8730537387767754e-07,0.0,1.7483383999206126e-05,1.3158923138689715e-05,4.153258942096727e-06,1.712019752631022e-07,0.0
3350,adam,1.5625e-05,7.295716329736024e-06,4.397877489736857e-06,2.7021942727856185e-06,1.956444943829183e-07,0.0,1.820384022721555e-05,1.3222548659541644e-05,4.760937827086309e-06,2.2035395375041844e-07,0.0
3351,adam,1.5625e-05,7.4938800196378e-06,4.374876894530644e-06,2.900171494957249e-06,2.18831615050874e-07,0.0,1.806835825846065e-05,1.3077156836516224e-05,4.646092747861985e-06,3.4510705404500186e-07,0.0
3352,adam,1.5625e-05,7.498294820607043e-06,4.521693199421861e-06,2.739979535704151e-06,2.3662210590913446e-07,0.0,1.778959449438844e-05,1.3285537534102332e-05,4.214248747302918e-06,2.898088382607966e-07,0.0
3353,adam,1.5625e-05,7.215942702032407e-06,4.2996648801363335e-06,2.695140537412044e-06,2.211372844840298e-07,0.0,1.8264781829202548e-05,1.370125846733572e-05,4.409438133734511e-06,1.5408393494453776e-07,0.0
3354,adam,1.5625e-05,7.44716300005166e-06,4.390401059595206e-06,2.8486930716553616e-06,2.080689531780422e-07,0.0,1.7884138287627138e-05,1.3399057024798822e-05,4.3133613871759735e-06,1.7172010302601848e-07,0.0
3355,adam,1.5625e-05,7.352304237429053e-06,4.449907592629643e-06,2.676050357308668e-06,2.2634629193163391e-07,0.0,1.7795582607504912e-05,1.325680932495743e-05,4.385932697914541e-06,1.5284099674772733e-07,0.0
3356,adam,1.5625e-05,7.389502059140796e-06,4.483499537855096e-06,2.7336670740396585e-06,1.7233536997451893e-07,0.0,1.761458770488389e-05,1.326387791777961e-05,4.208890004520072e-06,1.418187167701035e-07,0.0
3357,adam,1.5625e-05,7.223515950727233e-06,4.423548674026279e-06,2.639152469896544e-06,1.6081481080121307e-07,0.0,1.7895603377837688e-05,1.3482615941029508e-05,4.186410478723701e-06,2.2657665965652996e-07,0.0
3358,adam,1.5625e-05,7.36988243943415e-06,4.45410839233773e-06,2.6458202171397716e-06,2.699538521611089e-07,0.0,1.813862763810903e-05,1.3729708371101879e-05,4.13227917306358e-06,2.7663949708767177e-07,0.0
3359,adam,1.5625e-05,7.306704020493271e-06,4.379545302413135e-06,2.694507706735294e-06,2.3265105486558468e-07,0.0,1.8237944459542632e-05,1.380072262691101e-05,4.261446520104073e-06,1.7577637834165216e-07,0.0
3360,adam,1.5625e-05,7.432545970686988e-06,4.5380865287825145e-06,2.681055221387396e-06,2.1340418676629724e-07,0.0,1.828012136684265e-05,1.3597175893664826e-05,4.375381649879273e-06,3.0756382329855114e-07,0.0
3361,adam,1.5625e-05,7.397343210868712e-06,4.507258921648827e-06,2.6675759556837875e-06,2.2250839482040874e-07,0.0,1.7578682673047297e-05,1.3211451005190611e-05,4.1559401324775536e-06,2.1129244487383403e-07,0.0
3362,adam,1.5625e-05,7.106231436182497e-06,4.316387745006978e-06,2.600663492557942e-06,1.891802732245651e-07,0.0,1.7872245734906755e-05,1.365223761240486e-05,4.015062131657032e-06,2.0494617558597383e-07,0.0
3363,adam,1.5625e-05,7.402754789609389e-06,4.480550614971435e-06,2.6977056819532663e-06,2.244984322885557e-07,0.0,1.8236371033708565e-05,1.3676551134267356e-05,4.380591235531028e-06,1.7922936024206138e-07,0.0
3364,adam,1.5625e-05,7.481717517521247e-06,4.545059169913657e-06,2.746837239442357e-06,1.898212769191332e-07,0.0,1.7536964151076972e-05,1.2792593224730808e-05,4.449735570233315e-06,2.9463646455951675e-07,0.0
3365,adam,1.5625e-05,7.261231644406507e-06,4.416343685420543e-06,2.6494408587041107e-06,1.9544697504869646e-07,0.0,1.7462325558881275e-05,1.3019882317166775e-05,4.256215106579475e-06,1.8622763775510975e-07,0.0
3366,adam,1.5625e-05,7.262410065322911e-06,4.408519941989653e-06,2.667121627553115e-06,1.867684149559068e-07,0.0,1.8046939658233896e-05,1.3495120583684184e-05,4.366078428574838e-06,1.857408307159858e-07,0.0
3367,adam,1.5625e-05,7.263190639150707e-06,4.494072300076368e-06,2.5852591747366205e-06,1.8385908528983919e-07,0.0,1.7985692466027103e-05,1.3551165466196835e-05,4.277949301467743e-06,1.565772862477388e-07,0.0
3368,adam,1.5625e-05,7.2120804475162e-06,4.345658979332256e-06,2.709281353929782e-06,1.5714007872702496e-07,0.0,1.7489257515990175e-05,1.2899889952677768e-05,4.444872956810286e-06,1.4449517493630992e-07,0.0
3369,adam,1.5625e-05,7.228355173083401e-06,4.409598048482621e-06,2.6120493430425995e-06,2.0670786771148641e-07,0.0,1.7794312952901237e-05,1.3495556231646333e-05,4.140069904678967e-06,1.586860065572182e-07,0.0
3370,adam,1.5625e-05,7.305039702032445e-06,4.430729916293785e-06,2.6531356098757897e-06,2.21174109249489e-07,0.0,1.79039197973907e-05,1.3302360457601026e-05,4.372468993096845e-06,2.2909073038590577e-07,0.0
3371,adam,1.5625e-05,7.320831059587363e-06,4.407482535384588e-06,2.670756089173665e-06,2.4259242437096873e-07,0.0,1.8155409634346142e-05,1.3311815564520657e-05,4.6380246203625575e-06,2.055697478908769e-07,0.0
3372,adam,1.5625e-05,7.477675183054089e-06,4.569343474258858e-06,2.6614190886675715e-06,2.469127400317461e-07,0.0,1.7688573279883713e-05,1.3078215488349088e-05,4.3824534259329084e-06,2.2790489140334103e-07,0.0
3373,adam,1.5625e-05,7.289472534921515e-06,4.378840372964987e-06,2.712905484258954e-06,1.9772672832374383e-07,0.0,1.7897136785904877e-05,1.370890731777763e-05,4.048929895361653e-06,1.3930042541687726e-07,0.0
3374,adam,1.5625e-05,7.3276296745916625e-06,4.424783114131969e-06,2.7117120566799713e-06,1.9113452154329025e-07,0.0,1.835887633205857e-05,1.35737700475147e-05,4.557656211545691e-06,2.274497177268131e-07,0.0
3375,adam,1.5625e-05,7.238642865559086e-06,4.370934277631022e-06,2.6729039959150214e-06,1.9480466662002982e-07,0.0,1.793513547454495e-05,1.3570755072578322e-05,4.193770109850448e-06,1.7060992263395747e-07,0.0
3376,adam,1.5625e-05,7.3592291869317705e-06,4.536420419753995e-06,2.6252372649082645e-06,1.9757156355382222e-07,0.0,1.7559192201588303e-05,1.2928317119076382e-05,4.436988092493266e-06,1.938869758077999e-07,0.0
3377,adam,1.5625e-05,7.258880629024134e-06,4.394009806674148e-06,2.665584858618786e-06,1.9928602590368882e-07,0.0,1.773497751855757e-05,1.3339307770365849e-05,4.224858912493801e-06,1.7080948566672305e-07,0.0
3378,adam,1.5625e-05,7.19614902777721e-06,4.367726234022484e-06,2.658756045548216e-06,1.696667881745384e-07,0.0,1.7374264643876813e-05,1.2829183106077835e-05,4.398391865834128e-06,1.466883787770712e-07,0.0
3379,adam,1.5625e-05,7.18738343152836e-06,4.363032502396891e-06,2.6565076751694505e-06,1.6784318379592378e-07,0.0,1.8284730685991235e-05,1.3990430488775019e-05,4.117041953577427e-06,1.7725810153024213e-07,0.0
3380,adam,1.5625e-05,7.325147123538045e-06,4.457598706153476e-06,2.6748764128115e-06,1.9267191220251334e-07,0.0,1.7809588825912215e-05,1.3306593245943077e-05,4.3263266888970975e-06,1.7666982898845163e-07,0.0
3381,adam,1.5625e-05,7.202811872275561e-06,4.448697609404917e-06,2.5596686228368526e-06,1.9444569687721014e-07,0.0,1.801235157472547e-05,1.3451382983475924e-05,4.353192707640119e-06,2.0777565623575356e-07,0.0
3382,adam,1.5625e-05,7.374745081278888e-06,4.41543720341997e-06,2.7463067340249836e-06,2.1300111097133367e-07,0.0,1.8077615095535293e-05,1.3812734323437326e-05,4.021716449642554e-06,2.4316406666002877e-07,0.0
3383,adam,1.5625e-05,7.283852340833619e-06,4.3760232131262455e-06,2.6745256818117014e-06,2.3330343967842282e-07,0.0,1.8038135749520734e-05,1.3768282769888174e-05,4.107607765035937e-06,1.6224414878251991e-07,0.0
3384,adam,1.5625e-05,7.16475719286791e-06,4.383366444926651e-06,2.622495117066137e-06,1.5889554028092334e-07,0.0,1.7997821487369947e-05,1.3594364645541646e-05,4.240167527314043e-06,1.6328833396528353e-07,0.0
3385,adam,1.5625e-05,7.1167024202623e-06,4.433028834682773e-06,2.520434108532754e-06,1.6323949303398422e-07,0.0,1.7375532479491085e-05,1.2923140275233891e-05,4.281384008208988e-06,1.7100794025282084e-07,0.0
3386,adam,1.5625e-05,7.087935586014282e-06,4.290807225970639e-06,2.6369978485263346e-06,1.6013043957485706e-07,0.0,1.8042810552287847e-05,1.374946441501379e-05,4.131214154767804e-06,1.6213203934967169e-07,0.0
3387,adam,1.5625e-05,7.179405798751759e-06,4.363005032814726e-06,2.6319228112470228e-06,1.8447799110532515e-07,0.0,1.8241646102978848e-05,1.4078164895181544e-05,4.030426680401433e-06,1.3305351842518576e-07,0.0
3388,adam,1.5625e-05,7.207028403399818e-06,4.458901642578894e-06,2.5731870607614837e-06,1.7493969739490467e-07,0.0,1.7140271665994078e-05,1.272705412702635e-05,4.241550414008088e-06,1.716666560014346e-07,0.0
3389,adam,1.5625e-05,7.253307870769277e-06,4.37116268869886e-06,2.699301411723809e-06,1.8284383340727572e-07,0.0,1.8198939869762398e-05,1.3838714949088171e-05,4.149685992160812e-06,2.1053902798939816e-07,0.0
3390,adam,1.5625e-05,7.41428519290821e-06,4.473443027563917e-06,2.7237349797815114e-06,2.1710717668099733e-07,0.0,1.760460145305842e-05,1.3158537512936164e-05,4.281564088159939e-06,1.6449946826924133e-07,0.0
3391,adam,1.5625e-05,7.4204014595125045e-06,4.3849892392699985e-06,2.813262511836001e-06,2.2214963557587453e-07,0.0,1.8509754227125086e-05,1.3921157915319782e-05,4.369662747194525e-06,2.189332093394114e-07,0.0
3392,adam,1.5625e-05,7.3174660997210594e-06,4.41879157619951e-06,2.6407121751503837e-06,2.5796232350216997e-07,0.0,1.8263534002471715e-05,1.3715754903387278e-05,4.305025413486874e-06,2.427528045245708e-07,0.0
3393,adam,1.5625e-05,7.226564548545866e-06,4.400336052867715e-06,2.5853689322730133e-06,2.408595296543581e-07,0.0,1.8014545275946148e-05,1.3353178474062588e-05,4.474784418562194e-06,1.8658228384538234e-07,0.0
3394,adam,1.5625e-05,7.253769439330426e-06,4.445017367515902e-06,2.64534875782374e-06,1.6340323316654803e-07,0.0,1.8165615983889438e-05,1.3522801054932643e-05,4.444234491529642e-06,1.9858131850014615e-07,0.0
3395,adam,1.5625e-05,7.431073584029946e-06,4.457441377780924e-06,2.773473582351471e-06,2.001587606770272e-07,0.0,1.8304717741557397e-05,1.3741866496275179e-05,4.397548309498234e-06,1.653027226211634e-07,0.0
3396,adam,1.5625e-05,7.199759494369573e-06,4.3742390118950425e-06,2.6195031210818343e-06,2.0601740757797415e-07,0.0,1.7574813682585955e-05,1.3068451153230853e-05,4.278488177078543e-06,2.2787325804074499e-07,0.0
3397,adam,1.5625e-05,7.189461939560715e-06,4.320935474311227e-06,2.6414094378424124e-06,2.271169865508682e-07,0.0,1.801625512598548e-05,1.3660363947565202e-05,4.078209713043179e-06,2.776810106297489e-07,0.0
3398,adam,1.5625e-05,7.319081106516023e-06,4.397277692191892e-06,2.6322996404815058e-06,2.895037569672354e-07,0.0,1.7499980458524078e-05,1.2945964954269584e-05,4.361012997833313e-06,1.9300129849852965e-07,0.0
3399,adam,1.5625e-05,7.268031225748928e-06,4.4416423463644605e-06,2.5973644142140984e-06,2.2902449092754296e-07,0.0,1.8070186342811212e-05,1.3632411537400912e-05,4.1639509618107695e-06,2.738230762133753e-07,0.0
3400,adam,1.5625e-05,7.150060696403671e-06,4.28529965290636e-06,2.6064270954861968e-06,2.583339462347567e-07,0.0,1.8070404621539637e-05,1.3827829207002651e-05,4.056908437632956e-06,1.8566728954283462e-07,0.0
3401,adam,1.5625e-05,7.325291193183148e-06,4.430742606587046e-06,2.609305347789359e-06,2.8524317219336126e-07,0.0,1.74436645465903e-05,1.28994961414719e-05,4.38899496657541e-06,1.5517409224230505e-07,0.0
3402,adam,1.5625e-05,7.220078856562395e-06,4.364955202618148e-06,2.6304691829182048e-06,2.246545118822496e-07,0.0,1.826135667215567e-05,1.3814045814797282e-05,4.183995770290494e-06,2.633153144415701e-07,0.0
3403,adam,1.5625e-05,7.379164770782154e-06,4.447572351296003e-06,2.690399007576616e-06,2.411934243440328e-07,0.0,1.7577942344360054e-05,1.3290050446812529e-05,4.117579919693526e-06,1.703122194385287e-07,0.0
3404,adam,1.5625e-05,7.1358359718942665e-06,4.301406164586297e-06,2.6509108792538427e-06,1.835189831211892e-07,0.0,1.7772203136701137e-05,1.3511613360606134e-05,4.095669282833114e-06,1.6492040799676033e-07,0.0
3405,adam,1.5625e-05,7.147790796580011e-06,4.417478791651774e-06,2.537494808052543e-06,1.928171826648395e-07,0.0,1.7624195606913418e-05,1.2765296560246497e-05,4.671682745538419e-06,1.8721507899499557e-07,0.0
3406,adam,1.5625e-05,7.18899363505443e-06,4.282378469611103e-06,2.678954118096044e-06,2.2766105978178075e-07,0.0,1.7729935279930942e-05,1.3460525224218145e-05,4.128626187593909e-06,1.4078383969717834e-07,0.0
3407,adam,1.5625e-05,7.153564183681738e-06,4.2654523042529036e-06,2.6737435518953134e-06,2.1436838348876108e-07,0.0,1.7806894902605563e-05,1.354706910206005e-05,4.082802661287133e-06,1.770240913856469e-07,0.0
3408,adam,1.5625e-05,7.095042406035645e-06,4.353653793032208e-06,2.544514543956211e-06,1.9687401575652075e-07,0.0,1.8018590708379634e-05,1.370799418509705e-05,4.112700025871163e-06,1.9789740690612234e-07,0.0
3409,adam,1.5625e-05,7.136040323985071e-06,4.294229995593923e-06,2.667434451097961e-06,1.7437587729318693e-07,0.0,1.7810529243433848e-05,1.3457040040520951e-05,4.13770158047555e-06,2.1578686926204682e-07,0.0
3410,adam,1.5625e-05,7.142280168181969e-06,4.3803439808698386e-06,2.5714460747394696e-06,1.9049004951199322e-07,0.0,1.7681577446637675e-05,1.3156034583516885e-05,4.376663127914071e-06,1.4887977783928363e-07,0.0
3411,adam,1.5625e-05,7.435815149392511e-06,4.569498884166023e-06,2.655162084863605e-06,2.1115419812645086e-07,0.0,1.880859417724423e-05,1.411001903761644e-05,4.463237019081134e-06,2.3533637261152762e-07,0.0
3412,adam,1.5625e-05,7.525092598825722e-06,4.522629041048276e-06,2.782516006050173e-06,2.1994747712028584e-07,0.0,1.8447575712343678e-05,1.4148040463624056e-05,4.07317747885827e-06,2.2635919094682322e-07,0.0
3413,adam,1.5625e-05,7.347773333776786e-06,4.536588249948181e-06,2.5841862267839133e-06,2.2699889790089856e-07,0.0,1.7336595192318782e-05,1.277276714972686e-05,4.365913810033817e-06,1.9791342253938637e-07,0.0
3414,adam,1.5625e-05,7.273335853597018e-06,4.448028420256378e-06,2.642905954530761e-06,1.8240151433701612e-07,0.0,1.8187163732363842e-05,1.3972234228276648e-05,3.978704626206309e-06,2.3622420997071458e-07,0.0
3415,adam,1.5625e-05,7.319965760643754e-06,4.394641081262307e-06,2.686934223561366e-06,2.3839050555807262e-07,0.0,1.7927683074958622e-05,1.3350962035474367e-05,4.329368493927177e-06,2.473543645464815e-07,0.0
3416,adam,1.5625e-05,7.3263263402623124e-06,4.454315273960674e-06,2.6013929641521827e-06,2.7061813945294944e-07,0.0,1.7590207789908163e-05,1.2860615242971107e-05,4.468546649150085e-06,2.6104501671397884e-07,0.0
3417,adam,1.5625e-05,7.215231931922972e-06,4.387710418995994e-06,2.625754348173359e-06,2.0176718074083055e-07,0.0,1.8018792616203427e-05,1.3487114301824477e-05,4.353074473328888e-06,1.7860347156783973e-07,0.0
3418,adam,1.5625e-05,7.227783783037012e-06,4.3810675549593725e-06,2.657508439085632e-06,1.8920773747765907e-07,0.0,1.740556035656482e-05,1.3011258488404565e-05,4.19693651565467e-06,1.973663046328511e-07,0.0
3419,adam,1.5625e-05,7.320388817788626e-06,4.421360671358343e-06,2.6447614374092154e-06,2.5426668592842816e-07,0.0,1.750516821630299e-05,1.2680809049925301e-05,4.63473270428949e-06,1.896262489253786e-07,0.0
3420,adam,1.5625e-05,7.207211467630259e-06,4.344642036357982e-06,2.6674728488274013e-06,1.9509661441929893e-07,0.0,1.776033968781121e-05,1.3430511899059638e-05,4.156807790423045e-06,1.73020069382801e-07,0.0
3421,adam,1.5625e-05,7.234777882558774e-06,4.3661123214633335e-06,2.653063468471828e-06,2.1560209617632609e-07,0.0,1.7923857740242966e-05,1.3587391549663153e-05,4.166405233263504e-06,1.7006163943733554e-07,0.0
3422,adam,1.5625e-05,7.154223254701719e-06,4.360677834824855e-06,2.5885805570169396e-06,2.0496484598453435e-07,0.0,1.800192148948554e-05,1.3490087440004572e-05,4.3363038457755465e-06,1.755301042294377e-07,0.0
3423,adam,1.5625e-05,7.100945282445537e-06,4.356857971288264e-06,2.564931754989175e-06,1.791556067942679e-07,0.0,1.794117815734353e-05,1.3308160305314232e-05,4.449837888387265e-06,1.8317969363579323e-07,0.0
3424,adam,1.5625e-05,7.175339362675004e-06,4.3756654832805e-06,2.6329316540341097e-06,1.6674225022939027e-07,0.0,1.7538786778459325e-05,1.3081381439405959e-05,4.280188932170859e-06,1.7721680478643975e-07,0.0
3425,adam,1.5625e-05,7.220056545520492e-06,4.414825099274822e-06,2.6108320838602594e-06,1.943993792608012e-07,0.0,1.8093571270583197e-05,1.3474007573677227e-05,4.333036031312076e-06,2.865274097985093e-07,0.0
3426,adam,1.5625e-05,7.187088129967378e-06,4.352746984181977e-06,2.6450631764873833e-06,1.8927800926604732e-07,0.0,1.800689278752543e-05,1.364957006444456e-05,4.123730377614265e-06,2.3359241652087803e-07,0.0
3427,adam,1.5625e-05,7.125833462851006e-06,4.3976185253313815e-06,2.5361206894558563e-06,1.9209425605737351e-07,0.0,1.7570955606061034e-05,1.2993002201255877e-05,4.406098469189601e-06,1.7185477929615445e-07,0.0
3428,adam,1.5625e-05,7.220191434953449e-06,4.376165307462543e-06,2.6578629430673573e-06,1.8616317376540792e-07,0.0,1.7918489902513102e-05,1.3476787898980547e-05,4.270521458238363e-06,1.7118179584940663e-07,0.0
3429,adam,1.5625e-05,7.225902947993745e-06,4.405570365406675e-06,2.6406021760294607e-06,1.7973044474928201e-07,0.0,1.82433650479652e-05,1.3783707800030243e-05,4.259106844983762e-06,2.0055151139786176e-07,0.0
3430,adam,1.5625e-05,7.237765430545551e-06,4.389259899539866e-06,2.640162449552008e-06,2.0834306813100056e-07,0.0,1.8016780813923106e-05,1.369508754578419e-05,4.079064638062846e-06,2.4262786268991476e-07,0.0
3431,adam,1.5625e-05,7.260874127723582e-06,4.450375740816526e-06,2.5797435228014365e-06,2.307549102908979e-07,0.0,1.7351154383504763e-05,1.303079079661984e-05,4.170951342530316e-06,1.4941169013127364e-07,0.0
3432,adam,1.5625e-05,7.15794610073317e-06,4.358873752607906e-06,2.6247778777133135e-06,1.7429444998384724e-07,0.0,1.733604585751891e-05,1.2821065865864512e-05,4.331366199039621e-06,1.8361487263973686e-07,0.0
3433,adam,1.5625e-05,7.194724389592011e-06,4.378030425300494e-06,2.605914659170594e-06,2.107793228844912e-07,0.0,1.7891950847115368e-05,1.3395928363024723e-05,4.257261480233865e-06,2.387605491094291e-07,0.0
3434,adam,1.5625e-05,7.186977484252566e-06,4.314545137162895e-06,2.694035700301356e-06,1.7839674359976243e-07,0.0,1.786305074347183e-05,1.3640806173498277e-05,4.0591116885480005e-06,1.6313195771999744e-07,0.0
3435,adam,1.5625e-05,7.197190655006125e-06,4.463271864096896e-06,2.549637663662452e-06,1.8428106329793081e-07,0.0,1.722042725305073e-05,1.275756676477613e-05,4.327248916524695e-06,1.356106196226392e-07,0.0
3436,adam,1.5625e-05,7.241913777988884e-06,4.384146080838036e-06,2.6553640708470994e-06,2.024036280801056e-07,0.0,1.8011260181083344e-05,1.365880871162517e-05,4.190705112705473e-06,1.6174718098227459e-07,0.0
3437,adam,1.5625e-05,7.209271643660031e-06,4.399104270191856e-06,2.6217381332571676e-06,1.8842919224937305e-07,0.0,1.786946813808754e-05,1.3453318388201296e-05,4.282223471818725e-06,1.339272159839311e-07,0.0
3438,adam,1.5625e-05,7.156419883358467e-06,4.314620667855706e-06,2.6343511052573376e-06,2.074480622837882e-07,0.0,1.7732476408127695e-05,1.3359407603275031e-05,4.1456710277998354e-06,2.2739691019069141e-07,0.0
3439,adam,1.5625e-05,7.104008432179398e-06,4.363771139992423e-06,2.5050968019968423e-06,2.351405772316184e-07,0.0,1.72349300555652e-05,1.2766948202624917e-05,4.303262358007487e-06,1.6471943808937795e-07,0.0
3440,adam,1.5625e-05,7.156200126701151e-06,4.301311520293893e-06,2.6718233669953406e-06,1.8306528382083798e-07,0.0,1.7788735931389965e-05,1.3421537914837245e-05,4.139146767556667e-06,2.2805279797921685e-07,0.0
3441,adam,1.5625e-05,7.171897294711016e-06,4.290665415851436e-06,2.661414669091755e-06,2.1981720799146842e-07,0.0,1.762914143910166e-05,1.3328387467481662e-05,4.0902132241171785e-06,2.1054104593076772e-07,0.0
3442,adam,1.5625e-05,7.322928524899908e-06,4.3319366227478895e-06,2.6602581044699036e-06,3.307338589664255e-07,0.0,1.7538408428663388e-05,1.3004056199861225e-05,4.354857992439065e-06,1.7949351160950755e-07,0.0
3443,adam,1.5625e-05,7.216179028546321e-06,4.39350228020885e-06,2.5876712328454232e-06,2.3500550838662093e-07,0.0,1.7746860976330936e-05,1.345280179521069e-05,4.119348886888474e-06,1.7471022317749885e-07,0.0
3444,adam,1.5625e-05,7.285351102837012e-06,4.431192948572971e-06,2.635631275893502e-06,2.1852692722035272e-07,0.0,1.7495567590231076e-05,1.3189501260058023e-05,4.149086635152344e-06,1.569781176158358e-07,0.0
3445,adam,1.5625e-05,7.182779995673627e-06,4.415866897033993e-06,2.568939038383178e-06,1.9797415085065495e-07,0.0,1.7819647837313823e-05,1.351599257759517e-05,4.151544089836534e-06,1.5211202253340161e-07,0.0
3446,adam,1.5625e-05,7.118422672647284e-06,4.3105916489594165e-06,2.632861438200962e-06,1.7496950288631297e-07,0.0,1.8124401321983896e-05,1.3645716535393149e-05,4.214829004922649e-06,2.638551848122006e-07,0.0
3447,adam,1.5625e-05,7.320523991438677e-06,4.4636527150032634e-06,2.6784336242258178e-06,1.7843762289970755e-07,0.0,1.7276597645832226e-05,1.2849336599174421e-05,4.2186634345853236e-06,2.0859862104316562e-07,0.0
3448,adam,1.5625e-05,7.155955984217144e-06,4.36495484734678e-06,2.5909112579824978e-06,2.0008992152042993e-07,0.0,1.7785576346796006e-05,1.3298403246153612e-05,4.206553512631217e-06,2.8061987222827156e-07,0.0
3449,adam,1.5625e-05,7.02095408655623e-06,4.173099441118211e-06,2.6284428997769282e-06,2.194117225684522e-07,0.0,1.783508196240291e-05,1.3488594959198963e-05,4.191937478026375e-06,1.5454916990620404e-07,0.0
3450,adam,1.5625e-05,7.019720385414985e-06,4.2685867498448715e-06,2.570091126585794e-06,1.8104259869033967e-07,0.0,1.7546946764923632e-05,1.3108972780173644e-05,4.240039288561093e-06,1.979357904247081e-07,0.0
3451,adam,1.5625e-05,7.156809601838177e-06,4.294459088782787e-06,2.686510171656664e-06,1.758403147533727e-07,0.0,1.7985677914111875e-05,1.3865489563613664e-05,3.967548764194362e-06,1.526401831597468e-07,0.0
3452,adam,1.5625e-05,7.155053111773668e-06,4.4993302878992836e-06,2.478629056668069e-06,1.770938427014812e-07,0.0,1.757700192683842e-05,1.3120249604980927e-05,4.240418093104381e-06,2.1633346136695764e-07,0.0
3453,adam,1.5625e-05,7.320881451278183e-06,4.327483082988692e-06,2.7815558709676225e-06,2.1184248311101328e-07,0.0,1.8823446225724183e-05,1.4417576494452078e-05,4.218199592287419e-06,1.8766985476759146e-07,0.0
3454,adam,1.5625e-05,7.4384423385254195e-06,4.549495997707709e-06,2.672926839863976e-06,2.1601947342020367e-07,0.0,1.8303091565030627e-05,1.3940530152467545e-05,4.158907813689439e-06,2.0365476416372985e-07,0.0
3455,adam,1.5625e-05,7.174051290803618e-06,4.4306430311280565e-06,2.541640824915703e-06,2.0176743831257227e-07,0.0,1.756395067786798e-05,1.3306722394190729e-05,4.085016826138599e-06,1.72211073845574e-07,0.0
3456,adam,1.5625e-05,7.148490652753026e-06,4.3715798483390245e-06,2.6118307374645156e-06,1.6508012112836923e-07,0.0,1.8131664546672255e-05,1.3761085028818343e-05,4.230304057273315e-06,1.4027459371845907e-07,0.0
3457,adam,1.5625e-05,7.098420013562645e-06,4.3638247007038444e-06,2.5607937033100825e-06,1.7380172323555598e-07,0.0,1.787197106750682e-05,1.3475284504238516e-05,4.163239736953983e-06,2.3344745159192826e-07,0.0
3458,adam,1.5625e-05,7.073677608104845e-06,4.277025695387238e-06,2.612495030973605e-06,1.8415689329032148e-07,0.0,1.7520389519631863e-05,1.3165037671569735e-05,4.19981415689108e-06,1.5553905541310087e-07,0.0
3459,adam,1.5625e-05,7.052151488551317e-06,4.320249786360364e-06,2.5549113402689727e-06,1.7699029264406363e-07,0.0,1.777602119545918e-05,1.3242388376966119e-05,4.332353000791045e-06,2.0127983191287058e-07,0.0
3460,adam,1.5625e-05,7.3323944320691226e-06,4.45634933043948e-06,2.66180550312356e-06,2.142395763016225e-07,0.0,1.787310975487344e-05,1.3507706171367317e-05,4.113239356229315e-06,2.521639714814228e-07,0.0
3461,adam,1.5625e-05,7.41779950885757e-06,4.494735549087636e-06,2.7098972452677117e-06,2.1316672960125516e-07,0.0,1.8036591427517124e-05,1.3732311344938353e-05,4.057837486470817e-06,2.464416866132524e-07,0.0
3462,adam,1.5625e-05,7.231927952489059e-06,4.413804234104646e-06,2.636117926613224e-06,1.820057935475461e-07,0.0,1.7955977455130778e-05,1.353511652268935e-05,4.249241555953631e-06,1.7162005860882346e-07,0.0
3463,adam,1.5625e-05,7.182663921412313e-06,4.4491366821830525e-06,2.533077619659707e-06,2.0044954229803125e-07,0.0,1.7566697351867333e-05,1.3361778655962553e-05,4.060848823428387e-06,1.4407012827177823e-07,0.0
3464,adam,1.5625e-05,7.159662629874219e-06,4.3384739143448314e-06,2.645510697618647e-06,1.756780720896245e-07,0.0,1.8014314264291897e-05,1.3603931620309595e-05,4.237092980474699e-06,1.7328942192307295e-07,0.0
3465,adam,1.5625e-05,7.153636772727623e-06,4.378019511364073e-06,2.597268917270412e-06,1.7834837340302556e-07,0.0,1.7625383406993933e-05,1.3300903447088785e-05,4.138300482736668e-06,1.8617983243984781e-07,0.0
3466,adam,1.5625e-05,7.065977996489892e-06,4.250037733299905e-06,2.6388202627458668e-06,1.771199551470204e-07,0.0,1.7613625459489413e-05,1.3327610759006348e-05,4.151548182562692e-06,1.3446685898088617e-07,0.0
3467,adam,1.5625e-05,7.201378082299925e-06,4.3373953673153665e-06,2.68878322629007e-06,1.751994238574639e-07,0.0,1.768578113114927e-05,1.3268882867123466e-05,4.2708252294687554e-06,1.4607466880534048e-07,0.0
3468,adam,1.5625e-05,7.156272744168746e-06,4.282847328340722e-06,2.6948868097065315e-06,1.7853857681160434e-07,0.0,1.791222530300729e-05,1.3564455002779141e-05,4.219414222461637e-06,1.283555235431777e-07,0.0
3469,adam,1.5625e-05,7.297457017330089e-06,4.4074918008618624e-06,2.6801057089187452e-06,2.0985945337059775e-07,0.0,1.8467533664079383e-05,1.4163654668664094e-05,4.120400262763724e-06,1.834779510545559e-07,0.0
3470,adam,1.5625e-05,7.2526498229308345e-06,4.50867736390137e-06,2.558944316888301e-06,1.8502808707410168e-07,0.0,1.7598040358279832e-05,1.2914606486447155e-05,4.511485258262837e-06,1.7194817303334275e-07,0.0
3471,adam,1.5625e-05,7.184091771250678e-06,4.3652339201116774e-06,2.6285379419732635e-06,1.9031989673123917e-07,0.0,1.850033186201472e-05,1.4069102689973079e-05,4.083271505805897e-06,3.479576662357431e-07,0.0
3472,adam,1.5625e-05,7.263042675731413e-06,4.420449485564859e-06,2.575449570940691e-06,2.6714355794155153e-07,0.0,1.764706030371599e-05,1.3308116649568547e-05,4.19621301261941e-06,1.4273112469709304e-07,0.0
3473,adam,1.5625e-05,7.021129505346835e-06,4.274134070669788e-06,2.5819410112148944e-06,1.6505448208192774e-07,0.0,1.8285802070749924e-05,1.3929114174970891e-05,4.153951067564776e-06,2.0273679979254666e-07,0.0
3474,adam,1.5625e-05,7.2409917493132525e-06,4.348733554593309e-06,2.677700578601616e-06,2.1455759480204506e-07,0.0,1.75393888639519e-05,1.2794263966497965e-05,4.438785254023969e-06,3.063398708036402e-07,0.0
3475,adam,1.5625e-05,7.413439135461886e-06,4.3526270303573256e-06,2.7586497566289836e-06,3.0216243107616947e-07,0.0,1.856284507084638e-05,1.3208807104092557e-05,4.879945208813297e-06,4.7409281478394405e-07,0.0
3476,adam,1.5625e-05,7.340655855614386e-06,4.271903009112066e-06,2.811539054903278e-06,2.5721383156707134e-07,0.0,1.7789367120712996e-05,1.3488934200722724e-05,4.142280886298977e-06,1.5815206211300392e-07,0.0
3477,adam,1.5625e-05,7.119347628758987e-06,4.294103518986958e-06,2.6303245306280587e-06,1.949195960193606e-07,0.0,1.7985103113460355e-05,1.353613242827123e-05,4.279638233128935e-06,1.6933158519805147e-07,0.0
3478,adam,1.5625e-05,7.0726195815495885e-06,4.35268943022038e-06,2.5376532803988994e-06,1.8227694109640424e-07,0.0,1.741321466397494e-05,1.2897857232019305e-05,4.306162736611441e-06,2.0919493692872493e-07,0.0
3479,adam,1.5625e-05,7.1212763828043535e-06,4.379536221676972e-06,2.5473923557228773e-06,1.9434780451632605e-07,0.0,1.7801628928282298e-05,1.3531659533327911e-05,4.064129825565033e-06,2.0583877358149039e-07,0.0
3480,adam,1.5625e-05,7.218426333110983e-06,4.436209195546326e-06,2.5786787105630538e-06,2.0353844654152908e-07,0.0,1.7304739230894484e-05,1.3092933841107879e-05,4.063726464664796e-06,1.4807829984420096e-07,0.0
3481,adam,1.5625e-05,7.005481819533088e-06,4.2540154794323826e-06,2.568265500713096e-06,1.832008376112526e-07,0.0,1.7905918866745196e-05,1.3740776921622455e-05,4.006795734312618e-06,1.5834692135285877e-07,0.0
3482,adam,1.5625e-05,7.158461812650785e-06,4.312399411787737e-06,2.678315325965741e-06,1.6774708022637697e-07,0.0,1.772552786860615e-05,1.3500173736247234e-05,4.055114914081059e-06,1.7023909038016427e-07,0.0
3483,adam,1.5625e-05,7.1408260851058e-06,4.450768500419144e-06,2.4700663914245524e-06,2.1999119059756822e-07,0.0,1.7861975720734335e-05,1.3314277566678356e-05,4.351318693807116e-06,1.963803697435651e-07,0.0
3484,adam,1.5625e-05,7.228033268802392e-06,4.281148932250289e-06,2.69708999667273e-06,2.497943851764717e-07,0.0,1.868001345428638e-05,1.4337332686409354e-05,4.083881322003435e-06,2.5879916165649774e-07,0.0
3485,adam,1.5625e-05,7.18162971224956e-06,4.455882304910119e-06,2.5076516578792507e-06,2.1809581696174973e-07,0.0,1.7644266335992143e-05,1.3197912267060019e-05,4.236430868331809e-06,2.099219926776641e-07,0.0
3486,adam,1.5625e-05,7.0749786118540214e-06,4.2996295519515115e-06,2.5807990624571175e-06,1.9455015998204317e-07,0.0,1.768208312569186e-05,1.3227253475633916e-05,4.237593202560674e-06,2.1723568011111638e-07,0.0
3487,adam,1.5625e-05,7.120767890000934e-06,4.354396793360138e-06,2.5671934906768e-06,1.9917773919075898e-07,0.0,1.7694545022095554e-05,1.3356824638321996e-05,4.187737886240939e-06,1.4998357755757752e-07,0.0
3488,adam,1.5625e-05,7.0323500835911545e-06,4.295647585195184e-06,2.5666961960268964e-06,1.7000638763420284e-07,0.0,1.7789305275073275e-05,1.3535955076804385e-05,4.100193564227084e-06,1.531561792944558e-07,0.0
3489,adam,1.5625e-05,7.013038583636444e-06,4.2807269409195214e-06,2.5508009713348656e-06,1.8151059411053438e-07,0.0,1.8171904230257496e-05,1.355916538159363e-05,4.426692612469196e-06,1.8604700358082482e-07,0.0
3490,adam,1.5625e-05,7.294058207207854e-06,4.482323433308011e-06,2.5991878231934606e-06,2.1254700488526623e-07,0.0,1.7547383322380483e-05,1.2970906027476303e-05,4.2669475988077465e-06,3.0953017926549364e-07,0.0
3491,adam,1.5625e-05,7.160507067283106e-06,4.366188136373239e-06,2.574058456161765e-06,2.2026047830081552e-07,0.0,1.783427069312893e-05,1.350632737739943e-05,4.131329660594929e-06,1.9661442252072447e-07,0.0
3492,adam,1.5625e-05,7.119188012438826e-06,4.3368043236569065e-06,2.588145719073509e-06,1.9423796260298332e-07,0.0,1.7928790839505382e-05,1.354277537757298e-05,4.09239919463289e-06,2.936151588528446e-07,0.0
3493,adam,1.5625e-05,7.058705136842036e-06,4.28407042818435e-06,2.5718797687090955e-06,2.027549435013043e-07,0.0,1.7684913473203778e-05,1.3272207979753148e-05,4.216940396872815e-06,1.957657502771326e-07,0.0
3494,adam,1.5625e-05,7.0894888040129445e-06,4.308709321776405e-06,2.5705962229949364e-06,2.1018322637900155e-07,0.0,1.7926366126630455e-05,1.344274733128259e-05,4.249635367159499e-06,2.339832292364008e-07,0.0
3495,adam,1.5625e-05,7.1690477909669426e-06,4.283331051624373e-06,2.674867516816448e-06,2.1084920653891004e-07,0.0,1.7840060536400415e-05,1.3586192835646216e-05,4.098120371054392e-06,1.5574747180835402e-07,0.0
3496,adam,1.5625e-05,7.3087199723431695e-06,4.51993935257633e-06,2.564489797407532e-06,2.24290801931204e-07,0.0,1.774329757608939e-05,1.3371643944992684e-05,4.205412551527843e-06,1.6624177590074396e-07,0.0
3497,adam,1.5625e-05,7.126931961920491e-06,4.295266165854628e-06,2.6516270423826427e-06,1.8003889312723231e-07,0.0,1.788476947695017e-05,1.3739189853367861e-05,3.967388238379499e-06,1.7819135678109888e-07,0.0
3498,adam,1.5625e-05,7.134923862395226e-06,4.377998067184308e-06,2.530204255890567e-06,2.2672155441938457e-07,0.0,1.7830190699896775e-05,1.3214557839091867e-05,4.444921614776831e-06,1.7070962599063932e-07,0.0
3499,adam,1.5625e-05,6.983018380424255e-06,4.1871800817716576e-06,2.6266499020266565e-06,1.6918831757806174e-07,0.0,1.7533800928504206e-05,1.3242333807284012e-05,4.093688858120004e-06,1.9777792203967692e-07,0.0
3500,adam,7.8125e-06,7.040979539851833e-06,4.269762257536058e-06,2.6038829332719615e-06,1.6733433660931496e-07,0.0,1.779552076186519e-05,1.3382042197918054e-05,4.250699930707924e-06,1.627801538006679e-07,0.0
3501,adam,7.8125e-06,6.892096422461691e-06,4.13800871967851e-06,2.601564190740646e-06,1.5252354668149337e-07,0.0,1.765437627909705e-05,1.3391128049988765e-05,4.1260968828282785e-06,1.3715268210034992e-07,0.0
3502,adam,7.8125e-06,6.723208684888959e-06,4.1329780202659094e-06,2.4582933093597603e-06,1.3193744052841794e-07,0.0,1.7540807675686665e-05,1.3364204278332181e-05,4.055376393807819e-06,1.2122637826905702e-07,0.0
3503,adam,7.8125e-06,6.758118047400785e-06,4.157976832175336e-06,2.4639142566229566e-06,1.362270425353529e-07,0.0,1.7618098354432732e-05,1.342191535513848e-05,4.060826540808193e-06,1.3535688481169927e-07,0.0
3504,adam,7.8125e-06,6.772058497972466e-06,4.171451806200821e-06,2.452367979799419e-06,1.4823867466873253e-07,0.0,1.735779551381711e-05,1.3031484741077293e-05,4.172245098743588e-06,1.540668677080248e-07,0.0
3505,adam,7.8125e-06,6.800976137810721e-06,4.131045201916095e-06,2.526922017409561e-06,1.4300891937324423e-07,0.0,1.7607717381906696e-05,1.3373290130402893e-05,4.0965214793686755e-06,1.379062979367518e-07,0.0
3506,adam,7.8125e-06,6.833418865426211e-06,4.190977051621303e-06,2.48574284711367e-06,1.5669895869763195e-07,0.0,1.7462716641603038e-05,1.3218330423114821e-05,4.081238330400083e-06,1.6314946549300657e-07,0.0
3507,adam,7.8125e-06,6.805419985767003e-06,4.127996874103701e-06,2.522776362923196e-06,1.5464678071452909e-07,0.0,1.783922743925359e-05,1.3461350135912653e-05,4.231437287671724e-06,1.4644024304288905e-07,0.0
3508,adam,7.8125e-06,6.875619305901637e-06,4.162406753493997e-06,2.565350470717931e-06,1.4786211854911357e-07,0.0,1.7398882846464403e-05,1.3129857507010456e-05,4.09998665418243e-06,1.6903786104194296e-07,0.0
3509,adam,7.8125e-06,6.834050395809754e-06,4.182018827236789e-06,2.4862479435228124e-06,1.657835708712696e-07,0.0,1.7948757886188105e-05,1.362177590635838e-05,4.140438704780536e-06,1.8654259292816278e-07,0.0
3510,adam,7.8125e-06,6.8075857200256e-06,4.1695652868156685e-06,2.4874437087873957e-06,1.5057677016372395e-07,0.0,1.7298298189416528e-05,1.3121260963089298e-05,4.03975627705222e-06,1.372801818888547e-07,0.0
3511,adam,7.8125e-06,6.777611105235337e-06,4.133747012247113e-06,2.5056808823364918e-06,1.3818312982749603e-07,0.0,1.777581564965658e-05,1.3580701306636911e-05,4.062149855599273e-06,1.3296495637860062e-07,0.0
3512,adam,7.8125e-06,6.792717528014691e-06,4.153086351266211e-06,2.5051573544487837e-06,1.3447377744668643e-07,0.0,1.728497773001436e-05,1.3117170965415426e-05,4.036735845147632e-06,1.3107069207762834e-07,0.0
3513,adam,7.8125e-06,6.735354048714726e-06,4.164491897995504e-06,2.4373727143256474e-06,1.3348940441915147e-07,0.0,1.7629974536248483e-05,1.329483166045975e-05,4.1743846850295085e-06,1.6075794917469466e-07,0.0
3514,adam,7.8125e-06,6.81310342542929e-06,4.16784173751239e-06,2.500920260217754e-06,1.4434149875341973e-07,0.0,1.7685721104498953e-05,1.3559014405473135e-05,3.998254669568269e-06,1.2845239893977123e-07,0.0
3515,adam,7.8125e-06,6.716534926454187e-06,4.077343149333501e-06,2.502212986144059e-06,1.36978703491053e-07,0.0,1.7519128959975205e-05,1.336300829279935e-05,4.031043772556586e-06,1.250775483185862e-07,0.0
3516,adam,7.8125e-06,6.711200143172391e-06,4.1610633161326405e-06,2.4124858057916754e-06,1.3765099815543635e-07,0.0,1.7663047401583754e-05,1.3311118891579099e-05,4.219007223582594e-06,1.329199648125723e-07,0.0
3517,adam,7.8125e-06,6.787409574826597e-06,4.099447338035134e-06,2.5443950164572016e-06,1.4356717947805464e-07,0.0,1.7699070667731576e-05,1.3406505786406342e-05,4.14236455981154e-06,1.5020022203771077e-07,0.0
3518,adam,7.8125e-06,6.721854134639216e-06,4.147524080622134e-06,2.437207804462105e-06,1.3712230018114724e-07,0.0,1.7585749446880072e-05,1.3326415682968218e-05,4.1174571379087865e-06,1.4187766339546215e-07,0.0
3519,adam,7.8125e-06,6.807058412050537e-06,4.157482791811162e-06,2.501832504719914e-06,1.4774311152265795e-07,0.0,1.7378968550474383e-05,1.31697906908812e-05,4.076057393831434e-06,1.3312073576798866e-07,0.0
3520,adam,7.8125e-06,6.800436352705219e-06,4.169744258319952e-06,2.4900628545765358e-06,1.4062933084701967e-07,0.0,1.7534117432660423e-05,1.3276960999064613e-05,4.126500698475866e-06,1.3065647408438963e-07,0.0
3521,adam,7.8125e-06,6.810770742049499e-06,4.209698076351742e-06,2.4607713271507237e-06,1.4030139938725483e-07,0.0,1.759824954206124e-05,1.3476569620252121e-05,3.985524472227553e-06,1.3615435534575226e-07,0.0
3522,adam,7.8125e-06,6.711156430583287e-06,4.076045343026635e-06,2.496883531932781e-06,1.3822749789227373e-07,0.0,1.745528970786836e-05,1.3274783668748569e-05,4.05552054871805e-06,1.2498536250404868e-07,0.0
3523,adam,7.8125e-06,6.746396877588268e-06,4.159244497259351e-06,2.4517921062283676e-06,1.3536030518679354e-07,0.0,1.766945206327364e-05,1.3346642845135648e-05,4.192835604044376e-06,1.2997386988899962e-07,0.0
3524,adam,7.8125e-06,6.794279784116952e-06,4.122440628862023e-06,2.5193901223019566e-06,1.524490311766158e-07,0.0,1.750063347571995e-05,1.3331359696167056e-05,4.03746344090905e-06,1.3180866176298878e-07,0.0
3525,adam,7.8125e-06,6.779796649425407e-06,4.165498907582332e-06,2.4580302806498366e-06,1.56267488726769e-07,0.0,1.7645406842348166e-05,1.3536201549868565e-05,3.971562819060637e-06,1.376431413291357e-07,0.0
3526,adam,7.8125e-06,6.8440870677477506e-06,4.204533283314049e-06,2.4897530863654538e-06,1.498006891864634e-07,0.0,1.7800628484110348e-05,1.3583216968982015e-05,4.066099791089073e-06,1.5131196562379046e-07,0.0
3527,adam,7.8125e-06,6.899880020228011e-06,4.224658795237701e-06,2.502539864224218e-06,1.7268120799940334e-07,0.0,1.7687327272142284e-05,1.3426155419438146e-05,4.096666089026257e-06,1.6450630369035935e-07,0.0
3528,adam,7.8125e-06,6.890202001841317e-06,4.212604906683737e-06,2.509378461468259e-06,1.6821861947846628e-07,0.0,1.7462562027503736e-05,1.308569608227117e-05,4.234169864503201e-06,1.426968765372294e-07,0.0
3529,adam,7.8125e-06,6.840568346433429e-06,4.129358359250546e-06,2.5584719693938496e-06,1.5273795472836582e-07,0.0,1.762483225320466e-05,1.3492865946318489e-05,3.995582119387109e-06,1.3638346274547075e-07,0.0
3530,adam,7.8125e-06,6.7756717498923535e-06,4.129178691414381e-06,2.499732651983777e-06,1.4676037629612892e-07,0.0,1.749513285176363e-05,1.3291192772157956e-05,4.044643901579548e-06,1.592969880448436e-07,0.0
3531,adam,7.8125e-06,6.824676205496871e-06,4.186318960819335e-06,2.470045956215472e-06,1.683112973438483e-07,0.0,1.7587208276381716e-05,1.3361723176785745e-05,4.085940418008249e-06,1.3954627320345026e-07,0.0
3532,adam,7.8125e-06,6.773079576305463e-06,4.1124197878161795e-06,2.5040149580490834e-06,1.5664481622934545e-07,0.0,1.7370257410220802e-05,1.3103304809192196e-05,4.1457951738266274e-06,1.2115795300360332e-07,0.0
3533,adam,7.8125e-06,6.827622627270102e-06,4.107574184786245e-06,2.5663165530431797e-06,1.5373195205725665e-07,0.0,1.7712889530230314e-05,1.357897235720884e-05,3.985547664342448e-06,1.4836986395039276e-07,0.0
3534,adam,7.8125e-06,6.846861879239441e-06,4.195196638079324e-06,2.4952374317877e-06,1.5642770190282818e-07,0.0,1.75499571923865e-05,1.3307468179846182e-05,4.101341346540721e-06,1.41148561283444e-07,0.0
3535,adam,7.8125e-06,6.8364140020094055e-06,4.092562704727243e-06,2.5965389696125385e-06,1.4731236852583152e-07,0.0,1.7628082787268795e-05,1.3223749192547984e-05,4.267007170710713e-06,1.3732628190155083e-07,0.0
3536,adam,7.8125e-06,6.762455541320378e-06,4.161786421263969e-06,2.461519727603445e-06,1.391492894242674e-07,0.0,1.748685463098809e-05,1.3316452168510295e-05,4.041040938318474e-06,1.293605436103462e-07,0.0
3537,adam,7.8125e-06,6.7546585000854975e-06,4.130912174105106e-06,2.4889512744152853e-06,1.3479503158109196e-07,0.0,1.7770960766938515e-05,1.3531540389521979e-05,4.091462415090064e-06,1.4795810443501978e-07,0.0
3538,adam,7.8125e-06,6.8812685753982805e-06,4.217489546931574e-06,2.5010720534623943e-06,1.6270695279985148e-07,0.0,1.7638203644310124e-05,1.329905353486538e-05,4.108699158678064e-06,2.304506239170223e-07,0.0
3539,adam,7.8125e-06,6.840695277787745e-06,4.274131811143889e-06,2.4150090851549066e-06,1.5155438726210946e-07,0.0,1.748125760059338e-05,1.3266285350255203e-05,4.077961875736946e-06,1.3700929457627353e-07,0.0
3540,adam,7.8125e-06,6.8036287643735704e-06,4.156882965844488e-06,2.506926733758519e-06,1.398191384893721e-07,0.0,1.7434695109841414e-05,1.3221355402492918e-05,4.0811692088027485e-06,1.3216973115959263e-07,0.0
3541,adam,7.8125e-06,6.800611345170182e-06,4.149955557863905e-06,2.503427403155456e-06,1.4722842323067198e-07,0.0,1.755900666466914e-05,1.3360596312850248e-05,4.068221187480958e-06,1.301891501270802e-07,0.0
3542,adam,7.8125e-06,6.748720267069075e-06,4.132131408596251e-06,2.47421378674062e-06,1.4237507706127417e-07,0.0,1.7610334907658398e-05,1.3442250747175422e-05,4.015827926195925e-06,1.5225697325149667e-07,0.0
3543,adam,7.8125e-06,6.800142358542871e-06,4.192499034161301e-06,2.4665174649385335e-06,1.4112583146541624e-07,0.0,1.7682730685919523e-05,1.3516217222786509e-05,4.026345777674578e-06,1.4016821126006107e-07,0.0
3544,adam,7.8125e-06,6.770810301759411e-06,4.153161341946543e-06,2.461272629261657e-06,1.5637629102727146e-07,0.0,1.7577040125615895e-05,1.330571285507176e-05,4.132190497330157e-06,1.3913646057517326e-07,0.0
3545,adam,7.8125e-06,6.794842846602478e-06,4.157185827580179e-06,2.4807002176885362e-06,1.569567205095268e-07,0.0,1.7608917914913036e-05,1.345816326647764e-05,4.007286406704225e-06,1.434697622926251e-07,0.0
3546,adam,7.8125e-06,6.757203578899862e-06,4.159448096174856e-06,2.4379552598929877e-06,1.5980028145179404e-07,0.0,1.779712147254031e-05,1.3558106729760766e-05,4.051143150718417e-06,1.8787017097565695e-07,0.0
3547,adam,7.8125e-06,6.786832301486356e-06,4.157787344638564e-06,2.472309034828868e-06,1.5673591846621093e-07,0.0,1.756079655024223e-05,1.3446027878671885e-05,3.978492259193445e-06,1.3627679606997845e-07,0.0
3548,adam,7.8125e-06,6.744742023556682e-06,4.122488576285832e-06,2.481522123787272e-06,1.4073132437175673e-07,0.0,1.7419804862583987e-05,1.3302741535881069e-05,3.979322173108812e-06,1.3774166518487618e-07,0.0
3549,adam,7.8125e-06,6.809491367221199e-06,4.158715839253091e-06,2.510699161462071e-06,1.4007646687019815e-07,0.0,1.766800050972961e-05,1.3502662113751285e-05,4.0312470446224324e-06,1.3409172083811427e-07,0.0
3550,adam,7.8125e-06,6.853643611748339e-06,4.2442419072585835e-06,2.4567301437627975e-06,1.5267162112309052e-07,0.0,1.7638436474953778e-05,1.3337608834262937e-05,4.119941422686679e-06,1.8088601905219548e-07,0.0
3551,adam,7.8125e-06,6.854246919374418e-06,4.16663195323963e-06,2.5454422285520195e-06,1.421727642281212e-07,0.0,1.7450784071115777e-05,1.3249142284621485e-05,4.067671852681087e-06,1.339697490720937e-07,0.0
3552,adam,7.8125e-06,6.797428341087652e-06,4.186397646321893e-06,2.469935381554933e-06,1.4109526969008357e-07,0.0,1.7631287846597843e-05,1.3429752470983658e-05,4.073814579896862e-06,1.2772012780715158e-07,0.0
3553,adam,7.8125e-06,6.812736586425672e-06,4.1410544611153455e-06,2.5274170241118554e-06,1.4426509897802475e-07,0.0,1.7330878108623438e-05,1.3039511031820439e-05,4.136364168516593e-06,1.550040877873471e-07,0.0
3554,adam,7.8125e-06,6.779902093967394e-06,4.144776241332693e-06,2.4841356136562354e-06,1.509902727292456e-07,0.0,1.771261668181978e-05,1.348367914033588e-05,4.063931555720046e-06,1.6500615629411186e-07,0.0
3555,adam,7.8125e-06,6.802077649581406e-06,4.194239224375451e-06,2.458899864166142e-06,1.4893857347431094e-07,0.0,1.7705529899103567e-05,1.3466747077472974e-05,4.046323738293722e-06,1.9245936755396542e-07,0.0
3556,adam,7.8125e-06,6.830404998936501e-06,4.1503467684833595e-06,2.522534074955729e-06,1.5752417770187321e-07,0.0,1.7929740351974033e-05,1.3700677300221287e-05,4.0675749914953485e-06,1.6148840131791076e-07,0.0
3557,adam,7.8125e-06,6.772519128617205e-06,4.1309181284532315e-06,2.4977658412694836e-06,1.4383514201909975e-07,0.0,1.753709148033522e-05,1.333280306425877e-05,4.0764430195849854e-06,1.2784570913026982e-07,0.0
3558,adam,7.8125e-06,6.784836841688957e-06,4.1536108454920395e-06,2.48192077378917e-06,1.493053014556267e-07,0.0,1.7522237612865865e-05,1.3303377272677608e-05,4.024239387945272e-06,1.946216485748664e-07,0.0
3559,adam,7.8125e-06,6.795148379978855e-06,4.129819416220926e-06,2.504967262950686e-06,1.603617354462017e-07,0.0,1.7545429727761075e-05,1.3341191333893221e-05,4.057066689711064e-06,1.471702830713184e-07,0.0
3560,adam,7.8125e-06,6.822844909493142e-06,4.131044960331565e-06,2.542159045049175e-06,1.4964093786318244e-07,0.0,1.7520746041554958e-05,1.3232779565441888e-05,4.088221430720296e-06,1.9974488907337218e-07,0.0
3561,adam,7.8125e-06,6.7624467305904545e-06,4.161850569062153e-06,2.448454679893075e-06,1.5214153314957457e-07,0.0,1.7854777979664505e-05,1.352078379568411e-05,4.1609232539485674e-06,1.730717542614002e-07,0.0
3562,adam,7.8125e-06,6.853194520317629e-06,4.158212760785318e-06,2.5398070562232533e-06,1.5517470686177148e-07,0.0,1.755496850819327e-05,1.3333255992620252e-05,4.077563062310219e-06,1.4414882798519102e-07,0.0
3563,adam,7.8125e-06,6.788799964851933e-06,4.1970053530349105e-06,2.443001022811586e-06,1.487934930821666e-07,0.0,1.7558864783495665e-05,1.3294659765961114e-05,4.124260613025399e-06,1.3994319658650056e-07,0.0
3564,adam,7.8125e-06,6.7288071363691415e-06,4.0878729521409696e-06,2.4973979364517618e-06,1.4353622157514678e-07,0.0,1.7450516679673456e-05,1.3334500181372277e-05,3.988498974649701e-06,1.2751706890412606e-07,0.0
3565,adam,7.8125e-06,6.804802239912533e-06,4.213659948959503e-06,2.4519398778011237e-06,1.3920246599852248e-07,0.0,1.7380982171744108e-05,1.313046504947124e-05,4.119434379390441e-06,1.3108284235840983e-07,0.0
3566,adam,7.8125e-06,6.727280151608284e-06,4.11516090537134e-06,2.4701159659912264e-06,1.420031914278752e-07,0.0,1.7431762898922898e-05,1.3167221368348692e-05,4.124632141611073e-06,1.3990919001116708e-07,0.0
3567,adam,7.8125e-06,6.8164456195063394e-06,4.118401818686834e-06,2.5514356636335833e-06,1.4660816649580966e-07,0.0,1.7714855857775547e-05,1.3564732398663182e-05,4.02394061893574e-06,1.2618265543551388e-07,0.0
3568,adam,7.8125e-06,6.819932082180458e-06,4.219408793915136e-06,2.461423378008476e-06,1.390998711769953e-07,0.0,1.7573172954143956e-05,1.3314693205757067e-05,4.1250195863540284e-06,1.3345902516448405e-07,0.0
3569,adam,7.8125e-06,6.800452410971047e-06,4.145800502897146e-06,2.5140384707356134e-06,1.4061345376958911e-07,0.0,1.7503318304079585e-05,1.333130057901144e-05,4.037048711325042e-06,1.3496969586412888e-07,0.0
3570,adam,7.8125e-06,6.834719897597097e-06,4.20064642980833e-06,2.47516071993914e-06,1.5891274607326977e-07,0.0,1.7594646124052815e-05,1.325815810560016e-05,4.190716936136596e-06,1.4577238971469342e-07,0.0
3571,adam,7.8125e-06,6.811139201090555e-06,4.161856651307971e-06,2.50118814903999e-06,1.4809432347107077e-07,0.0,1.7694428606773727e-05,1.3516374565369915e-05,4.054985311086057e-06,1.2306911401083198e-07,0.0
3572,adam,7.8125e-06,6.785046423374297e-06,4.136216688266359e-06,2.505996121726639e-06,1.4283365157297112e-07,0.0,1.758650250849314e-05,1.3434249012789223e-05,3.9967767406778876e-06,1.5547549025995977e-07,0.0
3573,adam,7.8125e-06,6.79360826438824e-06,4.191660522678831e-06,2.43749782669056e-06,1.6444996475684093e-07,0.0,1.7697593648335896e-05,1.356498796667438e-05,3.993483005615417e-06,1.3912251972669765e-07,0.0
3574,adam,7.8125e-06,6.8725247501788544e-06,4.164970349052055e-06,2.561784221200014e-06,1.4577023055295513e-07,0.0,1.770573180692736e-05,1.3598933037428651e-05,3.977015239797765e-06,1.297828760016273e-07,0.0
3575,adam,7.8125e-06,6.885782482868308e-06,4.290392951133981e-06,2.44310674446524e-06,1.522828307898294e-07,0.0,1.7395077520632185e-05,1.3116396075929515e-05,4.131952209718293e-06,1.4672853865249635e-07,0.0
3576,adam,7.8125e-06,6.8445244778558845e-06,4.163397463230467e-06,2.518605896284498e-06,1.6252129508842472e-07,0.0,1.770357266650535e-05,1.350868751615053e-05,4.053622888022801e-06,1.412628876096278e-07,0.0
3577,adam,7.8125e-06,6.768034381821053e-06,4.149036357148361e-06,2.4630145532000824e-06,1.5598345726175467e-07,0.0,1.7667620340944268e-05,1.3455085536406841e-05,4.0673985495232046e-06,1.4513510393499018e-07,0.0
3578,adam,7.8125e-06,6.728577574222072e-06,4.089240704274744e-06,2.4884515497092252e-06,1.5088529980999965e-07,0.0,1.740839798003435e-05,1.3223220776126254e-05,4.049883045809111e-06,1.3529496811770514e-07,0.0
3579,adam,7.8125e-06,6.7485622139429324e-06,4.1834888833136574e-06,2.4183221540852173e-06,1.4675116499773821e-07,0.0,1.7868525901576504e-05,1.3645533726958092e-05,4.070649083587341e-06,1.5234324735047267e-07,0.0
3580,adam,7.8125e-06,6.816534778408823e-06,4.192175154571487e-06,2.4752119571758158e-06,1.4914764490114862e-07,0.0,1.807504304451868e-05,1.389003409713041e-05,3.997547992184991e-06,1.8746112573353457e-07,0.0
3581,adam,7.8125e-06,6.906522230565315e-06,4.222652492558154e-06,2.4925950441456735e-06,1.912747427113004e-07,0.0,1.7792845028452575e-05,1.3395030691754073e-05,4.1600578697398305e-06,2.3775658064550953e-07,0.0
3582,adam,7.8125e-06,6.926781168203888e-06,4.187522208098926e-06,2.5573035529191657e-06,1.8195539874810152e-07,0.0,1.7785801901482046e-05,1.3593282346846536e-05,4.010080374428071e-06,1.824389386229086e-07,0.0
3583,adam,7.8125e-06,6.788768075693952e-06,4.142686549357677e-06,2.4868833747859753e-06,1.5919813645126624e-07,0.0,1.7619726349948905e-05,1.3435045730147976e-05,4.044620254717302e-06,1.4005986770371237e-07,0.0
3584,adam,7.8125e-06,6.755068937991382e-06,4.155050433496399e-06,2.448813859246002e-06,1.5120464968987335e-07,0.0,1.7759335605660453e-05,1.3633853086503223e-05,3.970660145569127e-06,1.5482140724998317e-07,0.0
3585,adam,7.8125e-06,6.851424643627979e-06,4.183710771599181e-06,2.4946712358087098e-06,1.7304266641815502e-07,0.0,1.7604606910026632e-05,1.3246843082015403e-05,4.168781742919236e-06,1.8898246878507052e-07,0.0
3586,adam,7.8125e-06,6.8252255687184515e-06,4.157348115541026e-06,2.5037861846044507e-06,1.6409125258576296e-07,0.0,1.7770171325537376e-05,1.3553988537751138e-05,4.067680038133403e-06,1.4850225227291958e-07,0.0
3587,adam,7.8125e-06,6.873385416383826e-06,4.26479630277754e-06,2.446826478319508e-06,1.617626947947315e-07,0.0,1.786911343515385e-05,1.366681681247428e-05,3.986609499406768e-06,2.1568743591160455e-07,0.0
3588,adam,7.8125e-06,6.872138300195729e-06,4.173353573833083e-06,2.520264779093395e-06,1.7851996236828427e-07,0.0,1.771922870830167e-05,1.3245406080386601e-05,4.315945716371061e-06,1.578776789301628e-07,0.0
3589,adam,7.8125e-06,6.894296888049212e-06,4.174599254724853e-06,2.5564731132021734e-06,1.632245281157907e-07,0.0,1.7538251995574683e-05,1.3307011613505892e-05,4.095523763680831e-06,1.3571630574915616e-07,0.0
3590,adam,7.8125e-06,6.841769760512761e-06,4.219423900053698e-06,2.452869949820524e-06,1.694758307024813e-07,0.0,1.7650510926614515e-05,1.3396972462942358e-05,4.0760860429145396e-06,1.774507438767614e-07,0.0
3591,adam,7.8125e-06,6.8581731795802625e-06,4.125029306578654e-06,2.530100061903795e-06,2.0304380488056495e-07,0.0,1.7813652448239736e-05,1.3588909496320412e-05,4.052284566569142e-06,1.7245919536890142e-07,0.0
3592,adam,7.8125e-06,6.775638183853516e-06,4.123365599184581e-06,2.5055268224605243e-06,1.4674576931383854e-07,0.0,1.7589141862117685e-05,1.3381379176280461e-05,4.055356839671731e-06,1.5240532036386867e-07,0.0
3593,adam,7.8125e-06,6.796471467396259e-06,4.1593162336539535e-06,2.476727502198628e-06,1.6042775463631642e-07,0.0,1.7800133718992583e-05,1.3631065485242289e-05,4.039609393657884e-06,1.294587690381377e-07,0.0
3594,adam,7.8125e-06,6.831944546092927e-06,4.120057866430216e-06,2.5488949333407618e-06,1.6299166372135687e-07,0.0,1.752396383380983e-05,1.3285005479701795e-05,4.08770029025618e-06,1.512574101525388e-07,0.0
3595,adam,7.8125e-06,6.824613961953219e-06,4.214943515989944e-06,2.4629185091384898e-06,1.4675196524649436e-07,0.0,1.7940541511052288e-05,1.3553309145208914e-05,4.198755505058216e-06,1.884768181525942e-07,0.0
3596,adam,7.8125e-06,6.899327473774974e-06,4.147178060520673e-06,2.5841893531719506e-06,1.6796008850405997e-07,0.0,1.7666341591393575e-05,1.3389181731326971e-05,4.072622232342837e-06,2.0453832405564754e-07,0.0
3597,adam,7.8125e-06,6.909680649869188e-06,4.264217835725503e-06,2.444225771114361e-06,2.0123705279928572e-07,0.0,1.7908912923303433e-05,1.3684679288417101e-05,4.034735866298433e-06,1.8949717173200042e-07,0.0
3598,adam,7.8125e-06,6.869246959695374e-06,4.099492741715949e-06,2.6074855128399577e-06,1.6226876109470822e-07,0.0,1.7469621525378898e-05,1.3277383914100938e-05,4.046489721076796e-06,1.457488281175756e-07,0.0
3599,adam,7.8125e-06,6.768842041537937e-06,4.155781482495513e-06,2.456092232705487e-06,1.5696833699507806e-07,0.0,1.752470234350767e-05,1.3354806469578762e-05,4.046118192491122e-06,1.237771414253075e-07,0.0
3600,adam,7.8125e-06,6.80292771448876e-06,4.222344983872972e-06,2.4407130325698745e-06,1.3986973046442586e-07,0.0,1.7664408005657606e-05,1.3461126400216017e-05,4.037105554743903e-06,1.661748711967448e-07,0.0
3601,adam,7.8125e-06,6.868189785791401e-06,4.219531234639362e-06,2.4997759027201027e-06,1.4888252053424367e-07,0.0,1.7594702512724325e-05,1.334818807663396e-05,4.098905719729373e-06,1.4760932742774457e-07,0.0
3602,adam,7.8125e-06,6.805124371567217e-06,4.155142477202389e-06,2.482196165942696e-06,1.6778581723997377e-07,0.0,1.7623751773498952e-05,1.3474729712470435e-05,4.015483227703953e-06,1.3353896122225706e-07,0.0
3603,adam,7.8125e-06,6.762629396916964e-06,4.134047358661519e-06,2.471245693413948e-06,1.5733641411941335e-07,0.0,1.7864931578515097e-05,1.3501255125447642e-05,4.1948037505790126e-06,1.6887369724827295e-07,0.0
3604,adam,7.8125e-06,6.801245859833216e-06,4.1391224101516855e-06,2.5003617309948822e-06,1.6176163786241204e-07,0.0,1.7702379409456626e-05,1.3485111594491173e-05,4.050001734867692e-06,1.6726694695989863e-07,0.0
3605,adam,7.8125e-06,6.746590173634104e-06,4.149610930426206e-06,2.4505471643010424e-06,1.464321344180064e-07,0.0,1.7479791495134123e-05,1.3354726434045006e-05,3.988573553215247e-06,1.364908257528441e-07,0.0
3606,adam,7.8125e-06,6.811630271386093e-06,4.184203859836089e-06,2.473851083095724e-06,1.5357532223703174e-07,0.0,1.7671696696197614e-05,1.3458735338645056e-05,4.0535683183406945e-06,1.5939228603656375e-07,0.0
3607,adam,7.8125e-06,6.800795858907804e-06,4.1525073015691305e-06,2.475887448838421e-06,1.7240107652582992e-07,0.0,1.754466757120099e-05,1.3326445696293376e-05,4.0869044823921286e-06,1.3131742093719367e-07,0.0
3608,adam,7.8125e-06,6.750450296522104e-06,4.141848648941959e-06,2.4541040488657018e-06,1.544976857559277e-07,0.0,1.7710699466988444e-05,1.3601270438812207e-05,3.9644623939238954e-06,1.4496640687866602e-07,0.0
3609,adam,7.8125e-06,6.7572585464859e-06,4.1269304773550175e-06,2.4821014008580278e-06,1.4822672866898756e-07,0.0,1.7562944776727818e-05,1.3412761290965136e-05,4.020207143184962e-06,1.2997537623959943e-07,0.0
3610,adam,7.8125e-06,6.791379774995221e-06,4.181822774285138e-06,2.4603811965562272e-06,1.4917583213147623e-07,0.0,1.7707156075630337e-05,1.3526771908800583e-05,4.030463060189504e-06,1.4992066610375332e-07,0.0
3611,adam,7.8125e-06,6.726364972564625e-06,4.111335215384315e-06,2.476219734148799e-06,1.3880987514980347e-07,0.0,1.752952448441647e-05,1.339224854746135e-05,4.0018235267780256e-06,1.3545219701427413e-07,0.0
3612,adam,7.8125e-06,6.801972403991385e-06,4.161597743745915e-06,2.4904802486958033e-06,1.498943449362855e-07,0.0,1.7760676200850867e-05,1.346743738395162e-05,4.145139882894e-06,1.480987208424267e-07,0.0
3613,adam,7.8125e-06,6.818119061335892e-06,4.240626907403566e-06,2.4324239689121896e-06,1.4506827383797827e-07,0.0,1.778318801370915e-05,1.3577964637079276e-05,4.0686563806957565e-06,1.365671096209553e-07,0.0
3614,adam,7.8125e-06,6.7620430570514145e-06,4.137258088121598e-06,2.481754854954943e-06,1.4303005935190072e-07,0.0,1.7772101273294538e-05,1.3629666682390962e-05,4.008017185697099e-06,1.3441737678476784e-07,0.0
3615,adam,7.8125e-06,6.724625706056031e-06,4.124665849758458e-06,2.4564429708107127e-06,1.4351692056990828e-07,0.0,1.749900184222497e-05,1.3361417586565949e-05,4.002464265795425e-06,1.3511908036889508e-07,0.0
3616,adam,7.8125e-06,6.7421238725273724e-06,4.147152949940391e-06,2.4528615512053875e-06,1.4210930388003362e-07,0.0,1.7825143004301935e-05,1.3636095900437795e-05,4.026963324577082e-06,1.6208267084039107e-07,0.0
3617,adam,7.8125e-06,6.737967737535655e-06,4.1425867749467216e-06,2.4402654688060466e-06,1.5511546713753432e-07,0.0,1.780678030627314e-05,1.3589909940492362e-05,4.078863184986403e-06,1.380076213308712e-07,0.0
3618,adam,7.8125e-06,6.807239373074481e-06,4.1947542541720395e-06,2.471518143920548e-06,1.4096699718635364e-07,0.0,1.757047175487969e-05,1.332663759967545e-05,4.078791334904963e-06,1.650432039923544e-07,0.0
3619,adam,7.8125e-06,6.87138131638676e-06,4.190973115214547e-06,2.53055263499391e-06,1.4985561591629448e-07,0.0,1.723484820104204e-05,1.3046274943917524e-05,4.05825994675979e-06,1.3031269929797418e-07,0.0
3620,adam,7.8125e-06,6.770808198552913e-06,4.183338091934274e-06,2.4224849255460867e-06,1.649852570118071e-07,0.0,1.7573565855855122e-05,1.3357759598875418e-05,4.0534559957450256e-06,1.6235048860835377e-07,0.0
3621,adam,7.8125e-06,6.739169663205757e-06,4.086106727640981e-06,2.499051397819585e-06,1.5401155462058114e-07,0.0,1.7718672097544186e-05,1.3510547432815656e-05,4.080915914528305e-06,1.2720863651338732e-07,0.0
3622,adam,7.8125e-06,6.79889996035854e-06,4.220559446821426e-06,2.434798311412578e-06,1.4354225807977627e-07,0.0,1.757072277541738e-05,1.3391201719059609e-05,4.047230959258741e-06,1.3229052342467185e-07,0.0
3623,adam,7.8125e-06,6.832809873458245e-06,4.160525890029021e-06,2.5191388672851645e-06,1.531451152558816e-07,0.0,1.743620669003576e-05,1.3148962352715898e-05,4.128909949940862e-06,1.5833317945634917e-07,0.0
3624,adam,7.8125e-06,6.699125236764303e-06,4.0606217055483285e-06,2.4989724494162147e-06,1.3953108446429496e-07,0.0,1.7411148292012513e-05,1.325937955698464e-05,4.016147158836247e-06,1.3562259937316412e-07,0.0
3625,adam,7.8125e-06,6.727066619305333e-06,4.159730920605398e-06,2.4269997780379526e-06,1.4033594375462144e-07,0.0,1.763963336998131e-05,1.344944212178234e-05,4.064252607349772e-06,1.2593696396834275e-07,0.0
3626,adam,7.8125e-06,6.738668673733628e-06,4.065516520768142e-06,2.527531727025689e-06,1.4562039529764093e-07,0.0,1.768899710441474e-05,1.3413074157142546e-05,4.130177330807783e-06,1.457456306752647e-07,0.0
3627,adam,7.8125e-06,6.7752668826415174e-06,4.187116161347149e-06,2.4489539356409296e-06,1.3919674923812408e-07,0.0,1.7574418961885385e-05,1.335610340902349e-05,4.081013685208745e-06,1.3730338821460464e-07,0.0
3628,adam,7.8125e-06,6.763729203385083e-06,4.075361317745774e-06,2.5407018142686866e-06,1.4766611666772178e-07,0.0,1.7401411241735332e-05,1.3220191249274649e-05,4.027937848150032e-06,1.5328188851526647e-07,0.0
3629,adam,7.8125e-06,6.779065387263472e-06,4.166232741908971e-06,2.4591256959638486e-06,1.5370695738425866e-07,0.0,1.769286063790787e-05,1.3518930245481897e-05,4.0225995689979754e-06,1.5133090869312582e-07,0.0
3630,adam,7.8125e-06,6.682303620664243e-06,4.082088310042309e-06,2.4583412425727147e-06,1.4187406582877315e-07,0.0,1.7491014659754e-05,1.3267180293041747e-05,4.073057425557636e-06,1.5077726800427627e-07,0.0
3631,adam,7.8125e-06,6.727328326405768e-06,4.143462021488631e-06,2.446276120338098e-06,1.3759013484104798e-07,0.0,1.7787509932531975e-05,1.365494608762674e-05,3.997695330326678e-06,1.348681024637699e-07,0.0
3632,adam,7.8125e-06,6.788517538325323e-06,4.157933418014181e-06,2.4824826354574725e-06,1.4810153725619557e-07,0.0,1.7779055269784294e-05,1.3329131434147712e-05,4.292884113965556e-06,1.570385990135037e-07,0.0
3633,adam,7.8125e-06,6.74389787036489e-06,4.107410703113601e-06,2.493250974566763e-06,1.4323623398482255e-07,0.0,1.7649501387495548e-05,1.342198720521992e-05,4.063234882778488e-06,1.6428091953457624e-07,0.0
3634,adam,7.8125e-06,6.7355360329202085e-06,4.14073512899904e-06,2.431592008633743e-06,1.6320889528742555e-07,0.0,1.7818889318732545e-05,1.3696326277568005e-05,3.977845153713133e-06,1.447182853553386e-07,0.0
3635,adam,7.8125e-06,6.697277797229617e-06,4.083888953232417e-06,2.4606260780046796e-06,1.5276276332798489e-07,0.0,1.7583241060492583e-05,1.3331425179785583e-05,4.059037109982455e-06,1.9277743490420107e-07,0.0
3636,adam,7.8125e-06,6.694253443129128e-06,4.094764747719637e-06,2.4436326668819675e-06,1.5585594681510884e-07,0.0,1.7520427718409337e-05,1.3336457413970493e-05,4.052012627653312e-06,1.319585294368153e-07,0.0
3637,adam,7.8125e-06,6.717076757922769e-06,4.089392106720879e-06,2.471543851356728e-06,1.5614077675252247e-07,0.0,1.7500877220300026e-05,1.3350346307561267e-05,4.015698777948273e-06,1.3483345639997424e-07,0.0
3638,adam,7.8125e-06,6.712914512263524e-06,4.1429133119663675e-06,2.430735591474331e-06,1.3926566388988704e-07,0.0,1.7721227777656168e-05,1.3583625332103111e-05,3.991790890722768e-06,1.4581218010789598e-07,0.0
3639,adam,7.8125e-06,6.743279271859137e-06,4.1576437013191025e-06,2.430911060002927e-06,1.5472442838060374e-07,0.0,1.774312295310665e-05,1.3493670849129558e-05,4.109757355763577e-06,1.3969398082736006e-07,0.0
3640,adam,7.8125e-06,6.792167255298409e-06,4.126752955357915e-06,2.5231423137483944e-06,1.422720958821344e-07,0.0,1.7768370526027866e-05,1.341903680440737e-05,4.195057954348158e-06,1.5427490041020064e-07,0.0
3641,adam,7.8125e-06,6.795315584895434e-06,4.162801985785336e-06,2.46625505440079e-06,1.6625853849205896e-07,0.0,1.7587637557880953e-05,1.3378748008108232e-05,4.032699507661164e-06,1.7619126424506248e-07,0.0
3642,adam,7.8125e-06,6.767899918713738e-06,4.2176340429023185e-06,2.3908136199679575e-06,1.5945221409907617e-07,0.0,1.7653648683335632e-05,1.33832973006065e-05,4.110087957087671e-06,1.6026382354539237e-07,0.0
3643,adam,7.8125e-06,6.815552751504583e-06,4.130206562535932e-06,2.5273822359395126e-06,1.5796402230705553e-07,0.0,1.7547537936479785e-05,1.3354623661143705e-05,4.026469468954019e-06,1.6644565903334296e-07,0.0
3644,adam,7.8125e-06,6.773041860697049e-06,4.123437733483115e-06,2.4788886179294423e-06,1.7071548441549567e-07,0.0,1.762057945597917e-05,1.3437605048238765e-05,4.0130908018909395e-06,1.6988271056561643e-07,0.0
3645,adam,7.8125e-06,6.753661352831841e-06,4.13940261978496e-06,2.4514540228892656e-06,1.6280473680296836e-07,0.0,1.7427821148885414e-05,1.3309900168678723e-05,3.970856141677359e-06,1.4706515116813534e-07,0.0
3646,adam,7.8125e-06,6.860826800902942e-06,4.20785920596245e-06,2.501628657114452e-06,1.5133887654172895e-07,0.0,1.774426709744148e-05,1.3572344869317021e-05,4.004336460639024e-06,1.6758603749167378e-07,0.0
3647,adam,7.8125e-06,6.793965781071165e-06,4.163983987837128e-06,2.475561572623519e-06,1.5442017708977573e-07,0.0,1.7397194824297912e-05,1.3217848390922882e-05,4.041761258122278e-06,1.375853884155731e-07,0.0
3648,adam,7.8125e-06,6.729223002821527e-06,4.153233135184564e-06,2.4133323606179147e-06,1.62657527447152e-07,0.0,1.7601403669686988e-05,1.3370064152695704e-05,4.069840997544816e-06,1.6149812154253596e-07,0.0
3649,adam,7.8125e-06,6.773598897780175e-06,4.106267496695182e-06,2.5079502137259624e-06,1.5938115804914332e-07,0.0,1.761979547154624e-05,1.3440499969874509e-05,4.028734110761434e-06,1.5056153301884478e-07,0.0
3650,adam,7.8125e-06,6.758070071555267e-06,4.119082092302051e-06,2.4947152041931986e-06,1.4427282479800851e-07,0.0,1.75091736309696e-05,1.3364859114517458e-05,3.987547188444296e-06,1.5676738485126407e-07,0.0
3651,adam,7.8125e-06,6.771702260266466e-06,4.173100947468811e-06,2.4396722153596784e-06,1.5892902460734604e-07,0.0,1.7371496142004617e-05,1.3138049325789325e-05,4.088929927092977e-06,1.4451623542299785e-07,0.0
3652,adam,7.8125e-06,6.764855442042972e-06,4.122473370671287e-06,2.4749950711111524e-06,1.6738700114871108e-07,0.0,1.779708509275224e-05,1.3297777513798792e-05,4.363814696262125e-06,1.354925416308106e-07,0.0
3653,adam,7.8125e-06,6.841932417955832e-06,4.17032191535327e-06,2.524343109655547e-06,1.4726745112270123e-07,0.0,1.771329880284611e-05,1.3581344319391064e-05,3.970580564782722e-06,1.6137390446147037e-07,0.0
3654,adam,7.8125e-06,6.742365684431206e-06,4.147238314544666e-06,2.44754430411831e-06,1.4758306310369562e-07,0.0,1.734092438709922e-05,1.3154425687389448e-05,4.052163603773806e-06,1.343360054306686e-07,0.0
3655,adam,7.8125e-06,6.741399175780316e-06,4.105406276266876e-06,2.4865826162567828e-06,1.4941033743554044e-07,0.0,1.7710708561935462e-05,1.356652137474157e-05,4.017347691842588e-06,1.268405753762636e-07,0.0
3656,adam,7.8125e-06,6.7084999955113744e-06,4.107009985432342e-06,2.4606427828643973e-06,1.4084722010920814e-07,0.0,1.7645426851231605e-05,1.349464127997635e-05,4.002249170298455e-06,1.4853718255380954e-07,0.0
3657,adam,7.8125e-06,6.820642227012286e-06,4.23833465390544e-06,2.4256719015625094e-06,1.5663565910983834e-07,0.0,1.791461545508355e-05,1.3630562534672208e-05,4.026001079182606e-06,2.5805198333728185e-07,0.0
3658,adam,7.8125e-06,6.762826302519898e-06,4.075890302601692e-06,2.4976892021300046e-06,1.892468270980885e-07,0.0,1.775654891389422e-05,1.344228621746879e-05,4.0867562347557396e-06,2.2750657535652863e-07,0.0
3659,adam,7.8125e-06,6.810151887748361e-06,4.2075596837776175e-06,2.43030365965069e-06,1.7228849191752715e-07,0.0,1.794905801943969e-05,1.3633408343594056e-05,4.143572368775494e-06,1.7207904079441505e-07,0.0
3660,adam,7.8125e-06,6.7634672973326815e-06,4.120153661801851e-06,2.4912183107517194e-06,1.520953047950968e-07,0.0,1.766305103956256e-05,1.3541093721869402e-05,3.978550012107007e-06,1.4340758980324608e-07,0.0
3661,adam,7.8125e-06,6.729850127840109e-06,4.09442253612724e-06,2.4910810338951705e-06,1.4434653028416733e-07,0.0,1.7454938642913476e-05,1.329440146946581e-05,4.00663748223451e-06,1.538984975013591e-07,0.0
3662,adam,7.8125e-06,6.717058454341895e-06,4.09214521823742e-06,2.4731552130674572e-06,1.517579746312947e-07,0.0,1.798800985852722e-05,1.3773837963526603e-05,4.0753534449322615e-06,1.3881748373023584e-07,0.0
3663,adam,7.8125e-06,6.76093605989081e-06,4.1831720238860726e-06,2.4392232020886695e-06,1.3854093339205065e-07,0.0,1.7621281585888937e-05,1.3450631740852259e-05,4.014091700810241e-06,1.5655771790079598e-07,0.0
3664,adam,7.8125e-06,6.803626234841431e-06,4.146571157548351e-06,2.481824878941552e-06,1.7523016815346182e-07,0.0,1.7675309209153056e-05,1.3505083188647404e-05,3.99990221922053e-06,1.703229628446934e-07,0.0
3665,adam,7.8125e-06,6.885421754532217e-06,4.20904774500741e-06,2.5191742381025506e-06,1.5719987978002337e-07,0.0,1.769582559063565e-05,1.3454866348183714e-05,4.0736872506386135e-06,1.6727247498238285e-07,0.0
3666,adam,7.8125e-06,6.897243508774409e-06,4.148480826415835e-06,2.5728624848397885e-06,1.7590026679670245e-07,0.0,1.7713022316456772e-05,1.355142921966035e-05,4.020399046567036e-06,1.4119376601229305e-07,0.0
3667,adam,7.8125e-06,6.880502581907422e-06,4.178846779723244e-06,2.527787927419922e-06,1.738679404894583e-07,0.0,1.756170968292281e-05,1.3167174984118901e-05,4.151009306951892e-06,2.4352601712962496e-07,0.0
3668,adam,7.8125e-06,6.796701541134098e-06,4.147402663079447e-06,2.4826992728321784e-06,1.6659963097964692e-07,0.0,1.8110127712134272e-05,1.3991937521495856e-05,3.950052359869005e-06,1.6813747549804248e-07,0.0
3669,adam,7.8125e-06,6.751594696652319e-06,4.179522363756405e-06,2.403187053801048e-06,1.6888528531211477e-07,0.0,1.7348707842756994e-05,1.3141943782102317e-05,4.021202585136052e-06,1.8556048075879517e-07,0.0
3670,adam,7.8125e-06,6.73944748541544e-06,4.086653575541277e-06,2.4976011374633345e-06,1.551927955034671e-07,0.0,1.7684225895209238e-05,1.357865949103143e-05,3.967575139540713e-06,1.3799169096273545e-07,0.0
3671,adam,7.8125e-06,6.662447901817359e-06,4.1309703249226e-06,2.3891613096793662e-06,1.423163196179189e-07,0.0,1.729805262584705e-05,1.3146533092367463e-05,4.014802016172325e-06,1.3671738940956857e-07,0.0
3672,adam,7.8125e-06,6.7133997276869195e-06,4.087888314074917e-06,2.4726833487420663e-06,1.528280377804947e-07,0.0,1.799121491785627e-05,1.3820289495924953e-05,4.006480139651103e-06,1.6444566597328958e-07,0.0
3673,adam,7.8125e-06,6.705248409843989e-06,4.111774728698947e-06,2.4286584405786016e-06,1.6481515441313377e-07,0.0,1.7319507605861872e-05,1.3157120520190801e-05,4.021525001007831e-06,1.408630794230703e-07,0.0
3674,adam,7.8125e-06,6.7240837893223215e-06,4.142293391851126e-06,2.4337331225865455e-06,1.4805725889743826e-07,0.0,1.7638927602092735e-05,1.3517624211090151e-05,3.961728907597717e-06,1.5957523658016726e-07,0.0
3675,adam,7.8125e-06,6.709077297273325e-06,4.113996183718882e-06,2.4488109318099305e-06,1.4627018352086907e-07,0.0,1.7663685866864398e-05,1.3445972399495076e-05,4.053865723108174e-06,1.638465789710608e-07,0.0
3676,adam,7.8125e-06,6.836096162032845e-06,4.1867383373528355e-06,2.4788130801312036e-06,1.7054472944977306e-07,0.0,1.7577036487637088e-05,1.3373584806686267e-05,3.9963601921044756e-06,2.0709258308215794e-07,0.0
3677,adam,7.8125e-06,6.6880006386327295e-06,4.0842484168024384e-06,2.4456015808027587e-06,1.5815070675273546e-07,0.0,1.7734468201524578e-05,1.3402566764852963e-05,4.175222784397192e-06,1.566790643892091e-07,0.0
3678,adam,7.8125e-06,6.679178454760404e-06,4.119107643418829e-06,2.4073751205833105e-06,1.5269566944198232e-07,0.0,1.7670510715106502e-05,1.3536479855247308e-05,3.998297415819252e-06,1.3573351509421627e-07,0.0
3679,adam,7.8125e-06,6.737881506069243e-06,4.087074771064181e-06,2.5007108845898074e-06,1.5009601117554894e-07,0.0,1.7448293874622323e-05,1.3247315109765623e-05,4.031753178423969e-06,1.692260696017911e-07,0.0
3680,adam,7.8125e-06,6.67440491497473e-06,4.0450570679695375e-06,2.4801907585469962e-06,1.491570436051859e-07,0.0,1.7457123249187134e-05,1.3326624866749626e-05,3.976352672907524e-06,1.5414671850066952e-07,0.0
3681,adam,7.8125e-06,6.707823814622316e-06,4.155184356591235e-06,2.4070877699955417e-06,1.4555156235829259e-07,0.0,1.7718488379614428e-05,1.3465887604979798e-05,4.128646196477348e-06,1.2395553028454742e-07,0.0
3682,adam,7.8125e-06,6.703767638782665e-06,4.078619383562909e-06,2.485694587051057e-06,1.3945362642431292e-07,0.0,1.771736606315244e-05,1.355674430669751e-05,4.008259566035122e-06,1.5236152250963642e-07,0.0
3683,adam,7.8125e-06,6.774102729423248e-06,4.203465010732543e-06,2.4259514859181763e-06,1.4468625009200764e-07,0.0,1.7706324797472917e-05,1.343081567029003e-05,4.1342518670717254e-06,1.4125798486475105e-07,0.0
3684,adam,7.8125e-06,6.724139552716224e-06,4.107606002889952e-06,2.47377244022573e-06,1.4276106208299666e-07,0.0,1.7475427739555016e-05,1.336094646831043e-05,3.980186193075497e-06,1.3429658451968862e-07,0.0
3685,adam,7.8125e-06,6.729763128987543e-06,4.101605796336116e-06,2.4690081161793387e-06,1.5914924578197542e-07,0.0,1.767152025422547e-05,1.3581325220002327e-05,3.9340980038105045e-06,1.560969735692197e-07,0.0
3686,adam,7.8125e-06,6.653622421026739e-06,4.099202385532408e-06,2.4034029522113087e-06,1.510170983820558e-07,0.0,1.7679274606052786e-05,1.3610287169285584e-05,3.9370779632008635e-06,1.3190901881898753e-07,0.0
3687,adam,7.8125e-06,6.675995422256165e-06,4.121575059912175e-06,2.420091838928329e-06,1.3432857493000938e-07,0.0,1.7629081412451342e-05,1.3512183613784146e-05,3.986006049672142e-06,1.3089096739804518e-07,0.0
3688,adam,7.8125e-06,6.789889482661238e-06,4.185947162227421e-06,2.4559336040397284e-06,1.4800874748033266e-07,0.0,1.7675944036454894e-05,1.3520376342057716e-05,4.0188383536587935e-06,1.3672931231667462e-07,0.0
3689,adam,7.8125e-06,6.848909890777577e-06,4.1645844106597e-06,2.509685188556432e-06,1.7464026935698485e-07,0.0,1.774656993802637e-05,1.3543986824515741e-05,4.02122213927214e-06,1.8136043422600778e-07,0.0
3690,adam,7.8125e-06,6.84989572619088e-06,4.225735096952121e-06,2.4499511752651415e-06,1.742094317691567e-07,0.0,1.7494177882326767e-05,1.327865265920991e-05,4.077904122823384e-06,1.3762058870270266e-07,0.0
3691,adam,7.8125e-06,6.780900037028914e-06,4.108243885525553e-06,2.5059736969978985e-06,1.6668241720196875e-07,0.0,1.7848431525635533e-05,1.3574926924775355e-05,4.1340031202707905e-06,1.395020916561407e-07,0.0
3692,adam,7.8125e-06,6.748907281917127e-06,4.150588964080271e-06,2.446653844856428e-06,1.5166447031589314e-07,0.0,1.7602422303752974e-05,1.3419822607829701e-05,4.036552581965225e-06,1.4604690079522697e-07,0.0
3693,adam,7.8125e-06,6.7272777641846915e-06,4.132817267077371e-06,2.444197214401811e-06,1.5026330402179155e-07,0.0,1.7589458366273902e-05,1.337563844572287e-05,4.079714472027263e-06,1.3410500798727298e-07,0.0
3694,adam,7.8125e-06,6.826064577580837e-06,4.116254288533128e-06,2.5428448822140126e-06,1.669654805525056e-07,0.0,1.781711216608528e-05,1.355636959488038e-05,4.1029538806469645e-06,1.577874684244307e-07,0.0
3695,adam,7.8125e-06,6.874857575667193e-06,4.28890082559974e-06,2.42241228676221e-06,1.6354445797617245e-07,0.0,1.7748983736964874e-05,1.352784238406457e-05,4.040060048282612e-06,1.810815035696578e-07,0.0
3696,adam,7.8125e-06,6.81314733697036e-06,4.166267103755672e-06,2.4706930830120655e-06,1.761872701067091e-07,0.0,1.768991569406353e-05,1.3483959264704026e-05,4.052679742017062e-06,1.5327675839671429e-07,0.0
3697,adam,7.8125e-06,6.746973127746969e-06,4.130354653852919e-06,2.4706107240035635e-06,1.460075829129437e-07,0.0,1.768492984410841e-05,1.3432617379294243e-05,4.1305183913209476e-06,1.217948124576651e-07,0.0
3698,adam,7.8125e-06,6.683178526145639e-06,4.106221879851546e-06,2.42979793796394e-06,1.4715870744197446e-07,0.0,1.7417982235201634e-05,1.3168857549317181e-05,4.099993020645343e-06,1.4913103996150312e-07,0.0
3699,adam,7.8125e-06,6.766611534203548e-06,4.117753604759855e-06,2.4788961354715866e-06,1.6996182683470806e-07,0.0,1.767410503816791e-05,1.3307927474670578e-05,4.142275429330766e-06,2.2390337051092501e-07,0.0
3700,adam,7.8125e-06,6.656491308376644e-06,4.049364719094228e-06,2.444646071353418e-06,1.6248049483635896e-07,0.0,1.7436148482374847e-05,1.3327790838957299e-05,3.973832463088911e-06,1.3452448399675632e-07,0.0
3701,adam,7.8125e-06,6.72192575734698e-06,4.1569338549152235e-06,2.4225092616347865e-06,1.4248259461169255e-07,0.0,1.772923133103177e-05,1.3494423001247924e-05,4.106187589059118e-06,1.286199875494276e-07,0.0
3702,adam,7.8125e-06,6.655440927261225e-06,4.049532904559783e-06,2.469028586915556e-06,1.3687940114692765e-07,0.0,1.756384881446138e-05,1.3308157576830126e-05,4.103841547475895e-06,1.5184927804057224e-07,0.0
3703,adam,7.8125e-06,6.652725744515919e-06,4.07816875735989e-06,2.434622558666888e-06,1.3993439251791528e-07,0.0,1.781222272256855e-05,1.3525401300285012e-05,4.143168553127907e-06,1.4365208755862113e-07,0.0
3704,adam,7.8125e-06,6.726481785790384e-06,4.129149317577685e-06,2.4490258070386517e-06,1.4830668160215055e-07,0.0,1.742473068588879e-05,1.3302050319907721e-05,3.991944140580017e-06,1.3073584170797403e-07,0.0
3705,adam,7.8125e-06,6.701305238721034e-06,4.076309807032885e-06,2.4815671579858645e-06,1.4342823151380912e-07,0.0,1.7465630662627518e-05,1.3333213246369269e-05,3.9688998185738456e-06,1.6351810927517363e-07,0.0
3706,adam,7.8125e-06,6.694308183341491e-06,4.069732796097014e-06,2.4597863230724215e-06,1.64788970913321e-07,0.0,1.773469011823181e-05,1.3484204828273505e-05,4.072508545505116e-06,1.779778813215671e-07,0.0
3707,adam,7.8125e-06,6.787986393419487e-06,4.1552584804094295e-06,2.4640042823875774e-06,1.687236528269409e-07,0.0,1.7565169400768355e-05,1.3333260540093761e-05,4.063691449118778e-06,1.6821699944102875e-07,0.0
3708,adam,7.8125e-06,6.802964833241276e-06,4.065532891672774e-06,2.572491510477448e-06,1.649403884584899e-07,0.0,1.7954755094251595e-05,1.363904357276624e-05,4.089657977601746e-06,2.2605394178754068e-07,0.0
3709,adam,7.8125e-06,6.751105701141569e-06,4.136983122293714e-06,2.4559242461918984e-06,1.5819836995945025e-07,0.0,1.7660462617641315e-05,1.3550204130297061e-05,3.97761277781683e-06,1.3264583742511604e-07,0.0
3710,adam,7.8125e-06,6.622982596127258e-06,4.04344795867928e-06,2.44749963940194e-06,1.3203492965629948e-07,0.0,1.7757642126525752e-05,1.3245693480712362e-05,4.370820079202531e-06,1.4112741553162778e-07,0.0
3711,adam,7.8125e-06,6.759101864872719e-06,4.13986690261936e-06,2.4737482888781415e-06,1.4548669557967742e-07,0.0,1.787919973139651e-05,1.374978273815941e-05,3.981851023127092e-06,1.4756557220607647e-07,0.0
3712,adam,7.8125e-06,6.776845310696444e-06,4.142150544339529e-06,2.4684848654032976e-06,1.6620990894722354e-07,0.0,1.7762717106961645e-05,1.3630437933898065e-05,3.979584562330274e-06,1.5269446862475888e-07,0.0
3713,adam,7.8125e-06,6.786528985003315e-06,4.197000635031145e-06,2.4256231654362637e-06,1.6390529378185192e-07,0.0,1.7925340216606855e-05,1.3695905181521084e-05,4.038850875076605e-06,1.9058528266668873e-07,0.0
3714,adam,7.8125e-06,6.788066059471021e-06,4.159446433504854e-06,2.4599611165854185e-06,1.6865850849256958e-07,0.0,1.7723601558827795e-05,1.34517813421553e-05,4.0567324504081625e-06,2.1508904524125683e-07,0.0
3715,adam,7.8125e-06,6.755994036211632e-06,4.089747932312093e-06,2.5101182572484504e-06,1.561278386574827e-07,0.0,1.767288449627813e-05,1.3463565665006172e-05,4.052779786434257e-06,1.5653897378342663e-07,0.0
3716,adam,7.8125e-06,6.784746432231259e-06,4.1353775657171354e-06,2.504758136012697e-06,1.4461068520432718e-07,0.0,1.757011159497779e-05,1.3421137737168465e-05,3.987388026871486e-06,1.6158642779373622e-07,0.0
3717,adam,7.8125e-06,6.710198988457705e-06,4.114855187253852e-06,2.4447193851528937e-06,1.5062445957170212e-07,0.0,1.7768519683158956e-05,1.3514493730326649e-05,4.115938281756826e-06,1.3808795529257623e-07,0.0
3718,adam,7.8125e-06,6.631493022268842e-06,4.04571409262644e-06,2.4349834220060984e-06,1.50795488096378e-07,0.0,1.7318619939032942e-05,1.3155025044397917e-05,4.004687980341259e-06,1.5890665849838115e-07,0.0
3719,adam,7.8125e-06,6.690851620305693e-06,4.092687305501386e-06,2.4252530650414883e-06,1.7291124976281935e-07,0.0,1.7688589650788344e-05,1.3531705917557701e-05,4.034450284962077e-06,1.2243360458796815e-07,0.0
3720,adam,7.8125e-06,6.637757167027303e-06,4.049160750696501e-06,2.440765655364885e-06,1.4783078361446655e-07,0.0,1.759856786520686e-05,1.3486467651091516e-05,3.964331881434191e-06,1.4776996692944522e-07,0.0
3721,adam,7.8125e-06,6.685216987989406e-06,4.123057806282304e-06,2.409104290279629e-06,1.5305505129958874e-07,0.0,1.75854565895861e-05,1.3472576938511338e-05,3.987956006312743e-06,1.2492287737586594e-07,0.0
3722,adam,7.8125e-06,6.757138010016206e-06,4.091945044137901e-06,2.522433590002038e-06,1.4275925508400178e-07,0.0,1.7768748875823803e-05,1.3694873814529274e-05,3.909864517481765e-06,1.6401170910285146e-07,0.0
3723,adam,7.8125e-06,6.763599060377601e-06,4.21577999532019e-06,2.4045768682867674e-06,1.4324216612848772e-07,0.0,1.7891765310196206e-05,1.3793927791994065e-05,3.962962637160672e-06,1.3487515104770864e-07,0.0
3724,adam,7.8125e-06,6.755805173952467e-06,4.160780832762612e-06,2.439779208884829e-06,1.5524515095677316e-07,0.0,1.7511933037894778e-05,1.3294680684339255e-05,4.041552983835572e-06,1.7569902865943732e-07,0.0
3725,adam,7.8125e-06,6.79203546383178e-06,4.146346199718209e-06,2.491869196319385e-06,1.5381999407537705e-07,0.0,1.789616362657398e-05,1.3796824532619212e-05,3.963582912547281e-06,1.357569203719322e-07,0.0
3726,adam,7.8125e-06,6.803835759683352e-06,4.171775628947216e-06,2.4585596491988326e-06,1.7350051439990466e-07,0.0,1.773476651578676e-05,1.3218862477515358e-05,4.344480203144485e-06,1.7142367880751408e-07,0.0
3727,adam,7.8125e-06,6.736329282830411e-06,4.106192008634935e-06,2.469239362312692e-06,1.6089785059847372e-07,0.0,1.742810673022177e-05,1.3096349903207738e-05,4.134717073611682e-06,1.9703975340235047e-07,0.0
3728,adam,7.8125e-06,6.784150400562794e-06,4.041589463099626e-06,2.570285374758896e-06,1.7227561244226308e-07,0.0,1.7560454580234364e-05,1.3259234947327059e-05,4.114762759854784e-06,1.864571856913244e-07,0.0
3729,adam,7.8125e-06,6.74286346225017e-06,4.097115876788848e-06,2.477995209915207e-06,1.677524013032894e-07,0.0,1.798066841729451e-05,1.3718697118747514e-05,4.0859436012397055e-06,1.7602667412575101e-07,0.0
3730,adam,7.8125e-06,6.814286422240912e-06,4.1430421475752155e-06,2.503419274546559e-06,1.678249930137099e-07,0.0,1.7745496734278277e-05,1.369174242427107e-05,3.912730790034402e-06,1.4102288048434275e-07,0.0
3731,adam,7.8125e-06,6.689028055006929e-06,4.1139763027331355e-06,2.429541993365092e-06,1.4550969407167713e-07,0.0,1.7617207049624994e-05,1.3355076589505188e-05,4.128805358050158e-06,1.3332537207588757e-07,0.0
3732,adam,7.8125e-06,6.6934670144291886e-06,4.116482998028914e-06,2.4324892820004607e-06,1.444947055340151e-07,0.0,1.7392123481840827e-05,1.3246233720565215e-05,4.0002137211558875e-06,1.456760827522885e-07,0.0
3733,adam,7.8125e-06,6.703214381786893e-06,4.144838612774038e-06,2.4192775498477204e-06,1.3909829688074637e-07,0.0,1.766541026881896e-05,1.3512104487745091e-05,4.0019158404902555e-06,1.5139133324737486e-07,0.0
3734,adam,7.8125e-06,6.659228802163852e-06,4.089767912773823e-06,2.425425329022346e-06,1.4403548043162573e-07,0.0,1.7734198991092853e-05,1.3555719306168612e-05,4.043479748361278e-06,1.3500013551492884e-07,0.0
3735,adam,7.8125e-06,6.6874715685116826e-06,4.0778229930538146e-06,2.461482750959476e-06,1.4816582183385663e-07,0.0,1.745902955008205e-05,1.3334413779375609e-05,3.966314125136705e-06,1.5830140398520598e-07,0.0
3736,adam,7.8125e-06,6.700571162809865e-06,4.1094325382573516e-06,2.4420688262694057e-06,1.4906979295403744e-07,0.0,1.751369381963741e-05,1.3373071851674467e-05,4.0074473872664385e-06,1.3317392699718766e-07,0.0
3737,adam,7.8125e-06,6.6432408232230955e-06,4.040675790406567e-06,2.463648286266107e-06,1.389168398091556e-07,0.0,1.770286326063797e-05,1.3635461073135957e-05,3.9419701352017e-06,1.2543154070954188e-07,0.0
3738,adam,7.8125e-06,6.748692101155029e-06,4.16803685254763e-06,2.419612648907332e-06,1.61042522428545e-07,0.0,1.7817294065025635e-05,1.3453844985633623e-05,4.197454927634681e-06,1.659935264797241e-07,0.0
3739,adam,7.8125e-06,6.736894277992178e-06,4.155106793746199e-06,2.439657599495604e-06,1.4212984078554314e-07,0.0,1.7645041225478053e-05,1.3366792700253427e-05,4.12894996770774e-06,1.492993675356047e-07,0.0
3740,adam,7.8125e-06,6.740062758581189e-06,4.107943112785506e-06,2.4609389797092263e-06,1.7118064121746102e-07,0.0,1.7957991076400504e-05,1.3787280295218807e-05,4.025668204121757e-06,1.4504315970498283e-07,0.0
3741,adam,7.8125e-06,6.651897962228759e-06,4.113890568646639e-06,2.39683593861173e-06,1.4117150737291695e-07,0.0,1.7722710254020058e-05,1.350371621811064e-05,4.0439267650072e-06,1.7506621929896937e-07,0.0
3742,adam,7.8125e-06,6.711442296136738e-06,4.125354323036845e-06,2.4342728650594836e-06,1.5181520396367887e-07,0.0,1.7838738131104037e-05,1.3738356756221037e-05,3.967428710893728e-06,1.329540850747435e-07,0.0
3743,adam,7.8125e-06,6.7091025073295896e-06,4.1131090284807215e-06,2.4390450903410965e-06,1.5694841026814288e-07,0.0,1.7895237760967575e-05,1.3666239283338655e-05,4.067828740517143e-06,1.611697797443412e-07,0.0
3744,adam,7.8125e-06,6.77716437280651e-06,4.134673432076852e-06,2.480092874179718e-06,1.6239817490770747e-07,0.0,1.7349826521240175e-05,1.313604116148781e-05,4.083081421413226e-06,1.307036541220441e-07,0.0
3745,adam,7.8125e-06,6.80136440678325e-06,4.0848622120392974e-06,2.5735844531027396e-06,1.429177522993541e-07,0.0,1.7659209333942272e-05,1.3580498489318416e-05,3.952533006668091e-06,1.2617788058832957e-07,0.0
3746,adam,7.8125e-06,6.742107586887869e-06,4.127601229697575e-06,2.4732681751515884e-06,1.4123827529743949e-07,0.0,1.7626360204303637e-05,1.3544258763431571e-05,3.95134748032433e-06,1.3075388949346234e-07,0.0
3747,adam,7.8125e-06,6.68927302172051e-06,4.124455173837305e-06,2.4201515600452694e-06,1.4466636777399344e-07,0.0,1.773067378962878e-05,1.3390902495302726e-05,4.176486527285306e-06,1.6328527863151976e-07,0.0
3748,adam,7.8125e-06,6.672555883824316e-06,4.069532266726128e-06,2.4410566155097513e-06,1.6196699981207985e-07,0.0,1.7669100998318754e-05,1.3588886758952867e-05,3.944485342799453e-06,1.3572912394010928e-07,0.0
3749,adam,7.8125e-06,6.7476698859536555e-06,4.085318366264801e-06,2.491104609703143e-06,1.7124691886749588e-07,0.0,1.7856744307209738e-05,1.3470750673150178e-05,4.23710889663198e-06,1.4888343002894544e-07,0.0
3750,adam,7.8125e-06,6.736534118090276e-06,4.0975591559799796e-06,2.4678379446640974e-06,1.711370476442653e-07,0.0,1.783860170689877e-05,1.357292876491556e-05,4.128587534069084e-06,1.3708419999147736e-07,0.0
3751,adam,7.8125e-06,6.782712830499804e-06,4.121302794146686e-06,2.4817074972816044e-06,1.7970257104593657e-07,0.0,1.7672680769464932e-05,1.3572695024777204e-05,3.932204435841413e-06,1.6778098199665692e-07,0.0
3752,adam,7.8125e-06,6.683471127644225e-06,4.111805594675388e-06,2.412181373756539e-06,1.5948416010047595e-07,0.0,1.8008679035119712e-05,1.3801791283185594e-05,4.043781245854916e-06,1.6310663397689495e-07,0.0
3753,adam,7.8125e-06,6.726063929818338e-06,4.137588334174325e-06,2.4352019281081994e-06,1.532737163856268e-07,0.0,1.7720689356792718e-05,1.3210120414441917e-05,4.385043666843558e-06,1.2552489181416604e-07,0.0
3754,adam,7.8125e-06,6.7527942633205384e-06,4.127486249672074e-06,2.4825824809227015e-06,1.4272555226568784e-07,0.0,1.7795349776861258e-05,1.3618583579955157e-05,4.042063210363267e-06,1.347031144405264e-07,0.0
3755,adam,7.8125e-06,6.7101024683324795e-06,4.103475902184073e-06,2.466651636723327e-06,1.399748299490966e-07,0.0,1.746228190313559e-05,1.3271348507259972e-05,4.03790954806027e-06,1.5302364886338182e-07,0.0
3756,adam,7.8125e-06,6.73624802516315e-06,4.146132297933036e-06,2.4341430702179423e-06,1.5597263125499694e-07,0.0,1.766453351592645e-05,1.3547291928261984e-05,3.962745267926948e-06,1.544950123388844e-07,0.0
3757,adam,7.8125e-06,6.770980064629839e-06,4.157501734880498e-06,2.4555310318419288e-06,1.5794733387863857e-07,0.0,1.774313386704307e-05,1.3573710930359084e-05,3.9925312194100115e-06,1.7689123410491447e-07,0.0
3758,adam,7.8125e-06,6.710963731393349e-06,4.103121270304655e-06,2.442903223709436e-06,1.6493924182015007e-07,0.0,1.767013964126818e-05,1.3472938917402644e-05,4.0325639929506e-06,1.6463660301724303e-07,0.0
3759,adam,7.8125e-06,6.642190555794514e-06,4.093695096685224e-06,2.402247176291894e-06,1.4624829702825082e-07,0.0,1.7627169654588215e-05,1.3464558833220508e-05,4.020631422463339e-06,1.419786741507778e-07,0.0
3760,adam,7.8125e-06,6.6614762488370616e-06,4.064117788971089e-06,2.44448268205133e-06,1.528757103130829e-07,0.0,1.769676418916788e-05,1.3504060916602612e-05,4.022388111479813e-06,1.7031518950716418e-07,0.0
3761,adam,7.8125e-06,6.665539359573813e-06,4.034666062580072e-06,2.4744670952259185e-06,1.5640625949941978e-07,0.0,1.7546395611134358e-05,1.3448967365548015e-05,3.954568455810659e-06,1.4285900817867514e-07,0.0
3762,adam,7.8125e-06,6.694678802432463e-06,4.1115839906069596e-06,2.4174414150479606e-06,1.6565338700758048e-07,0.0,1.7729424143908545e-05,1.3593085895990953e-05,3.933330390282208e-06,2.0300747394230712e-07,0.0
3763,adam,7.8125e-06,6.7402926617887715e-06,4.101637884446063e-06,2.4813410632873456e-06,1.5731368208093954e-07,0.0,1.7900229067890905e-05,1.354742289549904e-05,4.200524017505813e-06,1.5228273753109534e-07,0.0
3764,adam,7.8125e-06,6.694182673072646e-06,4.032337997728064e-06,2.5123838653939856e-06,1.4946082949052197e-07,0.0,1.7691323591861874e-05,1.3564112123276573e-05,3.9642536648898385e-06,1.629578605388815e-07,0.0
3765,adam,7.8125e-06,6.6812702925744816e-06,4.0977841990752495e-06,2.399547518905365e-06,1.83938669628958e-07,0.0,1.7846743503469042e-05,1.3592495633929502e-05,4.1317039176647086e-06,1.2254373871201096e-07,0.0
3766,adam,7.8125e-06,6.711445536211613e-06,4.1062610733888505e-06,2.4492297043821054e-06,1.5595466518192325e-07,0.0,1.758696453180164e-05,1.3513562407752033e-05,3.9211727198562585e-06,1.52228665228904e-07,0.0
3767,adam,7.8125e-06,6.756017711495588e-06,4.221700251605398e-06,2.3837560760853194e-06,1.5056135627133926e-07,0.0,1.7822476365836337e-05,1.3732526895182673e-05,3.942222065234091e-06,1.477277038475222e-07,0.0
3768,adam,7.8125e-06,6.694409819374414e-06,4.096640424222642e-06,2.44325044462812e-06,1.5451896029361478e-07,0.0,1.749503098835703e-05,1.336828154308023e-05,3.9724727685097605e-06,1.542773730989211e-07,0.0
3769,adam,7.8125e-06,6.634488727286225e-06,4.112771435416107e-06,2.3787233018879306e-06,1.4299401662754008e-07,0.0,1.7574117009644397e-05,1.3420261893770657e-05,3.990543518739287e-06,1.6331075869402412e-07,0.0
3770,adam,7.8125e-06,6.736419891240075e-06,4.116369979101364e-06,2.460819104044276e-06,1.5923078322543915e-07,0.0,1.750645060383249e-05,1.338167112407973e-05,3.944522632082226e-06,1.8025605186267057e-07,0.0
3771,adam,7.8125e-06,6.65339433680856e-06,4.062542672045311e-06,2.4240575129397257e-06,1.6679422909504638e-07,0.0,1.745003100950271e-05,1.3273636795929633e-05,4.007528787042247e-06,1.6886559706108528e-07,0.0
3772,adam,7.8125e-06,6.702659447910264e-06,4.08757452419195e-06,2.4518715662225077e-06,1.6321335305491402e-07,0.0,1.8075799744110554e-05,1.4027601537236478e-05,3.873041805491084e-06,1.751561740093166e-07,0.0
3773,adam,7.8125e-06,6.733423134619443e-06,4.137708003781881e-06,2.436080258405582e-06,1.5963492305814952e-07,0.0,1.7491151083959267e-05,1.325253106188029e-05,4.091237769898726e-06,1.4738139952896745e-07,0.0
3774,adam,7.8125e-06,6.669471304121544e-06,4.140698010246524e-06,2.3789018257502903e-06,1.4987145569023141e-07,0.0,1.7511245459900238e-05,1.3462139577313792e-05,3.92295351048233e-06,1.2615271316462895e-07,0.0
3775,adam,7.8125e-06,6.71772534133197e-06,4.11081877871311e-06,2.4641568003858083e-06,1.427497831052449e-07,0.0,1.790930218703579e-05,1.3870600923837628e-05,3.878294592141174e-06,1.6040689843066502e-07,0.0
3776,adam,7.8125e-06,6.67816772192964e-06,4.099821111935853e-06,2.4269388774200706e-06,1.5140774767274934e-07,0.0,1.7850961739895865e-05,1.3556737030739896e-05,4.126107342017349e-06,1.681181487356298e-07,0.0
3777,adam,7.8125e-06,6.726252593125537e-06,4.12606686950312e-06,2.4462322016916005e-06,1.5395352193081635e-07,0.0,1.752469688653946e-05,1.3350032531889156e-05,4.013802936242428e-06,1.6086097787137987e-07,0.0
3778,adam,7.8125e-06,6.868239779578289e-06,4.281666491579017e-06,2.405478880973533e-06,1.810944074698284e-07,0.0,1.8032062143902294e-05,1.37840961542679e-05,4.0386325963481795e-06,2.0933376276843774e-07,0.0
3779,adam,7.8125e-06,6.816741091597578e-06,4.155690518814481e-06,2.492475601911792e-06,1.6857499307576518e-07,0.0,1.7681188182905316e-05,1.3509505151887424e-05,4.013995294371853e-06,1.5768897299039963e-07,0.0
3780,adam,7.8125e-06,6.704743952923309e-06,4.065792481355857e-06,2.482081157495486e-06,1.568703691390283e-07,0.0,1.772046016412787e-05,1.3516927538148593e-05,4.010697921330575e-06,1.9283491781152406e-07,0.0
3781,adam,7.8125e-06,6.710720498404044e-06,4.0980956157454784e-06,2.434380746763054e-06,1.782441607645069e-07,0.0,1.7627735360292718e-05,1.345110922557069e-05,3.998866304755211e-06,1.7775957417143218e-07,0.0
3782,adam,7.8125e-06,6.675962680446901e-06,4.091294627528441e-06,2.4147765884663386e-06,1.6989142670453816e-07,0.0,1.75844816112658e-05,1.35035415951279e-05,3.930515958927572e-06,1.5042466827708267e-07,0.0
3783,adam,7.8125e-06,6.720518541669662e-06,4.123970114733311e-06,2.444599381590251e-06,1.5194896541004255e-07,0.0,1.786983739293646e-05,1.3420329196378589e-05,4.307901690481231e-06,1.416066055526244e-07,0.0
3784,adam,7.8125e-06,6.838954249133167e-06,4.159259162861417e-06,2.53768729407966e-06,1.4200774822725748e-07,0.0,1.7697202565614134e-05,1.3563198081101291e-05,3.995949100499274e-06,1.3805603771288588e-07,0.0
3785,adam,7.8125e-06,6.6619103620269016e-06,4.060800094407568e-06,2.4508185276772565e-06,1.5029175193248534e-07,0.0,1.740007610351313e-05,1.3211069017415866e-05,4.018702838948229e-06,1.703041903056146e-07,0.0
3786,adam,7.8125e-06,6.843682569979137e-06,4.105688361732973e-06,2.5723321215309625e-06,1.6566211336055403e-07,0.0,1.8314931367058307e-05,1.3786458112008404e-05,4.351385541667696e-06,1.770880260210106e-07,0.0
3787,adam,7.8125e-06,6.776677679454224e-06,4.108892710519285e-06,2.4926623183318952e-06,1.7512276961895168e-07,0.0,1.7317195670329966e-05,1.3109967767377384e-05,4.066625024279347e-06,1.406026512995595e-07,0.0
3788,adam,7.8125e-06,6.646646255603628e-06,4.070581653081717e-06,2.4036010302097566e-06,1.7246354655497953e-07,0.0,1.7689733795123175e-05,1.355322547169635e-05,3.960440153605305e-06,1.7606758717647608e-07,0.0
3789,adam,7.8125e-06,6.753899356226611e-06,4.132209980411972e-06,2.46808107817742e-06,1.5360826299826158e-07,0.0,1.7708191080600955e-05,1.355380481982138e-05,4.017678747914033e-06,1.3670810972143954e-07,0.0
3790,adam,7.8125e-06,6.667486587730309e-06,4.12350658507421e-06,2.3999317093625905e-06,1.440482746417615e-07,0.0,1.747152600728441e-05,1.3374992704484612e-05,3.9672218008490745e-06,1.2931147352901462e-07,0.0
3791,adam,7.8125e-06,6.6425295699446e-06,4.113856462595322e-06,2.3835284892470554e-06,1.4514467405746245e-07,0.0,1.7395574104739353e-05,1.3225346265244298e-05,3.99751161239692e-06,1.7271658236950316e-07,0.0
3792,adam,7.8125e-06,6.615723151526254e-06,3.9891984329187835e-06,2.481325807934809e-06,1.4519894842024428e-07,0.0,1.734895158733707e-05,1.321469244430773e-05,3.980740075348876e-06,1.5351839977029158e-07,0.0
3793,adam,7.8125e-06,6.635880112071391e-06,4.105404912024824e-06,2.3788707892435923e-06,1.5160442323747247e-07,0.0,1.772523501131218e-05,1.3619240235129837e-05,3.948121957364492e-06,1.5787152563007112e-07,0.0
3794,adam,7.8125e-06,6.640695914938988e-06,4.064388548385978e-06,2.4274722321138142e-06,1.4883509535934536e-07,0.0,1.762411920935847e-05,1.3469081750372425e-05,3.996274699602509e-06,1.58762659907552e-07,0.0
3795,adam,7.8125e-06,6.725735289592194e-06,4.060384682702534e-06,2.5042672717745518e-06,1.6108336176046123e-07,0.0,1.75710920302663e-05,1.3495216990122572e-05,3.9248498069355264e-06,1.5102543216016784e-07,0.0
3796,adam,7.8125e-06,6.727544501927696e-06,4.147313532598673e-06,2.409800266889306e-06,1.704306580307957e-07,0.0,1.7689579181023873e-05,1.3431234947347548e-05,4.056943453178974e-06,2.0139972889410274e-07,0.0
3797,adam,7.8125e-06,6.674656475524898e-06,4.10028954433983e-06,2.4213334555156507e-06,1.5303346412309793e-07,0.0,1.786043321772013e-05,1.3729995771427639e-05,3.998965894425055e-06,1.3147194977136678e-07,0.0
3798,adam,7.8125e-06,6.671173423455912e-06,4.025582654776372e-06,2.487567485331965e-06,1.580233215392468e-07,0.0,1.7533553545945324e-05,1.315082499786513e-05,4.1843181861622725e-06,1.9840956611005822e-07,0.0
3799,adam,7.8125e-06,6.807562783706089e-06,4.206486991620295e-06,2.4306647574690032e-06,1.7041102218229298e-07,0.0,1.7598482372704893e-05,1.340938251814805e-05,4.022543635073816e-06,1.665555231511462e-07,0.0
3800,adam,7.8125e-06,6.618220936616126e-06,3.998179565201099e-06,2.4710373054404045e-06,1.4900405975737385e-07,0.0,1.759111364663113e-05,1.3578251127910335e-05,3.875557013088837e-06,1.3730554826452135e-07,0.0
3801,adam,7.8125e-06,6.66008168082044e-06,4.092727806437324e-06,2.412663988593522e-06,1.54689868914204e-07,0.0,1.7512222257209942e-05,1.3387567378231324e-05,3.994581220467808e-06,1.3007468169234926e-07,0.0
3802,adam,7.8125e-06,6.75590783316693e-06,4.083271633703589e-06,2.52828053248777e-06,1.443557087199565e-07,0.0,1.7581847714609466e-05,1.352774961560499e-05,3.909968199877767e-06,1.4412876225833315e-07,0.0
3803,adam,7.8125e-06,6.700155552152864e-06,4.15411479082195e-06,2.39412735680844e-06,1.5191335211994783e-07,0.0,1.7528414900880307e-05,1.3350063454709016e-05,4.040557541884482e-06,1.3779416008219414e-07,0.0
3804,adam,7.8125e-06,6.6897064527893235e-06,4.0704027099991436e-06,2.462408261294513e-06,1.5689551569053606e-07,0.0,1.7617860066820867e-05,1.3584647604147904e-05,3.894782366842264e-06,1.3842975477018626e-07,0.0
3805,adam,7.8125e-06,6.6920463268616e-06,4.11326728055883e-06,2.4271573266787527e-06,1.5162169475502196e-07,0.0,1.807359149097465e-05,1.396250445395708e-05,3.967777502111858e-06,1.4330959174913005e-07,0.0
3806,adam,7.8125e-06,6.722305045059329e-06,4.086472358721949e-06,2.4734315644536764e-06,1.624010890211025e-07,0.0,1.7847021808847785e-05,1.3720103197556455e-05,3.986693627666682e-06,1.402265752403764e-07,0.0
3807,adam,7.8125e-06,6.6332738981600414e-06,4.060319128029732e-06,2.42139624617721e-06,1.515586003364433e-07,0.0,1.748374961607624e-05,1.3362842764763627e-05,3.9597516661160626e-06,1.611551851965487e-07,0.0
3808,adam,7.8125e-06,6.643935080319352e-06,4.035836042248775e-06,2.4531446314313143e-06,1.5495433647316759e-07,0.0,1.795484422473237e-05,1.3717703950533178e-05,4.0881345739762764e-06,1.4900682288043754e-07,0.0
3809,adam,7.8125e-06,6.64398459093718e-06,4.064939972181492e-06,2.4259827853256866e-06,1.530618796152794e-07,0.0,1.7633346942602657e-05,1.3385439160629176e-05,4.088193236384541e-06,1.5971403399817063e-07,0.0
3810,adam,7.8125e-06,6.740468592170146e-06,4.131856329081529e-06,2.456744439882641e-06,1.5186780277787193e-07,0.0,1.7592779840924777e-05,1.3499148735718336e-05,3.9268120417546015e-06,1.6682034242876398e-07,0.0
3811,adam,7.8125e-06,6.7285997147337184e-06,4.128600878061661e-06,2.4493294361604967e-06,1.5066939162977633e-07,0.0,1.7525111616123468e-05,1.3465343727148138e-05,3.937931978725828e-06,1.2183539865873172e-07,0.0
3812,adam,7.8125e-06,6.64370415393023e-06,4.1079261734466854e-06,2.3863425937520333e-06,1.4943541870593435e-07,0.0,1.7487673176219687e-05,1.3362224308366422e-05,4.00366752728587e-06,1.2178129793483095e-07,0.0
3813,adam,7.8125e-06,6.625072842325608e-06,4.031400649751049e-06,2.4459261283027445e-06,1.4774608203538264e-07,0.0,1.7952588677871972e-05,1.3871476767235436e-05,3.940627266274532e-06,1.4048411856038e-07,0.0
3814,adam,7.8125e-06,6.7215252670393966e-06,4.168242014657153e-06,2.4011738304352548e-06,1.5210934956044753e-07,0.0,1.723653986118734e-05,1.3043319995631464e-05,4.068331236339873e-06,1.248888992222419e-07,0.0
3815,adam,7.8125e-06,6.652441101095974e-06,4.094170677149123e-06,2.4132842355584216e-06,1.449861626312554e-07,0.0,1.7875345292850398e-05,1.380232242809143e-05,3.939175712730503e-06,1.338459014732507e-07,0.0
3816,adam,7.8125e-06,6.738212306345304e-06,4.115720727781991e-06,2.4819581696533533e-06,1.405334364434907e-07,0.0,1.7614564058021642e-05,1.3494685845216736e-05,3.9391243262798525e-06,1.8075427021813084e-07,0.0
3817,adam,7.8125e-06,6.6518054211428534e-06,4.044693000082589e-06,2.4504019648929898e-06,1.5671045616727497e-07,0.0,1.746029192872811e-05,1.3297521036292892e-05,4.011966666439548e-06,1.508037570374654e-07,0.0
3818,adam,7.8125e-06,6.675671102129854e-06,4.135309069397408e-06,2.380183296679661e-06,1.6017869342022095e-07,0.0,1.7609845599508844e-05,1.3517787010641769e-05,3.935761014872696e-06,1.5629707661446446e-07,0.0
3819,adam,7.8125e-06,6.618686171577792e-06,4.09676449919516e-06,2.365046491092926e-06,1.5687521770502144e-07,0.0,1.7447084246668965e-05,1.328359212493524e-05,4.034288394905161e-06,1.2920327208121307e-07,0.0
3820,adam,7.8125e-06,6.622496528052579e-06,4.002653000156897e-06,2.4650827867844782e-06,1.5476074022302555e-07,0.0,1.7829006537795067e-05,1.3707242942473385e-05,3.966469648730708e-06,1.5529376184986177e-07,0.0
3821,adam,7.8125e-06,6.6822465498717065e-06,4.076919111639654e-06,2.4337876851632245e-06,1.7153976106243363e-07,0.0,1.7481737813795917e-05,1.3253303222882096e-05,4.067125701112673e-06,1.6131023983234627e-07,0.0
3822,adam,7.8125e-06,6.674936400941078e-06,4.038280650320303e-06,2.461574325707261e-06,1.7508140448541099e-07,0.0,1.812694245018065e-05,1.3903729268349707e-05,4.011825694760773e-06,2.1138924921615398e-07,0.0
3823,adam,7.8125e-06,6.669189531294251e-06,4.0952463393750804e-06,2.4101651092678367e-06,1.637781759100676e-07,0.0,1.745090412441641e-05,1.3333186871022917e-05,3.966358690377092e-06,1.5135815090161486e-07,0.0
3824,adam,7.8125e-06,6.661805088015171e-06,4.059155529034797e-06,2.4423199107559412e-06,1.6032968286339155e-07,0.0,1.7715803551254794e-05,1.3577170648204628e-05,3.946948254451854e-06,1.916852312433548e-07,0.0
3825,adam,7.8125e-06,6.670772791039781e-06,4.075581969686937e-06,2.4414751109702593e-06,1.537156331110623e-07,0.0,1.7432417735108174e-05,1.3362706340558361e-05,3.943820956919808e-06,1.2589133291385224e-07,0.0
3826,adam,7.8125e-06,6.644342704476003e-06,4.085724384594869e-06,2.418440054441362e-06,1.401783022991765e-07,0.0,1.769855043676216e-05,1.3549356481235009e-05,4.0116165109793656e-06,1.3757721717411187e-07,0.0
3827,adam,7.8125e-06,6.583852865560402e-06,4.045798490892594e-06,2.394416306117364e-06,1.4363814360152105e-07,0.0,1.740328298183158e-05,1.3309477253642399e-05,3.9444798858312424e-06,1.493256434059731e-07,0.0
3828,adam,7.8125e-06,6.627514835599868e-06,4.014148828446196e-06,2.4626639287816943e-06,1.5070211878409623e-07,0.0,1.7832380763138644e-05,1.3743589988735039e-05,3.951391590817366e-06,1.3739995097239444e-07,0.0
3829,adam,7.8125e-06,6.636329374032357e-06,4.103029496604904e-06,2.3797165837891043e-06,1.5358325278214124e-07,0.0,1.785716631275136e-05,1.3283218322612811e-05,4.360543243819848e-06,2.1340538580716384e-07,0.0
3830,adam,7.8125e-06,6.638516509838155e-06,4.026989827821126e-06,2.458359013246536e-06,1.5316755508365532e-07,0.0,1.7792248399928212e-05,1.3713166481466033e-05,3.932264007744379e-06,1.4681818072403985e-07,0.0
3831,adam,7.8125e-06,6.600529644629205e-06,4.045300499910809e-06,2.3996058686748256e-06,1.5562325650364528e-07,0.0,1.7504113202448934e-05,1.3407580809143838e-05,3.915186425729189e-06,1.813456691479587e-07,0.0
3832,adam,7.8125e-06,6.62945478779875e-06,4.08759224512778e-06,2.3920835729995815e-06,1.4977899276402695e-07,0.0,1.7748974642017856e-05,1.3771538760920521e-05,3.852414920402225e-06,1.250208185865631e-07,0.0
3833,adam,7.8125e-06,6.595155809918651e-06,4.0890355279543655e-06,2.369197815710322e-06,1.3692255329544878e-07,0.0,1.7531230696476996e-05,1.3428413694782648e-05,3.97634039472905e-06,1.2647682012811856e-07,0.0
3834,adam,7.8125e-06,6.579294961284177e-06,4.027362408010049e-06,2.4102854752072744e-06,1.4164704520425175e-07,0.0,1.7458651200286113e-05,1.3437411325867288e-05,3.890160769515205e-06,1.3107820961977268e-07,0.0
3835,adam,7.8125e-06,6.6287865649883315e-06,4.06292768673211e-06,2.4207028417322363e-06,1.4515599167097548e-07,0.0,1.7544336515129544e-05,1.342342875432223e-05,3.986441697634291e-06,1.3446572211250896e-07,0.0
3836,adam,7.8125e-06,6.6257054243124e-06,4.093904465207743e-06,2.3806586142427477e-06,1.511423133315759e-07,0.0,1.7677602954790927e-05,1.3492890502675436e-05,4.014877504232572e-06,1.6983477735266206e-07,0.0
3837,adam,7.8125e-06,6.639490720772301e-06,4.006459860761424e-06,2.478430957353339e-06,1.5459994795463672e-07,0.0,1.76284447661601e-05,1.353753305011196e-05,3.9240244404936675e-06,1.6688711923507071e-07,0.0
3838,adam,7.8125e-06,6.657447300995045e-06,4.086885383003391e-06,2.407232663870218e-06,1.633292603386849e-07,0.0,1.7907825167640112e-05,1.3934039088780992e-05,3.841528723569354e-06,1.3225751160916843e-07,0.0
3839,adam,7.8125e-06,6.613127197852009e-06,4.095368041134861e-06,2.366516497431803e-06,1.5124270102973014e-07,0.0,1.7624332031118684e-05,1.3591640708909836e-05,3.905857283825753e-06,1.2683371153343614e-07,0.0
3840,adam,7.8125e-06,6.5924769785397075e-06,4.055217530662958e-06,2.3982058081628566e-06,1.3905356865961949e-07,0.0,1.7882017345982604e-05,1.3453169231070206e-05,4.2937472244375385e-06,1.351026526208443e-07,0.0
3841,adam,7.8125e-06,6.742331265741086e-06,4.089421608455268e-06,2.5080169336888503e-06,1.4489275912410449e-07,0.0,1.7601874787942506e-05,1.3442807357932907e-05,3.973490947828395e-06,1.855763969160762e-07,0.0
3842,adam,7.8125e-06,6.577530314189062e-06,4.01619740841852e-06,2.413658293676235e-06,1.4767459877162992e-07,0.0,1.762403735483531e-05,1.3545988622354344e-05,3.938259851565817e-06,1.397901030486537e-07,0.0
3843,adam,7.8125e-06,6.608645094274834e-06,4.086338705633352e-06,2.3761030405466954e-06,1.4620335342385715e-07,0.0,1.7632617527851835e-05,1.3555888472183142e-05,3.944485797546804e-06,1.32244110773172e-07,0.0
3844,adam,7.8125e-06,6.641018472919313e-06,4.046461754114716e-06,2.4488768772812364e-06,1.4567982287161385e-07,0.0,1.771106690284796e-05,1.3642070371133741e-05,3.936461780540412e-06,1.3253600172902225e-07,0.0
3845,adam,7.8125e-06,6.601205200240656e-06,4.071983525477663e-06,2.384888404094454e-06,1.4433328132668066e-07,0.0,1.7494901840109378e-05,1.3380413292907178e-05,3.958633442380233e-06,1.5585433743581234e-07,0.0
3846,adam,7.8125e-06,6.642048873573003e-06,4.083178623659478e-06,2.3945946665548945e-06,1.6427551319253553e-07,0.0,1.7622152881813236e-05,1.3539158317144029e-05,3.938514964829665e-06,1.44481049346723e-07,0.0
3847,adam,7.8125e-06,6.646853819347598e-06,4.058829233599681e-06,2.431106416622697e-06,1.5691823751495804e-07,0.0,1.746945417835377e-05,1.3122566997481044e-05,4.169750354776625e-06,1.771374797954195e-07,0.0
3848,adam,7.8125e-06,6.673854585415029e-06,4.043797716235531e-06,2.4572660635158172e-06,1.727907532611539e-07,0.0,1.8099668523063883e-05,1.3765190487902146e-05,4.170415195403621e-06,1.640621434262357e-07,0.0
3849,adam,7.8125e-06,6.676681408634977e-06,4.0848003379778675e-06,2.4382091297070474e-06,1.5367189565296258e-07,0.0,1.7821937944972888e-05,1.363837145618163e-05,4.001249635621207e-06,1.8231752108022192e-07,0.0
3850,adam,7.8125e-06,6.631947599089472e-06,4.055038559158675e-06,2.4072285427223505e-06,1.696804936557328e-07,0.0,1.7445267076254822e-05,1.3343321370484773e-05,3.944278887502151e-06,1.5766651983994961e-07,0.0
3851,adam,7.8125e-06,6.599025567766148e-06,4.058369441395371e-06,2.390949241259932e-06,1.4970685624504654e-07,0.0,1.7643635146669112e-05,1.3533441233448684e-05,3.955843567382544e-06,1.5434986266882333e-07,0.0
3852,adam,7.8125e-06,6.645993778420234e-06,4.106320588448398e-06,2.385297975138201e-06,1.5437523792627417e-07,0.0,1.7577865946805105e-05,1.3523249435820617e-05,3.914116859959904e-06,1.4049834362594993e-07,0.0
3853,adam,7.8125e-06,6.566884849235066e-06,3.992158809751345e-06,2.432752943093419e-06,1.419731558982562e-07,0.0,1.736139165586792e-05,1.3213191778049804e-05,3.994706730736652e-06,1.5349358761795884e-07,0.0
3854,adam,7.8125e-06,6.619168203769732e-06,4.0404169965313486e-06,2.428648514296583e-06,1.501026685168938e-07,0.0,1.7706401195027865e-05,1.3693336768483277e-05,3.871007720590569e-06,1.4205734544248116e-07,0.0
3855,adam,7.8125e-06,6.633309567405377e-06,4.137955485816747e-06,2.350420260199826e-06,1.4493385647185164e-07,0.0,1.7800004570744932e-05,1.3441069313557819e-05,4.210796760162339e-06,1.4813829807280854e-07,0.0
3856,adam,7.8125e-06,6.666270962796261e-06,4.042929404590723e-06,2.4692386801916655e-06,1.5410278964012036e-07,0.0,1.762025749485474e-05,1.351897299173288e-05,3.935268068744335e-06,1.6601818231265497e-07,0.0
3857,adam,7.8125e-06,6.689283708283256e-06,4.079017145386388e-06,2.458412723171932e-06,1.5185384505400634e-07,0.0,1.7529613614897244e-05,1.3395025234785862e-05,3.973278580815531e-06,1.6131019719978212e-07,0.0
3858,adam,7.8125e-06,6.67188305669697e-06,4.11470509220635e-06,2.399697159205516e-06,1.5748079285060612e-07,0.0,1.7687707440927625e-05,1.3503738045983482e-05,4.03988951802603e-06,1.4408108484076365e-07,0.0
3859,adam,7.8125e-06,6.668891387562326e-06,4.101319348137622e-06,2.4184873765875636e-06,1.4908469303520633e-07,0.0,1.802822771423962e-05,1.3908752407587599e-05,3.988843673141673e-06,1.3062994241863635e-07,0.0
3860,adam,7.8125e-06,6.728223468144279e-06,4.098834139654173e-06,2.455943686641149e-06,1.734456933633055e-07,0.0,1.7588403352419846e-05,1.351224727841327e-05,3.941617251257412e-06,1.3453872327318095e-07,0.0
3861,adam,7.8125e-06,6.7123330609319964e-06,4.1585718548731165e-06,2.4013866521954697e-06,1.5237453254712818e-07,0.0,1.7660293451626785e-05,1.356872780888807e-05,3.926505996787455e-06,1.6505978805980703e-07,0.0
3862,adam,7.8125e-06,6.624826426104846e-06,4.098864167190186e-06,2.375999230253001e-06,1.4996301089809094e-07,0.0,1.7683167243376374e-05,1.3587986359198112e-05,3.953444775106618e-06,1.41735611691729e-07,0.0
3863,adam,7.8125e-06,6.733714542406233e-06,4.0755877677156604e-06,2.476695357245262e-06,1.814313992376526e-07,0.0,1.7646474589128047e-05,1.3470837984641548e-05,3.995846327597974e-06,1.7979066058160242e-07,0.0
3864,adam,7.8125e-06,6.684135115619938e-06,4.099884463926173e-06,2.416594334420097e-06,1.6765639543336874e-07,0.0,1.747245005390141e-05,1.3408881386567373e-05,3.924290012946585e-06,1.3927842701377813e-07,0.0
3865,adam,7.8125e-06,6.654501845559935e-06,4.125107167851638e-06,2.372375654147163e-06,1.570190635291624e-07,0.0,1.770674134604633e-05,1.3598508303402923e-05,3.951579401473282e-06,1.5665227692807093e-07,0.0
3866,adam,7.8125e-06,6.5728393678909924e-06,4.023616369863703e-06,2.3956589032536613e-06,1.5356412763622984e-07,0.0,1.7539714463055134e-05,1.3409676284936722e-05,3.985811872553313e-06,1.4422582239603798e-07,0.0
3867,adam,7.8125e-06,6.610409513996274e-06,4.00322271332243e-06,2.4561822158375435e-06,1.5100456129957252e-07,0.0,1.7862605091067962e-05,1.3484554983733688e-05,4.229676960676443e-06,1.4837397088740545e-07,0.0
3868,adam,7.8125e-06,6.667559176776194e-06,4.077278248360017e-06,2.4273084662240763e-06,1.6297260030384564e-07,0.0,1.7909242160385475e-05,1.3653117093781475e-05,4.1186385715263896e-06,1.3748714877692692e-07,0.0
3869,adam,7.8125e-06,6.636449711550085e-06,4.0079499115108774e-06,2.465163454701269e-06,1.6333635866061513e-07,0.0,1.7619884602027014e-05,1.3443755051412154e-05,4.038855422550114e-06,1.3727319014833483e-07,0.0
3870,adam,7.8125e-06,6.57063600328911e-06,4.054702316125258e-06,2.373582120185347e-06,1.4235165890497115e-07,0.0,1.7339991245535202e-05,1.31770239022444e-05,4.026915121357888e-06,1.360520371918028e-07,0.0
3871,adam,7.8125e-06,6.6181919180507975e-06,4.033466240116468e-06,2.429243615154064e-06,1.554820245885935e-07,0.0,1.752634852891788e-05,1.3410425708570983e-05,3.9661686059844214e-06,1.4975286433127621e-07,0.0
3872,adam,7.8125e-06,6.562249325270386e-06,3.990463369518693e-06,2.4120675092831334e-06,1.597184602353252e-07,0.0,1.7467598809162155e-05,1.342757332167821e-05,3.884350462612929e-06,1.5567432853913488e-07,0.0
3873,adam,7.8125e-06,6.6220952419371315e-06,4.071891723356202e-06,2.3983766510582427e-06,1.5182682933101432e-07,0.0,1.746883754094597e-05,1.3448871868604328e-05,3.878204097418347e-06,1.417615038690201e-07,0.0
3874,adam,7.8125e-06,6.6281985198202165e-06,4.099617640918041e-06,2.38569845123493e-06,1.4288242411453211e-07,0.0,1.7564050722285174e-05,1.3431529623630922e-05,3.991164248873247e-06,1.4135652293134626e-07,0.0
3875,adam,7.8125e-06,6.634878786826448e-06,4.0652670065810526e-06,2.415974222458317e-06,1.5363750982544389e-07,0.0,1.7660600860835984e-05,1.3392704204306938e-05,4.131553851038916e-06,1.3634222284508724e-07,0.0
3876,adam,7.8125e-06,6.713015693549096e-06,4.082211319200724e-06,2.477985631799129e-06,1.5281871146299864e-07,0.0,1.7581396605237387e-05,1.3279002814670093e-05,4.175006779405521e-06,1.2738834698211576e-07,0.0
3877,adam,7.8125e-06,6.61087776165914e-06,4.05133836522964e-06,2.421875329616796e-06,1.376640570427412e-07,0.0,1.746553971315734e-05,1.330809755017981e-05,4.0071745388559066e-06,1.5026715516341937e-07,0.0
3878,adam,7.8125e-06,6.605913199564384e-06,4.0253134727663564e-06,2.4235366851144136e-06,1.5706305500629014e-07,0.0,1.7641990780248307e-05,1.3441182090900838e-05,4.051378255098825e-06,1.4942911263915448e-07,0.0
3879,adam,7.8125e-06,6.656916895053655e-06,4.0415141597804904e-06,2.4721373890201903e-06,1.4326533026576271e-07,0.0,1.7720101823215373e-05,1.3693341315956786e-05,3.8708540159859695e-06,1.559078555146698e-07,0.0
3880,adam,7.8125e-06,6.6706624295420625e-06,4.139896560673151e-06,2.38384311757045e-06,1.4692273753169616e-07,0.0,1.7694870621198788e-05,1.3491299796442036e-05,3.995473889517598e-06,2.0809537204513617e-07,0.0
3881,adam,7.8125e-06,6.601276936635259e-06,3.999034291268799e-06,2.4341791160509274e-06,1.6806360259025155e-07,0.0,1.7729858882375993e-05,1.3704020602745004e-05,3.894323981512571e-06,1.3151407074474264e-07,0.0
3882,adam,7.8125e-06,6.613109889030966e-06,4.0337946956015e-06,2.4215369194280356e-06,1.57778320630797e-07,0.0,1.740556035656482e-05,1.3214862519816961e-05,4.0389850255451165e-06,1.5171225697940827e-07,0.0
3883,adam,7.8125e-06,6.585791084035009e-06,4.075191469610218e-06,2.3668530388931686e-06,1.437466603526616e-07,0.0,1.7700511307339184e-05,1.3664506695931777e-05,3.877980361721711e-06,1.5802440600509726e-07,0.0
3884,adam,7.8125e-06,6.627574180129159e-06,4.091018510621325e-06,2.381251967165099e-06,1.553037769497223e-07,0.0,1.776806493580807e-05,1.3724675227422267e-05,3.899265720974654e-06,1.441237600374734e-07,0.0
3885,adam,7.8125e-06,6.583637031098988e-06,4.039528420207716e-06,2.395164443669273e-06,1.4894409705590306e-07,0.0,1.8449225535732694e-05,1.3860208127880469e-05,4.385300144349458e-06,2.0371795983464835e-07,0.0
3886,adam,7.8125e-06,6.681645373873835e-06,4.052090361028604e-06,2.475601007745354e-06,1.539539935535572e-07,0.0,1.7353670045849867e-05,1.3210293218435254e-05,3.994697181042284e-06,1.4867806896745606e-07,0.0
3887,adam,7.8125e-06,6.637943528176038e-06,4.075472588738194e-06,2.4102855320506933e-06,1.5218547133599714e-07,0.0,1.7570439013070427e-05,1.3482292160915677e-05,3.934881988243433e-06,1.5326493496559124e-07,0.0
3888,adam,7.8125e-06,6.632574496734378e-06,4.093401997806723e-06,2.382399145517411e-06,1.567732743623651e-07,0.0,1.8007483959081583e-05,1.380804769723909e-05,4.0741715565673076e-06,1.2526560055903246e-07,0.0
3889,adam,7.8125e-06,6.632480847201805e-06,4.046051813588747e-06,2.4418543915771806e-06,1.445746002914916e-07,0.0,1.743935172271449e-05,1.325160701526329e-05,3.998381089331815e-06,1.8936457024665287e-07,0.0
3890,adam,7.8125e-06,6.549706824898749e-06,4.014376045802237e-06,2.3849080434956704e-06,1.5042275069987454e-07,0.0,1.7952950656763278e-05,1.3719484741159249e-05,4.0656882447365206e-06,1.677775145481064e-07,0.0
3891,adam,7.8125e-06,6.630606577573417e-06,4.05281957682746e-06,2.4263066009666545e-06,1.5148036514034402e-07,0.0,1.7724703866406344e-05,1.3655264410772361e-05,3.941010163543979e-06,1.284294768311156e-07,0.0
3892,adam,7.8125e-06,6.775187102903146e-06,4.095261118663984e-06,2.5410136927916938e-06,1.389123269746051e-07,0.0,1.770435119397007e-05,1.3684583791473415e-05,3.892277618433582e-06,1.2749012512358604e-07,0.0
3893,adam,7.8125e-06,6.586786213347295e-06,4.001748294513163e-06,2.4344431892586726e-06,1.505947162527832e-07,0.0,1.7774065781850368e-05,1.3734526874031872e-05,3.902257958543487e-06,1.3728022452141886e-07,0.0
3894,adam,7.8125e-06,6.587686925740854e-06,4.066405509206561e-06,2.3529863284466046e-06,1.6829504723148148e-07,0.0,1.760283157636877e-05,1.345905548078008e-05,4.00439057557378e-06,1.3938620213593822e-07,0.0
3895,adam,7.8125e-06,6.630198100765483e-06,4.058219332137014e-06,2.413764853770317e-06,1.5821392107540078e-07,0.0,1.763463660608977e-05,1.3550768926506862e-05,3.913556611223612e-06,1.7031224786023813e-07,0.0
3896,adam,7.8125e-06,6.5896160776901525e-06,4.04637526685292e-06,2.3924715648604433e-06,1.5076922021961536e-07,0.0,1.7615950127947144e-05,1.3517143997887615e-05,3.938155714422464e-06,1.606507709084326e-07,0.0
3897,adam,7.8125e-06,6.665220411150585e-06,4.1190510842170625e-06,2.3936595994200616e-06,1.5250972307256916e-07,0.0,1.7591348296264187e-05,1.3540684449253604e-05,3.899773219018243e-06,1.5089048588379228e-07,0.0
3898,adam,7.8125e-06,6.676955308648758e-06,4.087960434162596e-06,2.425057878951975e-06,1.6393692714444796e-07,0.0,1.7956384908757173e-05,1.382383288728306e-05,3.9703381844446994e-06,1.6221406440308783e-07,0.0
3899,adam,7.8125e-06,6.5991215478788945e-06,4.025024864517945e-06,2.391891960940029e-06,1.8220470021645951e-07,0.0,1.7715417925501242e-05,1.3688615581486374e-05,3.8815442167106085e-06,1.4525801361742197e-07,0.0
3900,adam,7.8125e-06,6.618627111265596e-06,4.028359597896269e-06,2.4214566636260315e-06,1.6881081332797976e-07,0.0,1.7698403098620474e-05,1.3657451745530125e-05,3.893085704476107e-06,1.478662454701407e-07,0.0
3901,adam,7.8125e-06,6.731331751552716e-06,4.143510821563723e-06,2.4397388358465832e-06,1.480819937782485e-07,0.0,1.761504063324537e-05,1.3496104656951502e-05,3.977183496317593e-06,1.4175155627071945e-07,0.0
3902,adam,7.8125e-06,6.665414872486508e-06,4.128012491833033e-06,2.3817654692948054e-06,1.5563694155673602e-07,0.0,1.764308944984805e-05,1.345495184068568e-05,4.0280547182192095e-06,1.600834451664923e-07,0.0
3903,adam,7.8125e-06,6.566466282720285e-06,4.029561679885774e-06,2.3884103157456593e-06,1.484942915297438e-07,0.0,1.790598253137432e-05,1.3734583262703381e-05,4.012030785816023e-06,1.5936919339765154e-07,0.0
3904,adam,7.8125e-06,6.640336977170591e-06,4.100718328459152e-06,2.3812578575643784e-06,1.583607636135298e-07,0.0,1.7522319467389025e-05,1.3351590496313293e-05,4.03902276957524e-06,1.317052920057904e-07,0.0
3905,adam,7.8125e-06,6.5868543686065095e-06,3.996616513290974e-06,2.4448719386782614e-06,1.4536598591519123e-07,0.0,1.7865510017145425e-05,1.3755696272710338e-05,3.963658855354879e-06,1.4615645227422647e-07,0.0
3906,adam,7.8125e-06,6.534853724815548e-06,3.9608515720601645e-06,2.424083703544966e-06,1.4991840791012123e-07,0.0,1.751767376845237e-05,1.343856638413854e-05,3.928139449271839e-06,1.509672529209638e-07,0.0
3907,adam,7.8125e-06,6.687334206390005e-06,4.055871556829516e-06,2.4775729059456353e-06,1.538897338448919e-07,0.0,1.764986700436566e-05,1.3517486877390184e-05,3.975323579652468e-06,1.5705781208907865e-07,0.0
3908,adam,7.8125e-06,6.68790929125862e-06,4.036634763338043e-06,2.451630592759102e-06,1.996439769058611e-07,0.0,1.793354022083804e-05,1.3812457837047987e-05,3.9428332456736825e-06,1.7824969233970478e-07,0.0
3909,adam,7.8125e-06,6.6091773476273374e-06,3.994178626953726e-06,2.464851895922493e-06,1.5014680521119317e-07,0.0,1.7738786482368596e-05,1.3615832358482294e-05,3.980374913226115e-06,1.4257879854540079e-07,0.0
3910,adam,7.8125e-06,6.7189786250310135e-06,4.197804287286999e-06,2.362233338715214e-06,1.5894097415980468e-07,0.0,1.7535128790768795e-05,1.3397943803283852e-05,3.979600933234906e-06,1.575849069013202e-07,0.0
3911,adam,7.8125e-06,6.631060728068405e-06,4.077278290992581e-06,2.40584564181745e-06,1.4793675040536414e-07,0.0,1.7634540199651383e-05,1.3538940038415603e-05,3.955865850002738e-06,1.3973424017876823e-07,0.0
3912,adam,7.8125e-06,6.587902561250303e-06,4.030219685091652e-06,2.4133762437372752e-06,1.4430669903475746e-07,0.0,1.7687321815174073e-05,1.3623873201140668e-05,3.909175575245172e-06,1.5427286825797637e-07,0.0
3913,adam,7.8125e-06,6.627499459455066e-06,4.016132507445036e-06,2.4626946952821527e-06,1.4867221631575944e-07,0.0,1.75337463588221e-05,1.3426377336145379e-05,3.968747478211299e-06,1.3862162973055092e-07,0.0
3914,adam,7.8125e-06,6.526092420244822e-06,3.997437858060948e-06,2.378324367668938e-06,1.5033015010601503e-07,0.0,1.7691694665700197e-05,1.3545373803935945e-05,3.988130174548132e-06,1.581901756253501e-07,0.0
3915,adam,7.8125e-06,6.572875122401456e-06,4.055532500046866e-06,2.3689893282607954e-06,1.4835326833662066e-07,0.0,1.7843052773969248e-05,1.3804322406940628e-05,3.903281594830332e-06,1.3544951116273296e-07,0.0
3916,adam,7.8125e-06,6.574704570994072e-06,4.014005611452376e-06,2.400667995061667e-06,1.6003099823080902e-07,0.0,1.7497824956080876e-05,1.3242035493021831e-05,4.0675308810023125e-06,1.882590083823743e-07,0.0
3917,adam,7.8125e-06,6.6481387648309465e-06,4.020588463049535e-06,2.4530346394158187e-06,1.745156934518377e-07,0.0,1.7774968000594527e-05,1.329356018686667e-05,4.343927230365807e-06,1.3748085336828808e-07,0.0
3918,adam,7.8125e-06,6.735690334380706e-06,4.034867970403866e-06,2.5501526010884845e-06,1.5066988900969136e-07,0.0,1.8118576917913742e-05,1.3892817150917836e-05,4.072487172379624e-06,1.5327375990636938e-07,0.0
3919,adam,7.8125e-06,6.587990185380477e-06,4.0072191040962934e-06,2.429302405460021e-06,1.514686598369508e-07,0.0,1.7352607756038196e-05,1.3270786439534277e-05,3.93096115658409e-06,1.5086024518495833e-07,0.0
3920,adam,7.8125e-06,6.541637674217782e-06,4.03639913315601e-06,2.350754591873283e-06,1.544839163258871e-07,0.0,1.7597632904653437e-05,1.352143499389058e-05,3.946982360503171e-06,1.292148965603701e-07,0.0
3921,adam,7.8125e-06,6.57094983580464e-06,4.049160764907356e-06,2.3722596012021313e-06,1.4952947768875902e-07,0.0,1.787854307622183e-05,1.3636144103656989e-05,4.041974534629844e-06,2.0042456583269086e-07,0.0
3922,adam,7.8125e-06,6.62445401644618e-06,4.005713407195799e-06,2.465020017439201e-06,1.537205616131132e-07,0.0,1.7823733287514187e-05,1.379876266582869e-05,3.899570401699748e-06,1.2539932470190251e-07,0.0
3923,adam,7.8125e-06,6.556387006639852e-06,4.040219707235337e-06,2.3755952511805845e-06,1.4057210506734918e-07,0.0,1.7637532437220216e-05,1.3537557606468908e-05,3.96070436181617e-06,1.3927112263445451e-07,0.0
3924,adam,7.8125e-06,6.6615346838716505e-06,4.130862777174116e-06,2.3796174346557564e-06,1.5105447737084887e-07,0.0,1.7792886865208857e-05,1.3437942470773123e-05,4.213170086586615e-06,1.4177439311424678e-07,0.0
3925,adam,7.8125e-06,6.751125397386204e-06,4.105225329453788e-06,2.481734114212486e-06,1.6416592707457767e-07,0.0,1.7849180949269794e-05,1.337657158728689e-05,4.213282863929635e-06,2.593256169802771e-07,0.0
3926,adam,7.8125e-06,6.628278327980297e-06,4.008223427831581e-06,2.4453177402961046e-06,1.747371500826489e-07,0.0,1.766158857208211e-05,1.3530913747672457e-05,3.951326107198838e-06,1.7934939933184069e-07,0.0
3927,adam,7.8125e-06,6.6166358010377735e-06,4.020734337473186e-06,2.4359632604387116e-06,1.5993821023130295e-07,0.0,1.7649426808930002e-05,1.3589373338618316e-05,3.921477400581352e-06,1.3857554392870952e-07,0.0
3928,adam,7.8125e-06,6.605999772091309e-06,4.056517568074014e-06,2.3805132585152933e-06,1.689689330675037e-07,0.0,1.757374957378488e-05,1.3482146641763393e-05,3.9611536521988455e-06,1.3044927982264198e-07,0.0
3929,adam,7.8125e-06,6.516709930792786e-06,4.056933235574434e-06,2.324528743713472e-06,1.3524791686592152e-07,0.0,1.795966636564117e-05,1.3775447769148741e-05,4.042115051561268e-06,1.4210370125056215e-07,0.0
3930,adam,7.8125e-06,6.587712960026693e-06,4.0097549174333835e-06,2.415746202188984e-06,1.622118714905696e-07,0.0,1.7522474081488326e-05,1.3489259799825959e-05,3.871175522363046e-06,1.6203937036607385e-07,0.0
3931,adam,7.8125e-06,6.5860978679666005e-06,4.041192369186319e-06,2.3712622834182184e-06,1.7364327042912464e-07,0.0,1.7411328371963464e-05,1.3338383723748848e-05,3.933747393602971e-06,1.391976383047222e-07,0.0
3932,adam,7.8125e-06,6.633315649651195e-06,4.107723995616652e-06,2.3524897230231545e-06,1.7310195410402685e-07,0.0,1.7913607734953985e-05,1.3757129636360332e-05,3.943423052987782e-06,2.130549745515964e-07,0.0
3933,adam,7.8125e-06,6.543577910633758e-06,3.979844890977802e-06,2.4093834340987996e-06,1.5434954825366276e-07,0.0,1.7463529729866423e-05,1.3441710507322568e-05,3.8990151551843155e-06,1.228040105161199e-07,0.0
3934,adam,7.8125e-06,6.583191378695119e-06,4.119154198178876e-06,2.31895236879609e-06,1.4508477441665946e-07,0.0,1.7514830688014627e-05,1.3334723917068914e-05,4.031421667605173e-06,1.4868490438857407e-07,0.0
3935,adam,7.8125e-06,6.6530160438560415e-06,3.95451351664633e-06,2.559167796789552e-06,1.3933479836580887e-07,0.0,1.793034971342422e-05,1.3890645277570002e-05,3.888666014972841e-06,1.5103834982710396e-07,0.0
3936,adam,7.8125e-06,6.628763088656342e-06,4.114670247190588e-06,2.3643989877086824e-06,1.496939199263636e-07,0.0,1.74098076968221e-05,1.3194936400395818e-05,4.060151240992127e-06,1.5471901804176014e-07,0.0
3937,adam,7.8125e-06,6.610728661371468e-06,4.069725406452562e-06,2.38571442423563e-06,1.5528886176952028e-07,0.0,1.76930298039224e-05,1.3657620911544655e-05,3.899725015799049e-06,1.3568416079579038e-07,0.0
3938,adam,7.8125e-06,6.562894157013943e-06,4.03042510299656e-06,2.3781481317541875e-06,1.543209116050548e-07,0.0,1.792058719729539e-05,1.3865894288755953e-05,3.894580913765822e-06,1.6011298953344522e-07,0.0
3939,adam,7.8125e-06,6.669863296338008e-06,4.077243957567589e-06,2.4238817957211722e-06,1.6873748176493564e-07,0.0,1.7585136447451077e-05,1.3516345461539458e-05,3.932114850613289e-06,1.3667680320850195e-07,0.0
3940,adam,7.8125e-06,6.67233663875777e-06,4.117432212069616e-06,2.3921425835737864e-06,1.6276184666708104e-07,0.0,1.8050253856927156e-05,1.3888028661313001e-05,4.021639142592903e-06,1.405858256475767e-07,0.0
3941,adam,7.8125e-06,6.538535046729521e-06,4.023725239221676e-06,2.3726645537180957e-06,1.4214518984090319e-07,0.0,1.742053973430302e-05,1.3385064448812045e-05,3.908724920620443e-06,1.2675003802087303e-07,0.0
3942,adam,7.8125e-06,6.542907726725389e-06,4.022821968874268e-06,2.372553112195419e-06,1.4753268517964102e-07,0.0,1.7700294847600162e-05,1.3726245015277527e-05,3.844964339805301e-06,1.290866293857107e-07,0.0
3943,adam,7.8125e-06,6.529546425326771e-06,3.957032049584086e-06,2.418283145289024e-06,1.5423124910540764e-07,0.0,1.784354572009761e-05,1.3820792446495034e-05,3.871322860504733e-06,1.5143078258006426e-07,0.0
3944,adam,7.8125e-06,6.571126647259007e-06,4.009673190807916e-06,2.4195507464241928e-06,1.4190280328563176e-07,0.0,1.7578922779648565e-05,1.353084371658042e-05,3.893238499586005e-06,1.5484161508538818e-07,0.0
3945,adam,7.8125e-06,6.53130985028838e-06,4.039746315243065e-06,2.3529354962192883e-06,1.3862801973019145e-07,0.0,1.759342740115244e-05,1.3597692486655433e-05,3.866428869514493e-06,1.2930647130815487e-07,0.0
3946,adam,7.8125e-06,6.625053686093452e-06,4.067625596348989e-06,2.4060337935338794e-06,1.5139428111154984e-07,0.0,1.754563709255308e-05,1.3246585695014801e-05,4.149113010498695e-06,1.499393391668491e-07,0.0
3947,adam,7.8125e-06,6.505816884327942e-06,3.976055836574233e-06,2.3787939795738566e-06,1.5096713212869872e-07,0.0,1.793134470062796e-05,1.3943536032456905e-05,3.840467797999736e-06,1.4733991804405377e-07,0.0
3948,adam,7.8125e-06,6.4849595275973115e-06,3.99935683503827e-06,2.3484967428544223e-06,1.371059239474448e-07,0.0,1.7456610294175334e-05,1.322243406320922e-05,4.0972822716867086e-06,1.3689309241726733e-07,0.0
3949,adam,7.8125e-06,6.521061180819743e-06,3.979120123176472e-06,2.397015101962552e-06,1.4492594146986448e-07,0.0,1.7851929442258552e-05,1.3681904420081992e-05,4.033070126752136e-06,1.3695576228656137e-07,0.0
3950,adam,7.8125e-06,6.52026193392885e-06,3.986891485396882e-06,2.3952304601948526e-06,1.38139874206189e-07,0.0,1.7775404558051378e-05,1.371264715999132e-05,3.938764621125301e-06,1.2399399906826147e-07,0.0
3951,adam,7.8125e-06,6.50094841603277e-06,4.023938885211464e-06,2.33970133223238e-06,1.3730823544833015e-07,0.0,1.7463798940298147e-05,1.3384508747549262e-05,3.932270374207292e-06,1.4701943484851654e-07,0.0
3952,adam,7.8125e-06,6.551176198854591e-06,3.963073211821211e-06,2.4430905085637278e-06,1.4501246692333325e-07,0.0,1.775324017216917e-05,1.3665287042385899e-05,3.9293031477427576e-06,1.5865077784837922e-07,0.0
3953,adam,7.8125e-06,6.61601825413527e-06,4.153447989097003e-06,2.310396588711683e-06,1.5217376292397944e-07,0.0,1.746012640069239e-05,1.3298187695909292e-05,4.015070317109348e-06,1.4686932559015986e-07,0.0
3954,adam,7.8125e-06,6.581520068493774e-06,3.967257697468085e-06,2.4622198111501348e-06,1.5204255277012635e-07,0.0,1.772595896909479e-05,1.3756311091128737e-05,3.831434241874376e-06,1.3821325239860016e-07,0.0
3955,adam,7.8125e-06,6.549906828468011e-06,4.037493965824979e-06,2.3713182812912237e-06,1.4109457513455936e-07,0.0,1.7571583157405257e-05,1.348626938124653e-05,3.951795406464953e-06,1.3351726124710694e-07,0.0
3956,adam,7.8125e-06,6.5262885584616015e-06,3.961644637229256e-06,2.420425474269905e-06,1.44218519348982e-07,0.0,1.7508884411654435e-05,1.334563330601668e-05,3.989658580394462e-06,1.735919710199596e-07,0.0
3957,adam,7.8125e-06,6.606359278293894e-06,3.997929724164351e-06,2.4503720368329596e-06,1.5805754216557943e-07,0.0,1.765365232131444e-05,1.3645970284414943e-05,3.871225544571644e-06,1.364560375805013e-07,0.0
3958,adam,7.8125e-06,6.5456701463517675e-06,3.993215997866173e-06,2.413438352277808e-06,1.3901573314711868e-07,0.0,1.766687273629941e-05,1.3560389561462216e-05,3.947191999031929e-06,1.592903373648369e-07,0.0
3959,adam,7.8125e-06,6.557550875641027e-06,4.081979227521515e-06,2.3335704426585835e-06,1.420011939146093e-07,0.0,1.785348285920918e-05,1.3752279301115777e-05,3.955432021029992e-06,1.4577204865418025e-07,0.0
3960,adam,7.8125e-06,6.641412880981079e-06,4.042588528818669e-06,2.427071180477469e-06,1.7175324806828485e-07,0.0,1.7643147657508962e-05,1.3465172742144205e-05,4.023507244710345e-06,1.5446607903868426e-07,0.0
3961,adam,7.8125e-06,6.551720872494116e-06,4.0051698420029425e-06,2.388556787025209e-06,1.5799417063533383e-07,0.0,1.7581878637429327e-05,1.3493643564288504e-05,3.9420401662937365e-06,1.4619507737734239e-07,0.0
3962,adam,7.8125e-06,6.526494246372749e-06,3.9669012039666995e-06,2.420916175083221e-06,1.3867690462632254e-07,0.0,1.790036549209617e-05,1.3850886716681998e-05,3.8521770875377115e-06,1.9730215683466668e-07,0.0
3963,adam,7.8125e-06,6.541732432197023e-06,4.058896820424707e-06,2.3344107162870387e-06,1.484249017025263e-07,0.0,1.7666952771833166e-05,1.3575014236266725e-05,3.9400415516865905e-06,1.5189711177754361e-07,0.0
3964,adam,7.8125e-06,6.489849766921907e-06,4.001400924380505e-06,2.342267841015655e-06,1.4618100152574698e-07,0.0,1.7876431229524314e-05,1.3842502994521055e-05,3.912788088200614e-06,1.2114075786939793e-07,0.0
3965,adam,7.8125e-06,6.536249145483453e-06,4.017540661038765e-06,2.3722888897736993e-06,1.464195644729216e-07,0.0,1.7795618987292983e-05,1.3762931303062942e-05,3.886257673002547e-06,1.464313186261279e-07,0.0
3966,adam,7.8125e-06,6.514200975971107e-06,4.027747266377446e-06,2.3352895723860456e-06,1.5116425400307776e-07,0.0,1.714168865873944e-05,1.3003493222640827e-05,4.001276010967558e-06,1.3691851563635282e-07,0.0
3967,adam,7.8125e-06,6.588291938669499e-06,4.0267689911388516e-06,2.4162353611245635e-06,1.452875588725533e-07,0.0,1.7932661648956127e-05,1.3820634194416925e-05,3.937357178074308e-06,1.7467066015797172e-07,0.0
3968,adam,7.8125e-06,6.623375838898937e-06,4.0901960574046825e-06,2.3772864210513944e-06,1.558933613310387e-07,0.0,1.7680838936939836e-05,1.3589818991022184e-05,3.912305601261323e-06,1.7871312252282223e-07,0.0
3969,adam,7.8125e-06,6.58509043205413e-06,4.017163206526675e-06,2.4228728321418203e-06,1.450544568903922e-07,0.0,1.752430216583889e-05,1.3502843103196938e-05,3.8898951970622875e-06,1.3156360978427983e-07,0.0
3970,adam,7.8125e-06,6.596245981427273e-06,4.0696621255165155e-06,2.376299462980569e-06,1.502843969269918e-07,0.0,1.7639495126786642e-05,1.3611438589578029e-05,3.8966118154348806e-06,1.3144490651484375e-07,0.0
3971,adam,7.8125e-06,6.576125855417558e-06,3.9550786681274985e-06,2.4655372357074157e-06,1.5551000576152774e-07,0.0,1.7920492609846406e-05,1.3919709090259857e-05,3.823042789008468e-06,1.7774129901226843e-07,0.0
3972,adam,7.8125e-06,6.531705423640233e-06,4.058367366610582e-06,2.3104635999970924e-06,1.6287447968110769e-07,0.0,1.747916940075811e-05,1.3314875104697421e-05,4.0100508158502635e-06,1.5424282651110843e-07,0.0
3973,adam,7.8125e-06,6.536773071275093e-06,3.9640845130861635e-06,2.413294438952107e-06,1.5939411657228675e-07,0.0,1.781013452273328e-05,1.3726396900892723e-05,3.881341854139464e-06,2.023948866280989e-07,0.0
3974,adam,7.8125e-06,6.503691253101351e-06,3.978087562472865e-06,2.375522456077306e-06,1.5008126474924666e-07,0.0,1.7798020053305663e-05,1.376835734845372e-05,3.884194484271575e-06,1.454682774237881e-07,0.0
3975,adam,7.8125e-06,6.56465073234358e-06,4.066616270392842e-06,2.351869582639665e-06,1.4616494858898932e-07,0.0,1.7811296856962144e-05,1.3717401998292189e-05,3.967813427152578e-06,1.2608221311438683e-07,0.0
3976,adam,7.8125e-06,6.547196647943565e-06,4.024983454087305e-06,2.3818881871306985e-06,1.4032505113448224e-07,0.0,1.756966048560571e-05,1.3472466889652424e-05,3.918432412319817e-06,1.787610415249219e-07,0.0
3977,adam,7.8125e-06,6.616794536284942e-06,4.046199649110349e-06,2.4041750208425583e-06,1.6641988054288959e-07,0.0,1.778562000254169e-05,1.3799293810734525e-05,3.835853476630291e-06,1.5047179147131828e-07,0.0
3978,adam,7.8125e-06,6.588905563376102e-06,4.069228396019753e-06,2.350975577769532e-06,1.6870149721626149e-07,0.0,1.776307908585295e-05,1.3638216842082329e-05,3.971737896790728e-06,1.5312379275655985e-07,0.0
3979,adam,7.8125e-06,6.607052142726388e-06,4.048903193165643e-06,2.391922279798564e-06,1.66226710618389e-07,0.0,1.7733193089952692e-05,1.3651926565216854e-05,3.964343250117963e-06,1.1692212353864306e-07,0.0
3980,adam,7.8125e-06,6.569270482259526e-06,4.009342532640403e-06,2.3927532240008986e-06,1.6717466344573495e-07,0.0,1.7565716916578822e-05,1.3361124729271978e-05,4.0495033317711204e-06,1.550886992163214e-07,0.0
3981,adam,7.8125e-06,6.577860830248028e-06,4.05863667651829e-06,2.369654616529715e-06,1.4956955141087747e-07,0.0,1.78207137651043e-05,1.3718006812268868e-05,3.929239937860984e-06,1.7346879133128823e-07,0.0
3982,adam,7.8125e-06,6.710631907935749e-06,4.059331445205316e-06,2.499674174316624e-06,1.5162627065024026e-07,0.0,1.7876222045742907e-05,1.3705072888114955e-05,4.027109753224067e-06,1.4404082548935548e-07,0.0
3983,adam,7.8125e-06,6.564637146766472e-06,4.0935934606523006e-06,2.3234012687112227e-06,1.4764243605469574e-07,0.0,1.7578839106136e-05,1.343788426311221e-05,3.978482709499076e-06,1.6247275880232337e-07,0.0
3984,adam,7.8125e-06,6.509064604642845e-06,3.94507381429321e-06,2.422407916924385e-06,1.415829680162517e-07,0.0,1.7605281755095348e-05,1.3605367712443694e-05,3.8714383663318586e-06,1.2847596053688903e-07,0.0
3985,adam,7.8125e-06,6.518738445038252e-06,3.984156563774377e-06,2.396662779347025e-06,1.3791914188487908e-07,0.0,1.7575110177858733e-05,1.3429404134512879e-05,4.0196714508056175e-06,1.2603369725638913e-07,0.0
3986,adam,7.8125e-06,6.540615231642732e-06,4.045139888830818e-06,2.341348015022504e-06,1.5412738640918633e-07,0.0,1.791756039892789e-05,1.3878575373382773e-05,3.885530077241128e-06,1.5345496251484292e-07,0.0
3987,adam,7.8125e-06,6.576669022706483e-06,4.069613382284842e-06,2.3529600596816636e-06,1.5409564735335834e-07,0.0,1.733681529003661e-05,1.3249618859845214e-05,3.9399455999955535e-06,1.4725092967182718e-07,0.0
3988,adam,7.8125e-06,6.588207611457619e-06,4.026298938697437e-06,2.3794673396082544e-06,1.824413544682102e-07,0.0,1.753250580804888e-05,1.3408682207227685e-05,3.968685632571578e-06,1.551375987673964e-07,0.0
3989,adam,7.8125e-06,6.550464433985326e-06,3.99129858408287e-06,2.3948229141979027e-06,1.6434299165979382e-07,0.0,1.7649028450250626e-05,1.3505710739991628e-05,3.977201231464278e-06,1.6611743092198594e-07,0.0
3990,adam,7.8125e-06,6.528547459083711e-06,4.026789184763402e-06,2.3521480585486643e-06,1.4961032412941222e-07,0.0,1.774626252881717e-05,1.366780634270981e-05,3.925673354387982e-06,1.5278259013484785e-07,0.0
3991,adam,7.8125e-06,6.562522827380235e-06,3.990954027699445e-06,2.423919859495527e-06,1.476490214535886e-07,0.0,1.753396645653993e-05,1.3454293366521597e-05,3.93974369217176e-06,1.3992961100939283e-07,0.0
3992,adam,7.8125e-06,6.4539621860149055e-06,3.988789757158884e-06,2.320367308072946e-06,1.4480507992686853e-07,0.0,1.790114401956089e-05,1.3790224329568446e-05,3.987587660958525e-06,1.2333082111126714e-07,0.0
3993,adam,7.8125e-06,6.532108784540469e-06,4.057487089426104e-06,2.327623548126212e-06,1.4699812300733583e-07,0.0,1.7822112567955628e-05,1.3805197340843733e-05,3.882062173943268e-06,1.3485234262589074e-07,0.0
3994,adam,7.8125e-06,6.6196100192428275e-06,4.036303465682067e-06,2.393622295926434e-06,1.896842283244382e-07,0.0,1.753657306835521e-05,1.3328167369763833e-05,3.954609837819589e-06,2.537965144711052e-07,0.0
3995,adam,7.8125e-06,6.653144566826086e-06,4.095198576692383e-06,2.3823169570391656e-06,1.7562895360256903e-07,0.0,1.7811011275625788e-05,1.3661726370628458e-05,3.946779088437324e-06,2.0250551813205675e-07,0.0
3996,adam,7.8125e-06,6.603458274412333e-06,4.065325200031111e-06,2.372373543835238e-06,1.6575947547892156e-07,0.0,1.7508726159576327e-05,1.3389615560299717e-05,3.989668584836181e-06,1.294424265552152e-07,0.0
3997,adam,7.8125e-06,6.699019962752573e-06,4.081649052523062e-06,2.4598576899848013e-06,1.5751314563772212e-07,0.0,1.80554579856107e-05,1.3953969755675644e-05,3.9593555811734404e-06,1.4213298982213018e-07,0.0
3998,adam,7.8125e-06,6.773012557914626e-06,4.124498730107007e-06,2.455296254311179e-06,1.9321752242618118e-07,0.0,1.780970887921285e-05,1.3591476090368815e-05,4.012064437119989e-06,2.0616752749447187e-07,0.0
3999,adam,7.8125e-06,6.579457874522632e-06,3.995874664042276e-06,2.420553677495718e-06,1.630295454191355e-07,0.0,1.7799833585741e-05,1.3679637049790472e-05,3.9693886719760485e-06,1.508082476675554e-07,0.0
4000,adam,3.90625e-06,6.58632990280239e-06,4.0333749922183415e-06,2.3958766774967444e-06,1.5707817935251e-07,0.0,1.7604264940018766e-05,1.3625738574774005e-05,3.85736257157987e-06,1.2116535685890995e-07,0.0
