global_step,stage,local_step,total,lr,distill,pde,pde_residual_rmse_unweighted,terminal,interface,global_replay
1,stage1_distill_to_baseline,1,1.526015703281544e-05,0.0005,1.526015703281544e-05,,,,,
2,stage1_distill_to_baseline,2,1.3661978098578828e-05,0.0005,1.3661978098578828e-05,,,,,
3,stage1_distill_to_baseline,3,1.4104647464109917e-05,0.0005,1.4104647464109917e-05,,,,,
4,stage1_distill_to_baseline,4,1.2814892467189753e-05,0.0005,1.2814892467189753e-05,,,,,
5,stage1_distill_to_baseline,5,1.198081040123495e-05,0.0005,1.198081040123495e-05,,,,,
6,stage1_distill_to_baseline,6,1.3462498147310817e-05,0.0005,1.3462498147310817e-05,,,,,
7,stage1_distill_to_baseline,7,1.2840853056749604e-05,0.0005,1.2840853056749604e-05,,,,,
8,stage1_distill_to_baseline,8,1.227346372054402e-05,0.0005,1.227346372054402e-05,,,,,
9,stage1_distill_to_baseline,9,1.426220233208723e-05,0.0005,1.426220233208723e-05,,,,,
10,stage1_distill_to_baseline,10,1.346410579798841e-05,0.0005,1.346410579798841e-05,,,,,
11,stage1_distill_to_baseline,11,1.4641162226438096e-05,0.0005,1.4641162226438096e-05,,,,,
12,stage1_distill_to_baseline,12,1.1728671859594879e-05,0.0005,1.1728671859594879e-05,,,,,
13,stage1_distill_to_baseline,13,1.511871290162485e-05,0.0005,1.511871290162485e-05,,,,,
14,stage1_distill_to_baseline,14,1.4398617827359356e-05,0.0005,1.4398617827359356e-05,,,,,
15,stage1_distill_to_baseline,15,1.359976333311107e-05,0.0005,1.359976333311107e-05,,,,,
16,stage1_distill_to_baseline,16,1.2982991288871326e-05,0.0005,1.2982991288871326e-05,,,,,
17,stage1_distill_to_baseline,17,1.5306368335094723e-05,0.0005,1.5306368335094723e-05,,,,,
18,stage1_distill_to_baseline,18,1.1987377226712262e-05,0.0005,1.1987377226712262e-05,,,,,
19,stage1_distill_to_baseline,19,1.3000682775348567e-05,0.0005,1.3000682775348567e-05,,,,,
20,stage1_distill_to_baseline,20,1.4449055189797434e-05,0.0005,1.4449055189797434e-05,,,,,
21,stage1_distill_to_baseline,21,1.4995392663781137e-05,0.0005,1.4995392663781137e-05,,,,,
22,stage1_distill_to_baseline,22,1.2744296285362352e-05,0.0005,1.2744296285362352e-05,,,,,
23,stage1_distill_to_baseline,23,1.2656296191179492e-05,0.0005,1.2656296191179492e-05,,,,,
24,stage1_distill_to_baseline,24,1.4971343911729366e-05,0.0005,1.4971343911729366e-05,,,,,
25,stage1_distill_to_baseline,25,1.3161888954928188e-05,0.0005,1.3161888954928188e-05,,,,,
26,stage1_distill_to_baseline,26,1.2563436593385317e-05,0.0005,1.2563436593385317e-05,,,,,
27,stage1_distill_to_baseline,27,1.2690197387704952e-05,0.0005,1.2690197387704952e-05,,,,,
28,stage1_distill_to_baseline,28,1.177279394522931e-05,0.0005,1.177279394522931e-05,,,,,
29,stage1_distill_to_baseline,29,1.2810258130219134e-05,0.0005,1.2810258130219134e-05,,,,,
30,stage1_distill_to_baseline,30,1.3027543908507527e-05,0.0005,1.3027543908507527e-05,,,,,
31,stage1_distill_to_baseline,31,1.2146648593276928e-05,0.0005,1.2146648593276928e-05,,,,,
32,stage1_distill_to_baseline,32,1.268034238634071e-05,0.0005,1.268034238634071e-05,,,,,
33,stage1_distill_to_baseline,33,1.2139255057113449e-05,0.0005,1.2139255057113449e-05,,,,,
34,stage1_distill_to_baseline,34,1.3625107742527554e-05,0.0005,1.3625107742527554e-05,,,,,
35,stage1_distill_to_baseline,35,1.1326482269236271e-05,0.0005,1.1326482269236271e-05,,,,,
36,stage1_distill_to_baseline,36,1.4665055517827182e-05,0.0005,1.4665055517827182e-05,,,,,
37,stage1_distill_to_baseline,37,1.1713718933079083e-05,0.0005,1.1713718933079083e-05,,,,,
38,stage1_distill_to_baseline,38,1.387568458340661e-05,0.0005,1.387568458340661e-05,,,,,
39,stage1_distill_to_baseline,39,1.4704690669763e-05,0.0005,1.4704690669763e-05,,,,,
40,stage1_distill_to_baseline,40,1.3360215389112983e-05,0.0005,1.3360215389112983e-05,,,,,
41,stage1_distill_to_baseline,41,1.0859994192988886e-05,0.0005,1.0859994192988886e-05,,,,,
42,stage1_distill_to_baseline,42,1.3555685776206402e-05,0.0005,1.3555685776206402e-05,,,,,
43,stage1_distill_to_baseline,43,1.2508367506721858e-05,0.0005,1.2508367506721858e-05,,,,,
44,stage1_distill_to_baseline,44,1.265301902088064e-05,0.0005,1.265301902088064e-05,,,,,
45,stage1_distill_to_baseline,45,1.4805455607675571e-05,0.0005,1.4805455607675571e-05,,,,,
46,stage1_distill_to_baseline,46,1.236123859063448e-05,0.0005,1.236123859063448e-05,,,,,
47,stage1_distill_to_baseline,47,1.2851268389876032e-05,0.0005,1.2851268389876032e-05,,,,,
48,stage1_distill_to_baseline,48,1.2127385349327064e-05,0.0005,1.2127385349327064e-05,,,,,
49,stage1_distill_to_baseline,49,1.2328753533964557e-05,0.0005,1.2328753533964557e-05,,,,,
50,stage1_distill_to_baseline,50,1.166677430105243e-05,0.0005,1.166677430105243e-05,,,,,
51,stage1_distill_to_baseline,51,1.0566074784750948e-05,0.0005,1.0566074784750948e-05,,,,,
52,stage1_distill_to_baseline,52,1.1096751712005651e-05,0.0005,1.1096751712005651e-05,,,,,
53,stage1_distill_to_baseline,53,1.3426303986143132e-05,0.0005,1.3426303986143132e-05,,,,,
54,stage1_distill_to_baseline,54,1.3311879344932975e-05,0.0005,1.3311879344932975e-05,,,,,
55,stage1_distill_to_baseline,55,1.2519394961303902e-05,0.0005,1.2519394961303902e-05,,,,,
56,stage1_distill_to_baseline,56,1.153913259132551e-05,0.0005,1.153913259132551e-05,,,,,
57,stage1_distill_to_baseline,57,1.3538676175567872e-05,0.0005,1.3538676175567872e-05,,,,,
58,stage1_distill_to_baseline,58,1.2602236126568145e-05,0.0005,1.2602236126568145e-05,,,,,
59,stage1_distill_to_baseline,59,1.33700516030308e-05,0.0005,1.33700516030308e-05,,,,,
60,stage1_distill_to_baseline,60,1.2219482999073431e-05,0.0005,1.2219482999073431e-05,,,,,
61,stage1_distill_to_baseline,61,1.2247707300185895e-05,0.0005,1.2247707300185895e-05,,,,,
62,stage1_distill_to_baseline,62,1.230884908699619e-05,0.0005,1.230884908699619e-05,,,,,
63,stage1_distill_to_baseline,63,1.2938683482392252e-05,0.0005,1.2938683482392252e-05,,,,,
64,stage1_distill_to_baseline,64,1.3738325282944729e-05,0.0005,1.3738325282944729e-05,,,,,
65,stage1_distill_to_baseline,65,1.2285743585258029e-05,0.0005,1.2285743585258029e-05,,,,,
66,stage1_distill_to_baseline,66,1.1968937442008527e-05,0.0005,1.1968937442008527e-05,,,,,
67,stage1_distill_to_baseline,67,1.2938216759510893e-05,0.0005,1.2938216759510893e-05,,,,,
68,stage1_distill_to_baseline,68,1.191659702016686e-05,0.0005,1.191659702016686e-05,,,,,
69,stage1_distill_to_baseline,69,1.1113432238670629e-05,0.0005,1.1113432238670629e-05,,,,,
70,stage1_distill_to_baseline,70,1.165691054696146e-05,0.0005,1.165691054696146e-05,,,,,
71,stage1_distill_to_baseline,71,1.1723909893528186e-05,0.0005,1.1723909893528186e-05,,,,,
72,stage1_distill_to_baseline,72,1.1597399951368384e-05,0.0005,1.1597399951368384e-05,,,,,
73,stage1_distill_to_baseline,73,1.3119103628142855e-05,0.0005,1.3119103628142855e-05,,,,,
74,stage1_distill_to_baseline,74,1.1642411664579e-05,0.0005,1.1642411664579e-05,,,,,
75,stage1_distill_to_baseline,75,1.5224794424090136e-05,0.0005,1.5224794424090136e-05,,,,,
76,stage1_distill_to_baseline,76,1.2213114975573934e-05,0.0005,1.2213114975573934e-05,,,,,
77,stage1_distill_to_baseline,77,1.1481660073566508e-05,0.0005,1.1481660073566508e-05,,,,,
78,stage1_distill_to_baseline,78,1.1944555838326696e-05,0.0005,1.1944555838326696e-05,,,,,
79,stage1_distill_to_baseline,79,1.1523334330174214e-05,0.0005,1.1523334330174214e-05,,,,,
80,stage1_distill_to_baseline,80,1.185096355893997e-05,0.0005,1.185096355893997e-05,,,,,
81,stage1_distill_to_baseline,81,1.1573927021689453e-05,0.0005,1.1573927021689453e-05,,,,,
82,stage1_distill_to_baseline,82,1.0923847699474536e-05,0.0005,1.0923847699474536e-05,,,,,
83,stage1_distill_to_baseline,83,1.2832295230661724e-05,0.0005,1.2832295230661724e-05,,,,,
84,stage1_distill_to_baseline,84,1.3121068739614626e-05,0.0005,1.3121068739614626e-05,,,,,
85,stage1_distill_to_baseline,85,1.3807676393484371e-05,0.0005,1.3807676393484371e-05,,,,,
86,stage1_distill_to_baseline,86,1.1685477424866189e-05,0.0005,1.1685477424866189e-05,,,,,
87,stage1_distill_to_baseline,87,1.1398586188886551e-05,0.0005,1.1398586188886551e-05,,,,,
88,stage1_distill_to_baseline,88,1.1436800320575728e-05,0.0005,1.1436800320575728e-05,,,,,
89,stage1_distill_to_baseline,89,1.090538072391238e-05,0.0005,1.090538072391238e-05,,,,,
90,stage1_distill_to_baseline,90,1.0218544537617915e-05,0.0005,1.0218544537617915e-05,,,,,
91,stage1_distill_to_baseline,91,1.3793269642652033e-05,0.0005,1.3793269642652033e-05,,,,,
92,stage1_distill_to_baseline,92,1.0894175557445323e-05,0.0005,1.0894175557445323e-05,,,,,
93,stage1_distill_to_baseline,93,1.1961034826235848e-05,0.0005,1.1961034826235848e-05,,,,,
94,stage1_distill_to_baseline,94,1.2520123710384881e-05,0.0005,1.2520123710384881e-05,,,,,
95,stage1_distill_to_baseline,95,1.3591685067225332e-05,0.0005,1.3591685067225332e-05,,,,,
96,stage1_distill_to_baseline,96,1.0354279834977953e-05,0.0005,1.0354279834977953e-05,,,,,
97,stage1_distill_to_baseline,97,1.1911856234166656e-05,0.0005,1.1911856234166656e-05,,,,,
98,stage1_distill_to_baseline,98,1.1117246397053899e-05,0.0005,1.1117246397053899e-05,,,,,
99,stage1_distill_to_baseline,99,1.1758454300317636e-05,0.0005,1.1758454300317636e-05,,,,,
100,stage1_distill_to_baseline,100,1.148182207938634e-05,0.0005,1.148182207938634e-05,,,,,
101,stage1_distill_to_baseline,101,1.0696931840618117e-05,0.0005,1.0696931840618117e-05,,,,,
102,stage1_distill_to_baseline,102,1.1964920358594962e-05,0.0005,1.1964920358594962e-05,,,,,
103,stage1_distill_to_baseline,103,1.1343549971728049e-05,0.0005,1.1343549971728049e-05,,,,,
104,stage1_distill_to_baseline,104,1.2228610775299842e-05,0.0005,1.2228610775299842e-05,,,,,
105,stage1_distill_to_baseline,105,1.2171637169321336e-05,0.0005,1.2171637169321336e-05,,,,,
106,stage1_distill_to_baseline,106,1.1240899548282926e-05,0.0005,1.1240899548282926e-05,,,,,
107,stage1_distill_to_baseline,107,1.0922742545799354e-05,0.0005,1.0922742545799354e-05,,,,,
108,stage1_distill_to_baseline,108,1.1681320831508538e-05,0.0005,1.1681320831508538e-05,,,,,
109,stage1_distill_to_baseline,109,1.1357367907703322e-05,0.0005,1.1357367907703322e-05,,,,,
110,stage1_distill_to_baseline,110,1.2424129013867194e-05,0.0005,1.2424129013867194e-05,,,,,
111,stage1_distill_to_baseline,111,1.245977798435965e-05,0.0005,1.245977798435965e-05,,,,,
112,stage1_distill_to_baseline,112,1.1700033609767935e-05,0.0005,1.1700033609767935e-05,,,,,
113,stage1_distill_to_baseline,113,1.2504698320624495e-05,0.0005,1.2504698320624495e-05,,,,,
114,stage1_distill_to_baseline,114,1.3432747710340427e-05,0.0005,1.3432747710340427e-05,,,,,
115,stage1_distill_to_baseline,115,1.1224943117166685e-05,0.0005,1.1224943117166685e-05,,,,,
116,stage1_distill_to_baseline,116,1.0905196210715537e-05,0.0005,1.0905196210715537e-05,,,,,
117,stage1_distill_to_baseline,117,1.2639803842798726e-05,0.0005,1.2639803842798726e-05,,,,,
118,stage1_distill_to_baseline,118,1.183899238888396e-05,0.0005,1.183899238888396e-05,,,,,
119,stage1_distill_to_baseline,119,1.1657342981989608e-05,0.0005,1.1657342981989608e-05,,,,,
120,stage1_distill_to_baseline,120,1.2667998750768399e-05,0.0005,1.2667998750768399e-05,,,,,
121,stage1_distill_to_baseline,121,1.0699596363289249e-05,0.0005,1.0699596363289249e-05,,,,,
122,stage1_distill_to_baseline,122,1.1789413899735695e-05,0.0005,1.1789413899735695e-05,,,,,
123,stage1_distill_to_baseline,123,1.1316964243400931e-05,0.0005,1.1316964243400931e-05,,,,,
124,stage1_distill_to_baseline,124,1.0764169125513997e-05,0.0005,1.0764169125513997e-05,,,,,
125,stage1_distill_to_baseline,125,1.172952123035003e-05,0.0005,1.172952123035003e-05,,,,,
126,stage1_distill_to_baseline,126,1.2607511851702848e-05,0.0005,1.2607511851702848e-05,,,,,
127,stage1_distill_to_baseline,127,1.0922261248019298e-05,0.0005,1.0922261248019298e-05,,,,,
128,stage1_distill_to_baseline,128,1.0618160417733798e-05,0.0005,1.0618160417733798e-05,,,,,
129,stage1_distill_to_baseline,129,1.2029843389484312e-05,0.0005,1.2029843389484312e-05,,,,,
130,stage1_distill_to_baseline,130,1.371872354391036e-05,0.0005,1.371872354391036e-05,,,,,
131,stage1_distill_to_baseline,131,1.1794669542544975e-05,0.0005,1.1794669542544975e-05,,,,,
132,stage1_distill_to_baseline,132,1.1697646683829394e-05,0.0005,1.1697646683829394e-05,,,,,
133,stage1_distill_to_baseline,133,1.226124291930546e-05,0.0005,1.226124291930546e-05,,,,,
134,stage1_distill_to_baseline,134,1.3477613734440022e-05,0.0005,1.3477613734440022e-05,,,,,
135,stage1_distill_to_baseline,135,1.2117899976436514e-05,0.0005,1.2117899976436514e-05,,,,,
136,stage1_distill_to_baseline,136,1.1345064236921576e-05,0.0005,1.1345064236921576e-05,,,,,
137,stage1_distill_to_baseline,137,1.1374058295981356e-05,0.0005,1.1374058295981356e-05,,,,,
138,stage1_distill_to_baseline,138,1.2132172654089114e-05,0.0005,1.2132172654089114e-05,,,,,
139,stage1_distill_to_baseline,139,9.558798283247304e-06,0.0005,9.558798283247304e-06,,,,,
140,stage1_distill_to_baseline,140,1.2005171706372632e-05,0.0005,1.2005171706372632e-05,,,,,
141,stage1_distill_to_baseline,141,1.2521055672048424e-05,0.0005,1.2521055672048424e-05,,,,,
142,stage1_distill_to_baseline,142,1.1115894718945077e-05,0.0005,1.1115894718945077e-05,,,,,
143,stage1_distill_to_baseline,143,1.127638001953679e-05,0.0005,1.127638001953679e-05,,,,,
144,stage1_distill_to_baseline,144,1.3040088763117374e-05,0.0005,1.3040088763117374e-05,,,,,
145,stage1_distill_to_baseline,145,1.1103680194088739e-05,0.0005,1.1103680194088739e-05,,,,,
146,stage1_distill_to_baseline,146,1.3653558711739654e-05,0.0005,1.3653558711739654e-05,,,,,
147,stage1_distill_to_baseline,147,1.1338071170638771e-05,0.0005,1.1338071170638771e-05,,,,,
148,stage1_distill_to_baseline,148,1.208300609484874e-05,0.0005,1.208300609484874e-05,,,,,
149,stage1_distill_to_baseline,149,1.2216120787322552e-05,0.0005,1.2216120787322552e-05,,,,,
150,stage1_distill_to_baseline,150,1.1787611159689653e-05,0.0005,1.1787611159689653e-05,,,,,
151,stage1_distill_to_baseline,151,1.0934239394028175e-05,0.0005,1.0934239394028175e-05,,,,,
152,stage1_distill_to_baseline,152,1.2877701957457422e-05,0.0005,1.2877701957457422e-05,,,,,
153,stage1_distill_to_baseline,153,1.0490398828987234e-05,0.0005,1.0490398828987234e-05,,,,,
154,stage1_distill_to_baseline,154,1.1072977143092956e-05,0.0005,1.1072977143092956e-05,,,,,
155,stage1_distill_to_baseline,155,1.0711862736417908e-05,0.0005,1.0711862736417908e-05,,,,,
156,stage1_distill_to_baseline,156,1.1770069710760689e-05,0.0005,1.1770069710760689e-05,,,,,
157,stage1_distill_to_baseline,157,1.1904092160010019e-05,0.0005,1.1904092160010019e-05,,,,,
158,stage1_distill_to_baseline,158,1.2958421881874828e-05,0.0005,1.2958421881874828e-05,,,,,
159,stage1_distill_to_baseline,159,1.2960713713422914e-05,0.0005,1.2960713713422914e-05,,,,,
160,stage1_distill_to_baseline,160,1.1919937489187635e-05,0.0005,1.1919937489187635e-05,,,,,
161,stage1_distill_to_baseline,161,1.1310555504411701e-05,0.0005,1.1310555504411701e-05,,,,,
162,stage1_distill_to_baseline,162,1.1248798373975176e-05,0.0005,1.1248798373975176e-05,,,,,
163,stage1_distill_to_baseline,163,1.1086438764499829e-05,0.0005,1.1086438764499829e-05,,,,,
164,stage1_distill_to_baseline,164,1.18812852558685e-05,0.0005,1.18812852558685e-05,,,,,
165,stage1_distill_to_baseline,165,1.125168787298409e-05,0.0005,1.125168787298409e-05,,,,,
166,stage1_distill_to_baseline,166,1.1321634253109253e-05,0.0005,1.1321634253109253e-05,,,,,
167,stage1_distill_to_baseline,167,1.0932801169667334e-05,0.0005,1.0932801169667334e-05,,,,,
168,stage1_distill_to_baseline,168,1.0584785270459244e-05,0.0005,1.0584785270459244e-05,,,,,
169,stage1_distill_to_baseline,169,1.0555526450627237e-05,0.0005,1.0555526450627237e-05,,,,,
170,stage1_distill_to_baseline,170,1.1846759103501979e-05,0.0005,1.1846759103501979e-05,,,,,
171,stage1_distill_to_baseline,171,1.3501543208660072e-05,0.0005,1.3501543208660072e-05,,,,,
172,stage1_distill_to_baseline,172,1.216903438944819e-05,0.0005,1.216903438944819e-05,,,,,
173,stage1_distill_to_baseline,173,1.3529587541139154e-05,0.0005,1.3529587541139154e-05,,,,,
174,stage1_distill_to_baseline,174,1.1672861299227282e-05,0.0005,1.1672861299227282e-05,,,,,
175,stage1_distill_to_baseline,175,1.0893363130244736e-05,0.0005,1.0893363130244736e-05,,,,,
176,stage1_distill_to_baseline,176,1.168976920094573e-05,0.0005,1.168976920094573e-05,,,,,
177,stage1_distill_to_baseline,177,1.1761994922699719e-05,0.0005,1.1761994922699719e-05,,,,,
178,stage1_distill_to_baseline,178,9.920794900846789e-06,0.0005,9.920794900846789e-06,,,,,
179,stage1_distill_to_baseline,179,1.0870356221255258e-05,0.0005,1.0870356221255258e-05,,,,,
180,stage1_distill_to_baseline,180,1.1223297548828303e-05,0.0005,1.1223297548828303e-05,,,,,
181,stage1_distill_to_baseline,181,1.1959159068287647e-05,0.0005,1.1959159068287647e-05,,,,,
182,stage1_distill_to_baseline,182,1.1107586345786405e-05,0.0005,1.1107586345786405e-05,,,,,
183,stage1_distill_to_baseline,183,1.3236421688849067e-05,0.0005,1.3236421688849067e-05,,,,,
184,stage1_distill_to_baseline,184,1.273914834113954e-05,0.0005,1.273914834113954e-05,,,,,
185,stage1_distill_to_baseline,185,1.1422948525836578e-05,0.0005,1.1422948525836578e-05,,,,,
186,stage1_distill_to_baseline,186,1.10609861826498e-05,0.0005,1.10609861826498e-05,,,,,
187,stage1_distill_to_baseline,187,1.1023449077332166e-05,0.0005,1.1023449077332166e-05,,,,,
188,stage1_distill_to_baseline,188,1.0282531619828487e-05,0.0005,1.0282531619828487e-05,,,,,
189,stage1_distill_to_baseline,189,1.1694204388880871e-05,0.0005,1.1694204388880871e-05,,,,,
190,stage1_distill_to_baseline,190,1.1853391416589827e-05,0.0005,1.1853391416589827e-05,,,,,
191,stage1_distill_to_baseline,191,1.093571094813722e-05,0.0005,1.093571094813722e-05,,,,,
192,stage1_distill_to_baseline,192,1.1289141890505604e-05,0.0005,1.1289141890505604e-05,,,,,
193,stage1_distill_to_baseline,193,1.1513120960054284e-05,0.0005,1.1513120960054284e-05,,,,,
194,stage1_distill_to_baseline,194,1.0451838441171792e-05,0.0005,1.0451838441171792e-05,,,,,
195,stage1_distill_to_baseline,195,1.1422887455101934e-05,0.0005,1.1422887455101934e-05,,,,,
196,stage1_distill_to_baseline,196,1.1144691696008618e-05,0.0005,1.1144691696008618e-05,,,,,
197,stage1_distill_to_baseline,197,1.1547624600251036e-05,0.0005,1.1547624600251036e-05,,,,,
198,stage1_distill_to_baseline,198,1.1940978640757405e-05,0.0005,1.1940978640757405e-05,,,,,
199,stage1_distill_to_baseline,199,1.0781058985079144e-05,0.0005,1.0781058985079144e-05,,,,,
200,stage1_distill_to_baseline,200,1.1062348955371604e-05,0.0005,1.1062348955371604e-05,,,,,
201,stage1_distill_to_baseline,201,1.1813255639054437e-05,0.0005,1.1813255639054437e-05,,,,,
202,stage1_distill_to_baseline,202,1.124058214542196e-05,0.0005,1.124058214542196e-05,,,,,
203,stage1_distill_to_baseline,203,1.176494286953285e-05,0.0005,1.176494286953285e-05,,,,,
204,stage1_distill_to_baseline,204,1.0730561019591925e-05,0.0005,1.0730561019591925e-05,,,,,
205,stage1_distill_to_baseline,205,1.3359015521589732e-05,0.0005,1.3359015521589732e-05,,,,,
206,stage1_distill_to_baseline,206,1.1311066258714204e-05,0.0005,1.1311066258714204e-05,,,,,
207,stage1_distill_to_baseline,207,1.1839848163845868e-05,0.0005,1.1839848163845868e-05,,,,,
208,stage1_distill_to_baseline,208,1.0412556822461386e-05,0.0005,1.0412556822461386e-05,,,,,
209,stage1_distill_to_baseline,209,1.0550023029455288e-05,0.0005,1.0550023029455288e-05,,,,,
210,stage1_distill_to_baseline,210,1.049391776044976e-05,0.0005,1.049391776044976e-05,,,,,
211,stage1_distill_to_baseline,211,1.0100750302314637e-05,0.0005,1.0100750302314637e-05,,,,,
212,stage1_distill_to_baseline,212,1.0339930504618358e-05,0.0005,1.0339930504618358e-05,,,,,
213,stage1_distill_to_baseline,213,1.0450165593253741e-05,0.0005,1.0450165593253741e-05,,,,,
214,stage1_distill_to_baseline,214,1.159821153635617e-05,0.0005,1.159821153635617e-05,,,,,
215,stage1_distill_to_baseline,215,1.1792920722162393e-05,0.0005,1.1792920722162393e-05,,,,,
216,stage1_distill_to_baseline,216,1.027734095255495e-05,0.0005,1.027734095255495e-05,,,,,
217,stage1_distill_to_baseline,217,1.1557990237135355e-05,0.0005,1.1557990237135355e-05,,,,,
218,stage1_distill_to_baseline,218,1.141578433854928e-05,0.0005,1.141578433854928e-05,,,,,
219,stage1_distill_to_baseline,219,1.1145006743530192e-05,0.0005,1.1145006743530192e-05,,,,,
220,stage1_distill_to_baseline,220,1.0770546802881149e-05,0.0005,1.0770546802881149e-05,,,,,
221,stage1_distill_to_baseline,221,9.820820424692735e-06,0.0005,9.820820424692735e-06,,,,,
222,stage1_distill_to_baseline,222,1.1630530024483135e-05,0.0005,1.1630530024483135e-05,,,,,
223,stage1_distill_to_baseline,223,1.05704302124599e-05,0.0005,1.05704302124599e-05,,,,,
224,stage1_distill_to_baseline,224,1.2859608405308909e-05,0.0005,1.2859608405308909e-05,,,,,
225,stage1_distill_to_baseline,225,1.094384765701603e-05,0.0005,1.094384765701603e-05,,,,,
226,stage1_distill_to_baseline,226,1.0571961980231963e-05,0.0005,1.0571961980231963e-05,,,,,
227,stage1_distill_to_baseline,227,1.1274962142809254e-05,0.0005,1.1274962142809254e-05,,,,,
228,stage1_distill_to_baseline,228,1.1381866190071107e-05,0.0005,1.1381866190071107e-05,,,,,
229,stage1_distill_to_baseline,229,1.1484962893784316e-05,0.0005,1.1484962893784316e-05,,,,,
230,stage1_distill_to_baseline,230,1.2498186528693803e-05,0.0005,1.2498186528693803e-05,,,,,
231,stage1_distill_to_baseline,231,1.066497325319048e-05,0.0005,1.066497325319048e-05,,,,,
232,stage1_distill_to_baseline,232,1.1636356144851854e-05,0.0005,1.1636356144851854e-05,,,,,
233,stage1_distill_to_baseline,233,1.3562339801034729e-05,0.0005,1.3562339801034729e-05,,,,,
234,stage1_distill_to_baseline,234,1.2893168974218278e-05,0.0005,1.2893168974218278e-05,,,,,
235,stage1_distill_to_baseline,235,1.1046833064817332e-05,0.0005,1.1046833064817332e-05,,,,,
236,stage1_distill_to_baseline,236,1.148301927395798e-05,0.0005,1.148301927395798e-05,,,,,
237,stage1_distill_to_baseline,237,1.127729989947443e-05,0.0005,1.127729989947443e-05,,,,,
238,stage1_distill_to_baseline,238,9.884525918711845e-06,0.0005,9.884525918711845e-06,,,,,
239,stage1_distill_to_baseline,239,1.118201561477092e-05,0.0005,1.118201561477092e-05,,,,,
240,stage1_distill_to_baseline,240,1.0610527690025395e-05,0.0005,1.0610527690025395e-05,,,,,
241,stage1_distill_to_baseline,241,1.2495027582496335e-05,0.0005,1.2495027582496335e-05,,,,,
242,stage1_distill_to_baseline,242,1.2631122581803396e-05,0.0005,1.2631122581803396e-05,,,,,
243,stage1_distill_to_baseline,243,1.1011107449938578e-05,0.0005,1.1011107449938578e-05,,,,,
244,stage1_distill_to_baseline,244,1.017870975584843e-05,0.0005,1.017870975584843e-05,,,,,
245,stage1_distill_to_baseline,245,1.2539806053033662e-05,0.0005,1.2539806053033662e-05,,,,,
246,stage1_distill_to_baseline,246,1.1592012194007882e-05,0.0005,1.1592012194007882e-05,,,,,
247,stage1_distill_to_baseline,247,1.233518726551891e-05,0.0005,1.233518726551891e-05,,,,,
248,stage1_distill_to_baseline,248,1.0204172185733566e-05,0.0005,1.0204172185733566e-05,,,,,
249,stage1_distill_to_baseline,249,1.1424337724436407e-05,0.0005,1.1424337724436407e-05,,,,,
250,stage1_distill_to_baseline,250,1.1520514116136705e-05,0.0005,1.1520514116136705e-05,,,,,
251,stage1_distill_to_baseline,251,1.2115411964519933e-05,0.0005,1.2115411964519933e-05,,,,,
252,stage1_distill_to_baseline,252,1.2873692706974907e-05,0.0005,1.2873692706974907e-05,,,,,
253,stage1_distill_to_baseline,253,9.962888374032077e-06,0.0005,9.962888374032077e-06,,,,,
254,stage1_distill_to_baseline,254,1.0745120447319093e-05,0.0005,1.0745120447319093e-05,,,,,
255,stage1_distill_to_baseline,255,1.2527036777590007e-05,0.0005,1.2527036777590007e-05,,,,,
256,stage1_distill_to_baseline,256,1.027158142097072e-05,0.0005,1.027158142097072e-05,,,,,
257,stage1_distill_to_baseline,257,1.0671675704592588e-05,0.0005,1.0671675704592588e-05,,,,,
258,stage1_distill_to_baseline,258,1.1797255117837482e-05,0.0005,1.1797255117837482e-05,,,,,
259,stage1_distill_to_baseline,259,1.0738147765613484e-05,0.0005,1.0738147765613484e-05,,,,,
260,stage1_distill_to_baseline,260,1.3866953107129653e-05,0.0005,1.3866953107129653e-05,,,,,
261,stage1_distill_to_baseline,261,1.2819288817388434e-05,0.0005,1.2819288817388434e-05,,,,,
262,stage1_distill_to_baseline,262,1.1853204039321348e-05,0.0005,1.1853204039321348e-05,,,,,
263,stage1_distill_to_baseline,263,1.1219622840883551e-05,0.0005,1.1219622840883551e-05,,,,,
264,stage1_distill_to_baseline,264,9.96552081966125e-06,0.0005,9.96552081966125e-06,,,,,
265,stage1_distill_to_baseline,265,1.1092503587826692e-05,0.0005,1.1092503587826692e-05,,,,,
266,stage1_distill_to_baseline,266,1.3143113100842805e-05,0.0005,1.3143113100842805e-05,,,,,
267,stage1_distill_to_baseline,267,1.2934495212775187e-05,0.0005,1.2934495212775187e-05,,,,,
268,stage1_distill_to_baseline,268,1.1466104437451192e-05,0.0005,1.1466104437451192e-05,,,,,
269,stage1_distill_to_baseline,269,1.131826402434615e-05,0.0005,1.131826402434615e-05,,,,,
270,stage1_distill_to_baseline,270,1.1037863650565265e-05,0.0005,1.1037863650565265e-05,,,,,
271,stage1_distill_to_baseline,271,1.0403676193802325e-05,0.0005,1.0403676193802325e-05,,,,,
272,stage1_distill_to_baseline,272,1.18244768812751e-05,0.0005,1.18244768812751e-05,,,,,
273,stage1_distill_to_baseline,273,1.1404547869782102e-05,0.0005,1.1404547869782102e-05,,,,,
274,stage1_distill_to_baseline,274,1.0384186025957753e-05,0.0005,1.0384186025957753e-05,,,,,
275,stage1_distill_to_baseline,275,1.0165133710856403e-05,0.0005,1.0165133710856403e-05,,,,,
276,stage1_distill_to_baseline,276,1.180304793190325e-05,0.0005,1.180304793190325e-05,,,,,
277,stage1_distill_to_baseline,277,1.0845426959858099e-05,0.0005,1.0845426959858099e-05,,,,,
278,stage1_distill_to_baseline,278,1.333252646442027e-05,0.0005,1.333252646442027e-05,,,,,
279,stage1_distill_to_baseline,279,1.1017000950864209e-05,0.0005,1.1017000950864209e-05,,,,,
280,stage1_distill_to_baseline,280,1.1898305309369373e-05,0.0005,1.1898305309369373e-05,,,,,
281,stage1_distill_to_baseline,281,1.091697907579826e-05,0.0005,1.091697907579826e-05,,,,,
282,stage1_distill_to_baseline,282,1.1380353331681378e-05,0.0005,1.1380353331681378e-05,,,,,
283,stage1_distill_to_baseline,283,1.0713046256537919e-05,0.0005,1.0713046256537919e-05,,,,,
284,stage1_distill_to_baseline,284,1.1532551984063916e-05,0.0005,1.1532551984063916e-05,,,,,
285,stage1_distill_to_baseline,285,1.1353318223420279e-05,0.0005,1.1353318223420279e-05,,,,,
286,stage1_distill_to_baseline,286,1.2306627258416864e-05,0.0005,1.2306627258416864e-05,,,,,
287,stage1_distill_to_baseline,287,1.2127621864820862e-05,0.0005,1.2127621864820862e-05,,,,,
288,stage1_distill_to_baseline,288,1.2730156883114828e-05,0.0005,1.2730156883114828e-05,,,,,
289,stage1_distill_to_baseline,289,1.1567219201629842e-05,0.0005,1.1567219201629842e-05,,,,,
290,stage1_distill_to_baseline,290,1.1804188248439607e-05,0.0005,1.1804188248439607e-05,,,,,
291,stage1_distill_to_baseline,291,1.1109009204618175e-05,0.0005,1.1109009204618175e-05,,,,,
292,stage1_distill_to_baseline,292,1.1088108743251392e-05,0.0005,1.1088108743251392e-05,,,,,
293,stage1_distill_to_baseline,293,1.1854188312955941e-05,0.0005,1.1854188312955941e-05,,,,,
294,stage1_distill_to_baseline,294,1.0787219047582106e-05,0.0005,1.0787219047582106e-05,,,,,
295,stage1_distill_to_baseline,295,1.065152614076163e-05,0.0005,1.065152614076163e-05,,,,,
296,stage1_distill_to_baseline,296,1.0800448135808933e-05,0.0005,1.0800448135808933e-05,,,,,
297,stage1_distill_to_baseline,297,1.1303983960440116e-05,0.0005,1.1303983960440116e-05,,,,,
298,stage1_distill_to_baseline,298,1.0209178456146892e-05,0.0005,1.0209178456146892e-05,,,,,
299,stage1_distill_to_baseline,299,9.871167630296877e-06,0.0005,9.871167630296877e-06,,,,,
300,stage1_distill_to_baseline,300,1.054463788118729e-05,0.0005,1.054463788118729e-05,,,,,
301,stage1_distill_to_baseline,301,1.2579848230026934e-05,0.0005,1.2579848230026934e-05,,,,,
302,stage1_distill_to_baseline,302,1.1159342264220556e-05,0.0005,1.1159342264220556e-05,,,,,
303,stage1_distill_to_baseline,303,1.132435287822522e-05,0.0005,1.132435287822522e-05,,,,,
304,stage1_distill_to_baseline,304,1.163217061091243e-05,0.0005,1.163217061091243e-05,,,,,
305,stage1_distill_to_baseline,305,1.2622679840692405e-05,0.0005,1.2622679840692405e-05,,,,,
306,stage1_distill_to_baseline,306,1.1774116670211005e-05,0.0005,1.1774116670211005e-05,,,,,
307,stage1_distill_to_baseline,307,1.0353312987490687e-05,0.0005,1.0353312987490687e-05,,,,,
308,stage1_distill_to_baseline,308,1.1552922472594465e-05,0.0005,1.1552922472594465e-05,,,,,
309,stage1_distill_to_baseline,309,1.2105548860359709e-05,0.0005,1.2105548860359709e-05,,,,,
310,stage1_distill_to_baseline,310,1.1545405668744475e-05,0.0005,1.1545405668744475e-05,,,,,
311,stage1_distill_to_baseline,311,1.0127276217189893e-05,0.0005,1.0127276217189893e-05,,,,,
312,stage1_distill_to_baseline,312,1.1935638220927747e-05,0.0005,1.1935638220927747e-05,,,,,
313,stage1_distill_to_baseline,313,1.111314238885074e-05,0.0005,1.111314238885074e-05,,,,,
314,stage1_distill_to_baseline,314,9.875994863205295e-06,0.0005,9.875994863205295e-06,,,,,
315,stage1_distill_to_baseline,315,1.17452961071679e-05,0.0005,1.17452961071679e-05,,,,,
316,stage1_distill_to_baseline,316,1.0150606163692065e-05,0.0005,1.0150606163692065e-05,,,,,
317,stage1_distill_to_baseline,317,1.1067919314272078e-05,0.0005,1.1067919314272078e-05,,,,,
318,stage1_distill_to_baseline,318,1.336918112990464e-05,0.0005,1.336918112990464e-05,,,,,
319,stage1_distill_to_baseline,319,1.2047669309596964e-05,0.0005,1.2047669309596964e-05,,,,,
320,stage1_distill_to_baseline,320,9.30753256406852e-06,0.0005,9.30753256406852e-06,,,,,
321,stage1_distill_to_baseline,321,1.1295080698519933e-05,0.0005,1.1295080698519933e-05,,,,,
322,stage1_distill_to_baseline,322,1.0548138623421188e-05,0.0005,1.0548138623421188e-05,,,,,
323,stage1_distill_to_baseline,323,1.021561995296365e-05,0.0005,1.021561995296365e-05,,,,,
324,stage1_distill_to_baseline,324,1.0673141290121778e-05,0.0005,1.0673141290121778e-05,,,,,
325,stage1_distill_to_baseline,325,1.0058249145475888e-05,0.0005,1.0058249145475888e-05,,,,,
326,stage1_distill_to_baseline,326,1.1683468158565884e-05,0.0005,1.1683468158565884e-05,,,,,
327,stage1_distill_to_baseline,327,1.2168955849778952e-05,0.0005,1.2168955849778952e-05,,,,,
328,stage1_distill_to_baseline,328,1.2336833637649117e-05,0.0005,1.2336833637649117e-05,,,,,
329,stage1_distill_to_baseline,329,1.2256977946174744e-05,0.0005,1.2256977946174744e-05,,,,,
330,stage1_distill_to_baseline,330,1.0442209930481843e-05,0.0005,1.0442209930481843e-05,,,,,
331,stage1_distill_to_baseline,331,1.050954163365678e-05,0.0005,1.050954163365678e-05,,,,,
332,stage1_distill_to_baseline,332,9.659129983772057e-06,0.0005,9.659129983772057e-06,,,,,
333,stage1_distill_to_baseline,333,9.573481113511374e-06,0.0005,9.573481113511374e-06,,,,,
334,stage1_distill_to_baseline,334,1.2553219141427618e-05,0.0005,1.2553219141427618e-05,,,,,
335,stage1_distill_to_baseline,335,1.1788333576824023e-05,0.0005,1.1788333576824023e-05,,,,,
336,stage1_distill_to_baseline,336,1.2933835684683845e-05,0.0005,1.2933835684683845e-05,,,,,
337,stage1_distill_to_baseline,337,1.2479729491175176e-05,0.0005,1.2479729491175176e-05,,,,,
338,stage1_distill_to_baseline,338,1.1247420071414056e-05,0.0005,1.1247420071414056e-05,,,,,
339,stage1_distill_to_baseline,339,1.0360123068148936e-05,0.0005,1.0360123068148936e-05,,,,,
340,stage1_distill_to_baseline,340,1.0917608414347637e-05,0.0005,1.0917608414347637e-05,,,,,
341,stage1_distill_to_baseline,341,1.2679956903895912e-05,0.0005,1.2679956903895912e-05,,,,,
342,stage1_distill_to_baseline,342,1.0674118340443181e-05,0.0005,1.0674118340443181e-05,,,,,
343,stage1_distill_to_baseline,343,9.75723045071976e-06,0.0005,9.75723045071976e-06,,,,,
344,stage1_distill_to_baseline,344,9.978145083546587e-06,0.0005,9.978145083546587e-06,,,,,
345,stage1_distill_to_baseline,345,9.800873341359015e-06,0.0005,9.800873341359015e-06,,,,,
346,stage1_distill_to_baseline,346,1.3247593769067197e-05,0.0005,1.3247593769067197e-05,,,,,
347,stage1_distill_to_baseline,347,9.955693048032997e-06,0.0005,9.955693048032997e-06,,,,,
348,stage1_distill_to_baseline,348,1.2117237553511146e-05,0.0005,1.2117237553511146e-05,,,,,
349,stage1_distill_to_baseline,349,1.1331515703656984e-05,0.0005,1.1331515703656984e-05,,,,,
350,stage1_distill_to_baseline,350,1.1599181970181145e-05,0.0005,1.1599181970181145e-05,,,,,
351,stage1_distill_to_baseline,351,1.3222388046955142e-05,0.0005,1.3222388046955142e-05,,,,,
352,stage1_distill_to_baseline,352,1.2787700819929424e-05,0.0005,1.2787700819929424e-05,,,,,
353,stage1_distill_to_baseline,353,9.534148506508347e-06,0.0005,9.534148506508347e-06,,,,,
354,stage1_distill_to_baseline,354,1.1822911988420776e-05,0.0005,1.1822911988420776e-05,,,,,
355,stage1_distill_to_baseline,355,9.557301746946132e-06,0.0005,9.557301746946132e-06,,,,,
356,stage1_distill_to_baseline,356,1.156645506661827e-05,0.0005,1.156645506661827e-05,,,,,
357,stage1_distill_to_baseline,357,1.177706925975783e-05,0.0005,1.177706925975783e-05,,,,,
358,stage1_distill_to_baseline,358,1.1187941291589277e-05,0.0005,1.1187941291589277e-05,,,,,
359,stage1_distill_to_baseline,359,9.97134259097434e-06,0.0005,9.97134259097434e-06,,,,,
360,stage1_distill_to_baseline,360,1.0959547488741469e-05,0.0005,1.0959547488741469e-05,,,,,
361,stage1_distill_to_baseline,361,1.1861729354506625e-05,0.0005,1.1861729354506625e-05,,,,,
362,stage1_distill_to_baseline,362,1.1311132737828952e-05,0.0005,1.1311132737828952e-05,,,,,
363,stage1_distill_to_baseline,363,1.1588784030594531e-05,0.0005,1.1588784030594531e-05,,,,,
364,stage1_distill_to_baseline,364,1.1263987216701125e-05,0.0005,1.1263987216701125e-05,,,,,
365,stage1_distill_to_baseline,365,1.1234217345493358e-05,0.0005,1.1234217345493358e-05,,,,,
366,stage1_distill_to_baseline,366,1.1102143369232474e-05,0.0005,1.1102143369232474e-05,,,,,
367,stage1_distill_to_baseline,367,1.1785046082792514e-05,0.0005,1.1785046082792514e-05,,,,,
368,stage1_distill_to_baseline,368,1.3172748817608274e-05,0.0005,1.3172748817608274e-05,,,,,
369,stage1_distill_to_baseline,369,1.3579410948112868e-05,0.0005,1.3579410948112868e-05,,,,,
370,stage1_distill_to_baseline,370,1.0224922325377787e-05,0.0005,1.0224922325377787e-05,,,,,
371,stage1_distill_to_baseline,371,1.1813432342655473e-05,0.0005,1.1813432342655473e-05,,,,,
372,stage1_distill_to_baseline,372,1.1660383679919741e-05,0.0005,1.1660383679919741e-05,,,,,
373,stage1_distill_to_baseline,373,1.1448078830443236e-05,0.0005,1.1448078830443236e-05,,,,,
374,stage1_distill_to_baseline,374,1.1659748140557305e-05,0.0005,1.1659748140557305e-05,,,,,
375,stage1_distill_to_baseline,375,1.0996048372150594e-05,0.0005,1.0996048372150594e-05,,,,,
376,stage1_distill_to_baseline,376,1.0602970623434177e-05,0.0005,1.0602970623434177e-05,,,,,
377,stage1_distill_to_baseline,377,1.0457106115355098e-05,0.0005,1.0457106115355098e-05,,,,,
378,stage1_distill_to_baseline,378,1.0589749459574e-05,0.0005,1.0589749459574e-05,,,,,
379,stage1_distill_to_baseline,379,1.0780978203428315e-05,0.0005,1.0780978203428315e-05,,,,,
380,stage1_distill_to_baseline,380,1.1115293626496328e-05,0.0005,1.1115293626496328e-05,,,,,
381,stage1_distill_to_baseline,381,1.1196541280981948e-05,0.0005,1.1196541280981948e-05,,,,,
382,stage1_distill_to_baseline,382,1.2337254270666294e-05,0.0005,1.2337254270666294e-05,,,,,
383,stage1_distill_to_baseline,383,1.0550173355532961e-05,0.0005,1.0550173355532961e-05,,,,,
384,stage1_distill_to_baseline,384,1.0242684666639265e-05,0.0005,1.0242684666639265e-05,,,,,
385,stage1_distill_to_baseline,385,1.1833150467513815e-05,0.0005,1.1833150467513815e-05,,,,,
386,stage1_distill_to_baseline,386,1.1253199120737514e-05,0.0005,1.1253199120737514e-05,,,,,
387,stage1_distill_to_baseline,387,1.3440424390944745e-05,0.0005,1.3440424390944745e-05,,,,,
388,stage1_distill_to_baseline,388,1.1237688659076312e-05,0.0005,1.1237688659076312e-05,,,,,
389,stage1_distill_to_baseline,389,1.1514317012084357e-05,0.0005,1.1514317012084357e-05,,,,,
390,stage1_distill_to_baseline,390,1.103257889995529e-05,0.0005,1.103257889995529e-05,,,,,
391,stage1_distill_to_baseline,391,9.763496591180635e-06,0.0005,9.763496591180635e-06,,,,,
392,stage1_distill_to_baseline,392,9.800628891783352e-06,0.0005,9.800628891783352e-06,,,,,
393,stage1_distill_to_baseline,393,1.024864164715862e-05,0.0005,1.024864164715862e-05,,,,,
394,stage1_distill_to_baseline,394,1.3534793682435891e-05,0.0005,1.3534793682435891e-05,,,,,
395,stage1_distill_to_baseline,395,1.2213110465486584e-05,0.0005,1.2213110465486584e-05,,,,,
396,stage1_distill_to_baseline,396,1.1142236250442064e-05,0.0005,1.1142236250442064e-05,,,,,
397,stage1_distill_to_baseline,397,1.0214877144750317e-05,0.0005,1.0214877144750317e-05,,,,,
398,stage1_distill_to_baseline,398,1.1162562561865702e-05,0.0005,1.1162562561865702e-05,,,,,
399,stage1_distill_to_baseline,399,1.1870243585584872e-05,0.0005,1.1870243585584872e-05,,,,,
400,stage1_distill_to_baseline,400,1.336679183975493e-05,0.0005,1.336679183975493e-05,,,,,
401,stage1_distill_to_baseline,401,1.2546244778645734e-05,0.0005,1.2546244778645734e-05,,,,,
402,stage1_distill_to_baseline,402,1.0350037264081963e-05,0.0005,1.0350037264081963e-05,,,,,
403,stage1_distill_to_baseline,403,1.219908580911112e-05,0.0005,1.219908580911112e-05,,,,,
404,stage1_distill_to_baseline,404,1.1883469716306777e-05,0.0005,1.1883469716306777e-05,,,,,
405,stage1_distill_to_baseline,405,1.1627496322621557e-05,0.0005,1.1627496322621557e-05,,,,,
406,stage1_distill_to_baseline,406,1.135194873337173e-05,0.0005,1.135194873337173e-05,,,,,
407,stage1_distill_to_baseline,407,1.0193366589369524e-05,0.0005,1.0193366589369524e-05,,,,,
408,stage1_distill_to_baseline,408,1.0814790359220008e-05,0.0005,1.0814790359220008e-05,,,,,
409,stage1_distill_to_baseline,409,1.3291646178431277e-05,0.0005,1.3291646178431277e-05,,,,,
410,stage1_distill_to_baseline,410,1.1181476641594563e-05,0.0005,1.1181476641594563e-05,,,,,
411,stage1_distill_to_baseline,411,1.0464013113420821e-05,0.0005,1.0464013113420821e-05,,,,,
412,stage1_distill_to_baseline,412,1.0900639176111714e-05,0.0005,1.0900639176111714e-05,,,,,
413,stage1_distill_to_baseline,413,9.741322595665957e-06,0.0005,9.741322595665957e-06,,,,,
414,stage1_distill_to_baseline,414,1.2299753107756801e-05,0.0005,1.2299753107756801e-05,,,,,
415,stage1_distill_to_baseline,415,1.321084875506952e-05,0.0005,1.321084875506952e-05,,,,,
416,stage1_distill_to_baseline,416,1.1029415226412223e-05,0.0005,1.1029415226412223e-05,,,,,
417,stage1_distill_to_baseline,417,1.2475713197337201e-05,0.0005,1.2475713197337201e-05,,,,,
418,stage1_distill_to_baseline,418,1.1835510466421768e-05,0.0005,1.1835510466421768e-05,,,,,
419,stage1_distill_to_baseline,419,1.2037593232248786e-05,0.0005,1.2037593232248786e-05,,,,,
420,stage1_distill_to_baseline,420,1.1132231390638208e-05,0.0005,1.1132231390638208e-05,,,,,
421,stage1_distill_to_baseline,421,1.0873370006470787e-05,0.0005,1.0873370006470787e-05,,,,,
422,stage1_distill_to_baseline,422,1.161107077769862e-05,0.0005,1.161107077769862e-05,,,,,
423,stage1_distill_to_baseline,423,1.1346013132251294e-05,0.0005,1.1346013132251294e-05,,,,,
424,stage1_distill_to_baseline,424,1.0573046576061518e-05,0.0005,1.0573046576061518e-05,,,,,
425,stage1_distill_to_baseline,425,1.0844094587678323e-05,0.0005,1.0844094587678323e-05,,,,,
426,stage1_distill_to_baseline,426,1.0837118731232279e-05,0.0005,1.0837118731232279e-05,,,,,
427,stage1_distill_to_baseline,427,1.2860720674853641e-05,0.0005,1.2860720674853641e-05,,,,,
428,stage1_distill_to_baseline,428,1.1926522473004254e-05,0.0005,1.1926522473004254e-05,,,,,
429,stage1_distill_to_baseline,429,1.0899663243394532e-05,0.0005,1.0899663243394532e-05,,,,,
430,stage1_distill_to_baseline,430,1.0299777353429569e-05,0.0005,1.0299777353429569e-05,,,,,
431,stage1_distill_to_baseline,431,1.1689958456903422e-05,0.0005,1.1689958456903422e-05,,,,,
432,stage1_distill_to_baseline,432,1.2650397265022022e-05,0.0005,1.2650397265022022e-05,,,,,
433,stage1_distill_to_baseline,433,1.0353372455229074e-05,0.0005,1.0353372455229074e-05,,,,,
434,stage1_distill_to_baseline,434,1.0179396134506147e-05,0.0005,1.0179396134506147e-05,,,,,
435,stage1_distill_to_baseline,435,1.0146768648315582e-05,0.0005,1.0146768648315582e-05,,,,,
436,stage1_distill_to_baseline,436,1.1818129216449245e-05,0.0005,1.1818129216449245e-05,,,,,
437,stage1_distill_to_baseline,437,1.1288479400060732e-05,0.0005,1.1288479400060732e-05,,,,,
438,stage1_distill_to_baseline,438,1.2034481144487998e-05,0.0005,1.2034481144487998e-05,,,,,
439,stage1_distill_to_baseline,439,1.2630365627666992e-05,0.0005,1.2630365627666992e-05,,,,,
440,stage1_distill_to_baseline,440,1.174703776177124e-05,0.0005,1.174703776177124e-05,,,,,
441,stage1_distill_to_baseline,441,1.2701157824921834e-05,0.0005,1.2701157824921834e-05,,,,,
442,stage1_distill_to_baseline,442,1.2626297010867058e-05,0.0005,1.2626297010867058e-05,,,,,
443,stage1_distill_to_baseline,443,1.0750793918173018e-05,0.0005,1.0750793918173018e-05,,,,,
444,stage1_distill_to_baseline,444,1.1451566978789425e-05,0.0005,1.1451566978789425e-05,,,,,
445,stage1_distill_to_baseline,445,1.1806560655731644e-05,0.0005,1.1806560655731644e-05,,,,,
446,stage1_distill_to_baseline,446,1.1590226182218335e-05,0.0005,1.1590226182218335e-05,,,,,
447,stage1_distill_to_baseline,447,1.163541013695246e-05,0.0005,1.163541013695246e-05,,,,,
448,stage1_distill_to_baseline,448,1.192952682383019e-05,0.0005,1.192952682383019e-05,,,,,
449,stage1_distill_to_baseline,449,1.2309840558817964e-05,0.0005,1.2309840558817964e-05,,,,,
450,stage1_distill_to_baseline,450,1.2361579367073687e-05,0.0005,1.2361579367073687e-05,,,,,
451,stage1_distill_to_baseline,451,1.1748612453842516e-05,0.0005,1.1748612453842516e-05,,,,,
452,stage1_distill_to_baseline,452,1.225150123324134e-05,0.0005,1.225150123324134e-05,,,,,
453,stage1_distill_to_baseline,453,1.016948994414802e-05,0.0005,1.016948994414802e-05,,,,,
454,stage1_distill_to_baseline,454,1.1723295913503351e-05,0.0005,1.1723295913503351e-05,,,,,
455,stage1_distill_to_baseline,455,1.233930392581761e-05,0.0005,1.233930392581761e-05,,,,,
456,stage1_distill_to_baseline,456,1.1464262998034021e-05,0.0005,1.1464262998034021e-05,,,,,
457,stage1_distill_to_baseline,457,1.0889014789813553e-05,0.0005,1.0889014789813553e-05,,,,,
458,stage1_distill_to_baseline,458,1.1073016094057504e-05,0.0005,1.1073016094057504e-05,,,,,
459,stage1_distill_to_baseline,459,1.155368967383445e-05,0.0005,1.155368967383445e-05,,,,,
460,stage1_distill_to_baseline,460,1.1106324038369916e-05,0.0005,1.1106324038369916e-05,,,,,
461,stage1_distill_to_baseline,461,9.989634101420425e-06,0.0005,9.989634101420425e-06,,,,,
462,stage1_distill_to_baseline,462,1.0737063215115135e-05,0.0005,1.0737063215115135e-05,,,,,
463,stage1_distill_to_baseline,463,1.0800124356181966e-05,0.0005,1.0800124356181966e-05,,,,,
464,stage1_distill_to_baseline,464,1.0222074040056856e-05,0.0005,1.0222074040056856e-05,,,,,
465,stage1_distill_to_baseline,465,1.2702897237654038e-05,0.0005,1.2702897237654038e-05,,,,,
466,stage1_distill_to_baseline,466,1.0286940117018761e-05,0.0005,1.0286940117018761e-05,,,,,
467,stage1_distill_to_baseline,467,1.0743824080802756e-05,0.0005,1.0743824080802756e-05,,,,,
468,stage1_distill_to_baseline,468,1.0489220875496279e-05,0.0005,1.0489220875496279e-05,,,,,
469,stage1_distill_to_baseline,469,1.2310201608036894e-05,0.0005,1.2310201608036894e-05,,,,,
470,stage1_distill_to_baseline,470,1.2384660858966292e-05,0.0005,1.2384660858966292e-05,,,,,
471,stage1_distill_to_baseline,471,1.2306428404117332e-05,0.0005,1.2306428404117332e-05,,,,,
472,stage1_distill_to_baseline,472,1.3537170369512547e-05,0.0005,1.3537170369512547e-05,,,,,
473,stage1_distill_to_baseline,473,1.078305886844546e-05,0.0005,1.078305886844546e-05,,,,,
474,stage1_distill_to_baseline,474,1.3007730742394623e-05,0.0005,1.3007730742394623e-05,,,,,
475,stage1_distill_to_baseline,475,1.3222954172873864e-05,0.0005,1.3222954172873864e-05,,,,,
476,stage1_distill_to_baseline,476,1.0682847904115311e-05,0.0005,1.0682847904115311e-05,,,,,
477,stage1_distill_to_baseline,477,1.0694296484351026e-05,0.0005,1.0694296484351026e-05,,,,,
478,stage1_distill_to_baseline,478,1.0468079911045807e-05,0.0005,1.0468079911045807e-05,,,,,
479,stage1_distill_to_baseline,479,1.1216202546232606e-05,0.0005,1.1216202546232606e-05,,,,,
480,stage1_distill_to_baseline,480,1.209147594581679e-05,0.0005,1.209147594581679e-05,,,,,
481,stage1_distill_to_baseline,481,1.1254024859677157e-05,0.0005,1.1254024859677157e-05,,,,,
482,stage1_distill_to_baseline,482,1.0285842336635654e-05,0.0005,1.0285842336635654e-05,,,,,
483,stage1_distill_to_baseline,483,9.892365163795245e-06,0.0005,9.892365163795245e-06,,,,,
484,stage1_distill_to_baseline,484,1.2238980140631428e-05,0.0005,1.2238980140631428e-05,,,,,
485,stage1_distill_to_baseline,485,1.1348475109397842e-05,0.0005,1.1348475109397842e-05,,,,,
486,stage1_distill_to_baseline,486,1.0607222921346782e-05,0.0005,1.0607222921346782e-05,,,,,
487,stage1_distill_to_baseline,487,1.2313975669832744e-05,0.0005,1.2313975669832744e-05,,,,,
488,stage1_distill_to_baseline,488,1.0134769961434032e-05,0.0005,1.0134769961434032e-05,,,,,
489,stage1_distill_to_baseline,489,1.0969339662406646e-05,0.0005,1.0969339662406646e-05,,,,,
490,stage1_distill_to_baseline,490,1.1557148529260956e-05,0.0005,1.1557148529260956e-05,,,,,
491,stage1_distill_to_baseline,491,9.814395968559124e-06,0.0005,9.814395968559124e-06,,,,,
492,stage1_distill_to_baseline,492,1.0146625632881211e-05,0.0005,1.0146625632881211e-05,,,,,
493,stage1_distill_to_baseline,493,1.11823559040992e-05,0.0005,1.11823559040992e-05,,,,,
494,stage1_distill_to_baseline,494,1.198657438252397e-05,0.0005,1.198657438252397e-05,,,,,
495,stage1_distill_to_baseline,495,1.2079477765241649e-05,0.0005,1.2079477765241649e-05,,,,,
496,stage1_distill_to_baseline,496,1.1003616937740108e-05,0.0005,1.1003616937740108e-05,,,,,
497,stage1_distill_to_baseline,497,1.0563061037990008e-05,0.0005,1.0563061037990008e-05,,,,,
498,stage1_distill_to_baseline,498,1.0707962325994114e-05,0.0005,1.0707962325994114e-05,,,,,
499,stage1_distill_to_baseline,499,1.1739934830285248e-05,0.0005,1.1739934830285248e-05,,,,,
500,stage1_distill_to_baseline,500,1.1894027952295133e-05,0.0005,1.1894027952295133e-05,,,,,
501,stage1_distill_to_baseline,501,1.1648727226203011e-05,0.0005,1.1648727226203011e-05,,,,,
502,stage1_distill_to_baseline,502,1.093354313963835e-05,0.0005,1.093354313963835e-05,,,,,
503,stage1_distill_to_baseline,503,1.1601413180745344e-05,0.0005,1.1601413180745344e-05,,,,,
504,stage1_distill_to_baseline,504,1.17288878446208e-05,0.0005,1.17288878446208e-05,,,,,
505,stage1_distill_to_baseline,505,1.0992681612201305e-05,0.0005,1.0992681612201305e-05,,,,,
506,stage1_distill_to_baseline,506,1.076538090226855e-05,0.0005,1.076538090226855e-05,,,,,
507,stage1_distill_to_baseline,507,1.1184644584986634e-05,0.0005,1.1184644584986634e-05,,,,,
508,stage1_distill_to_baseline,508,9.784760949727107e-06,0.0005,9.784760949727107e-06,,,,,
509,stage1_distill_to_baseline,509,1.1861333157447712e-05,0.0005,1.1861333157447712e-05,,,,,
510,stage1_distill_to_baseline,510,1.1158102680300047e-05,0.0005,1.1158102680300047e-05,,,,,
511,stage1_distill_to_baseline,511,1.2957148952379658e-05,0.0005,1.2957148952379658e-05,,,,,
512,stage1_distill_to_baseline,512,1.3352528737281978e-05,0.0005,1.3352528737281978e-05,,,,,
513,stage1_distill_to_baseline,513,1.2846428742079281e-05,0.0005,1.2846428742079281e-05,,,,,
514,stage1_distill_to_baseline,514,1.1024932678793879e-05,0.0005,1.1024932678793879e-05,,,,,
515,stage1_distill_to_baseline,515,1.173595466899615e-05,0.0005,1.173595466899615e-05,,,,,
516,stage1_distill_to_baseline,516,1.2056577726064074e-05,0.0005,1.2056577726064074e-05,,,,,
517,stage1_distill_to_baseline,517,1.0445030968758945e-05,0.0005,1.0445030968758945e-05,,,,,
518,stage1_distill_to_baseline,518,9.864719816176812e-06,0.0005,9.864719816176812e-06,,,,,
519,stage1_distill_to_baseline,519,1.1876688774190099e-05,0.0005,1.1876688774190099e-05,,,,,
520,stage1_distill_to_baseline,520,1.0968488470050084e-05,0.0005,1.0968488470050084e-05,,,,,
521,stage1_distill_to_baseline,521,1.1471360478553968e-05,0.0005,1.1471360478553968e-05,,,,,
522,stage1_distill_to_baseline,522,1.1829453310270078e-05,0.0005,1.1829453310270078e-05,,,,,
523,stage1_distill_to_baseline,523,1.1457557064012214e-05,0.0005,1.1457557064012214e-05,,,,,
524,stage1_distill_to_baseline,524,1.2117459813048313e-05,0.0005,1.2117459813048313e-05,,,,,
525,stage1_distill_to_baseline,525,1.2229346681902584e-05,0.0005,1.2229346681902584e-05,,,,,
526,stage1_distill_to_baseline,526,1.1739453882757182e-05,0.0005,1.1739453882757182e-05,,,,,
527,stage1_distill_to_baseline,527,1.0316258147187553e-05,0.0005,1.0316258147187553e-05,,,,,
528,stage1_distill_to_baseline,528,9.95178437889684e-06,0.0005,9.95178437889684e-06,,,,,
529,stage1_distill_to_baseline,529,1.2399921517927923e-05,0.0005,1.2399921517927923e-05,,,,,
530,stage1_distill_to_baseline,530,1.0993502173443326e-05,0.0005,1.0993502173443326e-05,,,,,
531,stage1_distill_to_baseline,531,1.1394987773254204e-05,0.0005,1.1394987773254204e-05,,,,,
532,stage1_distill_to_baseline,532,8.79823347922448e-06,0.0005,8.79823347922448e-06,,,,,
533,stage1_distill_to_baseline,533,1.0352988165319392e-05,0.0005,1.0352988165319392e-05,,,,,
534,stage1_distill_to_baseline,534,1.1513273098099229e-05,0.0005,1.1513273098099229e-05,,,,,
535,stage1_distill_to_baseline,535,1.0675148611013075e-05,0.0005,1.0675148611013075e-05,,,,,
536,stage1_distill_to_baseline,536,1.2301716383263379e-05,0.0005,1.2301716383263379e-05,,,,,
537,stage1_distill_to_baseline,537,1.1231433697651683e-05,0.0005,1.1231433697651683e-05,,,,,
538,stage1_distill_to_baseline,538,1.1980454133120724e-05,0.0005,1.1980454133120724e-05,,,,,
539,stage1_distill_to_baseline,539,1.2108500055837175e-05,0.0005,1.2108500055837175e-05,,,,,
540,stage1_distill_to_baseline,540,9.648596701313187e-06,0.0005,9.648596701313187e-06,,,,,
541,stage1_distill_to_baseline,541,1.06394480053155e-05,0.0005,1.06394480053155e-05,,,,,
542,stage1_distill_to_baseline,542,1.1401509742900391e-05,0.0005,1.1401509742900391e-05,,,,,
543,stage1_distill_to_baseline,543,1.1732652497496239e-05,0.0005,1.1732652497496239e-05,,,,,
544,stage1_distill_to_baseline,544,1.2662760697558545e-05,0.0005,1.2662760697558545e-05,,,,,
545,stage1_distill_to_baseline,545,1.014283186325753e-05,0.0005,1.014283186325753e-05,,,,,
546,stage1_distill_to_baseline,546,1.1352608230776121e-05,0.0005,1.1352608230776121e-05,,,,,
547,stage1_distill_to_baseline,547,1.1535175322530135e-05,0.0005,1.1535175322530135e-05,,,,,
548,stage1_distill_to_baseline,548,1.2032607683776242e-05,0.0005,1.2032607683776242e-05,,,,,
549,stage1_distill_to_baseline,549,1.0994231436063619e-05,0.0005,1.0994231436063619e-05,,,,,
550,stage1_distill_to_baseline,550,1.089106283529954e-05,0.0005,1.089106283529954e-05,,,,,
551,stage1_distill_to_baseline,551,9.82408196744598e-06,0.0005,9.82408196744598e-06,,,,,
552,stage1_distill_to_baseline,552,1.2205563872333318e-05,0.0005,1.2205563872333318e-05,,,,,
553,stage1_distill_to_baseline,553,1.0859126070363762e-05,0.0005,1.0859126070363762e-05,,,,,
554,stage1_distill_to_baseline,554,1.1462057859169002e-05,0.0005,1.1462057859169002e-05,,,,,
555,stage1_distill_to_baseline,555,9.975846007370689e-06,0.0005,9.975846007370689e-06,,,,,
556,stage1_distill_to_baseline,556,1.018144384080098e-05,0.0005,1.018144384080098e-05,,,,,
557,stage1_distill_to_baseline,557,1.1642681893128603e-05,0.0005,1.1642681893128603e-05,,,,,
558,stage1_distill_to_baseline,558,1.2219422979578883e-05,0.0005,1.2219422979578883e-05,,,,,
559,stage1_distill_to_baseline,559,1.1681486733494284e-05,0.0005,1.1681486733494284e-05,,,,,
560,stage1_distill_to_baseline,560,1.0712852096535341e-05,0.0005,1.0712852096535341e-05,,,,,
561,stage1_distill_to_baseline,561,1.1304787487781397e-05,0.0005,1.1304787487781397e-05,,,,,
562,stage1_distill_to_baseline,562,1.0161402339585921e-05,0.0005,1.0161402339585921e-05,,,,,
563,stage1_distill_to_baseline,563,1.0227692267593558e-05,0.0005,1.0227692267593558e-05,,,,,
564,stage1_distill_to_baseline,564,1.0137697991850063e-05,0.0005,1.0137697991850063e-05,,,,,
565,stage1_distill_to_baseline,565,9.67818362544274e-06,0.0005,9.67818362544274e-06,,,,,
566,stage1_distill_to_baseline,566,1.0201820810190794e-05,0.0005,1.0201820810190794e-05,,,,,
567,stage1_distill_to_baseline,567,1.0635930819200806e-05,0.0005,1.0635930819200806e-05,,,,,
568,stage1_distill_to_baseline,568,1.0835749051401347e-05,0.0005,1.0835749051401347e-05,,,,,
569,stage1_distill_to_baseline,569,9.239860640994851e-06,0.0005,9.239860640994851e-06,,,,,
570,stage1_distill_to_baseline,570,1.0319490832049166e-05,0.0005,1.0319490832049166e-05,,,,,
571,stage1_distill_to_baseline,571,1.1333135656659718e-05,0.0005,1.1333135656659718e-05,,,,,
572,stage1_distill_to_baseline,572,1.2649195344538241e-05,0.0005,1.2649195344538241e-05,,,,,
573,stage1_distill_to_baseline,573,1.1796171597404924e-05,0.0005,1.1796171597404924e-05,,,,,
574,stage1_distill_to_baseline,574,1.167252749446421e-05,0.0005,1.167252749446421e-05,,,,,
575,stage1_distill_to_baseline,575,1.1977066950547866e-05,0.0005,1.1977066950547866e-05,,,,,
576,stage1_distill_to_baseline,576,1.1008422931164059e-05,0.0005,1.1008422931164059e-05,,,,,
577,stage1_distill_to_baseline,577,1.1129226944651864e-05,0.0005,1.1129226944651864e-05,,,,,
578,stage1_distill_to_baseline,578,1.1009048466296956e-05,0.0005,1.1009048466296956e-05,,,,,
579,stage1_distill_to_baseline,579,1.2375002279236949e-05,0.0005,1.2375002279236949e-05,,,,,
580,stage1_distill_to_baseline,580,1.0300536161639024e-05,0.0005,1.0300536161639024e-05,,,,,
581,stage1_distill_to_baseline,581,1.2463295260957867e-05,0.0005,1.2463295260957867e-05,,,,,
582,stage1_distill_to_baseline,582,1.1833854675729712e-05,0.0005,1.1833854675729712e-05,,,,,
583,stage1_distill_to_baseline,583,9.982817615371195e-06,0.0005,9.982817615371195e-06,,,,,
584,stage1_distill_to_baseline,584,1.0875978096840849e-05,0.0005,1.0875978096840849e-05,,,,,
585,stage1_distill_to_baseline,585,1.0265167419337275e-05,0.0005,1.0265167419337275e-05,,,,,
586,stage1_distill_to_baseline,586,1.1120950335347463e-05,0.0005,1.1120950335347463e-05,,,,,
587,stage1_distill_to_baseline,587,1.115384322713817e-05,0.0005,1.115384322713817e-05,,,,,
588,stage1_distill_to_baseline,588,1.2974726514215837e-05,0.0005,1.2974726514215837e-05,,,,,
589,stage1_distill_to_baseline,589,1.1907581028389724e-05,0.0005,1.1907581028389724e-05,,,,,
590,stage1_distill_to_baseline,590,1.2354312540282423e-05,0.0005,1.2354312540282423e-05,,,,,
591,stage1_distill_to_baseline,591,1.0895750451646636e-05,0.0005,1.0895750451646636e-05,,,,,
592,stage1_distill_to_baseline,592,1.1411853524250229e-05,0.0005,1.1411853524250229e-05,,,,,
593,stage1_distill_to_baseline,593,9.214320835867968e-06,0.0005,9.214320835867968e-06,,,,,
594,stage1_distill_to_baseline,594,1.144304122169823e-05,0.0005,1.144304122169823e-05,,,,,
595,stage1_distill_to_baseline,595,1.107136869921907e-05,0.0005,1.107136869921907e-05,,,,,
596,stage1_distill_to_baseline,596,1.0464528888521598e-05,0.0005,1.0464528888521598e-05,,,,,
597,stage1_distill_to_baseline,597,1.1228724956736294e-05,0.0005,1.1228724956736294e-05,,,,,
598,stage1_distill_to_baseline,598,1.067617998111887e-05,0.0005,1.067617998111887e-05,,,,,
599,stage1_distill_to_baseline,599,1.1958002862628594e-05,0.0005,1.1958002862628594e-05,,,,,
600,stage1_distill_to_baseline,600,1.2090053724422022e-05,0.0005,1.2090053724422022e-05,,,,,
601,stage1_distill_to_baseline,601,8.971532964456028e-06,0.0005,8.971532964456028e-06,,,,,
602,stage1_distill_to_baseline,602,1.0852933981109179e-05,0.0005,1.0852933981109179e-05,,,,,
603,stage1_distill_to_baseline,603,1.0820902207715264e-05,0.0005,1.0820902207715264e-05,,,,,
604,stage1_distill_to_baseline,604,1.2662307285800554e-05,0.0005,1.2662307285800554e-05,,,,,
605,stage1_distill_to_baseline,605,1.0179961055055043e-05,0.0005,1.0179961055055043e-05,,,,,
606,stage1_distill_to_baseline,606,1.1334635095196966e-05,0.0005,1.1334635095196966e-05,,,,,
607,stage1_distill_to_baseline,607,1.1922247275987989e-05,0.0005,1.1922247275987989e-05,,,,,
608,stage1_distill_to_baseline,608,1.1270617954667956e-05,0.0005,1.1270617954667956e-05,,,,,
609,stage1_distill_to_baseline,609,1.0263093116690966e-05,0.0005,1.0263093116690966e-05,,,,,
610,stage1_distill_to_baseline,610,1.1673315349530341e-05,0.0005,1.1673315349530341e-05,,,,,
611,stage1_distill_to_baseline,611,9.620874542670814e-06,0.0005,9.620874542670814e-06,,,,,
612,stage1_distill_to_baseline,612,1.133038062194816e-05,0.0005,1.133038062194816e-05,,,,,
613,stage1_distill_to_baseline,613,1.1122714477634928e-05,0.0005,1.1122714477634928e-05,,,,,
614,stage1_distill_to_baseline,614,1.1524956910104234e-05,0.0005,1.1524956910104234e-05,,,,,
615,stage1_distill_to_baseline,615,1.4044613031621463e-05,0.0005,1.4044613031621463e-05,,,,,
616,stage1_distill_to_baseline,616,1.0544231372523201e-05,0.0005,1.0544231372523201e-05,,,,,
617,stage1_distill_to_baseline,617,1.3336757934451223e-05,0.0005,1.3336757934451223e-05,,,,,
618,stage1_distill_to_baseline,618,1.2325818224489986e-05,0.0005,1.2325818224489986e-05,,,,,
619,stage1_distill_to_baseline,619,1.0474489258333403e-05,0.0005,1.0474489258333403e-05,,,,,
620,stage1_distill_to_baseline,620,1.0860862207133985e-05,0.0005,1.0860862207133985e-05,,,,,
621,stage1_distill_to_baseline,621,1.2728245795008496e-05,0.0005,1.2728245795008496e-05,,,,,
622,stage1_distill_to_baseline,622,1.0085508146208165e-05,0.0005,1.0085508146208165e-05,,,,,
623,stage1_distill_to_baseline,623,9.541870844239088e-06,0.0005,9.541870844239088e-06,,,,,
624,stage1_distill_to_baseline,624,1.0508163757670793e-05,0.0005,1.0508163757670793e-05,,,,,
625,stage1_distill_to_baseline,625,1.1164738937945907e-05,0.0005,1.1164738937945907e-05,,,,,
626,stage1_distill_to_baseline,626,1.2283054507766079e-05,0.0005,1.2283054507766079e-05,,,,,
627,stage1_distill_to_baseline,627,1.0338280360820143e-05,0.0005,1.0338280360820143e-05,,,,,
628,stage1_distill_to_baseline,628,1.061887038233291e-05,0.0005,1.061887038233291e-05,,,,,
629,stage1_distill_to_baseline,629,1.390218899069315e-05,0.0005,1.390218899069315e-05,,,,,
630,stage1_distill_to_baseline,630,1.30868737533007e-05,0.0005,1.30868737533007e-05,,,,,
631,stage1_distill_to_baseline,631,1.23043027667262e-05,0.0005,1.23043027667262e-05,,,,,
632,stage1_distill_to_baseline,632,9.781575440672516e-06,0.0005,9.781575440672516e-06,,,,,
633,stage1_distill_to_baseline,633,1.0849694937821963e-05,0.0005,1.0849694937821963e-05,,,,,
634,stage1_distill_to_baseline,634,1.1324336515613483e-05,0.0005,1.1324336515613483e-05,,,,,
635,stage1_distill_to_baseline,635,1.1436859809624804e-05,0.0005,1.1436859809624804e-05,,,,,
636,stage1_distill_to_baseline,636,1.1644136119165206e-05,0.0005,1.1644136119165206e-05,,,,,
637,stage1_distill_to_baseline,637,1.2360081230954238e-05,0.0005,1.2360081230954238e-05,,,,,
638,stage1_distill_to_baseline,638,1.218404256311388e-05,0.0005,1.218404256311388e-05,,,,,
639,stage1_distill_to_baseline,639,1.3321639734706837e-05,0.0005,1.3321639734706837e-05,,,,,
640,stage1_distill_to_baseline,640,1.004830435416364e-05,0.0005,1.004830435416364e-05,,,,,
641,stage1_distill_to_baseline,641,1.1452693352012775e-05,0.0005,1.1452693352012775e-05,,,,,
642,stage1_distill_to_baseline,642,1.1428350477116805e-05,0.0005,1.1428350477116805e-05,,,,,
643,stage1_distill_to_baseline,643,1.1186234406934046e-05,0.0005,1.1186234406934046e-05,,,,,
644,stage1_distill_to_baseline,644,1.0384300158147914e-05,0.0005,1.0384300158147914e-05,,,,,
645,stage1_distill_to_baseline,645,1.0232572026363983e-05,0.0005,1.0232572026363983e-05,,,,,
646,stage1_distill_to_baseline,646,1.2458109180299287e-05,0.0005,1.2458109180299287e-05,,,,,
647,stage1_distill_to_baseline,647,1.072081664450083e-05,0.0005,1.072081664450083e-05,,,,,
648,stage1_distill_to_baseline,648,1.1786984785433171e-05,0.0005,1.1786984785433171e-05,,,,,
649,stage1_distill_to_baseline,649,1.2118512084486113e-05,0.0005,1.2118512084486113e-05,,,,,
650,stage1_distill_to_baseline,650,1.0463331472943902e-05,0.0005,1.0463331472943902e-05,,,,,
651,stage1_distill_to_baseline,651,9.61077261366572e-06,0.0005,9.61077261366572e-06,,,,,
652,stage1_distill_to_baseline,652,9.117487485469713e-06,0.0005,9.117487485469713e-06,,,,,
653,stage1_distill_to_baseline,653,1.1594919454654423e-05,0.0005,1.1594919454654423e-05,,,,,
654,stage1_distill_to_baseline,654,1.0893715157396426e-05,0.0005,1.0893715157396426e-05,,,,,
655,stage1_distill_to_baseline,655,1.1031297956364825e-05,0.0005,1.1031297956364825e-05,,,,,
656,stage1_distill_to_baseline,656,1.0977634126568055e-05,0.0005,1.0977634126568055e-05,,,,,
657,stage1_distill_to_baseline,657,1.0344342046089594e-05,0.0005,1.0344342046089594e-05,,,,,
658,stage1_distill_to_baseline,658,9.730151281056242e-06,0.0005,9.730151281056242e-06,,,,,
659,stage1_distill_to_baseline,659,1.1185025814486515e-05,0.0005,1.1185025814486515e-05,,,,,
660,stage1_distill_to_baseline,660,1.0964105684898284e-05,0.0005,1.0964105684898284e-05,,,,,
661,stage1_distill_to_baseline,661,1.225284185064797e-05,0.0005,1.225284185064797e-05,,,,,
662,stage1_distill_to_baseline,662,1.1388483575938383e-05,0.0005,1.1388483575938383e-05,,,,,
663,stage1_distill_to_baseline,663,1.0724717611616315e-05,0.0005,1.0724717611616315e-05,,,,,
664,stage1_distill_to_baseline,664,1.0688886543646203e-05,0.0005,1.0688886543646203e-05,,,,,
665,stage1_distill_to_baseline,665,1.0792843537874738e-05,0.0005,1.0792843537874738e-05,,,,,
666,stage1_distill_to_baseline,666,1.0158326690313495e-05,0.0005,1.0158326690313495e-05,,,,,
667,stage1_distill_to_baseline,667,1.0721618951801163e-05,0.0005,1.0721618951801163e-05,,,,,
668,stage1_distill_to_baseline,668,1.038437718374051e-05,0.0005,1.038437718374051e-05,,,,,
669,stage1_distill_to_baseline,669,1.0834568880298447e-05,0.0005,1.0834568880298447e-05,,,,,
670,stage1_distill_to_baseline,670,1.121171821547089e-05,0.0005,1.121171821547089e-05,,,,,
671,stage1_distill_to_baseline,671,9.821875523125556e-06,0.0005,9.821875523125556e-06,,,,,
672,stage1_distill_to_baseline,672,1.1000373469162175e-05,0.0005,1.1000373469162175e-05,,,,,
673,stage1_distill_to_baseline,673,1.0674876455581444e-05,0.0005,1.0674876455581444e-05,,,,,
674,stage1_distill_to_baseline,674,1.1326999502632635e-05,0.0005,1.1326999502632635e-05,,,,,
675,stage1_distill_to_baseline,675,1.0438876511527778e-05,0.0005,1.0438876511527778e-05,,,,,
676,stage1_distill_to_baseline,676,1.0398377805228154e-05,0.0005,1.0398377805228154e-05,,,,,
677,stage1_distill_to_baseline,677,1.11879185363823e-05,0.0005,1.11879185363823e-05,,,,,
678,stage1_distill_to_baseline,678,1.1714500683794839e-05,0.0005,1.1714500683794839e-05,,,,,
679,stage1_distill_to_baseline,679,1.2740395975351472e-05,0.0005,1.2740395975351472e-05,,,,,
680,stage1_distill_to_baseline,680,1.0665684852482101e-05,0.0005,1.0665684852482101e-05,,,,,
681,stage1_distill_to_baseline,681,1.0060303243221092e-05,0.0005,1.0060303243221092e-05,,,,,
682,stage1_distill_to_baseline,682,1.2167690642164573e-05,0.0005,1.2167690642164573e-05,,,,,
683,stage1_distill_to_baseline,683,9.961710406443554e-06,0.0005,9.961710406443554e-06,,,,,
684,stage1_distill_to_baseline,684,9.176202784346432e-06,0.0005,9.176202784346432e-06,,,,,
685,stage1_distill_to_baseline,685,9.074800998301258e-06,0.0005,9.074800998301258e-06,,,,,
686,stage1_distill_to_baseline,686,1.0572851778050763e-05,0.0005,1.0572851778050763e-05,,,,,
687,stage1_distill_to_baseline,687,1.251367768510555e-05,0.0005,1.251367768510555e-05,,,,,
688,stage1_distill_to_baseline,688,1.068371933578095e-05,0.0005,1.068371933578095e-05,,,,,
689,stage1_distill_to_baseline,689,1.0867492217298092e-05,0.0005,1.0867492217298092e-05,,,,,
690,stage1_distill_to_baseline,690,1.1018146976004857e-05,0.0005,1.1018146976004857e-05,,,,,
691,stage1_distill_to_baseline,691,1.0717655029725399e-05,0.0005,1.0717655029725399e-05,,,,,
692,stage1_distill_to_baseline,692,1.1288441079790279e-05,0.0005,1.1288441079790279e-05,,,,,
693,stage1_distill_to_baseline,693,1.1530623284047851e-05,0.0005,1.1530623284047851e-05,,,,,
694,stage1_distill_to_baseline,694,1.0594326826318061e-05,0.0005,1.0594326826318061e-05,,,,,
695,stage1_distill_to_baseline,695,1.1888256418293176e-05,0.0005,1.1888256418293176e-05,,,,,
696,stage1_distill_to_baseline,696,9.965602515099035e-06,0.0005,9.965602515099035e-06,,,,,
697,stage1_distill_to_baseline,697,1.1254731978317988e-05,0.0005,1.1254731978317988e-05,,,,,
698,stage1_distill_to_baseline,698,1.1243045696186602e-05,0.0005,1.1243045696186602e-05,,,,,
699,stage1_distill_to_baseline,699,1.0915308702779464e-05,0.0005,1.0915308702779464e-05,,,,,
700,stage1_distill_to_baseline,700,1.027741512455468e-05,0.0005,1.027741512455468e-05,,,,,
701,stage1_distill_to_baseline,701,1.0070412625280014e-05,0.0005,1.0070412625280014e-05,,,,,
702,stage1_distill_to_baseline,702,1.0920763201479276e-05,0.0005,1.0920763201479276e-05,,,,,
703,stage1_distill_to_baseline,703,1.4128747133883604e-05,0.0005,1.4128747133883604e-05,,,,,
704,stage1_distill_to_baseline,704,1.0510807741606006e-05,0.0005,1.0510807741606006e-05,,,,,
705,stage1_distill_to_baseline,705,1.0545218543765133e-05,0.0005,1.0545218543765133e-05,,,,,
706,stage1_distill_to_baseline,706,1.0009187363381136e-05,0.0005,1.0009187363381136e-05,,,,,
707,stage1_distill_to_baseline,707,9.997355053224039e-06,0.0005,9.997355053224039e-06,,,,,
708,stage1_distill_to_baseline,708,8.966111107471187e-06,0.0005,8.966111107471187e-06,,,,,
709,stage1_distill_to_baseline,709,1.2180773316361268e-05,0.0005,1.2180773316361268e-05,,,,,
710,stage1_distill_to_baseline,710,9.015168158093547e-06,0.0005,9.015168158093547e-06,,,,,
711,stage1_distill_to_baseline,711,1.1138440259661248e-05,0.0005,1.1138440259661248e-05,,,,,
712,stage1_distill_to_baseline,712,1.0518128995451893e-05,0.0005,1.0518128995451893e-05,,,,,
713,stage1_distill_to_baseline,713,9.37299385515699e-06,0.0005,9.37299385515699e-06,,,,,
714,stage1_distill_to_baseline,714,1.104060591543282e-05,0.0005,1.104060591543282e-05,,,,,
715,stage1_distill_to_baseline,715,1.1299874102255165e-05,0.0005,1.1299874102255165e-05,,,,,
716,stage1_distill_to_baseline,716,1.2297804527870184e-05,0.0005,1.2297804527870184e-05,,,,,
717,stage1_distill_to_baseline,717,1.1181471556679997e-05,0.0005,1.1181471556679997e-05,,,,,
718,stage1_distill_to_baseline,718,1.182314918042643e-05,0.0005,1.182314918042643e-05,,,,,
719,stage1_distill_to_baseline,719,1.1116755855201942e-05,0.0005,1.1116755855201942e-05,,,,,
720,stage1_distill_to_baseline,720,9.419751770487444e-06,0.0005,9.419751770487444e-06,,,,,
721,stage1_distill_to_baseline,721,1.0299006317029312e-05,0.0005,1.0299006317029312e-05,,,,,
722,stage1_distill_to_baseline,722,1.043709833457621e-05,0.0005,1.043709833457621e-05,,,,,
723,stage1_distill_to_baseline,723,1.139334594024561e-05,0.0005,1.139334594024561e-05,,,,,
724,stage1_distill_to_baseline,724,1.1947634128075102e-05,0.0005,1.1947634128075102e-05,,,,,
725,stage1_distill_to_baseline,725,1.1465823161926974e-05,0.0005,1.1465823161926974e-05,,,,,
726,stage1_distill_to_baseline,726,1.1903698797185652e-05,0.0005,1.1903698797185652e-05,,,,,
727,stage1_distill_to_baseline,727,1.2686393258180357e-05,0.0005,1.2686393258180357e-05,,,,,
728,stage1_distill_to_baseline,728,1.1429814140919816e-05,0.0005,1.1429814140919816e-05,,,,,
729,stage1_distill_to_baseline,729,1.2031135165158472e-05,0.0005,1.2031135165158472e-05,,,,,
730,stage1_distill_to_baseline,730,1.2898353313911552e-05,0.0005,1.2898353313911552e-05,,,,,
731,stage1_distill_to_baseline,731,1.1949626832755142e-05,0.0005,1.1949626832755142e-05,,,,,
732,stage1_distill_to_baseline,732,1.0827411274902528e-05,0.0005,1.0827411274902528e-05,,,,,
733,stage1_distill_to_baseline,733,9.442043312192947e-06,0.0005,9.442043312192947e-06,,,,,
734,stage1_distill_to_baseline,734,1.2131793241977295e-05,0.0005,1.2131793241977295e-05,,,,,
735,stage1_distill_to_baseline,735,9.045576246609155e-06,0.0005,9.045576246609155e-06,,,,,
736,stage1_distill_to_baseline,736,1.0618852751413759e-05,0.0005,1.0618852751413759e-05,,,,,
737,stage1_distill_to_baseline,737,1.2700778722713713e-05,0.0005,1.2700778722713713e-05,,,,,
738,stage1_distill_to_baseline,738,1.1183518174280176e-05,0.0005,1.1183518174280176e-05,,,,,
739,stage1_distill_to_baseline,739,9.637876112422926e-06,0.0005,9.637876112422926e-06,,,,,
740,stage1_distill_to_baseline,740,1.1234018425712156e-05,0.0005,1.1234018425712156e-05,,,,,
741,stage1_distill_to_baseline,741,1.0854265474961597e-05,0.0005,1.0854265474961597e-05,,,,,
742,stage1_distill_to_baseline,742,1.1715193228461025e-05,0.0005,1.1715193228461025e-05,,,,,
743,stage1_distill_to_baseline,743,8.45250053770481e-06,0.0005,8.45250053770481e-06,,,,,
744,stage1_distill_to_baseline,744,1.1462209091497132e-05,0.0005,1.1462209091497132e-05,,,,,
745,stage1_distill_to_baseline,745,1.0100168117975516e-05,0.0005,1.0100168117975516e-05,,,,,
746,stage1_distill_to_baseline,746,1.1375635827734476e-05,0.0005,1.1375635827734476e-05,,,,,
747,stage1_distill_to_baseline,747,9.35087473773633e-06,0.0005,9.35087473773633e-06,,,,,
748,stage1_distill_to_baseline,748,1.1180397370205642e-05,0.0005,1.1180397370205642e-05,,,,,
749,stage1_distill_to_baseline,749,1.0880525541700416e-05,0.0005,1.0880525541700416e-05,,,,,
750,stage1_distill_to_baseline,750,1.12256252505272e-05,0.0005,1.12256252505272e-05,,,,,
751,stage1_distill_to_baseline,751,1.12905372775559e-05,0.0005,1.12905372775559e-05,,,,,
752,stage1_distill_to_baseline,752,1.0663274069742617e-05,0.0005,1.0663274069742617e-05,,,,,
753,stage1_distill_to_baseline,753,1.0405417537104996e-05,0.0005,1.0405417537104996e-05,,,,,
754,stage1_distill_to_baseline,754,1.0793971534548122e-05,0.0005,1.0793971534548122e-05,,,,,
755,stage1_distill_to_baseline,755,1.1574387999540996e-05,0.0005,1.1574387999540996e-05,,,,,
756,stage1_distill_to_baseline,756,1.0514307212307054e-05,0.0005,1.0514307212307054e-05,,,,,
757,stage1_distill_to_baseline,757,1.0376022367546258e-05,0.0005,1.0376022367546258e-05,,,,,
758,stage1_distill_to_baseline,758,1.0947339196951402e-05,0.0005,1.0947339196951402e-05,,,,,
759,stage1_distill_to_baseline,759,1.0764373105179097e-05,0.0005,1.0764373105179097e-05,,,,,
760,stage1_distill_to_baseline,760,1.0999631308119924e-05,0.0005,1.0999631308119924e-05,,,,,
761,stage1_distill_to_baseline,761,1.0130752706200116e-05,0.0005,1.0130752706200116e-05,,,,,
762,stage1_distill_to_baseline,762,9.757014325807854e-06,0.0005,9.757014325807854e-06,,,,,
763,stage1_distill_to_baseline,763,1.0057764339130795e-05,0.0005,1.0057764339130795e-05,,,,,
764,stage1_distill_to_baseline,764,1.0856346417917764e-05,0.0005,1.0856346417917764e-05,,,,,
765,stage1_distill_to_baseline,765,1.1902905066775088e-05,0.0005,1.1902905066775088e-05,,,,,
766,stage1_distill_to_baseline,766,1.151243920283332e-05,0.0005,1.151243920283332e-05,,,,,
767,stage1_distill_to_baseline,767,9.428337946667715e-06,0.0005,9.428337946667715e-06,,,,,
768,stage1_distill_to_baseline,768,1.1605041767066446e-05,0.0005,1.1605041767066446e-05,,,,,
769,stage1_distill_to_baseline,769,1.062172309919366e-05,0.0005,1.062172309919366e-05,,,,,
770,stage1_distill_to_baseline,770,1.0406785886052895e-05,0.0005,1.0406785886052895e-05,,,,,
771,stage1_distill_to_baseline,771,1.0140566013322235e-05,0.0005,1.0140566013322235e-05,,,,,
772,stage1_distill_to_baseline,772,1.056312290552819e-05,0.0005,1.056312290552819e-05,,,,,
773,stage1_distill_to_baseline,773,9.050676507667051e-06,0.0005,9.050676507667051e-06,,,,,
774,stage1_distill_to_baseline,774,1.0027380709830361e-05,0.0005,1.0027380709830361e-05,,,,,
775,stage1_distill_to_baseline,775,1.1450390475699887e-05,0.0005,1.1450390475699887e-05,,,,,
776,stage1_distill_to_baseline,776,9.146241541202114e-06,0.0005,9.146241541202114e-06,,,,,
777,stage1_distill_to_baseline,777,1.1156640110299956e-05,0.0005,1.1156640110299956e-05,,,,,
778,stage1_distill_to_baseline,778,9.390068907232412e-06,0.0005,9.390068907232412e-06,,,,,
779,stage1_distill_to_baseline,779,1.140253604507917e-05,0.0005,1.140253604507917e-05,,,,,
780,stage1_distill_to_baseline,780,1.1079309742154751e-05,0.0005,1.1079309742154751e-05,,,,,
781,stage1_distill_to_baseline,781,1.1955972841474264e-05,0.0005,1.1955972841474264e-05,,,,,
782,stage1_distill_to_baseline,782,1.152492988895039e-05,0.0005,1.152492988895039e-05,,,,,
783,stage1_distill_to_baseline,783,1.0635106320176586e-05,0.0005,1.0635106320176586e-05,,,,,
784,stage1_distill_to_baseline,784,1.1148850072858865e-05,0.0005,1.1148850072858865e-05,,,,,
785,stage1_distill_to_baseline,785,1.2676549904343546e-05,0.0005,1.2676549904343546e-05,,,,,
786,stage1_distill_to_baseline,786,1.2340407650463079e-05,0.0005,1.2340407650463079e-05,,,,,
787,stage1_distill_to_baseline,787,1.0756405313169303e-05,0.0005,1.0756405313169303e-05,,,,,
788,stage1_distill_to_baseline,788,1.1118217287145985e-05,0.0005,1.1118217287145985e-05,,,,,
789,stage1_distill_to_baseline,789,1.1370794760791153e-05,0.0005,1.1370794760791153e-05,,,,,
790,stage1_distill_to_baseline,790,1.1942454576035934e-05,0.0005,1.1942454576035934e-05,,,,,
791,stage1_distill_to_baseline,791,1.0389864780431167e-05,0.0005,1.0389864780431167e-05,,,,,
792,stage1_distill_to_baseline,792,1.1301859180437361e-05,0.0005,1.1301859180437361e-05,,,,,
793,stage1_distill_to_baseline,793,1.1705353559846213e-05,0.0005,1.1705353559846213e-05,,,,,
794,stage1_distill_to_baseline,794,1.1409496331269441e-05,0.0005,1.1409496331269441e-05,,,,,
795,stage1_distill_to_baseline,795,1.0198810292490941e-05,0.0005,1.0198810292490941e-05,,,,,
796,stage1_distill_to_baseline,796,9.655376721061794e-06,0.0005,9.655376721061794e-06,,,,,
797,stage1_distill_to_baseline,797,1.0356250871589013e-05,0.0005,1.0356250871589013e-05,,,,,
798,stage1_distill_to_baseline,798,1.1233665455478911e-05,0.0005,1.1233665455478911e-05,,,,,
799,stage1_distill_to_baseline,799,9.45883481238791e-06,0.0005,9.45883481238791e-06,,,,,
800,stage1_distill_to_baseline,800,9.219239776067143e-06,0.0005,9.219239776067143e-06,,,,,
801,stage1_distill_to_baseline,801,9.275138969196734e-06,0.0005,9.275138969196734e-06,,,,,
802,stage1_distill_to_baseline,802,1.0449778631968979e-05,0.0005,1.0449778631968979e-05,,,,,
803,stage1_distill_to_baseline,803,1.090652667339083e-05,0.0005,1.090652667339083e-05,,,,,
804,stage1_distill_to_baseline,804,1.1344759641500313e-05,0.0005,1.1344759641500313e-05,,,,,
805,stage1_distill_to_baseline,805,9.663270701282135e-06,0.0005,9.663270701282135e-06,,,,,
806,stage1_distill_to_baseline,806,1.0254467888270302e-05,0.0005,1.0254467888270302e-05,,,,,
807,stage1_distill_to_baseline,807,1.0778870323314035e-05,0.0005,1.0778870323314035e-05,,,,,
808,stage1_distill_to_baseline,808,1.1028714752075112e-05,0.0005,1.1028714752075112e-05,,,,,
809,stage1_distill_to_baseline,809,1.1829673065148881e-05,0.0005,1.1829673065148881e-05,,,,,
810,stage1_distill_to_baseline,810,1.0847322952124678e-05,0.0005,1.0847322952124678e-05,,,,,
811,stage1_distill_to_baseline,811,1.154949469856504e-05,0.0005,1.154949469856504e-05,,,,,
812,stage1_distill_to_baseline,812,1.1391989836087237e-05,0.0005,1.1391989836087237e-05,,,,,
813,stage1_distill_to_baseline,813,1.1916465324081078e-05,0.0005,1.1916465324081078e-05,,,,,
814,stage1_distill_to_baseline,814,1.0061776385757537e-05,0.0005,1.0061776385757537e-05,,,,,
815,stage1_distill_to_baseline,815,1.0759013101045297e-05,0.0005,1.0759013101045297e-05,,,,,
816,stage1_distill_to_baseline,816,1.0541363853044278e-05,0.0005,1.0541363853044278e-05,,,,,
817,stage1_distill_to_baseline,817,9.784218284983018e-06,0.0005,9.784218284983018e-06,,,,,
818,stage1_distill_to_baseline,818,9.957135310376855e-06,0.0005,9.957135310376855e-06,,,,,
819,stage1_distill_to_baseline,819,1.1915111639844649e-05,0.0005,1.1915111639844649e-05,,,,,
820,stage1_distill_to_baseline,820,1.1874131593474524e-05,0.0005,1.1874131593474524e-05,,,,,
821,stage1_distill_to_baseline,821,1.0545551192130017e-05,0.0005,1.0545551192130017e-05,,,,,
822,stage1_distill_to_baseline,822,1.1299077670446207e-05,0.0005,1.1299077670446207e-05,,,,,
823,stage1_distill_to_baseline,823,1.1629317382689312e-05,0.0005,1.1629317382689312e-05,,,,,
824,stage1_distill_to_baseline,824,1.0834243761313673e-05,0.0005,1.0834243761313673e-05,,,,,
825,stage1_distill_to_baseline,825,1.0313933327285145e-05,0.0005,1.0313933327285145e-05,,,,,
826,stage1_distill_to_baseline,826,1.1194343202482833e-05,0.0005,1.1194343202482833e-05,,,,,
827,stage1_distill_to_baseline,827,1.1595878480199658e-05,0.0005,1.1595878480199658e-05,,,,,
828,stage1_distill_to_baseline,828,1.0698434114854122e-05,0.0005,1.0698434114854122e-05,,,,,
829,stage1_distill_to_baseline,829,1.1719743477165231e-05,0.0005,1.1719743477165231e-05,,,,,
830,stage1_distill_to_baseline,830,1.1495442835113127e-05,0.0005,1.1495442835113127e-05,,,,,
831,stage1_distill_to_baseline,831,1.0575188569573425e-05,0.0005,1.0575188569573425e-05,,,,,
832,stage1_distill_to_baseline,832,1.1008488592989342e-05,0.0005,1.1008488592989342e-05,,,,,
833,stage1_distill_to_baseline,833,1.0808838925167293e-05,0.0005,1.0808838925167293e-05,,,,,
834,stage1_distill_to_baseline,834,9.483157029451807e-06,0.0005,9.483157029451807e-06,,,,,
835,stage1_distill_to_baseline,835,1.254771126322979e-05,0.0005,1.254771126322979e-05,,,,,
836,stage1_distill_to_baseline,836,1.1065215895523e-05,0.0005,1.1065215895523e-05,,,,,
837,stage1_distill_to_baseline,837,9.781908131880621e-06,0.0005,9.781908131880621e-06,,,,,
838,stage1_distill_to_baseline,838,9.996235868347115e-06,0.0005,9.996235868347115e-06,,,,,
839,stage1_distill_to_baseline,839,1.0380615390894824e-05,0.0005,1.0380615390894824e-05,,,,,
840,stage1_distill_to_baseline,840,1.0749086671928333e-05,0.0005,1.0749086671928333e-05,,,,,
841,stage1_distill_to_baseline,841,1.0611569166977577e-05,0.0005,1.0611569166977577e-05,,,,,
842,stage1_distill_to_baseline,842,1.0759084902604754e-05,0.0005,1.0759084902604754e-05,,,,,
843,stage1_distill_to_baseline,843,9.28133735356644e-06,0.0005,9.28133735356644e-06,,,,,
844,stage1_distill_to_baseline,844,1.0778403538725897e-05,0.0005,1.0778403538725897e-05,,,,,
845,stage1_distill_to_baseline,845,1.0310685091626398e-05,0.0005,1.0310685091626398e-05,,,,,
846,stage1_distill_to_baseline,846,9.84104144907661e-06,0.0005,9.84104144907661e-06,,,,,
847,stage1_distill_to_baseline,847,9.502011765604936e-06,0.0005,9.502011765604936e-06,,,,,
848,stage1_distill_to_baseline,848,1.0630243012543744e-05,0.0005,1.0630243012543744e-05,,,,,
849,stage1_distill_to_baseline,849,1.1246922339048968e-05,0.0005,1.1246922339048968e-05,,,,,
850,stage1_distill_to_baseline,850,1.1386695893325195e-05,0.0005,1.1386695893325195e-05,,,,,
851,stage1_distill_to_baseline,851,1.0657504824105004e-05,0.0005,1.0657504824105004e-05,,,,,
852,stage1_distill_to_baseline,852,1.1972490596188035e-05,0.0005,1.1972490596188035e-05,,,,,
853,stage1_distill_to_baseline,853,1.0637722563008843e-05,0.0005,1.0637722563008843e-05,,,,,
854,stage1_distill_to_baseline,854,9.04110945474726e-06,0.0005,9.04110945474726e-06,,,,,
855,stage1_distill_to_baseline,855,1.1556928177648184e-05,0.0005,1.1556928177648184e-05,,,,,
856,stage1_distill_to_baseline,856,1.1434235787967604e-05,0.0005,1.1434235787967604e-05,,,,,
857,stage1_distill_to_baseline,857,1.1678403743291057e-05,0.0005,1.1678403743291057e-05,,,,,
858,stage1_distill_to_baseline,858,9.101884436851308e-06,0.0005,9.101884436851308e-06,,,,,
859,stage1_distill_to_baseline,859,1.0823386008542495e-05,0.0005,1.0823386008542495e-05,,,,,
860,stage1_distill_to_baseline,860,9.401629002007811e-06,0.0005,9.401629002007811e-06,,,,,
861,stage1_distill_to_baseline,861,8.949792331484697e-06,0.0005,8.949792331484697e-06,,,,,
862,stage1_distill_to_baseline,862,1.0017552741992912e-05,0.0005,1.0017552741992912e-05,,,,,
863,stage1_distill_to_baseline,863,9.475632085006397e-06,0.0005,9.475632085006397e-06,,,,,
864,stage1_distill_to_baseline,864,9.896508437340425e-06,0.0005,9.896508437340425e-06,,,,,
865,stage1_distill_to_baseline,865,8.905039625141595e-06,0.0005,8.905039625141595e-06,,,,,
866,stage1_distill_to_baseline,866,1.2171404139713295e-05,0.0005,1.2171404139713295e-05,,,,,
867,stage1_distill_to_baseline,867,1.0509688004843403e-05,0.0005,1.0509688004843403e-05,,,,,
868,stage1_distill_to_baseline,868,9.254142574622206e-06,0.0005,9.254142574622206e-06,,,,,
869,stage1_distill_to_baseline,869,1.1475603251352396e-05,0.0005,1.1475603251352396e-05,,,,,
870,stage1_distill_to_baseline,870,1.0850776542275648e-05,0.0005,1.0850776542275648e-05,,,,,
871,stage1_distill_to_baseline,871,1.0071022894749789e-05,0.0005,1.0071022894749789e-05,,,,,
872,stage1_distill_to_baseline,872,9.72156715583614e-06,0.0005,9.72156715583614e-06,,,,,
873,stage1_distill_to_baseline,873,9.773198615593306e-06,0.0005,9.773198615593306e-06,,,,,
874,stage1_distill_to_baseline,874,9.74290312839816e-06,0.0005,9.74290312839816e-06,,,,,
875,stage1_distill_to_baseline,875,1.0932857159077816e-05,0.0005,1.0932857159077816e-05,,,,,
876,stage1_distill_to_baseline,876,1.0881538605076585e-05,0.0005,1.0881538605076585e-05,,,,,
877,stage1_distill_to_baseline,877,9.703808048309747e-06,0.0005,9.703808048309747e-06,,,,,
878,stage1_distill_to_baseline,878,1.0041781064998226e-05,0.0005,1.0041781064998226e-05,,,,,
879,stage1_distill_to_baseline,879,9.195869706607217e-06,0.0005,9.195869706607217e-06,,,,,
880,stage1_distill_to_baseline,880,1.0936687701215227e-05,0.0005,1.0936687701215227e-05,,,,,
881,stage1_distill_to_baseline,881,1.2589966475556008e-05,0.0005,1.2589966475556008e-05,,,,,
882,stage1_distill_to_baseline,882,9.683718686870782e-06,0.0005,9.683718686870782e-06,,,,,
883,stage1_distill_to_baseline,883,9.91469896555644e-06,0.0005,9.91469896555644e-06,,,,,
884,stage1_distill_to_baseline,884,1.1100388038700976e-05,0.0005,1.1100388038700976e-05,,,,,
885,stage1_distill_to_baseline,885,1.1284153107900264e-05,0.0005,1.1284153107900264e-05,,,,,
886,stage1_distill_to_baseline,886,1.1670061973393212e-05,0.0005,1.1670061973393212e-05,,,,,
887,stage1_distill_to_baseline,887,1.1446470201103729e-05,0.0005,1.1446470201103729e-05,,,,,
888,stage1_distill_to_baseline,888,1.0573930995846061e-05,0.0005,1.0573930995846061e-05,,,,,
889,stage1_distill_to_baseline,889,9.96265982286939e-06,0.0005,9.96265982286939e-06,,,,,
890,stage1_distill_to_baseline,890,9.930637193955245e-06,0.0005,9.930637193955245e-06,,,,,
891,stage1_distill_to_baseline,891,9.513401948073961e-06,0.0005,9.513401948073961e-06,,,,,
892,stage1_distill_to_baseline,892,1.0121920797395585e-05,0.0005,1.0121920797395585e-05,,,,,
893,stage1_distill_to_baseline,893,1.0648875664323638e-05,0.0005,1.0648875664323638e-05,,,,,
894,stage1_distill_to_baseline,894,1.1324558701781757e-05,0.0005,1.1324558701781757e-05,,,,,
895,stage1_distill_to_baseline,895,9.506750870804763e-06,0.0005,9.506750870804763e-06,,,,,
896,stage1_distill_to_baseline,896,1.0090903565597528e-05,0.0005,1.0090903565597528e-05,,,,,
897,stage1_distill_to_baseline,897,1.0738054805727822e-05,0.0005,1.0738054805727822e-05,,,,,
898,stage1_distill_to_baseline,898,1.1252075645796584e-05,0.0005,1.1252075645796584e-05,,,,,
899,stage1_distill_to_baseline,899,1.0718177533132433e-05,0.0005,1.0718177533132433e-05,,,,,
900,stage1_distill_to_baseline,900,1.0812344043875787e-05,0.0005,1.0812344043875787e-05,,,,,
901,stage1_distill_to_baseline,901,1.1303319363856913e-05,0.0005,1.1303319363856913e-05,,,,,
902,stage1_distill_to_baseline,902,9.384633986170342e-06,0.0005,9.384633986170342e-06,,,,,
903,stage1_distill_to_baseline,903,1.138624415075316e-05,0.0005,1.138624415075316e-05,,,,,
904,stage1_distill_to_baseline,904,9.317068420815896e-06,0.0005,9.317068420815896e-06,,,,,
905,stage1_distill_to_baseline,905,1.1160599452967484e-05,0.0005,1.1160599452967484e-05,,,,,
906,stage1_distill_to_baseline,906,1.040968964235923e-05,0.0005,1.040968964235923e-05,,,,,
907,stage1_distill_to_baseline,907,1.0112408529080167e-05,0.0005,1.0112408529080167e-05,,,,,
908,stage1_distill_to_baseline,908,9.26312490288186e-06,0.0005,9.26312490288186e-06,,,,,
909,stage1_distill_to_baseline,909,9.594619807223796e-06,0.0005,9.594619807223796e-06,,,,,
910,stage1_distill_to_baseline,910,9.695718681636778e-06,0.0005,9.695718681636778e-06,,,,,
911,stage1_distill_to_baseline,911,9.564183104295666e-06,0.0005,9.564183104295666e-06,,,,,
912,stage1_distill_to_baseline,912,9.060023547131162e-06,0.0005,9.060023547131162e-06,,,,,
913,stage1_distill_to_baseline,913,1.0701812018610465e-05,0.0005,1.0701812018610465e-05,,,,,
914,stage1_distill_to_baseline,914,9.53950154417143e-06,0.0005,9.53950154417143e-06,,,,,
915,stage1_distill_to_baseline,915,1.0514947468749031e-05,0.0005,1.0514947468749031e-05,,,,,
916,stage1_distill_to_baseline,916,9.381861581812272e-06,0.0005,9.381861581812272e-06,,,,,
917,stage1_distill_to_baseline,917,1.1457429383280715e-05,0.0005,1.1457429383280715e-05,,,,,
918,stage1_distill_to_baseline,918,1.0085867371895278e-05,0.0005,1.0085867371895278e-05,,,,,
919,stage1_distill_to_baseline,919,1.1219049670807163e-05,0.0005,1.1219049670807163e-05,,,,,
920,stage1_distill_to_baseline,920,1.083855162794613e-05,0.0005,1.083855162794613e-05,,,,,
921,stage1_distill_to_baseline,921,1.1156135344795395e-05,0.0005,1.1156135344795395e-05,,,,,
922,stage1_distill_to_baseline,922,1.0869157357926382e-05,0.0005,1.0869157357926382e-05,,,,,
923,stage1_distill_to_baseline,923,1.0915405290522876e-05,0.0005,1.0915405290522876e-05,,,,,
924,stage1_distill_to_baseline,924,9.822934939810147e-06,0.0005,9.822934939810147e-06,,,,,
925,stage1_distill_to_baseline,925,1.1213088590391092e-05,0.0005,1.1213088590391092e-05,,,,,
926,stage1_distill_to_baseline,926,1.1645746222242382e-05,0.0005,1.1645746222242382e-05,,,,,
927,stage1_distill_to_baseline,927,1.0124555591136364e-05,0.0005,1.0124555591136364e-05,,,,,
928,stage1_distill_to_baseline,928,8.943399427596113e-06,0.0005,8.943399427596113e-06,,,,,
929,stage1_distill_to_baseline,929,1.1750265396537135e-05,0.0005,1.1750265396537135e-05,,,,,
930,stage1_distill_to_baseline,930,9.620012350515605e-06,0.0005,9.620012350515605e-06,,,,,
931,stage1_distill_to_baseline,931,8.97855997256588e-06,0.0005,8.97855997256588e-06,,,,,
932,stage1_distill_to_baseline,932,9.942216254013956e-06,0.0005,9.942216254013956e-06,,,,,
933,stage1_distill_to_baseline,933,9.584487529839858e-06,0.0005,9.584487529839858e-06,,,,,
934,stage1_distill_to_baseline,934,9.510284576076264e-06,0.0005,9.510284576076264e-06,,,,,
935,stage1_distill_to_baseline,935,9.488821359805793e-06,0.0005,9.488821359805793e-06,,,,,
936,stage1_distill_to_baseline,936,8.374720528041448e-06,0.0005,8.374720528041448e-06,,,,,
937,stage1_distill_to_baseline,937,1.0082007900869415e-05,0.0005,1.0082007900869415e-05,,,,,
938,stage1_distill_to_baseline,938,9.56615404812707e-06,0.0005,9.56615404812707e-06,,,,,
939,stage1_distill_to_baseline,939,1.0875582270640747e-05,0.0005,1.0875582270640747e-05,,,,,
940,stage1_distill_to_baseline,940,1.0633704748355622e-05,0.0005,1.0633704748355622e-05,,,,,
941,stage1_distill_to_baseline,941,9.966796187607467e-06,0.0005,9.966796187607467e-06,,,,,
942,stage1_distill_to_baseline,942,1.0438623576367035e-05,0.0005,1.0438623576367035e-05,,,,,
943,stage1_distill_to_baseline,943,1.1497503607360717e-05,0.0005,1.1497503607360717e-05,,,,,
944,stage1_distill_to_baseline,944,8.949357858104988e-06,0.0005,8.949357858104988e-06,,,,,
945,stage1_distill_to_baseline,945,1.1472161126949214e-05,0.0005,1.1472161126949214e-05,,,,,
946,stage1_distill_to_baseline,946,1.0593874218911534e-05,0.0005,1.0593874218911534e-05,,,,,
947,stage1_distill_to_baseline,947,9.218169670226049e-06,0.0005,9.218169670226049e-06,,,,,
948,stage1_distill_to_baseline,948,1.0593961633332614e-05,0.0005,1.0593961633332614e-05,,,,,
949,stage1_distill_to_baseline,949,1.0988309937177693e-05,0.0005,1.0988309937177693e-05,,,,,
950,stage1_distill_to_baseline,950,9.758338073082553e-06,0.0005,9.758338073082553e-06,,,,,
951,stage1_distill_to_baseline,951,1.026642681434301e-05,0.0005,1.026642681434301e-05,,,,,
952,stage1_distill_to_baseline,952,9.88882084563679e-06,0.0005,9.88882084563679e-06,,,,,
953,stage1_distill_to_baseline,953,1.0885472992259514e-05,0.0005,1.0885472992259514e-05,,,,,
954,stage1_distill_to_baseline,954,1.2137833511899172e-05,0.0005,1.2137833511899172e-05,,,,,
955,stage1_distill_to_baseline,955,9.931801333394785e-06,0.0005,9.931801333394785e-06,,,,,
956,stage1_distill_to_baseline,956,8.5683075404656e-06,0.0005,8.5683075404656e-06,,,,,
957,stage1_distill_to_baseline,957,9.68977589148954e-06,0.0005,9.68977589148954e-06,,,,,
958,stage1_distill_to_baseline,958,9.209796955889336e-06,0.0005,9.209796955889336e-06,,,,,
959,stage1_distill_to_baseline,959,8.566116093895259e-06,0.0005,8.566116093895259e-06,,,,,
960,stage1_distill_to_baseline,960,1.2092713949329126e-05,0.0005,1.2092713949329126e-05,,,,,
961,stage1_distill_to_baseline,961,1.0254679014110117e-05,0.0005,1.0254679014110117e-05,,,,,
962,stage1_distill_to_baseline,962,1.0084492477383926e-05,0.0005,1.0084492477383926e-05,,,,,
963,stage1_distill_to_baseline,963,1.0491578683620457e-05,0.0005,1.0491578683620457e-05,,,,,
964,stage1_distill_to_baseline,964,9.153006133346769e-06,0.0005,9.153006133346769e-06,,,,,
965,stage1_distill_to_baseline,965,1.0919595076920167e-05,0.0005,1.0919595076920167e-05,,,,,
966,stage1_distill_to_baseline,966,1.099133851905285e-05,0.0005,1.099133851905285e-05,,,,,
967,stage1_distill_to_baseline,967,1.130879198757511e-05,0.0005,1.130879198757511e-05,,,,,
968,stage1_distill_to_baseline,968,9.96369157987921e-06,0.0005,9.96369157987921e-06,,,,,
969,stage1_distill_to_baseline,969,1.0764179901944101e-05,0.0005,1.0764179901944101e-05,,,,,
970,stage1_distill_to_baseline,970,9.116099171797583e-06,0.0005,9.116099171797583e-06,,,,,
971,stage1_distill_to_baseline,971,1.0071752418408952e-05,0.0005,1.0071752418408952e-05,,,,,
972,stage1_distill_to_baseline,972,9.73484270091531e-06,0.0005,9.73484270091531e-06,,,,,
973,stage1_distill_to_baseline,973,9.715409335426375e-06,0.0005,9.715409335426375e-06,,,,,
974,stage1_distill_to_baseline,974,1.0539157058243135e-05,0.0005,1.0539157058243135e-05,,,,,
975,stage1_distill_to_baseline,975,9.964970718328048e-06,0.0005,9.964970718328048e-06,,,,,
976,stage1_distill_to_baseline,976,9.915281183508598e-06,0.0005,9.915281183508598e-06,,,,,
977,stage1_distill_to_baseline,977,9.004144711769557e-06,0.0005,9.004144711769557e-06,,,,,
978,stage1_distill_to_baseline,978,1.0941773834900715e-05,0.0005,1.0941773834900715e-05,,,,,
979,stage1_distill_to_baseline,979,1.1322476628088178e-05,0.0005,1.1322476628088178e-05,,,,,
980,stage1_distill_to_baseline,980,1.0614150198673752e-05,0.0005,1.0614150198673752e-05,,,,,
981,stage1_distill_to_baseline,981,9.205966987250812e-06,0.0005,9.205966987250812e-06,,,,,
982,stage1_distill_to_baseline,982,9.164369767642502e-06,0.0005,9.164369767642502e-06,,,,,
983,stage1_distill_to_baseline,983,1.0952479496628868e-05,0.0005,1.0952479496628868e-05,,,,,
984,stage1_distill_to_baseline,984,9.346079934767962e-06,0.0005,9.346079934767962e-06,,,,,
985,stage1_distill_to_baseline,985,8.320267688324237e-06,0.0005,8.320267688324237e-06,,,,,
986,stage1_distill_to_baseline,986,9.72753794061848e-06,0.0005,9.72753794061848e-06,,,,,
987,stage1_distill_to_baseline,987,1.2063898210906228e-05,0.0005,1.2063898210906228e-05,,,,,
988,stage1_distill_to_baseline,988,1.0961130456715596e-05,0.0005,1.0961130456715596e-05,,,,,
989,stage1_distill_to_baseline,989,9.43848632991186e-06,0.0005,9.43848632991186e-06,,,,,
990,stage1_distill_to_baseline,990,1.0469476530915203e-05,0.0005,1.0469476530915203e-05,,,,,
991,stage1_distill_to_baseline,991,9.14726741831228e-06,0.0005,9.14726741831228e-06,,,,,
992,stage1_distill_to_baseline,992,1.0477579674668999e-05,0.0005,1.0477579674668999e-05,,,,,
993,stage1_distill_to_baseline,993,1.01945060142058e-05,0.0005,1.01945060142058e-05,,,,,
994,stage1_distill_to_baseline,994,9.7245597780374e-06,0.0005,9.7245597780374e-06,,,,,
995,stage1_distill_to_baseline,995,1.1232877127744797e-05,0.0005,1.1232877127744797e-05,,,,,
996,stage1_distill_to_baseline,996,1.0616093694332823e-05,0.0005,1.0616093694332823e-05,,,,,
997,stage1_distill_to_baseline,997,9.815335310224434e-06,0.0005,9.815335310224434e-06,,,,,
998,stage1_distill_to_baseline,998,1.0317875944504339e-05,0.0005,1.0317875944504339e-05,,,,,
999,stage1_distill_to_baseline,999,1.033136830203554e-05,0.0005,1.033136830203554e-05,,,,,
1000,stage1_distill_to_baseline,1000,1.087018689289801e-05,0.0005,1.087018689289801e-05,,,,,
1001,stage2_pde_terminal_interface,1,0.029376077135057358,0.0002,,0.02322995537195403,7.1898409840226325,9.521316201579845e-06,0.006136600443485906,3.415839204877429e-12
1002,stage2_pde_terminal_interface,2,0.03857249285068896,0.0002,,0.01835673252659603,6.411335082310749,1.2642246851116391e-05,0.02020311804475105,3.249075975568854e-11
1003,stage2_pde_terminal_interface,3,0.03777331604273916,0.0002,,0.01799948993430185,6.739825459728343,1.0627984122521695e-05,0.019763197566808454,5.575063324256434e-10
1004,stage2_pde_terminal_interface,4,0.03215287623361204,0.0002,,0.010388059481245491,5.811066534047746,9.668719019981348e-06,0.021755147660566538,3.727800305255637e-10
1005,stage2_pde_terminal_interface,5,0.038494178991563856,0.0002,,0.021110500245969714,6.749038260175558,1.0359257146012749e-05,0.017373319397392166,9.105596211053634e-11
1006,stage2_pde_terminal_interface,6,0.025286115831728545,0.0002,,0.01966094218735781,6.945847253079527,1.134482164541829e-05,0.005613828248731629,5.73993686836301e-10
1007,stage2_pde_terminal_interface,7,0.038471423395551756,0.0002,,0.028791019470235688,7.450686193470905,1.1397218721434105e-05,0.009669006680328432,2.6266207588003295e-11
1008,stage2_pde_terminal_interface,8,0.03201010470823679,0.0002,,0.018472959845811876,6.664727065726504,1.1202650891039775e-05,0.013525940743712009,1.4678218723436153e-09
1009,stage2_pde_terminal_interface,9,0.029902636494762967,0.0002,,0.008386586963437574,6.0550480766357255,1.089629655585589e-05,0.021505153234748095,2.1439648521082328e-14
1010,stage2_pde_terminal_interface,10,0.02508323209940264,0.0002,,0.01164943950234687,5.506505426612166,8.918348010768655e-06,0.013424839882479021,3.4366565978864185e-08
1011,stage2_pde_terminal_interface,11,0.020033247393599428,0.0002,,0.010647880669902946,5.124664193816254,5.750243143672611e-06,0.009379602436263066,1.4044289745193155e-08
1012,stage2_pde_terminal_interface,12,0.03121766745304808,0.0002,,0.008455300462068457,5.553049210857833,1.3061707657651537e-05,0.022749299062325718,6.220996253079982e-09
1013,stage2_pde_terminal_interface,13,0.03026662051326537,0.0002,,0.010399796211322702,4.888038338234881,9.473068061711238e-06,0.019857313986408845,3.724747211108938e-08
1014,stage2_pde_terminal_interface,14,0.03552100196676381,0.0002,,0.009127487991838615,5.24438795064575,1.2589613238275517e-05,0.02638092435651781,5.169115712856941e-12
1015,stage2_pde_terminal_interface,15,0.010807821560505484,0.0002,,0.006626647223542807,5.436534215518821,1.0670992050717107e-05,0.004170503344911961,8.401738479338409e-30
1016,stage2_pde_terminal_interface,16,0.02345638575198923,0.0002,,0.00907709982456899,5.578333847533831,8.279470417652697e-06,0.01437100644927887,7.723717800957902e-12
1017,stage2_pde_terminal_interface,17,0.01368710371112906,0.0002,,0.008454097149347275,4.685310439770773,9.542256925760016e-06,0.005223463524456985,7.803990382107338e-10
1018,stage2_pde_terminal_interface,18,0.01501338732157198,0.0002,,0.009389479301485275,5.773753475357711,9.034534214945569e-06,0.005614873485871758,1.3541694921472752e-35
1019,stage2_pde_terminal_interface,19,0.010393674388289668,0.0002,,0.006785416395212525,5.185643848114817,1.2997629628593938e-05,0.0035952603625786644,8.698853236638634e-13
1020,stage2_pde_terminal_interface,20,0.01566567255234877,0.0002,,0.009753373302549162,5.875615015782977,1.5128848241345424e-05,0.005897167168237154,3.233321105876818e-09
1021,stage2_pde_terminal_interface,21,0.016239501144482797,0.0002,,0.007291707790172228,4.830332958598983,5.6063060850112435e-06,0.008942187048225532,2.8679280726247676e-17
1022,stage2_pde_terminal_interface,22,0.013492703436835398,0.0002,,0.007225277429943726,5.69978138412537,1.0706895745881976e-05,0.006256719020294806,9.08509855858672e-11
1023,stage2_pde_terminal_interface,23,0.010798989564842234,0.0002,,0.007360447062939525,4.946752815469643,9.513894879653442e-06,0.003429028604226359,2.796696847370497e-12
1024,stage2_pde_terminal_interface,24,0.014286195301447275,0.0002,,0.005986258554080946,4.224060923547193,1.1917200612627486e-05,0.0082880195467537,8.939324593203963e-37
1025,stage2_pde_terminal_interface,25,0.014307743458047723,0.0002,,0.006931792414867204,6.081002047436899,8.571193071347548e-06,0.007367245202183173,1.3464792599808427e-07
1026,stage2_pde_terminal_interface,26,0.012349889875836217,0.0002,,0.006956412145330977,5.953951119362819,1.206703048198963e-05,0.005381410036162738,6.638605128364129e-10
1027,stage2_pde_terminal_interface,27,0.03516154405816445,0.0002,,0.005565550596805412,4.799972681667258,9.173936333758007e-06,0.029586819419434935,1.0559034373292193e-10
1028,stage2_pde_terminal_interface,28,0.014469845001948766,0.0002,,0.00611535346371745,6.458662223370994,1.0818160558414227e-05,0.008343673377670658,2.24485906431778e-15
1029,stage2_pde_terminal_interface,29,0.01601702475127041,0.0002,,0.006122947768482163,4.811312438303203,1.018326910299095e-05,0.009883876444271772,1.7269413487325514e-08
1030,stage2_pde_terminal_interface,30,0.011017814010617168,0.0002,,0.006293419649017638,4.734321277043835,1.1185583536036456e-05,0.004713208404757898,3.7330559406258196e-10
1031,stage2_pde_terminal_interface,31,0.008828670777095187,0.0002,,0.005555145996841767,5.039396935496496,9.198144604010175e-06,0.003264326635644932,4.4776019965987265e-15
1032,stage2_pde_terminal_interface,32,0.015932325312791,0.0002,,0.0059318854858675185,5.253695697332198,6.278669755567809e-06,0.009994161104344722,5.282318941918297e-11
1033,stage2_pde_terminal_interface,33,0.021800586416768332,0.0002,,0.006345876930502049,5.154221366373982,8.339925525418367e-06,0.015446369560740782,8.298663734585127e-17
1034,stage2_pde_terminal_interface,34,0.02459744309365577,0.0002,,0.005772180354297529,4.594041957866513,9.055143801853646e-06,0.01881620759555557,8.165174281704568e-16
1035,stage2_pde_terminal_interface,35,0.015281966392828946,0.0002,,0.004991554300395062,4.936624561276649,8.992597078636612e-06,0.010281419495353156,2.0907362178311705e-15
1036,stage2_pde_terminal_interface,36,0.010984594975402117,0.0002,,0.0060873731567928115,4.849993602484582,1.0333340881080112e-05,0.004886888477728224,1.2806854272806008e-18
1037,stage2_pde_terminal_interface,37,0.01028963765044835,0.0002,,0.005665765722837302,4.334049545180316,1.1153289337417218e-05,0.0046127117252029465,6.91307068435452e-09
1038,stage2_pde_terminal_interface,38,0.03023650827828392,0.0002,,0.005876018141771826,5.018353002734323,1.0186796205320935e-05,0.024350246683941135,5.665636563710636e-08
1039,stage2_pde_terminal_interface,39,0.008674723844920325,0.0002,,0.004423599387972033,4.80309452907443,9.232844648682191e-06,0.004241890909962755,7.023368536402986e-10
1040,stage2_pde_terminal_interface,40,0.009637804789554826,0.0002,,0.005539104056135051,5.11686738348026,1.1784821088222473e-05,0.004086915912199447,1.3210519102814334e-13
1041,stage2_pde_terminal_interface,41,0.011245553869248153,0.0002,,0.005883841642816509,4.411855515654156,1.000454358160119e-05,0.0053517076426677045,4.0182338084173036e-11
1042,stage2_pde_terminal_interface,42,0.021366027472501135,0.0002,,0.005479137045418119,5.156973812003133,9.127639756959566e-06,0.015877762787326045,1.113541978273528e-17
1043,stage2_pde_terminal_interface,43,0.01145849753407545,0.0002,,0.006322186113655346,5.801381694132248,1.1265527148573531e-05,0.005125045893271516,1.599593749742737e-17
1044,stage2_pde_terminal_interface,44,0.012633503767165285,0.0002,,0.006821704974874436,4.689116994537386,1.393261147447773e-05,0.005797858520032503,7.660783870468189e-09
1045,stage2_pde_terminal_interface,45,0.010097164868945662,0.0002,,0.005335030978287791,4.727342057662087,1.258787209185237e-05,0.004749543984530507,2.0340355117769806e-09
1046,stage2_pde_terminal_interface,46,0.007941583861330339,0.0002,,0.004129442350662453,4.1055639354031745,9.270011100593536e-06,0.0038028714995672936,3.527176459639808e-20
1047,stage2_pde_terminal_interface,47,0.00982899842656221,0.0002,,0.0032808165838427807,3.803106816805788,7.192048038312869e-06,0.00654098408295594,5.71172517527444e-09
1048,stage2_pde_terminal_interface,48,0.008750170847698751,0.0002,,0.0038987877640619087,4.567665047280617,9.975886054631618e-06,0.0048414071975356725,4.653814278087964e-14
1049,stage2_pde_terminal_interface,49,0.010545445084070876,0.0002,,0.003785359157155658,4.57316356464217,1.0485566598240928e-05,0.00674960036010332,2.136571408544076e-13
1050,stage2_pde_terminal_interface,50,0.007287949878569167,0.0002,,0.003563373367600039,3.7039336537154606,1.1390226485876126e-05,0.0037131862844832523,4.486814254258251e-23
1051,stage2_pde_terminal_interface,51,0.005239671520800909,0.0002,,0.0028446121208265856,3.6535478663678296,9.037845965708912e-06,0.002386021553857438,1.5117615603602184e-13
1052,stage2_pde_terminal_interface,52,0.007848381864539709,0.0002,,0.0034121493170559064,4.406996035062329,9.180266835039389e-06,0.004427052280423414,2.2534811499590435e-13
1053,stage2_pde_terminal_interface,53,0.0058550337488542286,0.0002,,0.0029395532812378482,3.7762903547467745,9.814870069247997e-06,0.0029055264199667557,1.391775803765591e-07
1054,stage2_pde_terminal_interface,54,0.0065541790003631525,0.0002,,0.0032801734710321624,4.395718286580636,6.084348388498814e-06,0.003267921176412135,4.5303561635444e-12
1055,stage2_pde_terminal_interface,55,0.00631861262522025,0.0002,,0.003190379472619375,3.477410641146057,8.719493753302539e-06,0.0031194823489004756,3.130994709708173e-08
1056,stage2_pde_terminal_interface,56,0.007397585330708776,0.0002,,0.003647867178253731,4.017781468313713,1.0993823884271405e-05,0.0037387240728919396,2.5567883430465163e-10
1057,stage2_pde_terminal_interface,57,0.007157864799037764,0.0002,,0.003202128224567999,4.120532570565219,8.692080028840621e-06,0.003947043069798147,1.4246427771237184e-09
1058,stage2_pde_terminal_interface,58,0.01593389919572869,0.0002,,0.0029787167724447754,3.49644065292138,6.786177566532254e-06,0.012948396245717385,3.097476242379439e-27
1059,stage2_pde_terminal_interface,59,0.012575697105667454,0.0002,,0.002297608678283441,3.6062254837166705,1.2291754532629629e-05,0.01026579039048856,6.2823628223716864e-09
1060,stage2_pde_terminal_interface,60,0.006632698865972229,0.0002,,0.003758498259229485,4.3744923326392815,8.773946068162002e-06,0.0028654266606745523,2.944759084676369e-17
1061,stage2_pde_terminal_interface,61,0.006444161243618924,0.0002,,0.002688404762206314,4.187990213530803,9.919706716330621e-06,0.003745836587527294,1.8716898530400683e-10
1062,stage2_pde_terminal_interface,62,0.005922576071899442,0.0002,,0.003295372730938285,4.3293517116669,1.0051684847920238e-05,0.0026171516488579637,7.255272754941729e-12
1063,stage2_pde_terminal_interface,63,0.006019324302345933,0.0002,,0.002778381985855687,4.71476897096119,1.1589678692549642e-05,0.003229352637173328,6.243692599504976e-13
1064,stage2_pde_terminal_interface,64,0.007739746343625748,0.0002,,0.0028567221318029877,4.3212376354342314,1.075623424465984e-05,0.0048722679775781005,1.2032109014119943e-19
1065,stage2_pde_terminal_interface,65,0.005561603797742378,0.0002,,0.0024317077514830103,4.0428849049591475,1.2212906165559817e-05,0.003117682847314286,2.9277952170738467e-10
1066,stage2_pde_terminal_interface,66,0.007328484883426105,0.0002,,0.0020396643698035797,3.1913532625332977,9.681964771332816e-06,0.005279138548851193,5.053666667763905e-20
1067,stage2_pde_terminal_interface,67,0.0062632579992709094,0.0002,,0.0026118679347148146,3.914836377762275,1.1833281598222672e-05,0.0036395560669245245,7.160333484127245e-10
1068,stage2_pde_terminal_interface,68,0.0061949743865243045,0.0002,,0.0032032776526482757,3.6332634316928285,7.709770576950466e-06,0.0029839868997982126,6.350086597603829e-11
1069,stage2_pde_terminal_interface,69,0.005905248645606186,0.0002,,0.002792034730625703,3.8722634029927177,9.738690031612586e-06,0.0031034752249488574,1.2680000006105774e-17
1070,stage2_pde_terminal_interface,70,0.006162469613445321,0.0002,,0.002607922183948035,4.215399408079655,1.3878750268868437e-05,0.0035406686792284173,2.4515119967334183e-20
1071,stage2_pde_terminal_interface,71,0.008441529942220218,0.0002,,0.0027412144241101156,3.6333598702268635,8.449672557969013e-06,0.005691862769907827,3.0756443059946975e-09
1072,stage2_pde_terminal_interface,72,0.006381891909144906,0.0002,,0.0026403601702943732,3.504748070713244,1.0025838688729508e-05,0.003731505898755626,1.406177487022078e-12
1073,stage2_pde_terminal_interface,73,0.004489786286740218,0.0002,,0.002269917371289318,4.027699748067066,8.074877440804899e-06,0.002211794038000377,9.718865410893275e-15
1074,stage2_pde_terminal_interface,74,0.005035466964055029,0.0002,,0.0020680868445403762,3.3231576146296575,1.1632125777909416e-05,0.0029557479629136753,3.082306820984508e-11
1075,stage2_pde_terminal_interface,75,0.007701111579686437,0.0002,,0.00256762108806991,4.346823834055869,1.1924645275266745e-05,0.005121565767807557,7.85337032760064e-11
1076,stage2_pde_terminal_interface,76,0.005014121273755237,0.0002,,0.002519312557721546,3.03206499789307,8.514816626287896e-06,0.002486293899407391,1.1777722072107971e-17
1077,stage2_pde_terminal_interface,77,0.004824382776788311,0.0002,,0.0026654596676199734,3.6467387982240003,9.989099816386463e-06,0.0021489340092953712,5.657942964059465e-14
1078,stage2_pde_terminal_interface,78,0.0043528270383792235,0.0002,,0.0021311551004191474,3.180183074090751,7.521266625063362e-06,0.0022139552515544553,1.9541978055754497e-07
1079,stage2_pde_terminal_interface,79,0.006730595021046246,0.0002,,0.0019530571350761562,4.210382171273418,1.0892273194773161e-05,0.004766643416483537,2.196291779363179e-09
1080,stage2_pde_terminal_interface,80,0.005262776212550885,0.0002,,0.00220708468205028,3.1993188083505912,7.783292557211678e-06,0.0030479082379433926,5.8041352488964945e-22
1081,stage2_pde_terminal_interface,81,0.004927683505493721,0.0002,,0.0018686941214296562,3.0850553638598215,8.783539646525488e-06,0.0030502056833917914,1.610257485620016e-10
1082,stage2_pde_terminal_interface,82,0.009096744745676283,0.0002,,0.0024093937198615984,3.7514440747425044,1.1728147856932637e-05,0.006675619679971769,3.1979859834122746e-09
1083,stage2_pde_terminal_interface,83,0.00534177255872551,0.0002,,0.001876341248244221,3.125649351713871,1.1134323059130756e-05,0.003454296987076195,3.4596254806822336e-13
1084,stage2_pde_terminal_interface,84,0.00978049029969071,0.0002,,0.001753389334132163,2.92440316306823,9.186049351959813e-06,0.008017914916192328,1.425887362316396e-14
1085,stage2_pde_terminal_interface,85,0.005307525751125416,0.0002,,0.002170153229501997,3.7243109355175337,7.782334546458439e-06,0.003129590170811794,1.6265166070324056e-11
1086,stage2_pde_terminal_interface,86,0.006256283000430105,0.0002,,0.0016327867924005998,3.1307555869960155,8.952131190548032e-06,0.004614544076838957,9.225131243296639e-25
1087,stage2_pde_terminal_interface,87,0.005954262966752427,0.0002,,0.0019171837268882799,3.6026378335233638,1.053995470763192e-05,0.004026539285156516,2.0067261734303648e-19
1088,stage2_pde_terminal_interface,88,0.00431790872590272,0.0002,,0.0018223239384148365,3.298316950604682,6.700909696381836e-06,0.0024888818800447793,1.99774672202823e-09
1089,stage2_pde_terminal_interface,89,0.00968519094182711,0.0002,,0.002345538463879672,3.394951141603558,1.0906500887113956e-05,0.007328745976374888,6.854358173968779e-13
1090,stage2_pde_terminal_interface,90,0.005929041253370438,0.0002,,0.0023831757989598787,3.54751858350986,1.0510877565795664e-05,0.0035353545768419016,2.8614468796047733e-15
1091,stage2_pde_terminal_interface,91,0.006894260177550404,0.0002,,0.00201053886814329,3.783521998037898,8.602575205643472e-06,0.004875117984551037,7.496504333891796e-10
1092,stage2_pde_terminal_interface,92,0.010246017507576205,0.0002,,0.0018536636864536578,4.23749075299795,8.968234156748095e-06,0.008383385586965799,1.0855212481241468e-23
1093,stage2_pde_terminal_interface,93,0.0046534105270229845,0.0002,,0.0022317450859341025,4.131951220862028,7.975725556496088e-06,0.0024136897155321406,2.4437876094762623e-16
1094,stage2_pde_terminal_interface,94,0.005723182118756526,0.0002,,0.002155189848529619,3.679253231168235,9.592110254113869e-06,0.0035584001599727926,0.0
1095,stage2_pde_terminal_interface,95,0.005138162742523009,0.0002,,0.001941276027418407,3.3441680492901944,7.282296384195333e-06,0.0031896044016098794,1.7110527722253208e-11
1096,stage2_pde_terminal_interface,96,0.006782188853497083,0.0002,,0.0023897135082552676,4.098477697553986,1.0203536212893166e-05,0.004382271809028013,9.086624483260527e-16
1097,stage2_pde_terminal_interface,97,0.0046419496006129156,0.0002,,0.0019261227357999758,3.5213792290066634,6.282492493646617e-06,0.0027095436531969132,7.191223798380538e-10
1098,stage2_pde_terminal_interface,98,0.004932192426142624,0.0002,,0.0021672476753796964,3.7124171013765324,9.707432354193944e-06,0.00275523724783437,7.057436287234144e-11
1099,stage2_pde_terminal_interface,99,0.00477160235753169,0.0002,,0.0015804801695102639,2.9692323447506346,1.0936507244907934e-05,0.0031801856549839224,2.5792595792690662e-11
1100,stage2_pde_terminal_interface,100,0.005729162259505636,0.0002,,0.002520549338003111,3.460466453587933,1.2109175115900686e-05,0.003196498397893462,5.348493162656989e-09
1101,stage2_pde_terminal_interface,101,0.006631159871681694,0.0002,,0.002225767791240933,3.262056455288077,1.1633305033363125e-05,0.00439374627462618,1.2500781218229685e-08
1102,stage2_pde_terminal_interface,102,0.007344184890139808,0.0002,,0.0013774121152813194,3.0038371366258074,9.254247742863537e-06,0.005957518527115626,7.417541573169717e-23
1103,stage2_pde_terminal_interface,103,0.005401432414299767,0.0002,,0.0019054031071251655,3.0817661314398284,7.145817515703846e-06,0.003488883489658894,3.4772792069215144e-18
1104,stage2_pde_terminal_interface,104,0.0036807962282873214,0.0002,,0.0017865753637844482,3.1630107142351735,9.411560014645087e-06,0.0018848087713755103,5.331127178189162e-10
1105,stage2_pde_terminal_interface,105,0.007648341799581312,0.0002,,0.0017827822248896966,3.2661164928212045,1.3223205952979445e-05,0.0058523363687386365,1.8115120708425845e-20
1106,stage2_pde_terminal_interface,106,0.0048449403329190064,0.0002,,0.0018704650778290054,3.2846318333733953,1.6095249209650777e-05,0.0029583800058770636,3.2864210430394768e-15
1107,stage2_pde_terminal_interface,107,0.0038386931624637215,0.0002,,0.001822705210650376,3.777515589454294,1.1348454760548631e-05,0.0020046394970527964,2.694228029706875e-19
1108,stage2_pde_terminal_interface,108,0.007021514947770074,0.0002,,0.0017228957879276694,2.9920783255965477,1.1051902455687782e-05,0.005287567257386716,2.583021145969743e-20
1109,stage2_pde_terminal_interface,109,0.0037654470557705335,0.0002,,0.0016574493101128211,2.8600759009717387,1.4559484641981685e-05,0.002093418587577762,1.967343796852201e-08
1110,stage2_pde_terminal_interface,110,0.0048983556765176805,0.0002,,0.0014259653228278408,3.1654959637962814,8.260834719298494e-06,0.003464128307892282,1.2110782596577478e-09
1111,stage2_pde_terminal_interface,111,0.009413374419652936,0.0002,,0.0015645477349415483,3.697536825050833,1.0691522584664794e-05,0.007838135162125153,1.5705703178425665e-15
1112,stage2_pde_terminal_interface,112,0.006182830009322345,0.0002,,0.0018453162162275932,3.422804386796863,9.330452200117085e-06,0.004328173909395024,9.43149961064021e-09
1113,stage2_pde_terminal_interface,113,0.00437127773067961,0.0002,,0.0020391033445181696,3.305514564367446,9.021126073364781e-06,0.0023231532600835004,4.575011588617163e-15
1114,stage2_pde_terminal_interface,114,0.010044577030032075,0.0002,,0.0017015601488681292,3.0071541466569647,8.553168637830674e-06,0.008334463712526104,1.0551867019222785e-17
1115,stage2_pde_terminal_interface,115,0.005336328039001388,0.0002,,0.0016288371092912273,3.679711492421497,8.097637257865015e-06,0.0036993865101579756,6.782294320088409e-09
1116,stage2_pde_terminal_interface,116,0.0049811001805658995,0.0002,,0.0016223858251867272,2.8419692539246806,1.2412325721823137e-05,0.0033463020296573493,7.40267887164799e-30
1117,stage2_pde_terminal_interface,117,0.004259680135883586,0.0002,,0.0013574757075923527,3.2842692082638636,6.476173294376779e-06,0.002895728254996856,5.230662626763567e-29
1118,stage2_pde_terminal_interface,118,0.005444520556223513,0.0002,,0.0014210219585058534,3.918956316262285,9.503773852982239e-06,0.004013994823864677,2.7308026427075696e-20
1119,stage2_pde_terminal_interface,119,0.004490219612609206,0.0002,,0.001515776207279403,2.8470341412162545,1.0851815630230935e-05,0.00296358760825178,3.9814477921184964e-09
1120,stage2_pde_terminal_interface,120,0.0068150363734600415,0.0002,,0.0022429336877087752,3.656546391071399,9.137328483125118e-06,0.004562962940071007,2.417197134155798e-09
1121,stage2_pde_terminal_interface,121,0.005995615601225611,0.0002,,0.001859423019973181,3.586852547109584,5.812055804044299e-06,0.004130380518863901,6.584484523774821e-12
1122,stage2_pde_terminal_interface,122,0.004628072275119013,0.0002,,0.0015399690599090304,3.4985396277964846,9.725438001925801e-06,0.0030783717814460787,5.9957619779859915e-09
1123,stage2_pde_terminal_interface,123,0.004483064822215171,0.0002,,0.0017429177175640994,2.9308920149757727,7.453448943626708e-06,0.0027326936022455924,5.346185258266942e-11
1124,stage2_pde_terminal_interface,124,0.003150088576013877,0.0002,,0.0013164152969660347,3.1578410676868955,1.0390606072854906e-05,0.0018232826729732072,1.779812830205967e-15
1125,stage2_pde_terminal_interface,125,0.020321623186419287,0.0002,,0.0012553107404711882,3.212367200320771,1.0175359924024599e-05,0.019056133615067257,3.4709568176346974e-09
1126,stage2_pde_terminal_interface,126,0.0034247310555387323,0.0002,,0.0013046124254595727,2.584614188513223,8.949309284781203e-06,0.0021111693204650013,3.2937730437726134e-13
1127,stage2_pde_terminal_interface,127,0.00557896579110265,0.0002,,0.0020681913342689216,3.38143803847101,1.2563941935519556e-05,0.003498207436293219,3.078604989565481e-09
1128,stage2_pde_terminal_interface,128,0.005079647301737121,0.0002,,0.0023052704689102152,2.9143090807496392,8.002582361365493e-06,0.002766374250465476,6.4504477145324e-17
1129,stage2_pde_terminal_interface,129,0.007961856527245712,0.0002,,0.0020302084993725224,3.1861622402151095,6.895712133873552e-06,0.005924752315739317,8.456940081078477e-22
1130,stage2_pde_terminal_interface,130,0.005579876024730934,0.0002,,0.0021247202384754283,3.135855835868801,4.320043524154742e-06,0.0034508357427313514,5.2971752466384645e-20
1131,stage2_pde_terminal_interface,131,0.012159656330189214,0.0002,,0.001801142645122749,3.357635544552361,8.116684566216639e-06,0.01035039699781419,2.686058731812189e-12
1132,stage2_pde_terminal_interface,132,0.0035273894758593495,0.0002,,0.0016015868638170842,3.0253602363476726,8.59001302556723e-06,0.001917212599016698,1.3400392880381532e-24
1133,stage2_pde_terminal_interface,133,0.006037828112319771,0.0002,,0.001496202750820694,2.682940299093183,1.4504220835883182e-05,0.004527075929826812,4.521083638077988e-08
1134,stage2_pde_terminal_interface,134,0.009235883384597613,0.0002,,0.0017129159106476267,3.94273848126472,6.651675226034497e-06,0.00751631577290344,2.582051138380845e-11
1135,stage2_pde_terminal_interface,135,0.0047333018417824845,0.0002,,0.002031315509945091,3.136918665279233,8.090539629377396e-06,0.0026938957922080157,2.780566377690931e-19
1136,stage2_pde_terminal_interface,136,0.005774371860318299,0.0002,,0.001707439188393238,2.5052896715825703,1.1323140579820244e-05,0.004055609529218139,2.12710137018301e-12
1137,stage2_pde_terminal_interface,137,0.003853542616627435,0.0002,,0.001663019125606889,2.739007114514621,1.1106991710117772e-05,0.0021794164986422833,6.681448590167082e-13
1138,stage2_pde_terminal_interface,138,0.0052742618470766715,0.0002,,0.001742808206424445,3.133396808096199,1.0768471475100046e-05,0.003520685169139286,3.784056033856064e-14
1139,stage2_pde_terminal_interface,139,0.0039387295854648825,0.0002,,0.0013067298633818647,2.6955301585482685,7.517120939995114e-06,0.002624482599626908,1.5161145805241445e-12
1140,stage2_pde_terminal_interface,140,0.003458824485579696,0.0002,,0.0012236522951800833,2.7490479851635152,8.610049035948693e-06,0.002226562141363286,3.775773443661517e-16
1141,stage2_pde_terminal_interface,141,0.004285405735765356,0.0002,,0.0016995283649642893,3.2246370473352237,9.4372951347067e-06,0.0025764396808842416,3.9478211830562256e-10
1142,stage2_pde_terminal_interface,142,0.005081604623861895,0.0002,,0.0016858071630881503,3.0228219370236142,9.169660421569326e-06,0.003386627800352122,5.386809715803039e-17
1143,stage2_pde_terminal_interface,143,0.00472432428079372,0.0002,,0.0019814802863189146,2.9654853462249764,7.15906831797527e-06,0.0027356849261539725,2.856770683063368e-15
1144,stage2_pde_terminal_interface,144,0.004264525217561571,0.0002,,0.0013381675652935254,3.1680907392576443,1.2494367163680382e-05,0.002913863285085381,1.8984231604026637e-14
1145,stage2_pde_terminal_interface,145,0.004435414229209554,0.0002,,0.0013800643921750503,2.868831539277609,1.0591032633826706e-05,0.003044757836512235,9.678884423711843e-10
1146,stage2_pde_terminal_interface,146,0.0057727385951383105,0.0002,,0.0012666056271713085,2.761131282404101,8.413167259457595e-06,0.0044977198007075435,5.443097491997266e-19
1147,stage2_pde_terminal_interface,147,0.00560447134134581,0.0002,,0.0013566627497980201,2.910526291632964,8.29407429295432e-06,0.004239514350752728,1.6650210851019368e-10
1148,stage2_pde_terminal_interface,148,0.0035538501446769487,0.0002,,0.0013264361497931996,2.3030596406088635,1.2696822586896102e-05,0.0022147171722968527,4.353897060199114e-19
1149,stage2_pde_terminal_interface,149,0.004296739356148362,0.0002,,0.0015419756730270344,2.7360614543211894,1.14606456337194e-05,0.002743284079180209,1.8958307398950237e-08
1150,stage2_pde_terminal_interface,150,0.0042989836361670255,0.0002,,0.0013580283422523296,2.6095168137132907,1.0485688838891921e-05,0.0029304696039321363,1.1436675008519327e-12
1151,stage2_pde_terminal_interface,151,0.00913491238536198,0.0002,,0.0013113406398460041,2.8793523115338395,7.9095144269062e-06,0.007815406222202285,2.5600888678600804e-07
1152,stage2_pde_terminal_interface,152,0.003736291359863765,0.0002,,0.0011529324137531543,2.5233826018429606,7.400245128061838e-06,0.002575958674202586,2.677996321630563e-11
1153,stage2_pde_terminal_interface,153,0.004671416553988671,0.0002,,0.001171477972761186,2.65832309807892,7.79417194900031e-06,0.0034921444084994703,7.790151238735539e-13
1154,stage2_pde_terminal_interface,154,0.0046178043657569235,0.0002,,0.0010334902177113173,2.9183865907473665,9.15113168243139e-06,0.003575162911816378,1.045467973067576e-10
1155,stage2_pde_terminal_interface,155,0.0034640470798603076,0.0002,,0.0011397785566240864,2.41646718929162,8.622723031519383e-06,0.0023156449297889567,8.704157450353208e-10
1156,stage2_pde_terminal_interface,156,0.003153386308833617,0.0002,,0.0010427761173967501,2.4510753018244844,1.1646649668318843e-05,0.0020989635417685477,8.196239898876709e-26
1157,stage2_pde_terminal_interface,157,0.007575115456614572,0.0002,,0.0012655063452807302,3.1152339995391483,1.2057106770368298e-05,0.0062975520045606016,2.8718077924611944e-15
1158,stage2_pde_terminal_interface,158,0.0040713968233882765,0.0002,,0.0009511536997302006,2.593868117100683,9.846683516736319e-06,0.0031103964150621262,2.5079213402651615e-11
1159,stage2_pde_terminal_interface,159,0.0032870529133982684,0.0002,,0.0010740376409590002,2.5260579504833394,6.182467694673944e-06,0.002206832804744594,2.5482618895123656e-19
1160,stage2_pde_terminal_interface,160,0.004756023499640852,0.0002,,0.0013651709689440302,2.977963167962049,9.394397411897099e-06,0.0033814581288161487,4.468775637637346e-12
1161,stage2_pde_terminal_interface,161,0.003858834867415647,0.0002,,0.0012408344155453316,2.815064136458011,9.17494448200968e-06,0.002608805269982549,2.023740575684646e-08
1162,stage2_pde_terminal_interface,162,0.003709248889624233,0.0002,,0.0011345134544361733,3.0022090830167985,9.601998883561458e-06,0.0025651285589876624,4.877316835593224e-09
1163,stage2_pde_terminal_interface,163,0.004991896370089758,0.0002,,0.0012058481934396018,2.1947655933926282,1.0490743886531415e-05,0.003775557296234925,1.3652869993783341e-10
1164,stage2_pde_terminal_interface,164,0.004436965417677971,0.0002,,0.0013837052225526602,2.4929161625332585,7.379125908781499e-06,0.003045596270238001,2.8479897852863115e-07
1165,stage2_pde_terminal_interface,165,0.004297300329580599,0.0002,,0.0013623565043451207,2.7849469325303495,1.0152433577777218e-05,0.0029247913916576984,3.5917047195251765e-18
1166,stage2_pde_terminal_interface,166,0.005925913656350972,0.0002,,0.0011998013063475466,2.9160381707778016,9.187714173659752e-06,0.004716924635829746,2.0145726288378953e-17
1167,stage2_pde_terminal_interface,167,0.00531350006364033,0.0002,,0.0013541999034317653,2.2898636260242506,1.0853355871738771e-05,0.003948446804336826,2.2169104058113983e-21
1168,stage2_pde_terminal_interface,168,0.004075191580732743,0.0002,,0.0007953435478509868,2.756564456612987,9.434083839559012e-06,0.003270413949017304,2.4892439247715682e-14
1169,stage2_pde_terminal_interface,169,0.004668124929409428,0.0002,,0.0008375624311865368,2.899245131135839,6.212900608635505e-06,0.003824349593484738,4.129518211335823e-12
1170,stage2_pde_terminal_interface,170,0.0037700429361899714,0.0002,,0.0009549828865366738,2.8068167329097027,1.1430010962326484e-05,0.002803630038690971,9.14249043444057e-22
1171,stage2_pde_terminal_interface,171,0.0073302811060259356,0.0002,,0.0016247619056103996,2.632738954049341,1.0941491610180352e-05,0.005694577702681226,6.124130282682768e-12
1172,stage2_pde_terminal_interface,172,0.006038124052947979,0.0002,,0.0012720105525033496,2.622564196020202,1.2037974531416326e-05,0.004754075497480394,2.8432819070563522e-11
1173,stage2_pde_terminal_interface,173,0.0036030925456342587,0.0002,,0.0010397860240775878,2.3158619769543716,9.233100781611724e-06,0.0025540734207750593,5.058094488922507e-29
1174,stage2_pde_terminal_interface,174,0.003259422932497777,0.0002,,0.000980483278319191,2.465958397094523,1.1058261365027733e-05,0.0022676265290961744,2.548637173841167e-07
1175,stage2_pde_terminal_interface,175,0.00371630356838295,0.0002,,0.0009342625763452295,2.3683543082036396,1.1770460096138339e-05,0.002770265542139952,4.989801629922881e-09
1176,stage2_pde_terminal_interface,176,0.005346788416962971,0.0002,,0.0010526463829360262,2.2466685272900864,1.2750667586449024e-05,0.004281391115695888,2.5074460823871443e-10
1177,stage2_pde_terminal_interface,177,0.004094699976870294,0.0002,,0.0010009060978681153,2.7974279307210206,8.68458075280537e-06,0.00308510929824935,2.350390689098803e-17
1178,stage2_pde_terminal_interface,178,0.004148546629673999,0.0002,,0.0008739132451526895,2.008564584327423,6.765114721062826e-06,0.0032678682698002465,5.0839500743641086e-27
1179,stage2_pde_terminal_interface,179,0.003114552340186772,0.0002,,0.0008864796806075722,2.391428982929215,8.451759152683039e-06,0.002219620900426516,4.136196210043596e-19
1180,stage2_pde_terminal_interface,180,0.003032750090526261,0.0002,,0.0008967901991621508,2.0788128052712316,1.1878849107235255e-05,0.0021240182154675935,6.282678928152539e-08
1181,stage2_pde_terminal_interface,181,0.0038604885318617587,0.0002,,0.0010353094565064068,2.7262685347089124,1.0199220107805834e-05,0.0028149798453985173,9.84902860836298e-12
1182,stage2_pde_terminal_interface,182,0.0028660088363199362,0.0002,,0.001159143463582409,2.2665317628045583,1.4869079522541529e-05,0.001691996293214973,1.2374862270892315e-17
1183,stage2_pde_terminal_interface,183,0.004175885883434691,0.0002,,0.0009775023550809316,2.0949562626849616,8.423655323835775e-06,0.0031899597452241498,1.2780577418812065e-10
1184,stage2_pde_terminal_interface,184,0.003225454128809817,0.0002,,0.0008414233203720033,2.200799179192489,1.461253294681951e-05,0.0023694182616460896,1.384490446426432e-11
1185,stage2_pde_terminal_interface,185,0.00465124810459734,0.0002,,0.0011078481495550617,2.660110607279149,1.0790257489279003e-05,0.0035326096973460576,2.0694112500332214e-13
1186,stage2_pde_terminal_interface,186,0.0024650759767197005,0.0002,,0.0007449559370202839,2.068867268698462,8.860293342828511e-06,0.001711259746341474,1.5114411755563297e-14
1187,stage2_pde_terminal_interface,187,0.0028385093415313313,0.0002,,0.0007730058159896634,1.8387117031070535,6.98400199407693e-06,0.0020585182380640187,1.2854835724611055e-09
1188,stage2_pde_terminal_interface,188,0.0038320089714954453,0.0002,,0.000937946748899597,2.3186762956131295,8.307587089883378e-06,0.0028857546355023312,3.63368735054806e-15
1189,stage2_pde_terminal_interface,189,0.003355856673046067,0.0002,,0.0007441462688981368,2.0484298154530634,1.322965351348317e-05,0.0025984807506341783,2.690077449724292e-16
1190,stage2_pde_terminal_interface,190,0.004198534703069624,0.0002,,0.0007804728490543273,2.226736771495055,8.2866104878232e-06,0.0034097752435274732,6.265079024292545e-20
1191,stage2_pde_terminal_interface,191,0.0031810532585969725,0.0002,,0.0008806898389252865,2.546235610538656,6.324034950500755e-06,0.0022940393846938153,2.737001187590139e-14
1192,stage2_pde_terminal_interface,192,0.003285825025528364,0.0002,,0.0006574070778388758,1.8179618559367179,8.298058736146493e-06,0.002620119888953342,4.447528005792263e-24
1193,stage2_pde_terminal_interface,193,0.003004387203850354,0.0002,,0.0007197381803672382,2.3276399352889467,1.266783568228848e-05,0.0022719811795801088,8.220718591377157e-12
1194,stage2_pde_terminal_interface,194,0.004055772061523289,0.0002,,0.0010199324940597663,2.1716787168325573,1.1542173482794728e-05,0.00302423750730561,5.988667511772229e-08
1195,stage2_pde_terminal_interface,195,0.004533797460827331,0.0002,,0.0006548202883489597,2.499267344573813,8.91571651868704e-06,0.003870061205943272,2.500164120800074e-10
1196,stage2_pde_terminal_interface,196,0.003590415277675189,0.0002,,0.0007404772846104629,2.439017258177558,7.884931260468806e-06,0.002842053061270376,5.338810011367963e-13
1197,stage2_pde_terminal_interface,197,0.002963708362089422,0.0002,,0.0005874250629434493,2.052468077029954,9.568201437693015e-06,0.0023667150977074404,8.393230288718854e-16
1198,stage2_pde_terminal_interface,198,0.0029896686433564545,0.0002,,0.0008589935563114003,2.2868216130603476,1.1387402143268834e-05,0.0021192815966717725,6.0882300127594224e-09
1199,stage2_pde_terminal_interface,199,0.007200932020470419,0.0002,,0.0008487423435989439,2.053010111387356,8.767316192312624e-06,0.006343399517977764,2.284270139819635e-08
1200,stage2_pde_terminal_interface,200,0.0042722410564725345,0.0002,,0.0008825263364520699,2.1860070922003554,9.821317327776865e-06,0.0033798934026926875,1.1711045847185768e-31
1201,stage2_pde_terminal_interface,201,0.0028136258336285734,0.0002,,0.0007663118177168064,2.1346433785141516,7.105286412443669e-06,0.0020402087241787447,5.32057856489578e-12
1202,stage2_pde_terminal_interface,202,0.003677390486982448,0.0002,,0.0010928966064379041,2.39556749928615,9.405332108410634e-06,0.0025750885484361265,6.4760585525472036e-18
1203,stage2_pde_terminal_interface,203,0.004636248540379346,0.0002,,0.0009216045475415592,2.297566276879168,8.988407555681951e-06,0.0037056555852821053,1.1867837752223685e-20
1204,stage2_pde_terminal_interface,204,0.007537474370091436,0.0002,,0.001009137496977849,2.089924908061032,9.90897408771383e-06,0.006518427899025857,1.6055486068682578e-17
1205,stage2_pde_terminal_interface,205,0.0031102570232226195,0.0002,,0.0008329937751774706,2.1237446717922364,9.87877933972845e-06,0.002267384468705405,1.5229256999690185e-17
1206,stage2_pde_terminal_interface,206,0.004743345358309772,0.0002,,0.0007803308700385159,2.3523005514512474,1.1993745683430026e-05,0.003951020732465258,1.0122567813827543e-11
1207,stage2_pde_terminal_interface,207,0.00481921199558836,0.0002,,0.0006383334417799554,2.1809572407095072,1.4240887059385431e-05,0.00416663766674902,2.0672422647961913e-19
1208,stage2_pde_terminal_interface,208,0.003634840683088905,0.0002,,0.001135115510783889,2.247397290693327,1.059485492322455e-05,0.0024891265938984026,3.7234833887343815e-09
1209,stage2_pde_terminal_interface,209,0.0036661349173832463,0.0002,,0.0009058319184900166,2.565030044415865,7.849210368380338e-06,0.002752453788523749,1.1000324972320557e-15
1210,stage2_pde_terminal_interface,210,0.0035686616880049402,0.0002,,0.001017290892312568,2.1524574934557883,8.264298732541827e-06,0.002543106492474806,4.485024371657096e-12
1211,stage2_pde_terminal_interface,211,0.003982116808513784,0.0002,,0.0009997178662160145,1.9962583771582822,1.295965136759402e-05,0.0029694392909297507,4.238631198865362e-16
1212,stage2_pde_terminal_interface,212,0.003921741229762836,0.0002,,0.0008330949831323493,2.218773081462658,9.717886574693481e-06,0.003078928356397871,3.6579223792893834e-12
1213,stage2_pde_terminal_interface,213,0.004237213060984756,0.0002,,0.0007401062906002257,2.1820257649467707,1.1540792674866509e-05,0.003485565977709645,1.8901502792642085e-17
1214,stage2_pde_terminal_interface,214,0.002593164632228113,0.0002,,0.0007517589499209246,2.1085072250384287,1.4044243418937667e-05,0.0018273614388882506,1.4507547160817149e-27
1215,stage2_pde_terminal_interface,215,0.003341594038041906,0.0002,,0.0008562245890148623,2.3638395565641432,9.254012924018121e-06,0.0024761154361030253,7.343094116862249e-22
1216,stage2_pde_terminal_interface,216,0.002853025905330757,0.0002,,0.0008896419623605327,2.361875633716408,8.414098402386958e-06,0.0019549698445674433,3.93968297745313e-16
1217,stage2_pde_terminal_interface,217,0.0034180994370250715,0.0002,,0.0008627496832657984,1.9064458641370143,1.2743661591962492e-05,0.0025426060920636733,1.0363699783596015e-13
1218,stage2_pde_terminal_interface,218,0.0028857536064684415,0.0002,,0.0008574640022382752,2.153873390411504,1.401917279518495e-05,0.002014270427047604,4.387377120828232e-12
1219,stage2_pde_terminal_interface,219,0.003214128431400754,0.0002,,0.0008527504469771983,2.2330707547262043,8.274635777777592e-06,0.002353103342668628,5.9771501213185676e-12
1220,stage2_pde_terminal_interface,220,0.002823128682192396,0.0002,,0.0006086410530402963,1.9438967442598298,1.0235010761311234e-05,0.002204252618390788,4.551888496078749e-19
1221,stage2_pde_terminal_interface,221,0.0023192193220044244,0.0002,,0.0006350339838050681,1.9130911124398462,8.764829039987044e-06,0.0016754205091593687,6.461376324102309e-19
1222,stage2_pde_terminal_interface,222,0.0038464484336743175,0.0002,,0.0007434448652019345,1.7136199831391763,8.045724952831212e-06,0.003094957843518587,9.645707526526693e-16
1223,stage2_pde_terminal_interface,223,0.003738142363860958,0.0002,,0.0006267466123326494,1.857802115291571,9.749030443340883e-06,0.0031016467208232756,2.6169235342311093e-13
1224,stage2_pde_terminal_interface,224,0.0030507520831443286,0.0002,,0.0005464854368677991,1.8401119004988662,9.14459243885491e-06,0.002495122053837673,1.6260792477349418e-18
1225,stage2_pde_terminal_interface,225,0.0033219967726183645,0.0002,,0.0007168589363522209,2.1870841244081913,9.069445582653388e-06,0.002596068390683396,9.427210742056627e-17
1226,stage2_pde_terminal_interface,226,0.003149829169488203,0.0002,,0.0006580776751266341,2.123343675570336,1.036809638262649e-05,0.002481382819370776,5.786081662467782e-10
1227,stage2_pde_terminal_interface,227,0.004880047368970556,0.0002,,0.000733589291593807,2.2126243315309777,1.0902779382998821e-05,0.004135555297993749,1.4714368403871448e-20
1228,stage2_pde_terminal_interface,228,0.003248499396197599,0.0002,,0.00083693935187473,2.214069169309752,1.1283805035654616e-05,0.0024002762392872144,2.831685869008892e-26
1229,stage2_pde_terminal_interface,229,0.0033327049779596734,0.0002,,0.0008501781765630772,1.8842164223276732,1.1695610102264779e-05,0.002470831191286305,8.026272195859557e-15
1230,stage2_pde_terminal_interface,230,0.004289461764113906,0.0002,,0.0009100585294776742,1.8890007014836308,7.519233594733487e-06,0.003371884001041449,4.9745720086643645e-17
1231,stage2_pde_terminal_interface,231,0.003311552104673083,0.0002,,0.0007361118343122259,1.8006617836558327,1.285817272502876e-05,0.002562582097635457,3.7134863474814206e-16
1232,stage2_pde_terminal_interface,232,0.0027931832373785806,0.0002,,0.0007307593699231114,1.7865911574438857,1.0133153615713213e-05,0.0020522907137225685,1.171875576621835e-13
1233,stage2_pde_terminal_interface,233,0.004304727619665519,0.0002,,0.0006244178943684522,2.060899201631145,6.069032949802885e-06,0.0036742406923262597,2.100386120905749e-14
1234,stage2_pde_terminal_interface,234,0.002795784320754894,0.0002,,0.0004464850627077788,2.1215683196033694,7.504176130876247e-06,0.0023417950810202546,8.959840865496191e-13
1235,stage2_pde_terminal_interface,235,0.003390218506736201,0.0002,,0.0007491738080034958,1.8346124476723118,1.0416212255486755e-05,0.002630628466285328,2.0191890536181248e-11
1236,stage2_pde_terminal_interface,236,0.0025833507540861528,0.0002,,0.0006316840498341808,2.047575443665824,1.455918951665745e-05,0.0019371075135236175,1.2116969716349245e-12
1237,stage2_pde_terminal_interface,237,0.003062169867117015,0.0002,,0.0007315401687749993,1.7139488793605875,1.4565649033536102e-05,0.002316063956174882,9.313359748094325e-11
1238,stage2_pde_terminal_interface,238,0.0040113921246520325,0.0002,,0.0007393060234420718,1.7916418771595692,1.0100161799962739e-05,0.0032619859394099984,1.3918058381320975e-27
1239,stage2_pde_terminal_interface,239,0.0028962546273861856,0.0002,,0.0006186248372018019,1.7890883423632888,5.32759306949741e-06,0.002272302197054382,6.050439647858117e-14
1240,stage2_pde_terminal_interface,240,0.0034063297051401074,0.0002,,0.0007507270016286646,1.604403574976032,8.0627776258406e-06,0.002647538932037692,9.938479101686103e-10
1241,stage2_pde_terminal_interface,241,0.0029379642431721985,0.0002,,0.0006001927513263092,2.124576523667584,8.847758040765053e-06,0.002328711164072815,2.1256973230934581e-07
1242,stage2_pde_terminal_interface,242,0.003379147711939153,0.0002,,0.00044991959987293487,1.8383383861272773,8.339680835995364e-06,0.0029208884312302225,5.564246667605408e-26
1243,stage2_pde_terminal_interface,243,0.0030580151276650785,0.0002,,0.0008014679587236815,2.1470111681384183,8.040426438014511e-06,0.0022485067425033825,4.442954291815651e-20
1244,stage2_pde_terminal_interface,244,0.002778422301118409,0.0002,,0.000815803070725973,2.0340727157649106,1.0503070992914964e-05,0.001952028047489856,8.811190966510348e-08
1245,stage2_pde_terminal_interface,245,0.002830118543498933,0.0002,,0.0005776411015158492,2.2514892649745195,9.980309604553252e-06,0.0022424969505720096,1.818065208808771e-10
1246,stage2_pde_terminal_interface,246,0.0029505276486893346,0.0002,,0.0006562110151932718,2.0233971734922087,8.688167977080202e-06,0.002285617794530429,1.0670988553181312e-08
1247,stage2_pde_terminal_interface,247,0.004223726520936939,0.0002,,0.0005468577427272438,1.8379580546466112,9.423533301164652e-06,0.0036674452375879897,7.320540975931362e-12
1248,stage2_pde_terminal_interface,248,0.0037255910615035144,0.0002,,0.0004782831286283944,1.4991441695250542,7.534889321478146e-06,0.003239773035186724,8.366918282369869e-12
1249,stage2_pde_terminal_interface,249,0.0028890376596850207,0.0002,,0.0005486879984515382,2.4218093465395265,1.1980141709446185e-05,0.002328369519523987,4.943565441628677e-17
1250,stage2_pde_terminal_interface,250,0.0030181095934657524,0.0002,,0.0005755126524199026,1.8092165642584377,1.1554554025452393e-05,0.0024310423760837583,1.0936639372967072e-11
1251,stage2_pde_terminal_interface,251,0.004006717990360636,0.0002,,0.00048651463193947016,2.11897255227235,8.540666868912558e-06,0.0035116626844853603,7.066892746038185e-12
1252,stage2_pde_terminal_interface,252,0.003227033334936054,0.0002,,0.0007474020158565631,2.0261484376914085,5.976577362736388e-06,0.0024736431387777274,1.1602939027291466e-08
1253,stage2_pde_terminal_interface,253,0.003342159928106131,0.0002,,0.0005587915867320639,1.6407959630860527,5.6193695577383725e-06,0.002777545172523618,2.0379929271094002e-07
1254,stage2_pde_terminal_interface,254,0.0022576557947224392,0.0002,,0.0006484180361063597,1.857631605378027,1.1563238299307397e-05,0.0015976745039159128,1.64008593175756e-11
1255,stage2_pde_terminal_interface,255,0.0037103724691001224,0.0002,,0.00054970993192347,1.9245894698357424,1.2416511084160952e-05,0.0031482377418933596,8.284199131692972e-09
1256,stage2_pde_terminal_interface,256,0.0033926220694917393,0.0002,,0.0006377212543722738,1.9671355835111133,1.3057976566971771e-05,0.0027418428385524935,2.828046998421671e-21
1257,stage2_pde_terminal_interface,257,0.003278844060414117,0.0002,,0.0005758965152990105,2.027160846626338,5.868035233391522e-06,0.0026970795098817148,3.87513365950894e-28
1258,stage2_pde_terminal_interface,258,0.004018371405358883,0.0002,,0.0005324862911859217,1.675734550394176,1.12659829647912e-05,0.00347461913120817,5.1702339357121066e-21
1259,stage2_pde_terminal_interface,259,0.0028548482479570357,0.0002,,0.0004070911527771741,1.7839260016387681,7.988932314835433e-06,0.0024397681628650263,2.4211005671424636e-24
1260,stage2_pde_terminal_interface,260,0.0023852070795725793,0.0002,,0.0005353257860982282,2.066132381607296,1.2922531702179802e-05,0.0018369587617721712,1.4347799358734202e-29
1261,stage2_pde_terminal_interface,261,0.002690866232693536,0.0002,,0.0005865413006252021,1.9256010700144457,1.2932079208239628e-05,0.002091392852859954,1.402325824136983e-16
1262,stage2_pde_terminal_interface,262,0.00247918415537733,0.0002,,0.000706618202910799,1.8311812581980567,9.660328996759095e-06,0.0017629056234697606,1.1578743557922296e-17
1263,stage2_pde_terminal_interface,263,0.003828180927554778,0.0002,,0.0006721331690408485,1.5760384043771776,8.54072166318831e-06,0.00314750694495816,9.18925810071304e-11
1264,stage2_pde_terminal_interface,264,0.0032098936515191686,0.0002,,0.000757640657828929,1.6781327831236403,8.96969578498961e-06,0.002443283292920786,4.984464210796258e-12
1265,stage2_pde_terminal_interface,265,0.0033503433218675595,0.0002,,0.0007281038289167481,1.8983448809880115,1.3891799125352584e-05,0.002608347566639355,1.2718610401142037e-10
1266,stage2_pde_terminal_interface,266,0.0034436433568979016,0.0002,,0.0006457829618786486,1.741451008537633,9.769537129977026e-06,0.0027880872026602188,3.6552290567745754e-09
1267,stage2_pde_terminal_interface,267,0.0030791867141769956,0.0002,,0.0005545860329880316,2.0301124955969385,1.0563891850707242e-05,0.0025140367887508106,5.874459139254407e-13
1268,stage2_pde_terminal_interface,268,0.0034753156521801247,0.0002,,0.0005969302088325535,1.8746753612556353,1.0395981541755783e-05,0.0028679894618058154,2.024260603823957e-21
1269,stage2_pde_terminal_interface,269,0.003314546300533783,0.0002,,0.0005020892703004962,1.9653203162547355,1.5062267471389938e-05,0.002797394762537637,2.2425971807076272e-13
1270,stage2_pde_terminal_interface,270,0.002964440811349047,0.0002,,0.0005691206276749878,1.835107870440189,1.2406312716112441e-05,0.0023829137718106175,9.914732907383119e-11
1271,stage2_pde_terminal_interface,271,0.0030429544046621146,0.0002,,0.0006610922687881077,1.5717182751836178,1.085846973858387e-05,0.002371003666134116,1.3065924506400614e-15
1272,stage2_pde_terminal_interface,272,0.003060376595885904,0.0002,,0.0006309716062426612,1.9080899764107522,1.282708585769386e-05,0.002416577903757072,2.847737411947565e-14
1273,stage2_pde_terminal_interface,273,0.0029658546340637307,0.0002,,0.0006091663225864807,2.187019243546055,1.0861717035896504e-05,0.0023457675315786772,5.9062862676244516e-08
1274,stage2_pde_terminal_interface,274,0.0031931483412596428,0.0002,,0.0005416566289788587,1.7661173279067923,1.2598937440811653e-05,0.0026388927687876125,6.0523598800085356e-12
1275,stage2_pde_terminal_interface,275,0.003761211065669009,0.0002,,0.0006246320661328513,1.9017890931429902,9.86215083802876e-06,0.003126716848617943,8.018589803747288e-14
1276,stage2_pde_terminal_interface,276,0.002981769052218127,0.0002,,0.000698365817489457,1.9276815104191898,9.470939422609318e-06,0.0022739257210288625,6.5742771981980306e-09
1277,stage2_pde_terminal_interface,277,0.002796161822224044,0.0002,,0.0006062655037667666,1.9935199003369724,8.746099072850854e-06,0.002181150219381572,2.854424983576159e-15
1278,stage2_pde_terminal_interface,278,0.0036233891436093695,0.0002,,0.00058637814154866,2.2245236842737612,1.0202679426933324e-05,0.0030268083226337762,6.724249497187286e-21
1279,stage2_pde_terminal_interface,279,0.0034461995871695244,0.0002,,0.0005799558136615958,1.864348183128382,6.758684402596471e-06,0.0028594799937263515,5.095378980814721e-09
1280,stage2_pde_terminal_interface,280,0.00782079997631623,0.0002,,0.0004451677691182218,1.6997323409376093,6.959910525102726e-06,0.007368668155356612,4.141316293299751e-09
1281,stage2_pde_terminal_interface,281,0.0036200343035855303,0.0002,,0.0005863107990888654,1.6305090315375514,6.07257986928714e-06,0.003027650724606936,2.0002044218052646e-10
1282,stage2_pde_terminal_interface,282,0.0030029486925078988,0.0002,,0.0005633259525317596,2.1646365314873672,8.036675166615774e-06,0.0024315860592979193,5.511604281132927e-12
1283,stage2_pde_terminal_interface,283,0.004083369383143791,0.0002,,0.0009424088910654209,1.872549274536845,9.26352770869353e-06,0.0031316969461540464,1.8215630742534093e-11
1284,stage2_pde_terminal_interface,284,0.003008247719976579,0.0002,,0.0004993853996198267,1.652285983820074,1.0356518076951135e-05,0.002498503204050182,2.598229619167039e-09
1285,stage2_pde_terminal_interface,285,0.003519623948285088,0.0002,,0.0008605608652613384,1.8100596279752035,9.159936611975292e-06,0.0026499031464053283,6.446283471802992e-15
1286,stage2_pde_terminal_interface,286,0.0035884617482892203,0.0002,,0.0008284424738783961,1.9343036743895332,1.0319794092239905e-05,0.0027496994803116437,6.940696457530094e-15
1287,stage2_pde_terminal_interface,287,0.003942355813068637,0.0002,,0.0004883775650474959,1.6470506273667584,1.3605168649264517e-05,0.0034403730634830244,1.588885300130486e-11
1288,stage2_pde_terminal_interface,288,0.00244662933093211,0.0002,,0.0005039555699391093,2.0439328768100093,9.162900654397682e-06,0.001933510860338603,1.4468801705766e-19
1289,stage2_pde_terminal_interface,289,0.0021342970103490635,0.0002,,0.0004855541387916209,1.9132044114232918,6.146458016587129e-06,0.0016425908989439392,5.514596916151668e-09
1290,stage2_pde_terminal_interface,290,0.0030182450794777353,0.0002,,0.0006334828315928877,1.7946961270560744,1.3399863139782004e-05,0.0023713623847450172,4.839754482796264e-17
1291,stage2_pde_terminal_interface,291,0.0033830149428600662,0.0002,,0.0007517722665987911,1.9040776634709402,6.64520395887447e-06,0.0026245966084056252,8.638967752814666e-10
1292,stage2_pde_terminal_interface,292,0.003658082447542516,0.0002,,0.0005971759629525863,1.9125753414006494,9.217167912877326e-06,0.003051588919220364,1.003974566883615e-07
1293,stage2_pde_terminal_interface,293,0.0027670765112033486,0.0002,,0.0006024504356199095,1.5720451519047633,8.757676343678624e-06,0.0021558683992250133,1.474735409048305e-14
1294,stage2_pde_terminal_interface,294,0.0037889473289816665,0.0002,,0.0004541941318707876,1.679543195927401,9.694219517480943e-06,0.0033250398350168986,1.9142576499399752e-08
1295,stage2_pde_terminal_interface,295,0.00418500883131214,0.0002,,0.0005081611223259198,1.661477355911366,1.3133195355536585e-05,0.00366371451343714,1.935440971434306e-13
1296,stage2_pde_terminal_interface,296,0.0033445876397531055,0.0002,,0.0004922422229419463,1.6063239638107718,1.0552830605134168e-05,0.002841792436525667,1.4968035802933005e-10
1297,stage2_pde_terminal_interface,297,0.003674201477948185,0.0002,,0.0005360594220898359,1.508404161648812,7.969815205958108e-06,0.0031301604034995752,1.1837152815877316e-08
1298,stage2_pde_terminal_interface,298,0.0034324338850492816,0.0002,,0.0004600455848929123,1.5049412932341801,9.613799876059995e-06,0.0029627743190646003,1.8121570931408533e-10
1299,stage2_pde_terminal_interface,299,0.0033010636642285497,0.0002,,0.0004814744099542236,2.248092886252817,8.868722266819006e-06,0.002810720531976567,3.09402446320076e-14
1300,stage2_pde_terminal_interface,300,0.0042779321688880805,0.0002,,0.000465396020427104,1.5478437515228218,1.0890481964446323e-05,0.0038016456664867557,9.774600194710908e-15
1301,stage2_pde_terminal_interface,301,0.0033058323940241773,0.0002,,0.0004236946312573175,1.5982027868912911,1.054492131734155e-05,0.002871592023078561,8.183709574707106e-10
1302,stage2_pde_terminal_interface,302,0.0032923962584059034,0.0002,,0.0005267851201671777,1.635913753498581,1.1581396772567626e-05,0.002754029741464823,1.3352110922367457e-15
1303,stage2_pde_terminal_interface,303,0.003772930053988948,0.0002,,0.0004061501364603326,1.6422336481774242,1.263037211288258e-05,0.0033541495412648323,4.1509004899109826e-12
1304,stage2_pde_terminal_interface,304,0.003372445631179981,0.0002,,0.0005774376805080982,1.7612041148179687,9.113482406027772e-06,0.0027858944682480407,1.7814331363974242e-14
1305,stage2_pde_terminal_interface,305,0.002245915869640519,0.0002,,0.0005719367698900689,1.800295863441588,9.12226030837951e-06,0.001664856839440388,1.682784214413874e-15
1306,stage2_pde_terminal_interface,306,0.002894417604036341,0.0002,,0.0005555420644169315,1.7036942117651421,1.0228653147544255e-05,0.0023286463596206026,5.26851262576047e-10
1307,stage2_pde_terminal_interface,307,0.00241651036589837,0.0002,,0.00046848480357386123,1.730038191885864,9.513964604137355e-06,0.0019385115039653245,9.375504665955293e-11
1308,stage2_pde_terminal_interface,308,0.004493168172072731,0.0002,,0.000679969617584133,1.6637325689267666,1.1519979895804155e-05,0.0038016785745927937,3.187532684469542e-21
1309,stage2_pde_terminal_interface,309,0.002866003190065886,0.0002,,0.00037244057396627645,1.7944107936958138,1.0703599265128642e-05,0.002482859016834479,1.5454350160412528e-18
1310,stage2_pde_terminal_interface,310,0.0038012423967566478,0.0002,,0.0005163045245942798,1.726441785987826,1.0616517382611303e-05,0.0032743212975878547,5.71919018978171e-11
1311,stage2_pde_terminal_interface,311,0.0035902615371270733,0.0002,,0.0003430638013972586,1.4609552164745585,7.392983029572367e-06,0.003239804752700203,3.8994086191170246e-17
1312,stage2_pde_terminal_interface,312,0.002993185635976909,0.0002,,0.00046021538054362096,1.8162098762951833,8.907221917684566e-06,0.0025240630335156035,4.0178117156710235e-26
1313,stage2_pde_terminal_interface,313,0.0045927529503277,0.0002,,0.00039072735807383713,1.6145383570767324,8.113620070416943e-06,0.0041939119721834455,1.7204054626081107e-28
1314,stage2_pde_terminal_interface,314,0.0025460736515910878,0.0002,,0.000471640801584585,1.4284602019134212,1.006211927334343e-05,0.002064370728571292,2.1618671041128538e-12
1315,stage2_pde_terminal_interface,315,0.003156834265838934,0.0002,,0.000451243474880511,1.5756191517436546,1.1197635311780751e-05,0.0026943931556466425,4.835002079405073e-20
1316,stage2_pde_terminal_interface,316,0.0024380675249871123,0.0002,,0.0004427035252117202,1.3148120300937312,8.801170051458843e-06,0.001986561594356325,1.235367608242387e-09
1317,stage2_pde_terminal_interface,317,0.003950530556759451,0.0002,,0.00048502526317108956,1.6087182867181185,6.8901033609462584e-06,0.003458615190227168,2.470255964405159e-16
1318,stage2_pde_terminal_interface,318,0.004524848021536459,0.0002,,0.00043071902324272804,1.6770841197123028,1.161692021843145e-05,0.00408251169719001,3.808852898543547e-10
1319,stage2_pde_terminal_interface,319,0.0027099643772727695,0.0002,,0.0004326802505533046,1.7074959193868873,1.020771245326545e-05,0.002267071559835452,4.854430747315302e-09
1320,stage2_pde_terminal_interface,320,0.0030511758193203045,0.0002,,0.0005861932908710495,1.9291849028663992,1.1190474957365178e-05,0.0024536833791723974,1.0867431949243335e-07
1321,stage2_pde_terminal_interface,321,0.002572555937855398,0.0002,,0.0004995195751964319,1.9319519713729074,1.0698177561999787e-05,0.0020623381850945555,2.4113115287084535e-15
1322,stage2_pde_terminal_interface,322,0.0059525538383476285,0.0002,,0.0004274453077874631,1.7675598188350452,8.297034418231905e-06,0.005516811496141934,2.5559945727110627e-19
1323,stage2_pde_terminal_interface,323,0.003167960283746775,0.0002,,0.0004525347517754958,1.6666235587027887,8.766679382334465e-06,0.0027066588525889446,5.430418065496231e-27
1324,stage2_pde_terminal_interface,324,0.0019338000329568615,0.0002,,0.0005060541255806144,1.9486862892189063,8.502976863988925e-06,0.0014192429305122283,2.9851889658937534e-17
1325,stage2_pde_terminal_interface,325,0.002363692637616764,0.0002,,0.0004016385332058506,1.8159845688227927,9.097507624705994e-06,0.0019529565967862012,6.647677264388057e-18
1326,stage2_pde_terminal_interface,326,0.0072333364634651585,0.0002,,0.0005093745880878035,1.7323169830338336,6.755457275086887e-06,0.006717206418096989,5.279050110368518e-15
1327,stage2_pde_terminal_interface,327,0.005060825206324333,0.0002,,0.0005033942050882696,1.7042664677894206,1.005652909515144e-05,0.004547374468013744,4.1271684313971725e-12
1328,stage2_pde_terminal_interface,328,0.003636055735381694,0.0002,,0.0003470222735832772,1.4875253800640809,1.1894007822700454e-05,0.0032771394536208753,3.5484132802493976e-13
1329,stage2_pde_terminal_interface,329,0.00220230010782073,0.0002,,0.0005389410574990112,1.593232685595587,7.491054363502718e-06,0.0016558679959518116,6.4043868686485705e-15
1330,stage2_pde_terminal_interface,330,0.003155050300510462,0.0002,,0.0006009498750976694,2.0709056259572245,8.227969192081153e-06,0.002545872456217334,3.3770198360620945e-15
1331,stage2_pde_terminal_interface,331,0.0037928204377896267,0.0002,,0.0006420945169695442,1.52038725559495,7.546228246305178e-06,0.0031431796919101675,6.6360994013204e-13
1332,stage2_pde_terminal_interface,332,0.0027703727580457157,0.0002,,0.0004846320826657999,1.4985956444771529,1.3561686024029406e-05,0.002272178973906367,1.5449519332038414e-11
1333,stage2_pde_terminal_interface,333,0.0027705810361882354,0.0002,,0.00039043699769072276,1.3473981648606206,1.0164097054462138e-05,0.0023699799413610272,8.202351838134298e-14
1334,stage2_pde_terminal_interface,334,0.002662433295094077,0.0002,,0.0004014081564801782,1.5916432467052288,1.0423063614741406e-05,0.002250602074999156,8.0395895986654e-19
1335,stage2_pde_terminal_interface,335,0.003573492646843896,0.0002,,0.0005669273667969283,1.5234843697488443,6.615516316059089e-06,0.0029999497620174947,1.7134135290884869e-12
1336,stage2_pde_terminal_interface,336,0.0038029736819115657,0.0002,,0.0005894637525365426,1.8059382576241199,1.4160163324904216e-05,0.003199349766050119,2.3210535900309415e-27
1337,stage2_pde_terminal_interface,337,0.0038143504867731185,0.0002,,0.0005859381159815838,1.8054075988313183,1.025425442317729e-05,0.0032181581162817165,8.664074465770898e-14
1338,stage2_pde_terminal_interface,338,0.0024364854546417808,0.0002,,0.0004372542976176512,1.3487543886882072,8.23043062159047e-06,0.0019910007185102983,7.892240721941126e-12
1339,stage2_pde_terminal_interface,339,0.003731325755774069,0.0002,,0.0004551395405004247,1.5396407942079644,8.604879454665757e-06,0.0032675812397400996,9.60788788824013e-11
1340,stage2_pde_terminal_interface,340,0.0043953037244746605,0.0002,,0.0004727011951207448,1.7093277250462857,1.0969407422031936e-05,0.003911633121931884,2.0274206387100195e-20
1341,stage2_pde_terminal_interface,341,0.002630085846964675,0.0002,,0.0004210296445306684,1.635709484518785,1.0030284832943885e-05,0.0021990259157705135,1.8305493517849727e-12
1342,stage2_pde_terminal_interface,342,0.003855227367006214,0.0002,,0.0003601530346065717,1.4416031112238383,8.415450494683427e-06,0.00348665882722095,5.468400913852862e-11
1343,stage2_pde_terminal_interface,343,0.003278036414073359,0.0002,,0.0004119973292245059,1.7099475204304004,7.250919632725816e-06,0.0028587881652161274,6.433154576266472e-23
1344,stage2_pde_terminal_interface,344,0.0027282062760861574,0.0002,,0.00045286538439095797,1.4063241578498573,5.796633567744462e-06,0.002269544139837039,1.1829041544262533e-10
1345,stage2_pde_terminal_interface,345,0.0028751414662869586,0.0002,,0.0004514775650713643,1.449596528563773,7.510458349777569e-06,0.0024161534428657765,4.042733067108553e-17
1346,stage2_pde_terminal_interface,346,0.003399313003122061,0.0002,,0.0006082167903556886,1.3517790742567823,1.1370068720975907e-05,0.00277972614404531,8.651672897612791e-17
1347,stage2_pde_terminal_interface,347,0.0029378863683992697,0.0002,,0.00042292777416465293,1.5195578750416932,1.0040881020426612e-05,0.0025049172110893168,5.021248731961847e-10
1348,stage2_pde_terminal_interface,348,0.0028022765510231037,0.0002,,0.00044399842550729013,1.7041160808362932,5.914350000149602e-06,0.002352363775515423,2.4110511096547876e-16
1349,stage2_pde_terminal_interface,349,0.003293689839030068,0.0002,,0.00047996092917441783,1.3468687870588838,1.2069006827693114e-05,0.0028016599030269095,1.0474564557350392e-15
1350,stage2_pde_terminal_interface,350,0.0046779109006005746,0.0002,,0.0003601643214389709,1.4017985521130252,1.2518549635651497e-05,0.004305212352745696,1.5676780256882966e-08
1351,stage2_pde_terminal_interface,351,0.0032276369711475425,0.0002,,0.0004048940566889213,1.4204421539114254,6.908097115930975e-06,0.002815834816548059,7.946310923937843e-13
1352,stage2_pde_terminal_interface,352,0.0029806088080991705,0.0002,,0.0005223586923508467,1.4439394720576257,7.879212491624298e-06,0.0024503688623332565,2.0409234427023693e-09
1353,stage2_pde_terminal_interface,353,0.00211384399813874,0.0002,,0.0004908249521669765,1.3609053098366273,9.450987908558543e-06,0.0016135623609683206,5.697094884251557e-09
1354,stage2_pde_terminal_interface,354,0.0033202040837139518,0.0002,,0.0005389519151895539,1.5842906515105726,9.87476920976437e-06,0.00277137739884112,4.735134704935286e-13
1355,stage2_pde_terminal_interface,355,0.004102915350268485,0.0002,,0.0007140047550464811,1.638840328888059,9.384326532016622e-06,0.0033795262432189787,2.547100809333617e-11
1356,stage2_pde_terminal_interface,356,0.0023800631543481232,0.0002,,0.00043827377343200907,1.6190221779136302,9.301613995856082e-06,0.001932487766920258,1.8670550199978065e-20
1357,stage2_pde_terminal_interface,357,0.004146585982646164,0.0002,,0.0004682942590086665,1.697795731114357,8.47466582396812e-06,0.003669816535536365,5.222771640215578e-10
1358,stage2_pde_terminal_interface,358,0.002801448640271367,0.0002,,0.0004032964890552643,1.6561074566449008,9.534060421028455e-06,0.002388618090795074,2.4162988463458487e-22
1359,stage2_pde_terminal_interface,359,0.002214092432266906,0.0002,,0.0004336696793010605,1.4594770565264985,6.365636965724771e-06,0.0017740391947960261,1.7921204094473434e-08
1360,stage2_pde_terminal_interface,360,0.002828796069768335,0.0002,,0.0004489272187621292,1.6935968462614315,7.570246990801458e-06,0.002372275664503847,2.2939511557019165e-08
1361,stage2_pde_terminal_interface,361,0.0028836993125954525,0.0002,,0.0005522606260964142,1.4817760912889955,9.212806222622133e-06,0.0023222258802764162,3.1392474212359944e-20
1362,stage2_pde_terminal_interface,362,0.002499320226861066,0.0002,,0.0003447130073750284,1.5645714853619292,8.359375707074824e-06,0.0021462477877596123,5.601935060067331e-11
1363,stage2_pde_terminal_interface,363,0.0029809054940899966,0.0002,,0.00046329159818173625,1.7760911950621077,1.0791101858199096e-05,0.0025068227940024434,4.7617714614777717e-14
1364,stage2_pde_terminal_interface,364,0.002492656971857959,0.0002,,0.0003359273069538003,1.4057506250884404,9.357433137017688e-06,0.002147327414066256,4.4817700884602414e-08
1365,stage2_pde_terminal_interface,365,0.0037603182573237508,0.0002,,0.0004319594520546359,1.6042777485015476,6.111133984194248e-06,0.0033222476712692715,1.56493745896803e-14
1366,stage2_pde_terminal_interface,366,0.002841718380977302,0.0002,,0.00032704797619513516,1.5162109281421075,1.1214026641138709e-05,0.0025034554780574,9.000836280248638e-10
1367,stage2_pde_terminal_interface,367,0.00301091965594297,0.0002,,0.0004031369047433721,1.700077606979392,1.1952800293371259e-05,0.0025958299509049876,1.2389996342177554e-15
1368,stage2_pde_terminal_interface,368,0.0036460278614889696,0.0002,,0.00033396255734197643,1.6050805034192277,1.3060511086761481e-05,0.0032990047930602315,1.8916499110562398e-28
1369,stage2_pde_terminal_interface,369,0.0032124449834913947,0.0002,,0.0004570496039378787,1.853443194469827,1.1074102492186429e-05,0.0027443212760828698,9.784600146504328e-13
1370,stage2_pde_terminal_interface,370,0.00195501436966089,0.0002,,0.0004014506794336476,1.412540065624514,8.601677152290376e-06,0.001544962013074285,6.675128958621926e-16
1371,stage2_pde_terminal_interface,371,0.0027972483303577438,0.0002,,0.0003775765405118256,1.4894614214502022,9.767897486226728e-06,0.0024099038190422495,7.331744183914401e-11
1372,stage2_pde_terminal_interface,372,0.0035534002177754027,0.0002,,0.00042079340736153175,1.3130453101401365,8.329836440430127e-06,0.003124276971873074,2.100367170770321e-12
1373,stage2_pde_terminal_interface,373,0.002547774238177952,0.0002,,0.000315199615983136,1.6446455803636304,6.50280999563986e-06,0.002226071812178655,2.052105840220012e-14
1374,stage2_pde_terminal_interface,374,0.002572476740757449,0.0002,,0.0004143760135226355,1.3121159096220631,1.2336136425994515e-05,0.002145764590808819,3.69483942262903e-30
1375,stage2_pde_terminal_interface,375,0.0024748316314857303,0.0002,,0.00026251873043982624,1.4943996303433005,6.747249240995735e-06,0.002205550040549445,1.561125546338827e-08
1376,stage2_pde_terminal_interface,376,0.0026071284676755,0.0002,,0.0004077642232380518,1.791090848434955,9.395919617118948e-06,0.002189968324815261,5.0682471026202725e-15
1377,stage2_pde_terminal_interface,377,0.0023981590502489755,0.0002,,0.0004331100469705263,1.669438328226088,1.1851296570048852e-05,0.001953197478516484,2.2819191618778257e-10
1378,stage2_pde_terminal_interface,378,0.0030357191576056005,0.0002,,0.00040114912230353,1.604103680970101,7.99521245300825e-06,0.0026265739787449086,8.441041536870568e-10
1379,stage2_pde_terminal_interface,379,0.0031557391900660864,0.0002,,0.00033732205419022905,1.541035223782396,1.172412839581961e-05,0.0028066930074799185,1.1945741385677922e-16
1380,stage2_pde_terminal_interface,380,0.002687721965632628,0.0002,,0.0002954571461290835,1.28231227068596,1.2824656846968141e-05,0.002379440162656572,4.493646846529771e-18
1381,stage2_pde_terminal_interface,381,0.002840692463764734,0.0002,,0.0003524582651315603,1.5114734738620856,7.123013467150491e-06,0.002481111184757096,4.0892734916160847e-13
1382,stage2_pde_terminal_interface,382,0.002507881141402392,0.0002,,0.0002964593777881817,1.3525485390073013,1.1394936390288659e-05,0.0022000257112961747,1.1159277468053555e-09
1383,stage2_pde_terminal_interface,383,0.002274982387516819,0.0002,,0.00034951830849731856,1.4147331497161817,8.179188199558745e-06,0.0019172848908198849,5.690811617623144e-17
1384,stage2_pde_terminal_interface,384,0.0036682608942695386,0.0002,,0.00039349521576890773,1.658372794542279,9.738706094125835e-06,0.003265026972389508,1.6996813532915625e-14
1385,stage2_pde_terminal_interface,385,0.002803810141620345,0.0002,,0.0002507274104186685,1.6152567488804892,1.4091890461593453e-05,0.002538990840740083,7.78268505310351e-24
1386,stage2_pde_terminal_interface,386,0.0020791301971809124,0.0002,,0.0003355449999906411,1.303563607310244,8.651585749779276e-06,0.0017349336114404893,2.654821551667635e-18
1387,stage2_pde_terminal_interface,387,0.0026980199366799444,0.0002,,0.00043288728509938916,1.3563218557479968,9.882820215028808e-06,0.0022552498313611765,4.349978357968374e-15
1388,stage2_pde_terminal_interface,388,0.002441455829124997,0.0002,,0.00038783791839484827,1.346482194648753,8.096340227118205e-06,0.0020455167667267856,4.803776244698417e-09
1389,stage2_pde_terminal_interface,389,0.002267879913412709,0.0002,,0.00039597496764509925,1.7501725201075087,9.245182226070502e-06,0.00186265974731889,1.6222649690849484e-11
1390,stage2_pde_terminal_interface,390,0.003756535400607411,0.0002,,0.0003667056959808562,1.5083932164811376,1.1436502590970957e-05,0.0033783924648798425,7.371557414062284e-10
1391,stage2_pde_terminal_interface,391,0.003553877365497257,0.0002,,0.000370869536803375,1.324874926000964,6.9145137574036555e-06,0.0031760933149364385,3.9932981312565645e-17
1392,stage2_pde_terminal_interface,392,0.0028198617864531993,0.0002,,0.0004379759755430711,1.4239722292978605,8.86207221454189e-06,0.0023730221770734746,1.561622111650667e-09
1393,stage2_pde_terminal_interface,393,0.0026715055868515854,0.0002,,0.0003401875110430893,1.2822344972715691,1.0121786722701657e-05,0.002321195407077796,8.820079986489609e-10
1394,stage2_pde_terminal_interface,394,0.0027181522177547866,0.0002,,0.000396061021500923,1.2344309883238083,8.059759584343881e-06,0.002314031427370106,9.299413497315166e-12
1395,stage2_pde_terminal_interface,395,0.002916298420125496,0.0002,,0.0004212378589926462,1.243225169202788,9.243931229466028e-06,0.002485790561129429,2.6068773955139832e-08
1396,stage2_pde_terminal_interface,396,0.004041644021196208,0.0002,,0.00041511756710866483,1.6101993586761583,1.2095546169295373e-05,0.003614430549799221,3.5811902699990285e-10
1397,stage2_pde_terminal_interface,397,0.0016067769039239095,0.0002,,0.00024539602650461403,1.4858710278041012,9.74910476764315e-06,0.0013516012384523943,3.053419925802601e-08
1398,stage2_pde_terminal_interface,398,0.0022453172736601476,0.0002,,0.0005777519183960744,1.5205229268871803,7.875087203221654e-06,0.0016596902680608466,5.062854289945848e-18
1399,stage2_pde_terminal_interface,399,0.0025608140428402377,0.0002,,0.000298475786409788,1.5208233735434509,1.31672104287538e-05,0.002249171045958572,4.312377201488425e-14
1400,stage2_pde_terminal_interface,400,0.0033741333987428856,0.0002,,0.0003352948131358318,1.4171833831294882,8.826429421914856e-06,0.003030012155629828,5.553107921430165e-13
1401,stage2_pde_terminal_interface,401,0.003086149106708614,0.0002,,0.0004240875686305186,1.525572724257466,1.1841157382172792e-05,0.0026502203800169277,6.789950555716963e-13
1402,stage2_pde_terminal_interface,402,0.0025216714701749793,0.0002,,0.0003606350437011359,1.8032433482530168,9.048310123805964e-06,0.002151987055033233,1.0613168045731224e-09
1403,stage2_pde_terminal_interface,403,0.0018078540462347463,0.0002,,0.0003692087184224799,1.6647240086177741,1.033714718212691e-05,0.0014283081771514113,3.478728148738508e-12
1404,stage2_pde_terminal_interface,404,0.0025675741263450945,0.0002,,0.00033502062011926887,1.4859320796882358,8.692718009372984e-06,0.002223860788216453,7.044566859894263e-25
1405,stage2_pde_terminal_interface,405,0.0018506241825016552,0.0002,,0.00039525637571812715,1.6858361556119175,1.21450739732433e-05,0.0014432227319779135,8.323713826966107e-13
1406,stage2_pde_terminal_interface,406,0.0023784237026323153,0.0002,,0.0003082328676442265,1.4157561164701318,1.601549807064076e-05,0.002054175336912168,5.279945381675628e-15
1407,stage2_pde_terminal_interface,407,0.00386594767540063,0.0002,,0.00041906071044652926,1.3797620908966624,9.694120442011893e-06,0.0034371928278828998,1.6629189500355664e-11
1408,stage2_pde_terminal_interface,408,0.002817027351049677,0.0002,,0.0002968553891397837,1.5012039770254468,1.0200543754873023e-05,0.002509971417560759,5.942613790326275e-13
1409,stage2_pde_terminal_interface,409,0.00348665146819751,0.0002,,0.0004293785040525579,1.516895227804591,7.435983664964826e-06,0.0030498369804779785,2.008735326199241e-15
1410,stage2_pde_terminal_interface,410,0.002714957510897328,0.0002,,0.0003782639564976974,1.5763575017887475,1.2932298028765469e-05,0.0023237608814028225,3.7496804259142255e-10
1411,stage2_pde_terminal_interface,411,0.0035146843942240502,0.0002,,0.00043766603424711,1.4656614834353017,9.099775520754493e-06,0.003067917809479114,7.749770719592959e-10
1412,stage2_pde_terminal_interface,412,0.0027518235711606206,0.0002,,0.00042387513156199653,1.4280336738477828,1.1826365517479009e-05,0.0023161220736118942,4.692508915890456e-13
1413,stage2_pde_terminal_interface,413,0.002709530829328659,0.0002,,0.0002853027424390178,1.5441490282770074,1.190330129705601e-05,0.002412324333545927,4.5204665827158767e-10
1414,stage2_pde_terminal_interface,414,0.0023734126626770197,0.0002,,0.0004672232227951311,1.2533515416001146,9.84602467569005e-06,0.0018963428472746693,5.679315292073834e-10
1415,stage2_pde_terminal_interface,415,0.0025367018237139865,0.0002,,0.00031227079716766095,1.2106237389150445,1.2442184165809719e-05,0.002211988842377238,3.2779207024279905e-15
1416,stage2_pde_terminal_interface,416,0.002804695349251422,0.0002,,0.00043384697874116124,1.4629843262670548,5.607291544128418e-06,0.0023652410789661324,5.4700725888484475e-21
1417,stage2_pde_terminal_interface,417,0.0021642920818490904,0.0002,,0.0002374780506332677,1.2609142637379815,1.261673738690411e-05,0.0019141972716059095,2.222300887135974e-11
1418,stage2_pde_terminal_interface,418,0.004804329855054989,0.0002,,0.0004194721723259579,1.5397674923375073,1.4032160767168472e-05,0.004370825521961835,2.788514347013718e-17
1419,stage2_pde_terminal_interface,419,0.002003448556036283,0.0002,,0.00030264797187101917,1.3629164094539805,1.2559093138066795e-05,0.001688241491027197,3.8637997615989747e-25
1420,stage2_pde_terminal_interface,420,0.002191654935801602,0.0002,,0.00023404315855331262,1.362503194767457,8.009952518226922e-06,0.001949600743593832,1.081136230603202e-09
1421,stage2_pde_terminal_interface,421,0.0030827366187538914,0.0002,,0.0003902542231849212,1.4906076173137512,1.353159814486344e-05,0.0026789507974241057,1.035668869833439e-18
1422,stage2_pde_terminal_interface,422,0.0028088996477556643,0.0002,,0.0003725334376364348,1.2261353196782598,6.436241919261705e-06,0.002429929950098924,1.8101044068576687e-11
1423,stage2_pde_terminal_interface,423,0.0026537109420653876,0.0002,,0.0004405786235150204,1.4267468409411628,8.796248830497941e-06,0.002204336069719774,9.534159144482378e-17
1424,stage2_pde_terminal_interface,424,0.0028334926003975897,0.0002,,0.0004130267484352538,1.3249440943144744,1.0478757322601745e-05,0.0024099870946394657,2.683900940244088e-16
1425,stage2_pde_terminal_interface,425,0.0029809294871685973,0.0002,,0.0005101397137262403,1.6916605726281193,1.2861754563134155e-05,0.002457928018879223,2.4717527881106382e-21
1426,stage2_pde_terminal_interface,426,0.004493009583360623,0.0002,,0.00031241018459941166,1.4800435631785749,7.93413414954611e-06,0.004172665250107695,1.4503970061695383e-11
1427,stage2_pde_terminal_interface,427,0.003781776117109239,0.0002,,0.0003586205711358652,1.4725077543266085,9.67349085684218e-06,0.0034134820548585017,2.580300916570778e-13
1428,stage2_pde_terminal_interface,428,0.002572848439919986,0.0002,,0.0005238177034276941,1.3974218275975472,9.833013363379797e-06,0.002039197723126023,2.888772165473229e-15
1429,stage2_pde_terminal_interface,429,0.004548718360282551,0.0002,,0.0006016411637147353,1.3231758297259186,8.12807850549281e-06,0.003938949118062177,1.4650105153984253e-16
1430,stage2_pde_terminal_interface,430,0.002570689480002203,0.0002,,0.0005277831699513143,1.5255292746780282,7.148778567953894e-06,0.002035757531482935,1.4654469501854914e-23
1431,stage2_pde_terminal_interface,431,0.006794603648270093,0.0002,,0.0004958058899742161,1.3938191967059257,1.1901159612606064e-05,0.006286896598535235,1.4803547772355367e-13
1432,stage2_pde_terminal_interface,432,0.0033282628904811365,0.0002,,0.00035662059441573363,1.358077935445393,9.624816207071038e-06,0.002962017479858332,1.2626606047511499e-23
1433,stage2_pde_terminal_interface,433,0.0023505241003346105,0.0002,,0.0003174742963251133,1.3673955876216355,8.63607538094943e-06,0.0020244136790240437,4.9604503904156706e-11
1434,stage2_pde_terminal_interface,434,0.0035788394187948134,0.0002,,0.0004392807004471766,1.6173307744346277,1.2103490747141182e-05,0.0031274552275976494,2.846400124617895e-15
1435,stage2_pde_terminal_interface,435,0.0029887291505594905,0.0002,,0.00044087965817407994,1.6263127642205906,8.413467831820794e-06,0.00253943602425159,3.020002098049043e-13
1436,stage2_pde_terminal_interface,436,0.003022773778408134,0.0002,,0.0004352775967457084,1.4010048110956075,8.396858189853674e-06,0.002579099323217863,2.547086383411941e-13
1437,stage2_pde_terminal_interface,437,0.0020276500328624577,0.0002,,0.00035942634062228476,1.5056166544306098,7.342248574300512e-06,0.0016608814436553504,1.0521776273559277e-14
1438,stage2_pde_terminal_interface,438,0.002822484412384761,0.0002,,0.0005986548534076778,1.5600513912924125,6.823945956868578e-06,0.0022170056130065264,1.3688363630809473e-14
1439,stage2_pde_terminal_interface,439,0.003270388017155915,0.0002,,0.00029939587918131395,1.7096021903735619,7.11738872399356e-06,0.0029638747492506078,1.0421595407562145e-20
1440,stage2_pde_terminal_interface,440,0.0027122856327678486,0.0002,,0.00033617058731472555,1.4275166244180701,8.499271839590263e-06,0.0023676157734803,1.3323227929128802e-13
1441,stage2_pde_terminal_interface,441,0.002849970606865131,0.0002,,0.00035513162945383916,1.3583109567771445,1.2170399802418707e-05,0.0024826685776088643,8.523965108744325e-18
1442,stage2_pde_terminal_interface,442,0.0021137972774643173,0.0002,,0.00030052558721056294,1.2542719959893918,1.4734433731495613e-05,0.001798537256514237,8.021653502008447e-15
1443,stage2_pde_terminal_interface,443,0.0030120878172443114,0.0002,,0.00037146313242685593,1.3292259677001068,1.084220934350336e-05,0.002629782475392908,8.104412217496312e-14
1444,stage2_pde_terminal_interface,444,0.0026978996293392163,0.0002,,0.00027805216838018045,1.3849994355269353,1.0101678678182684e-05,0.002409745782280853,9.61496225215708e-20
1445,stage2_pde_terminal_interface,445,0.002191447649464867,0.0002,,0.00035956833330560745,1.3526042950809918,1.2442872342112044e-05,0.0018194364437453883,7.175886792107674e-14
1446,stage2_pde_terminal_interface,446,0.0034015370408290897,0.0002,,0.00039967350830180616,1.2354536502596913,1.0269255017058617e-05,0.0029915942774412286,6.899638112727339e-14
1447,stage2_pde_terminal_interface,447,0.003477992175055014,0.0002,,0.00032280286277031175,1.3033729257475049,7.2925140506824316e-06,0.00314789679823402,5.567141245494354e-35
1448,stage2_pde_terminal_interface,448,0.002760101903878675,0.0002,,0.00039979606847283234,1.418909626754662,1.1722516501706038e-05,0.002348575765734742,7.553169394670916e-09
1449,stage2_pde_terminal_interface,449,0.0022645387506745186,0.0002,,0.0003264659156064137,1.2605132343968561,1.2131290629869401e-05,0.0019259415444382354,4.028414263941254e-26
1450,stage2_pde_terminal_interface,450,0.002613151968068586,0.0002,,0.0002956554913750582,1.4274475714491983,6.849032814417832e-06,0.0023106474438790835,2.658248432494585e-17
1451,stage2_pde_terminal_interface,451,0.003080413414758975,0.0002,,0.00038357354348290463,1.2556923909016326,1.1708885431007462e-05,0.0026851309843313803,1.5136827516536704e-12
1452,stage2_pde_terminal_interface,452,0.0033699727590989566,0.0002,,0.0004045619234412651,1.2375079372018125,1.0972167047102531e-05,0.00295443756796424,1.1006463487502533e-09
1453,stage2_pde_terminal_interface,453,0.002502340750263755,0.0002,,0.0002678097684477807,1.4804788990601072,8.018292993962776e-06,0.0022265126888220037,7.536193663855478e-18
1454,stage2_pde_terminal_interface,454,0.003672234584925156,0.0002,,0.00032112025628298267,1.279068626167609,1.2436380410096917e-05,0.003338677948232076,4.0891083424027943e-26
1455,stage2_pde_terminal_interface,455,0.0034139726101970504,0.0002,,0.00031547158069740173,1.1395723833379583,7.731074757995993e-06,0.003090749902008335,2.00527333175892e-08
1456,stage2_pde_terminal_interface,456,0.0034874050712789292,0.0002,,0.00044228416466307645,1.3713278606771944,1.190697313337482e-05,0.0030332139334441565,3.832126311539976e-14
1457,stage2_pde_terminal_interface,457,0.0028649546817476994,0.0002,,0.0004269169995764387,1.2036985116820063,1.0122684389372833e-05,0.002427914629096933,3.686849545725848e-10
1458,stage2_pde_terminal_interface,458,0.003607190537430782,0.0002,,0.0002524250668507114,1.295015711114047,7.780657537533878e-06,0.0033469848130425364,3.3866628483507486e-32
1459,stage2_pde_terminal_interface,459,0.0024987466281614847,0.0002,,0.0003002098550844871,1.1898033633867806,8.537621899746866e-06,0.0021899710941042294,2.8057073021197236e-08
1460,stage2_pde_terminal_interface,460,0.002673012197030255,0.0002,,0.00030561254894722256,1.2528558494908175,9.687152036601303e-06,0.0023577124926413683,3.4050629513159908e-12
1461,stage2_pde_terminal_interface,461,0.0025782303606548857,0.0002,,0.0003075209043133578,1.3114032994945604,8.078073278494949e-06,0.0022626313803256557,2.7373772934668866e-12
1462,stage2_pde_terminal_interface,462,0.0024859626006910685,0.0002,,0.00027411202129498495,1.3228878033481586,1.0185899981228827e-05,0.0022016646794148545,2.3351200149144004e-22
1463,stage2_pde_terminal_interface,463,0.004817083040815259,0.0002,,0.00030165083043164466,1.1922935352648003,6.378810118615843e-06,0.004509053400264998,5.702982842932112e-22
1464,stage2_pde_terminal_interface,464,0.0030406228532554344,0.0002,,0.0003404578516706328,1.3701369733903392,1.1025811004624035e-05,0.002689139190579579,5.982970915824688e-16
1465,stage2_pde_terminal_interface,465,0.0029487135535889715,0.0002,,0.00048097586075990646,1.4105914818132135,9.877448111392347e-06,0.002457860244708842,8.831210123185092e-15
1466,stage2_pde_terminal_interface,466,0.0029399527536681474,0.0002,,0.0003833309063312545,1.4951732418518489,8.218784426206931e-06,0.0025484030629105733,1.126275546229076e-16
1467,stage2_pde_terminal_interface,467,0.002663521189689522,0.0002,,0.000331294934460645,1.3112154034952304,1.0168389015808126e-05,0.0023220578662121703,8.985028830426408e-16
1468,stage2_pde_terminal_interface,468,0.003216463848213473,0.0002,,0.00033573631032861334,1.480593722125743,1.2858601068793309e-05,0.0028678689368030427,1.3023893324018265e-14
1469,stage2_pde_terminal_interface,469,0.0017347243322220682,0.0002,,0.00033686393284384684,1.0451767717314557,1.1683818487040488e-05,0.0013861764638307154,1.1706046558337992e-10
1470,stage2_pde_terminal_interface,470,0.0028096136745798758,0.0002,,0.00035542615519794786,1.2291907089191025,1.4477335815703728e-05,0.0024397099119978847,2.715683392489843e-10
1471,stage2_pde_terminal_interface,471,0.0030056283250053475,0.0002,,0.00034910147631279573,1.2704057314359534,6.911064641630816e-06,0.00264961578401191,3.901083340850628e-14
1472,stage2_pde_terminal_interface,472,0.003054282091979245,0.0002,,0.00031980269769745135,1.3760646134759753,9.794172163812947e-06,0.002724685189279627,3.2838353965331387e-11
1473,stage2_pde_terminal_interface,473,0.002682222750715767,0.0002,,0.00024660508482915515,1.2668579545780436,1.654110091457598e-05,0.002419076564971983,5.275674497763301e-17
1474,stage2_pde_terminal_interface,474,0.005003036603171684,0.0002,,0.0003217191530174154,1.4375953767838063,1.1489226689245359e-05,0.004669828223465011,1.2321937229441699e-17
1475,stage2_pde_terminal_interface,475,0.0030526595312639054,0.0002,,0.0004618978148047319,1.34736029814369,8.642499680333675e-06,0.0025821192167788396,8.748819053579284e-20
1476,stage2_pde_terminal_interface,476,0.0025635417130254754,0.0002,,0.00039583410822985137,1.2342513091400966,7.301323937296135e-06,0.0021604062808583276,2.181595763709401e-19
1477,stage2_pde_terminal_interface,477,0.0033314672662835454,0.0002,,0.000303722678540933,1.1099057119664588,1.2108619113288664e-05,0.003015635968618536,1.0787746658935752e-14
1478,stage2_pde_terminal_interface,478,0.002769763071982485,0.0002,,0.0002949882253316717,1.2783157552504834,8.220809758955728e-06,0.002466554036891716,1.4133117680170166e-16
1479,stage2_pde_terminal_interface,479,0.004384544133155167,0.0002,,0.00028269246506546083,1.4095362607203161,1.071811796749023e-05,0.0040911335501218685,3.475056274926643e-16
1480,stage2_pde_terminal_interface,480,0.0026971348227697732,0.0002,,0.0003649359182913986,1.3562712318350882,9.111022483011998e-06,0.002323074314241427,1.356775393536563e-08
1481,stage2_pde_terminal_interface,481,0.0030271321616010018,0.0002,,0.0003066965761669211,1.2192629083344102,8.983215492825319e-06,0.0027114523699396645,1.5906240359079845e-15
1482,stage2_pde_terminal_interface,482,0.0037410971178828364,0.0002,,0.0003566530856461823,1.3832996822815575,1.0704785083301732e-05,0.0033737392471478453,5.506873718562911e-15
1483,stage2_pde_terminal_interface,483,0.003978294616976152,0.0002,,0.00033644908346197827,1.349485804712967,1.2244471018998685e-05,0.0036296010624951736,4.915263122364812e-19
1484,stage2_pde_terminal_interface,484,0.0023040870010949304,0.0002,,0.0002450354374714141,1.390656478933364,1.665300487304555e-05,0.002042398558730318,2.0152815332279664e-14
1485,stage2_pde_terminal_interface,485,0.0025816789998881922,0.0002,,0.00024232650500384298,1.398513818532142,8.141528790667285e-06,0.0023312109660416033,5.2078437243432385e-14
1486,stage2_pde_terminal_interface,486,0.0023455551214537056,0.0002,,0.00034992001381107656,1.2597309217724455,1.4778957398834079e-05,0.001980856150243795,2.764148458194948e-21
1487,stage2_pde_terminal_interface,487,0.002713514068886832,0.0002,,0.0003665182317854191,1.0726316343730589,9.502000707522162e-06,0.002337493836384943,8.947834330151079e-15
1488,stage2_pde_terminal_interface,488,0.0029978527231020566,0.0002,,0.0005191780834053508,1.2524178406691355,1.2323759539537675e-05,0.0024663508714335347,8.723633184699514e-12
1489,stage2_pde_terminal_interface,489,0.0025813317178851724,0.0002,,0.00031172850316752977,1.493996726853872,9.869311799014122e-06,0.002259733901567069,1.3515596960128232e-12
1490,stage2_pde_terminal_interface,490,0.003223802916469719,0.0002,,0.0002987011485864556,1.3898476965651672,1.0500041891386211e-05,0.0029146017177775273,8.214350241332135e-12
1491,stage2_pde_terminal_interface,491,0.0037179612945170424,0.0002,,0.0002646058560754476,1.1177416248747072,1.1641383618322954e-05,0.003441714049200718,5.622553634403917e-12
1492,stage2_pde_terminal_interface,492,0.0019858138325922477,0.0002,,0.0002714836842977716,1.12363134630607,1.355207946487725e-05,0.0017007345315577286,4.3537271870155456e-08
1493,stage2_pde_terminal_interface,493,0.002039142415392056,0.0002,,0.00027988496017280036,1.1900444323529873,1.5835465362590084e-05,0.0017431891516795509,2.328381771149043e-07
1494,stage2_pde_terminal_interface,494,0.0024211214206165867,0.0002,,0.0003037108322100787,1.322835175638196,1.1286144895920993e-05,0.0021061244435105417,4.546218055409192e-17
1495,stage2_pde_terminal_interface,495,0.0022948153488812685,0.0002,,0.0002525923150915631,1.1407452558357691,1.2460719540936876e-05,0.002029762314248543,2.2530594626032776e-16
1496,stage2_pde_terminal_interface,496,0.0024119268962789543,0.0002,,0.0003132775970144807,1.2331249268681146,7.719242512925994e-06,0.002090930041880214,1.4871333308159374e-11
1497,stage2_pde_terminal_interface,497,0.003418279515320568,0.0002,,0.0002996726434771499,1.258431762092806,1.3243909348107968e-05,0.003105362962493461,1.8490533099114473e-15
1498,stage2_pde_terminal_interface,498,0.002695361386893704,0.0002,,0.00031992208121667053,1.2926006259085017,8.622695874732628e-06,0.0023668165976962626,1.2106038400876212e-11
1499,stage2_pde_terminal_interface,499,0.0032395551955483764,0.0002,,0.0004070435058549871,1.2506292730668702,6.44468343970919e-06,0.002826066880127014,1.261266661319904e-10
1500,stage2_pde_terminal_interface,500,0.0036119902981116615,0.0002,,0.0004917892334733467,1.1619645150813103,9.204920716194651e-06,0.0031109961439121057,1.0013912170382294e-14
1501,stage2_pde_terminal_interface,501,0.00341416870748198,0.0002,,0.00021999102535357387,1.0362537157493454,6.972636495066564e-06,0.0031872050456319156,1.4242377323288328e-15
1502,stage2_pde_terminal_interface,502,0.0029330374564423504,0.0002,,0.00030676376067866366,1.2571522272688451,1.430708498734097e-05,0.0026119665008064712,1.0996987450548022e-10
1503,stage2_pde_terminal_interface,503,0.002525179939822993,0.0002,,0.0003698658168901977,1.1899850546360855,1.1291581509478385e-05,0.00214397788853433,4.4652888987215544e-08
1504,stage2_pde_terminal_interface,504,0.002621809830299394,0.0002,,0.00027500350163006855,1.155984045244524,8.603258706477934e-06,0.002338202208783431,8.611794170410478e-10
1505,stage2_pde_terminal_interface,505,0.0030538831864161315,0.0002,,0.00030922947759381145,1.2991754310276,1.3213981250004274e-05,0.00273143972757205,2.658004429486489e-16
1506,stage2_pde_terminal_interface,506,0.0025968880702961004,0.0002,,0.00027815000027551416,1.4401118783245666,5.925988331260658e-06,0.0023128120816866497,2.6759371137918575e-15
1507,stage2_pde_terminal_interface,507,0.002890364349329919,0.0002,,0.0002458707297377239,1.26952383468703,1.0388986855848568e-05,0.002634103055466448,1.5772698986409954e-09
1508,stage2_pde_terminal_interface,508,0.0026333819834588523,0.0002,,0.0002570776867641368,1.40083830525728,9.97560461143311e-06,0.0023663286920807282,2.5541838934898328e-15
1509,stage2_pde_terminal_interface,509,0.0015360104387510578,0.0002,,0.00020671777180089504,1.0980295005332399,9.601977287878622e-06,0.0013194214270237843,2.6926263849990953e-07
1510,stage2_pde_terminal_interface,510,0.002702934701682354,0.0002,,0.0003518372357899994,1.2922633347473595,1.1544878599715298e-05,0.0023395525850173726,2.2752664593082604e-12
1511,stage2_pde_terminal_interface,511,0.0036698329461960096,0.0002,,0.00029750909877638757,1.2569743858249824,9.990083273830727e-06,0.003362333764144157,1.634296436676668e-15
1512,stage2_pde_terminal_interface,512,0.003002616518184484,0.0002,,0.00024176047735277383,1.0893505312487328,6.66036700798184e-06,0.0027541857342942783,9.939529449956902e-09
1513,stage2_pde_terminal_interface,513,0.0026432183621999047,0.0002,,0.0003406611266074526,1.1863366334171574,1.2227220652244909e-05,0.002290330012659881,2.2803262750886975e-12
1514,stage2_pde_terminal_interface,514,0.0023760013711465193,0.0002,,0.00024203775285807662,1.1767485213803932,1.0049852688172601e-05,0.002123906757826508,7.007773762006957e-09
1515,stage2_pde_terminal_interface,515,0.002233606119480103,0.0002,,0.0003053298641272099,1.2148430684331537,1.1403236577855477e-05,0.0019168730187747924,2.451846538640052e-16
1516,stage2_pde_terminal_interface,516,0.0026202182450085106,0.0002,,0.00021508237406698,1.213299822958979,9.113967060200474e-06,0.0023960219038813057,2.4255574315392783e-17
1517,stage2_pde_terminal_interface,517,0.00293328741856328,0.0002,,0.0003216230912871939,1.2494083610781155,1.0614705479741684e-05,0.002601049485061171,1.3673517351797684e-10
1518,stage2_pde_terminal_interface,518,0.002195030263229636,0.0002,,0.00036273417379025343,1.5760126509765169,8.613009921933867e-06,0.0018236830791424088,3.75040255831219e-13
1519,stage2_pde_terminal_interface,519,0.002220675274579458,0.0002,,0.00032853262148134596,1.3514183182057522,1.2702168021944961e-05,0.001879440485073884,2.2831690730885965e-15
1520,stage2_pde_terminal_interface,520,0.0020081132485522107,0.0002,,0.000330329873252399,0.9897673225185292,7.403507790296034e-06,0.001670379865766567,1.7429487131095304e-12
1521,stage2_pde_terminal_interface,521,0.0024212702787754672,0.0002,,0.0003278867867008271,1.2472572229567245,1.0119163501737391e-05,0.002083263799063225,5.295096777341951e-10
1522,stage2_pde_terminal_interface,522,0.002358829827760659,0.0002,,0.0002873061758402876,1.217898479874538,9.978180214123377e-06,0.002061545471706159,8.871595233884866e-17
1523,stage2_pde_terminal_interface,523,0.0024564966207748467,0.0002,,0.00030136625890813426,1.462129193966446,1.0615435042277224e-05,0.0021445071906313652,7.736193070462551e-09
1524,stage2_pde_terminal_interface,524,0.0030625781324154213,0.0002,,0.00023398322440384024,1.1428915214730557,1.0401471321939874e-05,0.002818190950488659,2.4862009820252233e-09
1525,stage2_pde_terminal_interface,525,0.0020443690972233044,0.0002,,0.0002893831079845097,1.1092756320219161,7.814083960221796e-06,0.001747171875729006,2.9549566644342806e-11
1526,stage2_pde_terminal_interface,526,0.0023232067412691567,0.0002,,0.0003354953131249787,1.2547245208107591,9.41381473224259e-06,0.0019782976134119354,1.4785735030719761e-22
1527,stage2_pde_terminal_interface,527,0.0029460990149284857,0.0002,,0.0003021879938668639,1.2624826495065746,1.004267522554979e-05,0.0026338683391620354,6.674036963590765e-12
1528,stage2_pde_terminal_interface,528,0.0028580315454739976,0.0002,,0.0002899019323258023,1.3383491703915984,1.5048459486660845e-05,0.0025530811536615345,2.400900705708417e-22
1529,stage2_pde_terminal_interface,529,0.0020764729265202145,0.0002,,0.0002447284263825219,1.4245586806447466,8.035567598768649e-06,0.0018237088856428163,4.6896107585829714e-11
1530,stage2_pde_terminal_interface,530,0.0030007377048192545,0.0002,,0.0002861398129227354,1.3585378812944626,8.075474996279141e-06,0.0027065224169001965,4.343547130436076e-17
1531,stage2_pde_terminal_interface,531,0.0019006087702933853,0.0002,,0.00028834513817953337,1.1575312071867856,1.2319759430706255e-05,0.0015999438726831455,1.296585030075432e-19
1532,stage2_pde_terminal_interface,532,0.002366534099805333,0.0002,,0.00027972131057412336,1.3804540935330667,1.2435065732410263e-05,0.002074377723498799,9.237971879608937e-26
1533,stage2_pde_terminal_interface,533,0.0019925114294864587,0.0002,,0.0001985115953902805,1.0421288646705178,7.5362421065097055e-06,0.001786463470179622,1.2181004662559554e-10
1534,stage2_pde_terminal_interface,534,0.0021279551880310425,0.0002,,0.00023790500181244693,1.2616684296301441,9.452420552262011e-06,0.001880596050406253,1.7152600806386708e-09
1535,stage2_pde_terminal_interface,535,0.0034060344277230437,0.0002,,0.00033892971138556864,1.394545565494874,7.671784107026388e-06,0.0030594329321996364,3.081230708737929e-14
1536,stage2_pde_terminal_interface,536,0.002595625415380919,0.0002,,0.00027569024277436234,1.246806710185106,9.449799769283674e-06,0.002310485321821666,5.101560700255082e-11
1537,stage2_pde_terminal_interface,537,0.0029191325007719288,0.0002,,0.00028452088680794497,1.3244401947887088,1.0281132797945624e-05,0.002624330481165539,4.990523751397805e-16
1538,stage2_pde_terminal_interface,538,0.003050849869237437,0.0002,,0.0003413098426559989,1.214925180944679,9.129523118473615e-06,0.002700410503462301,6.636423512394373e-16
1539,stage2_pde_terminal_interface,539,0.0026649346108174265,0.0002,,0.000380152144300135,1.224689311439238,1.1856472383122869e-05,0.002272925994129687,4.481591563981604e-15
1540,stage2_pde_terminal_interface,540,0.002726755969954037,0.0002,,0.00023185864433059744,1.2291120853911701,1.0929069493695107e-05,0.0024839682561297446,1.2960147322075755e-28
1541,stage2_pde_terminal_interface,541,0.0021339328471463815,0.0002,,0.00024162298398527476,1.2885895600662556,5.969694663693715e-06,0.001886334715600086,5.452897326825628e-09
1542,stage2_pde_terminal_interface,542,0.0023544535199065183,0.0002,,0.00031350352425701174,1.3177645765631605,1.2102195835256056e-05,0.0020288477998142503,8.693804250771964e-30
1543,stage2_pde_terminal_interface,543,0.002955354721457621,0.0002,,0.0002645394439192457,1.3341684927195796,1.0267386411758209e-05,0.0026804104363066473,1.3745481996983193e-07
1544,stage2_pde_terminal_interface,544,0.0030408318379119476,0.0002,,0.00025309259033628984,1.1482274709580862,9.48504756665943e-06,0.00277825411647405,8.353494856587225e-11
1545,stage2_pde_terminal_interface,545,0.0024143304314382004,0.0002,,0.0002154934303515876,1.4160715163813906,9.526862538409101e-06,0.0021893101382005355,3.476679525401427e-13
1546,stage2_pde_terminal_interface,546,0.0023556538062577395,0.0002,,0.0003326202968098508,1.2150444615537315,1.0946217662491068e-05,0.002012087291782747,2.6508672073445306e-15
1547,stage2_pde_terminal_interface,547,0.0021957736525022465,0.0002,,0.00028963082265000316,1.2176869239472479,1.2930348811443654e-05,0.001893212374656348,1.0638445168361776e-10
1548,stage2_pde_terminal_interface,548,0.002889486007991831,0.0002,,0.0003592946139090611,1.2798976051673667,1.1955798697774513e-05,0.002518235376883576,2.1850141902923269e-10
1549,stage2_pde_terminal_interface,549,0.0028075692056772957,0.0002,,0.00031248584350071387,1.2019688228395295,1.1474835836666416e-05,0.002483608523296112,3.043803166466889e-12
1550,stage2_pde_terminal_interface,550,0.0018657090486700267,0.0002,,0.00026563204967974997,1.2876401188632725,1.1022210351876616e-05,0.0015890547886384001,1.3292547799631047e-24
1551,stage2_pde_terminal_interface,551,0.002606391202397816,0.0002,,0.0002900110671795295,1.004206692397692,8.361401841750383e-06,0.002308018682294982,5.108155409718567e-11
1552,stage2_pde_terminal_interface,552,0.0020343594422096143,0.0002,,0.00022440970557384193,1.0749082303365478,1.2205672364810806e-05,0.0017977440642558576,1.510401000960568e-14
1553,stage2_pde_terminal_interface,553,0.00218932248866187,0.0002,,0.00025612643956670147,1.0307303788537978,1.2885670474457905e-05,0.0019203103786207107,7.552838965050279e-29
1554,stage2_pde_terminal_interface,554,0.0034185610269990944,0.0002,,0.0003824469950083441,1.4618042139263054,1.0134671289244405e-05,0.003025979360285966,4.155397951475451e-13
1555,stage2_pde_terminal_interface,555,0.002464832046929421,0.0002,,0.00022874988624296572,1.3576283986307232,9.843467446006718e-06,0.0022262259487006017,1.2744539846889204e-08
1556,stage2_pde_terminal_interface,556,0.002185896145932587,0.0002,,0.00025830642609764754,1.2482221016801642,1.1863497113232185e-05,0.0019157242600696058,1.9626521015548922e-09
1557,stage2_pde_terminal_interface,557,0.0016868514789759915,0.0002,,0.00021692642074867433,1.1225133402485958,1.0751543367674007e-05,0.001459173514859419,2.2426611708691846e-16
1558,stage2_pde_terminal_interface,558,0.0032623653105103047,0.0002,,0.0002583655157092135,1.0916068304758277,6.986791166317185e-06,0.0029970130029394514,6.953225677376111e-13
1559,stage2_pde_terminal_interface,559,0.002261370020094795,0.0002,,0.00021084131144250094,1.2020708658705983,1.0253386514479905e-05,0.002040275311339572,1.0798242419296302e-11
1560,stage2_pde_terminal_interface,560,0.0020937187668296294,0.0002,,0.0002685843605417321,1.2383171663104862,1.2373885035440623e-05,0.0018127605212444509,8.005675001946973e-15
1561,stage2_pde_terminal_interface,561,0.0020095310816356606,0.0002,,0.00022572286712262517,1.140760030056584,1.2860166669392431e-05,0.001770948047843643,1.4516964993789537e-22
1562,stage2_pde_terminal_interface,562,0.0020636876509676355,0.0002,,0.0002522009219421657,1.4308170963247595,1.0506041512807391e-05,0.0018009806868064164,7.062458408242347e-13
1563,stage2_pde_terminal_interface,563,0.002741605202722589,0.0002,,0.0002472562340328235,1.125496462816796,1.2572313109039035e-05,0.0024817754252775062,1.2303032203095298e-09
1564,stage2_pde_terminal_interface,564,0.002640771110179001,0.0002,,0.0002466629177518399,1.2293882924968127,4.753145189213836e-06,0.0023893550472379437,3.4561793696401185e-18
1565,stage2_pde_terminal_interface,565,0.0027068204388569707,0.0002,,0.0002234927976486275,1.1303321129648698,1.0653838557368293e-05,0.0024726738026506537,3.214072161887135e-16
1566,stage2_pde_terminal_interface,566,0.002355896303465263,0.0002,,0.00021999775632283047,1.0657194844591094,9.833425286093904e-06,0.002125993408771307,7.171308503185886e-08
1567,stage2_pde_terminal_interface,567,0.002177495872811012,0.0002,,0.00025349148114680914,0.9859823485479148,8.854480521885168e-06,0.0019151499111423175,2.4914713609800124e-19
1568,stage2_pde_terminal_interface,568,0.0026365570791160834,0.0002,,0.00024459000033989065,1.1717763696813335,9.084869698502457e-06,0.002382882209077687,3.474728824712074e-18
1569,stage2_pde_terminal_interface,569,0.002816236121140747,0.0002,,0.00020349035230015348,0.8826305114612281,8.735951117585261e-06,0.002604008445308472,1.372414536129749e-09
1570,stage2_pde_terminal_interface,570,0.0038791858012675972,0.0002,,0.000249828770645935,1.28169558853756,1.2779124963084313e-05,0.003616540067462458,3.7838196119565014e-08
1571,stage2_pde_terminal_interface,571,0.0027397479706011037,0.0002,,0.00030858559244459664,1.0380527868984655,8.302344950886824e-06,0.002422860033205586,3.414992435652e-17
1572,stage2_pde_terminal_interface,572,0.003164000143237007,0.0002,,0.00026633354431620897,1.403785573106349,9.419832362780406e-06,0.0028882467665580177,2.2612797999911264e-23
1573,stage2_pde_terminal_interface,573,0.0025215410163504062,0.0002,,0.00030051808991604027,1.1854555417430546,8.726684110863204e-06,0.0022122962049313053,3.7392197577116425e-11
1574,stage2_pde_terminal_interface,574,0.0020247412788538597,0.0002,,0.00019758847698969262,1.1137908050236536,9.229476769650604e-06,0.0018179233247859626,3.0855412475226965e-13
1575,stage2_pde_terminal_interface,575,0.0037003661456172644,0.0002,,0.000274481404911383,1.4306380962339817,1.1002509932126327e-05,0.0034148681761071134,1.4054666642041665e-08
1576,stage2_pde_terminal_interface,576,0.0020482452108525886,0.0002,,0.0002056132011778949,1.2696389960751042,1.2461749026559952e-05,0.0018301702606478537,2.801994048926646e-16
1577,stage2_pde_terminal_interface,577,0.0022255060023145673,0.0002,,0.0002909707247525207,1.0926264569320736,8.5546497669449e-06,0.0019259794674800082,1.1603150934693353e-09
1578,stage2_pde_terminal_interface,578,0.002410484818744214,0.0002,,0.0003001592765736657,1.0791290668979687,9.580087768113122e-06,0.00210074238096421,3.0734382252355446e-09
1579,stage2_pde_terminal_interface,579,0.0026798502434401267,0.0002,,0.0002704718903214739,1.2725056665874643,1.0001723198271974e-05,0.0023993766290627623,8.57618717445042e-13
1580,stage2_pde_terminal_interface,580,0.002130137822759421,0.0002,,0.00040940457002080853,1.2396954805789462,7.473547593924394e-06,0.0017132597051446835,4.66151459517424e-18
1581,stage2_pde_terminal_interface,581,0.002645146830259277,0.0002,,0.00023862626261526997,1.3263288383107572,1.168881415397341e-05,0.002394831744717086,8.7729476119997e-12
1582,stage2_pde_terminal_interface,582,0.0026858603431825267,0.0002,,0.00019818727806547365,1.0817863047730425,1.2570066953335662e-05,0.0024750918387463935,1.1159417323789559e-08
1583,stage2_pde_terminal_interface,583,0.0025478565661414937,0.0002,,0.00021213829564113452,1.1682026505160275,8.91195401646534e-06,0.0023268063164691636,1.4730209574315813e-14
1584,stage2_pde_terminal_interface,584,0.0030244598439057003,0.0002,,0.0002822266687318414,1.2123626906811014,1.351501610885178e-05,0.0027287147144617143,3.4446032924912966e-09
1585,stage2_pde_terminal_interface,585,0.002298947389296625,0.0002,,0.0002669373227589031,1.3491482238173043,8.623168330689669e-06,0.0020233865117326617,3.8647437013047935e-10
1586,stage2_pde_terminal_interface,586,0.002724743767915952,0.0002,,0.0003156880719178371,1.1570445204673026,9.562100688460342e-06,0.0023994935910683626,4.241292112278606e-12
1587,stage2_pde_terminal_interface,587,0.0025423456488171607,0.0002,,0.000272391877448458,0.953331711981759,1.0662709539957222e-05,0.002259291061826425,2.320309161156518e-15
1588,stage2_pde_terminal_interface,588,0.0024930561471275653,0.0002,,0.0002272406741961808,1.291996273319915,9.067299451955262e-06,0.0022567481244729418,4.9006487765976926e-11
1589,stage2_pde_terminal_interface,589,0.003034743990834615,0.0002,,0.00020255035555341038,1.2218901794638395,1.006164656770795e-05,0.0028221319879195178,7.939791451932656e-13
1590,stage2_pde_terminal_interface,590,0.0030803823103438877,0.0002,,0.0002219659882815756,1.1790897954678514,8.416129178040237e-06,0.002850000192884272,6.568688995582941e-25
1591,stage2_pde_terminal_interface,591,0.0019528070998594401,0.0002,,0.00028579601935101856,1.209748068797828,1.3751948924867658e-05,0.001653259131583554,4.450343006076119e-21
1592,stage2_pde_terminal_interface,592,0.0018538601815392818,0.0002,,0.0002243113390469526,1.2726255007280594,1.006324533126242e-05,0.001619485597160311,7.559957419111099e-16
1593,stage2_pde_terminal_interface,593,0.0019892679172149046,0.0002,,0.0002756421175115734,1.2718592902704329,8.249793117812154e-06,0.0017053277051199897,4.830146552940559e-08
1594,stage2_pde_terminal_interface,594,0.0020377578588803486,0.0002,,0.00034922158019618687,1.0308660078716165,1.2746559749804184e-05,0.0016757890381680226,6.80766335152673e-10
1595,stage2_pde_terminal_interface,595,0.002165233250338703,0.0002,,0.00023243551589533214,1.246805030436034,8.17684472379644e-06,0.0019246208897177475,1.826803241523323e-15
1596,stage2_pde_terminal_interface,596,0.0031252380063456924,0.0002,,0.0004003055349527402,1.1000236283928022,1.5609703602448506e-05,0.0027093227677867085,3.795070549950228e-15
1597,stage2_pde_terminal_interface,597,0.002131287106226288,0.0002,,0.00021874003447698866,1.1406533979895224,7.129060286889671e-06,0.0019054180114624097,1.5029847787065692e-19
1598,stage2_pde_terminal_interface,598,0.0022196974897392544,0.0002,,0.00024431738611455236,1.1448503125520937,7.151071800933781e-06,0.0019682290282460758,3.577692541815264e-12
1599,stage2_pde_terminal_interface,599,0.002637365011644002,0.0002,,0.0002531571303429706,1.2014664722779667,1.4723248946713038e-05,0.002369484570826607,6.152771148518692e-11
1600,stage2_pde_terminal_interface,600,0.0023578757190355366,0.0002,,0.00022818760175026222,1.0285655014257045,6.714861956353663e-06,0.0021229724510901465,8.042387739135019e-10
1601,stage2_pde_terminal_interface,601,0.0024675723463978066,0.0002,,0.0002975045770401306,1.3261568618333799,7.635932967830918e-06,0.002162431836389253,5.922814338109918e-16
1602,stage2_pde_terminal_interface,602,0.0027508533493422853,0.0002,,0.00021414717219283384,0.9804221939957548,1.0128986860945188e-05,0.002526576559829923,6.304585834855088e-10
1603,stage2_pde_terminal_interface,603,0.0028158427104968825,0.0002,,0.00022400076606371677,0.9272814948882678,7.3155862472212514e-06,0.0025844902837024782,3.6074483466224756e-08
1604,stage2_pde_terminal_interface,604,0.0025591046026457336,0.0002,,0.00023508303024900447,1.1441596444930906,9.625871464700364e-06,0.00231439570093144,5.889295682871917e-16
1605,stage2_pde_terminal_interface,605,0.002900239526749912,0.0002,,0.000283611855596227,1.0050534178791257,7.32652731063373e-06,0.002609301143759015,8.403589733051779e-14
1606,stage2_pde_terminal_interface,606,0.002669414727591355,0.0002,,0.00028743949611807854,0.9505996101302965,1.0210007613531257e-05,0.0023717652212375175,2.622227608457539e-12
1607,stage2_pde_terminal_interface,607,0.0033055307684969346,0.0002,,0.00034722678134116664,1.064944368117036,9.062965919083564e-06,0.0029492356457637378,5.3754729466116676e-09
1608,stage2_pde_terminal_interface,608,0.002699245556016134,0.0002,,0.00021634043880144636,1.2160951348507856,9.60635380961775e-06,0.00247329876340502,4.982879341284394e-17
1609,stage2_pde_terminal_interface,609,0.0019067087391968912,0.0002,,0.00018072276469683103,1.1080056643196614,1.028226019414834e-05,0.0017157037143027101,3.201566884382303e-15
1610,stage2_pde_terminal_interface,610,0.003341344556092682,0.0002,,0.0002627230793702739,1.1016961369679423,8.734095932417463e-06,0.0030698873807039305,8.605987789343366e-14
1611,stage2_pde_terminal_interface,611,0.002575588933360918,0.0002,,0.00020628168689664105,1.2410792112339275,1.1448576547788701e-05,0.002357858669916488,1.4196019100285628e-22
1612,stage2_pde_terminal_interface,612,0.0037784039476409788,0.0002,,0.00024447019725120625,1.279042406959954,5.730222678760209e-06,0.0035280003996012877,2.0312810972451444e-07
1613,stage2_pde_terminal_interface,613,0.002397336885923809,0.0002,,0.0003749848792579393,1.1962339982043613,1.1141300530596183e-05,0.0020112015023020357,9.203833238265104e-09
1614,stage2_pde_terminal_interface,614,0.0025083422717224863,0.0002,,0.00019150882625755544,1.0282862369585264,1.2475889470181845e-05,0.0023043575559947476,1.4915751808660194e-18
1615,stage2_pde_terminal_interface,615,0.0018545765552487473,0.0002,,0.0002738640189961731,1.2312848205603208,6.634233109441885e-06,0.0015740236898680365,5.4613275095861656e-08
1616,stage2_pde_terminal_interface,616,0.0024263675701550556,0.0002,,0.00024139008417283566,0.9815010809539316,8.13832799155547e-06,0.0021768317044765237,7.453514141124193e-09
1617,stage2_pde_terminal_interface,617,0.0026360217208654707,0.0002,,0.00022546681552677975,1.1266014592435776,7.461374586924518e-06,0.002403093528367545,2.384221731554212e-12
1618,stage2_pde_terminal_interface,618,0.0024999143597759974,0.0002,,0.0002602855608842939,1.2422639861451958,9.065334412598831e-06,0.002230563463779395,6.997092265480858e-13
1619,stage2_pde_terminal_interface,619,0.0020761678903931527,0.0002,,0.00020250222375919078,0.9237522555967128,9.591745761324629e-06,0.0018640739179897883,2.8828490312611193e-12
1620,stage2_pde_terminal_interface,620,0.002829141069883569,0.0002,,0.00023397855634874447,1.1709881511192943,7.6243814452198336e-06,0.0025875381309750384,1.1145658866134454e-12
1621,stage2_pde_terminal_interface,621,0.0024146296131712054,0.0002,,0.00024958726092251293,1.1027912661212385,8.760931397616096e-06,0.0021562814208510766,5.083423115901786e-22
1622,stage2_pde_terminal_interface,622,0.003145501934954602,0.0002,,0.0004190522593634155,0.881809206064869,1.1505589473107e-05,0.0027149432727204166,8.133976625019099e-10
1623,stage2_pde_terminal_interface,623,0.0017327167130552087,0.0002,,0.00019179267364043029,1.0825840773344173,1.1138041978920483e-05,0.0015297859974358577,1.2917590340792886e-19
1624,stage2_pde_terminal_interface,624,0.002013894741713625,0.0002,,0.00021185338150363502,1.058778666791085,8.707142627227967e-06,0.0017933341887964003,2.8786361653738052e-11
1625,stage2_pde_terminal_interface,625,0.00259690559741949,0.0002,,0.00025795213518948936,1.1273065297431017,9.082505518713292e-06,0.0023298709567112757,1.1076392783396965e-17
1626,stage2_pde_terminal_interface,626,0.0028242812264127094,0.0002,,0.00026669840454704327,1.0486783208411288,1.0854380707667785e-05,0.002546728441120064,3.793457268287932e-14
1627,stage2_pde_terminal_interface,627,0.002275510492063844,0.0002,,0.00024574867732793116,1.0949030576170362,1.0981674907300464e-05,0.002018780100205201,3.962341141859624e-11
1628,stage2_pde_terminal_interface,628,0.0015957989248587738,0.0002,,0.0002899556147687251,1.1280209249443138,1.2331293511654872e-05,0.0012935119944628088,2.2115585125012602e-11
1629,stage2_pde_terminal_interface,629,0.0021540308731721053,0.0002,,0.0002488722428871314,0.9475258717092765,1.073780550185289e-05,0.0018944208247828735,2.4778483013131933e-16
1630,stage2_pde_terminal_interface,630,0.0028862758528974243,0.0002,,0.00023384614896461382,1.0544181959875256,1.2941513051641991e-05,0.002639488188424742,2.4564264919554943e-12
1631,stage2_pde_terminal_interface,631,0.0033120388384683124,0.0002,,0.00026059871436817693,1.0014715737262792,7.438812199729905e-06,0.0030440013112113117,6.890938869879476e-13
1632,stage2_pde_terminal_interface,632,0.0023794808549005403,0.0002,,0.00018261347707268386,1.0181549848580633,1.114678484806073e-05,0.002185720592979796,1.5073479948479558e-22
1633,stage2_pde_terminal_interface,633,0.002573046931004511,0.0002,,0.00029139551142895925,1.1156639396757333,8.137535311469902e-06,0.0022735138842640487,3.3438409890641215e-17
1634,stage2_pde_terminal_interface,634,0.0035367485870616204,0.0002,,0.00022487279177180267,1.0739255079159455,1.0701803050076303e-05,0.0033011739922397415,2.6611935429282394e-20
1635,stage2_pde_terminal_interface,635,0.002975060658541836,0.0002,,0.00024439606617343015,0.9577468354323917,7.883960685343328e-06,0.0027227716549048757,8.976778186781983e-09
1636,stage2_pde_terminal_interface,636,0.002397383096353697,0.0002,,0.00021880471310498008,1.0333316815364875,8.821504210922343e-06,0.002169756879037794,3.2259967587065936e-19
1637,stage2_pde_terminal_interface,637,0.002617593419673993,0.0002,,0.000243489769989366,1.2374118397149663,1.0589614298734913e-05,0.0023635133423641095,6.930217828535948e-10
1638,stage2_pde_terminal_interface,638,0.0038122839383145537,0.0002,,0.0002010646429255067,1.0231819025846178,9.152567364992214e-06,0.0036020667278355368,1.8851783211534951e-13
1639,stage2_pde_terminal_interface,639,0.0022292325408633977,0.0002,,0.0002104346926724557,1.0320622246174977,1.2038837703311118e-05,0.002006759010487631,2.230544639935311e-28
1640,stage2_pde_terminal_interface,640,0.002924625745999251,0.0002,,0.00026043801042386207,1.0273202269087285,1.055583385280838e-05,0.0026536319017225803,2.08439544805652e-21
1641,stage2_pde_terminal_interface,641,0.0025018171045674345,0.0002,,0.00023208746925490925,0.9801542493377903,7.599098717380009e-06,0.002262117819073211,1.27175219344305e-08
1642,stage2_pde_terminal_interface,642,0.0027364058281630285,0.0002,,0.00018297317454598217,1.167161481421084,7.501529443693889e-06,0.0025459310192983155,1.0487503683284394e-10
1643,stage2_pde_terminal_interface,643,0.0032071088899463555,0.0002,,0.0003678070249392491,0.9881170782514089,9.999511641433771e-06,0.0028293023533656728,3.092564243563673e-20
1644,stage2_pde_terminal_interface,644,0.003058701279043351,0.0002,,0.0002474704961002162,1.0591632513581006,8.072790906989247e-06,0.0028031579920361396,6.009847549600399e-18
1645,stage2_pde_terminal_interface,645,0.002580853149308658,0.0002,,0.0002539492784154168,1.0879135888121327,1.1572398774450791e-05,0.0023153314721187893,1.4746470002030192e-18
1646,stage2_pde_terminal_interface,646,0.0034393538566960544,0.0002,,0.0002455086306531826,0.9180337592730562,7.067000386027837e-06,0.0031867770827335366,1.142923307063902e-09
1647,stage2_pde_terminal_interface,647,0.002936425943675811,0.0002,,0.00022106641937598355,0.8627363019806156,7.091114153500996e-06,0.0027082684100369664,1.0935983660489827e-13
1648,stage2_pde_terminal_interface,648,0.0027807615209673613,0.0002,,0.00022329759213470733,1.0418322719287962,8.589142379689753e-06,0.00254887473615407,5.029889446614664e-11
1649,stage2_pde_terminal_interface,649,0.0030336204778049517,0.0002,,0.0003751286841036039,1.0917437634976055,1.0568529465248615e-05,0.002647923264236099,6.724363016881592e-20
1650,stage2_pde_terminal_interface,650,0.0022915488447823487,0.0002,,0.00023735265468939512,1.0434265939739962,9.407988216917487e-06,0.002044786305716787,1.8961592488906474e-09
1651,stage2_pde_terminal_interface,651,0.0030675529007950994,0.0002,,0.0002775797577287267,1.0606541946375156,5.7234379963086015e-06,0.0027842496997513323,5.31873140089246e-12
1652,stage2_pde_terminal_interface,652,0.0022269549987970322,0.0002,,0.00015562689979709015,0.8992934840543616,1.032847813164952e-05,0.0020609996206570943,2.1119830011688145e-13
1653,stage2_pde_terminal_interface,653,0.002518236055221212,0.0002,,0.00015203234958353803,1.0893924585640509,1.1607673364455436e-05,0.002354596028150297,4.122921771755922e-12
1654,stage2_pde_terminal_interface,654,0.00262529255172498,0.0002,,0.00031191050546952343,1.0871016994559881,1.2978349454478633e-05,0.002300403696800978,1.913915725028788e-29
1655,stage2_pde_terminal_interface,655,0.0027989296173952295,0.0002,,0.0002578153192150927,1.0831026578236944,8.165795908299852e-06,0.0025329469710994434,1.5311723933902404e-09
1656,stage2_pde_terminal_interface,656,0.0023952666984549615,0.0002,,0.0002672476196568874,0.9613173713516643,1.526742610780982e-05,0.002112751652690264,5.010187544587252e-21
1657,stage2_pde_terminal_interface,657,0.0018011322642978557,0.0002,,0.0002639016233843393,0.8941128212410576,9.64473612655691e-06,0.0015275859047869595,1.1223506885290203e-27
1658,stage2_pde_terminal_interface,658,0.003118367644323628,0.0002,,0.00022925367285843461,1.046066854004101,1.0979013430501048e-05,0.0028781349580273025,7.389392498823757e-15
1659,stage2_pde_terminal_interface,659,0.0026843529176914863,0.0002,,0.00021777173280584006,1.0192281992829675,7.976217915667349e-06,0.002458604966969979,4.7079024090250424e-20
1660,stage2_pde_terminal_interface,660,0.0022828794048413465,0.0002,,0.00021557360145329737,1.2347091034382922,1.2805865217707345e-05,0.002054499938170246,9.592556090486495e-17
1661,stage2_pde_terminal_interface,661,0.002204503711082625,0.0002,,0.00024383289476711777,1.1462516453994391,9.40704370354744e-06,0.0019512637726066353,5.324801944078845e-15
1662,stage2_pde_terminal_interface,662,0.0019455495847464878,0.0002,,0.00022252811346762535,1.081841817033834,9.99778817109656e-06,0.0017130236429117442,4.0196021567630133e-11
1663,stage2_pde_terminal_interface,663,0.0028173660201975207,0.0002,,0.0002916648616169531,1.1855857769784737,8.051944810424444e-06,0.0025176492137701434,3.21855889863353e-21
1664,stage2_pde_terminal_interface,664,0.0024827644231241912,0.0002,,0.00035916407665170195,1.0599584039082957,1.3242331928142913e-05,0.002110358013620432,9.2391417289101e-13
1665,stage2_pde_terminal_interface,665,0.0021754845157406695,0.0002,,0.00020161628131355432,1.1019973238054948,9.365544585623608e-06,0.0019645026858713444,3.970147154582318e-12
1666,stage2_pde_terminal_interface,666,0.003402516684578822,0.0002,,0.00024484555935212337,0.9545536873636169,9.603651402137967e-06,0.003148066885260653,5.885639077093381e-10
1667,stage2_pde_terminal_interface,667,0.0027443146452012625,0.0002,,0.00022495930105327405,1.2736876541099298,1.0025118135238174e-05,0.0025093302260127503,6.35044989453443e-30
1668,stage2_pde_terminal_interface,668,0.002262531669898107,0.0002,,0.00025068735310310956,1.0088888621381773,1.2590275182736197e-05,0.001999251324506149,2.717106112271462e-09
1669,stage2_pde_terminal_interface,669,0.002346973904031081,0.0002,,0.0003257841190787515,1.1940381686948005,8.932938333306483e-06,0.0020122568331334204,1.3485602716417782e-11
1670,stage2_pde_terminal_interface,670,0.003715281466948567,0.0002,,0.000345560791830287,1.1447373008100845,1.457476101967742e-05,0.003355145913631806,4.667965524525816e-13
1671,stage2_pde_terminal_interface,671,0.003109508610828791,0.0002,,0.00027573554866093953,1.08994026410618,1.3529892977502383e-05,0.002820243169190332,1.719891217658277e-17
1672,stage2_pde_terminal_interface,672,0.002755437004262264,0.0002,,0.00033851131646746665,1.447339612026416,1.1340629062128346e-05,0.0024055835427621935,1.5159704755963346e-09
1673,stage2_pde_terminal_interface,673,0.0018272621564228346,0.0002,,0.00019277159420123753,1.071599906998981,7.897340723378081e-06,0.0016265932214966407,1.5784386049524724e-15
1674,stage2_pde_terminal_interface,674,0.0028700790613013514,0.0002,,0.0002768305285160117,1.1904398348374001,8.194253697337203e-06,0.00258504409878799,1.0180300012620418e-08
1675,stage2_pde_terminal_interface,675,0.0024057310623824095,0.0002,,0.00018673100682113885,0.9770529368389496,8.404158687510763e-06,0.0022105955327525522,3.6412120743980326e-10
1676,stage2_pde_terminal_interface,676,0.0021517574714618954,0.0002,,0.00021420324381565874,1.1367184193912758,8.65841507267773e-06,0.001928895812572652,9.068758702441369e-16
1677,stage2_pde_terminal_interface,677,0.002035605010799484,0.0002,,0.00017367895158399498,1.0168318354932033,1.0107112397733405e-05,0.001851818946817263,4.927998056005123e-16
1678,stage2_pde_terminal_interface,678,0.002727004869016236,0.0002,,0.00021124141312973217,0.8795351983075537,6.629998114100187e-06,0.0025091328617082415,5.960641620224648e-10
1679,stage2_pde_terminal_interface,679,0.0031230051258199078,0.0002,,0.00024905237841490644,1.0023711984663957,8.663696275047665e-06,0.0028652890511299536,3.3767920456664138e-25
1680,stage2_pde_terminal_interface,680,0.0025030990346978747,0.0002,,0.00020566871856202937,0.912675567524007,8.533705191333065e-06,0.002288896049211551,5.617329612365557e-10
1681,stage2_pde_terminal_interface,681,0.0032412743844776326,0.0002,,0.00024625549930390483,1.0482703180841446,1.0031147341555185e-05,0.002984957165764081,3.057206809139688e-08
1682,stage2_pde_terminal_interface,682,0.0036292750854816126,0.0002,,0.00021126869651468352,0.8870121531182916,7.94422367840459e-06,0.0034100621652815573,6.967089383914761e-15
1683,stage2_pde_terminal_interface,683,0.0032987200662002066,0.0002,,0.00022042175880705695,0.9650345779285701,6.188986312862328e-06,0.0030721093210266137,5.367359665020051e-14
1684,stage2_pde_terminal_interface,684,0.0022521692375678227,0.0002,,0.00028222481555997575,0.9406353969682861,8.754635199274884e-06,0.0019611715754245342,1.8211384037907898e-08
1685,stage2_pde_terminal_interface,685,0.003131583599731795,0.0002,,0.00031845670816766064,1.0448748587791326,9.858046941707407e-06,0.0028032603634134596,8.481208967176522e-09
1686,stage2_pde_terminal_interface,686,0.0028071883736311702,0.0002,,0.00023745257389383851,1.2444689297181195,1.0343990113152252e-05,0.002559391781013934,2.861024559884456e-11
1687,stage2_pde_terminal_interface,687,0.0022767944061923657,0.0002,,0.00020744982652319674,0.9527649859250333,8.211832475648354e-06,0.002061132747193521,8.229506729611665e-27
1688,stage2_pde_terminal_interface,688,0.0019964349124817014,0.0002,,0.00021116348222243223,0.9519150887969636,7.243415405046117e-06,0.0017780201591814074,7.855672815919552e-09
1689,stage2_pde_terminal_interface,689,0.003552362104804392,0.0002,,0.00020774144667944436,1.0176346283328586,6.048439077145782e-06,0.0033385721148952467,1.0415255527686171e-10
1690,stage2_pde_terminal_interface,690,0.0030367665668212217,0.0002,,0.00021846444890529857,1.1249999652028189,8.906194964211378e-06,0.002809318856337945,7.706661376664146e-08
1691,stage2_pde_terminal_interface,691,0.0017730971115212427,0.0002,,0.00019383291977904637,1.108498134115812,1.120843331398069e-05,0.0015680557584282144,1.3728757597102136e-18
1692,stage2_pde_terminal_interface,692,0.0026244359183305722,0.0002,,0.00021401744683963598,1.0393629053604196,1.074609008509578e-05,0.0023996723814058403,2.003667175270191e-19
1693,stage2_pde_terminal_interface,693,0.0027761029324545037,0.0002,,0.00020538656039975552,1.104938289727223,1.104424886131528e-05,0.002559672123187596,5.836781809646047e-15
1694,stage2_pde_terminal_interface,694,0.002723531149812855,0.0002,,0.00017035660045500753,0.8899172401668307,8.492368720509114e-06,0.0025446818701456916,3.1049164651626887e-10
1695,stage2_pde_terminal_interface,695,0.003218764085660182,0.0002,,0.00025886049463849767,1.0009388824722805,1.2919088792587785e-05,0.0029469845022290888,7.644130237214989e-18
1696,stage2_pde_terminal_interface,696,0.003166082281470799,0.0002,,0.00027215807065827436,1.228559123255478,1.2809736545583668e-05,0.002881114471826338,2.4406028992206512e-12
1697,stage2_pde_terminal_interface,697,0.0032168094759445084,0.0002,,0.00020272098833934131,1.1769809900322254,8.623233307727648e-06,0.0030054652542974396,1.0727758621429784e-20
1698,stage2_pde_terminal_interface,698,0.0026521536834842067,0.0002,,0.00025891893753315714,0.9057413771070592,9.87381340456267e-06,0.0023833591616178474,1.7709286392797463e-09
1699,stage2_pde_terminal_interface,699,0.0029836946068404215,0.0002,,0.00015962994081892954,1.1779390219281476,7.860359355437862e-06,0.00281620430666126,4.794374845435674e-15
1700,stage2_pde_terminal_interface,700,0.0024870989619262623,0.0002,,0.0001987953733021234,0.8972200646822295,1.0707364350148643e-05,0.0022775962242739902,2.3505916358592405e-22
1701,stage2_pde_terminal_interface,701,0.0022293400142290045,0.0002,,0.00021428999885916882,1.0985648434473505,1.2293053579591461e-05,0.0020027546310525924,2.3307376518166316e-09
1702,stage2_pde_terminal_interface,702,0.003912771095589071,0.0002,,0.00022938190143904837,1.1750552711196602,1.050261817222687e-05,0.003672886575363715,6.140811485010525e-13
1703,stage2_pde_terminal_interface,703,0.002509264054162608,0.0002,,0.0002156762581144721,0.9695420472892318,7.65658171559196e-06,0.002285931214332527,1.6838708422357912e-17
1704,stage2_pde_terminal_interface,704,0.002525962115283859,0.0002,,0.0001833094984633478,1.0275470397935345,6.366871704151271e-06,0.002336285745113822,2.5374860593528975e-15
1705,stage2_pde_terminal_interface,705,0.0028031215829466246,0.0002,,0.00015538779977587427,1.1074831158947078,1.2073805673969578e-05,0.0026356592969333584,6.805634224519706e-10
1706,stage2_pde_terminal_interface,706,0.002690266110070136,0.0002,,0.00026912193811217235,0.9451027710701588,1.5045560676657833e-05,0.0024060986112813057,4.1551756069077215e-26
1707,stage2_pde_terminal_interface,707,0.0018994863835519909,0.0002,,0.0003269548940014427,0.9383275363961454,7.884103224043702e-06,0.0015646473863245706,1.933827659813108e-15
1708,stage2_pde_terminal_interface,708,0.0018190010156445397,0.0002,,0.0002333076169201,1.2084869586202311,1.0938491249913597e-05,0.00157475490747313,1.3960799997393408e-15
1709,stage2_pde_terminal_interface,709,0.002182813578700699,0.0002,,0.00022750375972149298,0.8047380440218073,1.3300930181656514e-05,0.0019420088887975426,6.939856469853966e-18
1710,stage2_pde_terminal_interface,710,0.0019529140363884728,0.0002,,0.00025084900040502983,0.9372978823875986,8.225180044488768e-06,0.0016938398559389494,4.8129747782671636e-18
1711,stage2_pde_terminal_interface,711,0.0024897798361046813,0.0002,,0.00026612519482938855,0.9797709322825403,6.801811326984419e-06,0.0022168528299080443,4.0264110257852845e-14
1712,stage2_pde_terminal_interface,712,0.002085286936120839,0.0002,,0.00021024262755276515,1.1724600002485435,8.321027012438763e-06,0.0018667232815555955,3.926150870883044e-17
1713,stage2_pde_terminal_interface,713,0.0019951042717990734,0.0002,,0.00019686529463472157,1.0906153910505874,7.728733111282988e-06,0.0017905102427558746,1.297194166613731e-12
1714,stage2_pde_terminal_interface,714,0.002814121567968724,0.0002,,0.00016499758910024776,1.0161989504616304,9.322571174936188e-06,0.0026398012402980534,1.673954862993374e-10
1715,stage2_pde_terminal_interface,715,0.0026534703871224858,0.0002,,0.00024838919369072514,1.0163154538940793,1.1759498442507697e-05,0.0023933213214000536,3.7358919956034725e-10
1716,stage2_pde_terminal_interface,716,0.0027297265906519453,0.0002,,0.00037151662949946515,1.2883062341297167,8.521716619195852e-06,0.002349688244533284,1.7981055805917237e-30
1717,stage2_pde_terminal_interface,717,0.0025511449000995,0.0002,,0.0002675323664613999,1.0717827217919889,1.4711786631866045e-05,0.002268900747005263,9.709984666009602e-16
1718,stage2_pde_terminal_interface,718,0.0032249608829945917,0.0002,,0.00018204379646879603,0.9875763389893577,1.4178473207864344e-05,0.0030287385984561445,1.4861786870345916e-11
1719,stage2_pde_terminal_interface,719,0.002229712192320209,0.0002,,0.00021695696507411562,0.8929564260952377,1.0597732711580456e-05,0.0020021574945341277,3.851127592233055e-16
1720,stage2_pde_terminal_interface,720,0.002382335994739761,0.0002,,0.00022514683293021987,1.0163985243801033,1.0790016241375844e-05,0.0021463988069073915,3.386607734164881e-10
1721,stage2_pde_terminal_interface,721,0.001759801564005342,0.0002,,0.00020623220151805142,0.9770514878333244,5.123995149021527e-06,0.0015484430922858884,2.2750523806660758e-09
1722,stage2_pde_terminal_interface,722,0.001976437232918261,0.0002,,0.00024077137671178617,0.8342631230037167,9.445963049648487e-06,0.0017262198931567718,5.409694477881343e-17
1723,stage2_pde_terminal_interface,723,0.0024564958296025134,0.0002,,0.0003164843606558452,1.0217661133981928,5.5074656948808e-06,0.0021345040032517875,1.681140214816778e-28
1724,stage2_pde_terminal_interface,724,0.0027704442587311055,0.0002,,0.0001497420847756987,0.9358196490620466,8.893656359156488e-06,0.0026117724940217728,3.602357447768937e-08
1725,stage2_pde_terminal_interface,725,0.0025404218072630786,0.0002,,0.0002172709536851771,0.9475609377265601,9.939037979932444e-06,0.0023131999371825344,1.1878415434351533e-08
1726,stage2_pde_terminal_interface,726,0.0020028258485948244,0.0002,,0.0002831610803416112,0.981522850600034,1.1036921867981827e-05,0.0017086277912001166,5.518511455253331e-11
1727,stage2_pde_terminal_interface,727,0.0022848628867652714,0.0002,,0.00021367740652032335,1.0078869471663499,4.595307399885186e-06,0.002066590152529064,2.0315998895169874e-11
1728,stage2_pde_terminal_interface,728,0.0023303843040136016,0.0002,,0.0001849589974139012,0.9509278321411839,8.780919878506528e-06,0.0021366443867187244,2.4695327714217238e-15
1729,stage2_pde_terminal_interface,729,0.0025944554850139386,0.0002,,0.00027231556715247534,1.320671511498215,8.221097310158266e-06,0.002313918820551133,1.716716560304305e-16
1730,stage2_pde_terminal_interface,730,0.0020974040594747665,0.0002,,0.0002757987142861137,1.042843306652417,9.062090814221513e-06,0.001812543254353191,2.1240528123792155e-14
1731,stage2_pde_terminal_interface,731,0.0019137334166500007,0.0002,,0.00016618932489426982,0.9412098169836876,8.099294821194645e-06,0.0017394366548741614,8.142060374661624e-09
1732,stage2_pde_terminal_interface,732,0.002628506415249244,0.0002,,0.00022649389212487015,0.9937059496101244,9.890736723061376e-06,0.0023921217863939266,7.38543681850559e-15
1733,stage2_pde_terminal_interface,733,0.0023202043980413136,0.0002,,0.0004438308812324094,0.9253580960290259,9.35415606436465e-06,0.0018670193456043818,1.5140157714255905e-11
1734,stage2_pde_terminal_interface,734,0.002626368781559966,0.0002,,0.00019586774262132353,1.1772196210707457,1.1107348895243419e-05,0.0024193715044636193,2.2185579780181096e-08
1735,stage2_pde_terminal_interface,735,0.0029220400881531977,0.0002,,0.000256402124086855,0.9507684357189211,1.0832771036718102e-05,0.0026548029607646167,2.2322650080198534e-09
1736,stage2_pde_terminal_interface,736,0.0028873308044674206,0.0002,,0.00021903096391188176,0.9737261344336712,9.233662316454788e-06,0.002659066178239084,3.77344602959807e-29
1737,stage2_pde_terminal_interface,737,0.0017037924868409389,0.0002,,0.00019973788299552415,1.0829740948324431,6.646625515341439e-06,0.0014974079783300728,4.807158213572887e-19
1738,stage2_pde_terminal_interface,738,0.0020280352645077725,0.0002,,0.00015401229006661724,0.8737849330374934,9.548093470207608e-06,0.0018644594305779524,1.5450392995305627e-08
1739,stage2_pde_terminal_interface,739,0.002931456171142489,0.0002,,0.0001734158499174377,1.1796303441911422,7.171428557973847e-06,0.0027508688926670775,1.040017707505154e-22
1740,stage2_pde_terminal_interface,740,0.0024366348441242276,0.0002,,0.00019527471097145464,1.0814336202740609,8.801105567882496e-06,0.002232559027584871,1.9455016409116887e-17
1741,stage2_pde_terminal_interface,741,0.0024573812171213533,0.0002,,0.00024242903363405,1.0410349741881015,7.769338841653993e-06,0.0022071827740811904,7.056445868445948e-11
1742,stage2_pde_terminal_interface,742,0.002937978127951188,0.0002,,0.0002027191383735085,0.9352906509095691,9.191448791937426e-06,0.002726067540785742,2.4079577797716827e-33
1743,stage2_pde_terminal_interface,743,0.0031127057089716465,0.0002,,0.00014680458329248321,0.8984050536614616,1.1092970102997683e-05,0.002954808155575686,4.792449424867382e-16
1744,stage2_pde_terminal_interface,744,0.002394893333014349,0.0002,,0.00021970088253213215,1.0033859196022166,1.0390922691599094e-05,0.0021648015085629956,1.922762229251599e-11
1745,stage2_pde_terminal_interface,745,0.0028329418579385196,0.0002,,0.0002140003893479732,1.0327438355991372,8.497705112990636e-06,0.0026104437634775534,2.1693981512213457e-18
1746,stage2_pde_terminal_interface,746,0.002492188494379943,0.0002,,0.0001934315591427875,0.9837789374183669,1.2647484178646907e-05,0.0022861094509032294,1.5527911764513575e-13
1747,stage2_pde_terminal_interface,747,0.0024293620595942926,0.0002,,0.00017159047620193672,1.0137719522702597,1.0910579146728627e-05,0.002246861004245586,4.149259427217498e-17
1748,stage2_pde_terminal_interface,748,0.0019015029567117875,0.0002,,0.00021199744615421135,0.9443950937746951,9.798529143480272e-06,0.0016797069810905577,3.2353812445703633e-13
1749,stage2_pde_terminal_interface,749,0.0026488884731854403,0.0002,,0.00017175751682405933,0.9181553116328125,7.973102570319317e-06,0.0024691578537909915,7.03413350966082e-17
1750,stage2_pde_terminal_interface,750,0.004169215634607083,0.0002,,0.00026943254480143905,1.0611454677325103,1.1320158001404086e-05,0.0038884629144637596,1.734047958398945e-11
1751,stage2_pde_terminal_interface,751,0.002347611687133887,0.0002,,0.00017987168143461692,0.9843427999475457,9.72088334329929e-06,0.00215801912235564,3.310353412534664e-16
1752,stage2_pde_terminal_interface,752,0.0025051780691228045,0.0002,,0.00016382135211318564,0.9617409225251254,7.715781034917191e-06,0.002333581304967861,5.963100684105664e-08
1753,stage2_pde_terminal_interface,753,0.0027976800217022345,0.0002,,0.00019615137533162812,0.9618197991370799,1.2130186201215327e-05,0.002589398460169391,8.423017333260575e-22
1754,stage2_pde_terminal_interface,754,0.0029050513251069076,0.0002,,0.00024015414928543798,0.9418129188260855,8.924262120991746e-06,0.0026559729134399516,2.6052659191377183e-13
1755,stage2_pde_terminal_interface,755,0.0033436657975543004,0.0002,,0.00027788210650968076,1.0692292436755888,1.2009184412756771e-05,0.0030537745066318627,3.356257694068399e-22
1756,stage2_pde_terminal_interface,756,0.0020704172219705827,0.0002,,0.00017778054093274748,1.1336917421229504,8.605380172129488e-06,0.0018840312976419076,3.2237979226367e-12
1757,stage2_pde_terminal_interface,757,0.0028540327136418074,0.0002,,0.00019962680027629115,1.0152945963288487,6.708994198931905e-06,0.0026474404172711252,2.565018954588454e-07
1758,stage2_pde_terminal_interface,758,0.00199204387471444,0.0002,,0.00016304144039598598,0.9887890484131093,1.1075574087271551e-05,0.0018179248609944073,1.9992367753380584e-09
1759,stage2_pde_terminal_interface,759,0.002917064751882004,0.0002,,0.00021791730392852754,0.908480123094864,8.549325075201116e-06,0.00269059789130703,2.3157124566995692e-10
1760,stage2_pde_terminal_interface,760,0.003702944108350011,0.0002,,0.00021039634405705513,1.067434368670735,1.0114969080915715e-05,0.003482432795210302,1.738404501697207e-15
1761,stage2_pde_terminal_interface,761,0.0023805034221727863,0.0002,,0.0002678884005384351,0.9124024944590717,1.084461865922342e-05,0.002101770402975128,1.2295293392967524e-22
1762,stage2_pde_terminal_interface,762,0.0021873167000091296,0.0002,,0.00020491006407331224,0.9646664403495354,1.1213764433304879e-05,0.0019711928715025074,5.338454896023768e-18
1763,stage2_pde_terminal_interface,763,0.002152044011631784,0.0002,,0.00023634998138451959,1.2078603032774247,1.2939597177772731e-05,0.0019027544330657675,3.724276685998908e-15
1764,stage2_pde_terminal_interface,764,0.0030334967396769457,0.0002,,0.00018531002243895846,0.9922092546004939,1.0916603508767975e-05,0.0028372692827214204,8.310077988154895e-10
1765,stage2_pde_terminal_interface,765,0.004111980046765246,0.0002,,0.00017184455212786078,1.0547770227725253,9.775453152997672e-06,0.003930360041481524,2.8634057985215367e-15
1766,stage2_pde_terminal_interface,766,0.0024519766622364573,0.0002,,0.0002589110306197972,1.0357907749232949,1.203708901709018e-05,0.002180977182331692,5.1360267877869996e-08
1767,stage2_pde_terminal_interface,767,0.0025973452919438094,0.0002,,0.00022237290404293058,0.9060367630325958,1.0992621486344012e-05,0.0023639797241562298,4.225830478672738e-11
1768,stage2_pde_terminal_interface,768,0.002752926621391257,0.0002,,0.00026705831881639015,0.9466352710144043,1.2582480483103546e-05,0.0024732858220917497,1.373224924443897e-17
1769,stage2_pde_terminal_interface,769,0.0022949951904068563,0.0002,,0.00022875917980501675,1.0161639695796068,1.0484455016017726e-05,0.0020557515553790125,2.0680926223362983e-13
1770,stage2_pde_terminal_interface,770,0.002346474421732384,0.0002,,0.00017470017358555982,0.8308861980739634,7.703375227920994e-06,0.0021640708729188996,3.875358836811499e-18
1771,stage2_pde_terminal_interface,771,0.0026748719311547224,0.0002,,0.00019784915959490624,0.8159104210410746,6.875975557136644e-06,0.0024701467960026743,5.087204473456777e-18
1772,stage2_pde_terminal_interface,772,0.003870263772956044,0.0002,,0.00021851500622411215,0.9022172885486318,1.190481780485649e-05,0.0036398439489210236,6.051471596067976e-15
1773,stage2_pde_terminal_interface,773,0.002523515740654203,0.0002,,0.00023123579267773735,1.158449822425387,7.236995806486999e-06,0.0022850429521699784,1.4588222509310975e-25
1774,stage2_pde_terminal_interface,774,0.0019171144479937202,0.0002,,0.0003240805233704989,1.0031741274838704,1.0968501523187763e-05,0.0015820654231000313,2.287242402420951e-18
1775,stage2_pde_terminal_interface,775,0.0017107473969799531,0.0002,,0.00022501656849813103,0.8764342404807373,1.2003989492168323e-05,0.0014737228653099819,3.973679671822217e-09
1776,stage2_pde_terminal_interface,776,0.0024184335785234685,0.0002,,0.00015344441479413432,0.9151113840974007,1.2096843063507488e-05,0.0022528923202675077,3.98319096647428e-13
1777,stage2_pde_terminal_interface,777,0.002079949349839587,0.0002,,0.00015535798628868355,0.7879673153852693,8.88077993827894e-06,0.0019157105836126245,5.2787136803954847e-23
1778,stage2_pde_terminal_interface,778,0.002169673700696647,0.0002,,0.00015465432787785177,1.0352629349974276,1.1089662547279377e-05,0.0020039297101269713,1.445447341822978e-13
1779,stage2_pde_terminal_interface,779,0.004455692975355979,0.0002,,0.00022032910598441906,1.0542871656612363,5.046782629417425e-06,0.004230317086742142,1.4492991735983164e-21
1780,stage2_pde_terminal_interface,780,0.0031918751614244687,0.0002,,0.00018186662133393608,1.0073120248594705,8.932231847623546e-06,0.003001076308143081,9.982827564508588e-14
1781,stage2_pde_terminal_interface,781,0.002330822444802057,0.0002,,0.0001806393718160598,0.9713571778480355,1.2027398036094551e-05,0.002138155674949528,3.741545527009722e-16
1782,stage2_pde_terminal_interface,782,0.0028518428429891575,0.0002,,0.00024668065887833106,1.075449205872986,1.1643342429533019e-05,0.0025933805759185942,1.3826576269917462e-07
1783,stage2_pde_terminal_interface,783,0.002187124604414368,0.0002,,0.0002684063726934638,1.0639284708959376,1.123958860951675e-05,0.0019074785911427593,5.196862835831989e-11
1784,stage2_pde_terminal_interface,784,0.0022981428316609805,0.0002,,0.00017258548210069742,0.8891166667776823,9.659753368180817e-06,0.002115897595874615,3.174874228634899e-13
1785,stage2_pde_terminal_interface,785,0.001915193201829804,0.0002,,0.000174683845648826,0.8399130864754315,1.2620897027224416e-05,0.0017278883870704596,7.208329418587716e-11
1786,stage2_pde_terminal_interface,786,0.0020212705970524916,0.0002,,0.00017385252896970615,1.0008899535802158,8.492430300915253e-06,0.0018389255708968432,6.688502682843424e-11
1787,stage2_pde_terminal_interface,787,0.0022357838544269123,0.0002,,0.00022834544848648674,0.859809757556496,6.731027295603572e-06,0.002000707378639554,5.2679494865994976e-15
1788,stage2_pde_terminal_interface,788,0.0027269966050789884,0.0002,,0.0002187804890551576,1.258311585685166,8.642727408181635e-06,0.002499573388614394,1.255579767552529e-15
1789,stage2_pde_terminal_interface,789,0.0026787726196858563,0.0002,,0.0002521173443047484,0.8340994936557434,7.191095254116748e-06,0.002419464180126991,2.0251307576350123e-20
1790,stage2_pde_terminal_interface,790,0.002365049051095791,0.0002,,0.00021615583636421762,1.033949058417096,9.000053143015228e-06,0.002139892725358606,4.362299517811509e-10
1791,stage2_pde_terminal_interface,791,0.0031276145755522243,0.0002,,0.0001652245491629599,1.0492846859722191,9.994616282894525e-06,0.00295239541010637,1.3174866774949085e-22
1792,stage2_pde_terminal_interface,792,0.002851166309663244,0.0002,,0.00018701635057185293,0.9236688590357056,1.0297275291729244e-05,0.002653852683796527,3.1345647503509036e-15
1793,stage2_pde_terminal_interface,793,0.0028313864008493892,0.0002,,0.00019645123014763082,0.8856891035409709,8.731417025135883e-06,0.002626203753676227,3.9556810865181594e-16
1794,stage2_pde_terminal_interface,794,0.002453932036415882,0.0002,,0.00020571909647856116,0.942127006430005,1.0714792520820052e-05,0.002237498146990844,4.2565665304478303e-13
1795,stage2_pde_terminal_interface,795,0.0021246032510636496,0.0002,,0.00026197040413614674,0.9950771781427814,7.355500653541375e-06,0.0018552473077846627,3.003848929861781e-08
1796,stage2_pde_terminal_interface,796,0.002152269606818983,0.0002,,0.00023136480478378084,0.9460309509470659,1.0119040853397761e-05,0.001910785761180542,1.262621106729547e-15
1797,stage2_pde_terminal_interface,797,0.002596700808870106,0.0002,,0.0001805592318259515,0.8535260252071328,9.309714814662474e-06,0.002406830091629047,1.7706004447699858e-09
1798,stage2_pde_terminal_interface,798,0.002528289368816543,0.0002,,0.00024633223303348816,0.7846591537294504,7.973982011940313e-06,0.0022739831537711137,3.89317608631059e-19
1799,stage2_pde_terminal_interface,799,0.0021896478230783315,0.0002,,0.0002007258101525886,0.8735894003571917,1.177599504519325e-05,0.0019771460178805485,7.070087453438312e-19
1800,stage2_pde_terminal_interface,800,0.0025024948795945635,0.0002,,0.00016574296246591987,0.8767066982063568,7.190213430758587e-06,0.0023295616847882864,1.890959885607159e-11
1801,stage2_pde_terminal_interface,801,0.0028895906363740507,0.0002,,0.00017988283980233696,0.9617523099638553,9.093593568167862e-06,0.002700614203003545,6.555461861647409e-19
1802,stage2_pde_terminal_interface,802,0.0033128118577338867,0.0002,,0.00026481394177390276,0.9197689030162762,1.1215609051860147e-05,0.003036780868881322,1.438026802020083e-09
1803,stage2_pde_terminal_interface,803,0.0027499879672465847,0.0002,,0.00027582322315975247,0.762401924787597,1.013545810978404e-05,0.002464029285977048,8.235356101332226e-22
1804,stage2_pde_terminal_interface,804,0.0021790786337991586,0.0002,,0.00017918740637690864,0.8743689354780506,9.54335146058131e-06,0.00199034787593321,2.845849234981484e-14
1805,stage2_pde_terminal_interface,805,0.001992696793100476,0.0002,,0.0002656603914839812,0.839801734213033,1.0228010396193974e-05,0.0017168083907701092,4.5019146648370623e-13
1806,stage2_pde_terminal_interface,806,0.0032111861698018154,0.0002,,0.000321246939480101,0.9724514771541101,5.231146179038776e-06,0.002884708084139813,2.862732029601743e-15
1807,stage2_pde_terminal_interface,807,0.002646191761283631,0.0002,,0.0002119054589245619,0.954617598487345,1.1535357959846457e-05,0.0024227508820102903,6.238893255365535e-11
1808,stage2_pde_terminal_interface,808,0.0021720491059944755,0.0002,,0.00018929220623782985,0.7891610622138407,1.3777010711705435e-05,0.00196897988904494,5.257908959683763e-27
1809,stage2_pde_terminal_interface,809,0.0016285827688336844,0.0002,,0.00017981515174588083,0.7903744485468666,8.575762796721785e-06,0.0014401918542910814,3.349091084665948e-19
1810,stage2_pde_terminal_interface,810,0.0030600751600707767,0.0002,,0.0002553591260077932,0.9677810990359853,7.3688512092703765e-06,0.0027973471828536974,1.5757797377357707e-17
1811,stage2_pde_terminal_interface,811,0.0023872485824534234,0.0002,,0.00021196553346191345,0.9824415725227511,8.004831120675181e-06,0.0021672782178449096,2.592489830847734e-14
1812,stage2_pde_terminal_interface,812,0.0027592122828433573,0.0002,,0.00018158248551143928,0.8224393570490436,8.718387654682064e-06,0.002568911409675116,2.119628529609495e-15
1813,stage2_pde_terminal_interface,813,0.0022631048507413196,0.0002,,0.00019085539011944657,0.9221928553698866,8.061556555856919e-06,0.002064187904056223,9.792846641854795e-15
1814,stage2_pde_terminal_interface,814,0.0018884484010359556,0.0002,,0.00024627222688633683,0.7852668728933857,9.267870985745666e-06,0.0016329082875115965,1.5652276652569174e-11
1815,stage2_pde_terminal_interface,815,0.0025626114265522924,0.0002,,0.00018093787847807803,0.8558669125221638,1.1570360329365562e-05,0.0023701014829485114,1.704796337346931e-09
1816,stage2_pde_terminal_interface,816,0.0030863591768302816,0.0002,,0.0001558886865187879,0.9214173891021817,1.4829869522825087e-05,0.002915640620788668,2.5473976108765325e-19
1817,stage2_pde_terminal_interface,817,0.0026094285419893688,0.0002,,0.000189714763771426,0.9155201786716135,1.0200901917723808e-05,0.002409512876300219,6.018531076210112e-36
1818,stage2_pde_terminal_interface,818,0.0021597364901827275,0.0002,,0.0001660596927754185,0.8987754195768796,9.709172193293957e-06,0.0019839676252140152,3.5320586924443546e-24
1819,stage2_pde_terminal_interface,819,0.0019326148715042744,0.0002,,0.0002023785290580595,0.9190743955375869,8.105263460114391e-06,0.0017221310789860404,6.002830563676269e-17
1820,stage2_pde_terminal_interface,820,0.001635401433294201,0.0002,,0.00017835387636789315,0.7969697607097576,1.0342239928784343e-05,0.0014467053169975235,2.738652089222146e-25
1821,stage2_pde_terminal_interface,821,0.002158511956369761,0.0002,,0.00017696876017846494,1.1657606566770091,9.116959281802778e-06,0.0019724262369089237,5.694218792756806e-16
1822,stage2_pde_terminal_interface,822,0.001992788156891329,0.0002,,0.00019617508794737685,0.9536799339681327,1.1639260088444254e-05,0.0017849727897374342,1.0191180735925411e-09
1823,stage2_pde_terminal_interface,823,0.0020829689781252034,0.0002,,0.00024202520870729823,0.8916492336252411,9.943792592662542e-06,0.0018309984463621338,1.5304631085976467e-09
1824,stage2_pde_terminal_interface,824,0.00269374401903338,0.0002,,0.00019186833971083608,0.8951742208691988,1.1536731098690538e-05,0.002490338934169722,1.4054131502161066e-11
1825,stage2_pde_terminal_interface,825,0.002187642897144968,0.0002,,0.00020819437003959955,0.9061833623963612,1.1149344131962213e-05,0.0019682991829734053,1.3315810432745259e-18
1826,stage2_pde_terminal_interface,826,0.0018854463941681574,0.0002,,0.00019215511014441925,0.7813741968338647,1.4415611214163575e-05,0.001678875672528592,2.8098253906406675e-13
1827,stage2_pde_terminal_interface,827,0.0027276042009564045,0.0002,,0.0001556563736823963,0.9437007972668751,1.0696707849640102e-05,0.0025612511193359414,8.842654544680204e-14
1828,stage2_pde_terminal_interface,828,0.002089298029174204,0.0002,,0.0001744482464765956,0.8835687242662362,7.621415886267228e-06,0.0019072283668113167,2.461225452604907e-17
1829,stage2_pde_terminal_interface,829,0.0025980601468443957,0.0002,,0.00018532638682679575,0.9308423894048514,1.1684618150172405e-05,0.0024010404122740544,8.729593373159316e-09
1830,stage2_pde_terminal_interface,830,0.0018789374482654658,0.0002,,0.000155431201991588,0.9334840943549724,1.1409264782404632e-05,0.0017120964999625065,4.815289667531945e-10
1831,stage2_pde_terminal_interface,831,0.0023554491639928474,0.0002,,0.00013940372886183343,0.8464053666636537,9.506543983615139e-06,0.002206538891147399,2.1666711874356403e-34
1832,stage2_pde_terminal_interface,832,0.0027325808399839145,0.0002,,0.0001990851259354222,0.8237492076361527,9.635313804835873e-06,0.0025238604002432805,3.7601640348095026e-16
1833,stage2_pde_terminal_interface,833,0.002090963469172869,0.0002,,0.0002030897408224952,0.852579391864314,8.842196086542932e-06,0.0018790315322638309,1.1418659671927594e-27
1834,stage2_pde_terminal_interface,834,0.002138076562909371,0.0002,,0.0003400548206326495,0.6860961427076746,1.4531280027570919e-05,0.0017834904610315447,1.2176057549313855e-12
1835,stage2_pde_terminal_interface,835,0.0019732334660644162,0.0002,,0.00013497117639628333,0.7490633443065483,1.0232872238934854e-05,0.0018280294171571288,2.7206910427319294e-13
1836,stage2_pde_terminal_interface,836,0.0018905326203540157,0.0002,,0.00020096387266251313,0.8898330516016361,8.583090697925743e-06,0.0016809856569604466,3.313028565390903e-14
1837,stage2_pde_terminal_interface,837,0.00301903457260511,0.0002,,0.00026699267643175677,1.0366320372051283,1.2143368956483311e-05,0.002739898527216029,8.409421837320863e-16
1838,stage2_pde_terminal_interface,838,0.0028878963626526692,0.0002,,0.0001735429549579446,0.9115213387594987,6.009602959888125e-06,0.0027083437978134336,6.9214032797970815e-12
1839,stage2_pde_terminal_interface,839,0.00234881440337904,0.0002,,0.00023670208668216013,0.9253388037423238,8.018073586973812e-06,0.0021040942431055807,4.325528127121066e-15
1840,stage2_pde_terminal_interface,840,0.0032557283986272834,0.0002,,0.00017624550013289468,1.0380502175878201,1.0688458814227534e-05,0.0030687944245608605,1.511930068037067e-11
1841,stage2_pde_terminal_interface,841,0.0028668867964684363,0.0002,,0.00019388503148926354,0.8247234828862166,8.930386400686532e-06,0.0026640560539465154,1.5324631971118193e-08
1842,stage2_pde_terminal_interface,842,0.003400390178462443,0.0002,,0.00018737721504140828,0.9085596346854475,9.724857410103329e-06,0.0032032881060109313,5.2998652802301616e-20
1843,stage2_pde_terminal_interface,843,0.001667605050900684,0.0002,,0.00015515866012544573,0.7710017442520221,7.09973142384859e-06,0.0015053466593513897,1.44890558263416e-23
1844,stage2_pde_terminal_interface,844,0.002287705332680219,0.0002,,0.00018489387325865679,0.7915257446407032,1.1052312103513283e-05,0.0020916794897137456,7.965760430324386e-08
1845,stage2_pde_terminal_interface,845,0.0020818725108527206,0.0002,,0.0001550701145741479,0.8183930017182081,1.1046881615536416e-05,0.0019157549802089158,5.344541207249073e-10
1846,stage2_pde_terminal_interface,846,0.00263984210980749,0.0002,,0.00021944025736236048,0.9015404811190992,1.4303941212551122e-05,0.00240609790711745,4.115128278023863e-12
1847,stage2_pde_terminal_interface,847,0.0023751931005637932,0.0002,,0.00022869271720260068,1.0815608312538623,1.3113822858053252e-05,0.0021332996447285457,8.691577459352793e-08
1848,stage2_pde_terminal_interface,848,0.0013789868301082645,0.0002,,0.00013780540476729974,0.9933173529748064,1.2098434337400686e-05,0.0012290829861833611,4.820202871050533e-12
1849,stage2_pde_terminal_interface,849,0.0021228358944444738,0.0002,,0.00015344480516703504,0.8859494093033006,8.221298057072357e-06,0.0019611697912203544,1.188446729315703e-17
1850,stage2_pde_terminal_interface,850,0.003623724432648051,0.0002,,0.00016116511966908612,0.852620587630056,1.0587765753203125e-05,0.003451971547225762,1.0754112944475148e-22
1851,stage2_pde_terminal_interface,851,0.0023097621290788218,0.0002,,0.000175933300716196,0.8827936935279445,9.991134402016234e-06,0.0021238376939606094,3.827667231853048e-22
1852,stage2_pde_terminal_interface,852,0.0017850945081142806,0.0002,,0.0002378572065978372,0.8495964710150831,9.030941656231643e-06,0.0015381512317106443,5.5128149567247245e-08
1853,stage2_pde_terminal_interface,853,0.0032851034141570244,0.0002,,0.00021626127260705545,0.7412289204870346,1.1947823372962804e-05,0.0030568873087169616,7.00946004466564e-09
1854,stage2_pde_terminal_interface,854,0.0027441550250448627,0.0002,,0.00016555103951951578,0.7156431918724961,9.616316051452398e-06,0.0025689875886002254,8.08736691295705e-11
1855,stage2_pde_terminal_interface,855,0.002998277794479985,0.0002,,0.00015867776221439194,0.7649090778745553,8.436458697138661e-06,0.002831163527005181,4.656327339434969e-11
1856,stage2_pde_terminal_interface,856,0.002409431064302109,0.0002,,0.00016168036404913408,0.8075770075201593,8.883000106721431e-06,0.0022388677001462533,1.0020931074496494e-29
1857,stage2_pde_terminal_interface,857,0.00298414918885591,0.0002,,0.00014354269994343077,0.9653677173920244,1.0563786907106425e-05,0.0028300427020053727,1.5680370948379252e-27
1858,stage2_pde_terminal_interface,858,0.002687361876202021,0.0002,,0.00017345859793833058,0.8449578515578091,9.548382986819907e-06,0.002504351221717247,3.6735596237991424e-09
1859,stage2_pde_terminal_interface,859,0.0023288004791176065,0.0002,,0.0002808706733360744,0.8544799581113789,1.3262024006949768e-05,0.0020346677789090583,2.8655236038930017e-12
1860,stage2_pde_terminal_interface,860,0.0029223514887088096,0.0002,,0.0001901827927475198,0.9521096037068012,1.1324563821943093e-05,0.0027208441172362095,1.4903137409319492e-11
1861,stage2_pde_terminal_interface,861,0.0022868463923642283,0.0002,,0.00019013201553192484,0.7178547523817495,7.732899094216046e-06,0.0020889814777380875,1.1652721651156514e-19
1862,stage2_pde_terminal_interface,862,0.002198074845878764,0.0002,,0.0002699226787096823,0.7743339567485288,9.814509760652368e-06,0.0019183376574078113,6.181270322263561e-16
1863,stage2_pde_terminal_interface,863,0.0037754800253498163,0.0002,,0.0001868946996427663,1.0660384912937217,1.0299746343644788e-05,0.00357828557936298,4.254216036840709e-16
1864,stage2_pde_terminal_interface,864,0.0023806097842398147,0.0002,,0.00015088257666488042,0.9985912322163939,7.887020303550918e-06,0.0022218401872713504,3.2859246629171405e-17
1865,stage2_pde_terminal_interface,865,0.002638718427435246,0.0002,,0.0002338514606157646,0.9262020868434893,1.0646001207802944e-05,0.002394220925534008,4.007767099559168e-11
1866,stage2_pde_terminal_interface,866,0.002678397065990717,0.0002,,0.00019413825744876066,1.0182490724588602,9.801755651799946e-06,0.0024744570236240994,2.926605715192983e-11
1867,stage2_pde_terminal_interface,867,0.0022178884144271114,0.0002,,0.00011937245838085693,0.8280137380126589,1.0300383139900086e-05,0.0020882155718801166,1.0262378180857405e-12
1868,stage2_pde_terminal_interface,868,0.003400349984936213,0.0002,,0.00012825063751966816,0.9730039374065586,1.0895750528900181e-05,0.003261203596887644,2.257623175877046e-19
1869,stage2_pde_terminal_interface,869,0.002350363371847551,0.0002,,0.00014220280967435585,0.8031111397339221,1.2860912180488208e-05,0.002195299646683419,3.3092877030286417e-12
1870,stage2_pde_terminal_interface,870,0.0017924672550339487,0.0002,,0.0001161709845806009,0.7636876132594491,8.063679858800432e-06,0.0016682325905944817,6.579681887032208e-17
1871,stage2_pde_terminal_interface,871,0.002703233191700783,0.0002,,0.00012402509081502254,0.9237361923074544,7.468092537191126e-06,0.0025716384083323326,1.0160001623678118e-07
1872,stage2_pde_terminal_interface,872,0.0025490473131665665,0.0002,,0.00014898867419816398,0.8539152185912615,1.1765460457933955e-05,0.00238828298630055,1.0192209918503346e-08
1873,stage2_pde_terminal_interface,873,0.003218809919896381,0.0002,,0.00014501312955549772,0.847149693110396,8.417873730335867e-06,0.003065378916589686,2.0860932656442438e-14
1874,stage2_pde_terminal_interface,874,0.0026406220844126154,0.0002,,0.00016810040347258135,0.8084944424191265,1.2545881459523318e-05,0.002459970687921629,5.111558881250155e-09
1875,stage2_pde_terminal_interface,875,0.0020983583636038847,0.0002,,0.00022659190877850883,0.9443157231836509,1.5871482977146277e-05,0.0018558949718461334,2.096501888154671e-15
1876,stage2_pde_terminal_interface,876,0.003438095922559645,0.0002,,0.00021907346095489645,0.9099582430877652,1.034863701115696e-05,0.0032086737991516906,2.544190090908407e-11
1877,stage2_pde_terminal_interface,877,0.0027377089147987144,0.0002,,0.0001962649694263621,0.7626405240437327,7.873689322001198e-06,0.0025335609856453178,9.27040503362059e-09
1878,stage2_pde_terminal_interface,878,0.0024298239849735634,0.0002,,0.00015972872464801077,0.8116515122975311,9.999747614509332e-06,0.00226009544715602,6.555502354777725e-11
1879,stage2_pde_terminal_interface,879,0.0017793478001090755,0.0002,,0.000153948721894248,0.8153327530820047,1.0431480697039249e-05,0.0016149662538984672,1.3436193209505488e-09
1880,stage2_pde_terminal_interface,880,0.0022350385437235358,0.0002,,0.0002143801380726627,1.0447748176021023,6.673075862339308e-06,0.0020139853297376324,5.0901126685327716e-14
1881,stage2_pde_terminal_interface,881,0.0021809790414309325,0.0002,,0.00025060980978835557,0.9283225670586628,1.6668678902838776e-05,0.0019137004964175136,5.632222470897607e-11
1882,stage2_pde_terminal_interface,882,0.002260966805291769,0.0002,,0.00014397078479241757,0.699558362547288,7.078244916649147e-06,0.0021099177755798506,2.851972183642936e-15
1883,stage2_pde_terminal_interface,883,0.0019930036084583862,0.0002,,0.00015334241110267886,0.8325713004961828,1.037795882538332e-05,0.0018292832385300708,2.532594251832832e-16
1884,stage2_pde_terminal_interface,884,0.0015418070153449192,0.0002,,0.00016874857941692295,1.0061430472899264,1.5179815894171995e-05,0.0013578786200338238,4.42556414376156e-19
1885,stage2_pde_terminal_interface,885,0.0026112364721128014,0.0002,,0.000207846723728653,0.7852875877544522,1.3337714131514158e-05,0.0023900520195124664,1.474016779962895e-11
1886,stage2_pde_terminal_interface,886,0.00238917168610477,0.0002,,0.00016754363319769098,0.8275659608552369,1.379337462777634e-05,0.0022077908251693207,4.385310998178028e-08
1887,stage2_pde_terminal_interface,887,0.0020738036513854668,0.0002,,0.00016295618752860404,0.8415281625437265,1.0244503706634409e-05,0.001900602960150157,7.133766847906883e-17
1888,stage2_pde_terminal_interface,888,0.0023068604128133412,0.0002,,0.00024490608646590055,0.8446437134387419,8.450041665971202e-06,0.002053504081008912,2.0367255752552741e-10
1889,stage2_pde_terminal_interface,889,0.004154433041651814,0.0002,,0.00016911508241918954,0.8707826682709352,1.0973729850909149e-05,0.003974339666331338,4.563050377274613e-09
1890,stage2_pde_terminal_interface,890,0.00184899607890022,0.0002,,0.00016275144730590384,0.86610209398359,1.1213653406484063e-05,0.0016750305217705364,4.5641729556345057e-10
1891,stage2_pde_terminal_interface,891,0.0030432109923671847,0.0002,,0.00022770179030780446,0.9190547991682573,1.2449461085473514e-05,0.002803034111974812,2.562899909506021e-08
1892,stage2_pde_terminal_interface,892,0.0020673972769804172,0.0002,,0.0002562788885253738,0.8351355439011939,7.734139896113998e-06,0.0018033842485589292,4.300818350325599e-26
1893,stage2_pde_terminal_interface,893,0.001981466167894908,0.0002,,0.00017299608083863366,0.9917415991255354,1.3365512164947986e-05,0.0017951040045104574,5.703808687439667e-10
1894,stage2_pde_terminal_interface,894,0.002841507660047305,0.0002,,0.000147053177891048,0.8512950203319802,9.404212009430738e-06,0.002685050270144059,2.767388761965094e-15
1895,stage2_pde_terminal_interface,895,0.0027082008706328224,0.0002,,0.00017899990202935155,0.9400215151902294,7.562860818840642e-06,0.002521637848466098,2.593185325656082e-10
1896,stage2_pde_terminal_interface,896,0.002729803738967096,0.0002,,0.00016606902409297162,0.9305358452818898,9.301205068923873e-06,0.002554397999886487,3.5509918714019656e-08
1897,stage2_pde_terminal_interface,897,0.002567907026398325,0.0002,,0.0003390308732149817,0.8571484382180586,1.1145194615632358e-05,0.002217730268284659,6.902830514806168e-10
1898,stage2_pde_terminal_interface,898,0.0025863014128059544,0.0002,,0.00022879699866481347,0.9725386984789589,1.0797051929825215e-05,0.0023467073621986764,1.2639409454252352e-14
1899,stage2_pde_terminal_interface,899,0.002283313713559373,0.0002,,0.0003394769915808402,1.0457979185178692,7.735224459846497e-06,0.001936101497462379,5.630748332152708e-14
1900,stage2_pde_terminal_interface,900,0.002829542775211959,0.0002,,0.00022828449280481636,1.0631128703677581,9.900176218421493e-06,0.002591358104092156,2.0965648962784584e-12
1901,stage2_pde_terminal_interface,901,0.001889417910742882,0.0002,,0.00025441511874796916,0.8587304376430182,9.015962314126648e-06,0.001625986829675329,5.457306302325707e-15
1902,stage2_pde_terminal_interface,902,0.0018358647303638937,0.0002,,0.0002290234856526325,0.8187646385307868,1.0703329915657113e-05,0.001596131769471544,6.145324060207829e-09
1903,stage2_pde_terminal_interface,903,0.002188962127553342,0.0002,,0.00021973572794571443,0.9020914486443636,7.909773648215654e-06,0.001961316625951195,8.217340002273454e-15
1904,stage2_pde_terminal_interface,904,0.002448373829709387,0.0002,,0.00027824736238838565,0.9257236675450571,1.259070406554177e-05,0.0021575280280083883,7.735247071400853e-09
1905,stage2_pde_terminal_interface,905,0.0029164903306636656,0.0002,,0.0003347082777467031,0.9434282712792719,9.958182386336565e-06,0.0025718238705243653,6.260479599675126e-15
1906,stage2_pde_terminal_interface,906,0.00228509674860815,0.0002,,0.00021278774826012084,0.896679497171963,1.0052891841281982e-05,0.0020622560598195926,4.868715516025275e-11
1907,stage2_pde_terminal_interface,907,0.0022349040461743424,0.0002,,0.00023080927004937322,0.7637737583060292,8.20943517737218e-06,0.0019958853409475967,2.369911769664401e-22
1908,stage2_pde_terminal_interface,908,0.0024707653504967846,0.0002,,0.00026130838770736786,0.7537375880043716,1.0372376900363443e-05,0.0021990845853637067,5.253466475240154e-13
1909,stage2_pde_terminal_interface,909,0.0019810201402124666,0.0002,,0.00021694355630300644,1.1022399696199263,9.304717709670452e-06,0.0017547718661997897,8.532783253246487e-23
1910,stage2_pde_terminal_interface,910,0.002186763964864489,0.0002,,0.00021816408985115732,0.9090289975907262,9.10012226662223e-06,0.0019594997527467095,2.5259076770709325e-22
1911,stage2_pde_terminal_interface,911,0.002994472109767644,0.0002,,0.00020248608737425517,0.9605112943817511,7.201137061362085e-06,0.0027847848853320267,6.572131533368412e-23
1912,stage2_pde_terminal_interface,912,0.0034072892244527623,0.0002,,0.00024066610060598318,0.9688008802071109,1.0599419608165503e-05,0.003156023701086352,3.1522612809573302e-12
1913,stage2_pde_terminal_interface,913,0.00279637922574144,0.0002,,0.0002119503020666397,0.9741739479500431,1.2025463094767907e-05,0.0025724034605800325,2.5634210143796532e-22
1914,stage2_pde_terminal_interface,914,0.003185561791421571,0.0002,,0.0001571272720607772,0.7430979667859512,9.437532475789316e-06,0.0030189969739482874,1.2936717317045956e-11
1915,stage2_pde_terminal_interface,915,0.002835687708082835,0.0002,,0.00021214499809079366,0.894601212144642,1.2510778831126101e-05,0.0026110319304517605,7.091545186918912e-13
1916,stage2_pde_terminal_interface,916,0.002606639577920975,0.0002,,0.00019401626964417787,0.7885488276968193,7.832903223654776e-06,0.0024047377292506,5.267580254214031e-08
1917,stage2_pde_terminal_interface,917,0.0021759099609424378,0.0002,,0.0003189830268245257,0.7694812814078156,1.1896861777082691e-05,0.0018450289395286917,1.1328121376843465e-09
1918,stage2_pde_terminal_interface,918,0.002825460325954814,0.0002,,0.00017757784256481043,1.0212052684991926,8.848655134663345e-06,0.0026390338281662385,8.910199885904403e-14
1919,stage2_pde_terminal_interface,919,0.001764492649673229,0.0002,,0.00024997902703219235,0.752069580089514,1.0177207382094564e-05,0.0015043364152589418,1.9593002430284355e-19
1920,stage2_pde_terminal_interface,920,0.0033013622965487118,0.0002,,0.00019644082562412263,0.7437180985877151,7.877593096130343e-06,0.0030970438777939155,3.4543024713780685e-14
1921,stage2_pde_terminal_interface,921,0.0024226841818265872,0.0002,,0.00034975527756166467,0.9943523738052203,9.38455241691484e-06,0.002063544351441533,4.064747613869649e-13
1922,stage2_pde_terminal_interface,922,0.002191348025526019,0.0002,,0.0003078582190723705,0.8019579920428955,9.417091852868923e-06,0.0018740727146007794,1.4958341795426119e-27
1923,stage2_pde_terminal_interface,923,0.0032457354017258284,0.0002,,0.00033120970297972365,0.8711263269478341,8.016327285327843e-06,0.002906509371460777,7.221297576550307e-22
1924,stage2_pde_terminal_interface,924,0.002255723682464565,0.0002,,0.00025649165160380875,0.790109093980067,8.628897605644295e-06,0.0019906031332551123,3.3469620480844956e-24
1925,stage2_pde_terminal_interface,925,0.002127797790861368,0.0002,,0.00015733026323335266,0.8163919001367013,1.0927763487237674e-05,0.0019595397641407777,7.413323571392973e-23
1926,stage2_pde_terminal_interface,926,0.0022879312705315754,0.0002,,0.00016175612913384434,1.0072187342308971,9.68224343459557e-06,0.0021164928979631055,2.9862478155187375e-17
1927,stage2_pde_terminal_interface,927,0.002169322242807142,0.0002,,0.0002098360670020133,0.9293648381580606,9.403524333962546e-06,0.001950082630801024,2.0670142111851743e-11
1928,stage2_pde_terminal_interface,928,0.0025142823797322184,0.0002,,0.00025532439167468734,0.8983877883179157,7.589753044218392e-06,0.0022513682350133123,3.051322152946806e-19
1929,stage2_pde_terminal_interface,929,0.0032122318237469893,0.0002,,0.00021288267974261735,0.8206629305574753,9.874612456243399e-06,0.0029894745315481286,9.114893663953766e-22
1930,stage2_pde_terminal_interface,930,0.002582937734538118,0.0002,,0.00017225308621285723,0.7209803057844435,8.4380838130437e-06,0.002402241985678748,4.578833468624653e-09
1931,stage2_pde_terminal_interface,931,0.00308201775487816,0.0002,,0.000208992065004359,0.898346002390339,6.5816477346854e-06,0.002866443781048551,2.6109056405827484e-10
1932,stage2_pde_terminal_interface,932,0.0021226581831261856,0.0002,,0.0002226142023830937,0.7843451782732171,1.09870078318001e-05,0.001889056972911291,8.625091309576952e-19
1933,stage2_pde_terminal_interface,933,0.002275546080734901,0.0002,,0.00019167778728304124,0.9721753518446896,1.0568192338430215e-05,0.0020733001011134294,6.5502038342434e-22
1934,stage2_pde_terminal_interface,934,0.0021310306236014,0.0002,,0.00024712299576483507,0.8612702487395376,1.0031214444946742e-05,0.0018738764093184795,4.073138725668757e-12
1935,stage2_pde_terminal_interface,935,0.002768949612164133,0.0002,,0.0002396804536446901,1.007434261444964,9.430631141231853e-06,0.0025198384531091795,7.426903148861008e-11
1936,stage2_pde_terminal_interface,936,0.0037934306864705458,0.0002,,0.00016831795731038913,0.8769503982480845,1.4995658680471775e-05,0.003610117070479684,1.0596151446708603e-18
1937,stage2_pde_terminal_interface,937,0.0021396033315241726,0.0002,,0.0001376005920874203,0.7407842406835832,1.225076071327989e-05,0.0019897519787234726,4.70676713087553e-28
1938,stage2_pde_terminal_interface,938,0.0021986663553052845,0.0002,,0.00017847952441557387,0.8788053160658109,1.3683950306720627e-05,0.0020064978402294757,5.040353514367731e-09
1939,stage2_pde_terminal_interface,939,0.002812939529643347,0.0002,,0.00020533449534284592,0.8481393192151162,8.965841212473805e-06,0.002598639193088027,7.425195050450538e-23
1940,stage2_pde_terminal_interface,940,0.0026701974218931953,0.0002,,0.0002084177538022871,0.8882337652757457,1.1788927861766359e-05,0.00244999065279621,8.74329321186589e-11
1941,stage2_pde_terminal_interface,941,0.001996779965513561,0.0002,,0.0002071415860979089,0.8366860386955703,8.20796687119153e-06,0.0017814304125387216,5.7392776029897474e-15
1942,stage2_pde_terminal_interface,942,0.002745143759488648,0.0002,,0.00021159183839996798,0.9883986958414721,7.607792955893103e-06,0.002525944084462951,4.3669836123443916e-11
1943,stage2_pde_terminal_interface,943,0.0021771703211905325,0.0002,,0.0002064660251941721,0.7736241628852181,8.574913711505421e-06,0.0019621293822619282,2.292645831623286e-14
1944,stage2_pde_terminal_interface,944,0.0021779140202231534,0.0002,,0.00021598432646759193,0.8093546866999463,9.932562726604764e-06,0.0019519971310289568,1.0899387281525338e-21
1945,stage2_pde_terminal_interface,945,0.0023349450522168933,0.0002,,0.00023494724987153996,0.9848090738096827,1.0967389748270514e-05,0.0020889251615104514,1.0525108663146072e-07
1946,stage2_pde_terminal_interface,946,0.0029920994591113043,0.0002,,0.00017781023338984842,0.7759639900239301,1.1422084769031336e-05,0.002802867140927216,2.5208357779402214e-14
1947,stage2_pde_terminal_interface,947,0.0025353411882203156,0.0002,,0.000185011449259769,0.7341002568888869,1.100028619409302e-05,0.002339278466605782,5.098616067150907e-08
1948,stage2_pde_terminal_interface,948,0.003105534277659586,0.0002,,0.00022636554306901954,0.8441178124752488,1.2915952624138001e-05,0.0028662527819664193,8.958079720292234e-18
1949,stage2_pde_terminal_interface,949,0.0020666976866440512,0.0002,,0.00020127127919874373,0.7238842000741297,9.998451419524516e-06,0.0018554279559502152,7.556769968816618e-14
1950,stage2_pde_terminal_interface,950,0.002367387734232477,0.0002,,0.0002524870159387227,0.8438006297759646,1.4451803797096798e-05,0.0021004471968863207,1.7176103371432026e-09
1951,stage2_pde_terminal_interface,951,0.0022901763470717356,0.0002,,0.00017163832731904475,0.8471453320213179,1.2092343988575307e-05,0.0021064456757638027,3.1270817687221097e-16
1952,stage2_pde_terminal_interface,952,0.00170717993083651,0.0002,,0.00016987726978062191,0.8315110506335084,7.83188077599023e-06,0.0015294707802798978,3.297191059217785e-23
1953,stage2_pde_terminal_interface,953,0.003076342322746814,0.0002,,0.0002358278877800826,0.8568297668770941,1.1877178525470996e-05,0.002828637256440809,4.515926020640666e-16
1954,stage2_pde_terminal_interface,954,0.002376979359529476,0.0002,,0.0001607053466558435,0.7802746772642194,6.362809784151724e-06,0.002209911203089479,1.8426029832826113e-18
1955,stage2_pde_terminal_interface,955,0.0021134403949354596,0.0002,,0.0002742188294624308,0.8952883935595458,1.1996009345802844e-05,0.001827225389937142,1.661900838068377e-10
1956,stage2_pde_terminal_interface,956,0.0021593110170805606,0.0002,,0.00040285183007196957,0.7697701617092321,1.5005678033950379e-05,0.0017414535089746409,1.3569781920321628e-20
1957,stage2_pde_terminal_interface,957,0.0028924156413702704,0.0002,,0.000194800038052617,0.7832458700041437,8.262170692190991e-06,0.002689351801391902,1.6312335606639468e-09
1958,stage2_pde_terminal_interface,958,0.002197587952488621,0.0002,,0.00020958422277686024,0.8253218590992942,1.149905016476035e-05,0.0019765046670185875,1.2528412954733708e-11
1959,stage2_pde_terminal_interface,959,0.0032509153346268055,0.0002,,0.0001885444999758326,0.7774902672571221,1.5328386373699527e-05,0.0030470424176715126,3.060576054912711e-11
1960,stage2_pde_terminal_interface,960,0.0026880947514330267,0.0002,,0.00022976198301161683,0.8307638449887026,1.1823545426926502e-05,0.0024465092229944835,8.144058656944401e-27
1961,stage2_pde_terminal_interface,961,0.002720740249841133,0.0002,,0.00022928628864836632,0.7850581876454108,1.3623882822836398e-05,0.0024778300782898363,8.009431179675419e-14
1962,stage2_pde_terminal_interface,962,0.00240725423382914,0.0002,,0.00018314107925035015,0.8763831307484946,9.525478978864356e-06,0.002214587675599861,6.457025964465399e-17
1963,stage2_pde_terminal_interface,963,0.002321720289362278,0.0002,,0.00017263530540228758,0.8298023500872819,9.747129307478258e-06,0.002139337854652384,1.27810404366365e-16
1964,stage2_pde_terminal_interface,964,0.0025293265860939864,0.0002,,0.0001935186714255955,0.8689570319238971,7.942664981502964e-06,0.0023278652491271535,5.597346730113527e-13
1965,stage2_pde_terminal_interface,965,0.0036151085598806975,0.0002,,0.0002318635707747529,0.7655558718155817,9.649104969498981e-06,0.003373595884136226,2.1939050137168632e-16
1966,stage2_pde_terminal_interface,966,0.004220233185707731,0.0002,,0.00017247180071906185,0.8810861153066941,7.48784630352885e-06,0.0040402735158704415,2.2814698875412908e-11
1967,stage2_pde_terminal_interface,967,0.0022112308673894365,0.0002,,0.000210159638474378,0.7022263195271933,1.123543721619511e-05,0.0019898357916988624,7.213126251954963e-19
1968,stage2_pde_terminal_interface,968,0.002497646931218657,0.0002,,0.00023138637169473213,0.9416960654099086,1.0190011125270795e-05,0.0022560654084446624,5.139953991498111e-09
1969,stage2_pde_terminal_interface,969,0.0031056543629865564,0.0002,,0.00036780556864710273,0.7884256481380931,7.222826654811583e-06,0.0027306258550342196,1.1265042245176945e-10
1970,stage2_pde_terminal_interface,970,0.001982354979963683,0.0002,,0.00018997499581355895,0.7849854192305266,9.348336682242255e-06,0.00178303053315378,1.1143141020464406e-09
1971,stage2_pde_terminal_interface,971,0.0017806343622595185,0.0002,,0.00020606389578710019,0.9270188250085993,1.785374076826849e-05,0.0015567167128544405,1.2849709284184549e-11
1972,stage2_pde_terminal_interface,972,0.002677817192690894,0.0002,,0.00022871804927950044,0.9026118099994327,9.706959681670962e-06,0.002439392178478466,5.251256896158125e-12
1973,stage2_pde_terminal_interface,973,0.0020044985687603218,0.0002,,0.00020136226151365412,0.7481422727313921,9.942869476403886e-06,0.0017931934341460947,3.6241690296346414e-12
1974,stage2_pde_terminal_interface,974,0.002364684151205986,0.0002,,0.00018809169744890363,0.8120170475067282,6.217559688669364e-06,0.002170367905059912,6.9890085006915925e-09
1975,stage2_pde_terminal_interface,975,0.0023588682265279224,0.0002,,0.00023017428764424033,0.8189210581597539,8.95014643566535e-06,0.002119743792447343,6.738751310884637e-16
1976,stage2_pde_terminal_interface,976,0.003881650742224461,0.0002,,0.00020270398841432694,0.8207841241780357,1.2774079422306839e-05,0.003666172621638385,5.2749442215347826e-11
1977,stage2_pde_terminal_interface,977,0.0026217147780914314,0.0002,,0.00022921347880437178,0.6684094726399775,8.598272648081319e-06,0.0023839026377605005,3.8887847794088375e-10
1978,stage2_pde_terminal_interface,978,0.0020012850068245624,0.0002,,0.000292413170135416,0.83957087921792,6.288740631750078e-06,0.0017025830960569624,4.3393330362880896e-16
1979,stage2_pde_terminal_interface,979,0.002530105107731267,0.0002,,0.00015761232010428212,0.937476140665503,1.030158277008321e-05,0.0023621912048568776,2.4416611378006288e-17
1980,stage2_pde_terminal_interface,980,0.003676507108443494,0.0002,,0.00024305859104104438,0.8117909984215333,8.44709244000389e-06,0.0034250014249562538,6.192223536149143e-15
1981,stage2_pde_terminal_interface,981,0.0029058089114189054,0.0002,,0.0001621349273690834,0.7456150403808356,8.529314234174533e-06,0.0027351446479827357,2.183291191933322e-11
1982,stage2_pde_terminal_interface,982,0.0029723722981458253,0.0002,,0.00019824048282761852,0.7589752801319937,1.0496997959443733e-05,0.002763634817358763,3.5017932003905755e-21
1983,stage2_pde_terminal_interface,983,0.0038243132207389867,0.0002,,0.00014626440429680844,1.08188527167113,8.562166676217884e-06,0.0036694866480343168,1.731643330056777e-12
1984,stage2_pde_terminal_interface,984,0.0020901419699546012,0.0002,,0.00013883502985491256,0.9266038133851673,1.0046672546568723e-05,0.0019412602652939558,2.2591641802362175e-12
1985,stage2_pde_terminal_interface,985,0.0027035422024323384,0.0002,,0.00022775152304657892,0.8678713611074863,1.1856671595098801e-05,0.0024639333391267074,6.686639533426545e-10
1986,stage2_pde_terminal_interface,986,0.0027548892657841572,0.0002,,0.00022212603365936702,0.7940687572043789,9.109337544381615e-06,0.0025236538945804087,3.019353376004117e-21
1987,stage2_pde_terminal_interface,987,0.00276207490838134,0.0002,,0.000151147459760202,0.8876245309537979,8.494076977683383e-06,0.002602433371410367,2.3308777072785286e-13
1988,stage2_pde_terminal_interface,988,0.0027384245241698795,0.0002,,0.00018607784366420587,0.7904928498233341,7.151464087788821e-06,0.0025451952132256018,3.1922830456709736e-12
1989,stage2_pde_terminal_interface,989,0.0031559306163847587,0.0002,,0.00017959571147738238,0.82180295511938,7.036317423728627e-06,0.0029692985874836477,1.4149052919594035e-23
1990,stage2_pde_terminal_interface,990,0.0024205909774501115,0.0002,,0.0001694578561864234,0.7403765591434845,8.146626788994126e-06,0.002242986494474694,1.0600139092433727e-21
1991,stage2_pde_terminal_interface,991,0.0022445669553925137,0.0002,,0.00023946954701309242,0.7789448047864164,9.596996275516918e-06,0.0019955004121034233,4.807962899855344e-16
1992,stage2_pde_terminal_interface,992,0.0023728789343665287,0.0002,,0.00011826383224878851,0.9133904229172588,1.2656061710520788e-05,0.0022419590283094238,1.2097795924630134e-11
1993,stage2_pde_terminal_interface,993,0.002268376121953706,0.0002,,9.694111573959084e-05,0.696898199090208,7.724046225396704e-06,0.0021637109599887162,2.280294038769696e-18
1994,stage2_pde_terminal_interface,994,0.00276988688553266,0.0002,,0.00014343003251148268,0.7939767396388366,7.398679604867158e-06,0.00261905817341631,9.700702681852815e-25
1995,stage2_pde_terminal_interface,995,0.002630321499011818,0.0002,,0.00014982475755883807,0.6933480045533691,1.1883556705173823e-05,0.002468613117093763,6.765404306176966e-11
1996,stage2_pde_terminal_interface,996,0.0020014195314292573,0.0002,,0.00017648717430934595,0.8292605290776632,9.124254358569456e-06,0.0018158081027592095,2.1322101132175964e-15
1997,stage2_pde_terminal_interface,997,0.002231294495229745,0.0002,,0.00013537419083337526,0.7915827715470557,1.0116132081928866e-05,0.002085804152096241,2.0218199404307233e-11
1998,stage2_pde_terminal_interface,998,0.0030887022264338227,0.0002,,0.00014825354704818533,0.8787995006759974,7.900345693921963e-06,0.0029325483336915667,1.4877461055765766e-16
1999,stage2_pde_terminal_interface,999,0.0017363972906308985,0.0002,,0.00013858176907019848,0.85258128739333,1.008208789621166e-05,0.001587720995661002,1.24380034864096e-08
2000,stage2_pde_terminal_interface,1000,0.003142586810622848,0.0002,,0.0001567667219996751,0.7117788094646038,1.1103933037774384e-05,0.002974654334076687,6.182150871125323e-08
2001,stage2_pde_terminal_interface,1001,0.002017057272616977,0.0002,,0.00018467625898803161,0.8532426154895147,7.430819359117716e-06,0.0018249501942698275,6.726541726953702e-22
2002,stage2_pde_terminal_interface,1002,0.0020724077412493805,0.0002,,0.00021707472690601773,0.8163995837719331,7.113145350052209e-06,0.0018482198689933026,7.642173550938971e-18
2003,stage2_pde_terminal_interface,1003,0.002969493928811501,0.0002,,0.00016079554170672327,0.8432105442807963,1.2600264441195668e-05,0.002796097760698774,3.619648081039726e-10
2004,stage2_pde_terminal_interface,1004,0.003556902548325714,0.0002,,0.00015035353667290584,0.8407493096558843,1.1679749842370036e-05,0.0033948682307902442,1.0310201941533895e-09
2005,stage2_pde_terminal_interface,1005,0.0018796981342289948,0.0002,,0.00015723591698741014,0.8297532096471308,1.1465181862343943e-05,0.0017109970353792383,2.31572073136676e-18
2006,stage2_pde_terminal_interface,1006,0.002013781419806666,0.0002,,0.00011181331412968737,0.6945968840493416,7.085479466000197e-06,0.0018948826262109783,1.6376463788988362e-26
2007,stage2_pde_terminal_interface,1007,0.0019597891993415485,0.0002,,0.00013461161615130126,0.8451025829085341,1.1134527857017537e-05,0.0018140430553332295,9.790622858733264e-31
2008,stage2_pde_terminal_interface,1008,0.0022122246778677394,0.0002,,0.0002049397793710961,0.8177371580201,8.304975778146059e-06,0.00199897505905684,4.863661656796347e-09
2009,stage2_pde_terminal_interface,1009,0.002175397486429865,0.0002,,0.00019757821703775247,0.7850079052400133,1.394596868611015e-05,0.001963873300705918,8.420270876927344e-17
2010,stage2_pde_terminal_interface,1010,0.0027095529388027157,0.0002,,0.00021412730492486706,0.8151947699973998,9.156361248078314e-06,0.0024862692726297705,4.6638398825513517e-23
2011,stage2_pde_terminal_interface,1011,0.0018306334223485816,0.0002,,0.00022255283325321918,0.8264124872956001,1.2453370332978438e-05,0.001595627218762384,2.956749068116297e-29
2012,stage2_pde_terminal_interface,1012,0.001546409060281675,0.0002,,0.00016869310250344538,0.9621019742588074,8.883872619557995e-06,0.001368832007946118,7.72125533575042e-11
2013,stage2_pde_terminal_interface,1013,0.0024064894108505232,0.0002,,0.00022397635976421383,0.7283541306697557,1.0354417810868418e-05,0.0021721586332104524,6.498893456605634e-14
2014,stage2_pde_terminal_interface,1014,0.00219655114121732,0.0002,,0.00023097584749770493,0.7951892189756402,1.0170178927607083e-05,0.0019554051147920044,3.71038204171903e-18
2015,stage2_pde_terminal_interface,1015,0.0019897488158701297,0.0002,,0.00019229570103895878,0.7532407405348315,9.007524327556957e-06,0.0017884455901436736,3.599402261517777e-13
2016,stage2_pde_terminal_interface,1016,0.002819309395819866,0.0002,,0.00014710863228749137,0.9244941209639447,1.006132760088898e-05,0.0026621394349054094,1.0260764797049985e-12
2017,stage2_pde_terminal_interface,1017,0.00246647541567676,0.0002,,0.00018938440776705261,0.9282941917112008,8.251341391366795e-06,0.0022688393646960367,3.0182230369799846e-10
2018,stage2_pde_terminal_interface,1018,0.0022318131879041146,0.0002,,0.00016154012452551775,0.7973549841327681,1.1644475393166509e-05,0.00205862858798543,2.7177429391011287e-35
2019,stage2_pde_terminal_interface,1019,0.0016237051304863965,0.0002,,0.00018018056989712567,0.7035836728544019,1.1956991940886281e-05,0.0014315675686483792,5.470552650470783e-18
2020,stage2_pde_terminal_interface,1020,0.0022785792953459133,0.0002,,0.0001786810404256772,0.8049688726663985,1.1844408005181256e-05,0.002088053266301962,5.806130929685077e-10
2021,stage2_pde_terminal_interface,1021,0.002767244062571547,0.0002,,0.0001640821545576804,0.8390086657829979,1.0240623437142836e-05,0.002592921284576724,1.210690274835329e-20
2022,stage2_pde_terminal_interface,1022,0.002128518435253144,0.0002,,0.00020838647392716798,0.9162150605682416,7.254666184658909e-06,0.0019128772951413004,1.6922363624568687e-17
2023,stage2_pde_terminal_interface,1023,0.0028635019985959755,0.0002,,0.0002540163146557855,0.9499449926838082,1.3293476540420087e-05,0.0025961920553920076,1.520077621165766e-10
2024,stage2_pde_terminal_interface,1024,0.0027504585434366927,0.0002,,0.0001828940008348999,0.7606246629243575,1.41166694986167e-05,0.0025534478723937114,7.094647511716672e-13
2025,stage2_pde_terminal_interface,1025,0.0027890665827282252,0.0002,,0.00019175376159498355,1.0313371058271732,6.083699147278348e-06,0.002590674637963767,5.54484022196447e-07
2026,stage2_pde_terminal_interface,1026,0.0026254265161543533,0.0002,,0.0001420707928650502,0.8687357851539355,8.681984808850717e-06,0.002474673668091821,7.038863115331517e-11
2027,stage2_pde_terminal_interface,1027,0.0032457449604110867,0.0002,,0.0003386563292674746,0.980125597433598,8.000786938566939e-06,0.002899087761401885,8.280316003991441e-11
2028,stage2_pde_terminal_interface,1028,0.0018507135070454578,0.0002,,0.0002420145367844939,0.8694424274403436,1.1408048771331815e-05,0.0015972909214496296,4.000251036027501e-14
2029,stage2_pde_terminal_interface,1029,0.002758434616815713,0.0002,,0.0001922659510743079,0.8133208124767761,1.9889437332109927e-05,0.0025462792284088338,4.610274541533379e-16
2030,stage2_pde_terminal_interface,1030,0.0017675134607169475,0.0002,,0.0001765780635245549,0.9187881620877584,1.2807296323423999e-05,0.001578128093904195,6.964773582565362e-12
2031,stage2_pde_terminal_interface,1031,0.001961211407172472,0.0002,,0.00012430859715106642,0.6253343284133793,7.662809442904226e-06,0.0018292400005784986,2.4265796321991696e-18
2032,stage2_pde_terminal_interface,1032,0.001987108278553454,0.0002,,0.00013973855557810277,0.8512905535972002,8.18043117160449e-06,0.0018391886481091036,6.436946433856406e-10
2033,stage2_pde_terminal_interface,1033,0.002401917928407503,0.0002,,0.00022739849955339113,0.886918841906326,1.145592586379308e-05,0.00216306350298944,8.790460629327341e-16
2034,stage2_pde_terminal_interface,1034,0.003161016220073193,0.0002,,0.00022289358103718968,0.6870585458517717,8.861083446593467e-06,0.0029292615555894007,9.205126171238334e-18
2035,stage2_pde_terminal_interface,1035,0.002406010845521034,0.0002,,0.00015692317492305627,0.8103735702547368,1.0667787302180196e-05,0.002238419883295574,2.2330312765185284e-16
2036,stage2_pde_terminal_interface,1036,0.0025877286767280096,0.0002,,0.0001660200903559999,0.7428476738376736,1.3870763313837404e-05,0.002407837823058168,4.294994047811737e-18
2037,stage2_pde_terminal_interface,1037,0.002058639590896017,0.0002,,0.0003083567404579354,0.8153513218049542,1.0525493158727454e-05,0.001739757235504182,1.2177517237415555e-10
2038,stage2_pde_terminal_interface,1038,0.0021226653704553133,0.0002,,0.00010317862267477195,0.7699410389463508,9.540457446257121e-06,0.0020099462869380656,3.3962185738738007e-12
2039,stage2_pde_terminal_interface,1039,0.0023543591038860502,0.0002,,0.00017624161072295766,0.791154309087128,1.1257415559963338e-05,0.0021668600776009405,2.188834299871973e-15
2040,stage2_pde_terminal_interface,1040,0.0029999620619151086,0.0002,,0.0002070858533484319,0.9101961047938377,1.0429899433680656e-05,0.002782446307270225,1.862771437199906e-12
2041,stage2_pde_terminal_interface,1041,0.00257182222260845,0.0002,,0.00014932611819198623,0.9217669616761193,8.909162365286164e-06,0.0024135831264788573,3.815572320199402e-09
2042,stage2_pde_terminal_interface,1042,0.00232193288332288,0.0002,,0.0001552426383730898,0.777645435853588,9.069209643091551e-06,0.0021576210352569126,4.9786236826965516e-14
2043,stage2_pde_terminal_interface,1043,0.0017877148697781034,0.0002,,0.0001931751507084812,0.7903825079924331,8.929217411298978e-06,0.0015856104986356158,3.022707516930058e-12
2044,stage2_pde_terminal_interface,1044,0.0022634105954290225,0.0002,,0.00020126287496858238,0.9554759693479676,7.937933331873686e-06,0.002054209770986616,1.6141950325466558e-11
2045,stage2_pde_terminal_interface,1045,0.0022142961857809693,0.0002,,0.00017436542192806042,0.886706679687006,1.0341436299193708e-05,0.002029589327553715,1.884641490725909e-21
2046,stage2_pde_terminal_interface,1046,0.0018842449627184184,0.0002,,0.000179702716716796,0.7581571530556501,8.142721211174221e-06,0.0016963995222258241,2.5646240521290255e-12
2047,stage2_pde_terminal_interface,1047,0.0020957532758246926,0.0002,,0.00020053746384891136,0.8971084552003907,1.4231830142360037e-05,0.001880965206988796,1.8774844625095238e-08
2048,stage2_pde_terminal_interface,1048,0.0026064013716392475,0.0002,,0.00018707419420848113,0.8298675813450269,1.2894288749502187e-05,0.0024064328886402933,4.097079299119433e-14
2049,stage2_pde_terminal_interface,1049,0.003110564596930589,0.0002,,0.00016301437136329914,0.7246854269585897,1.006320003410559e-05,0.00293748610217251,9.233606739534691e-10
2050,stage2_pde_terminal_interface,1050,0.0028906780335084983,0.0002,,0.00016990924930550386,0.7895772369066555,1.0592314631381322e-05,0.002710176128843502,3.407281112908779e-10
2051,stage2_pde_terminal_interface,1051,0.002321741654453129,0.0002,,0.00016727945680800553,0.7471699564536439,1.3704777570124543e-05,0.0021407574200749987,8.150438483666673e-26
2052,stage2_pde_terminal_interface,1052,0.0021829517122152003,0.0002,,0.0001801553238971895,0.8443589078795356,6.64787694513464e-06,0.001996117387998763,3.1123374113341e-08
2053,stage2_pde_terminal_interface,1053,0.0027082162362963304,0.0002,,0.00027170423567585736,0.8685731816984479,1.0019367801399485e-05,0.002426492631115465,1.7036086283071514e-12
2054,stage2_pde_terminal_interface,1054,0.0030331493977764847,0.0002,,0.0002878164032403558,0.9261792032030861,1.0570849100097998e-05,0.002734762145436031,1.9461952134881755e-20
2055,stage2_pde_terminal_interface,1055,0.002558666824589277,0.0002,,0.0001568869384422927,0.8926503586400137,1.2665193223996426e-05,0.0023889889481676454,1.2574475534227712e-07
2056,stage2_pde_terminal_interface,1056,0.002425921314933378,0.0002,,0.00015463522673293454,0.8939241798914779,1.2144393207050563e-05,0.002259141694980374,1.3018972796298204e-14
2057,stage2_pde_terminal_interface,1057,0.002094657329973185,0.0002,,0.00018201842704931848,0.6260331517885408,9.641639357493399e-06,0.0019029946046090402,2.658957332971734e-09
2058,stage2_pde_terminal_interface,1058,0.0032103962369050927,0.0002,,0.00013256995108499857,0.8171729033938788,1.1000699821335665e-05,0.0030668255300894324,5.5909325792345034e-11
2059,stage2_pde_terminal_interface,1059,0.002501794395411082,0.0002,,0.00016330667463524174,0.7383513941749981,9.451668220515511e-06,0.002328869536737106,1.665158182188414e-07
2060,stage2_pde_terminal_interface,1060,0.0017961190759682001,0.0002,,0.0001421738836875334,0.9466137411099185,9.92757952482143e-06,0.001644017612755188,6.574318685589198e-16
2061,stage2_pde_terminal_interface,1061,0.0022527612238914052,0.0002,,0.00023220490011911744,0.786760414083534,1.21503226451969e-05,0.0020084055360471914,4.6507989952705176e-10
2062,stage2_pde_terminal_interface,1062,0.003003670390132391,0.0002,,0.00018354227692914625,0.9483640649218198,8.37319804343523e-06,0.002811754914362293,7.975164102202758e-13
2063,stage2_pde_terminal_interface,1063,0.002216414427799216,0.0002,,0.00015473717712489012,0.7607123076101647,1.0188208889411317e-05,0.0020514890417824426,2.4719603666198335e-15
2064,stage2_pde_terminal_interface,1064,0.0025956903711962815,0.0002,,0.0001926989806154782,0.8504847703627079,1.204519915022962e-05,0.002390946168965721,2.2464853036900265e-11
2065,stage2_pde_terminal_interface,1065,0.0022582682543867026,0.0002,,0.0001583963744436235,0.754151609612718,7.778059371491882e-06,0.0020920895436438054,4.276927781693758e-09
2066,stage2_pde_terminal_interface,1066,0.0024624352234518853,0.0002,,0.00023644040135106038,0.7814389622957056,1.0591715186295325e-05,0.002215403030837636,7.607689369099258e-11
2067,stage2_pde_terminal_interface,1067,0.0019639614842860992,0.0002,,0.00024589099150229776,0.7639634721600788,6.148651525160602e-06,0.001711921841257779,8.615872218596306e-16
2068,stage2_pde_terminal_interface,1068,0.002693561461999822,0.0002,,0.00033230050358339753,0.8292704705952404,9.526496708821523e-06,0.002351734461707603,6.1161229242168075e-21
2069,stage2_pde_terminal_interface,1069,0.0027352168215305107,0.0002,,0.00021294280519712402,0.7708297474595851,1.0381011076622292e-05,0.0025117644682969317,1.285369598329062e-07
2070,stage2_pde_terminal_interface,1070,0.0020513448309714476,0.0002,,0.00014229552378239885,0.8523234891392466,8.845144619383993e-06,0.0019002041624863284,8.333642761111318e-14
2071,stage2_pde_terminal_interface,1071,0.0028282799654451296,0.0002,,0.00017412373246827872,0.8496905171252483,1.6009306882140182e-05,0.0026381469260947105,2.282617510627642e-21
2072,stage2_pde_terminal_interface,1072,0.002765655324644288,0.0002,,0.0002052894142324799,0.7511497472367384,9.347421510789477e-06,0.002551018488871756,2.9262597670677506e-14
2073,stage2_pde_terminal_interface,1073,0.002404958400443928,0.0002,,0.0001319330476308964,0.7559852131621192,6.5162254892188504e-06,0.002266509127323732,8.06237087299242e-17
2074,stage2_pde_terminal_interface,1074,0.002404599972328393,0.0002,,0.0001938164615530689,0.833610187559421,9.28278319742508e-06,0.002201500727577899,1.7425739150731715e-21
2075,stage2_pde_terminal_interface,1075,0.00224288712637149,0.0002,,0.00016314529225571844,0.7134935299542072,1.4705051737041814e-05,0.0020650312441242965,5.5382544333168694e-09
2076,stage2_pde_terminal_interface,1076,0.0018083400361460493,0.0002,,0.00013159411731510448,0.8626331889384923,1.0190956043970105e-05,0.0016665523447207727,2.618066201891388e-09
2077,stage2_pde_terminal_interface,1077,0.002045041559285718,0.0002,,0.0001418687062381035,0.8734831085331145,7.73362884689223e-06,0.0018954392242007223,2.135697802962308e-20
2078,stage2_pde_terminal_interface,1078,0.0022289856665477295,0.0002,,0.00018874261158271583,0.8425981344126292,7.92539498609018e-06,0.0020323176599288703,5.0053293628344264e-14
2079,stage2_pde_terminal_interface,1079,0.002406391552761695,0.0002,,0.00015121746385568497,0.8017597539413326,6.778688570987977e-06,0.002248395400334154,8.678108253960996e-16
2080,stage2_pde_terminal_interface,1080,0.0025652500200596053,0.0002,,0.0001839011316013245,0.7491480659506676,6.441313599255566e-06,0.0023749075337460134,4.111301199522061e-11
2081,stage2_pde_terminal_interface,1081,0.0026202678013179112,0.0002,,0.00018083534112864092,0.8768742602979929,1.0294249531478518e-05,0.00242913821065771,8.181138913893193e-17
2082,stage2_pde_terminal_interface,1082,0.0022957296977254788,0.0002,,0.000122409366787378,0.8884367183385784,1.0750932861587663e-05,0.0021625693980764863,2.678043054345523e-17
2083,stage2_pde_terminal_interface,1083,0.0018185981182793198,0.0002,,0.00013814834175056556,0.80415965318063,1.0757343831490964e-05,0.0016696924326972632,7.006704383112984e-20
2084,stage2_pde_terminal_interface,1084,0.002276423846551386,0.0002,,0.00019147069250789744,0.9493988473661666,1.0223234379492106e-05,0.002074729897403752,2.2260244583982033e-11
2085,stage2_pde_terminal_interface,1085,0.0021280755815552255,0.0002,,0.00016278662924921997,0.9160129181823315,8.537486050753561e-06,0.0019567514648795733,1.3756788121637918e-12
2086,stage2_pde_terminal_interface,1086,0.002817501912351215,0.0002,,0.00020601436499739865,0.9569972214999091,9.96637809873632e-06,0.0026015210046291,1.6462597999432775e-10
2087,stage2_pde_terminal_interface,1087,0.0025843384921038653,0.0002,,0.0001881701542911586,0.7031755784602604,1.0203179471167444e-05,0.002385965158341539,2.8761447971026965e-19
2088,stage2_pde_terminal_interface,1088,0.0023009615374587917,0.0002,,0.00011710010126679855,0.8035835516427516,1.0972187703264576e-05,0.002172889248449226,3.950260254644775e-14
2089,stage2_pde_terminal_interface,1089,0.00202054813274812,0.0002,,0.0002903343767845509,0.8240930647933336,8.0678757411857e-06,0.0017221458692205046,1.1001878781868501e-11
2090,stage2_pde_terminal_interface,1090,0.002024355639123897,0.0002,,0.00021720486923175838,0.7993467367009708,1.0866238326407213e-05,0.001796284531564167,1.5641620099479681e-15
2091,stage2_pde_terminal_interface,1091,0.0030371285471458924,0.0002,,0.00013166706112759948,0.7402904392547619,1.1298824257094035e-05,0.0028941621888812856,4.728799132196482e-10
2092,stage2_pde_terminal_interface,1092,0.0030208979039733014,0.0002,,0.00018255435704156583,0.6613936340363992,8.067820561989036e-06,0.00283027572636946,2.8673310651750486e-16
2093,stage2_pde_terminal_interface,1093,0.0025436603644840043,0.0002,,0.00012225518316148437,0.8121473313861161,1.312743076952538e-05,0.0024082777505529916,2.882791979689192e-18
2094,stage2_pde_terminal_interface,1094,0.002387543530734883,0.0002,,0.00017466001472972795,0.9439674836404662,9.337681786956085e-06,0.002203545549809804,2.8440839472232854e-10
2095,stage2_pde_terminal_interface,1095,0.0019392256658571732,0.0002,,0.00014731663350344082,0.7834401000634763,8.349608365452932e-06,0.0017835594239882543,2.5161631373687148e-17
2096,stage2_pde_terminal_interface,1096,0.002032230397678826,0.0002,,0.0001325713555587882,0.6629759842189756,9.736758191218674e-06,0.001889922283928819,5.5765410498349754e-21
2097,stage2_pde_terminal_interface,1097,0.002211715446496529,0.0002,,0.00023673328127998464,0.8865786074174012,1.1394477137879269e-05,0.0019635448851512884,4.280292737647885e-08
2098,stage2_pde_terminal_interface,1098,0.0019513112800009671,0.0002,,0.00014623931007964915,0.8742669757508185,8.294964999633938e-06,0.0017967656826133878,1.1322308296213013e-08
2099,stage2_pde_terminal_interface,1099,0.002262141495700952,0.0002,,0.0002110374540897065,0.8268328454747038,9.606896557853343e-06,0.002041497054755056,9.029833626975068e-11
2100,stage2_pde_terminal_interface,1100,0.002741578805646038,0.0002,,0.000180328161777037,0.8070654296513853,8.930579566741877e-06,0.002552320064302259,1.8420665235144357e-21
2101,stage2_pde_terminal_interface,1101,0.0035499160496843224,0.0002,,0.0002237377193858392,0.8311830651041955,1.1873016757966191e-05,0.0033143053135367717,3.745116408385291e-15
2102,stage2_pde_terminal_interface,1102,0.0021503737949550503,0.0002,,0.00016471254887026447,0.6951316642981636,9.409687059871687e-06,0.0019762504278067325,1.131218181762717e-09
2103,stage2_pde_terminal_interface,1103,0.0037672841967485195,0.0002,,0.0002390301322547287,0.8878999594264156,1.2123170178367565e-05,0.003516130894315423,8.938646905461179e-23
2104,stage2_pde_terminal_interface,1104,0.0027708138296724067,0.0002,,0.00021509122659754096,0.8495305668790374,9.887518469697917e-06,0.0025458350845128674,9.230031854336502e-14
2105,stage2_pde_terminal_interface,1105,0.002263114842426693,0.0002,,0.00019902993879527913,0.9075319311646229,8.653039993711486e-06,0.002055431863604775,3.2927732677576635e-14
2106,stage2_pde_terminal_interface,1106,0.0023761924104917912,0.0002,,0.00014066038739335475,0.8521649736596224,7.32168067756504e-06,0.0022282103422852943,1.3557726221437618e-13
2107,stage2_pde_terminal_interface,1107,0.002285617388299928,0.0002,,0.0001328149686371715,0.827808336712019,9.755805384369144e-06,0.002143046614271716,6.671520517365727e-15
2108,stage2_pde_terminal_interface,1108,0.0023159091704161704,0.0002,,0.00020285932273715664,0.753654833534848,1.159276312681938e-05,0.0021014549154040317,2.169148162524874e-09
2109,stage2_pde_terminal_interface,1109,0.0028672940822715965,0.0002,,0.00013274185092513956,0.8423328664635966,1.1375743606996642e-05,0.002723176486978054,7.614060713288368e-13
2110,stage2_pde_terminal_interface,1110,0.0023401304315063634,0.0002,,0.00019725241263319167,0.7393461126266152,1.1036831763026966e-05,0.002131841161007079,2.6103065762446945e-11
2111,stage2_pde_terminal_interface,1111,0.0025384421649507546,0.0002,,0.00014088600715806026,0.8455538693776677,6.179599060148524e-06,0.002391376375085882,1.836466639458617e-10
2112,stage2_pde_terminal_interface,1112,0.0021286584024355166,0.0002,,0.0002080866105532305,0.7726029003198877,9.668862283253407e-06,0.0019108976098947998,5.319704233199987e-09
2113,stage2_pde_terminal_interface,1113,0.0028726296026258596,0.0002,,0.00017282363390649415,0.7747732066911838,1.0097924303139684e-05,0.0026897080444162258,1.11261807861318e-20
2114,stage2_pde_terminal_interface,1114,0.002118464429135408,0.0002,,0.00018400914882861632,0.7286484671442152,8.487476737960944e-06,0.0019259678035688304,1.121271210009402e-24
2115,stage2_pde_terminal_interface,1115,0.002077086083027345,0.0002,,0.00015530105027487367,0.7990186696119131,9.1583852459499e-06,0.0019123818818259214,2.4476568060017757e-07
2116,stage2_pde_terminal_interface,1116,0.003647576882812458,0.0002,,0.0001897483623217177,0.840521696729814,8.71434860674635e-06,0.003449114171883983,1.1305224355474296e-17
2117,stage2_pde_terminal_interface,1117,0.003070357764327948,0.0002,,0.0001435575667669122,0.6419818889055197,8.887231516402717e-06,0.0029179129626564536,3.3881793076413622e-12
2118,stage2_pde_terminal_interface,1118,0.003316332373295334,0.0002,,0.00015139356631436036,0.7440720893355239,6.305725246787885e-06,0.0031586330817308618,3.3238943955485286e-15
2119,stage2_pde_terminal_interface,1119,0.0029283144490146983,0.0002,,0.00017444322012010968,0.872466745665273,9.226375540162115e-06,0.0027446435619339344,1.2914204920905898e-09
2120,stage2_pde_terminal_interface,1120,0.0022500456345905407,0.0002,,0.00017163297216881657,0.8701564222826149,1.1102615035730339e-05,0.0020673100473859937,2.5199161774719758e-20
2121,stage2_pde_terminal_interface,1121,0.001849267358718278,0.0002,,0.0001456227512874065,0.7177920024011374,1.0903574121920326e-05,0.0016927410333089513,4.4200694452952876e-29
2122,stage2_pde_terminal_interface,1122,0.0022028257225068077,0.0002,,0.0001306318713703448,0.7487688478747766,1.2177020415110595e-05,0.0020600168307213524,1.433765074883841e-24
2123,stage2_pde_terminal_interface,1123,0.0020433540643664066,0.0002,,0.00017124882024550684,0.7278030752487068,6.824091927484372e-06,0.0018652811521934153,3.424378978044961e-21
2124,stage2_pde_terminal_interface,1124,0.002693454269737491,0.0002,,0.00013458980159259683,0.8335308750976921,9.162986078593955e-06,0.002549700864491072,6.175752283505496e-10
2125,stage2_pde_terminal_interface,1125,0.0029252473523539418,0.0002,,0.00013921796842628732,0.7600075627599953,1.2492927784598661e-05,0.0027735357700416703,6.861013852545482e-10
2126,stage2_pde_terminal_interface,1126,0.0031336273241559325,0.0002,,0.00016688307353660432,0.7170330470012407,1.2155019082487351e-05,0.0029545892315361883,6.528882952673126e-16
2127,stage2_pde_terminal_interface,1127,0.002189974514487364,0.0002,,0.00016626164722669944,0.7191036252289286,8.4752291895832e-06,0.0020152376380710812,5.311501631925393e-26
2128,stage2_pde_terminal_interface,1128,0.003451661553063094,0.0002,,0.00010511271197336277,0.8762426766362846,1.1235310740551015e-05,0.003335309681825498,3.848523682481991e-09
2129,stage2_pde_terminal_interface,1129,0.0017607479841915874,0.0002,,0.0001435809887525541,0.8937338627561489,7.475187142231828e-06,0.00160969110106306,7.072337413004897e-10
2130,stage2_pde_terminal_interface,1130,0.0023996943060820156,0.0002,,0.00012252225575399358,0.7383975897003038,1.448029587804464e-05,0.0022626915242848003,2.3016517704205463e-10
2131,stage2_pde_terminal_interface,1131,0.0026228261890503773,0.0002,,0.00013694069840976234,0.7547628439158721,9.35610527987101e-06,0.002476522831712174,6.553648569809819e-09
2132,stage2_pde_terminal_interface,1132,0.0017947359686418792,0.0002,,0.00013235063461440903,0.759804000474403,9.946928292983055e-06,0.001652438405713736,2.0750989344740646e-14
2133,stage2_pde_terminal_interface,1133,0.0017191614480884796,0.0002,,0.0001497702195106008,0.7782090496481866,8.579865681975587e-06,0.0015608113614056084,1.4902949404502351e-12
2134,stage2_pde_terminal_interface,1134,0.003016452151493675,0.0002,,0.0001511767826539624,0.8221339560436798,9.89766785917227e-06,0.00285537770098054,3.09540613636152e-29
2135,stage2_pde_terminal_interface,1135,0.0018619713719593258,0.0002,,0.00018782482801473505,0.7588723090381246,1.2108735175980172e-05,0.0016620378074665763,1.3020341880244725e-12
2136,stage2_pde_terminal_interface,1136,0.0022590379253697593,0.0002,,0.00013883314890750855,0.8838424756175769,8.555818327885483e-06,0.002111648958134358,6.973800908329186e-18
2137,stage2_pde_terminal_interface,1137,0.0035254060034207472,0.0002,,0.00016021569071095288,0.6500407196344841,1.057193748997202e-05,0.0033546183752198224,1.5630526815910602e-20
2138,stage2_pde_terminal_interface,1138,0.002736898959755846,0.0002,,0.0001199058472967337,0.7316296870644665,8.290136488865778e-06,0.002608702872394411,1.035758354167471e-10
2139,stage2_pde_terminal_interface,1139,0.0033119523273891617,0.0002,,0.00017574775065340957,0.7978098723033991,9.014680032268029e-06,0.003127189896696238,7.246345507004215e-15
2140,stage2_pde_terminal_interface,1140,0.0018580587974172235,0.0002,,0.00016267119770943203,0.6750705094293875,1.5476087686202407e-05,0.0016798534860115765,5.802601001253337e-08
2141,stage2_pde_terminal_interface,1141,0.002386935657109565,0.0002,,0.00011378553693422693,0.798394712333932,8.023376446275806e-06,0.0022651260170601134,7.266689486374389e-10
2142,stage2_pde_terminal_interface,1142,0.0024500455127877212,0.0002,,0.00023851239717310993,0.6685354748383093,6.999360866595329e-06,0.002204533754748016,6.943238180582165e-23
2143,stage2_pde_terminal_interface,1143,0.0021901271609938676,0.0002,,0.0001475162520683916,0.77039226717208,1.0556806273233386e-05,0.0020320541018474638,8.047791259347513e-13
2144,stage2_pde_terminal_interface,1144,0.0023135143124918467,0.0002,,0.00018112798165488518,0.6178057323646777,1.0433548234005251e-05,0.0021219526610610083,1.2154194777091118e-10
2145,stage2_pde_terminal_interface,1145,0.002358530231436051,0.0002,,0.00012585278322257493,0.7941981295669573,1.2018526719366408e-05,0.0022206589214940984,1.1167744886707904e-17
2146,stage2_pde_terminal_interface,1146,0.0026416938694314995,0.0002,,0.0002730647571379829,0.8184140275048114,8.929868657638084e-06,0.0023596921580010706,7.0856348081409105e-09
2147,stage2_pde_terminal_interface,1147,0.0021013755240813243,0.0002,,0.00012931721202035754,0.7385879257129752,8.086693478104804e-06,0.00196396797967388,3.6389089824901923e-09
2148,stage2_pde_terminal_interface,1148,0.0026162335254968348,0.0002,,0.0001404687281542599,0.6847940457786345,1.1056475063568623e-05,0.0024647083163842898,5.894716360780542e-12
2149,stage2_pde_terminal_interface,1149,0.0020618304694403292,0.0002,,0.00012679009709570167,0.8419359787050118,9.941857054616167e-06,0.001925097611176111,9.041139005831293e-10
2150,stage2_pde_terminal_interface,1150,0.00278250865054585,0.0002,,0.00017676432163537737,0.7674215333924359,7.534049390714203e-06,0.0025982102794359363,8.382234659168004e-14
2151,stage2_pde_terminal_interface,1151,0.002036907088144266,0.0002,,0.00015694732621481113,0.6337553406087836,7.996745159582084e-06,0.0018719356883305127,2.732843936017717e-08
2152,stage2_pde_terminal_interface,1152,0.0028270170224570126,0.0002,,0.0002076477086175676,0.7762135938035194,1.2115008359527278e-05,0.0026072542828423388,2.2637578839973083e-11
2153,stage2_pde_terminal_interface,1153,0.001960046896715016,0.0002,,0.0001720827790905998,0.6029952938725467,7.756568540898193e-06,0.0017802074704086296,7.867488870228177e-11
2154,stage2_pde_terminal_interface,1154,0.00347495033720449,0.0002,,0.00012447772835728926,0.6614683662649511,1.1100668319325717e-05,0.003339370043293911,1.8972339639691744e-09
2155,stage2_pde_terminal_interface,1155,0.0023329375260685878,0.0002,,0.00011977372100636149,0.7055473731112931,1.2552527123686993e-05,0.002200611277937537,1.002414845018526e-15
2156,stage2_pde_terminal_interface,1156,0.0022890777856302918,0.0002,,0.0001532666814547134,0.6451964219762775,1.4209019547484505e-05,0.0021216019984222276,8.62058661490103e-11
2157,stage2_pde_terminal_interface,1157,0.001523832182760327,0.0002,,0.00014772038488646767,0.7400433203294392,9.034408359719107e-06,0.0013670770195247277,3.6998941237792955e-10
2158,stage2_pde_terminal_interface,1158,0.0018270951131137089,0.0002,,0.0001779984079537867,0.8607157935646083,9.62962522637305e-06,0.0016394670799331154,4.336724230910404e-16
2159,stage2_pde_terminal_interface,1159,0.0021389451381353393,0.0002,,0.00021373319529311005,0.8749874119468481,8.766229116998666e-06,0.0019164456313875138,8.233771708445038e-11
2160,stage2_pde_terminal_interface,1160,0.0022424549474180703,0.0002,,0.00015574638818510305,0.6788154796804777,1.011148061600578e-05,0.002076597078616949,1.2483139532240863e-17
2161,stage2_pde_terminal_interface,1161,0.003705465183039629,0.0002,,0.0001423784084284384,0.8260360074371933,1.3122236740323923e-05,0.003549964537870866,4.357140469589834e-19
2162,stage2_pde_terminal_interface,1162,0.0022541896761830585,0.0002,,0.0001514113897360026,0.6990645047987278,9.102230216928793e-06,0.0020936759815524154,7.467771188686296e-11
2163,stage2_pde_terminal_interface,1163,0.0016049062288601788,0.0002,,0.00010120397855612636,0.6564057698445492,1.2688322625862459e-05,0.00149100985761563,4.070062560018747e-09
2164,stage2_pde_terminal_interface,1164,0.002197691252639675,0.0002,,0.00013929676016719565,0.6697100691562246,1.4917416227006813e-05,0.0020434770733671424,2.8783302221251136e-12
2165,stage2_pde_terminal_interface,1165,0.002104721852228482,0.0002,,0.00014886019387093657,0.7561919680227974,1.0158768624137319e-05,0.0019456944550886577,8.434644750576987e-09
2166,stage2_pde_terminal_interface,1166,0.002048315847907267,0.0002,,0.00013019461908554952,0.7732574974591732,1.799830405744977e-05,0.0019000780498279577,4.487493631043762e-08
2167,stage2_pde_terminal_interface,1167,0.0020206686047632982,0.0002,,0.00018275533410648967,0.7028376953128865,9.805663448527265e-06,0.001828107607141034,6.724746898105603e-14
2168,stage2_pde_terminal_interface,1168,0.0015661129534367542,0.0002,,0.0001329216535443128,0.7334573596716699,6.4413715462649085e-06,0.0014267499272917774,1.0543992191623974e-12
2169,stage2_pde_terminal_interface,1169,0.002416943924806042,0.0002,,0.00010584269500274307,0.6935738920003892,7.934049534775975e-06,0.0023031671781557116,2.1128110525429656e-12
2170,stage2_pde_terminal_interface,1170,0.0026201003363089865,0.0002,,0.00010493663467761217,0.7497738017774415,5.920017946269886e-06,0.0025092436836851046,1.2535728903997845e-21
2171,stage2_pde_terminal_interface,1171,0.0020818130015177534,0.0002,,0.00019285056919669634,0.7208491741420591,1.0461521762588933e-05,0.001878500910558468,1.2138945900281299e-20
2172,stage2_pde_terminal_interface,1172,0.0022640833222618904,0.0002,,0.00017309117896558421,0.7226965243976099,9.294324104118897e-06,0.0020816978190875243,1.0466293338258536e-13
2173,stage2_pde_terminal_interface,1173,0.0028604763641751183,0.0002,,0.00010997722068138439,0.6499147618322152,1.0288813141423102e-05,0.002740210329530904,8.214069611238389e-13
2174,stage2_pde_terminal_interface,1174,0.0015429920209081582,0.0002,,0.0001088102209568768,0.689230581160502,1.15690179312938e-05,0.0014226127820199876,5.2825086419066814e-20
2175,stage2_pde_terminal_interface,1175,0.0015899108519869122,0.0002,,0.00020995157996811484,0.7606938703006221,1.1190893359035575e-05,0.0013687683786358165,2.3945219689750555e-14
2176,stage2_pde_terminal_interface,1176,0.0024565386878821864,0.0002,,0.0001543433525977947,0.7017747848217935,1.1000988553670037e-05,0.002291194346730721,9.735417720068387e-19
2177,stage2_pde_terminal_interface,1177,0.00225667923020693,0.0002,,0.00016880563926055276,0.6859726086711019,1.200086017854642e-05,0.0020758727307549525,1.287864817278485e-14
2178,stage2_pde_terminal_interface,1178,0.002118375681207153,0.0002,,0.00012817993102075235,0.7079305228461409,8.318209403955585e-06,0.001981877540782445,8.187955785636657e-24
2179,stage2_pde_terminal_interface,1179,0.0023773302795505676,0.0002,,0.0002505126413523619,0.6469290492374385,1.082069300494908e-05,0.0021159969265324486,1.866080794513081e-11
2180,stage2_pde_terminal_interface,1180,0.001818664882244637,0.0002,,0.0002229579941723147,0.7716850510943143,7.082398131176787e-06,0.0015886244899411454,7.072786129990292e-23
2181,stage2_pde_terminal_interface,1181,0.003153408176296869,0.0002,,0.0001610377977536189,0.8085878680754519,9.68292685243467e-06,0.0029826570206831823,3.043100763307043e-08
2182,stage2_pde_terminal_interface,1182,0.002912774937855149,0.0002,,0.00017960500299934128,0.6637603489650135,8.677742941460087e-06,0.002724489787955305,2.4039590424977508e-09
2183,stage2_pde_terminal_interface,1183,0.0023423205852603976,0.0002,,0.00013097047393723684,0.775254863800078,1.1186577625310875e-05,0.00220016353369785,3.5176551182531065e-21
2184,stage2_pde_terminal_interface,1184,0.0021245089691724586,0.0002,,0.0003973322643529687,0.7144761349557719,1.0721758598399922e-05,0.0017164548799228152,6.629827455724191e-11
2185,stage2_pde_terminal_interface,1185,0.0020312819340010725,0.0002,,0.00015520158415555037,0.7844168849091572,1.1534806621584591e-05,0.0018645455432208858,3.0517597679852668e-15
2186,stage2_pde_terminal_interface,1186,0.002480036571898121,0.0002,,0.0002234296980631573,0.7748454781171709,7.524215071447435e-06,0.0022490825878402694,7.092324675834654e-11
2187,stage2_pde_terminal_interface,1187,0.0026772104668156475,0.0002,,0.00015251741963080582,0.7283795933161568,1.1351451395196461e-05,0.002513341539342453,5.6447191844570964e-11
2188,stage2_pde_terminal_interface,1188,0.0018079449985266914,0.0002,,0.00013389504962171833,0.7554685226642367,9.887793461875702e-06,0.0016641621512250248,4.218072520725918e-12
2189,stage2_pde_terminal_interface,1189,0.002579493278029706,0.0002,,0.00012460518853202828,0.6684524155577538,1.1130084918641326e-05,0.002443758004579035,1.3804629218687666e-18
2190,stage2_pde_terminal_interface,1190,0.0018639150286234724,0.0002,,0.00013065903126029176,0.6784713130515094,1.0043138921809161e-05,0.0017231790645323604,3.379390901103367e-08
2191,stage2_pde_terminal_interface,1191,0.0027113093289424864,0.0002,,0.00016198367741453412,0.9217615548761625,8.065455547192816e-06,0.0025412474630983695,1.2732882390084847e-08
2192,stage2_pde_terminal_interface,1192,0.002209600776338159,0.0002,,0.00014567540329489445,0.7117738231989532,1.0920330209792975e-05,0.002053005042833459,1.2578025790198088e-17
2193,stage2_pde_terminal_interface,1193,0.0025939242457476692,0.0002,,0.00014327523539044517,0.6322736191425823,9.522850496659844e-06,0.0024411261598605593,4.8722193163413606e-18
2194,stage2_pde_terminal_interface,1194,0.0019529514621105344,0.0002,,0.0002899513593154296,0.7041845011692657,7.545038937028335e-06,0.0016554550638580713,5.182706514113088e-18
2195,stage2_pde_terminal_interface,1195,0.0030497689980542365,0.0002,,0.00019852359157130373,0.6720943171250333,1.2749475006348873e-05,0.0028384957026197292,2.2885685434240232e-10
2196,stage2_pde_terminal_interface,1196,0.0029580450383224475,0.0002,,0.0001669461620628459,0.7498228470914857,6.252126560743032e-06,0.002784846749698843,1.5494805084661287e-17
2197,stage2_pde_terminal_interface,1197,0.0025026559524729927,0.0002,,0.00018534006981073145,0.8296502878128382,1.2091550216868886e-05,0.002305224228181238,1.0426415425556658e-10
2198,stage2_pde_terminal_interface,1198,0.0016255362467677346,0.0002,,0.00011718864165482276,0.6235942934459932,9.494878547571096e-06,0.0014988523431485178,3.834168230182065e-10
2199,stage2_pde_terminal_interface,1199,0.0024743633525679664,0.0002,,0.00017173681587586475,0.7846557064784911,1.0105206194880739e-05,0.002292521330474369,2.2851988403290658e-14
2200,stage2_pde_terminal_interface,1200,0.0024454471597907287,0.0002,,0.00017686430504411358,0.6354040707421165,1.2370006457093375e-05,0.002256192897175213,1.9951114308566705e-08
2201,stage2_pde_terminal_interface,1201,0.0021574445930746425,0.0002,,0.00015328899330028215,0.8848489264099101,1.2057794025134956e-05,0.0019920978057492256,1.8425952682788607e-19
2202,stage2_pde_terminal_interface,1202,0.0021906488321479316,0.0002,,0.00021949796009898347,0.6610712004102739,9.017005225257466e-06,0.0019621338668143863,9.304090708821414e-15
2203,stage2_pde_terminal_interface,1203,0.0019077638392269469,0.0002,,0.00014858496455049137,0.7291318546503018,1.4923776934327853e-05,0.0017442550977418356,2.920231120092458e-16
2204,stage2_pde_terminal_interface,1204,0.0023175972674377935,0.0002,,0.00013925658672442833,0.6811600479690658,9.939331279187814e-06,0.002168401349434172,5.19220756782569e-18
2205,stage2_pde_terminal_interface,1205,0.0018587359090727156,0.0002,,0.00012023931583386194,0.681542481101917,9.555083192226825e-06,0.0017289298176404388,1.1692406187952879e-08
2206,stage2_pde_terminal_interface,1206,0.0026096672858900694,0.0002,,0.00013692307276878465,0.8498287161878143,7.784554334123795e-06,0.002464959658259233,5.279278162511655e-13
2207,stage2_pde_terminal_interface,1207,0.0020602510076871434,0.0002,,0.0002217863418495689,0.718596831222534,8.509022782730393e-06,0.0018299556430547749,6.920426446395952e-17
2208,stage2_pde_terminal_interface,1208,0.002431818204611713,0.0002,,0.00015827945277401416,0.7884884982344158,9.314483390895968e-06,0.002264224268446077,7.258441553152771e-16
2209,stage2_pde_terminal_interface,1209,0.0018037831255705075,0.0002,,0.00022102655555980398,0.8534332011835554,9.290995131629497e-06,0.0015734614275536578,4.147325416184144e-09
2210,stage2_pde_terminal_interface,1210,0.0019758137593149576,0.0002,,0.00016141361943624102,0.6937584082008514,9.220619052053449e-06,0.0018051795208266631,2.4525922453846403e-24
2211,stage2_pde_terminal_interface,1211,0.002190448906918591,0.0002,,0.00010225135239253493,0.6708325794801818,6.257962814529743e-06,0.0020819395915319346,1.7959138317305362e-13
2212,stage2_pde_terminal_interface,1212,0.0027430383765758245,0.0002,,0.0001621364339064988,0.6639277502414231,5.945016989691433e-06,0.0025749567187556203,2.069240140821669e-10
2213,stage2_pde_terminal_interface,1213,0.0021401523673189363,0.0002,,0.00019233466997690098,0.6722506484123362,9.304709804543017e-06,0.001938417796698179,9.51908393135943e-08
2214,stage2_pde_terminal_interface,1214,0.0019660091741202745,0.0002,,0.00017335183846490376,0.73395800272689,1.1295183268611671e-05,0.0017813621523867468,1.1956186858767543e-17
2215,stage2_pde_terminal_interface,1215,0.002711106710558524,0.0002,,0.00025752564281997925,0.8188781594578591,8.314143453064627e-06,0.0024452662816306153,6.426548645212316e-10
2216,stage2_pde_terminal_interface,1216,0.002802378472831273,0.0002,,0.00011315045772545143,0.8077678710927448,1.130151942716012e-05,0.0026779253580752576,1.1376034039990364e-09
2217,stage2_pde_terminal_interface,1217,0.001967412542135671,0.0002,,0.00021468300913762533,0.6548642185212583,1.0240871699194174e-05,0.0017424886612988516,7.784811066633087e-22
2218,stage2_pde_terminal_interface,1218,0.002199767801493794,0.0002,,0.00011994475047460339,0.687583818482857,1.057152548070214e-05,0.0020692515255384884,3.724298963574621e-24
2219,stage2_pde_terminal_interface,1219,0.0021459692607822267,0.0002,,0.00015403546239574708,0.6729283197443474,1.0599271706278016e-05,0.001981334483095822,4.3584379786757486e-11
2220,stage2_pde_terminal_interface,1220,0.0018549229113044474,0.0002,,0.00014061722699860215,0.7227275578783889,6.891736358805217e-06,0.001707390030159439,2.3917787601249805e-08
2221,stage2_pde_terminal_interface,1221,0.002321853384393408,0.0002,,0.00020779463253896746,0.8001299710639058,1.2639509272821533e-05,0.002101419241674743,9.068760432200032e-13
2222,stage2_pde_terminal_interface,1222,0.002474453627401432,0.0002,,0.00014376244027731135,0.769555481159429,1.1785587110745959e-05,0.002318905600013375,2.5431348892456457e-20
2223,stage2_pde_terminal_interface,1223,0.0026119719872012993,0.0002,,0.00021804020479779213,0.6042166703224502,6.495785677137017e-06,0.00238743599672637,4.5996626045937584e-23
2224,stage2_pde_terminal_interface,1224,0.0021811528837450025,0.0002,,0.00012711287611130115,0.6669712299766253,1.2189326507114612e-05,0.00204185068111544,1.1147039465876471e-14
2225,stage2_pde_terminal_interface,1225,0.0021786051481575827,0.0002,,0.00016426534066680458,0.7607301526742929,1.2306592514239657e-05,0.0020020332149765386,1.626294088979155e-20
2226,stage2_pde_terminal_interface,1226,0.0017591737239853241,0.0002,,0.0002332561276079509,0.6699874544236919,1.024416241598719e-05,0.0015156734339613854,5.488860363379263e-19
2227,stage2_pde_terminal_interface,1227,0.00234621721629398,0.0002,,0.0001969888651568642,0.7031649350024571,8.022509585438342e-06,0.002141205841551677,2.5631373421664566e-19
2228,stage2_pde_terminal_interface,1228,0.002554265843640628,0.0002,,0.00022807990110985363,0.7878813614327943,7.869475033158766e-06,0.0023183065131579493,9.954339665788604e-09
2229,stage2_pde_terminal_interface,1229,0.0022520308200135735,0.0002,,0.00012954631832727803,0.7812767295308585,7.43212539037027e-06,0.002115052376295809,1.1629780894065157e-16
2230,stage2_pde_terminal_interface,1230,0.0022843227978614163,0.0002,,0.00014093325481619556,0.8085722451798816,1.319954569551642e-05,0.002130189997332227,1.7477375346665775e-14
2231,stage2_pde_terminal_interface,1231,0.0026182499695520584,0.0002,,0.0002374711251424723,0.7062887938938274,1.0648616993186621e-05,0.0023701294107322433,8.166841562841038e-10
2232,stage2_pde_terminal_interface,1232,0.0021036940969534628,0.0002,,0.00014262406038110772,0.7380519508874086,1.1095449341491819e-05,0.0019499745872308633,3.935886876941932e-21
2233,stage2_pde_terminal_interface,1233,0.002126910623798994,0.0002,,0.00021356346216055134,0.7796287190129267,1.4188831441194148e-05,0.001899158330194977,2.2711383577142128e-15
2234,stage2_pde_terminal_interface,1234,0.002263297426245636,0.0002,,0.00022871259527591705,0.7836099530005219,1.2386107972323924e-05,0.0020221987152819164,7.715478922951287e-12
2235,stage2_pde_terminal_interface,1235,0.002248275855103025,0.0002,,0.00020484624012436447,0.8244851902215498,1.0722208841776648e-05,0.0020327071811053017,2.250315823165452e-10
2236,stage2_pde_terminal_interface,1236,0.0021662984231295814,0.0002,,0.0001614151809121057,0.7948776366710618,1.320045553053436e-05,0.001991682786686927,1.479883814298285e-17
2237,stage2_pde_terminal_interface,1237,0.002719656699309613,0.0002,,0.00013476733447098681,0.6965724726331659,9.872870860326438e-06,0.0025750145851899673,1.90878833205685e-09
2238,stage2_pde_terminal_interface,1238,0.002421754097489988,0.0002,,0.00015413514601710147,0.733263037146585,1.4175295823118889e-05,0.0022534436556483923,1.375024226062793e-15
2239,stage2_pde_terminal_interface,1239,0.002013735804430377,0.0002,,0.00012254190173079658,0.6695742754162436,7.726383309867462e-06,0.0018834624361431832,5.0832465299372065e-09
2240,stage2_pde_terminal_interface,1240,0.001953476644842567,0.0002,,0.00022181424718053478,0.7751974850702995,1.1799025785954677e-05,0.0017198633718706084,5.469132380696909e-15
2241,stage2_pde_terminal_interface,1241,0.0021208715057215812,0.0002,,0.00018591641595839425,0.779799383370384,1.3529883600337333e-05,0.0019213801663838688,4.503977898056463e-08
2242,stage2_pde_terminal_interface,1242,0.0020113211092481977,0.0002,,0.00013201011176140276,0.7319804279515069,1.0432548295143572e-05,0.0018688784431317097,6.059941763049133e-12
2243,stage2_pde_terminal_interface,1243,0.002268226974617143,0.0002,,0.00010876483870110377,0.7519979293753284,1.254706092315568e-05,0.002146906084891552,8.990101331185798e-09
2244,stage2_pde_terminal_interface,1244,0.002194235853985206,0.0002,,0.00014867794941237624,0.7415241071838878,1.0650638818017928e-05,0.0020349072657548117,1.6636758043282346e-20
2245,stage2_pde_terminal_interface,1245,0.002432760876842179,0.0002,,0.00015386148741023087,0.6785060564635991,1.6411877287782325e-05,0.0022624875121431236,1.0419801232035024e-15
2246,stage2_pde_terminal_interface,1246,0.002122382717005085,0.0002,,0.00021474474639610484,0.8483731613695149,6.295396894674841e-06,0.0019013409393233555,1.634390949831457e-09
2247,stage2_pde_terminal_interface,1247,0.0021315249276436564,0.0002,,0.00016003898935682692,0.8158270499616366,8.536014140776626e-06,0.0019629499241445975,1.4553667675726638e-15
2248,stage2_pde_terminal_interface,1248,0.002718340805358819,0.0002,,0.00023667724153701058,0.7355110908711266,7.040490573345042e-06,0.002474623073247366,1.097595034952146e-15
2249,stage2_pde_terminal_interface,1249,0.001963405607187571,0.0002,,0.00020113983482645566,0.7146894360535451,7.730168069922365e-06,0.0017545338072043589,1.7970868342711847e-09
2250,stage2_pde_terminal_interface,1250,0.0023826672530961627,0.0002,,0.00018372423045482115,0.6060804677884978,9.842137250013309e-06,0.002189100885391081,2.470505907049167e-16
2251,stage2_pde_terminal_interface,1251,0.0023058755470748023,0.0002,,0.0001738103779090277,0.7232408667631387,1.1002861503375276e-05,0.00212106088914925,1.4185131493754032e-09
2252,stage2_pde_terminal_interface,1252,0.0024085842884943726,0.0002,,0.00021896801864602583,0.7373186431200431,1.139092317132805e-05,0.0021782253214866916,2.5190327381694458e-11
2253,stage2_pde_terminal_interface,1253,0.0036985373310959246,0.0002,,0.00014264480530223542,0.7692338905040736,8.702679792826174e-06,0.0035471898457387022,2.621606212305885e-13
2254,stage2_pde_terminal_interface,1254,0.002106388685270396,0.0002,,0.00021313232469519585,0.7358725359346474,1.0949009954126116e-05,0.0018822937600257122,1.3590595361750756e-08
2255,stage2_pde_terminal_interface,1255,0.0025114979486783964,0.0002,,0.00019684702865820742,0.7841370006326126,1.1589079040978183e-05,0.002303054562471944,7.278507266367254e-09
2256,stage2_pde_terminal_interface,1256,0.0020137515207861376,0.0002,,0.000151981949440873,0.7867489836633009,8.29532618721149e-06,0.0018534730079567674,1.237201285652149e-09
2257,stage2_pde_terminal_interface,1257,0.0021170381000459705,0.0002,,0.00015041482202722458,0.7542649264008524,1.0610797192221332e-05,0.001956012480825621,9.035089886778105e-16
2258,stage2_pde_terminal_interface,1258,0.0025721107973494606,0.0002,,0.00014680467193161468,0.7267123433027746,1.0964449263520495e-05,0.002414341676154325,1.3742240672535337e-21
2259,stage2_pde_terminal_interface,1259,0.0022233669339074428,0.0002,,0.00016681391143379967,0.8165820589090365,8.924091665360831e-06,0.0020476289305730736,2.3520856618905725e-13
2260,stage2_pde_terminal_interface,1260,0.0026346753186608897,0.0002,,0.0001567553911305518,0.6625970110154188,8.172208662463566e-06,0.002469747718217244,6.506304166088868e-13
2261,stage2_pde_terminal_interface,1261,0.0020924994243035414,0.0002,,0.0001609097989745972,0.7654322134899914,8.965682767574735e-06,0.0019226239425468412,1.4528424256526717e-14
2262,stage2_pde_terminal_interface,1262,0.0026479769216051765,0.0002,,0.00015562647063744597,0.773264828129038,8.867510237430535e-06,0.0024834829334476286,7.282671307881004e-12
2263,stage2_pde_terminal_interface,1263,0.0022355810748790977,0.0002,,0.00016127173723328039,0.7522329601748499,8.040618907718848e-06,0.0020662687158666897,2.871408832262203e-12
2264,stage2_pde_terminal_interface,1264,0.002088791849832324,0.0002,,0.0001253048263363441,0.6645958654901548,8.93635593718002e-06,0.001954550659395491,8.163308460205397e-12
2265,stage2_pde_terminal_interface,1265,0.0019757380085735137,0.0002,,0.0001450165748344997,0.7447560919845322,9.750946985838131e-06,0.001820970411018848,7.573432819029818e-11
2266,stage2_pde_terminal_interface,1266,0.0024761494898441934,0.0002,,0.00019068805733943507,0.7382654464468491,1.2100322931922218e-05,0.0022733610309234376,7.864939877265931e-11
2267,stage2_pde_terminal_interface,1267,0.0022461082584950775,0.0002,,0.0001633828118032257,0.721440260364705,7.037221247488077e-06,0.0020756882254443576,6.0340832203096685e-18
2268,stage2_pde_terminal_interface,1268,0.002496278698548513,0.0002,,0.00018627104454253078,0.7106144483391864,8.205357136905822e-06,0.0023018022949610833,1.9079934974845133e-12
2269,stage2_pde_terminal_interface,1269,0.0024161324053761373,0.0002,,0.0001580946182648009,0.7306914178634212,1.3642621516735346e-05,0.002244395034225863,1.3136873778166644e-10
2270,stage2_pde_terminal_interface,1270,0.002533473407051925,0.0002,,0.00016791930513662345,0.690515055504284,1.1444497540866523e-05,0.002354109604344599,2.9836064890123557e-14
2271,stage2_pde_terminal_interface,1271,0.003905229283277281,0.0002,,0.00033716411722895564,0.7739157343386559,9.398381232586624e-06,0.003558666754754622,3.006111694798375e-11
2272,stage2_pde_terminal_interface,1272,0.0018159556292021545,0.0002,,0.0001434642803746354,0.6805889387955143,1.0108426873077007e-05,0.001662382921954442,4.2682903751359605e-27
2273,stage2_pde_terminal_interface,1273,0.002555294401731973,0.0002,,0.00017363135792487782,0.7467037972584395,9.818068792573564e-06,0.0023718449748654146,1.4910687933083203e-13
2274,stage2_pde_terminal_interface,1274,0.0031784860401623287,0.0002,,0.00014847856405900332,0.712133517441019,8.162791304031271e-06,0.003021844387587103,2.972121911836928e-10
2275,stage2_pde_terminal_interface,1275,0.0023850973415491966,0.0002,,0.0001512262852849456,0.7895261571790896,9.143222947197091e-06,0.0022247278333165157,5.382795124278791e-16
2276,stage2_pde_terminal_interface,1276,0.002313702744549728,0.0002,,0.0001557119745826906,0.6864151487981333,9.689255655603804e-06,0.002148301512477529,1.833903919127173e-12
2277,stage2_pde_terminal_interface,1277,0.002146855484546519,0.0002,,0.00013872368226613868,0.7796303285216629,1.3093454242413257e-05,0.001995038348037965,1.934257477040209e-18
2278,stage2_pde_terminal_interface,1278,0.0027482213286481208,0.0002,,0.00015878397409727074,0.7498638287657031,8.806241028726276e-06,0.002580631113522124,1.2463356716053301e-23
2279,stage2_pde_terminal_interface,1279,0.002556426630702753,0.0002,,0.000125557007202227,0.67413784421649,1.0217765410746019e-05,0.002420651854277691,3.8120891855102806e-12
2280,stage2_pde_terminal_interface,1280,0.0019277709986200704,0.0002,,0.0001714223407442826,0.6960141362005576,8.94049298904818e-06,0.0017474075602724724,6.046142672652225e-10
2281,stage2_pde_terminal_interface,1281,0.002508801194214945,0.0002,,0.0002160757148731923,0.5892084817605922,1.106779576111277e-05,0.00228165768358064,2.9936268274305463e-22
2282,stage2_pde_terminal_interface,1282,0.0029628081475903995,0.0002,,0.00019460876210578482,0.7166648275403606,9.364738215092085e-06,0.002758834647181492,8.803090808905421e-14
2283,stage2_pde_terminal_interface,1283,0.002165547745059228,0.0002,,0.00014252058727757231,0.6146374083520276,1.1184223751940546e-05,0.002011842809626552,1.2440316335269097e-10
2284,stage2_pde_terminal_interface,1284,0.0019326346131091706,0.0002,,0.00011746775646861268,0.7310939416140644,1.032691649256907e-05,0.001804839940147989,3.8293567356923423e-23
2285,stage2_pde_terminal_interface,1285,0.0021648154251035535,0.0002,,0.00016372258606783135,0.7415532304324576,1.094109213171033e-05,0.00199015160013021,1.4677380158924606e-10
2286,stage2_pde_terminal_interface,1286,0.0020555838946682936,0.0002,,0.00015072137703157874,0.7702341017212276,8.43313758489303e-06,0.0018964293800509172,9.046987723041222e-16
2287,stage2_pde_terminal_interface,1287,0.0022964048901147407,0.0002,,0.0001441315359443401,0.6660701535677587,8.753924209409724e-06,0.002143519429954128,6.863167188651947e-15
2288,stage2_pde_terminal_interface,1288,0.0019477641445891454,0.0002,,0.0001282178418773248,0.8113445759749,8.382260332101127e-06,0.0018111356333707536,2.8409008965716632e-08
2289,stage2_pde_terminal_interface,1289,0.0034449909687567747,0.0002,,0.0002560593379074938,0.806847633606076,8.434508274674791e-06,0.003180497122569164,5.441924890471415e-15
2290,stage2_pde_terminal_interface,1290,0.002036950018344516,0.0002,,0.0001731231808600966,0.7809951540046283,9.292597615492788e-06,0.0018544164438411657,1.1779602776087184e-07
2291,stage2_pde_terminal_interface,1291,0.0021882535647667245,0.0002,,0.00014902023172864884,0.8703470536411001,6.498304275902598e-06,0.002032735006415811,2.234636207852869e-11
2292,stage2_pde_terminal_interface,1292,0.0016922408444392295,0.0002,,0.00019021939471369797,0.6970097795160191,9.046540599610635e-06,0.001492974876269996,3.2855924707597854e-11
2293,stage2_pde_terminal_interface,1293,0.0023144739268836814,0.0002,,0.0001281443342135465,0.7516072456255734,1.2263200210313444e-05,0.0021740663912784256,1.1813958634663913e-12
2294,stage2_pde_terminal_interface,1294,0.0017731798924383545,0.0002,,0.00015112424806785024,0.7084869886534554,1.0722426426714847e-05,0.0016113288405475578,4.377396231680982e-09
2295,stage2_pde_terminal_interface,1295,0.002859699916861934,0.0002,,0.0002214792154088242,0.8232649008290664,1.1524498129674614e-05,0.002626696203323435,2.9489108137755614e-27
2296,stage2_pde_terminal_interface,1296,0.003365150553234764,0.0002,,0.00020379311085739853,0.7713323123700293,6.984189629402882e-06,0.003154372384578195,8.681697675324695e-10
2297,stage2_pde_terminal_interface,1297,0.0027452080405285907,0.0002,,0.00013235901270804861,0.6992599400512577,9.17027668994059e-06,0.002603678738984504,1.2146097625905299e-11
2298,stage2_pde_terminal_interface,1298,0.001808012303315573,0.0002,,0.00025788381044949634,0.823784124710522,7.0314420705519145e-06,0.0015430969228778812,1.2791764339570702e-10
2299,stage2_pde_terminal_interface,1299,0.0021737350186322433,0.0002,,0.000289540706596589,0.8330789500553045,1.1959315333042015e-05,0.0018722349967026123,9.630526942593544e-25
2300,stage2_pde_terminal_interface,1300,0.002003015733437467,0.0002,,0.0001680209757342703,0.7890553710990882,1.1116721526469461e-05,0.0018238780361370295,3.9698003569159985e-14
2301,stage2_pde_terminal_interface,1301,0.0015355536358667755,0.0002,,0.0001533400921900108,0.7404908228966692,1.0436040910869337e-05,0.0013717775027627405,3.1548751802529492e-15
2302,stage2_pde_terminal_interface,1302,0.0019672512328720304,0.0002,,0.00022532915020904586,0.7532009665448142,1.0308064174453788e-05,0.0017316078902527147,6.128235815927258e-09
2303,stage2_pde_terminal_interface,1303,0.0018942078001016997,0.0002,,0.00020767217886343464,0.695221554684978,6.900966173217234e-06,0.0016796346521338477,2.9312001450254254e-12
2304,stage2_pde_terminal_interface,1304,0.0019529512846704475,0.0002,,0.00021011851462147984,0.7537243224747793,1.3799867588435524e-05,0.001728959635279813,7.326718071899564e-08
2305,stage2_pde_terminal_interface,1305,0.0022830353403334633,0.0002,,0.00021359867868898697,0.68874236704356,1.2523447114257688e-05,0.002056913214478034,5.2184979973817667e-14
2306,stage2_pde_terminal_interface,1306,0.0028135061675711595,0.0002,,0.00018612119137745075,0.8120364192536798,1.0537555483635905e-05,0.002616847420710073,3.976925114108659e-20
2307,stage2_pde_terminal_interface,1307,0.0019516591898108278,0.0002,,0.0001433283611365536,0.7623450450242978,8.417620769980186e-06,0.0017999093995086156,3.808395678408502e-09
2308,stage2_pde_terminal_interface,1308,0.003002359255181243,0.0002,,0.00017137735461015473,0.7573618753403628,1.063233546655212e-05,0.0028203495651045354,6.567614713642072e-19
2309,stage2_pde_terminal_interface,1309,0.001298922048460445,0.0002,,0.00024684864031079763,0.7731383407140839,1.3901994002024395e-05,0.0010381714141462987,1.3242440803587693e-15
2310,stage2_pde_terminal_interface,1310,0.0021710122796315843,0.0002,,0.0001798890140849994,0.8707800960030875,8.505330449569882e-06,0.001982617935097015,3.901569933493712e-20
2311,stage2_pde_terminal_interface,1311,0.0019649408081317,0.0002,,0.0002123856315172089,0.7185007265063994,1.1318017080931754e-05,0.001741224689834512,1.2469699047626246e-08
2312,stage2_pde_terminal_interface,1312,0.0029953867273190184,0.0002,,0.0001690563678573391,0.8177649967800732,9.066830487827313e-06,0.0028172622634958407,1.2654780114920594e-09
2313,stage2_pde_terminal_interface,1313,0.00220525657658772,0.0002,,0.00014896669200667586,0.7762113742764408,1.1658718663032095e-05,0.002044631165918012,5.751013641272675e-25
2314,stage2_pde_terminal_interface,1314,0.0028000771759839143,0.0002,,0.00016204884590576663,0.6747814761873296,8.055158183115752e-06,0.0026299731600583566,1.1836675297524959e-11
2315,stage2_pde_terminal_interface,1315,0.0017174529652656224,0.0002,,0.0001451530106026715,0.8179381110403479,8.451401654446803e-06,0.0015638458082703835,2.7447381206646505e-09
2316,stage2_pde_terminal_interface,1316,0.0034250251898626915,0.0002,,0.00018038924575665172,0.8025220003385294,1.1044746992936719e-05,0.003233591197113103,9.961680129421682e-25
2317,stage2_pde_terminal_interface,1317,0.0018736658535831634,0.0002,,0.0001720978825103852,0.7368356912064116,1.0865092357860494e-05,0.0016906132318356322,8.964687928553541e-08
2318,stage2_pde_terminal_interface,1318,0.0021085186134064213,0.0002,,0.0001694528062915811,0.6228358502464882,1.0994370951663152e-05,0.001928071433266675,2.896501933468869e-12
2319,stage2_pde_terminal_interface,1319,0.0022624547652942985,0.0002,,0.0001556765967706348,0.7339467858316031,7.3017224480648014e-06,0.002099476446075599,2.2635677477546462e-20
2320,stage2_pde_terminal_interface,1320,0.0019123897604369341,0.0002,,0.00028881311139455977,0.8173491960274607,6.872047669004431e-06,0.0016167045294336315,7.193973854165556e-11
2321,stage2_pde_terminal_interface,1321,0.0020942874239235623,0.0002,,0.00014342507533590958,0.786037643776914,1.2568998383920904e-05,0.0019382932948723674,5.5331364327579016e-11
2322,stage2_pde_terminal_interface,1322,0.0018080811847119588,0.0002,,0.00014479171642375744,0.6450126423222841,9.07533125163384e-06,0.0016542141370365676,7.550713445114146e-23
2323,stage2_pde_terminal_interface,1323,0.002042418087891824,0.0002,,0.00011963228032332786,0.717656410209752,1.0676015670499513e-05,0.001912109791897914,8.244253702475225e-17
2324,stage2_pde_terminal_interface,1324,0.0017523508824030325,0.0002,,0.0001319194062616925,0.7668118310019325,1.3111160365294237e-05,0.0016073203072931286,8.482917260857775e-12
2325,stage2_pde_terminal_interface,1325,0.0024507360341544434,0.0002,,0.00014252911672153092,0.6422237016465436,1.2360859097958754e-05,0.002295846058334244,7.099126383680936e-16
2326,stage2_pde_terminal_interface,1326,0.003062153778283697,0.0002,,0.00017602834026171887,0.6924407591031876,1.0044228366270488e-05,0.002876081209474835,1.808722735777211e-13
2327,stage2_pde_terminal_interface,1327,0.0025896718025691873,0.0002,,0.00019356192886608488,0.6298168798642407,9.860404059434298e-06,0.002386249362126154,1.0751751417402564e-10
2328,stage2_pde_terminal_interface,1328,0.001726675467071026,0.0002,,0.00016729734542960745,0.763084227267215,9.445328527500018e-06,0.00154993166844323,1.124670688292091e-09
2329,stage2_pde_terminal_interface,1329,0.002482282719826014,0.0002,,0.00017806885488536145,0.7328117276105229,1.0130638413287946e-05,0.0022940832265273647,2.6164410539121348e-23
2330,stage2_pde_terminal_interface,1330,0.0019673964126432036,0.0002,,9.408704424627344e-05,0.5770177184584112,8.570751545376688e-06,0.001864686551836608,5.2065014945542443e-08
2331,stage2_pde_terminal_interface,1331,0.002741942514102163,0.0002,,0.00019318682247368736,0.6549930502588335,1.1185202732366643e-05,0.00253757048834582,5.502895180336569e-13
2332,stage2_pde_terminal_interface,1332,0.00161910807609252,0.0002,,0.00011374515414270476,0.6248945574394442,1.0642750220129752e-05,0.0014947201696275789,2.1021067620755044e-12
2333,stage2_pde_terminal_interface,1333,0.001697091097065055,0.0002,,0.0001357277189711466,0.7938506692281807,1.1292313671905252e-05,0.0015500710642960594,1.2594372344254088e-13
2334,stage2_pde_terminal_interface,1334,0.00264941331366691,0.0002,,0.00021474266380448097,0.7642309263865755,8.916393204347148e-06,0.002425754256657596,4.861223225098946e-16
2335,stage2_pde_terminal_interface,1335,0.002248575429853525,0.0002,,0.00014358544184509255,0.7060436344835668,7.705841119775067e-06,0.0020972841346206836,1.226797354988962e-11
2336,stage2_pde_terminal_interface,1336,0.0021840110458169032,0.0002,,0.00011145334385913552,0.6230057675691655,1.0484608605077337e-05,0.002062073006119737,8.723295371592191e-11
2337,stage2_pde_terminal_interface,1337,0.0025776238492184076,0.0002,,0.0001194816613779372,0.7870357819884297,9.769338012122856e-06,0.0024483727946267965,5.520155119122907e-11
2338,stage2_pde_terminal_interface,1338,0.0025655024078705254,0.0002,,0.00013134092531822455,0.8093123598675761,9.965005910594844e-06,0.0024241964420678606,3.457384568532595e-11
2339,stage2_pde_terminal_interface,1339,0.001748702924681094,0.0002,,0.00018657268898139359,0.6971517052896441,1.0486275833779482e-05,0.0015516324306906395,1.1529175281491617e-08
2340,stage2_pde_terminal_interface,1340,0.0018267067903307535,0.0002,,0.00014001253359940445,0.64485096525483,1.1269012832569893e-05,0.0016754252438987715,7.618443341652367e-18
2341,stage2_pde_terminal_interface,1341,0.002260359353893184,0.0002,,0.00021837886291481323,0.7494858965994945,1.4024883009953476e-05,0.0020278938365808972,6.177138751975594e-08
2342,stage2_pde_terminal_interface,1342,0.0018151965352999015,0.0002,,0.00013740870417762278,0.6905873644570164,1.2302059223036555e-05,0.0016654857718686644,3.057785450752857e-14
2343,stage2_pde_terminal_interface,1343,0.0020911252996871506,0.0002,,0.00010236723697951226,0.7634578377013298,1.0691354816024689e-05,0.0019780654718308194,1.2360607938764125e-09
2344,stage2_pde_terminal_interface,1344,0.002027940425777294,0.0002,,0.00011352886105678497,0.6529080114865259,8.728016790717161e-06,0.0019056835238137884,2.4116003666221925e-11
2345,stage2_pde_terminal_interface,1345,0.001442491591379268,0.0002,,0.00013818310286875266,0.6275007686981271,1.2311671672219164e-05,0.0012919968166676058,1.7069022062068145e-13
2346,stage2_pde_terminal_interface,1346,0.0024393288268772175,0.0002,,0.00016801901298972715,0.8135086686858509,7.878046303113985e-06,0.0022634293152428335,2.4523415429700396e-09
2347,stage2_pde_terminal_interface,1347,0.0026525822808536096,0.0002,,0.00023106442342909992,0.695164355666507,1.15155484725376e-05,0.002410001809475704,4.994762682596957e-10
2348,stage2_pde_terminal_interface,1348,0.0020035863706504915,0.0002,,0.00015067041944860556,0.7186758867416677,9.105208537139815e-06,0.001843810742664746,6.564700761792383e-25
2349,stage2_pde_terminal_interface,1349,0.0022668467011624097,0.0002,,0.00017620893177941276,0.8402347969647641,1.1643501094736143e-05,0.0020789942682882608,1.2513664791660261e-20
2350,stage2_pde_terminal_interface,1350,0.0023434136099790013,0.0002,,0.00022343933235712877,0.6713136885628852,7.137888147835353e-06,0.0021128291897419935,7.199732043639303e-09
2351,stage2_pde_terminal_interface,1351,0.00262209110664252,0.0002,,0.00020686087734486398,0.553070877532175,1.305829567357303e-05,0.002402171922042948,1.1581134784785595e-11
2352,stage2_pde_terminal_interface,1352,0.0016501622689493523,0.0002,,0.00014486582289607012,0.7549701170792534,1.2221282993816823e-05,0.001493075163039067,2.0398346447822605e-14
2353,stage2_pde_terminal_interface,1353,0.0022594705864101127,0.0002,,0.00013872913964785017,0.6900400206031057,8.86085222297449e-06,0.002111880593036708,1.5025802099482366e-12
2354,stage2_pde_terminal_interface,1354,0.0026536478139880626,0.0002,,0.0001936235303213391,0.7025717056763393,1.0079824522180139e-05,0.0024499444591445435,3.0730859250281484e-28
2355,stage2_pde_terminal_interface,1355,0.002591553542280392,0.0002,,0.00032860475725288954,0.6953575572690323,9.120141863445244e-06,0.002253827951560805,6.916032520348314e-10
2356,stage2_pde_terminal_interface,1356,0.0024406519859548237,0.0002,,0.00014260095188915658,0.5884136765905126,1.3779300596614851e-05,0.0022842717334690525,1.6865738032863064e-23
2357,stage2_pde_terminal_interface,1357,0.002001141057931686,0.0002,,0.0001393921030738175,0.6659557609385436,1.2441649901777707e-05,0.001849307304931883,2.4207512727763207e-14
2358,stage2_pde_terminal_interface,1358,0.0026981843658541805,0.0002,,0.00019428515024110345,0.7534210205569025,9.136561316575997e-06,0.0024947626542962077,2.9320114722739935e-16
2359,stage2_pde_terminal_interface,1359,0.0028105561070342847,0.0002,,0.00012947655844995761,0.5975722505585378,1.390346680728123e-05,0.002667176079255122,2.521924224594262e-12
2360,stage2_pde_terminal_interface,1360,0.002286410238703829,0.0002,,0.0001639782954781175,0.6765019955077837,1.0165811279869366e-05,0.002112266131945815,2.705610036491896e-17
2361,stage2_pde_terminal_interface,1361,0.002219824180200256,0.0002,,9.488060842718433e-05,0.6299045540259705,1.1303720322548455e-05,0.002113636175135488,3.6763150353175913e-09
2362,stage2_pde_terminal_interface,1362,0.0020327780992351707,0.0002,,0.00016511758899094835,0.6990721572897786,7.348013104461133e-06,0.0018603124971397597,1.0907948878740183e-18
2363,stage2_pde_terminal_interface,1363,0.0020350024813385816,0.0002,,0.00017866163016279729,0.6232045175808852,1.3436075599715142e-05,0.0018428817354908867,2.3040085182498454e-08
2364,stage2_pde_terminal_interface,1364,0.002505918285601737,0.0002,,0.0003233508945408505,0.7802878157873092,7.074833496399546e-06,0.002175492024428103,5.33136384122083e-10
2365,stage2_pde_terminal_interface,1365,0.001358464267681663,0.0002,,0.00012177449226085929,0.8225712253472228,9.455425109316728e-06,0.0012272316561608599,2.6941506271736355e-09
2366,stage2_pde_terminal_interface,1366,0.002001785085448589,0.0002,,0.0001125517339922208,0.5882611390071335,8.105001073964083e-06,0.0018811281313361487,2.1904625569479852e-10
2367,stage2_pde_terminal_interface,1367,0.0015927121672909923,0.0002,,0.00014046214858935195,0.7447826382851981,7.804709372813603e-06,0.0014444453093140257,1.4801145212655717e-14
2368,stage2_pde_terminal_interface,1368,0.002057262250350753,0.0002,,9.878714121364118e-05,0.5886189784035316,1.1980190895474359e-05,0.0019464949182416318,5.434467535041219e-18
2369,stage2_pde_terminal_interface,1369,0.0025515956750451247,0.0002,,0.00018435245324159024,0.7780751101664718,7.4761472176910924e-06,0.002359767074585843,4.027671899017912e-22
2370,stage2_pde_terminal_interface,1370,0.003050671826362398,0.0002,,0.0001219875275684658,0.6757447009191594,1.1291329196346194e-05,0.0029173929674642003,2.1333854375038393e-12
2371,stage2_pde_terminal_interface,1371,0.0020479730598152585,0.0002,,0.0001909992740740071,0.6701262970640652,1.2260599837234378e-05,0.0018447123475368358,8.383671811246112e-10
2372,stage2_pde_terminal_interface,1372,0.002372514026917446,0.0002,,0.0001570196903060849,0.7929960493159949,7.481802717608285e-06,0.0022080121923628896,3.415308634741341e-10
2373,stage2_pde_terminal_interface,1373,0.002656827715597876,0.0002,,0.00019339724060749968,0.7835619162594644,4.854177412003623e-06,0.0024585762973814906,1.9688237511802646e-13
2374,stage2_pde_terminal_interface,1374,0.002272004325864754,0.0002,,0.0001778873030826576,0.7461031851160265,7.125452946749198e-06,0.0020869915698352275,1.1989879189700918e-16
2375,stage2_pde_terminal_interface,1375,0.002055984489278408,0.0002,,0.0001703437108937098,0.7148380719864018,1.1071923434517258e-05,0.001874568854950158,2.2807815347123916e-17
2376,stage2_pde_terminal_interface,1376,0.0032893150649595027,0.0002,,0.00015615347534070004,0.6750257480505323,8.47689265979871e-06,0.003124684696556656,4.0234789190660795e-13
2377,stage2_pde_terminal_interface,1377,0.0020860874577634672,0.0002,,0.00022929925583023062,0.6909304586512036,1.0882229683011661e-05,0.0018458980355478217,7.936702403564394e-09
2378,stage2_pde_terminal_interface,1378,0.0018477209143687376,0.0002,,0.00019700588530631403,0.731795654041396,6.049245027859446e-06,0.0016446639299846546,1.8540499094871162e-09
2379,stage2_pde_terminal_interface,1379,0.0031539069998107756,0.0002,,0.00015376997607723146,0.7338207262165816,7.385776646574602e-06,0.00299275124706822,1.8749519889798685e-14
2380,stage2_pde_terminal_interface,1380,0.0015275389777086024,0.0002,,0.00015042698552139035,0.6522627747425095,1.2250300908855373e-05,0.0013648616912783566,0.0
2381,stage2_pde_terminal_interface,1381,0.00242810617859871,0.0002,,0.0001071099502127971,0.7511972045258163,9.473810095007721e-06,0.002311522115515736,3.027751687023832e-10
2382,stage2_pde_terminal_interface,1382,0.0030563852115985724,0.0002,,0.00016901639394701365,0.7807049485040148,9.335423411755562e-06,0.002878033394239376,4.272105026981531e-16
2383,stage2_pde_terminal_interface,1383,0.002158418722908605,0.0002,,0.0001834676452372556,0.8855943126955006,1.1686420311836298e-05,0.0019632646573593707,1.422686813806227e-16
2384,stage2_pde_terminal_interface,1384,0.0020076369739615613,0.0002,,0.00015367559131862735,0.6382961856851713,1.6295326801887695e-05,0.0018376400219575777,2.6033883468701002e-08
2385,stage2_pde_terminal_interface,1385,0.002202632710347159,0.0002,,0.0001383836320613644,0.6788776845806429,9.640663941884201e-06,0.002054608329068064,8.527584664991691e-11
2386,stage2_pde_terminal_interface,1386,0.002559642706026443,0.0002,,0.00013081403176790356,0.7171422061734146,1.1746004763618938e-05,0.0024170826694169907,7.792975102291967e-14
2387,stage2_pde_terminal_interface,1387,0.002800779710792659,0.0002,,0.0001892256109470494,0.7271158620114586,1.5004836008717813e-05,0.002596549263732468,1.0442405470355413e-13
2388,stage2_pde_terminal_interface,1388,0.00246965917650341,0.0002,,0.0001668585223290035,0.7022996162817304,9.306045015157213e-06,0.0022934937226734777,8.864857715781648e-10
2389,stage2_pde_terminal_interface,1389,0.0017538540724508073,0.0002,,0.00012248674562333593,0.7180470968371854,8.113787634789758e-06,0.0016232319873931542,2.155179952755017e-08
2390,stage2_pde_terminal_interface,1390,0.0017721480709385303,0.0002,,0.00017834753867513505,0.9697304646301769,1.1759171250283089e-05,0.0015820413610131122,1.370106422936992e-25
2391,stage2_pde_terminal_interface,1391,0.0022232601522773764,0.0002,,0.00010055812024627661,0.6487162200613863,1.647251233519713e-05,0.0021062295196959016,8.79997158996219e-19
2392,stage2_pde_terminal_interface,1392,0.0018811263736649806,0.0002,,0.00013733326134290495,0.6064368090512859,1.3814486592371561e-05,0.0017299786007218348,2.5007869265993956e-11
2393,stage2_pde_terminal_interface,1393,0.0028153405253457087,0.0002,,0.00014281778209752208,0.7872630973800645,9.500249445111599e-06,0.002663022493748974,5.410087062645779e-14
2394,stage2_pde_terminal_interface,1394,0.0017353195164458372,0.0002,,0.00030520042616760434,0.6722313549098029,1.1365600937343778e-05,0.0014187487438345329,4.7455063561389e-09
2395,stage2_pde_terminal_interface,1395,0.002411700813430041,0.0002,,0.00019399785851426565,0.6816318958260289,5.574694099995695e-06,0.0022121282608058386,9.940775121221568e-15
2396,stage2_pde_terminal_interface,1396,0.0020057551348514717,0.0002,,0.0001602801047913049,0.7283286325685274,9.114061396204775e-06,0.0018363609686342362,2.9725636488525743e-14
2397,stage2_pde_terminal_interface,1397,0.0023784380711122954,0.0002,,0.00013765453123952114,0.6903574814748936,1.1430905080732573e-05,0.0022293523274213066,3.0737073508961593e-10
2398,stage2_pde_terminal_interface,1398,0.0016624487466347744,0.0002,,9.292958031895755e-05,0.6164314206798751,8.930598537294862e-06,0.0015605835113727548,5.056405767281397e-09
2399,stage2_pde_terminal_interface,1399,0.0030607409285323644,0.0002,,0.00021279381997015766,0.7100546082183411,1.1415318269967156e-05,0.002836531581278758,2.0901348152933931e-10
2400,stage2_pde_terminal_interface,1400,0.0019654326963713786,0.0002,,0.00019029390414469928,0.7619320270823646,9.68997223973229e-06,0.0017653071410903517,1.4167889659525937e-07
2401,stage2_pde_terminal_interface,1401,0.002105271648430534,0.0002,,0.0001600930380225506,0.7370687666675528,8.394308016632236e-06,0.001936537237421179,2.4706497017208636e-07
2402,stage2_pde_terminal_interface,1402,0.003096986242806381,0.0002,,0.00010519433696629491,0.623125453712092,6.572777079625889e-06,0.0029852191236272533,5.133206988001135e-12
2403,stage2_pde_terminal_interface,1403,0.002364453637976194,0.0002,,0.00015457303993124413,0.6291920153800311,1.1011538297932606e-05,0.0021988656403229122,3.4194241049350987e-09
2404,stage2_pde_terminal_interface,1404,0.002594259817365208,0.0002,,0.00011580991675982982,0.731374617343795,9.579614358402612e-06,0.00246886554732285,4.7389241256155924e-09
2405,stage2_pde_terminal_interface,1405,0.002536842835616447,0.0002,,0.00015942337535826588,0.6149015947201515,7.515860204917592e-06,0.002369903600002541,5.0721905948690443e-14
2406,stage2_pde_terminal_interface,1406,0.0021362171081977274,0.0002,,0.0001494335407942982,0.6770480682058002,9.616694123277586e-06,0.0019771662496902574,6.235898941078277e-10
2407,stage2_pde_terminal_interface,1407,0.0021538589367903265,0.0002,,0.00021270457363423237,0.7708266042054228,1.4023215410315627e-05,0.0019271311477457786,7.039793223341534e-25
2408,stage2_pde_terminal_interface,1408,0.0021706932645670645,0.0002,,0.00018091294966451684,0.6177595189656376,8.148069021704202e-06,0.0019816322458808436,8.229764071839329e-23
2409,stage2_pde_terminal_interface,1409,0.0021530712306707537,0.0002,,0.00019620942221978136,0.7950129024656045,1.1688182000872983e-05,0.00194505060744141,1.2301900868933868e-07
2410,stage2_pde_terminal_interface,1410,0.0016161935162382862,0.0002,,0.00020179528533415865,0.6689721265347762,9.884198250241133e-06,0.0014045070712379272,6.961415959346503e-09
2411,stage2_pde_terminal_interface,1411,0.0017430891683538402,0.0002,,0.0001436848857587351,0.7295141007288931,8.56113648485471e-06,0.0015908431461102504,8.025197043572138e-20
2412,stage2_pde_terminal_interface,1412,0.0023605186367089987,0.0002,,0.00015181487717164354,0.7184773961741825,9.478436731603679e-06,0.0021992247052591714,6.175465798865764e-10
2413,stage2_pde_terminal_interface,1413,0.002046954332215678,0.0002,,0.00016204754336230536,0.678543842134009,1.3160391801381945e-05,0.0018717463970519773,1.3105916382400651e-17
2414,stage2_pde_terminal_interface,1414,0.0026015772375627996,0.0002,,0.00017200076854806322,0.6661713323534234,6.617967668725471e-06,0.002422958501346011,9.297267678118702e-22
2415,stage2_pde_terminal_interface,1415,0.00208663068459981,0.0002,,0.00010214605086619413,0.7403944143211854,9.149160729234111e-06,0.0019753350159379323,4.570664491981655e-10
2416,stage2_pde_terminal_interface,1416,0.0022101315766656286,0.0002,,0.00011028185499193106,0.6585899483732762,8.76944460135567e-06,0.002091080277072342,3.093947688874482e-24
2417,stage2_pde_terminal_interface,1417,0.002560568309561483,0.0002,,0.00010760736001822785,0.6078684344586455,1.0284890370597541e-05,0.00244267605917208,5.778036056975957e-16
2418,stage2_pde_terminal_interface,1418,0.002452757476130874,0.0002,,0.00017038927071020492,0.6826341761772053,9.866178213954741e-06,0.0022725020270375324,1.691820631518576e-13
2419,stage2_pde_terminal_interface,1419,0.00300509739054181,0.0002,,0.00020766355527360012,0.7049173758224312,7.6245879873311945e-06,0.002789809247279741,1.1373638300562765e-15
2420,stage2_pde_terminal_interface,1420,0.002414531559728621,0.0002,,0.00022403900713987505,0.6863204415996947,1.3051731406355776e-05,0.0021774308193751473,1.000180724265814e-08
2421,stage2_pde_terminal_interface,1421,0.0024946556060118047,0.0002,,0.0001217673561010086,0.6990502233332095,8.666081013248776e-06,0.002364222168897521,2.6511972434488917e-17
2422,stage2_pde_terminal_interface,1422,0.0035813805799899396,0.0002,,0.00012569761101652847,0.7029840532990784,1.1244457282307068e-05,0.0034444384911605994,2.053050471856545e-11
2423,stage2_pde_terminal_interface,1423,0.001928714394168606,0.0002,,0.0001291371256184124,0.8473883322060414,9.792402463364143e-06,0.0017897848660868294,2.731262088938047e-20
2424,stage2_pde_terminal_interface,1424,0.002171317578200794,0.0002,,0.00016187786005830961,0.7613941586799543,8.252742592316174e-06,0.002001186975549943,2.2528609745305417e-16
2425,stage2_pde_terminal_interface,1425,0.0030445703899329977,0.0002,,0.00013516313562476803,0.7189523893963318,9.707697417480002e-06,0.0028996713423833347,2.8214507414672232e-08
2426,stage2_pde_terminal_interface,1426,0.0016985300512213201,0.0002,,0.00020899130585849546,0.743197290974091,8.715087697125458e-06,0.0014808236515898082,6.075891105518674e-12
2427,stage2_pde_terminal_interface,1427,0.0029647500490496783,0.0002,,0.0001299967925943559,0.8894040765118311,1.0040531122431058e-05,0.0028247118586610734,8.666718182507891e-10
2428,stage2_pde_terminal_interface,1428,0.002393570792206407,0.0002,,0.00013637413876808983,0.7043949051658303,8.643732512135108e-06,0.002248552913394902,7.531280497099064e-12
2429,stage2_pde_terminal_interface,1429,0.0034150034039632337,0.0002,,0.0001395012590832561,0.7456820040436812,1.0325223092769937e-05,0.003265176920697323,1.0898847633266722e-12
2430,stage2_pde_terminal_interface,1430,0.0028378980577444084,0.0002,,0.00011185213032078358,0.7639582346047972,1.0623141358225462e-05,0.002715417830400095,4.955665304508944e-09
2431,stage2_pde_terminal_interface,1431,0.0022270595643986407,0.0002,,0.0001813164546832442,0.6919778969319939,8.240131520569523e-06,0.0020375029781948247,2.2975200349852383e-18
2432,stage2_pde_terminal_interface,1432,0.002916058276590135,0.0002,,0.00013200900447238643,0.6336644464537768,8.710750572699717e-06,0.002775338521545049,3.3539729976011224e-27
2433,stage2_pde_terminal_interface,1433,0.002493644988187345,0.0002,,0.0001838827124653573,0.7252723252930994,9.029973468392853e-06,0.0023007323022535948,9.122396620445663e-20
2434,stage2_pde_terminal_interface,1434,0.0027098130910833515,0.0002,,0.000245845062938075,0.6853728523411917,5.478704650181077e-06,0.0024584892780199616,4.547513365201942e-11
2435,stage2_pde_terminal_interface,1435,0.0017662681232666127,0.0002,,0.00015713090070382018,0.8471622822157236,1.2769741081713241e-05,0.0015963674814810794,1.4782532911915047e-27
2436,stage2_pde_terminal_interface,1436,0.0020675444843143358,0.0002,,0.00014941322104266314,0.7646654519310421,7.406884147816395e-06,0.001910724020149629,3.589742268733811e-10
2437,stage2_pde_terminal_interface,1437,0.0019796269300515154,0.0002,,0.00015691610000782036,0.6657713095655976,1.1306934150499889e-05,0.0018114038958906467,2.548521802596745e-15
2438,stage2_pde_terminal_interface,1438,0.0024506804184690305,0.0002,,0.0001542284943132677,0.599565285629928,1.0836554937312653e-05,0.0022856153692043563,1.4093737044510111e-14
2439,stage2_pde_terminal_interface,1439,0.0022373718515094647,0.0002,,0.0002359980684139851,0.6945922728345102,9.656938990894707e-06,0.0019916974430610425,1.9401043542391205e-08
2440,stage2_pde_terminal_interface,1440,0.0016999158177612057,0.0002,,0.00012988963418164524,0.6982690859456279,1.0408246465303854e-05,0.0015596179367576074,3.5664908303728515e-13
2441,stage2_pde_terminal_interface,1441,0.001980018972852493,0.0002,,0.0001394780012865014,0.6919776992288436,1.1230293331744778e-05,0.0018293106782342468,3.223522455368177e-21
2442,stage2_pde_terminal_interface,1442,0.002294056602404508,0.0002,,0.00021332645548863667,0.641681594545709,8.104271040650917e-06,0.0020726217671347,4.108740520039998e-09
2443,stage2_pde_terminal_interface,1443,0.0021929692012285862,0.0002,,0.00012991216401812074,0.7140107579189506,1.2115678936264705e-05,0.0020509403470099813,1.0112642193809031e-09
2444,stage2_pde_terminal_interface,1444,0.002213491588599893,0.0002,,0.0002340951577812668,0.6790985344746244,9.52803997202425e-06,0.0019698683908449172,1.684777413398718e-15
2445,stage2_pde_terminal_interface,1445,0.002231164631538593,0.0002,,0.0002788487672123338,0.653818770510108,7.5544685047674435e-06,0.0019447613942689664,1.5525254478299687e-12
2446,stage2_pde_terminal_interface,1446,0.002959754031462128,0.0002,,0.00013373543990937705,0.765438286966372,1.1289733977347879e-05,0.0028147288575473333,2.8069540559350797e-14
2447,stage2_pde_terminal_interface,1447,0.0028338087736171813,0.0002,,0.00011135983445431684,0.7226109060322486,9.929766439848654e-06,0.0027125191138548887,5.886812682294946e-11
2448,stage2_pde_terminal_interface,1448,0.00226227028594491,0.0002,,0.0001740870696385384,0.7464742650233004,1.0988403892128835e-05,0.0020771924718137047,2.340600537850646e-09
2449,stage2_pde_terminal_interface,1449,0.002095203393820023,0.0002,,0.00016657236645282813,0.7049223055946396,1.2387506799371956e-05,0.0019162345302187805,8.99034904233533e-09
2450,stage2_pde_terminal_interface,1450,0.0016989032310242482,0.0002,,0.00013627618192908227,0.7194498938874878,1.092823067948338e-05,0.0015516988184156827,8.735037968670801e-21
2451,stage2_pde_terminal_interface,1451,0.001618656365903124,0.0002,,0.00017033797164046454,0.7029231228562444,1.0244602793543144e-05,0.001438073252539562,5.389295543194176e-10
2452,stage2_pde_terminal_interface,1452,0.002336622035316146,0.0002,,0.00010852799678505539,0.6381175494540736,1.3164719821266952e-05,0.0022149293170300793,1.6797440999950327e-12
2453,stage2_pde_terminal_interface,1453,0.0025139888600569497,0.0002,,0.00011108745181389763,0.6697300441075725,9.399141952476933e-06,0.002393502266290575,8.610866390877804e-24
2454,stage2_pde_terminal_interface,1454,0.002116223692776327,0.0002,,0.00014143314898251534,0.7925862259099979,1.1550753588490695e-05,0.001963239790205321,3.0747391008805743e-27
2455,stage2_pde_terminal_interface,1455,0.0018263401733722214,0.0002,,0.00011785439869636729,0.6990778010467802,1.288885080819217e-05,0.001695596923811536,5.612606435665797e-14
2456,stage2_pde_terminal_interface,1456,0.0026685630426939683,0.0002,,0.00022606719957608438,0.6965924671291794,5.826076732072729e-06,0.0024366697663858053,5.578422484020869e-18
2457,stage2_pde_terminal_interface,1457,0.0029210991456761174,0.0002,,0.00011017517134408498,0.7588161144122091,1.007855856911867e-05,0.0028008451382084444,2.7755446943267957e-10
2458,stage2_pde_terminal_interface,1458,0.0025745514363712143,0.0002,,0.00015326847125849747,0.6284592981831029,8.060077819459195e-06,0.0024131118654618974,1.1102183136019688e-07
2459,stage2_pde_terminal_interface,1459,0.0020598918702646393,0.0002,,9.78097670785646e-05,0.6588755361271588,1.1249672960389646e-05,0.0019508324302179086,7.776430372623882e-15
2460,stage2_pde_terminal_interface,1460,0.002333052256615964,0.0002,,0.0001687984789537024,0.7461785907390821,8.16363895772388e-06,0.0021560900828125847,5.589195304788792e-11
2461,stage2_pde_terminal_interface,1461,0.0019706154437629884,0.0002,,0.0001224378941759371,0.6218080169036507,9.545979790105226e-06,0.001838631569039315,7.576307935708776e-13
2462,stage2_pde_terminal_interface,1462,0.004088670414202711,0.0002,,0.00010847179253502281,0.7663740062276494,1.2688926422658644e-05,0.003967509052316335,6.429286945792033e-10
2463,stage2_pde_terminal_interface,1463,0.003116248317002149,0.0002,,0.00010672641144660584,0.7206200949156276,1.0882462497913384e-05,0.00299863944305763,9.112929943078464e-20
2464,stage2_pde_terminal_interface,1464,0.0016687120462934401,0.0002,,0.00011504559336278423,0.7064263468915404,9.042117325960639e-06,0.0015446243355764985,2.81966557800239e-14
2465,stage2_pde_terminal_interface,1465,0.0025193090811898404,0.0002,,0.00014341579020835354,0.8393396514972832,1.0450466583634206e-05,0.002365442824384931,1.2921325015080815e-14
2466,stage2_pde_terminal_interface,1466,0.0036248209960457137,0.0002,,0.00015375712938135608,0.6233555588560966,7.600940238906904e-06,0.003463457929125533,4.997299917506974e-09
2467,stage2_pde_terminal_interface,1467,0.0018971847994585505,0.0002,,0.0001557505522035514,0.6180856045854691,1.4683699792433583e-05,0.0017267505474607438,1.8216480541809583e-15
2468,stage2_pde_terminal_interface,1468,0.0020572853359648873,0.0002,,0.0001486012409287475,0.6359932688585865,7.074150089937058e-06,0.0019016099343971606,1.0549042125457397e-11
2469,stage2_pde_terminal_interface,1469,0.004555186080049797,0.0002,,0.0001890085086285424,0.6620222473387058,6.886292637684402e-06,0.0043592873964187024,3.882364868256438e-09
2470,stage2_pde_terminal_interface,1470,0.0016872473158640786,0.0002,,0.00012861677250235298,0.6794582377404181,1.1626648567544166e-05,0.0015470035419982917,3.5279588962554475e-10
2471,stage2_pde_terminal_interface,1471,0.0024745142138170744,0.0002,,0.00013805157867486894,0.668327574630257,1.1360654411273026e-05,0.0023251019807309175,1.5277545143569194e-17
2472,stage2_pde_terminal_interface,1472,0.002934252558438515,0.0002,,0.000142986100451681,0.7420418416108473,1.0599696044718119e-05,0.0027806667619365987,5.5174689137313605e-15
2473,stage2_pde_terminal_interface,1473,0.0020228397717168057,0.0002,,0.00011284160952996274,0.7204760255138851,9.227814109868525e-06,0.0019007703454938813,2.583093069645067e-12
2474,stage2_pde_terminal_interface,1474,0.0023014081621849304,0.0002,,0.00011208801883938399,0.7091367851608803,7.939689811854034e-06,0.0021813804534122658,1.2142663461339805e-13
2475,stage2_pde_terminal_interface,1475,0.002627493401408576,0.0002,,0.00011028792499982658,0.6124796172115174,1.1597734629337611e-05,0.0025056077236487078,1.8130704081928264e-11
2476,stage2_pde_terminal_interface,1476,0.0030177662936516853,0.0002,,0.00016682155843892254,0.7145565734867246,4.6286450399332275e-06,0.0028462970057368748,1.908443595480528e-08
2477,stage2_pde_terminal_interface,1477,0.0018844546043555845,0.0002,,0.00014026680191410527,0.6698823755604449,7.215354910393012e-06,0.001736972447531086,2.0681418809748104e-19
2478,stage2_pde_terminal_interface,1478,0.0020893426548359716,0.0002,,0.00016447301287810968,0.7432747559051015,7.100316348342619e-06,0.0019177693256033426,6.1764588881202506e-15
2479,stage2_pde_terminal_interface,1479,0.0022595339853054915,0.0002,,0.00010919243121540649,0.6695072203434372,7.598509358124822e-06,0.0021427430447319602,1.958578541721414e-21
2480,stage2_pde_terminal_interface,1480,0.0016859183194587045,0.0002,,0.0002019103417994837,0.6952647452259834,1.0449370990307205e-05,0.0014735586066677673,1.1462376635689167e-15
2481,stage2_pde_terminal_interface,1481,0.0025290234801044285,0.0002,,0.0002208040305332026,0.6649729203159892,8.068365801959073e-06,0.002300151083769267,4.622570551101109e-20
2482,stage2_pde_terminal_interface,1482,0.0024474524553176106,0.0002,,0.0001211211726884555,0.7421730566070609,1.3779469633399186e-05,0.00231255181299489,8.655339893377447e-16
2483,stage2_pde_terminal_interface,1483,0.002430163689143082,0.0002,,9.030865079929841e-05,0.6315900541203825,1.0393881553933456e-05,0.0023294565712069087,4.5855829412578415e-09
2484,stage2_pde_terminal_interface,1484,0.001806305371916638,0.0002,,0.00012377090313416334,0.6801868233746711,8.539932814713331e-06,0.001673991075234599,3.4607331621864835e-09
2485,stage2_pde_terminal_interface,1485,0.0015837993392258483,0.0002,,0.00016646444165724898,0.701577091831559,7.675356225537573e-06,0.0014096595412858275,5.723423396612734e-14
2486,stage2_pde_terminal_interface,1486,0.0018911401337755743,0.0002,,0.00010997007744041644,0.7890589646152029,8.946337447364816e-06,0.0017722237188812012,6.59204175305239e-15
2487,stage2_pde_terminal_interface,1487,0.0030126922740526894,0.0002,,0.00014420211144893557,0.6215046881408609,7.368391553293947e-06,0.0028611217699808355,1.069624539470358e-12
2488,stage2_pde_terminal_interface,1488,0.0019624048676307113,0.0002,,0.00015018947207615286,0.7094817343639831,1.1539012820702549e-05,0.001800676382733852,3.751482042980348e-18
2489,stage2_pde_terminal_interface,1489,0.0016606450215903925,0.0002,,0.00016725509058396746,0.6637318255075342,1.1994217989443425e-05,0.0014813957127609665,2.560151431141065e-13
2490,stage2_pde_terminal_interface,1490,0.0013993088706626003,0.0002,,0.00015326774474730894,0.7607296583885867,9.591223726319055e-06,0.0012364159188511074,3.3983337864871434e-08
2491,stage2_pde_terminal_interface,1491,0.0031472918507453474,0.0002,,0.00012548209188010333,0.7599622550287694,8.89509292882017e-06,0.003012914665929396,7.027706561702094e-15
2492,stage2_pde_terminal_interface,1492,0.0024520812499706415,0.0002,,0.00012757832898317755,0.7397390544640692,9.165529616126907e-06,0.0023152969249490333,4.0466422303722446e-08
2493,stage2_pde_terminal_interface,1493,0.002191713464325912,0.0002,,0.00026130197571095997,0.8252816670808223,6.651609145021883e-06,0.0019237598590330254,2.0436904988441343e-11
2494,stage2_pde_terminal_interface,1494,0.0032203799796365487,0.0002,,0.0002808217482234047,0.9633223349243324,1.0028225814626722e-05,0.002929530005476289,1.2222815926192882e-13
2495,stage2_pde_terminal_interface,1495,0.0017802518946144574,0.0002,,0.0001354281367930174,0.6869748322595705,5.449481281366653e-06,0.0016393742765400722,1.3923916497003636e-18
2496,stage2_pde_terminal_interface,1496,0.0019505466664097464,0.0002,,0.00012533259230875413,0.6229000914730798,1.1257426082452958e-05,0.0018139566480185395,4.290550618919427e-31
2497,stage2_pde_terminal_interface,1497,0.0028590425509675095,0.0002,,0.0003416071783958675,0.6969758811537773,1.0740729178509347e-05,0.0025066946433931325,2.087179176165189e-24
2498,stage2_pde_terminal_interface,1498,0.0029611299338164585,0.0002,,0.00038262511006296996,0.7105647787506572,9.685228503040917e-06,0.0025688195947236787,5.267685823791242e-13
2499,stage2_pde_terminal_interface,1499,0.002673071112216509,0.0002,,0.00020435562585271127,0.6778191073477228,1.1358305257689875e-05,0.002457357181106108,5.996113776140426e-20
2500,stage2_pde_terminal_interface,1500,0.0023504981344272344,0.0002,,0.00018963074857391118,0.7295911588063219,1.0038158310390589e-05,0.002150635816347584,1.934111953490179e-07
2501,stage2_pde_terminal_interface,1501,0.00246062826460332,0.0002,,0.00012149636334165725,0.6886434569345087,7.747199417422376e-06,0.002331384689424185,1.2420055467257838e-11
2502,stage2_pde_terminal_interface,1502,0.001397493288793702,0.0002,,0.00015518154640955915,0.6698947714853627,7.3539462397646985e-06,0.00123495778357081,1.2573567988981831e-11
2503,stage2_pde_terminal_interface,1503,0.0021658546148559743,0.0002,,0.00016051738894275853,0.7511421288077867,1.0963561849106829e-05,0.001994373664064109,8.720634059195457e-22
2504,stage2_pde_terminal_interface,1504,0.0019682308565477555,0.0002,,0.00022949720821110052,0.5467624884928408,9.008267962027137e-06,0.0017297253803737834,8.44235373205404e-16
2505,stage2_pde_terminal_interface,1505,0.0016661702570012614,0.0002,,0.00012721663565529016,0.627901506968232,8.899977135261334e-06,0.0015299564181855438,9.722602516606157e-08
2506,stage2_pde_terminal_interface,1506,0.002037746115017579,0.0002,,0.00013930910096962129,0.6558640274955453,1.4526191193307237e-05,0.0018838839924761148,2.6830378535608887e-08
2507,stage2_pde_terminal_interface,1507,0.002353204234652806,0.0002,,0.00016901663170538312,0.7113648821794154,1.0395854658842244e-05,0.0021737917482453693,4.3211483622641984e-14
2508,stage2_pde_terminal_interface,1508,0.002893844736595184,0.0002,,0.00019641305672035096,0.677322224686207,9.662121212757366e-06,0.0026877695585208724,1.4120339218823343e-13
2509,stage2_pde_terminal_interface,1509,0.0024195420435112053,0.0002,,0.0002989360090211948,0.7571914268037778,1.1332910123176743e-05,0.0021092731243668337,4.412231988678977e-23
2510,stage2_pde_terminal_interface,1510,0.001811396401356633,0.0002,,0.0001815737080774156,0.6366060479793331,1.0591436669051086e-05,0.0016192312229712893,3.36388770498346e-11
2511,stage2_pde_terminal_interface,1511,0.0020678794314938015,0.0002,,0.0001625697803554614,0.6732724118632022,1.0137606485972925e-05,0.001895172044619224,3.314305723737759e-14
2512,stage2_pde_terminal_interface,1512,0.0020849971228235594,0.0002,,0.00010802846279733078,0.8179154651671279,1.1787094158857354e-05,0.001965181565866874,4.969461232888375e-16
2513,stage2_pde_terminal_interface,1513,0.0022320151367433774,0.0002,,0.0001627906198543186,0.6387107186822584,8.312262710825482e-06,0.002060912254178233,5.686411620661006e-19
2514,stage2_pde_terminal_interface,1514,0.0017117850905392243,0.0002,,0.00019191086969753778,0.6081260996401312,7.661083528257773e-06,0.001512213137313409,1.9713039193647514e-17
2515,stage2_pde_terminal_interface,1515,0.0028590886985041235,0.0002,,0.0002589619687318189,0.711007893997881,1.1249131937647199e-05,0.0025888775978287074,5.950038063812274e-15
2516,stage2_pde_terminal_interface,1516,0.0018714376411053616,0.0002,,0.00018796407264380814,0.6455246907003244,7.50178083127621e-06,0.0016759717876216262,8.65101942716655e-15
2517,stage2_pde_terminal_interface,1517,0.0017948072450054001,0.0002,,0.0002368381390225463,0.6434876231174539,1.6042960686316136e-05,0.001541926145296529,8.599733654384352e-18
2518,stage2_pde_terminal_interface,1518,0.0017494559591980682,0.0002,,9.950795158681397e-05,0.7584452953983898,1.2434429977531302e-05,0.001637513577633723,5.5488447611018444e-21
2519,stage2_pde_terminal_interface,1519,0.0023443015231870735,0.0002,,0.00013366666554008496,0.6295446544170241,1.046634932343271e-05,0.0022000799288328992,8.857949065669895e-08
2520,stage2_pde_terminal_interface,1520,0.002772144358440554,0.0002,,0.00019577838874561992,0.7601740501544129,9.780451705909952e-06,0.002566585517989024,4.5978874683487577e-23
2521,stage2_pde_terminal_interface,1521,0.0024710735656247192,0.0002,,0.00016654650944914227,0.8779634080903851,8.540842087133555e-06,0.0022959861747971983,3.929124537161066e-11
2522,stage2_pde_terminal_interface,1522,0.002520537274545253,0.0002,,0.00010889346040431975,0.6703872442822181,1.0883901277862489e-05,0.002400734287667422,2.5625195649089532e-08
2523,stage2_pde_terminal_interface,1523,0.003196583627293386,0.0002,,0.00027257239833355175,0.7705254843700451,8.46477470284537e-06,0.0029155455192413507,9.35015637651825e-10
2524,stage2_pde_terminal_interface,1524,0.0028134429468834334,0.0002,,0.0002468063748388348,0.7823033170854098,9.676571021882504e-06,0.0025569600010217574,9.589211773427386e-16
2525,stage2_pde_terminal_interface,1525,0.0016292867046250328,0.0002,,0.00021733451520962232,0.618243140234144,9.087579415856111e-06,0.0014028645546984814,5.530107296040967e-11
2526,stage2_pde_terminal_interface,1526,0.002362834848167276,0.0002,,0.00015954724914143782,0.7010974859883322,9.610802843184763e-06,0.002193676792753157,3.4294961435320386e-12
2527,stage2_pde_terminal_interface,1527,0.0018961471028984436,0.0002,,0.00012773377655973515,0.6486597069175609,1.3623294842905643e-05,0.0017547088568491034,8.117464669920923e-08
2528,stage2_pde_terminal_interface,1528,0.0016728754356772708,0.0002,,0.00012195411475715608,0.6535312557627448,1.3460286044991712e-05,0.0015374610348748898,2.330472225183574e-16
2529,stage2_pde_terminal_interface,1529,0.0029878085976575287,0.0002,,0.000143565074638501,0.6658498309321326,1.0269286949987598e-05,0.0028339740722875774,1.6378146271684044e-10
2530,stage2_pde_terminal_interface,1530,0.0019503055362019893,0.0002,,0.00018428864611212675,0.6335889552848473,7.064297437367846e-06,0.0017589525926524948,4.4604399264216905e-22
2531,stage2_pde_terminal_interface,1531,0.001729204091920307,0.0002,,0.00019555741127192901,0.758211568415111,1.0125408215540816e-05,0.001523521272432837,5.3480460124556766e-27
2532,stage2_pde_terminal_interface,1532,0.0031311164873400843,0.0002,,0.00015662300921241956,0.6624885575527429,9.461816155349978e-06,0.0029650285154585658,3.146513748742813e-09
2533,stage2_pde_terminal_interface,1533,0.001591786408412789,0.0002,,8.514880869391246e-05,0.6695175093549047,7.748502925476334e-06,0.0014988890967894905,3.909875951872553e-15
2534,stage2_pde_terminal_interface,1534,0.0015463551417405146,0.0002,,0.0001804271780317962,0.6274853775565272,5.534834372587684e-06,0.0013603931286955675,6.405632123171606e-13
2535,stage2_pde_terminal_interface,1535,0.0022882101666925015,0.0002,,0.0001566739444501254,0.6816912725995425,1.0656226633162857e-05,0.0021208772780859156,2.717523297367607e-09
2536,stage2_pde_terminal_interface,1536,0.002147948978659175,0.0002,,0.0001800589969266945,0.6903199325288621,1.1797258626264538e-05,0.0019560919155839824,8.075222333914729e-10
2537,stage2_pde_terminal_interface,1537,0.0022570239751596994,0.0002,,0.0001841768779342781,0.6627048785693918,9.379309787166545e-06,0.0020634677183056873,6.913256719107288e-11
2538,stage2_pde_terminal_interface,1538,0.0015765884442834055,0.0002,,0.00019514943821610596,0.7523388934704726,1.032853785457692e-05,0.0013711104682109908,1.731770040920118e-15
2539,stage2_pde_terminal_interface,1539,0.001967198779264137,0.0002,,0.00017412645590752325,0.6815641274507533,9.956097142431913e-06,0.0017831162262141819,6.729771796097099e-24
2540,stage2_pde_terminal_interface,1540,0.002109440752006907,0.0002,,0.0001987838197525657,0.6777047529131663,8.832287112619305e-06,0.0019018246451289684,1.2753487294032376e-14
2541,stage2_pde_terminal_interface,1541,0.001856992105917438,0.0002,,0.00015701999494598681,0.7028219766983188,7.804628287349739e-06,0.0016921674826550085,2.909305029430734e-14
2542,stage2_pde_terminal_interface,1542,0.001936953711924911,0.0002,,0.0001736654450873429,0.6921212425364388,9.870241953796086e-06,0.0017534175547157763,4.70167995933513e-10
2543,stage2_pde_terminal_interface,1543,0.00223360326941768,0.0002,,0.00012703224124926174,0.7760820570905123,1.2344631528363825e-05,0.0020941517511121324,7.464552792191816e-08
2544,stage2_pde_terminal_interface,1544,0.0026990831394060684,0.0002,,0.00016124942050041858,0.5839474675719302,1.0795501798445699e-05,0.0025270382171072043,8.119342763757382e-22
2545,stage2_pde_terminal_interface,1545,0.0020024506801138648,0.0002,,0.00015867280775978338,0.72630375160328,1.1058379679575799e-05,0.0018327194546909954,3.798351052451017e-11
2546,stage2_pde_terminal_interface,1546,0.002386329126129943,0.0002,,0.00011406596126510517,0.6545691809096434,1.0795250430464161e-05,0.0022614679144343734,9.857902604860804e-22
2547,stage2_pde_terminal_interface,1547,0.0018599846133229177,0.0002,,0.0001042553483566836,0.6392993983743667,9.860809766729887e-06,0.0017458684547446714,4.548328934844742e-13
2548,stage2_pde_terminal_interface,1548,0.00192706479585275,0.0002,,0.0001303772220220625,0.6267288702396344,9.5361542133908e-06,0.0017871514196124492,4.847486355272901e-15
2549,stage2_pde_terminal_interface,1549,0.0029722626977730167,0.0002,,0.0001563944687975355,0.6367581687924286,6.168273514980997e-06,0.002809699955450372,1.012802079026396e-14
2550,stage2_pde_terminal_interface,1550,0.002994411613215363,0.0002,,0.0001302724211489713,0.5350347065581957,1.0830873459268018e-05,0.0028533083186071235,1.3841881105688795e-26
2551,stage2_pde_terminal_interface,1551,0.0027094260183144632,0.0002,,0.00012730066436266216,0.6539049016703361,9.956820922298788e-06,0.0025721684400489865,9.298051562968111e-11
2552,stage2_pde_terminal_interface,1552,0.0013782451600917395,0.0002,,0.0001245420014100375,0.701699106983754,8.982028828052675e-06,0.0012447211097327106,2.0120938862399526e-11
2553,stage2_pde_terminal_interface,1553,0.001650488870246898,0.0002,,0.00011809953884265277,0.6968977011890317,1.2271073780830619e-05,0.001520118257623394,2.052576704538946e-17
2554,stage2_pde_terminal_interface,1554,0.002970317950873966,0.0002,,0.00013754327006746024,0.660661313337397,1.0185174273067975e-05,0.002822587976937885,1.529595553196704e-09
2555,stage2_pde_terminal_interface,1555,0.002312928075693971,0.0002,,0.0001499833665148599,0.6988400438030242,9.129957621928332e-06,0.0021538147506085926,9.485901130573703e-13
2556,stage2_pde_terminal_interface,1556,0.0022581239114187806,0.0002,,0.00013235740817973664,0.6489768354088246,1.573386219797133e-05,0.0021100326366588246,4.382248144539488e-12
2557,stage2_pde_terminal_interface,1557,0.0023130153152913467,0.0002,,9.167191643171751e-05,0.5749526848936237,1.161734305473853e-05,0.002209726055803601,1.2895721864035015e-15
2558,stage2_pde_terminal_interface,1558,0.0029543441688294294,0.0002,,0.00011849554499043688,0.6127698696192799,7.194818675191763e-06,0.0028286537229564156,8.220738494029836e-11
2559,stage2_pde_terminal_interface,1559,0.0019573966981356427,0.0002,,0.0002035107010298003,0.7407765068720445,6.933650756412954e-06,0.001746952022079605,3.2426982435620063e-10
2560,stage2_pde_terminal_interface,1560,0.002188054184426364,0.0002,,0.00014780647154762278,0.763562697861232,1.1021359200023248e-05,0.0020292151698966376,1.1183782080628488e-08
2561,stage2_pde_terminal_interface,1561,0.0019772898225691752,0.0002,,0.00012288683090017871,0.6817733683001485,9.185403836927973e-06,0.0018452175845445735,3.287495283303641e-12
2562,stage2_pde_terminal_interface,1562,0.001753177257698236,0.0002,,0.00010773751088870709,0.7679913867992338,9.916424883494257e-06,0.001635523315452296,6.473738736101697e-12
2563,stage2_pde_terminal_interface,1563,0.0019979268468698465,0.0002,,0.00012992739635956524,0.6690278960337824,9.898081220563318e-06,0.0018581013692742319,1.548595592192133e-14
2564,stage2_pde_terminal_interface,1564,0.0025601680678123185,0.0002,,0.000193851062866548,0.6372595554965012,8.948043975671754e-06,0.002357368960955414,1.4684764211005336e-14
2565,stage2_pde_terminal_interface,1565,0.003045880395346587,0.0002,,0.00014634200101943425,0.8093675768161133,1.1788438430827772e-05,0.002887749955895794,5.30783522453201e-16
2566,stage2_pde_terminal_interface,1566,0.0022792919926675976,0.0002,,0.00016389282378445632,0.5594552720127668,1.1759755518796253e-05,0.0021036394133643445,3.667985468214786e-19
2567,stage2_pde_terminal_interface,1567,0.002893891303406973,0.0002,,0.00017273698613599819,0.6114445929828617,1.0962291342053626e-05,0.002710191958488341,6.744058057287131e-11
2568,stage2_pde_terminal_interface,1568,0.0028599638634733697,0.0002,,9.295597766095781e-05,0.6197263916248509,7.811754047128472e-06,0.002759190015233389,6.116531894242284e-09
2569,stage2_pde_terminal_interface,1569,0.0027422091790558914,0.0002,,0.0001608946168102001,0.5740679862409267,9.750363397484894e-06,0.0025715641988482063,1.3176106669393549e-24
2570,stage2_pde_terminal_interface,1570,0.002717776556031583,0.0002,,0.00021842584285066834,0.8027754595065134,1.5373848169947806e-05,0.002483976865010967,6.813968717700197e-20
2571,stage2_pde_terminal_interface,1571,0.00235679986508643,0.0002,,0.00016581203291072218,0.7383285803148549,1.0059628429303785e-05,0.0021809251937349467,3.0100114574570556e-09
2572,stage2_pde_terminal_interface,1572,0.001802744833190738,0.0002,,0.00013385696551580548,0.6694848188393975,1.0045117467403693e-05,0.001658842750207446,8.281968426074345e-17
2573,stage2_pde_terminal_interface,1573,0.0031446819849387723,0.0002,,8.213592723942174e-05,0.69386016466722,1.2077771036877601e-05,0.003050468286662473,6.522383802700572e-23
2574,stage2_pde_terminal_interface,1574,0.0016304990920347484,0.0002,,0.00011381281616973843,0.6947970725712326,8.077797592364752e-06,0.0015086081321791381,3.4609350713689625e-10
2575,stage2_pde_terminal_interface,1575,0.0025408843252348167,0.0002,,0.000145413846266466,0.5934751412029757,7.159420264332925e-06,0.002388311058704018,5.337389103303088e-29
2576,stage2_pde_terminal_interface,1576,0.002482391262236899,0.0002,,0.00015280205369464834,0.6662165021918813,1.3343239825856203e-05,0.002316245968716394,1.7974766173502827e-20
2577,stage2_pde_terminal_interface,1577,0.002534754634044652,0.0002,,0.00015864753358319742,0.7583670092221514,1.2392424188257263e-05,0.0023636639784630504,5.0697810146994826e-08
2578,stage2_pde_terminal_interface,1578,0.002336229456317575,0.0002,,0.0001340595534748523,0.6466131004976838,9.437030256963975e-06,0.0021927328601260045,1.2459754157492646e-11
2579,stage2_pde_terminal_interface,1579,0.002199443389593976,0.0002,,0.00010605751758712193,0.6056111495874535,1.0781183969346824e-05,0.0020826046880352013,2.3056894275949472e-15
2580,stage2_pde_terminal_interface,1580,0.0022355123139847235,0.0002,,0.00020822184697932736,0.6776085846186575,8.339338083815164e-06,0.0020189206283181167,3.050060346417156e-08
2581,stage2_pde_terminal_interface,1581,0.0017650599394917785,0.0002,,0.00019444414126498644,0.5509444489643786,1.2670269916455849e-05,0.0015579455283103363,4.428780300907154e-26
2582,stage2_pde_terminal_interface,1582,0.0018211093280280867,0.0002,,0.00012264599581739626,0.7160253039187485,1.001032908372851e-05,0.0016884529983626903,4.7642715802814694e-12
2583,stage2_pde_terminal_interface,1583,0.002446450865202568,0.0002,,0.00014665259125408765,0.6917088862336053,8.204970338902283e-06,0.002291593303608736,8.42142396132056e-16
2584,stage2_pde_terminal_interface,1584,0.002260939963972725,0.0002,,0.0003432460379110505,0.7247132754106902,1.1589335402649292e-05,0.0019061045906590237,1.3825802110677486e-18
2585,stage2_pde_terminal_interface,1585,0.002252573366213628,0.0002,,0.00018067705933892293,0.6419251874016558,7.113929188913147e-06,0.0020647823776857917,5.0552515861211256e-27
2586,stage2_pde_terminal_interface,1586,0.00212783022779331,0.0002,,0.00010231695555500119,0.709915790189835,9.139890448104444e-06,0.0020163733817902046,1.7402651097400558e-21
2587,stage2_pde_terminal_interface,1587,0.002571436956857049,0.0002,,0.00017435506481842548,0.7247826921403661,1.320777746809925e-05,0.0023838738265940995,2.8797642493801245e-10
2588,stage2_pde_terminal_interface,1588,0.0017787930782298027,0.0002,,0.00015586493191432183,0.6165289758958534,9.906163390009406e-06,0.0016130219829254716,3.542976903085058e-26
2589,stage2_pde_terminal_interface,1589,0.0020484798930514047,0.0002,,0.00019397696500707168,0.5885008815904974,1.235829504128763e-05,0.0018421446329991921,3.8532994865757976e-15
2590,stage2_pde_terminal_interface,1590,0.0024469425014785797,0.0002,,0.00019903743762973573,0.6716808556513186,1.0986470588846146e-05,0.0022369185932592612,7.365861585713331e-16
2591,stage2_pde_terminal_interface,1591,0.001984276342102652,0.0002,,0.00010651390100561674,0.8074199950217481,9.998948891912483e-06,0.0018677634922051225,6.989599609522621e-20
2592,stage2_pde_terminal_interface,1592,0.0023417051766397926,0.0002,,0.00018208282326675565,0.5369286527554261,5.376659657407946e-06,0.002154241540045533,4.15367009638125e-09
2593,stage2_pde_terminal_interface,1593,0.002457200865936637,0.0002,,0.00011977048460249821,0.6646729987779866,1.100024285518015e-05,0.002326427950124949,2.188354009530088e-09
2594,stage2_pde_terminal_interface,1594,0.0020675936388668704,0.0002,,0.00013307466654999923,0.6595321599683701,9.984315791761333e-06,0.0019245217659357799,1.2890589330077995e-08
2595,stage2_pde_terminal_interface,1595,0.0018099809738859386,0.0002,,0.0002165616167769007,0.5544189989827853,8.80349930300497e-06,0.0015846157631434407,9.466259211537583e-11
2596,stage2_pde_terminal_interface,1596,0.0020585003447085278,0.0002,,0.0001112690854928349,0.7087947623641314,1.0966726394144345e-05,0.001936264182919599,3.499019494189863e-10
2597,stage2_pde_terminal_interface,1597,0.0017731725338938562,0.0002,,0.0001139489753360798,0.6510632764777797,1.1047029513795492e-05,0.0016481765284351861,6.087946033166914e-13
2598,stage2_pde_terminal_interface,1598,0.0019905397839464446,0.0002,,0.00010378426514463031,0.6448353183025125,1.0184673427003126e-05,0.0018765708453747534,5.788958858650625e-17
2599,stage2_pde_terminal_interface,1599,0.0021937029812578684,0.0002,,0.00018948303525344844,0.6825076672364626,1.026043693041957e-05,0.0019939595036244416,5.449558866143785e-12
2600,stage2_pde_terminal_interface,1600,0.0029110165155606864,0.0002,,0.0001128284001422429,0.5749085283212096,1.06416398567105e-05,0.0027875464755598876,1.845308365289488e-15
2601,stage2_pde_terminal_interface,1601,0.002218684019375973,0.0002,,0.00015977893246680916,0.6693131640650603,6.866252079291876e-06,0.002052038834829872,9.924895658210743e-20
2602,stage2_pde_terminal_interface,1602,0.0017430575941294571,0.0002,,0.00013311703288744072,0.58117004393839,1.0192603852448384e-05,0.0015997382697217441,9.687667823778687e-09
2603,stage2_pde_terminal_interface,1603,0.002284268739876511,0.0002,,0.0001990874869628841,0.6874175893243302,1.1901794652909474e-05,0.002073279418643815,3.961690284896781e-11
2604,stage2_pde_terminal_interface,1604,0.0021696816938855286,0.0002,,0.00015823404450223508,0.6594147133481317,1.2568276273763155e-05,0.0019988776870685757,1.6860409549855991e-09
2605,stage2_pde_terminal_interface,1605,0.0025010726879207863,0.0002,,0.00015476988798973184,0.7017858007322036,8.55447802293806e-06,0.0023377483219081162,1.3335616610122722e-21
2606,stage2_pde_terminal_interface,1606,0.0026252566847449837,0.0002,,0.00016575808537320607,0.6218024551802533,1.0469602978114773e-05,0.002449027491296562,1.505097100584214e-09
2607,stage2_pde_terminal_interface,1607,0.0015337142113592869,0.0002,,0.00020070090406872434,0.6091902857752162,1.0455820638031061e-05,0.0013225574866525315,5.6733647925064096e-33
2608,stage2_pde_terminal_interface,1608,0.0018036098850746586,0.0002,,0.00013305072296693822,0.5642397203641677,1.1467014979452187e-05,0.0016590921434587844,3.669483847434848e-12
2609,stage2_pde_terminal_interface,1609,0.001957712834049463,0.0002,,0.00015116191331612572,0.6880222826034322,1.2127837182973845e-05,0.0017944230835503165,4.730861946572668e-17
2610,stage2_pde_terminal_interface,1610,0.0018099666473764616,0.0002,,0.0001754053158540558,0.6413313742042214,7.2882934543660135e-06,0.0016272730380614993,6.540402728938856e-15
2611,stage2_pde_terminal_interface,1611,0.002220627455941568,0.0002,,0.00022265997835595847,0.673190786326771,9.963084109779579e-06,0.0019879829607995915,2.143267623827743e-08
2612,stage2_pde_terminal_interface,1612,0.002781734148062025,0.0002,,0.00020035462628173256,0.6598893804192724,7.439919670555952e-06,0.0025739329496514947,6.6524582418354125e-09
2613,stage2_pde_terminal_interface,1613,0.0026433524618147894,0.0002,,0.00018582774772054868,0.6027295853991513,9.344893143050868e-06,0.0024481797244790063,9.647218338617827e-11
2614,stage2_pde_terminal_interface,1614,0.0024172486627652614,0.0002,,0.0001576438700886533,0.6485862684924032,8.201149937711986e-06,0.002251403642738877,1.9637666981173613e-17
2615,stage2_pde_terminal_interface,1615,0.0023949303160982396,0.0002,,0.00018936106785199112,0.653093956476336,1.1112214474775526e-05,0.002194457002233933,3.1537539991349445e-11
2616,stage2_pde_terminal_interface,1616,0.0017567939033497884,0.0002,,0.0001653658954875422,0.6064200295821115,1.3391521068533522e-05,0.0015780364867937127,1.237006747686693e-30
2617,stage2_pde_terminal_interface,1617,0.0014686721546262088,0.0002,,0.0002305597267107941,0.6549518223014165,9.977555453875027e-06,0.0012281348723425665,1.1897311436573927e-13
2618,stage2_pde_terminal_interface,1618,0.002091593335807224,0.0002,,0.00015651613701912225,0.5358669392814616,9.087474388664264e-06,0.0019259897237678596,6.315780660980117e-13
2619,stage2_pde_terminal_interface,1619,0.0016276840765470596,0.0002,,0.0001482577856198388,0.7646770810195725,6.27351199243176e-06,0.001473152775376291,3.558497978336699e-12
2620,stage2_pde_terminal_interface,1620,0.0024352326535009646,0.0002,,0.000224642696392115,0.7797524962805104,6.317636916439117e-06,0.00220427232019241,3.7731546663417227e-19
2621,stage2_pde_terminal_interface,1621,0.0026975780685789845,0.0002,,0.0001458892837214497,0.614345808978362,8.376907374693039e-06,0.002543311716377705,1.6110513714710366e-10
2622,stage2_pde_terminal_interface,1622,0.0023379193924398683,0.0002,,0.00017563132322375732,0.64315732305963,1.1353475429669457e-05,0.0021509345937864403,1.362210963425066e-18
2623,stage2_pde_terminal_interface,1623,0.002333171491871859,0.0002,,0.00019916372709882752,0.7074713612160781,1.1055943642425355e-05,0.002122947172239845,4.6488907613951565e-09
2624,stage2_pde_terminal_interface,1624,0.002199027958115389,0.0002,,7.930689186212377e-05,0.5054819470046803,7.1341894181109585e-06,0.0021125868768351545,3.3170588554620375e-21
2625,stage2_pde_terminal_interface,1625,0.0023652521483904358,0.0002,,0.0001109355579584555,0.5389752490512407,9.114877378397355e-06,0.002245201713020686,3.289690239075077e-14
2626,stage2_pde_terminal_interface,1626,0.002800803151123253,0.0002,,0.00017349312868478677,0.6197448934679619,9.05215830361027e-06,0.002618257864134854,1.8264018448358185e-18
2627,stage2_pde_terminal_interface,1627,0.0023378770219040015,0.0002,,0.00013320139391445672,0.6465891762279429,6.488329725231057e-06,0.002198183700074789,3.5981895243960087e-09
2628,stage2_pde_terminal_interface,1628,0.0022941580997759906,0.0002,,0.00011408393718719012,0.6245752259142108,7.751076235241819e-06,0.0021722538028588617,6.928349469687762e-08
2629,stage2_pde_terminal_interface,1629,0.0019901223448247182,0.0002,,0.00010469306356642884,0.6807265927027278,4.454452127424991e-06,0.001880974823810873,5.319991369371857e-12
2630,stage2_pde_terminal_interface,1630,0.0027681959308760496,0.0002,,0.00011657281250907376,0.6721160809947843,8.524441407740822e-06,0.002643098676959232,2.932048878285769e-18
2631,stage2_pde_terminal_interface,1631,0.0020953425080025502,0.0002,,0.00018944105625937427,0.6306517496981887,9.47789206561038e-06,0.0018964163847637315,7.174913833885861e-09
2632,stage2_pde_terminal_interface,1632,0.0020040828772257754,0.0002,,0.0001942230896874495,0.7204241876879189,1.1869201812988817e-05,0.0017979905856757184,4.9618762549125883e-14
2633,stage2_pde_terminal_interface,1633,0.0017338749811833857,0.0002,,0.00011668739811963392,0.7186082467568805,8.667610647281637e-06,0.001608519968592818,3.823652114292299e-12
2634,stage2_pde_terminal_interface,1634,0.0020367719782893702,0.0002,,0.00016628393508567668,0.6261023601067814,9.333298150832958e-06,0.0018611547450528604,2.5333321539197524e-21
2635,stage2_pde_terminal_interface,1635,0.0022238271125508747,0.0002,,0.00011869502298377129,0.5904328549533123,8.409207693013799e-06,0.002096718688019231,4.193854858651169e-09
2636,stage2_pde_terminal_interface,1636,0.0025827762959286602,0.0002,,0.00016545492556956285,0.6738500098412846,9.109733876263899e-06,0.0024082116185447262,1.7938107282281702e-11
2637,stage2_pde_terminal_interface,1637,0.0028913985083231872,0.0002,,0.0002079638792532335,0.6504569781694924,9.391138883931269e-06,0.00267404348835734,1.828682747522369e-12
2638,stage2_pde_terminal_interface,1638,0.0032727496363849614,0.0002,,0.00017478109124705979,0.5992137661436496,8.596916829989715e-06,0.0030890383775702265,3.3325073768523464e-07
2639,stage2_pde_terminal_interface,1639,0.0022778756903985386,0.0002,,0.00011730564098383573,0.6104136679879008,5.330428274851223e-06,0.0021552396211398516,2.1959618053311123e-24
2640,stage2_pde_terminal_interface,1640,0.0019026960039278857,0.0002,,0.00016201368973932124,0.6138841243520087,6.469391974322707e-06,0.0017342129172931878,4.921054071660472e-12
2641,stage2_pde_terminal_interface,1641,0.0021942544455312634,0.0002,,0.0001440847144659892,0.634517868717331,7.407907031703211e-06,0.002042761135396077,6.886374940679734e-10
2642,stage2_pde_terminal_interface,1642,0.001446757386439982,0.0002,,0.0002365293623542676,0.6857248160191534,8.770569621179054e-06,0.0012014570084294685,4.4603506665902687e-10
2643,stage2_pde_terminal_interface,1643,0.002137001088647748,0.0002,,0.00018557147819187915,0.587658610491913,8.421584662318823e-06,0.0019430078410093141,1.847842356645846e-10
2644,stage2_pde_terminal_interface,1644,0.0020103290523258493,0.0002,,0.00015117361822511463,0.6310107521336378,6.87964863302574e-06,0.0018522747481991286,1.0372685806544311e-09
2645,stage2_pde_terminal_interface,1645,0.0021186098826472145,0.0002,,0.00011598052994794101,0.6724664131775336,9.978392550129631e-06,0.0019926509601491437,1.538895993548873e-20
2646,stage2_pde_terminal_interface,1646,0.00199319489284683,0.0002,,0.0001410882618835837,0.6245951075685965,1.2497142779869524e-05,0.0018396094881831812,1.955825900180655e-16
2647,stage2_pde_terminal_interface,1647,0.0020297942554740028,0.0002,,0.00010545003231582905,0.7468702053540386,1.0690029271203823e-05,0.0019136536379033091,5.559836607282426e-10
2648,stage2_pde_terminal_interface,1648,0.002764867055231048,0.0002,,0.0001775339442356003,0.5733421522317995,1.042560743900859e-05,0.0025769068480723874,6.554840515453311e-10
2649,stage2_pde_terminal_interface,1649,0.002378589549485651,0.0002,,9.002103209257103e-05,0.5442645463196042,1.3457066068417081e-05,0.0022751114513246628,3.7893308616522887e-26
2650,stage2_pde_terminal_interface,1650,0.0017216013641689013,0.0002,,8.593821180148549e-05,0.6883448983958415,1.2309654005530886e-05,0.001623353313370359,1.8499152574514743e-10
2651,stage2_pde_terminal_interface,1651,0.0020701686263653748,0.0002,,0.00024419215436976053,0.7697176365027044,7.163928651698998e-06,0.001818812543343905,1.0447391055812575e-17
2652,stage2_pde_terminal_interface,1652,0.002683306297366235,0.0002,,0.00012748567369416582,0.6349205287265229,1.1294441242931323e-05,0.002544526182418785,1.035299956805764e-14
2653,stage2_pde_terminal_interface,1653,0.0023566756125853222,0.0002,,0.0001741553850093235,0.5320036788179516,1.0947245435144744e-05,0.002171572982140854,2.7866942826559107e-26
2654,stage2_pde_terminal_interface,1654,0.0020427330326763353,0.0002,,0.0002622607878655917,0.6436060839951464,5.909054413238126e-06,0.0017745631903975055,1.4711307675025932e-21
2655,stage2_pde_terminal_interface,1655,0.0027743361265616835,0.0002,,0.00018145755738233424,0.6030350014520458,1.143380059724131e-05,0.0025814447685607467,2.1361418259536592e-14
2656,stage2_pde_terminal_interface,1656,0.003352976686088174,0.0002,,0.00020732399629557147,0.6830604212725934,1.1101165106794374e-05,0.003134536762879013,1.4761806795063708e-08
2657,stage2_pde_terminal_interface,1657,0.0038064619337466856,0.0002,,0.00016097184801171135,0.624335838970721,8.700606281984687e-06,0.0036367894771570522,2.2959374727590172e-12
2658,stage2_pde_terminal_interface,1658,0.0019969875133503427,0.0002,,0.0001677681164342746,0.6912972927173747,1.1532496353651384e-05,0.0018176869005622183,1.9821362371285748e-16
2659,stage2_pde_terminal_interface,1659,0.0023925310950676706,0.0002,,0.00013173623990568608,0.6285892883455025,1.2114922529106044e-05,0.002248679932630824,2.054347017161704e-15
2660,stage2_pde_terminal_interface,1660,0.002185996244328156,0.0002,,0.00015060467995261438,0.7508035019323904,1.1730813677195054e-05,0.002023660750698347,1.2318755458461877e-19
2661,stage2_pde_terminal_interface,1661,0.003071595329881037,0.0002,,0.00012135241802777266,0.543820901445194,6.57072213221258e-06,0.0029436721550651994,3.465585227738938e-11
2662,stage2_pde_terminal_interface,1662,0.0024296753092933714,0.0002,,0.00011774430720184936,0.5700366099326059,9.759825383249552e-06,0.0023021711763776677,3.3060496072636266e-13
2663,stage2_pde_terminal_interface,1663,0.0020544487227990072,0.0002,,0.00021336431029136727,0.6822883151389012,1.0610448885395626e-05,0.0018304733414584045,6.22163840059894e-10
2664,stage2_pde_terminal_interface,1664,0.0026221821329422343,0.0002,,0.00014835043741205647,0.6407476723321954,8.783271692887232e-06,0.0024650484238026944,3.459622378413615e-14
2665,stage2_pde_terminal_interface,1665,0.0031186831445529583,0.0002,,0.0002749316713585284,0.5908584148321065,8.263008645548555e-06,0.0028354884645488813,3.678271041795221e-20
2666,stage2_pde_terminal_interface,1666,0.0027504861364366128,0.0002,,0.00017804768631737183,0.6315787170261085,1.2732473855975828e-05,0.0025597059762632653,1.703213639278692e-20
2667,stage2_pde_terminal_interface,1667,0.003123664581540864,0.0002,,0.00013850264633037332,0.7409594084161885,1.2361530589394943e-05,0.0029727960861316368,4.318489459011193e-09
2668,stage2_pde_terminal_interface,1668,0.0024411081777069446,0.0002,,0.0002107858244060814,0.6929898403243357,1.0364615920635255e-05,0.002219957737380228,5.768662930159723e-20
2669,stage2_pde_terminal_interface,1669,0.0021091726830488114,0.0002,,0.0001560192136346952,0.7037248678965131,9.36138670542738e-06,0.0019437920606259305,2.2082758323871275e-11
2670,stage2_pde_terminal_interface,1670,0.0016268834463000353,0.0002,,0.00016443447964591308,0.6269537145774279,8.135180233482267e-06,0.00145431378642064,7.46880055451858e-27
2671,stage2_pde_terminal_interface,1671,0.0017561248706394192,0.0002,,0.0001593348150480699,0.6281644666682173,9.965873835636382e-06,0.0015868036828047675,2.0498950945567378e-08
2672,stage2_pde_terminal_interface,1672,0.0021314940131675853,0.0002,,0.00019540615625072158,0.5832103043019349,8.73787642662339e-06,0.001927344717091692,5.26339854868903e-09
2673,stage2_pde_terminal_interface,1673,0.0014949758461882143,0.0002,,0.0002432763587204865,0.6616980323233851,1.494014974731391e-05,0.0012367593377204137,2.2671977984268263e-19
2674,stage2_pde_terminal_interface,1674,0.0024197586520867216,0.0002,,0.0002708440490963688,0.6570116040610116,1.1176180680262804e-05,0.00213773842231009,9.123560098805003e-23
2675,stage2_pde_terminal_interface,1675,0.0018680066146665043,0.0002,,0.0001693749521338491,0.6026633264304719,1.0133906006462256e-05,0.0016883782918142285,1.194647119645676e-07
2676,stage2_pde_terminal_interface,1676,0.0024537706746001224,0.0002,,0.0002430380207798083,0.6404181787325526,1.2128353952663027e-05,0.002198604299723594,1.4405693132071088e-13
2677,stage2_pde_terminal_interface,1677,0.0019069965389529975,0.0002,,0.00015025297004782985,0.544091443094776,9.117926418965277e-06,0.0017476217852998004,3.857186401815342e-09
2678,stage2_pde_terminal_interface,1678,0.0016396194663114638,0.0002,,0.000165963074417678,0.703068062508807,8.679889896446587e-06,0.001464976501711376,2.8596314557862706e-13
2679,stage2_pde_terminal_interface,1679,0.003232894717983708,0.0002,,0.000195991809900892,0.7239998218819751,9.521292380086334e-06,0.0030273816157027266,2.9101125296596055e-18
2680,stage2_pde_terminal_interface,1680,0.0023213928952958707,0.0002,,0.00024877714267611516,0.6615683057622815,1.0942504785218724e-05,0.002061673236977454,1.0857082584601105e-11
2681,stage2_pde_terminal_interface,1681,0.0018016523248114086,0.0002,,0.00017561143039544264,0.5708335613173224,9.234990796531123e-06,0.001616805898480765,5.138669770600193e-12
2682,stage2_pde_terminal_interface,1682,0.0018110863237168512,0.0002,,0.00026557659133490927,0.7346538313142157,9.53483957798352e-06,0.0015359718090886803,3.083715278068226e-09
2683,stage2_pde_terminal_interface,1683,0.0021400776009008805,0.0002,,0.00015697086552549018,0.6109370152750857,1.0015698035329864e-05,0.0019727633359846795,3.2770135538109997e-07
2684,stage2_pde_terminal_interface,1684,0.00222854288383237,0.0002,,0.0001427257587757842,0.5957997348560621,9.4956664804897e-06,0.002076310455642703,1.100293339322345e-08
2685,stage2_pde_terminal_interface,1685,0.0022679684217076315,0.0002,,0.00017425282015194377,0.5587249104046096,9.353845883197117e-06,0.0020843617527487347,2.9237557101802067e-12
2686,stage2_pde_terminal_interface,1686,0.001907966629102077,0.0002,,0.00021110948086626972,0.5879859701848049,1.2446176108759986e-05,0.0016844087400382179,2.2320888293864717e-09
2687,stage2_pde_terminal_interface,1687,0.0023631372347970997,0.0002,,0.00017449706549063854,0.6090400657358469,1.1307694801533499e-05,0.0021773324726006697,1.9042580056872474e-12
2688,stage2_pde_terminal_interface,1688,0.002910338820980563,0.0002,,0.00012142979568626599,0.5980877127062152,8.960911964440836e-06,0.0027799481132094483,1.204080313246506e-13
2689,stage2_pde_terminal_interface,1689,0.0020090846305480755,0.0002,,0.0001581224877594746,0.666253693598915,1.0249445157041188e-05,0.0018407114472174654,1.2504140941300349e-09
2690,stage2_pde_terminal_interface,1690,0.002336943912914815,0.0002,,0.0001521497456366116,0.7060938034379984,6.198996982310997e-06,0.0021785951702851135,1.0779013350852663e-14
2691,stage2_pde_terminal_interface,1691,0.0017701115418728086,0.0002,,0.0001779221558525525,0.6534204668433423,8.095893915351332e-06,0.0015840934609356455,3.116925920985883e-11
2692,stage2_pde_terminal_interface,1692,0.0019392419618241747,0.0002,,0.0001702521997625977,0.6657226865432233,9.090559910527503e-06,0.0017598992013643773,7.866720559706936e-13
2693,stage2_pde_terminal_interface,1693,0.001767962938146601,0.0002,,0.00015689088049771323,0.6415861844991675,6.655117624161118e-06,0.001604407056084284,9.883940442514741e-09
2694,stage2_pde_terminal_interface,1694,0.0018624486988592858,0.0002,,0.00021263819707530125,0.6346845143808821,1.1708342377272106e-05,0.0016381019963978942,1.6300881815031662e-10
2695,stage2_pde_terminal_interface,1695,0.0020821676759562964,0.0002,,0.00013496461385190665,0.5333241176958383,1.0476190472519096e-05,0.0019367253328523239,1.5387795468417922e-09
2696,stage2_pde_terminal_interface,1696,0.002027560431369838,0.0002,,0.0002012214007481328,0.6193287923266867,7.980387105518111e-06,0.0018183586435098497,6.337214558989385e-15
2697,stage2_pde_terminal_interface,1697,0.0021380404570415642,0.0002,,0.00020741847369915104,0.6202551906884015,9.493699534360473e-06,0.0019211282838080526,8.113186191059807e-22
2698,stage2_pde_terminal_interface,1698,0.0024313521420059,0.0002,,0.0001456506861188963,0.6345244108304754,1.0393254146704553e-05,0.0022753082017399396,3.5942633057226753e-16
2699,stage2_pde_terminal_interface,1699,0.001812479181980902,0.0002,,0.00013899091929258836,0.5891032969972798,1.2586775662391265e-05,0.0016609014793701816,7.655740845896793e-12
2700,stage2_pde_terminal_interface,1700,0.0024405095803161332,0.0002,,0.00016676651493590782,0.654829628924855,1.4192639216557777e-05,0.0022595504261636676,2.7596676862746897e-29
2701,stage2_pde_terminal_interface,1701,0.002680937925318775,0.0002,,0.00019978983505523716,0.6452587640445154,8.1884280683168e-06,0.0024729596621952212,1.6895316392947514e-29
2702,stage2_pde_terminal_interface,1702,0.0028771377369303176,0.0002,,0.0001928948705318192,0.6287467098578295,1.302633904493843e-05,0.0026711907351258425,2.5792227717148293e-08
2703,stage2_pde_terminal_interface,1703,0.0022360142572883674,0.0002,,0.00020195294561744902,0.630141479186476,7.566973465334419e-06,0.002026482906620986,1.1431584597626755e-08
2704,stage2_pde_terminal_interface,1704,0.003087276279643519,0.0002,,0.00011837903694143589,0.6195323377720517,7.5734490851014104e-06,0.0029613237926252043,9.917777215868752e-13
2705,stage2_pde_terminal_interface,1705,0.0019435831855982712,0.0002,,0.0001762775334906929,0.6446720636213301,7.690791525452435e-06,0.0017596148605821158,9.894113493242284e-18
2706,stage2_pde_terminal_interface,1706,0.0025133445042521295,0.0002,,0.00023169023999590225,0.6375193683071706,1.2958983634379733e-05,0.0022686952806209994,8.482823229051594e-16
2707,stage2_pde_terminal_interface,1707,0.0019377885912812774,0.0002,,0.00017231782276219725,0.6249013964893578,1.4994312540521037e-05,0.0017504645335179763,1.1922460582882285e-08
2708,stage2_pde_terminal_interface,1708,0.0026944545945848885,0.0002,,0.00014023573598515027,0.6070682952348093,8.25952276322923e-06,0.0025459575570822594,1.7787542494413855e-09
2709,stage2_pde_terminal_interface,1709,0.001690871222134471,0.0002,,0.00013516985512392692,0.6555386064927197,6.431773869379618e-06,0.0015492695930927505,4.8414063369393894e-14
2710,stage2_pde_terminal_interface,1710,0.0023722239960430693,0.0002,,0.00013454558150593617,0.5790105963671706,8.26499402887392e-06,0.002229412989961065,4.3054719434434045e-10
2711,stage2_pde_terminal_interface,1711,0.002123199781198321,0.0002,,0.00014866706673838024,0.6595708754423242,6.736579370226504e-06,0.001967796128939029,6.150685211548104e-12
2712,stage2_pde_terminal_interface,1712,0.002209953519683407,0.0002,,0.00014912942504108383,0.6114307829660002,9.023249395230748e-06,0.0020518008452470892,3.3659479648600577e-18
2713,stage2_pde_terminal_interface,1713,0.002468529873601055,0.0002,,0.00013618829085532017,0.6663430856711628,8.873874896037913e-06,0.0023234597106699065,7.997179790425085e-09
2714,stage2_pde_terminal_interface,1714,0.0024839215875085245,0.0002,,0.00014441188069112059,0.6610143247390815,7.634055443275052e-06,0.002331875644170627,7.203501639741022e-12
2715,stage2_pde_terminal_interface,1715,0.0014556334896997196,0.0002,,0.00015529841295288877,0.6410026993058447,1.2433128984610035e-05,0.001287901314216674,6.335455468098998e-10
2716,stage2_pde_terminal_interface,1716,0.0033467499602099107,0.0002,,0.000211529079756365,0.6401192865095634,1.0132787763249142e-05,0.0031250873082820127,7.844082841355118e-10
2717,stage2_pde_terminal_interface,1717,0.002096900694339114,0.0002,,0.00017373425308466953,0.7355454282656765,9.41691223790381e-06,0.0019137490968525882,4.3216395280847055e-10
2718,stage2_pde_terminal_interface,1718,0.0021480617035783372,0.0002,,0.00019791534295884,0.6425051860193465,8.442564610460932e-06,0.0019416133149821229,9.048102691366286e-08
2719,stage2_pde_terminal_interface,1719,0.0021707096435372684,0.0002,,0.00017431808998190498,0.7803791243992868,9.5177913912701e-06,0.0019868737621640932,6.820100219338245e-23
2720,stage2_pde_terminal_interface,1720,0.0021368249837488,0.0002,,0.00012533766522513485,0.6022108071778555,9.880490332372595e-06,0.002000882166188111,7.246620031818742e-07
2721,stage2_pde_terminal_interface,1721,0.0025507333154952522,0.0002,,0.0001279839483961508,0.5835194797217781,1.259638014027739e-05,0.002410152986958824,3.262598439847887e-21
2722,stage2_pde_terminal_interface,1722,0.002190087147810473,0.0002,,0.00013966145156860403,0.712415483869748,6.189326557987074e-06,0.002044227875926979,8.493756902590174e-09
2723,stage2_pde_terminal_interface,1723,0.001506119451050816,0.0002,,0.00012009254376117574,0.5735919224139168,1.476866534296969e-05,0.00137125824194667,6.603873950828403e-19
2724,stage2_pde_terminal_interface,1724,0.002071756605054359,0.0002,,0.00018489403603667468,0.7520244877396237,7.783176129404172e-06,0.0018790793928670079,2.127267369448773e-14
2725,stage2_pde_terminal_interface,1725,0.0027189126997628228,0.0002,,9.447604190855808e-05,0.6803397907744442,9.948172769404332e-06,0.002614488485010181,7.467882352311912e-14
2726,stage2_pde_terminal_interface,1726,0.0023473690783837224,0.0002,,0.00010125655034328492,0.5512017941835168,8.974088586897016e-06,0.0022371384394433056,1.0235031379716754e-14
2727,stage2_pde_terminal_interface,1727,0.0012562319582872603,0.0002,,0.0001481714844632583,0.6677633575801984,1.126763287140202e-05,0.0010967928409236299,2.8970165846970524e-14
2728,stage2_pde_terminal_interface,1728,0.0017334165731857005,0.0002,,0.00011910620903928922,0.6194592024447529,7.60040634173268e-06,0.0016067099578046787,7.380906048193963e-20
2729,stage2_pde_terminal_interface,1729,0.0018235388047436654,0.0002,,0.00016578750914502673,0.6624702108426536,1.1562189667353877e-05,0.001646189105930364,9.20653567184816e-16
2730,stage2_pde_terminal_interface,1730,0.002024536957497058,0.0002,,0.0001822372716662752,0.7120488979691264,9.326391576775796e-06,0.0018329732942540071,4.6981419831432644e-23
2731,stage2_pde_terminal_interface,1731,0.0020465470039001937,0.0002,,0.00012359180182817692,0.5586893677950533,8.821001726442591e-06,0.001914134183606677,1.6738897320858004e-11
2732,stage2_pde_terminal_interface,1732,0.0035045142605512085,0.0002,,0.00010106861004286619,0.5533927131807171,7.468491072344005e-06,0.0033959771589225866,5.134116945684596e-13
2733,stage2_pde_terminal_interface,1733,0.0022141109727634176,0.0002,,0.00024605532103690687,0.6550219905856355,8.375430945992804e-06,0.001959680220779421,1.0973211051950467e-15
2734,stage2_pde_terminal_interface,1734,0.0018989073829940493,0.0002,,0.00010302841536807078,0.6673025686775658,7.494526968730872e-06,0.00178838443197175,8.6854973958158e-12
2735,stage2_pde_terminal_interface,1735,0.002154639662048741,0.0002,,0.00010885338931285619,0.6105021800993075,7.898001613660226e-06,0.002037888270854205,2.680199421975269e-13
2736,stage2_pde_terminal_interface,1736,0.001925668825436081,0.0002,,0.0001316761297844441,0.602017553488147,9.943947051220812e-06,0.001784024366892725,2.4381707691252926e-08
2737,stage2_pde_terminal_interface,1737,0.002108452388835888,0.0002,,0.00026431318030999655,0.6165083908301623,9.364633943569415e-06,0.001834774574549013,3.330942419264324e-14
2738,stage2_pde_terminal_interface,1738,0.002589765702319201,0.0002,,0.0001696553831299755,0.6755749916741938,1.0289891946239506e-05,0.0024098204272429862,6.635086897228219e-21
2739,stage2_pde_terminal_interface,1739,0.0021093676677733236,0.0002,,0.00014058891352978955,0.620065261721396,7.422814440201909e-06,0.001961355939803332,1.800615578965217e-30
2740,stage2_pde_terminal_interface,1740,0.0020640729142950833,0.0002,,0.00022830362467452734,0.6243382166676132,9.80241242906874e-06,0.001825966388037214,4.891542733766752e-10
2741,stage2_pde_terminal_interface,1741,0.002507659663196964,0.0002,,0.00020646497603282716,0.6003595117331,1.3947172299040866e-05,0.002287247514865096,1.019923041001676e-22
2742,stage2_pde_terminal_interface,1742,0.0020675664854701657,0.0002,,0.00011030521317450411,0.5975923192580757,9.069725496522266e-06,0.0019481915467938836,5.25591423725422e-15
2743,stage2_pde_terminal_interface,1743,0.0023293526192819146,0.0002,,9.243739675507558e-05,0.6160723078280597,8.892471722287624e-06,0.0022280227508038744,6.768304341384488e-16
2744,stage2_pde_terminal_interface,1744,0.0018305612149584127,0.0002,,0.00021680475954249158,0.6726071951570749,9.250343658996333e-06,0.0016045060466497781,6.510714673843975e-11
2745,stage2_pde_terminal_interface,1745,0.0015199617316664306,0.0002,,0.00014208247460349824,0.6494849786762759,8.9071299896407e-06,0.001368972127072032,1.259652242497705e-15
2746,stage2_pde_terminal_interface,1746,0.002384017568859403,0.0002,,0.00014002223431117708,0.586823510176353,9.439845248241813e-06,0.0022345554892960395,3.9447387824493726e-15
2747,stage2_pde_terminal_interface,1747,0.003083893569647673,0.0002,,0.0001239924193680446,0.5972545407249782,1.0266516863105307e-05,0.0029496346334122164,4.307022525742281e-15
2748,stage2_pde_terminal_interface,1748,0.0019210955235020666,0.0002,,0.0002153389359735436,0.6426460795399143,7.148765842760324e-06,0.0016986078216639686,2.1794057572173638e-14
2749,stage2_pde_terminal_interface,1749,0.002159452752308189,0.0002,,0.00021255299437798736,0.6185157011540429,1.2118787090216887e-05,0.0019346517345742217,1.2923626576262854e-07
2750,stage2_pde_terminal_interface,1750,0.001555432735205012,0.0002,,0.00011505389406660185,0.645318491323263,8.512713865958799e-06,0.0014318661272724503,9.111535270310947e-19
2751,stage2_pde_terminal_interface,1751,0.00238532618831757,0.0002,,0.00011141181849839984,0.6005237018792645,6.980358994808706e-06,0.0022669340108243613,2.9450315674784633e-23
2752,stage2_pde_terminal_interface,1752,0.0019539541294200514,0.0002,,0.0001500298199019611,0.7203251736220792,6.4590042584453855e-06,0.0017974652969560718,8.303573129263528e-12
2753,stage2_pde_terminal_interface,1753,0.0020305024490348744,0.0002,,0.00017390875112542004,0.6910704417950205,1.0955010256839675e-05,0.0018456385402154316,1.4743718302100681e-10
2754,stage2_pde_terminal_interface,1754,0.002266431251500235,0.0002,,0.00017271787455987167,0.6334874904186494,1.2274863991737891e-05,0.0020814385129461063,2.518651584491638e-15
2755,stage2_pde_terminal_interface,1755,0.002782236267953336,0.0002,,0.00020009696075792542,0.6140916876712166,1.2184312349178254e-05,0.0025699549948462325,1.1595572805324831e-29
2756,stage2_pde_terminal_interface,1756,0.002075564756186554,0.0002,,0.0001362022251115803,0.7587421302494841,1.198711969458428e-05,0.0019273713042668797,4.1071135099667494e-09
2757,stage2_pde_terminal_interface,1757,0.002461126181879593,0.0002,,0.0001332653326481261,0.6077661025868877,1.2021153164926928e-05,0.0023158396368360493,5.923049077353911e-11
2758,stage2_pde_terminal_interface,1758,0.0022973277547778848,0.0002,,0.00011750751949728339,0.7069591251138844,1.5290642320333563e-05,0.0021645295929334746,2.67932875573643e-14
2759,stage2_pde_terminal_interface,1759,0.0016837154782756464,0.0002,,0.00019438932649090988,0.6588482731207539,1.0531851233885811e-05,0.0014787896819224706,4.6186283801243956e-09
2760,stage2_pde_terminal_interface,1760,0.002900329074897262,0.0002,,0.00020316220021093627,0.5636483546518776,1.213220860340112e-05,0.0026850346595059605,6.576964237896714e-12
2761,stage2_pde_terminal_interface,1761,0.0024843920616253565,0.0002,,0.00010230852373725678,0.667094843937189,1.613920475198094e-05,0.002365943603144371,7.299917480701505e-10
2762,stage2_pde_terminal_interface,1762,0.002001255565111845,0.0002,,0.00019094399964887356,0.5542293244660437,9.421542161675819e-06,0.0018008895622032169,4.61098078602895e-10
2763,stage2_pde_terminal_interface,1763,0.0021798936008670046,0.0002,,0.00018934549791764805,0.6214512086054909,6.835351234260105e-06,0.0019836782712785196,3.448043657648667e-08
2764,stage2_pde_terminal_interface,1764,0.0015662944119595003,0.0002,,0.00015467898647691946,0.5545116214169732,9.427996294581092e-06,0.0014021874279608912,1.2271086788145136e-12
2765,stage2_pde_terminal_interface,1765,0.0020875593042443794,0.0002,,0.00015668408189863347,0.6299223342331873,1.3288158344419373e-05,0.0019175870639727794,2.8547226518574285e-14
2766,stage2_pde_terminal_interface,1766,0.002119923351388087,0.0002,,0.00019836724238316326,0.5752255386382579,6.923621488216803e-06,0.0019146324875167072,3.5331577380105237e-26
2767,stage2_pde_terminal_interface,1767,0.0019084797999706687,0.0002,,0.00018251654738680334,0.5970673670769875,7.63495496714569e-06,0.0017183255197505002,2.7778662195774957e-09
2768,stage2_pde_terminal_interface,1768,0.0015953105995643534,0.0002,,0.0001500606352256035,0.7139910894924715,8.83271881452511e-06,0.0014364172455242248,8.328343437635153e-25
2769,stage2_pde_terminal_interface,1769,0.0014224550838701899,0.0002,,0.00015068595725140142,0.6822748384951146,1.0068917088033368e-05,0.001261700209530755,1.9429836788720228e-25
2770,stage2_pde_terminal_interface,1770,0.0020254854370531537,0.0002,,0.0002020994699190079,0.6997623338012181,1.1582902026167358e-05,0.001811803064743392,3.645862418756841e-13
2771,stage2_pde_terminal_interface,1771,0.0017079949812860479,0.0002,,0.0001638156414548633,0.6643544985628878,1.2556028928483393e-05,0.0015316233109027011,9.539354578673349e-23
2772,stage2_pde_terminal_interface,1772,0.0025857135108666653,0.0002,,0.000189814909174198,0.5961139004608197,8.634521915127509e-06,0.002387263920358555,1.5941878463967872e-10
2773,stage2_pde_terminal_interface,1773,0.002104420259230972,0.0002,,0.00012435794000358063,0.4927267291139932,7.714230097190419e-06,0.0019723480891302007,2.224368365596132e-25
2774,stage2_pde_terminal_interface,1774,0.0023615540280370727,0.0002,,0.0001918449708556004,0.6814362018695169,6.702561914572344e-06,0.0021629876709171546,1.882434974513111e-08
2775,stage2_pde_terminal_interface,1775,0.002068962703681429,0.0002,,0.00018940072235063934,0.7108039401876067,8.511028746946525e-06,0.0018710475328956662,3.419688176787284e-09
2776,stage2_pde_terminal_interface,1776,0.0017344425072481342,0.0002,,0.0001779839507557538,0.6888449868900344,7.6260293426271435e-06,0.0015488325271497533,4.083827809461508e-21
2777,stage2_pde_terminal_interface,1777,0.0018339660746051396,0.0002,,9.766483197788439e-05,0.5758356906071948,1.0477026175854715e-05,0.0017258228944925032,1.3219588972762581e-09
2778,stage2_pde_terminal_interface,1778,0.0021254983455605988,0.0002,,0.00016802203472765628,0.6476301353858943,1.4028892936794095e-05,0.0019434474178961453,3.0898789059072723e-18
2779,stage2_pde_terminal_interface,1779,0.0024766043318428543,0.0002,,0.00016367828950267677,0.603139075276973,6.737924626343152e-06,0.0023061864547669997,1.6629468345740752e-09
2780,stage2_pde_terminal_interface,1780,0.003157825003172162,0.0002,,0.0001556861738621947,0.7124584186349172,1.0316889034394118e-05,0.002991821940275476,9.758949750530347e-17
2781,stage2_pde_terminal_interface,1781,0.0023664314225707262,0.0002,,0.00024869135239059776,0.6920933873789721,9.95193059977022e-06,0.0021076556685393232,1.3247104103517168e-07
2782,stage2_pde_terminal_interface,1782,0.0024790292450299492,0.0002,,0.00010618031383348501,0.5841993932811173,1.0310308372742524e-05,0.0023625381907562554,4.3206746661177524e-10
2783,stage2_pde_terminal_interface,1783,0.001951971960589921,0.0002,,0.00010675420946609164,0.6873348321103471,1.0425099535376378e-05,0.001834792651588354,9.896260311502707e-17
2784,stage2_pde_terminal_interface,1784,0.0023549013703261386,0.0002,,0.00038677921275944414,0.6637443410412555,9.618618364360644e-06,0.001958503539202265,6.857721085383983e-17
2785,stage2_pde_terminal_interface,1785,0.001715467514884821,0.0002,,0.00020028365667396178,0.6579976444194862,1.1037829874763084e-05,0.0015041179482642476,2.8080071848510375e-08
2786,stage2_pde_terminal_interface,1786,0.003215905922092247,0.0002,,0.00014634179709068802,0.6272721274284291,7.311865224406407e-06,0.0030622522597771418,1.0876119279388565e-17
2787,stage2_pde_terminal_interface,1787,0.002187490778835938,0.0002,,0.00015535471037580372,0.7100882043458875,8.30158312982819e-06,0.002023834478694155,6.636150732693542e-12
2788,stage2_pde_terminal_interface,1788,0.0017480509199999054,0.0002,,0.00016630336371884077,0.6527127662252845,8.696762302849553e-06,0.0015729919504456097,5.8843532605269584e-08
2789,stage2_pde_terminal_interface,1789,0.0026123347139326955,0.0002,,0.00018099095735930854,0.5219432811267266,1.1618356601497198e-05,0.0024197253998660346,1.0585539101409135e-13
2790,stage2_pde_terminal_interface,1790,0.0016145042073640841,0.0002,,0.0002389179153400591,0.722125539272078,6.76528162473383e-06,0.0013688128543821643,8.156017127020122e-09
2791,stage2_pde_terminal_interface,1791,0.0025928592152865424,0.0002,,0.00017575335092782267,0.7402002714026414,1.545644833083522e-05,0.002401649416027882,2.461499280744793e-18
2792,stage2_pde_terminal_interface,1792,0.0020035072830154143,0.0002,,0.0001296252325443475,0.6079300388521428,7.743292979859462e-06,0.0018661387574879515,3.2558355144782652e-15
2793,stage2_pde_terminal_interface,1793,0.0018448484118317727,0.0002,,0.00011848025489096324,0.5781637600259133,1.0795971364263028e-05,0.0017155721776952858,7.881260582328971e-12
2794,stage2_pde_terminal_interface,1794,0.0022914599361687537,0.0002,,0.00018305798020824192,0.6232481794747183,1.4371554265268592e-05,0.0020938851940691386,1.4520762610449658e-07
2795,stage2_pde_terminal_interface,1795,0.0020050462866036184,0.0002,,0.00019203388529399012,0.6710953884769542,9.810606306209187e-06,0.001803201795003408,1.1047343197542609e-17
2796,stage2_pde_terminal_interface,1796,0.0013766472071290927,0.0002,,0.0001506591687630356,0.8066848310130924,1.0478258524219268e-05,0.0012155097798418378,4.397638583099676e-28
2797,stage2_pde_terminal_interface,1797,0.0016314162419869542,0.0002,,0.00011920256095616601,0.5584004369306715,9.436266738986638e-06,0.0015027774142918017,5.488207283757907e-21
2798,stage2_pde_terminal_interface,1798,0.0028586893666841355,0.0002,,0.00010830441063760886,0.6493784566715509,1.3933486239494652e-05,0.002736451469210012,5.970199779649992e-13
2799,stage2_pde_terminal_interface,1799,0.0025588168876512314,0.0002,,0.00011068834679246213,0.6285032463689338,9.298799729750193e-06,0.0024388297242811372,1.6847882111470983e-11
2800,stage2_pde_terminal_interface,1800,0.0030734059501853223,0.0002,,0.00018451407915546277,0.921022958400705,8.955777592458544e-06,0.0028799360751204043,1.8316996759392068e-11
2801,stage2_pde_terminal_interface,1801,0.0021031490371001766,0.0002,,0.00014607189556689344,0.6596012444571743,1.2717682490408237e-05,0.0019443594554347029,3.608171923043881e-12
2802,stage2_pde_terminal_interface,1802,0.0027946974877722116,0.0002,,0.0001372831638615699,0.6873389898895587,9.644993464003342e-06,0.002647769330047824,3.988143694726279e-13
2803,stage2_pde_terminal_interface,1803,0.0015841854043800183,0.0002,,9.043497419645744e-05,0.5665635664649472,8.026180041527337e-06,0.001485724250141943,9.043252076173383e-17
2804,stage2_pde_terminal_interface,1804,0.0026409716095571645,0.0002,,0.00013411404480820178,0.5938921755875597,4.736470734075796e-06,0.0025021210007518226,9.326306425975678e-11
2805,stage2_pde_terminal_interface,1805,0.0019192873067731184,0.0002,,0.00021585976307617765,0.6098314581255709,8.218104325744605e-06,0.0016952077772704323,1.6621007638713897e-09
2806,stage2_pde_terminal_interface,1806,0.002361359032932801,0.0002,,0.00015494657858304984,0.7740373618839249,1.8646002191552533e-05,0.0021877664521554375,2.7613179256383333e-15
2807,stage2_pde_terminal_interface,1807,0.002404465191996277,0.0002,,0.00020409487402159513,0.6282041044179071,1.581935327429446e-05,0.0021845463168562616,4.6478441259990704e-09
2808,stage2_pde_terminal_interface,1808,0.0020667224330603237,0.0002,,0.00021014480038512146,0.5825611956749575,8.600127174751157e-06,0.0018479775055004512,1.785762142894508e-21
2809,stage2_pde_terminal_interface,1809,0.002541131508595429,0.0002,,0.00011587258758287112,0.6769362257603924,1.0862286095123744e-05,0.0024143821809349316,1.445398250248742e-08
2810,stage2_pde_terminal_interface,1810,0.0020159605904486763,0.0002,,0.00022503811462923977,0.6967033353407421,9.77878416517953e-06,0.0017809369541184601,2.0673753579660144e-07
2811,stage2_pde_terminal_interface,1811,0.0033326759429955295,0.0002,,0.00017637414129921536,0.6223785939057227,1.2157532416768275e-05,0.0031441438173161252,4.5196342059237324e-10
2812,stage2_pde_terminal_interface,1812,0.0021483851101392797,0.0002,,0.00015236395814832363,0.6503865774988435,8.528335974680159e-06,0.001987492806751179,9.2650969764471e-12
2813,stage2_pde_terminal_interface,1813,0.0023084079186628218,0.0002,,0.00010286910972631176,0.5872409427434861,1.2202036459708507e-05,0.002193336759789847,1.2686954405501518e-11
2814,stage2_pde_terminal_interface,1814,0.0023477204999379176,0.0002,,0.0002055360523089601,0.6059147673285441,9.143736673672622e-06,0.0021330407109541897,1.0951099202564017e-15
2815,stage2_pde_terminal_interface,1815,0.002524670298913777,0.0002,,0.00011687514139002025,0.6395670472438938,1.021473631709616e-05,0.0023975804211839383,2.2722378655610255e-14
2816,stage2_pde_terminal_interface,1816,0.003162690890214809,0.0002,,0.0001531053524184569,0.6413396371883218,6.990745392604016e-06,0.003002594792403748,9.408162732825715e-22
2817,stage2_pde_terminal_interface,1817,0.0021852034927035352,0.0002,,0.00018276063619110738,0.5785915610932136,1.1240173757652583e-05,0.001991202661210659,2.1544116323488002e-11
2818,stage2_pde_terminal_interface,1818,0.0030331706207186618,0.0002,,0.00012337114631198612,0.594150395475558,7.670134325358471e-06,0.002902129340016926,6.439123132181197e-14
2819,stage2_pde_terminal_interface,1819,0.001973607419706867,0.0002,,0.00020462831036320372,0.6039736923993729,8.304007241674317e-06,0.0017605988994260232,7.620267596566769e-08
2820,stage2_pde_terminal_interface,1820,0.0017072792022616154,0.0002,,0.00021622662717241196,0.5625876233642239,1.3047107593537275e-05,0.001477993056845756,1.2410649910343695e-08
2821,stage2_pde_terminal_interface,1821,0.0017376244885297105,0.0002,,0.00018316510011657464,0.6263370796178126,1.2247176690619726e-05,0.0015422122117219814,5.347038377156904e-16
2822,stage2_pde_terminal_interface,1822,0.00271513498650955,0.0002,,8.23873762367487e-05,0.5490333455325217,8.47321985919023e-06,0.0026242743904135134,9.761360040081612e-17
2823,stage2_pde_terminal_interface,1823,0.00296340717319747,0.0002,,0.00016184109092251352,0.5651565457522542,6.834132779150911e-06,0.0027947319494958057,1.3115420471116982e-19
2824,stage2_pde_terminal_interface,1824,0.0017268873268609678,0.0002,,0.0001573451523993848,0.6553670127616892,7.321106003665057e-06,0.0015622210684570958,8.221828186416395e-16
2825,stage2_pde_terminal_interface,1825,0.0012861780848079903,0.0002,,0.00011128009144311673,0.5507417034955873,1.5178215741376914e-05,0.0011597197773516577,2.7183888331843665e-13
2826,stage2_pde_terminal_interface,1826,0.001698002726124862,0.0002,,0.00013280605950321956,0.5675892649996306,8.182750543767007e-06,0.001557013912927496,3.150379215100995e-12
2827,stage2_pde_terminal_interface,1827,0.002255396914922667,0.0002,,0.0001423337890731416,0.5918973885666445,9.152727339596403e-06,0.002103910398363719,1.4621031754587867e-13
2828,stage2_pde_terminal_interface,1828,0.002177613802188752,0.0002,,0.0001050856100790142,0.5966644336431776,1.2480833451689426e-05,0.002060042944979615,4.413678433545756e-09
2829,stage2_pde_terminal_interface,1829,0.002459982063587005,0.0002,,0.00017741661551060804,0.5689987940193978,1.2127461037430642e-05,0.0022704379870389663,1.4592929651528098e-21
2830,stage2_pde_terminal_interface,1830,0.0023877369172985883,0.0002,,0.00012527141310223432,0.5839482581764827,9.21881265312793e-06,0.002253246688465409,3.0778171938601464e-12
2831,stage2_pde_terminal_interface,1831,0.0017490427290564048,0.0002,,0.00018097224060379492,0.5558382217735501,7.545762047278827e-06,0.0015604806084240188,4.411798131234241e-08
2832,stage2_pde_terminal_interface,1832,0.002721626775539842,0.0002,,0.00010920348865767759,0.6081103141388204,1.0873280796703906e-05,0.0026015500060824724,2.9882488352720235e-15
2833,stage2_pde_terminal_interface,1833,0.001513524325479213,0.0002,,0.00012138887237743107,0.6639049425135948,8.376067202821145e-06,0.0013837276515952933,3.173430366748407e-08
2834,stage2_pde_terminal_interface,1834,0.001816131867379458,0.0002,,9.929976472638531e-05,0.561263239049421,1.0090374035328338e-05,0.0017067399087706682,1.8198470762404437e-09
2835,stage2_pde_terminal_interface,1835,0.0016353264219733624,0.0002,,0.00018841599189555554,0.5100908668798765,7.443347942881882e-06,0.0014394632060830714,3.876051853643168e-09
2836,stage2_pde_terminal_interface,1836,0.0018530293765208015,0.0002,,0.0001309241244827019,0.574179970361776,7.772610857591804e-06,0.001714332641178935,1.5728064826055185e-15
2837,stage2_pde_terminal_interface,1837,0.0028748322554483187,0.0002,,0.00012438755044267023,0.5783654021584995,1.0707077413684368e-05,0.0027397376172012583,1.0390705501522104e-11
2838,stage2_pde_terminal_interface,1838,0.0023221933957751355,0.0002,,0.00022581323575182708,0.5665177076873031,1.1077396602181788e-05,0.002085302761365057,2.0560690861717733e-12
2839,stage2_pde_terminal_interface,1839,0.001607249033321098,0.0002,,0.00023580251291792576,0.7322162793926035,8.18619832207492e-06,0.0013632603220810951,2.314394103370836e-18
2840,stage2_pde_terminal_interface,1840,0.0020832961617601835,0.0002,,0.00016485347419394086,0.6048803114436859,1.1645197223492767e-05,0.00190679749034275,5.389650568804389e-20
2841,stage2_pde_terminal_interface,1841,0.0012343023611454257,0.0002,,0.00010757965278529376,0.5903326080668119,7.071042855261073e-06,0.0011196516655048708,9.128666577300727e-22
2842,stage2_pde_terminal_interface,1842,0.0022490496944151664,0.0002,,0.00014744813878246008,0.6973872900403183,8.091267859610038e-06,0.0020935102877730955,1.0405794103107387e-18
2843,stage2_pde_terminal_interface,1843,0.0018818910683991957,0.0002,,0.00012725863863697676,0.5522439954483191,8.306930688093048e-06,0.001746325499074124,1.8577071017151718e-18
2844,stage2_pde_terminal_interface,1844,0.0023935293251471216,0.0002,,0.0001844021912408468,0.5621885450078421,1.0349725930013386e-05,0.00219877740747783,4.984314345291542e-13
2845,stage2_pde_terminal_interface,1845,0.0023145091022729125,0.0002,,0.00010835798011887674,0.6034766139102007,7.740506902226352e-06,0.0021984106060869194,9.164890253257959e-12
2846,stage2_pde_terminal_interface,1846,0.0019884365567267104,0.0002,,0.0001969860700883357,0.6390626065791762,9.297893403921476e-06,0.0017821525932200973,1.4355748284707212e-14
2847,stage2_pde_terminal_interface,1847,0.0025035647691757017,0.0002,,0.00019101532228566745,0.6846792271471381,7.0380933782027466e-06,0.0023055113535118245,7.073104418662701e-18
2848,stage2_pde_terminal_interface,1848,0.0023486659538914136,0.0002,,0.00016872554955711558,0.6268191423654497,6.979442648785219e-06,0.002172960961685508,4.566977308072665e-18
2849,stage2_pde_terminal_interface,1849,0.0014932671873574375,0.0002,,0.00014938278303756002,0.643548691870927,1.1961809388005313e-05,0.0013319223401420913,2.5478978086979805e-10
2850,stage2_pde_terminal_interface,1850,0.002222783087142607,0.0002,,0.00010907559357909177,0.6842032466704264,7.969439839443305e-06,0.002105738053724072,1.2730387865279499e-20
2851,stage2_pde_terminal_interface,1851,0.0023129843479870443,0.0002,,0.0001231453916098849,0.5504386572105807,8.163722941429409e-06,0.0021816752044482926,2.8987437245010347e-11
2852,stage2_pde_terminal_interface,1852,0.0017569258923411124,0.0002,,0.00015279847958390958,0.5990925070625046,9.713830030153221e-06,0.0015944135822831356,4.439140565192869e-13
2853,stage2_pde_terminal_interface,1853,0.0018933618457628804,0.0002,,0.00017492644173464262,0.5702333454185147,9.763434952188227e-06,0.0017086719690760496,4.489871208366495e-33
2854,stage2_pde_terminal_interface,1854,0.002443409657943689,0.0002,,0.0001526518733585894,0.6146664162843818,7.625001941441181e-06,0.0022831327826403802,3.277677638840696e-15
2855,stage2_pde_terminal_interface,1855,0.00232341077511336,0.0002,,0.00014605670615028753,0.6535870579298467,6.643146749639059e-06,0.0021707109218468716,3.6656169288834334e-13
2856,stage2_pde_terminal_interface,1856,0.002660610890600387,0.0002,,0.00012033508468289006,0.5803111703368943,1.2311753912188003e-05,0.0025279633679312534,6.840740555014571e-10
2857,stage2_pde_terminal_interface,1857,0.0021369196842114997,0.0002,,0.00018488319402971197,0.5573851236496516,7.539940340039211e-06,0.0019444963248358967,2.2500585182886054e-10
2858,stage2_pde_terminal_interface,1858,0.001690580310662929,0.0002,,9.288188216009932e-05,0.5978440495920956,9.721633438634088e-06,0.0015879767950641843,1.1457790716083745e-17
2859,stage2_pde_terminal_interface,1859,0.001743142734973088,0.0002,,0.00024218694242281066,0.6551597878368666,9.048231732923881e-06,0.0014919065785812336,9.822361199634986e-10
2860,stage2_pde_terminal_interface,1860,0.002302337139492746,0.0002,,0.00024163953065461566,0.5861484167246274,1.0391415647165137e-05,0.0020502540875172665,5.210567369908088e-08
2861,stage2_pde_terminal_interface,1861,0.003131439180249597,0.0002,,0.00013789123953797774,0.6799661094482041,7.86195610034904e-06,0.00298568598461127,1.2742649277408645e-27
2862,stage2_pde_terminal_interface,1862,0.002150784434788257,0.0002,,0.00011731863722588061,0.6023219432549451,1.2825101404822839e-05,0.0020206405565416728,1.3961588028410633e-10
2863,stage2_pde_terminal_interface,1863,0.0020124156679181926,0.0002,,0.00015904965734376154,0.5728349177896253,1.0252662588827146e-05,0.001843113347973488,1.2115810955042902e-14
2864,stage2_pde_terminal_interface,1864,0.00318662361641756,0.0002,,0.00023229859300107026,0.6344834690365413,1.0562753608167658e-05,0.002943762269803746,4.57624832689468e-15
2865,stage2_pde_terminal_interface,1865,0.0017430593101683295,0.0002,,0.00024954474054093536,0.5894678937483813,1.0693149015562748e-05,0.0014828214190026599,1.6091716391989533e-12
2866,stage2_pde_terminal_interface,1866,0.0026378545366881963,0.0002,,0.00022491280376383,0.7318119047706741,1.5886170458166547e-05,0.0023970555624661287,7.114772988216807e-17
2867,stage2_pde_terminal_interface,1867,0.001946546294556009,0.0002,,0.00014690934718990565,0.640424189797111,1.0167519444677362e-05,0.0017894694177137743,1.0207651869005322e-11
2868,stage2_pde_terminal_interface,1868,0.002369712035702862,0.0002,,0.00024598860416778,0.5933026454157713,1.1145842341814158e-05,0.0021125775888985593,2.9470863394603085e-13
2869,stage2_pde_terminal_interface,1869,0.0017776446229407017,0.0002,,0.0002292778389577988,0.5723911772261359,8.490835957096204e-06,0.0015398728410832138,3.1069425930452305e-09
2870,stage2_pde_terminal_interface,1870,0.0026194305286372597,0.0002,,0.000372837236996482,0.6002636533003967,7.82401325838495e-06,0.002238766112287426,3.166094966716799e-09
2871,stage2_pde_terminal_interface,1871,0.0024541386543441095,0.0002,,0.0001517344630300626,0.6859692959942412,1.2830187149712405e-05,0.0022895740041643346,1.2742763158372953e-27
2872,stage2_pde_terminal_interface,1872,0.0026184162669579112,0.0002,,0.00016671641106092057,0.556886204589574,7.385489863845988e-06,0.0024443143660328685,2.760491374772567e-16
2873,stage2_pde_terminal_interface,1873,0.0023820396774709225,0.0002,,0.00012053686362429774,0.5367243226644465,1.261861146818692e-05,0.0022488632536333004,2.0948745137259108e-08
2874,stage2_pde_terminal_interface,1874,0.002609246715440362,0.0002,,0.00016644891975057245,0.5706159409140931,9.06003094123524e-06,0.002433737764748554,4.0182443747454003e-25
2875,stage2_pde_terminal_interface,1875,0.0024057385663325075,0.0002,,0.00025188630456116063,0.6946968569653096,8.402831490717139e-06,0.002145449086305092,3.4397553766235995e-10
2876,stage2_pde_terminal_interface,1876,0.0018263761329377582,0.0002,,0.00014573906555238907,0.700595455557389,9.249382561035716e-06,0.001671387684824333,4.300226790403546e-19
2877,stage2_pde_terminal_interface,1877,0.0022030214709402784,0.0002,,0.00016811001383819428,0.7396914689594127,1.0206523727121125e-05,0.002024704933374963,5.465283315470882e-22
2878,stage2_pde_terminal_interface,1878,0.0022602221576542834,0.0002,,0.00013918504951567558,0.5666702380894024,7.758816359368783e-06,0.0021132782916645134,1.1472556816007106e-13
2879,stage2_pde_terminal_interface,1879,0.002378759147053943,0.0002,,0.0001692219062469563,0.6480645296687918,1.1930180652885264e-05,0.0021976070601541016,3.034907242713121e-21
2880,stage2_pde_terminal_interface,1880,0.0023423310852925235,0.0002,,0.00012132956882976995,0.5535212604128704,7.904608104062466e-06,0.002213096892756564,1.5602127208736927e-11
2881,stage2_pde_terminal_interface,1881,0.0021238634247987575,0.0002,,0.0001444637942664927,0.6975253843612302,7.258808357331621e-06,0.0019721408221375436,3.738920976117763e-14
2882,stage2_pde_terminal_interface,1882,0.0016523805721687542,0.0002,,0.00012442134977037075,0.5607009992735618,6.946306500973034e-06,0.0015210119538511977,9.620462125830566e-10
2883,stage2_pde_terminal_interface,1883,0.002975443530910329,0.0002,,0.00014730377477407576,0.5281725050643923,1.0127562137388988e-05,0.0028180121939988642,2.192794084789178e-21
2884,stage2_pde_terminal_interface,1884,0.002204328610316872,0.0002,,0.00014962846822465448,0.6501136678339875,1.0172906192436841e-05,0.0020445259705344646,1.2653653159978388e-09
2885,stage2_pde_terminal_interface,1885,0.0015676810625433588,0.0002,,0.0001101422273597348,0.6205179094767649,1.1890219083151346e-05,0.0014456486158192087,2.8126393576193036e-13
2886,stage2_pde_terminal_interface,1886,0.0017230365359889757,0.0002,,9.548111381080781e-05,0.6430586677896768,8.640655987811889e-06,0.001618914766190356,5.823601130793123e-23
2887,stage2_pde_terminal_interface,1887,0.0020033047312911865,0.0002,,0.00017120223900532377,0.5456375818758019,1.3113059101830429e-05,0.0018189894331833154,7.168766741998233e-16
2888,stage2_pde_terminal_interface,1888,0.002169344947104724,0.0002,,0.00013454029124262333,0.4669402068144015,1.173758751227306e-05,0.0020230670683488443,9.837855262329716e-16
2889,stage2_pde_terminal_interface,1889,0.0024717741052352445,0.0002,,0.00010451795110857878,0.6082919139866074,6.321864123306498e-06,0.0023609342900033593,3.193190800410786e-20
2890,stage2_pde_terminal_interface,1890,0.001804430888102835,0.0002,,0.00013678355906770388,0.6141413638959207,1.299733480841426e-05,0.0016546454240147432,4.570211973739847e-09
2891,stage2_pde_terminal_interface,1891,0.0019082255549464926,0.0002,,9.59958816412526e-05,0.5557729525784418,1.0168444385347605e-05,0.0018020612114649148,1.7454977467843676e-11
2892,stage2_pde_terminal_interface,1892,0.0022373940480059644,0.0002,,0.00012695135044014092,0.6081920945124264,7.652455861652206e-06,0.0021027874832008388,2.758503332481031e-09
2893,stage2_pde_terminal_interface,1893,0.0016020880154751665,0.0002,,0.0001140821034749277,0.633385975403863,8.595340623749011e-06,0.0014792864927235655,1.2407865292425656e-07
2894,stage2_pde_terminal_interface,1894,0.0023759471934397015,0.0002,,9.430655570411711e-05,0.6313984866157675,1.115151855214706e-05,0.0022704891191834375,1.0717932277797559e-19
2895,stage2_pde_terminal_interface,1895,0.0040327596187576505,0.0002,,0.00011011640897176027,0.5154565439239867,9.881658289266555e-06,0.0039127615514548,4.1823734173096797e-14
2896,stage2_pde_terminal_interface,1896,0.0018342675209237,0.0002,,0.00012409934995508926,0.5839344255613292,6.59979760346289e-06,0.0017035683733651477,8.209219971089771e-22
2897,stage2_pde_terminal_interface,1897,0.001138026088786175,0.0002,,0.0001253667540427542,0.5725688943217688,1.4113237617151341e-05,0.0009985460960623069,1.063962536032307e-12
2898,stage2_pde_terminal_interface,1898,0.0022792348213274624,0.0002,,0.00013694908964912597,0.577860390251927,1.0651055160300827e-05,0.002131634263926733,4.1259130225348604e-10
2899,stage2_pde_terminal_interface,1899,0.0017325637325728133,0.0002,,0.00012056696204870213,0.5953566128321326,8.90984615680432e-06,0.0016030869243669258,3.8098290303827776e-16
2900,stage2_pde_terminal_interface,1900,0.001885918650342181,0.0002,,9.303835593660732e-05,0.5960889595897457,1.3091409470110973e-05,0.00177978888493546,2.79858392816359e-18
2901,stage2_pde_terminal_interface,1901,0.002689974306349521,0.0002,,0.00011790097643188774,0.569673520525966,1.0599525833764207e-05,0.002561468584863669,5.219220200098976e-09
2902,stage2_pde_terminal_interface,1902,0.002029704733410927,0.0002,,9.624501866690964e-05,0.7031960126351223,1.0840719071336976e-05,0.0019226189956724911,1.891065397509235e-16
2903,stage2_pde_terminal_interface,1903,0.0022122676628637435,0.0002,,0.00014387236943788452,0.6085384432958632,9.903641306542474e-06,0.002058491649342057,2.7772591719477655e-12
2904,stage2_pde_terminal_interface,1904,0.003474571328236308,0.0002,,8.743831420908715e-05,0.5275433932629441,1.150581992215716e-05,0.0033756271941050636,9.25637203779727e-20
2905,stage2_pde_terminal_interface,1905,0.0030288139840746174,0.0002,,0.00012188076623589872,0.5449895547756478,8.882856466217873e-06,0.002898050361372426,7.442772140603135e-17
2906,stage2_pde_terminal_interface,1906,0.0021578458044229283,0.0002,,9.041394559795396e-05,0.5398784627967474,1.0164990211312158e-05,0.0020572668163379403,5.2275721966564705e-11
2907,stage2_pde_terminal_interface,1907,0.002022497897775094,0.0002,,0.00014258368116606875,0.6266594108953686,9.609772506354384e-06,0.0018703044351179251,8.984745746249148e-12
2908,stage2_pde_terminal_interface,1908,0.0023144339830073373,0.0002,,0.00014915926358869154,0.6069061423407299,1.1750240099613805e-05,0.0021535243612154273,1.181036045257405e-10
2909,stage2_pde_terminal_interface,1909,0.002187123994377796,0.0002,,0.00010551515301207654,0.6011777270685857,1.47118686908592e-05,0.002066896926542381,4.613247942429588e-11
2910,stage2_pde_terminal_interface,1910,0.0031780200842215643,0.0002,,0.00016227151751566847,0.5328444409831427,1.3508566136139145e-05,0.0030022399757676775,2.4802079204313045e-11
2911,stage2_pde_terminal_interface,1911,0.0020798506702391743,0.0002,,9.023204547751266e-05,0.5979881693325365,1.0824017690507262e-05,0.001978727040758323,6.75663128316425e-08
2912,stage2_pde_terminal_interface,1912,0.002381379335717811,0.0002,,0.00011490981596333799,0.615238667365106,9.383226893491018e-06,0.0022570862928282445,3.273762821920441e-14
2913,stage2_pde_terminal_interface,1913,0.0013975750442168163,0.0002,,0.00016226255831842327,0.5310114890755825,1.0476557747108258e-05,0.001224835927679938,4.713468420140285e-13
2914,stage2_pde_terminal_interface,1914,0.0020546485539225025,0.0002,,0.00012139936058295868,0.5962412069130933,8.00875197902642e-06,0.0019252404412571735,1.0334380741826158e-13
2915,stage2_pde_terminal_interface,1915,0.002810521664454131,0.0002,,0.00014280677340968042,0.556072935002111,9.507036463792427e-06,0.0026582078545788054,1.8525102674234838e-15
2916,stage2_pde_terminal_interface,1916,0.0016973235155227414,0.0002,,0.00013320510047722177,0.579767378097637,9.239811697518079e-06,0.0015548767607092306,1.8426387709439531e-09
2917,stage2_pde_terminal_interface,1917,0.002182847265439635,0.0002,,0.00010879019585837267,0.6363544053042559,7.915715781452982e-06,0.0020659843494709564,1.5700432885285312e-07
2918,stage2_pde_terminal_interface,1918,0.002087184838899308,0.0002,,0.00013030389273627644,0.7114238153438973,7.538324555608927e-06,0.001949338116028072,4.505579350659818e-09
2919,stage2_pde_terminal_interface,1919,0.0025330292872296966,0.0002,,9.827260480514437e-05,0.5546402104615251,1.210678390260761e-05,0.002422592533962747,5.736455919749728e-08
2920,stage2_pde_terminal_interface,1920,0.0032665982921749217,0.0002,,0.0001186857988680581,0.5104563427586778,1.1928097133327435e-05,0.0031359843961735333,2.9546956903246866e-18
2921,stage2_pde_terminal_interface,1921,0.002088403088494729,0.0002,,0.00017168991477155702,0.6369644506846955,7.088752428802741e-06,0.0019096244212943585,1.0489734460923228e-17
2922,stage2_pde_terminal_interface,1922,0.0027625816204323696,0.0002,,0.0001042467334349514,0.5539881123801582,7.697329642580437e-06,0.002650628780792864,8.776561973777082e-09
2923,stage2_pde_terminal_interface,1923,0.0021030801683239045,0.0002,,0.000170136405706243,0.5979580177053145,9.837545679603263e-06,0.0019231062085197095,8.418348930526978e-12
2924,stage2_pde_terminal_interface,1924,0.0028339797300120165,0.0002,,8.706663865094694e-05,0.6109979562683145,5.405936996350814e-06,0.0027415071543647187,8.970802431456266e-23
2925,stage2_pde_terminal_interface,1925,0.002602450826206253,0.0002,,0.00018394403866259956,0.6674079772117604,7.3462339752039615e-06,0.002411159524558529,1.0290099202900575e-09
2926,stage2_pde_terminal_interface,1926,0.0023699792219678416,0.0002,,0.0001369063152092475,0.6006119544493629,1.321528394241796e-05,0.002219857622816143,3.3381787268966145e-17
2927,stage2_pde_terminal_interface,1927,0.0014959616816078566,0.0002,,0.00010847448028523165,0.5457529663228606,9.883104786992888e-06,0.0013776040731145042,2.3421127866602683e-11
2928,stage2_pde_terminal_interface,1928,0.0026672158088858304,0.0002,,0.00021017896326154078,0.6020752895859454,6.460150814923093e-06,0.0024505766948093666,9.327551157031839e-21
2929,stage2_pde_terminal_interface,1929,0.003073301807826432,0.0002,,0.00025775404295411966,0.6049532738906277,1.0540706890755438e-05,0.002805007057981557,5.681792059372204e-22
2930,stage2_pde_terminal_interface,1930,0.002483452210405239,0.0002,,0.00010060739064862065,0.5336102477680819,1.1283739673378591e-05,0.00237156108008324,2.5217798750751484e-25
2931,stage2_pde_terminal_interface,1931,0.0020880031829490927,0.0002,,0.00013262100834822484,0.5481990282175613,1.2071811970669964e-05,0.00194331036263019,7.976288634536872e-18
2932,stage2_pde_terminal_interface,1932,0.0019621322643690524,0.0002,,0.0001454567370793361,0.6802654897179057,1.0716435370842937e-05,0.0018059590774466806,1.4472193184400146e-11
2933,stage2_pde_terminal_interface,1933,0.0025806506884042714,0.0002,,0.00013222933309182312,0.6220488574094748,1.0459724239851846e-05,0.002437961387787738,2.432848586146347e-10
2934,stage2_pde_terminal_interface,1934,0.0029057601858434624,0.0002,,0.00015068555469323732,0.582513694449284,1.0101906369794483e-05,0.0027449726869690854,3.781134501839724e-11
2935,stage2_pde_terminal_interface,1935,0.0024001063644676734,0.0002,,8.363821380617804e-05,0.551471169968699,7.114658154647767e-06,0.002309353194332762,2.981740855614755e-10
2936,stage2_pde_terminal_interface,1936,0.0018278330067242532,0.0002,,0.00013833711505004928,0.5293837636214335,7.383669472064101e-06,0.0016821122221835289,1.8610990562333533e-14
2937,stage2_pde_terminal_interface,1937,0.003074204007478503,0.0002,,0.00014397432095772497,0.47146207171559656,9.01671839730128e-06,0.0029212061527638636,6.815359613496447e-09
2938,stage2_pde_terminal_interface,1938,0.0022407523052463203,0.0002,,9.856361817173148e-05,0.4928511592140815,1.0182650524162675e-05,0.0021320059573712094,7.917921672000201e-11
2939,stage2_pde_terminal_interface,1939,0.0025419058327547832,0.0002,,0.00014201343914798086,0.5708522484401547,1.140217059345118e-05,0.0023884883411920826,1.881821268714261e-09
2940,stage2_pde_terminal_interface,1940,0.002559368353150915,0.0002,,0.00011334010906814398,0.5830018620158618,8.671777323200953e-06,0.002437356466091349,6.682213236105532e-13
2941,stage2_pde_terminal_interface,1941,0.001972020006639426,0.0002,,0.00012720857400028046,0.5898341334799376,7.804624091730546e-06,0.0018370068084327493,1.146656804175233e-13
2942,stage2_pde_terminal_interface,1942,0.0022149045875117825,0.0002,,0.0001077924534814233,0.5256378395977352,7.759523162148905e-06,0.0020993524404867374,1.7038147265784235e-10
2943,stage2_pde_terminal_interface,1943,0.002305363241509347,0.0002,,0.00010924430154999096,0.5390786010222653,1.1156494586450023e-05,0.002184962445372906,1.3454612803093673e-19
2944,stage2_pde_terminal_interface,1944,0.0021701283771930913,0.0002,,0.0001319128843545255,0.49702011572633426,1.2284960021326383e-05,0.0020259304921239176,4.069332212650454e-11
2945,stage2_pde_terminal_interface,1945,0.0019051895480004797,0.0002,,9.116070316148176e-05,0.607904866352315,1.3155882836203997e-05,0.0018008729620010793,1.7145195789300356e-15
2946,stage2_pde_terminal_interface,1946,0.00186279054348656,0.0002,,8.96516931620083e-05,0.6827727286370903,1.2371244594944658e-05,0.0017607676056236165,1.059904648818164e-13
2947,stage2_pde_terminal_interface,1947,0.002967502670685443,0.0002,,0.00010177414781538646,0.6047419925388418,7.044392371140721e-06,0.0028586840405861666,8.991274931052396e-11
2948,stage2_pde_terminal_interface,1948,0.002631811242490075,0.0002,,0.00014419657223117716,0.5720509695431883,1.2820335725477792e-05,0.002474794333692993,8.404268944718265e-13
2949,stage2_pde_terminal_interface,1949,0.0024360823288805504,0.0002,,0.00011465546257951108,0.554256423977317,9.715483044992402e-06,0.002311711383256039,7.751579922829873e-18
2950,stage2_pde_terminal_interface,1950,0.0020740403031237233,0.0002,,0.00011583305753831274,0.5245633923621501,1.0351850858987464e-05,0.001947855394726423,8.922459418848409e-29
2951,stage2_pde_terminal_interface,1951,0.0024893225557329527,0.0002,,9.484573471879952e-05,0.5133732907481295,1.0158700053697154e-05,0.002384318120960455,1.0824797478120522e-18
2952,stage2_pde_terminal_interface,1952,0.002415880690033409,0.0002,,0.00013922672198317103,0.5735146633849636,8.881176660941537e-06,0.0022677727913892765,2.0136167825080152e-17
2953,stage2_pde_terminal_interface,1953,0.0018879007700525574,0.0002,,0.00014266882809109774,0.5309104697148944,1.5923161227209368e-05,0.0017293087807179264,1.6323840265861587e-14
2954,stage2_pde_terminal_interface,1954,0.002222508853555935,0.0002,,0.00011626086547986227,0.5600067679456108,7.311048695564604e-06,0.0020989358186295454,1.120750962565907e-09
2955,stage2_pde_terminal_interface,1955,0.002559992692916542,0.0002,,0.00013128900809970562,0.559582649654715,1.490335977259647e-05,0.00241380032504424,2.9468617969978505e-21
2956,stage2_pde_terminal_interface,1956,0.0023863763999099766,0.0002,,0.00022977885587865076,0.6095925863937757,7.957291779561662e-06,0.002148640252251764,2.3526651140203824e-23
2957,stage2_pde_terminal_interface,1957,0.002075649230660295,0.0002,,0.00011435920520044479,0.5575710870041377,1.263496005421109e-05,0.0019486550622969795,3.1086595781923997e-12
2958,stage2_pde_terminal_interface,1958,0.0016642893072930133,0.0002,,0.00015371019446893273,0.6362064348353615,7.741309376015314e-06,0.0015028378034480652,9.839501285983402e-26
2959,stage2_pde_terminal_interface,1959,0.002412904369162713,0.0002,,0.00010363829653346269,0.6082109811948722,1.1405315674696635e-05,0.002297860756954554,8.67528834257223e-22
2960,stage2_pde_terminal_interface,1960,0.0014810942125935724,0.0002,,8.701136963726773e-05,0.6565096522819193,9.716742262984012e-06,0.0013843661006933206,7.06955338165316e-23
2961,stage2_pde_terminal_interface,1961,0.0030441322858805204,0.0002,,9.134774617826355e-05,0.6171982323224358,1.2432472544617328e-05,0.002940332608920752,1.945823688778673e-08
2962,stage2_pde_terminal_interface,1962,0.0025407194042226756,0.0002,,0.00012814157873309245,0.5297859893959646,1.2199940854121418e-05,0.0024003778846349534,5.082241952282849e-16
2963,stage2_pde_terminal_interface,1963,0.002263943192619295,0.0002,,0.00014440707967356488,0.6169083082287856,1.607226941324793e-05,0.0021034638435324356,4.6989315579053185e-17
2964,stage2_pde_terminal_interface,1964,0.002377894124084017,0.0002,,0.00011877818263996624,0.5699861650263787,8.434828863672114e-06,0.0022506811125577635,2.2615238016128086e-14
2965,stage2_pde_terminal_interface,1965,0.002748669696980059,0.0002,,0.00021536388451070282,0.54071397837883,1.0023317943016316e-05,0.002523282491416439,3.1099008686167963e-12
2966,stage2_pde_terminal_interface,1966,0.0016724427553984754,0.0002,,0.00012483938606729894,0.6481573303247837,9.705975247226034e-06,0.001537897104937123,2.891468273052279e-10
2967,stage2_pde_terminal_interface,1967,0.0027600687266329626,0.0002,,0.00024910481783897096,0.5726179716348293,1.0353123816577026e-05,0.002500610784975212,2.2025513983551138e-15
2968,stage2_pde_terminal_interface,1968,0.0031049207482202646,0.0002,,9.886845121422008e-05,0.6325032610237522,1.3907787570258224e-05,0.0029921445094357366,4.943104088174522e-17
2969,stage2_pde_terminal_interface,1969,0.002094846463957586,0.0002,,0.00015990764258793535,0.6421670156626298,8.46904146266201e-06,0.0019264697794964495,4.105394355274145e-13
2970,stage2_pde_terminal_interface,1970,0.002500902843225517,0.0002,,0.00011243424966591391,0.6123254252039196,1.4783221420768101e-05,0.002373685372138835,1.2168569524443112e-19
2971,stage2_pde_terminal_interface,1971,0.0015000328347061981,0.0002,,0.00011762151124956271,0.5186388790001957,7.899130009911533e-06,0.0013745121601049298,3.334179418191832e-11
2972,stage2_pde_terminal_interface,1972,0.0016600843919039006,0.0002,,0.00015294634307997428,0.5727791050840744,1.2092856487707661e-05,0.0014950254095434832,1.9782792735448776e-08
2973,stage2_pde_terminal_interface,1973,0.0024404028836814127,0.0002,,0.0001421186814564013,0.55778925658266,8.948409332443983e-06,0.0022893357928925676,5.692495821345037e-22
2974,stage2_pde_terminal_interface,1974,0.0021404333694280725,0.0002,,0.0001008982012069445,0.5828122034103358,1.1233134478966807e-05,0.0020283020198021925,1.3939968326956858e-11
2975,stage2_pde_terminal_interface,1975,0.0025600324613227823,0.0002,,0.00010952715864526148,0.5849706053259303,1.2167637058486171e-05,0.0024383376656190348,1.9920472759815872e-19
2976,stage2_pde_terminal_interface,1976,0.0021448272974391364,0.0002,,0.0001294760056226735,0.5889198145575061,1.2089979548614438e-05,0.0020032613122677166,1.3196596963089727e-16
2977,stage2_pde_terminal_interface,1977,0.00261924400941921,0.0002,,0.0001133188597040522,0.5669178837531983,7.646816902505777e-06,0.002498275853063164,2.479749488193831e-09
2978,stage2_pde_terminal_interface,1978,0.0023532372513236236,0.0002,,0.00011975368686323147,0.5982590902973101,9.075111517057923e-06,0.0022244082342754165,2.1866791773257929e-10
2979,stage2_pde_terminal_interface,1979,0.001963291247528602,0.0002,,9.205220749556876e-05,0.57431624243984,1.3565800027732348e-05,0.0018576732400052496,5.112197990472171e-17
2980,stage2_pde_terminal_interface,1980,0.002260526701422907,0.0002,,0.00014302914719691116,0.6224466141231836,9.244282349191943e-06,0.002108253271876802,1.555831001270825e-18
2981,stage2_pde_terminal_interface,1981,0.0020777959984659192,0.0002,,0.00012856636834445586,0.5650287448469445,1.2295173413712164e-05,0.0019369344566956364,1.211490136527565e-14
2982,stage2_pde_terminal_interface,1982,0.0020966873190559135,0.0002,,8.498143187008302e-05,0.5419720831571773,9.934883125350265e-06,0.0020017710040604797,6.405341438390376e-19
2983,stage2_pde_terminal_interface,1983,0.002427754589652651,0.0002,,0.00017566974187151527,0.6135745427417811,1.0233542877371666e-05,0.002241851304903189,5.748699468181008e-16
2984,stage2_pde_terminal_interface,1984,0.001997315109277884,0.0002,,0.00014513366119968597,0.5331507625106737,1.14504552455453e-05,0.0018407309925195956,3.130569561389328e-13
2985,stage2_pde_terminal_interface,1985,0.0028378127934411417,0.0002,,0.000107127420934625,0.5413749167230695,7.506697564145022e-06,0.0027231786749423717,2.598368295155686e-21
2986,stage2_pde_terminal_interface,1986,0.001993933007907824,0.0002,,0.00015951921683376652,0.6179917749023055,1.1658896737821212e-05,0.001822490768960735,2.64125375500976e-07
2987,stage2_pde_terminal_interface,1987,0.002013619517994456,0.0002,,8.466839213633033e-05,0.5876006761608231,1.0657286508998722e-05,0.001918293838636901,7.122258660205339e-13
2988,stage2_pde_terminal_interface,1988,0.0029821110292682185,0.0002,,0.0001857988824242129,0.5783562832093163,9.797905696111243e-06,0.0027865142409662,1.8169447954655168e-13
2989,stage2_pde_terminal_interface,1989,0.0022533672795162674,0.0002,,0.00015583205027844754,0.5760287698509597,7.784030382666825e-06,0.002089730673929626,2.052492552738798e-08
2990,stage2_pde_terminal_interface,1990,0.002060122904010398,0.0002,,0.00012733736551685305,0.5286811925961481,1.2170548418011111e-05,0.0019206149900755337,2.943200800318619e-25
2991,stage2_pde_terminal_interface,1991,0.0018362778544751663,0.0002,,0.00016083300745527298,0.5827530983966887,1.2376464799908502e-05,0.0016630683822175668,2.4178898477521392e-15
2992,stage2_pde_terminal_interface,1992,0.0019421017598117447,0.0002,,9.288713044478526e-05,0.5115446644311152,6.2421053079656055e-06,0.0018429725240228455,3.61482343891272e-14
2993,stage2_pde_terminal_interface,1993,0.0017462884883836989,0.0002,,0.0001400650756814967,0.5918769584682406,4.1506219598655045e-06,0.0016020489278762268,2.3862866109664277e-08
2994,stage2_pde_terminal_interface,1994,0.002215583234407202,0.0002,,0.00022669550620661619,0.6226439698005082,6.371273357769436e-06,0.0019825164548191976,2.361856776019161e-14
2995,stage2_pde_terminal_interface,1995,0.0022279262907303494,0.0002,,0.00018528913361607615,0.5894885124365239,9.14181168279762e-06,0.0020334953454314757,1.681966681132271e-26
2996,stage2_pde_terminal_interface,1996,0.0020899913975898883,0.0002,,0.00016808040015596672,0.6534115184726536,1.1321852201461731e-05,0.001910589131495854,1.3736605858098804e-11
2997,stage2_pde_terminal_interface,1997,0.0017989300839751545,0.0002,,0.00010864364781049914,0.618522037625351,7.536241429796106e-06,0.001682750194727948,6.911268264178891e-15
2998,stage2_pde_terminal_interface,1998,0.0019350155340713952,0.0002,,7.214497316308798e-05,0.5435255546054284,7.474015687565517e-06,0.0018553946259827004,1.919238041366028e-09
2999,stage2_pde_terminal_interface,1999,0.001861137194988702,0.0002,,0.0001966587530097193,0.6213608951211296,7.155306645962926e-06,0.0016573221132346343,1.0220983855235443e-09
3000,stage2_pde_terminal_interface,2000,0.002237099094238245,0.0002,,0.0001559345301315773,0.6911390924506782,1.0007683797935708e-05,0.0020711568802873168,2.1415276470213587e-14
3001,stage2_pde_terminal_interface,2001,0.002436066875525821,0.0002,,0.00016578668747386274,0.6493805954387446,1.1503985996166561e-05,0.002258776202047484,8.307605424457036e-15
3002,stage2_pde_terminal_interface,2002,0.0014132011506962502,0.0002,,0.000124798621683379,0.6024806062795206,1.1018653006423437e-05,0.001277383876006411,3.656702037900897e-17
3003,stage2_pde_terminal_interface,2003,0.002022663170600777,0.0002,,0.00012571752979993956,0.566006563991161,1.1345555503267955e-05,0.0018856000445595014,4.073806820243228e-11
3004,stage2_pde_terminal_interface,2004,0.001986936955172165,0.0002,,9.886544131293675e-05,0.666811124510613,5.607814143639909e-06,0.001882463699606208,1.0938000414221942e-13
3005,stage2_pde_terminal_interface,2005,0.0018090630866363303,0.0002,,0.0001444230514152485,0.5146158906502835,9.036619127399455e-06,0.0016556034160286046,6.507767729272235e-14
3006,stage2_pde_terminal_interface,2006,0.0023503948698079726,0.0002,,0.00014227927706960935,0.674241219721445,8.41009182097678e-06,0.0021997055009173863,2.562309027165654e-24
3007,stage2_pde_terminal_interface,2007,0.001917910687667528,0.0002,,0.00011736563263332889,0.5533279362201261,1.310214263158665e-05,0.0017874429123805992,2.2013126193570428e-14
3008,stage2_pde_terminal_interface,2008,0.0020007391415834304,0.0002,,0.00010747461610175751,0.5494871288937874,8.877645192806379e-06,0.001884386880242018,4.684818893289361e-14
3009,stage2_pde_terminal_interface,2009,0.0020966230966549568,0.0002,,0.0001245280579675665,0.5804541611163327,9.637990219867372e-06,0.0019624570484675155,7.383867950430494e-18
3010,stage2_pde_terminal_interface,2010,0.0012799375025928713,0.0002,,0.0001722651860495259,0.5547927297749972,7.676097847070343e-06,0.0010999962186381575,5.811761986685152e-14
3011,stage2_pde_terminal_interface,2011,0.0019412790357494266,0.0002,,0.00013879403726552023,0.5327615933756071,9.625332271223916e-06,0.001792859666212624,5.83079630344694e-17
3012,stage2_pde_terminal_interface,2012,0.0014799945523464501,0.0002,,0.00011673870542689431,0.5887242925179788,8.413599350380938e-06,0.0013548421904058115,5.7163363290111733e-11
3013,stage2_pde_terminal_interface,2013,0.002238776369156586,0.0002,,0.0001758115355319583,0.5794503893086508,1.2459102176239217e-05,0.002050495179693573,1.0551754815630548e-08
3014,stage2_pde_terminal_interface,2014,0.002088163758010826,0.0002,,0.00018714957442883762,0.6018317163545399,7.93602819838868e-06,0.0018930772738695017,8.81514098110787e-10
3015,stage2_pde_terminal_interface,2015,0.0021464815049073004,0.0002,,0.00011052408080364278,0.6003258581876482,6.141723334877544e-06,0.0020298156965838365,4.184943818606866e-12
3016,stage2_pde_terminal_interface,2016,0.0016404057483987375,0.0002,,0.00011437044416246808,0.5468023550904247,1.1035898534146026e-05,0.0015149994036207472,2.0813760167753988e-12
3017,stage2_pde_terminal_interface,2017,0.00204607686724436,0.0002,,0.00013175945020244613,0.5176632174153463,8.401641693869698e-06,0.0019059157659616591,9.386385331366408e-12
3018,stage2_pde_terminal_interface,2018,0.0017911970205997394,0.0002,,7.522570117560713e-05,0.5258912232397587,9.122920573141229e-06,0.001706848398850991,1.9136723606809562e-20
3019,stage2_pde_terminal_interface,2019,0.0020274948769679947,0.0002,,0.0001237899222940978,0.5524350962032256,1.0633827865315486e-05,0.0018930711267810085,2.7572919045761327e-14
3020,stage2_pde_terminal_interface,2020,0.0016397529212822564,0.0002,,0.00010834692809343698,0.49976080619622654,7.917096217493653e-06,0.0015234876683034937,1.2286678319557899e-09
3021,stage2_pde_terminal_interface,2021,0.0028539737489100218,0.0002,,0.00010559725718911777,0.5713958539596936,1.3932718242754481e-05,0.0027344309995311535,1.2773946996296534e-08
3022,stage2_pde_terminal_interface,2022,0.0020501545857960356,0.0002,,0.00013916420854669497,0.5334183078909175,7.464735617278534e-06,0.0019035256416320612,6.955774195649368e-19
3023,stage2_pde_terminal_interface,2023,0.0020046577059402,0.0002,,0.00017857368252214743,0.5736503195834025,8.239868464251648e-06,0.001817844140414196,1.4539604854998968e-11
3024,stage2_pde_terminal_interface,2024,0.0015971122418382158,0.0002,,0.00013241326383739137,0.5858077347502789,1.2491715242323025e-05,0.0014522072627585014,5.946909437730836e-21
3025,stage2_pde_terminal_interface,2025,0.001931312371732988,0.0002,,9.468082398475114e-05,0.558866668181691,1.0645521300148367e-05,0.0018259855245601688,5.018879199045077e-10
3026,stage2_pde_terminal_interface,2026,0.002415105672335594,0.0002,,0.00022793826400964543,0.5828759388510214,1.3570371151636548e-05,0.002173596180420292,8.567540199872361e-10
3027,stage2_pde_terminal_interface,2027,0.0017382896538604942,0.0002,,0.00018184742176506928,0.5964153704898656,1.1499045881973355e-05,0.001544943184492173,1.7212784152401285e-12
3028,stage2_pde_terminal_interface,2028,0.00327703817972862,0.0002,,0.00012368963949545953,0.4869437307561878,6.931185849815209e-06,0.0031464173369547344,1.742861082756891e-11
3029,stage2_pde_terminal_interface,2029,0.002213282188280349,0.0002,,0.00017459152502637332,0.6958274287143151,1.01786267889893e-05,0.002028512036457535,7.45125218796402e-15
3030,stage2_pde_terminal_interface,2030,0.002130648350291326,0.0002,,0.00013636038721012494,0.6209754681645852,1.0364624653975573e-05,0.0019839233384272253,1.0551856492514983e-19
3031,stage2_pde_terminal_interface,2031,0.0018139029057923008,0.0002,,8.683628616749719e-05,0.6114771203740617,6.377722529791928e-06,0.001720688897095008,3.6087623903673356e-18
3032,stage2_pde_terminal_interface,2032,0.001916278416546622,0.0002,,0.00010429382887724309,0.5997346842089595,9.372200846879556e-06,0.0018026123868219817,5.179171645987683e-16
3033,stage2_pde_terminal_interface,2033,0.0018561839446167964,0.0002,,0.00021987552294276265,0.5240652885006268,7.801228861444966e-06,0.0016285071928125888,8.149383137282249e-21
3034,stage2_pde_terminal_interface,2034,0.00198233202686458,0.0002,,0.00016113146380800178,0.5968503568253909,4.675090664938539e-06,0.0018165254723916395,2.4481695454856195e-21
3035,stage2_pde_terminal_interface,2035,0.0025570318127181688,0.0002,,8.943459691653234e-05,0.5066490747737876,9.532492163200307e-06,0.0024580647236384363,9.455338857901334e-21
3036,stage2_pde_terminal_interface,2036,0.002670428008348056,0.0002,,0.00010571349248685621,0.6159106754015629,9.050830575038008e-06,0.0025556583188205218,5.36646563982079e-09
3037,stage2_pde_terminal_interface,2037,0.0027048814596036586,0.0002,,0.00015772176830394823,0.5809271323769793,1.1359431455568115e-05,0.0025358002598441422,1.5238948872486029e-21
3038,stage2_pde_terminal_interface,2038,0.0027287571083519824,0.0002,,0.0001399131686712214,0.634040166808385,1.3015904649397185e-05,0.0025758280350313195,4.4234031685854e-17
3039,stage2_pde_terminal_interface,2039,0.0026973244431724047,0.0002,,0.00020689532198479933,0.552305400904669,8.94044148628279e-06,0.0024814882808359123,3.988654103276297e-10
3040,stage2_pde_terminal_interface,2040,0.0018954886594518938,0.0002,,0.0002356631171606577,0.5297773364205153,1.1239491487647122e-05,0.0016485860508035524,3.6550373317303924e-17
3041,stage2_pde_terminal_interface,2041,0.00243394278886399,0.0002,,0.00014243101592747103,0.6134529015341674,1.3182032981179794e-05,0.002278329739954823,5.160533892212647e-16
3042,stage2_pde_terminal_interface,2042,0.002395974140721795,0.0002,,0.00012383673620231805,0.678518072627005,1.0614318054253075e-05,0.0022615230864652235,1.8751728219824392e-30
3043,stage2_pde_terminal_interface,2043,0.001919800556458678,0.0002,,0.0001358658944162705,0.6532523800736381,8.10395270511528e-06,0.0017758307093372922,1.6011884322868614e-30
3044,stage2_pde_terminal_interface,2044,0.0018034204776973494,0.0002,,0.0001740457557756406,0.6040494417214636,9.921332532405424e-06,0.001619453389387401,1.90240557354026e-15
3045,stage2_pde_terminal_interface,2045,0.002388703681262653,0.0002,,0.00012747104237905744,0.5638220955888602,1.1299679901222438e-05,0.0022499249480052177,8.010977155335014e-09
3046,stage2_pde_terminal_interface,2046,0.001893274314072745,0.0002,,0.00013948737590878846,0.5307868440436564,7.27063908203915e-06,0.0017465162990819125,4.6884826398365164e-18
3047,stage2_pde_terminal_interface,2047,0.0024387607350719732,0.0002,,0.00010157741610520824,0.5831006181768515,1.09688878900736e-05,0.002326214430867797,2.0889473195321402e-13
3048,stage2_pde_terminal_interface,2048,0.001260165819723378,0.0002,,0.00010448131203918479,0.5291448930465937,1.3022604625906362e-05,0.0011426619030582867,1.6272306351177048e-19
3049,stage2_pde_terminal_interface,2049,0.0018685330566022254,0.0002,,0.00013718971745377956,0.5385074555426524,6.730394981639623e-06,0.0017246129441668063,1.1630388372087155e-22
3050,stage2_pde_terminal_interface,2050,0.0021942865183833234,0.0002,,0.00016260138310097066,0.4691921020713301,1.1323784425232201e-05,0.0020203603418093978,1.0090477231811591e-09
3051,stage2_pde_terminal_interface,2051,0.0033266069116625594,0.0002,,0.00016960517168335108,0.5218077764146231,1.1400821984059102e-05,0.0031456009179938026,1.3465026841835722e-15
3052,stage2_pde_terminal_interface,2052,0.0018857905842193418,0.0002,,0.0001110759782916296,0.536228832324244,7.838501676721495e-06,0.0017668761042509908,6.769343846165471e-20
3053,stage2_pde_terminal_interface,2053,0.0025856817843247716,0.0002,,0.00021216547482282076,0.6485681216599315,9.913431005026557e-06,0.0023634976012677903,1.0527722913419112e-07
3054,stage2_pde_terminal_interface,2054,0.0017510144016130906,0.0002,,0.0001090285090683033,0.49536400623357,7.443978722527749e-06,0.001634541846989118,6.68331417186713e-11
3055,stage2_pde_terminal_interface,2055,0.0019522219073467566,0.0002,,9.804129044731646e-05,0.5869370915210438,9.30845821413378e-06,0.0018448721586853064,7.467457285469703e-21
3056,stage2_pde_terminal_interface,2056,0.0018061396704121564,0.0002,,0.00013189292348329717,0.6282091243441638,1.1908680286233573e-05,0.0016623365048918093,1.5617508163623178e-09
3057,stage2_pde_terminal_interface,2057,0.002141001499989721,0.0002,,0.0001084556868875668,0.5026688722623187,6.31834809556164e-06,0.0020262274649781795,2.8413063853839027e-14
3058,stage2_pde_terminal_interface,2058,0.0019234967444813032,0.0002,,0.00013544264113541624,0.5396285369488482,9.62120328243284e-06,0.0017784329000634543,7.14661466510197e-21
3059,stage2_pde_terminal_interface,2059,0.002938163694094374,0.0002,,0.00010804320142137948,0.6296991307143532,9.340345501548345e-06,0.0028207801471443455,2.7100601987144415e-14
3060,stage2_pde_terminal_interface,2060,0.002182426761494277,0.0002,,0.00014375918141257393,0.7112014977973893,9.715944646766657e-06,0.002028951635384966,4.996989608217155e-14
3061,stage2_pde_terminal_interface,2061,0.00211685347045679,0.0002,,0.00013943683594071603,0.6726258881569718,1.2963444314459392e-05,0.001964354431139627,9.875906198756417e-08
3062,stage2_pde_terminal_interface,2062,0.002345301488347682,0.0002,,0.00015538252709399055,0.5445956000225254,1.1556024766947518e-05,0.0021783624899243768,4.4656236686474587e-10
3063,stage2_pde_terminal_interface,2063,0.0018268273850118282,0.0002,,0.00011354086369769003,0.5712892142082261,1.0874976049786677e-05,0.0017024056804939992,5.864770352351986e-09
3064,stage2_pde_terminal_interface,2064,0.002122331017200866,0.0002,,0.00019724369103211025,0.5320146721500254,1.1327711735046103e-05,0.0019137596141122811,3.214287492911106e-13
3065,stage2_pde_terminal_interface,2065,0.001706711470189789,0.0002,,0.00016422316267254732,0.5051999030502865,7.403053423819168e-06,0.0015350852540183134,7.510914869774354e-14
3066,stage2_pde_terminal_interface,2066,0.0022417362436058467,0.0002,,0.0001440597319057544,0.4643180556425868,7.934655999050967e-06,0.0020897418549920017,7.090397082091672e-13
3067,stage2_pde_terminal_interface,2067,0.001390440997639988,0.0002,,8.831973646600278e-05,0.5164921987694816,1.129343314779021e-05,0.001290822790884045,5.037142150084925e-09
3068,stage2_pde_terminal_interface,2068,0.0025939920635008394,0.0002,,0.0001341347613544802,0.625105045988263,1.3894869691367184e-05,0.002445962426686938,5.768053964997142e-12
3069,stage2_pde_terminal_interface,2069,0.0022855513786787475,0.0002,,0.00014270692337996807,0.690464561837286,1.3422529525805438e-05,0.002129409691225629,1.2234547344710616e-08
3070,stage2_pde_terminal_interface,2070,0.0020468648768131323,0.0002,,0.00015384088808258572,0.4870149082559134,7.72774162248879e-06,0.0018852962469389565,1.6910145100700062e-13
3071,stage2_pde_terminal_interface,2071,0.002267064859714319,0.0002,,0.00014842743719468786,0.617425622706726,6.549882692153718e-06,0.0021120870039710474,5.358564297978162e-10
3072,stage2_pde_terminal_interface,2072,0.0020359675060251637,0.0002,,0.00012053382936115658,0.5174027913112008,6.8684759508606335e-06,0.0019085645768123153,6.239008310621073e-10
3073,stage2_pde_terminal_interface,2073,0.0019942987258803188,0.0002,,0.0001254979185640416,0.5774807718515446,9.695162311514001e-06,0.0018591056448838915,1.2087171636547854e-13
3074,stage2_pde_terminal_interface,2074,0.0025156293744525433,0.0002,,0.00013117111362087017,0.6402910636866626,9.488320000167169e-06,0.002374958013193794,1.1927637711568633e-08
3075,stage2_pde_terminal_interface,2075,0.001602964345675684,0.0002,,0.00014048241979652527,0.5673448358083377,1.0188622126944116e-05,0.001452293298371555,5.380659551006275e-12
3076,stage2_pde_terminal_interface,2076,0.0019896173581923256,0.0002,,0.00015407935152952958,0.6028361217289898,1.0190298045060419e-05,0.0018253475840778203,1.2453991537089662e-10
3077,stage2_pde_terminal_interface,2077,0.00195605507435733,0.0002,,0.00014981178622791496,0.5920694977682212,7.831754219046695e-06,0.0017984114800265187,5.3883849557869434e-11
3078,stage2_pde_terminal_interface,2078,0.00202136465334594,0.0002,,0.00013615289185555114,0.5690782944622831,1.4237153574051184e-05,0.001870974606003134,1.9132039781249896e-12
3079,stage2_pde_terminal_interface,2079,0.0032625522260535064,0.0002,,0.00017935597178740258,0.6852287901323226,7.996763226310329e-06,0.003075199282620102,2.0841969143149995e-10
3080,stage2_pde_terminal_interface,2080,0.002067840367150391,0.0002,,0.00013287105529084873,0.568338557866051,8.63613437948357e-06,0.0019263331574278415,2.0052217261266824e-11
3081,stage2_pde_terminal_interface,2081,0.0021959163237128985,0.0002,,0.00028848128409663705,0.5888609274004007,8.939450863807935e-06,0.0018984955887500808,2.3726906837159042e-15
3082,stage2_pde_terminal_interface,2082,0.0022913127217523903,0.0002,,0.00011353124013663242,0.6015045672625314,9.068101371726257e-06,0.002168713340185734,4.005829768457185e-11
3083,stage2_pde_terminal_interface,2083,0.0017757058176099236,0.0002,,0.00010281693530006517,0.550495109408637,1.2032540487836801e-05,0.0016608563418220215,1.9631315411264248e-19
3084,stage2_pde_terminal_interface,2084,0.0017948945166972553,0.0002,,8.357976211722251e-05,0.6508560036888872,9.639454531232416e-06,0.0017016752996921879,3.566125006719178e-13
3085,stage2_pde_terminal_interface,2085,0.00185211629020742,0.0002,,0.0001762048189544399,0.5706618039163468,1.1564782968632239e-05,0.0016643466882843396,8.32834097035198e-18
3086,stage2_pde_terminal_interface,2086,0.0022721232341808024,0.0002,,0.00014415000260875046,0.5723573135391488,8.24238608736867e-06,0.0021197308454846834,7.359890264228091e-21
3087,stage2_pde_terminal_interface,2087,0.0025924405009519597,0.0002,,0.00018701823460320633,0.5213136165170082,9.422988070216534e-06,0.0023959992782778346,7.019621086057416e-16
3088,stage2_pde_terminal_interface,2088,0.0018234658926114154,0.0002,,0.00012883329799008144,0.6202534357904675,1.1336341491476557e-05,0.0016832792008520093,1.7052277848077423e-08
3089,stage2_pde_terminal_interface,2089,0.0018014273581516897,0.0002,,0.0001503256496837067,0.6080411816652626,7.885705554663417e-06,0.0016432160029132888,3.088883551230807e-17
3090,stage2_pde_terminal_interface,2090,0.0026829462812093742,0.0002,,0.00015050115673385115,0.5344487462680089,1.0361774423584736e-05,0.0025220833500519384,7.819593131714654e-20
3091,stage2_pde_terminal_interface,2091,0.0019185024307991955,0.0002,,8.549180822646951e-05,0.5874658343098279,1.0439011117112669e-05,0.0018225716114413269,1.4286213286491115e-14
3092,stage2_pde_terminal_interface,2092,0.002692006648437287,0.0002,,0.0001547635254160498,0.6611358261605764,9.889760991263443e-06,0.0025272540130305515,9.934899942251906e-08
3093,stage2_pde_terminal_interface,2093,0.0022176746427361948,0.0002,,0.0001356286451011621,0.6445840032372242,1.1256927415943455e-05,0.0020707890702190888,3.0616124654661564e-19
3094,stage2_pde_terminal_interface,2094,0.002600030603790498,0.0002,,0.00010582614671272088,0.5246793672112758,1.0243372583268342e-05,0.002483961083643547,8.509617783074001e-13
3095,stage2_pde_terminal_interface,2095,0.002075776733726144,0.0002,,8.265084403442799e-05,0.551737464983383,1.0882088147934486e-05,0.0019822421820394577,1.6195043239405733e-09
3096,stage2_pde_terminal_interface,2096,0.0023386447180556882,0.0002,,0.0001660130919842089,0.5943921950254283,1.0060843005160671e-05,0.0021625707830663188,4.872328566946738e-25
3097,stage2_pde_terminal_interface,2097,0.0017122403121776545,0.0002,,0.00012790566644863368,0.5443036727161406,1.0122264271410327e-05,0.0015742123814576105,2.9586419702024695e-27
3098,stage2_pde_terminal_interface,2098,0.0019704630385396203,0.0002,,9.203608290272245e-05,0.5732781842119229,1.6462667592610976e-05,0.0018619642879901465,5.4140288511268965e-14
3099,stage2_pde_terminal_interface,2099,0.002040608687506414,0.0002,,0.00013924240837981188,0.6153702189595412,1.0434817106592458e-05,0.0018909314620181997,1.8098107898977498e-15
3100,stage2_pde_terminal_interface,2100,0.00237918866565122,0.0002,,9.337881189380808e-05,0.5120388443274182,1.3462232969677039e-05,0.002272347620641878,1.458567789819154e-13
3101,stage2_pde_terminal_interface,2101,0.0025939391805001157,0.0002,,0.00011343382764347571,0.6562738085431173,9.693335727953715e-06,0.0024708070684102607,4.948718425584674e-09
3102,stage2_pde_terminal_interface,2102,0.0018820349744015478,0.0002,,0.00012242900209359119,0.6023023524127689,1.2519522208943414e-05,0.0017470864500990127,6.177550316709361e-19
3103,stage2_pde_terminal_interface,2103,0.0019375199679801485,0.0002,,0.0001313057279484516,0.5324930311534888,1.2833370664113195e-05,0.0017933581468527178,2.272251486596026e-08
3104,stage2_pde_terminal_interface,2104,0.0020140610990863825,0.0002,,0.00012713923211303172,0.5615276714960373,1.2498486472741452e-05,0.00187439571375961,2.7666740999100867e-08
3105,stage2_pde_terminal_interface,2105,0.002414562577286415,0.0002,,0.00018154548097205035,0.5557477043551124,1.1056955957993802e-05,0.0022219600997642566,4.059211411706103e-11
3106,stage2_pde_terminal_interface,2106,0.0030560969003577557,0.0002,,0.0002089675360072375,0.5969660960880935,8.090779007932955e-06,0.00283903672340928,1.861933304900331e-09
3107,stage2_pde_terminal_interface,2107,0.0019063414952949866,0.0002,,0.00013420035550065244,0.6253056665467903,8.279970595933296e-06,0.0017638575338111183,3.635387282615112e-09
3108,stage2_pde_terminal_interface,2108,0.0020015792547546946,0.0002,,0.00011009871995883364,0.5668466428742284,9.130783378832834e-06,0.0018823497514170253,2.546180983815741e-18
3109,stage2_pde_terminal_interface,2109,0.00409618279842113,0.0002,,0.0002531037121876932,0.6217706545592996,1.3565650965788384e-05,0.003829428987684639,8.444758300880293e-08
3110,stage2_pde_terminal_interface,2110,0.004703650449747753,0.0002,,0.00015344141058979506,0.5980525484785657,8.134575667082299e-06,0.004542041524538627,3.293895224893359e-08
3111,stage2_pde_terminal_interface,2111,0.002552255958975407,0.0002,,0.00011460470140471697,0.5134230011984303,8.155774195086917e-06,0.002429466212349565,2.927102603829972e-08
3112,stage2_pde_terminal_interface,2112,0.002307551490585663,0.0002,,8.851747762536022e-05,0.5435799354194242,1.1345656382988133e-05,0.002207688355676611,9.007037595021927e-13
3113,stage2_pde_terminal_interface,2113,0.0022303560499239055,0.0002,,0.00013809230679134085,0.49709055539331026,1.106836774063366e-05,0.0020811950501031834,3.2528874748351287e-10
3114,stage2_pde_terminal_interface,2114,0.0020581050663739937,0.0002,,0.0001615966739854678,0.6316955584605831,9.531138358930191e-06,0.0018869772540295957,1.828700714272211e-20
3115,stage2_pde_terminal_interface,2115,0.0028799628317971726,0.0002,,0.00011677942546189556,0.5505359031232555,9.682500431935447e-06,0.002753500905265966,6.373758518034293e-13
3116,stage2_pde_terminal_interface,2116,0.0021354939974712254,0.0002,,0.00011240533949773333,0.6531158318296324,1.2145430007850497e-05,0.0020109431953721996,3.259344185354567e-11
3117,stage2_pde_terminal_interface,2117,0.0016983629523203256,0.0002,,9.906772498087976e-05,0.5868168068700985,1.056245882974788e-05,0.001588732768509698,3.202381301731762e-25
3118,stage2_pde_terminal_interface,2118,0.0033124951909507226,0.0002,,0.00010041405993442825,0.6394859620834272,1.0459521242158433e-05,0.0032016186292613187,2.9805128174335785e-09
3119,stage2_pde_terminal_interface,2119,0.0021094689910915294,0.0002,,0.00010299229912088959,0.6842727914977983,7.278672122780122e-06,0.001999198016944394,2.9034655145111994e-12
3120,stage2_pde_terminal_interface,2120,0.0018618636648570313,0.0002,,9.734555635345916e-05,0.5586866064217851,1.1672009065412601e-05,0.0017528415197883074,4.579649852044961e-09
3121,stage2_pde_terminal_interface,2121,0.002476861926105004,0.0002,,8.900629360602696e-05,0.5406779323072826,9.45028305495994e-06,0.0023783939152831465,1.14341608702838e-08
3122,stage2_pde_terminal_interface,2122,0.001804270563654407,0.0002,,0.0001441176238722407,0.6077585970880464,7.883886168363327e-06,0.0016522432037355864,2.5849878216404776e-08
3123,stage2_pde_terminal_interface,2123,0.0020035793716589177,0.0002,,0.00013367871951034695,0.49001374864891334,1.3019108575323849e-05,0.0018568815159968803,2.7576366737278044e-11
3124,stage2_pde_terminal_interface,2124,0.002080328142617483,0.0002,,0.00017214961308230833,0.5698889409100503,8.740955232323994e-06,0.0018994374022290733,1.7207377733718576e-10
3125,stage2_pde_terminal_interface,2125,0.0020424467667875305,0.0002,,0.00013664690480604403,0.6092295928382955,1.2450706627252343e-05,0.0018933491553542342,6.691421731849638e-28
3126,stage2_pde_terminal_interface,2126,0.0016133864100973826,0.0002,,0.00011208421993949101,0.5233490697193378,1.0423201165529125e-05,0.0014908789889863734,5.9889207025508206e-15
3127,stage2_pde_terminal_interface,2127,0.0014958359363461675,0.0002,,0.0001749128928986048,0.5441202373478887,1.2687334796447732e-05,0.0013082357049247835,3.726331447041138e-12
3128,stage2_pde_terminal_interface,2128,0.0017681957512247573,0.0002,,0.0001602563048511747,0.6067881719414011,8.698863412238006e-06,0.001599217820033405,2.2762927939743565e-08
3129,stage2_pde_terminal_interface,2129,0.0022605892674715197,0.0002,,0.0001564096630643634,0.4822502756164998,1.2646909378444e-05,0.002091529332540754,3.3624879584024293e-09
3130,stage2_pde_terminal_interface,2130,0.002252678433099469,0.0002,,0.00019204173432519332,0.5133378584350138,1.0376483700287445e-05,0.002050260215012245,6.174357453549226e-14
3131,stage2_pde_terminal_interface,2131,0.0024420924766233093,0.0002,,0.00010610149025950749,0.5759872035657648,9.838615314782309e-06,0.0023261523710490077,1.168103603017948e-17
3132,stage2_pde_terminal_interface,2132,0.001390261825321179,0.0002,,0.00010912509895057859,0.5679261402809316,1.1653406425443596e-05,0.0012694833199451568,1.4047988591824976e-20
3133,stage2_pde_terminal_interface,2133,0.0022972582336988553,0.0002,,0.0001740397580855115,0.6665935720333335,8.474673676401883e-06,0.0021147438019354357,1.506023683240324e-15
3134,stage2_pde_terminal_interface,2134,0.002300912137232086,0.0002,,0.00016557968129937814,0.5613905692733128,8.818438603650892e-06,0.0021265118790311215,2.138297935502287e-09
3135,stage2_pde_terminal_interface,2135,0.0030023076951911642,0.0002,,0.00011106621760359699,0.597293843409062,1.2844099039128931e-05,0.0028783918079687055,5.570579732767983e-09
3136,stage2_pde_terminal_interface,2136,0.0020870271465609075,0.0002,,0.0001457153978918991,0.5053327638662698,1.2995590154739356e-05,0.001928316146188395,1.2325874393750751e-11
3137,stage2_pde_terminal_interface,2137,0.0026008828441200595,0.0002,,0.000436211850632936,0.6012368267681509,1.3119798544365768e-05,0.0021515511134532895,8.148946828024618e-11
3138,stage2_pde_terminal_interface,2138,0.0021990264439253697,0.0002,,0.0001563185870545113,0.6440918889375944,7.000560081891619e-06,0.002035707296788966,8.3885252360891795e-19
3139,stage2_pde_terminal_interface,2139,0.0020403013169973906,0.0002,,0.00014172568975875054,0.6184390785587793,1.0786379977833474e-05,0.0018877892472174665,4.3339734764371834e-14
3140,stage2_pde_terminal_interface,2140,0.001815946456419395,0.0002,,0.00012980308284578603,0.5432742535067362,9.274484430594435e-06,0.0016768688891425937,4.208818701097845e-16
3141,stage2_pde_terminal_interface,2141,0.0023626018561414257,0.0002,,0.00016327032125324108,0.611442776424635,1.1427528205092367e-05,0.002187904006530949,1.521428858868936e-13
3142,stage2_pde_terminal_interface,2142,0.001939228470403468,0.0002,,0.00019717371571709136,0.6448998653039039,1.0923299610932925e-05,0.0017311224824274679,8.9726479759977e-09
3143,stage2_pde_terminal_interface,2143,0.002304069733686148,0.0002,,0.000298241188938769,0.5677152666740611,9.224793052361933e-06,0.001996598896356357,4.855338660077949e-09
3144,stage2_pde_terminal_interface,2144,0.0025579779170857935,0.0002,,0.00012510808012364654,0.5177830878482532,1.3671752361400177e-05,0.0024191919019234624,6.182677284684666e-09
3145,stage2_pde_terminal_interface,2145,0.001992111645231615,0.0002,,0.00012369495242816575,0.6078567301651465,1.1894888804994649e-05,0.0018565167568955203,5.047102934391223e-09
3146,stage2_pde_terminal_interface,2146,0.0028526869276873836,0.0002,,0.00014164798399612715,0.508274507857125,8.079239035383565e-06,0.00270295970465579,8.279039096304102e-17
3147,stage2_pde_terminal_interface,2147,0.0017983932947934688,0.0002,,9.821698845566313e-05,0.5241369084685389,1.0703742863648988e-05,0.0016894725634741567,3.500197405271085e-22
3148,stage2_pde_terminal_interface,2148,0.002561459544863841,0.0002,,9.868236037374623e-05,0.657785099303885,8.004719995058657e-06,0.002454772312509175,1.519858612965299e-10
3149,stage2_pde_terminal_interface,2149,0.002814222450688934,0.0002,,9.615030710151198e-05,0.5039062940741398,1.152339895111046e-05,0.0027065487446363114,9.575861930049886e-21
3150,stage2_pde_terminal_interface,2150,0.0021190747406816548,0.0002,,0.00012636307596022438,0.4944523411366861,9.335510353481848e-06,0.0019833761543679483,3.445465370451816e-24
3151,stage2_pde_terminal_interface,2151,0.0014265681527727,0.0002,,0.00015705815163461487,0.5628470285444053,9.177297831200991e-06,0.0012603310956560351,1.607650848870873e-09
3152,stage2_pde_terminal_interface,2152,0.0025795111398482025,0.0002,,0.00012505392605818264,0.5447045972933173,8.503222061973535e-06,0.002445953990087212,1.640834012709008e-12
3153,stage2_pde_terminal_interface,2153,0.002177084508658707,0.0002,,0.0001527640569593413,0.6144111296956111,1.0244461088429679e-05,0.0020140759906099384,9.976337138537136e-16
3154,stage2_pde_terminal_interface,2154,0.0015623672795280368,0.0002,,0.00015067693991203948,0.6758215638224381,8.740444283667747e-06,0.001402912770491025,3.712484130470526e-08
3155,stage2_pde_terminal_interface,2155,0.0024191337564076903,0.0002,,0.00012098380666429248,0.6323097649177687,1.2669660114850884e-05,0.002285284043116834,1.9624651171296152e-07
3156,stage2_pde_terminal_interface,2156,0.0018815322948890745,0.0002,,0.0001396951021759914,0.6026904187591604,1.689827898980076e-05,0.0017249389137232824,6.086617383468492e-25
3157,stage2_pde_terminal_interface,2157,0.002441941977423095,0.0002,,0.00015874668058108232,0.5470298234301404,1.0083251691726168e-05,0.0022731120451278254,2.2461360993497493e-14
3158,stage2_pde_terminal_interface,2158,0.002577238212257429,0.0002,,8.529217535679501e-05,0.5198671822025556,1.222572626711365e-05,0.0024797203106330327,4.875623422387175e-16
3159,stage2_pde_terminal_interface,2159,0.0019614578617015866,0.0002,,0.00010345332066294483,0.5950602087586928,6.9901546228843044e-06,0.0018510118164121565,2.5700036011498227e-09
3160,stage2_pde_terminal_interface,2160,0.001391735246810132,0.0002,,0.0001644288014746689,0.5953064605166605,1.0755426628021342e-05,0.0012163222880060191,2.2873070142263282e-07
3161,stage2_pde_terminal_interface,2161,0.0020952303430932587,0.0002,,0.00010076487512391787,0.57993102099633,1.0721795250815894e-05,0.001983743658171956,1.454656911409303e-11
3162,stage2_pde_terminal_interface,2162,0.0018870810942027347,0.0002,,0.0001305817098957895,0.5889535223264547,7.774824405656375e-06,0.0017487245599012889,8.358561761588974e-22
3163,stage2_pde_terminal_interface,2163,0.0013073717912020885,0.0002,,0.00010506637382525909,0.6805522007602829,1.1811217333191378e-05,0.0011904939986054307,2.014382072430326e-10
3164,stage2_pde_terminal_interface,2164,0.002481789947335871,0.0002,,9.353410905068479e-05,0.6020845204591705,9.220847383982263e-06,0.0023790335083114598,1.4825897439966013e-09
3165,stage2_pde_terminal_interface,2165,0.001987655099834101,0.0002,,0.00013083388829611547,0.565950621950446,1.0152206118408296e-05,0.0018466687352544408,2.7016513662228357e-10
3166,stage2_pde_terminal_interface,2166,0.0016948305262288572,0.0002,,0.00016029451508913,0.5090590153941976,1.15804851041753e-05,0.0015229555260347994,7.523626973439905e-16
3167,stage2_pde_terminal_interface,2167,0.0022559499650306484,0.0002,,0.00011438243871336978,0.5509907803480882,8.029394795310498e-06,0.002133538131521968,6.714032527376953e-31
3168,stage2_pde_terminal_interface,2168,0.002191373376485723,0.0002,,0.00022994802530564956,0.4795854906294647,8.622649909583828e-06,0.0019528027012704829,6.8566670577006745e-18
3169,stage2_pde_terminal_interface,2169,0.0017274205902570842,0.0002,,9.130598200881877e-05,0.42125986278175964,6.284462691175573e-06,0.0016298300564359864,8.91211034333729e-11
3170,stage2_pde_terminal_interface,2170,0.002235430620372462,0.0002,,0.0001380389554436535,0.5169942908623983,9.689351835458693e-06,0.00208770231285897,2.3437965610214405e-13
3171,stage2_pde_terminal_interface,2171,0.0026430237781968316,0.0002,,0.00016328283998089704,0.543430202431667,1.2009520922583716e-05,0.0024677308872330704,5.300602804406528e-10
3172,stage2_pde_terminal_interface,2172,0.002606558994737542,0.0002,,0.0001673917705373134,0.5422934705202442,1.1822909084548045e-05,0.002427296983667034,4.733144864689368e-08
3173,stage2_pde_terminal_interface,2173,0.0022804657452613914,0.0002,,0.00011278139745530692,0.5129744445327726,1.0906560961528577e-05,0.002156777453354757,3.334897991379832e-10
3174,stage2_pde_terminal_interface,2174,0.0018052676049631505,0.0002,,0.00012576920285714538,0.6185107309448702,8.50173618800433e-06,0.0016709966659066175,1.138328096964842e-14
3175,stage2_pde_terminal_interface,2175,0.0015333420158295853,0.0002,,0.00025979512224389204,0.6838396189757173,7.619909760755241e-06,0.0012659253333020956,1.650522842606093e-09
3176,stage2_pde_terminal_interface,2176,0.0023760408933896746,0.0002,,0.00013383599000757503,0.4830865782286017,1.1447851533193991e-05,0.002230757051814601,3.430470088540046e-14
3177,stage2_pde_terminal_interface,2177,0.0023521691293457332,0.0002,,0.00014335524726624243,0.5902716343714511,6.39450865775547e-06,0.002202419373421735,6.356490234267064e-23
3178,stage2_pde_terminal_interface,2178,0.001757881974068156,0.0002,,0.00013599553052576349,0.5750897583742473,9.770357122164743e-06,0.001612114552230839,1.5341893887988597e-09
3179,stage2_pde_terminal_interface,2179,0.0022165114521059195,0.0002,,0.00012776459538256133,0.49172573015930776,7.449428193117067e-06,0.002081297217233788,2.1129645296811694e-10
3180,stage2_pde_terminal_interface,2180,0.0011879886509496033,0.0002,,0.00012838997307760083,0.5197088271787734,8.685791859644352e-06,0.001050912884540661,1.4716971262320747e-12
3181,stage2_pde_terminal_interface,2181,0.001821547137508507,0.0002,,0.00013924848155071756,0.5904571087464633,9.069582726512647e-06,0.0016732290732312768,1.472601314355401e-23
3182,stage2_pde_terminal_interface,2182,0.0020437216467936808,0.0002,,0.00011504134501517212,0.574086909343271,9.031585753871148e-06,0.0019196487160246375,1.919674674674901e-23
3183,stage2_pde_terminal_interface,2183,0.0024306990071599364,0.0002,,0.00014975619769491227,0.598408790168036,1.4678514183447116e-05,0.002266264295281573,3.9083475723702205e-18
3184,stage2_pde_terminal_interface,2184,0.001820038756283524,0.0002,,0.0001558351607157531,0.5376970701132185,1.0094162696682778e-05,0.001654109312881637,1.1998945101924197e-10
3185,stage2_pde_terminal_interface,2185,0.00231506352187139,0.0002,,0.00010303404234520513,0.5166522207984182,1.1391215202581236e-05,0.0022006382643236034,1.3516789135896816e-22
3186,stage2_pde_terminal_interface,2186,0.001615434232223498,0.0002,,0.00014239315543437256,0.574371599589824,9.589984958199209e-06,0.0014634510918309263,1.865102368728769e-21
3187,stage2_pde_terminal_interface,2187,0.0018678075607847465,0.0002,,0.00012994921200853,0.5326540128950701,8.248123258976174e-06,0.0017296102252421794,2.750609181944343e-13
3188,stage2_pde_terminal_interface,2188,0.0022110388809075563,0.0002,,0.0001514889897600205,0.5413333058621514,1.5059175868345107e-05,0.0020444906478692296,6.740996112753002e-11
3189,stage2_pde_terminal_interface,2189,0.0016027500259086645,0.0002,,0.00010394432016769901,0.5407364801769209,7.050483427103939e-06,0.0014917552211962776,1.1175838728572797e-12
3190,stage2_pde_terminal_interface,2190,0.00214475889076733,0.0002,,7.73415025377626e-05,0.5942467603828341,9.476659219532835e-06,0.002057940729010035,3.372246732211937e-20
3191,stage2_pde_terminal_interface,2191,0.002116213726483878,0.0002,,0.00011479989481190743,0.5656336902285105,1.1111917433236415e-05,0.001990301914238734,2.9434322066873664e-24
3192,stage2_pde_terminal_interface,2192,0.0022160705760689067,0.0002,,0.00013665128086612151,0.5830064320257042,9.311843053690725e-06,0.002070107452013318,1.357763185752117e-13
3193,stage2_pde_terminal_interface,2193,0.0019989621663870478,0.0002,,0.00014668235769221965,0.5806502657258991,1.1186404893727364e-05,0.0018410934034128988,3.882021838816254e-13
3194,stage2_pde_terminal_interface,2194,0.0015592054435664574,0.0002,,0.0001014171687203594,0.6205100979346885,1.1907331490196983e-05,0.0014458809433418322,1.4068844357915492e-14
3195,stage2_pde_terminal_interface,2195,0.002527247778360897,0.0002,,0.0001308994229897531,0.6213311342708835,9.200211865098832e-06,0.0023871481435060447,2.385235583511527e-19
3196,stage2_pde_terminal_interface,2196,0.0015336426813662798,0.0002,,0.00014829100244866987,0.515204969199097,1.0405198552872915e-05,0.0013747071146256798,2.39365739057215e-07
3197,stage2_pde_terminal_interface,2197,0.002463504346864255,0.0002,,0.00016976359925640223,0.5248082833742552,1.29041374185898e-05,0.0022808366101883825,8.802420343809796e-16
3198,stage2_pde_terminal_interface,2198,0.0018985219815753093,0.0002,,0.00010979393906390243,0.5408257586850405,1.1316400500988469e-05,0.0017774116420091063,1.3120759107373593e-15
3199,stage2_pde_terminal_interface,2199,0.00221438494674296,0.0002,,0.0001499470440984198,0.559471577362079,9.4532496357531e-06,0.0020549846529964743,1.2312545864473063e-14
3200,stage2_pde_terminal_interface,2200,0.003188481061189794,0.0002,,0.00018328537699032767,0.5791634537742513,9.710451327689468e-06,0.00299548465635794,5.765138369089708e-10
3201,stage2_pde_terminal_interface,2201,0.0016986279772772787,0.0002,,0.00013243286063426067,0.5126209908362492,8.35864301051226e-06,0.0015578362326244173,2.410080885923392e-10
3202,stage2_pde_terminal_interface,2202,0.0024267764541440243,0.0002,,0.00013505442853099927,0.5186621505741383,7.551500087610632e-06,0.0022841705255103833,1.503076508577423e-14
3203,stage2_pde_terminal_interface,2203,0.0021608969583410617,0.0002,,0.0001568014389286408,0.5678830871950481,7.09432877279703e-06,0.001997001190639623,7.162419687538479e-19
3204,stage2_pde_terminal_interface,2204,0.0018624254351742818,0.0002,,0.00017017040735945555,0.5620256392523236,1.0474499716027813e-05,0.0016817805280987985,1.3891095100729246e-29
3205,stage2_pde_terminal_interface,2205,0.003127695645326715,0.0002,,0.0001656406747230446,0.532028249263885,1.2788152277316855e-05,0.0029492668183263536,5.301699808922135e-22
3206,stage2_pde_terminal_interface,2206,0.0029091757322350937,0.0002,,0.00019364384438494523,0.5384215458764188,9.803933470517053e-06,0.002705727954372258,7.373279953348859e-15
3207,stage2_pde_terminal_interface,2207,0.0016702044806486513,0.0002,,0.0002184642773110291,0.5688670886615294,1.402919333787309e-05,0.0014377110099304579,6.929145013191913e-14
3208,stage2_pde_terminal_interface,2208,0.002390341806699752,0.0002,,0.0002255711715235571,0.5679495933636184,7.161805912952827e-06,0.002157608829262788,4.542390716621971e-16
3209,stage2_pde_terminal_interface,2209,0.0014990776290870055,0.0002,,0.00010997714657456253,0.6572384737928401,1.0273903312213076e-05,0.00137882657920023,2.3799342221374448e-21
3210,stage2_pde_terminal_interface,2210,0.0024289507683928446,0.0002,,0.00012363229217627255,0.5299285802616381,7.872019295069203e-06,0.0022974464569214233,7.921696927334646e-17
3211,stage2_pde_terminal_interface,2211,0.0023877485071128303,0.0002,,0.00016021163533146165,0.627785837512814,7.918574267672377e-06,0.0022196182975136934,2.8329244468875292e-18
3212,stage2_pde_terminal_interface,2212,0.00229115048426625,0.0002,,7.974299450336477e-05,0.6443205547815705,1.3436228316947035e-05,0.002197971261445938,1.4382446434635895e-19
3213,stage2_pde_terminal_interface,2213,0.0023465482328474505,0.0002,,0.00015054415208622503,0.5553972845816761,9.73826776977927e-06,0.002186265812991441,5.24671153935382e-18
3214,stage2_pde_terminal_interface,2214,0.0017178111914237261,0.0002,,9.159708003739719e-05,0.5199565559830254,9.890642607563382e-06,0.0016163221563714534,1.312407312139553e-09
3215,stage2_pde_terminal_interface,2215,0.0019174747222996894,0.0002,,0.00012178514734980152,0.5575313722592641,1.2177965559646585e-05,0.0017835115310099391,7.838030230507415e-11
3216,stage2_pde_terminal_interface,2216,0.002298405277096434,0.0002,,0.0001464113512435586,0.5310033333361094,1.1855204561797628e-05,0.0021401279549929505,1.0766298126857603e-08
3217,stage2_pde_terminal_interface,2217,0.0025827795865955732,0.0002,,0.00014728956508890662,0.5455336837877167,1.5026867160794307e-05,0.002420462099188829,1.05515704327451e-09
3218,stage2_pde_terminal_interface,2218,0.0015042362578776085,0.0002,,0.00013013715829384993,0.5832335995017955,1.309787409312566e-05,0.0013610012247915108,6.991222858023885e-13
3219,stage2_pde_terminal_interface,2219,0.001994778960347787,0.0002,,0.00022479750583124578,0.573286646939269,1.1466024049171947e-05,0.0017584552976833184,6.013278405081358e-08
3220,stage2_pde_terminal_interface,2220,0.0019844810746933424,0.0002,,0.0001723929686681032,0.5900543419022275,1.3294014757252081e-05,0.0017987940912679871,2.2157480179671327e-23
3221,stage2_pde_terminal_interface,2221,0.002741740228065362,0.0002,,0.00020103093000724306,0.5690522825140489,8.36414173378655e-06,0.0025323451563243325,1.9770000897655464e-20
3222,stage2_pde_terminal_interface,2222,0.002330259894904538,0.0002,,0.00010085075003780183,0.6003463210522693,6.0469757078859625e-06,0.002223362169147307,1.1543125267879554e-14
3223,stage2_pde_terminal_interface,2223,0.0019206153906761183,0.0002,,0.00011645094765424873,0.610699415246988,9.169668491744536e-06,0.001794994774530125,9.351335150561191e-23
3224,stage2_pde_terminal_interface,2224,0.0015741771725723643,0.0002,,0.00016989606539926603,0.5485798392367581,1.2686915677473245e-05,0.0013915941913578075,1.3781749502665978e-13
3225,stage2_pde_terminal_interface,2225,0.0017208669762821696,0.0002,,0.00013898880592134544,0.5672073693157373,9.879512622714352e-06,0.0015719986577381097,2.683395673262827e-19
3226,stage2_pde_terminal_interface,2226,0.0023058969509801267,0.0002,,0.0001774325051906449,0.4905830385032866,1.2360743224023145e-05,0.0021161036974169877,5.148470972802994e-12
3227,stage2_pde_terminal_interface,2227,0.0020138691916578213,0.0002,,0.00017645746281947465,0.6410178545131672,6.9172663877308615e-06,0.0018304933956474864,1.0668031294997373e-09
3228,stage2_pde_terminal_interface,2228,0.0021069110755700827,0.0002,,0.00013794016224135953,0.581597018569737,9.468352167647452e-06,0.001959502561161051,2.4734769654681545e-17
3229,stage2_pde_terminal_interface,2229,0.0015526088633045726,0.0002,,0.00010588873237871754,0.49138098833480176,7.937452710735236e-06,0.001438720611806294,6.206640882587795e-08
3230,stage2_pde_terminal_interface,2230,0.002174156210395999,0.0002,,0.00012228736348789986,0.5436131443719685,1.1145075143985987e-05,0.002040723771731883,3.2230023530424154e-14
3231,stage2_pde_terminal_interface,2231,0.0024580495723807443,0.0002,,0.00012784497289146813,0.5755155901703524,1.535066693191678e-05,0.002314853932147709,4.0965052662671997e-13
3232,stage2_pde_terminal_interface,2232,0.002246457512673021,0.0002,,9.436066632417628e-05,0.5094581233267029,7.835769202235966e-06,0.002144261076262078,8.845306673563707e-13
3233,stage2_pde_terminal_interface,2233,0.0015994831981159063,0.0002,,0.0001353176572601341,0.5757970489791062,9.35968212476902e-06,0.0014547810220869894,2.483664401385048e-08
3234,stage2_pde_terminal_interface,2234,0.0021514778915114113,0.0002,,0.00012956041730152585,0.6119946119154508,1.1209687303716057e-05,0.002010548979172708,1.58807733460851e-07
3235,stage2_pde_terminal_interface,2235,0.0023747721505012133,0.0002,,0.00011468063435438213,0.5313843614041901,1.3974185161700302e-05,0.002246117330985131,8.792459165082334e-22
3236,stage2_pde_terminal_interface,2236,0.0021775173847161907,0.0002,,0.00014449950256957284,0.4484144604950849,9.975913865831982e-06,0.002023041968280786,2.9507846941516472e-34
3237,stage2_pde_terminal_interface,2237,0.002059786302805104,0.0002,,9.061975090978504e-05,0.6303368720967358,8.917299448137986e-06,0.001960249252447174,6.796017247519553e-18
3238,stage2_pde_terminal_interface,2238,0.0017623302539196463,0.0002,,0.00016244307935783916,0.5102504050264486,8.671596283437278e-06,0.0015912155782783698,5.024594276779745e-24
3239,stage2_pde_terminal_interface,2239,0.0020713141209138205,0.0002,,0.00013530761494224742,0.48694496943355037,9.14158623026283e-06,0.0019268649197397704,1.5399928777289954e-15
3240,stage2_pde_terminal_interface,2240,0.002524431010066162,0.0002,,0.0001452808789791975,0.570102940998612,9.83983130730511e-06,0.0023692893133730264,2.098640663280541e-08
3241,stage2_pde_terminal_interface,2241,0.0016675405845350585,0.0002,,9.733076673955019e-05,0.5368686639232048,1.3093900086394344e-05,0.001557115917709114,3.313796793756016e-21
3242,stage2_pde_terminal_interface,2242,0.0019162090086011104,0.0002,,0.0001783005370867466,0.6360976287593054,1.021995783085164e-05,0.0017276885136835122,1.1524234604636577e-24
3243,stage2_pde_terminal_interface,2243,0.0018386480598855295,0.0002,,0.00016137138508038893,0.513092545790719,1.194373854855391e-05,0.0016653328979016092,3.835497743859539e-11
3244,stage2_pde_terminal_interface,2244,0.0011441889214821195,0.0002,,0.00018849063798130486,0.5300778674692762,8.420076786113908e-06,0.0009472782067147007,3.0002678320229825e-19
3245,stage2_pde_terminal_interface,2245,0.0021069720012053517,0.0002,,0.00014488405236069024,0.5448126892104147,9.452785255713671e-06,0.0019525437942133099,9.136937563810911e-08
3246,stage2_pde_terminal_interface,2246,0.002051140562550677,0.0002,,0.00010663547554996108,0.49051344146549253,8.349605005518744e-06,0.0019361554819951818,1.517226910960984e-17
3247,stage2_pde_terminal_interface,2247,0.002292867771420782,0.0002,,0.00013991234066797754,0.5529612111643598,7.352613143065288e-06,0.002145602817609739,2.506650019102773e-23
3248,stage2_pde_terminal_interface,2248,0.001715701515305877,0.0002,,0.00011659489415745361,0.5740403828833139,8.291078115027189e-06,0.0015908155429740375,5.935872790757337e-14
3249,stage2_pde_terminal_interface,2249,0.0016343963355425122,0.0002,,0.00014230086286820851,0.6564998027893261,9.937585649785811e-06,0.001482081086119217,7.680090530102577e-08
3250,stage2_pde_terminal_interface,2250,0.0022697977495139917,0.0002,,0.00023565136992610355,0.5866777437642936,8.685468136562324e-06,0.0020254604585576417,4.528936839503614e-10
3251,stage2_pde_terminal_interface,2251,0.0015071199074202467,0.0002,,0.00013668562533094897,0.6025113155647145,1.2579756554673446e-05,0.0013578541086740564,4.168605678002613e-10
3252,stage2_pde_terminal_interface,2252,0.002234048884670208,0.0002,,0.00014070967877622176,0.5027231658228787,1.5656579810314497e-05,0.002077682543732066,8.235160597558014e-11
3253,stage2_pde_terminal_interface,2253,0.0017338549078309568,0.0002,,0.00012096007082443873,0.5324403334003904,8.914192768179118e-06,0.001603980644101298,1.3704088408556557e-13
3254,stage2_pde_terminal_interface,2254,0.0016791137711876548,0.0002,,0.00011567861756065466,0.5484523657894547,1.1942486966035443e-05,0.0015514926188274186,4.783354622302683e-11
3255,stage2_pde_terminal_interface,2255,0.0019606926010073793,0.0002,,0.0001200945608345587,0.8178230922224239,6.875483048929189e-06,0.0018337225571238903,8.84193495577188e-19
3256,stage2_pde_terminal_interface,2256,0.0017222074105414872,0.0002,,0.00015635232991896328,0.5730018104016035,9.38791472130282e-06,0.0015564671651892752,7.119459883645487e-13
3257,stage2_pde_terminal_interface,2257,0.001972605259024957,0.0002,,0.00018045295041346424,0.582103563641864,7.89160649576711e-06,0.0017842153324192358,4.5369696489894605e-08
3258,stage2_pde_terminal_interface,2258,0.0026402617941746996,0.0002,,0.00012970016306293138,0.5578516550099492,1.2052656692526288e-05,0.002498508974419242,2.168513252610233e-20
3259,stage2_pde_terminal_interface,2259,0.002549624357613324,0.0002,,0.00017756126911804346,0.6013151611157993,8.484779041832548e-06,0.002363578309453448,2.461799178581011e-21
3260,stage2_pde_terminal_interface,2260,0.0015850093401477692,0.0002,,0.000171714644057575,0.5563172634082962,1.0604915320659015e-05,0.0014026887711804203,1.0095891148181347e-09
3261,stage2_pde_terminal_interface,2261,0.0019032974673627565,0.0002,,0.0001553812119431628,0.5852934519053923,9.717954039537194e-06,0.0017381983002604658,1.1195907947972738e-12
3262,stage2_pde_terminal_interface,2262,0.0020037426191495305,0.0002,,0.00021618450598365755,0.4896645563489132,1.0603758992233202e-05,0.0017769443699121484,9.984261491310713e-09
3263,stage2_pde_terminal_interface,2263,0.002189384814726243,0.0002,,0.00017393355854784304,0.6369167154177193,9.781540960319495e-06,0.0020056697152180804,4.004819798441796e-22
3264,stage2_pde_terminal_interface,2264,0.0020092756498040995,0.0002,,0.00012584372041541132,0.5588285063211731,9.2522671822823e-06,0.0018741796621911833,1.522284337620744e-14
3265,stage2_pde_terminal_interface,2265,0.001745032697907402,0.0002,,0.00012939656043533263,0.6279237039149687,1.2918796602626503e-05,0.001602717340742636,1.2680703070613955e-13
3266,stage2_pde_terminal_interface,2266,0.0020016981123412423,0.0002,,8.125255704433134e-05,0.49072072579188647,9.067669390895612e-06,0.0019112115247137647,1.6636119225070965e-07
3267,stage2_pde_terminal_interface,2267,0.0016735124188857829,0.0002,,0.00010976916888250824,0.6490713964761505,8.841559351378999e-06,0.0015549015565274422,1.3412445352311918e-10
3268,stage2_pde_terminal_interface,2268,0.001986993309801181,0.0002,,0.00013805781340933573,0.683691766688599,7.447907344269577e-06,0.0018414875887343488,3.132269648012706e-13
3269,stage2_pde_terminal_interface,2269,0.0017576031028580196,0.0002,,0.00013906322219133522,0.5883193306110611,9.519549877346708e-06,0.0016090203085942995,2.219503812455993e-11
3270,stage2_pde_terminal_interface,2270,0.0027973767425894893,0.0002,,0.00010178996350551357,0.514277408201131,7.751833724850765e-06,0.002687834945359125,1.6629953679953066e-33
3271,stage2_pde_terminal_interface,2271,0.0022147484916367408,0.0002,,0.00010466226864813035,0.6314428315152072,1.1273429945889755e-05,0.0020988038238529023,8.969189818423276e-09
3272,stage2_pde_terminal_interface,2272,0.0015619985320780864,0.0002,,0.0001946949852681354,0.5632340946482228,1.2002016926895777e-05,0.0013553015267357338,3.147321583058218e-12
3273,stage2_pde_terminal_interface,2273,0.0020872809779501457,0.0002,,0.00013555598357788126,0.5431977317516254,8.028247543564636e-06,0.001943440325758612,2.5642107008764026e-07
3274,stage2_pde_terminal_interface,2274,0.001760892441497834,0.0002,,0.00011744443108113677,0.6073795743806552,7.849891795911547e-06,0.0016355868718136816,1.1246807104173546e-08
3275,stage2_pde_terminal_interface,2275,0.0017294337967016006,0.0002,,9.809476459361427e-05,0.5515868159229885,1.0617486710641218e-05,0.0016207215448310747,5.662703752468672e-13
3276,stage2_pde_terminal_interface,2276,0.0022453658777852356,0.0002,,0.00016508372436100646,0.5582211489417883,1.2863476292321262e-05,0.0020674186675516135,9.580294333588444e-12
3277,stage2_pde_terminal_interface,2277,0.0019877790516258224,0.0002,,0.000210058959473601,0.5464587569928712,9.816373134019636e-06,0.0017679037190167514,1.450084936935519e-15
3278,stage2_pde_terminal_interface,2278,0.0025428668392166597,0.0002,,0.000115025764321521,0.6776276292716971,8.606178943093782e-06,0.002419234895952045,3.3696692057393396e-25
3279,stage2_pde_terminal_interface,2279,0.0019657881240306694,0.0002,,9.851556807293803e-05,0.6193319026836844,6.765764185396688e-06,0.0018605067917722667,6.826701731296757e-17
3280,stage2_pde_terminal_interface,2280,0.002113822789361925,0.0002,,0.00012594980780318012,0.5996400425183512,5.979787091821025e-06,0.0019818931944669237,4.1221246915729214e-20
3281,stage2_pde_terminal_interface,2281,0.0021660820373722747,0.0002,,0.00013304893475544672,0.4819028906123028,5.430965301217167e-06,0.002027602137315611,4.5775506536262567e-20
3282,stage2_pde_terminal_interface,2282,0.001724842320102769,0.0002,,0.00010074874312059683,0.5151834702578886,1.8912143975774727e-05,0.0016051807535317985,6.79474599035504e-10
3283,stage2_pde_terminal_interface,2283,0.0018413977309995025,0.0002,,0.00016294721681855853,0.5179755551604258,1.5119816097055401e-05,0.0016632678159339228,6.28821499657976e-08
3284,stage2_pde_terminal_interface,2284,0.002433555968923561,0.0002,,0.00011210807349368127,0.5832143374000619,1.0256490372279032e-05,0.002311191405057601,6.681902769410308e-20
3285,stage2_pde_terminal_interface,2285,0.0019372778016860449,0.0002,,0.00012826123637404519,0.5034470583744949,9.444807150105989e-06,0.0017995717581596837,2.2100765986965825e-15
3286,stage2_pde_terminal_interface,2286,0.0016919107276126622,0.0002,,0.00013083042109983452,0.6971123814267134,9.151039060335608e-06,0.0015519292674523067,1.8549908153529894e-16
3287,stage2_pde_terminal_interface,2287,0.003142541341459287,0.0002,,0.00015130295568562677,0.47893181857508316,7.72318080711868e-06,0.002983515204966477,6.446162468407523e-17
3288,stage2_pde_terminal_interface,2288,0.0017313714591470964,0.0002,,0.00014840863096573001,0.6216535122987102,8.509559434160371e-06,0.0015744532687470318,1.7434134021346595e-16
3289,stage2_pde_terminal_interface,2289,0.0024650739047918243,0.0002,,9.459790544640975e-05,0.5150577098856324,1.1078644294842343e-05,0.0023593973550505723,1.2480026039629288e-31
3290,stage2_pde_terminal_interface,2290,0.0019856274944169494,0.0002,,0.00012120978007264287,0.5608694351979234,1.1783611354086349e-05,0.0018526341029902202,9.484297989788928e-20
3291,stage2_pde_terminal_interface,2291,0.0021406929887419855,0.0002,,0.00010328116782333006,0.49276728443665746,9.823649228186027e-06,0.0020275822295912076,5.942099261971376e-09
3292,stage2_pde_terminal_interface,2292,0.002737455097985075,0.0002,,7.411647927407733e-05,0.5282155831102268,9.425228128211758e-06,0.0026539131898821074,2.0070067856661477e-10
3293,stage2_pde_terminal_interface,2293,0.002718025082801631,0.0002,,9.614944623199357e-05,0.5493539778741876,1.1862845539290611e-05,0.002610012791025824,4.522780600960692e-15
3294,stage2_pde_terminal_interface,2294,0.002413150104434053,0.0002,,0.00013104871482004003,0.5506848579898315,1.1504889056214956e-05,0.002270596098645703,4.019120951141199e-10
3295,stage2_pde_terminal_interface,2295,0.002580466483990459,0.0002,,0.00010899006711440094,0.513951057352688,8.180873227458863e-06,0.002463161368259686,1.3417538891301787e-07
3296,stage2_pde_terminal_interface,2296,0.0019484720214419035,0.0002,,7.87422007274704e-05,0.5747734705448939,1.0033854882160643e-05,0.0018596959658322724,4.495746282249884e-30
3297,stage2_pde_terminal_interface,2297,0.0015443980840927256,0.0002,,7.857577918458342e-05,0.45623018063645465,1.3481605875823367e-05,0.0014523406990322942,2.4787184779024218e-17
3298,stage2_pde_terminal_interface,2298,0.001997569547429063,0.0002,,0.00022058025349378803,0.5747374237708432,8.060114567856042e-06,0.001768929075992408,1.0337501097071243e-10
3299,stage2_pde_terminal_interface,2299,0.0019056025321077114,0.0002,,0.00011018011409524758,0.42147023958191915,7.30867924113385e-06,0.00178811373877133,1.080297145034598e-21
3300,stage2_pde_terminal_interface,2300,0.002135895770660691,0.0002,,0.00013723146026464945,0.4918419806301798,8.581553088679942e-06,0.001990082757083095,2.2426672017447382e-13
3301,stage2_pde_terminal_interface,2301,0.003027252990432891,0.0002,,9.188332106724615e-05,0.6476807505198949,1.3723001702709548e-05,0.002921642531904474,4.135758461554834e-09
3302,stage2_pde_terminal_interface,2302,0.002503168513097839,0.0002,,0.0001265578497367802,0.5903022668708249,1.119327971823791e-05,0.002365417383104115,5.38705613366002e-13
3303,stage2_pde_terminal_interface,2303,0.00216362447354757,0.0002,,0.00017762975897891336,0.547789948080336,8.482279941804207e-06,0.0019775124346267845,6.811764932920293e-17
3304,stage2_pde_terminal_interface,2304,0.0019302673019066365,0.0002,,0.0001368089747894461,0.5796271028519894,8.503673259851017e-06,0.0017849546538573392,1.6515719865918147e-19
3305,stage2_pde_terminal_interface,2305,0.002101039099525483,0.0002,,8.955969857737069e-05,0.4694723863522201,9.563758371678923e-06,0.0020019156425764174,1.618641297586452e-17
3306,stage2_pde_terminal_interface,2306,0.0023260151467697217,0.0002,,0.00011282860793002564,0.5287676440123588,6.643570237660049e-06,0.00220654296268149,5.920546243500791e-12
3307,stage2_pde_terminal_interface,2307,0.0035345200606176305,0.0002,,0.0001597394960968138,0.4940726999715489,1.1222331261122003e-05,0.003363558230659175,2.600519512345147e-12
3308,stage2_pde_terminal_interface,2308,0.002133335740963736,0.0002,,0.0001035953484048864,0.503038993657261,1.117189614619491e-05,0.002018568496374701,3.795395834873085e-14
3309,stage2_pde_terminal_interface,2309,0.002272432111137253,0.0002,,0.00014053552544169136,0.5419870264499113,8.568717563195432e-06,0.0021233278681323654,8.588120813399841e-19
3310,stage2_pde_terminal_interface,2310,0.002388414897563127,0.0002,,0.00011422802639005146,0.5109228640449949,9.848677361697871e-06,0.002264338172171837,2.1639540372724442e-11
3311,stage2_pde_terminal_interface,2311,0.0025467636229406132,0.0002,,8.526081168302378e-05,0.5787744144197245,1.1018406540391265e-05,0.0024504843137483773,9.096882092592918e-11
3312,stage2_pde_terminal_interface,2312,0.002554176573882632,0.0002,,0.00013236761456401205,0.623085214537156,8.275244551915163e-06,0.0024135337147437362,2.2968787451913926e-14
3313,stage2_pde_terminal_interface,2313,0.0014530641184508741,0.0002,,0.00011641276873620814,0.4962544144458939,1.1903520831629762e-05,0.0013247478288829198,1.1639706904414356e-16
3314,stage2_pde_terminal_interface,2314,0.0019520490227029447,0.0002,,0.00014336777905092169,0.5670203679669694,1.053214130228744e-05,0.0017973957089332548,7.533934164807914e-07
3315,stage2_pde_terminal_interface,2315,0.0017367770884342646,0.0002,,0.0001362822838685549,0.4952151936125736,1.2817450173450166e-05,0.0015876773540442625,3.4799705914150106e-13
3316,stage2_pde_terminal_interface,2316,0.0016822017078094078,0.0002,,0.00015566551845490591,0.5373675836242873,8.296731642109358e-06,0.0015182394577123925,1.3781509090252743e-30
3317,stage2_pde_terminal_interface,2317,0.0018640271829884277,0.0002,,0.00011487695520103858,0.587165443377081,8.820678030365121e-06,0.001740329549757024,4.915763797738778e-20
3318,stage2_pde_terminal_interface,2318,0.0023940131260109824,0.0002,,0.00012173367190723141,0.6271628198639196,1.2519863315669722e-05,0.002259759578621277,1.2166804360522844e-11
3319,stage2_pde_terminal_interface,2319,0.0019972228517694847,0.0002,,8.43341507061395e-05,0.5337578226996288,1.0854717825836383e-05,0.001902033983237508,9.183073368309757e-19
3320,stage2_pde_terminal_interface,2320,0.0019499622118586979,0.0002,,0.00022572821447175401,0.4716909141288808,8.397637673228002e-06,0.001715836358320218,1.393498040758855e-12
3321,stage2_pde_terminal_interface,2321,0.0019220385193401592,0.0002,,8.789004776490531e-05,0.5563926313962277,8.140496180374863e-06,0.0018260043091558415,3.6662390375284764e-09
3322,stage2_pde_terminal_interface,2322,0.002458321173328622,0.0002,,0.00010267687758131396,0.6063547908586847,1.091057465971086e-05,0.0023447337196833094,1.4042879297759673e-12
3323,stage2_pde_terminal_interface,2323,0.002011037244659897,0.0002,,9.69708597869585e-05,0.5907073631687083,8.033679155720798e-06,0.0019060327057172114,6.4971191272311806e-18
3324,stage2_pde_terminal_interface,2324,0.0026716321210813903,0.0002,,0.00013669628869289495,0.5530103780609272,1.1446293001080035e-05,0.002523488933562138,6.05825277232405e-10
3325,stage2_pde_terminal_interface,2325,0.001866047381761173,0.0002,,8.737859749942571e-05,0.5860470956386451,1.0798678942162342e-05,0.0017678577409341056,1.23643854794143e-08
3326,stage2_pde_terminal_interface,2326,0.0023452201120344423,0.0002,,9.921021057532455e-05,0.49614936104521573,8.647464146751414e-06,0.002237362437312366,5.693161752809295e-19
3327,stage2_pde_terminal_interface,2327,0.0022206363347756254,0.0002,,0.00016081419159728113,0.5078555638049476,1.004707328121333e-05,0.002049775069853851,4.327962369632147e-14
3328,stage2_pde_terminal_interface,2328,0.0019559179170198777,0.0002,,7.501555849360481e-05,0.5472797080708592,1.0579520022484e-05,0.001870322838503789,2.2678166700770336e-20
3329,stage2_pde_terminal_interface,2329,0.001885643717881907,0.0002,,0.00011963152870202792,0.5263600827992787,1.2253476614775815e-05,0.0017537528351925988,5.877372504565547e-09
3330,stage2_pde_terminal_interface,2330,0.0024452354485830804,0.0002,,8.385860595333522e-05,0.49319822350765785,1.1044040547527187e-05,0.0023503321518499962,6.502322217520221e-10
3331,stage2_pde_terminal_interface,2331,0.002012622556670086,0.0002,,5.85744963376633e-05,0.5009910181485294,1.2179459707727053e-05,0.0019418432726755006,2.532794919499507e-08
3332,stage2_pde_terminal_interface,2332,0.0020735482975850227,0.0002,,0.00011772632429422997,0.48866549980515755,1.0517973078221254e-05,0.0019452997170593062,4.28315326502646e-09
3333,stage2_pde_terminal_interface,2333,0.0021392537335014903,0.0002,,0.00018318201753717052,0.5921715928125201,7.519490375985236e-06,0.0019485423324525997,9.893135734620622e-09
3334,stage2_pde_terminal_interface,2334,0.0019322050339425302,0.0002,,0.0001465112549149811,0.7079834512361985,1.0128651214572154e-05,0.0017755651275660378,2.4693927676439416e-13
3335,stage2_pde_terminal_interface,2335,0.00184629436769482,0.0002,,0.00013900084089143644,0.5646908076049073,1.4540449334032269e-05,0.0016927530774673732,1.978054619479985e-15
3336,stage2_pde_terminal_interface,2336,0.0023909010963550654,0.0002,,0.0001538614090991174,0.6708699754065656,1.1251016650838692e-05,0.0022257886706051094,4.4054484136665816e-23
3337,stage2_pde_terminal_interface,2337,0.0024739250696357656,0.0002,,0.00010927954524575144,0.47971780705678363,9.938298114251459e-06,0.002354707064137372,1.6213839018070994e-10
3338,stage2_pde_terminal_interface,2338,0.001335397918379022,0.0002,,0.0001424206905541162,0.4861870778237464,1.004646630572835e-05,0.0011829307613636735,1.5550418861662869e-13
3339,stage2_pde_terminal_interface,2339,0.0019638993565289538,0.0002,,0.00011353445361037188,0.564399321324027,9.467233416461843e-06,0.0018408976695021124,7.748294034554743e-18
3340,stage2_pde_terminal_interface,2340,0.002825222889436649,0.0002,,0.00014503555906557222,0.4855103806527362,1.2316339525584024e-05,0.002667870984235341,6.6101516025915106e-12
3341,stage2_pde_terminal_interface,2341,0.0018488204039698503,0.0002,,8.990875998371263e-05,0.6127511869192832,5.61553829202919e-06,0.001753296105681825,1.2283654894180523e-14
3342,stage2_pde_terminal_interface,2342,0.002620877573124928,0.0002,,0.00012635815147368198,0.6080628508641032,1.0411487763303152e-05,0.0024841076212308716,3.1265707132038794e-10
3343,stage2_pde_terminal_interface,2343,0.002597300569274072,0.0002,,0.00010560681974705163,0.5646818540563251,8.29368553834784e-06,0.002483400063988672,2.794628801432178e-19
3344,stage2_pde_terminal_interface,2344,0.0021114490229299935,0.0002,,8.033203303481554e-05,0.4790694885103024,1.2014808419395463e-05,0.002018993766049459,1.0841542632334679e-07
3345,stage2_pde_terminal_interface,2345,0.0022978411349255834,0.0002,,0.0001626205010036433,0.5842772515149669,8.754741037130822e-06,0.002126465892117889,7.669205643528879e-13
3346,stage2_pde_terminal_interface,2346,0.0015417016907560907,0.0002,,8.658864763320004e-05,0.5601162650064202,9.30597290661981e-06,0.0014458012750071662,5.795209104653317e-09
3347,stage2_pde_terminal_interface,2347,0.001938336092588909,0.0002,,0.00013282651317379624,0.504389703895692,1.0761769587977323e-05,0.0017947431300290029,4.6797981322527e-09
3348,stage2_pde_terminal_interface,2348,0.001926507300630554,0.0002,,0.00015966482124019478,0.5124593257769373,1.113577656760462e-05,0.0017557067028223633,3.910946585318837e-16
3349,stage2_pde_terminal_interface,2349,0.001989596013203961,0.0002,,8.922074182758663e-05,0.6449659142080988,7.289214915822645e-06,0.00189308605098483,5.475721770619277e-12
3350,stage2_pde_terminal_interface,2350,0.002628131736351306,0.0002,,0.00016012769363590713,0.5933412253026751,9.313397069008152e-06,0.002458690645646391,4.019530738557838e-23
3351,stage2_pde_terminal_interface,2351,0.001912827433599738,0.0002,,0.00014749082911495729,0.4968395801695403,1.2652256748079452e-05,0.0017526829682364027,1.3795002984312103e-09
3352,stage2_pde_terminal_interface,2352,0.002608526998025633,0.0002,,0.00013894465179793025,0.5507264766508949,1.6834640878017157e-05,0.002452747704856563,4.931229425586274e-13
3353,stage2_pde_terminal_interface,2353,0.0017918235956056342,0.0002,,0.00010530989437133855,0.5381520947647548,7.797673344749517e-06,0.0016787160278895462,4.156312344849195e-27
3354,stage2_pde_terminal_interface,2354,0.0019741574288598923,0.0002,,0.00013436133593376588,0.5650354552825677,1.3187503351158678e-05,0.0018266079027831,6.867918675495844e-10
3355,stage2_pde_terminal_interface,2355,0.002106820578035852,0.0002,,0.00013534851033149845,0.4866045612286147,9.969338511748272e-06,0.001961502728730204,4.624011335527132e-13
3356,stage2_pde_terminal_interface,2356,0.002659966748267209,0.0002,,0.00019922327103366564,0.5238518766949992,8.832068999874422e-06,0.0024519114082336684,9.54924482779577e-19
3357,stage2_pde_terminal_interface,2357,0.0019484936263299243,0.0002,,0.00011671097727484826,0.48528917056227683,8.031072982880403e-06,0.001823751576068817,3.37862211937185e-15
3358,stage2_pde_terminal_interface,2358,0.0014639398925935887,0.0002,,8.348820439888906e-05,0.5320783397472776,1.154337771628592e-05,0.0013689083104784132,4.465973439921279e-19
3359,stage2_pde_terminal_interface,2359,0.002263190528704397,0.0002,,0.00014694000042079488,0.5637942901953216,8.355454315927483e-06,0.0021078950540112293,1.9956445177417654e-11
3360,stage2_pde_terminal_interface,2360,0.0016888714943842351,0.0002,,0.00011539996085915376,0.5951742298694399,1.383593035697004e-05,0.001559619713714356,1.588945375541493e-08
3361,stage2_pde_terminal_interface,2361,0.002773191869937103,0.0002,,0.00011260332671705827,0.5249202661814218,1.3711819138560945e-05,0.0026468747989255494,1.925155934430971e-09
3362,stage2_pde_terminal_interface,2362,0.0026720297496605986,0.0002,,0.00012703172745365978,0.5905114123034734,1.2170576415267763e-05,0.002532827431263838,1.4527832860275855e-11
3363,stage2_pde_terminal_interface,2363,0.0020132591157440345,0.0002,,0.00010599057768835918,0.5635065274301081,1.4784895057579215e-05,0.0018924836429973703,7.255385833339046e-16
3364,stage2_pde_terminal_interface,2364,0.0019254760808518911,0.0002,,0.00011817671172791811,0.5983869799311912,6.0746303098916334e-06,0.0018012246757117098,6.310237154288655e-11
3365,stage2_pde_terminal_interface,2365,0.0017900656196147872,0.0002,,0.0001816168995721352,0.5649530695844565,9.827494650316292e-06,0.0015986174407460817,3.78464625404778e-09
3366,stage2_pde_terminal_interface,2366,0.002458578267233706,0.0002,,0.000181132981131617,0.6284002459249007,7.479974368294195e-06,0.0022699653114616317,2.72162777727655e-13
3367,stage2_pde_terminal_interface,2367,0.0021566077300949373,0.0002,,0.0001243627751541464,0.5453356760804201,1.3879039274620567e-05,0.002018365911819508,3.846662132310532e-12
3368,stage2_pde_terminal_interface,2368,0.0012790010906359136,0.0002,,0.00011321488829513321,0.6066835337813832,9.336313931983541e-06,0.0011564498884087968,6.393851530187774e-25
3369,stage2_pde_terminal_interface,2369,0.002705423997170817,0.0002,,0.00015809597553966296,0.62845513175922,1.2658947435369108e-05,0.002534665303454704,3.770741080984394e-09
3370,stage2_pde_terminal_interface,2370,0.0018555217606273998,0.0002,,0.00013435383226476262,0.4876530143160061,1.223415895526322e-05,0.0017089337693947952,1.2578701899227589e-14
3371,stage2_pde_terminal_interface,2371,0.002571796512109642,0.0002,,0.00012813872205784502,0.6018753969288584,9.956746959744648e-06,0.0024336828197558695,1.8223336182737378e-08
3372,stage2_pde_terminal_interface,2372,0.0016400841949157387,0.0002,,0.00014657951475694858,0.5414736915948329,8.916316982034727e-06,0.0014845883631767545,8.188686772008535e-19
3373,stage2_pde_terminal_interface,2373,0.0020839721361080583,0.0002,,0.00016445567361860446,0.4799705378178021,9.279569586377025e-06,0.0019102368929030768,2.2745019062932325e-21
3374,stage2_pde_terminal_interface,2374,0.00228714345365303,0.0002,,0.00016794553235788994,0.503917361368234,6.773742656939102e-06,0.002112419110735425,5.067902775992228e-09
3375,stage2_pde_terminal_interface,2375,0.0021130961086584187,0.0002,,9.045489788710661e-05,0.5475183415393855,1.245016834018585e-05,0.0020101892320350642,1.8103960615856838e-09
3376,stage2_pde_terminal_interface,2376,0.0026284905172732046,0.0002,,0.00011092519698461911,0.5665478982517842,8.811672528635435e-06,0.00250875364775995,5.882910386689318e-20
3377,stage2_pde_terminal_interface,2377,0.001165371649931916,0.0002,,0.0001668459636588006,0.5578890566909119,1.0471658080468542e-05,0.0009880540279310552,2.615916085038553e-13
3378,stage2_pde_terminal_interface,2378,0.00220213875144718,0.0002,,0.00011183774061269153,0.490360277017673,7.299363613015827e-06,0.0020830016472214614,1.1022260647232727e-17
3379,stage2_pde_terminal_interface,2379,0.002083091100267319,0.0002,,8.027389380147817e-05,0.580307614367315,7.602981979678739e-06,0.0019952142244861622,2.598007567004468e-21
3380,stage2_pde_terminal_interface,2380,0.0017627831329835217,0.0002,,9.021005600311281e-05,0.5008926053006005,1.1004560885928499e-05,0.0016615632665022621,5.249592218436205e-09
3381,stage2_pde_terminal_interface,2381,0.0019362877717722404,0.0002,,0.00016278644298111647,0.5605272421247606,8.044540357549287e-06,0.001765456788433034,5.405683498384317e-16
3382,stage2_pde_terminal_interface,2382,0.0018801860576381666,0.0002,,0.00011732609760045331,0.5817101760826645,1.3188532748618613e-05,0.0017496714272890947,3.459588339033807e-27
3383,stage2_pde_terminal_interface,2383,0.0020324239805461527,0.0002,,0.00011003809296242654,0.5203089921467314,1.1166816332151748e-05,0.0019112190710930176,1.5855656083306564e-13
3384,stage2_pde_terminal_interface,2384,0.0021388506690591088,0.0002,,0.00010638793136999721,0.44177876081329726,1.476087707292582e-05,0.0020176985537455243,3.3068706615872593e-09
3385,stage2_pde_terminal_interface,2385,0.0019580610990086508,0.0002,,8.800425132377355e-05,0.4871098033832838,7.884419367981332e-06,0.0018621724061802973,2.213659835605194e-11
3386,stage2_pde_terminal_interface,2386,0.001508332888151019,0.0002,,0.00013656314205579126,0.5723992784299056,8.366401379542373e-06,0.0013634033433124646,1.4032205716886121e-12
3387,stage2_pde_terminal_interface,2387,0.0018672921953069236,0.0002,,0.00017594365573726084,0.5336032198609203,9.961929608572972e-06,0.0016813865354257224,7.453536737659472e-11
3388,stage2_pde_terminal_interface,2388,0.0015800291275169427,0.0002,,0.00013528174965524265,0.5218362392457128,8.726850889750082e-06,0.0014360205269715735,3.7646519527530857e-16
3389,stage2_pde_terminal_interface,2389,0.0021565792038596866,0.0002,,0.00015906781820747957,0.4697721011527181,8.076665475317413e-06,0.0019894346562191758,6.395771388527284e-11
3390,stage2_pde_terminal_interface,2390,0.00200883611525149,0.0002,,0.00011379927412129196,0.5696549180731824,1.268958713471507e-05,0.001882347223206668,3.078881492557587e-11
3391,stage2_pde_terminal_interface,2391,0.0020813505388507887,0.0002,,0.00013821464004928994,0.5214134392456501,1.067707034544744e-05,0.0019324588284512735,4.777670168942629e-15
3392,stage2_pde_terminal_interface,2392,0.0013936875340830434,0.0002,,6.556553163869678e-05,0.6201117172471294,1.3665750785881595e-05,0.001314456251658465,9.514609499275287e-21
3393,stage2_pde_terminal_interface,2393,0.0025045966358159953,0.0002,,0.00010604603133471821,0.5556497124813151,7.901645994264703e-06,0.0023906489570019777,1.4850349622016845e-12
3394,stage2_pde_terminal_interface,2394,0.002041638236802857,0.0002,,9.956298120334742e-05,0.4795724655844375,8.998389198672206e-06,0.001933076820086757,4.631408064743019e-11
3395,stage2_pde_terminal_interface,2395,0.0016399965133697225,0.0002,,8.735211086402868e-05,0.5763838791395246,7.420836848253672e-06,0.0015452235142179816,5.143945858245396e-11
3396,stage2_pde_terminal_interface,2396,0.0023170386022830993,0.0002,,0.00011797131029288668,0.48829274041015036,1.0216378804380897e-05,0.0021888481121333705,2.801052461287294e-09
3397,stage2_pde_terminal_interface,2397,0.002138264676442522,0.0002,,0.0001119119693293276,0.5895468654910756,1.0039406522980107e-05,0.0020163133005901865,2.8184101779599085e-17
3398,stage2_pde_terminal_interface,2398,0.0018943251544040229,0.0002,,0.00013811751650275142,0.49430945170247576,1.1577847021994508e-05,0.001744629523009153,2.6787012394228685e-10
3399,stage2_pde_terminal_interface,2399,0.0035749889658654556,0.0002,,0.00010912723093043995,0.590923305949026,9.597337916797632e-06,0.0034562643964253697,5.928484139047587e-13
3400,stage2_pde_terminal_interface,2400,0.002160808111612784,0.0002,,0.00012635043514742025,0.5065865552352687,5.925362439893602e-06,0.0020285312169696654,1.0970558048544898e-09
3401,stage2_pde_terminal_interface,2401,0.0020629882591915107,0.0002,,0.00020517718944251226,0.5451537296248572,9.373219154862606e-06,0.001848437850594136,3.889997637361936e-26
3402,stage2_pde_terminal_interface,2402,0.001312061140093444,0.0002,,0.00013184373089693215,0.5028293506916908,7.668937374705555e-06,0.0011725484718218063,1.3383333791897912e-34
3403,stage2_pde_terminal_interface,2403,0.0017637805736187065,0.0002,,0.00011422145504056107,0.5772733262051204,9.390366661193637e-06,0.00164016875138898,5.279719165288619e-13
3404,stage2_pde_terminal_interface,2404,0.0018864502479500323,0.0002,,8.917787982626745e-05,0.5212813639793517,8.772469874089412e-06,0.0017884979833241122,1.914925563238972e-09
3405,stage2_pde_terminal_interface,2405,0.0021245502581277195,0.0002,,0.00010107657524190727,0.4821475752079531,1.0688358180543014e-05,0.0020126979407521007,8.7383953168429e-08
3406,stage2_pde_terminal_interface,2406,0.002146003634559211,0.0002,,7.596620761531297e-05,0.5458117050567343,1.061880634640955e-05,0.0020594186205974883,3.249689655998282e-23
3407,stage2_pde_terminal_interface,2407,0.0021566200420299764,0.0002,,0.00010968858632790802,0.5135005291842093,5.714434274030296e-06,0.0020412170214280383,1.176995839917679e-19
3408,stage2_pde_terminal_interface,2408,0.001917173986238365,0.0002,,0.00014208472137151515,0.5004149177935683,1.3178545717249731e-05,0.0017619089612577335,1.7578918665594945e-09
3409,stage2_pde_terminal_interface,2409,0.0023580483322907437,0.0002,,0.00010905619327433364,0.5858415661166569,1.099300491623585e-05,0.0022379991341000167,1.5748723921568478e-16
3410,stage2_pde_terminal_interface,2410,0.002863370389432469,0.0002,,0.00018016901418892823,0.5400811858989026,1.0734662297509183e-05,0.002672466712258482,6.875499061783142e-13
3411,stage2_pde_terminal_interface,2411,0.0019304574603458981,0.0002,,0.00010461578436658301,0.5012809443455128,1.0973172555311282e-05,0.001814868503423113,8.90705256512358e-16
3412,stage2_pde_terminal_interface,2412,0.0021774589833907713,0.0002,,0.0001222841359609452,0.5088764578841283,9.980301324033355e-06,0.0020451945455708543,5.349383606704077e-13
3413,stage2_pde_terminal_interface,2413,0.00245352636488421,0.0002,,0.0001240334611871758,0.5204584690798326,1.5774622823841758e-05,0.0023137182808731917,2.208863496310302e-19
3414,stage2_pde_terminal_interface,2414,0.0015036470059924198,0.0002,,0.00011864352000634202,0.5186094514351333,6.961656487694845e-06,0.001378041783544367,4.595401590162773e-11
3415,stage2_pde_terminal_interface,2415,0.0021095420598027633,0.0002,,8.124530427229974e-05,0.51022324815335,1.0660018691970761e-05,0.002017636736838212,2.805405981878709e-16
3416,stage2_pde_terminal_interface,2416,0.0017432443438024031,0.0002,,0.0001092668631599963,0.538191506669507,1.2901334978399878e-05,0.0016210761453693914,2.946156935332216e-13
3417,stage2_pde_terminal_interface,2417,0.0028392606460549154,0.0002,,0.00017538037915483247,0.49962997293416944,7.630351281476578e-06,0.002656249915618605,1.3411135573358205e-18
3418,stage2_pde_terminal_interface,2418,0.0024264185165479386,0.0002,,0.00016400819473496317,0.6015517033403526,1.0130902071609418e-05,0.002252279193341265,2.2640010111922595e-10
3419,stage2_pde_terminal_interface,2419,0.001878626290260431,0.0002,,8.077816270818814e-05,0.5460612049592903,8.116226287585507e-06,0.0017897319012579976,6.6595869947063666e-15
3420,stage2_pde_terminal_interface,2420,0.0020675691577553964,0.0002,,0.00012311436219213223,0.5636456895425308,8.524450385271465e-06,0.0019359298986279558,4.4655003687404305e-10
3421,stage2_pde_terminal_interface,2421,0.0025002045636745044,0.0002,,0.00010534680371271886,0.492921105159881,7.97771223736492e-06,0.002386880047722601,1.8198423523343416e-15
3422,stage2_pde_terminal_interface,2422,0.0027550985339096,0.0002,,0.0002026068251621949,0.5356787864500245,8.819167580268535e-06,0.0025436725222243686,1.8942767282478388e-11
3423,stage2_pde_terminal_interface,2423,0.0018647101890187454,0.0002,,9.417295664652163e-05,0.5066089239699179,6.812521796747278e-06,0.0017637110353227736,1.3675252702785502e-08
3424,stage2_pde_terminal_interface,2424,0.002059416600358029,0.0002,,0.00018129888241853623,0.5938761582463024,1.2503899299187444e-05,0.0018655601458332529,5.367280705271816e-08
3425,stage2_pde_terminal_interface,2425,0.0015492494528524694,0.0002,,0.00015227811113426726,0.49707144081208926,8.594885157609821e-06,0.0013883764565333673,2.72251405301108e-14
3426,stage2_pde_terminal_interface,2426,0.0023069648605229093,0.0002,,0.00013340902917018834,0.5165319119301044,9.907729423491211e-06,0.0021636480993243792,2.604850381607479e-12
3427,stage2_pde_terminal_interface,2427,0.0018591883873541836,0.0002,,0.000182355448587486,0.5050200469621788,1.1231679911028521e-05,0.0016656012586982833,1.5738556015872506e-13
3428,stage2_pde_terminal_interface,2428,0.0017580461436505232,0.0002,,0.00012170743883521685,0.4833080504533471,8.431450532186261e-06,0.0016279072479913228,6.291797222144028e-12
3429,stage2_pde_terminal_interface,2429,0.0017205601845543485,0.0002,,0.00010705772339521488,0.6161102726891723,7.045875340312897e-06,0.0016064565403396702,4.5479150629434927e-11
3430,stage2_pde_terminal_interface,2430,0.0017595721089297795,0.0002,,0.00017838404334678283,0.45982911026213086,6.1848010034646086e-06,0.0015750030641113128,2.004682193642772e-10
3431,stage2_pde_terminal_interface,2431,0.0028021116015670452,0.0002,,0.0001404926974713889,0.5743723862686442,1.150742317980558e-05,0.002650111480891737,2.4113370834681064e-14
3432,stage2_pde_terminal_interface,2432,0.0019366959426164454,0.0002,,0.00013162194675059096,0.5422737541615119,1.1533080322158975e-05,0.0017935409155412265,2.4689238879947365e-15
3433,stage2_pde_terminal_interface,2433,0.001997340406152025,0.0002,,0.00017857192841540394,0.6311242239543765,1.1034555754005576e-05,0.0018077339215993708,3.832444861641286e-13
3434,stage2_pde_terminal_interface,2434,0.0019153094944225184,0.0002,,0.00011677498885823174,0.5718334171836041,7.532314854465247e-06,0.0017909983026350228,3.888074798612213e-09
3435,stage2_pde_terminal_interface,2435,0.0015319409545057122,0.0002,,6.541963557242536e-05,0.45053899776823986,1.0376420528242922e-05,0.0014561410063051276,3.8920999163283805e-09
3436,stage2_pde_terminal_interface,2436,0.002016351892042764,0.0002,,0.00010901244884055678,0.5229886773189413,7.343250543234255e-06,0.0018999961926562342,2.7385750079853283e-15
3437,stage2_pde_terminal_interface,2437,0.0023653954788830952,0.0002,,0.00017856942616704174,0.5749524467226701,8.114682119311898e-06,0.002178711370516992,7.974939861567852e-14
3438,stage2_pde_terminal_interface,2438,0.0018701576183539053,0.0002,,0.0001036257558432422,0.550384041964276,8.724265806404573e-06,0.001757807577409551,1.9294707487087974e-11
3439,stage2_pde_terminal_interface,2439,0.002176752511414091,0.0002,,0.00011533144394500627,0.5900766848716147,9.160786971549478e-06,0.002052230546320282,2.9734177253215706e-08
3440,stage2_pde_terminal_interface,2440,0.002544720634963609,0.0002,,0.00012624053498467604,0.5436232279774242,8.446591380270482e-06,0.002410029573745039,3.934853623334352e-09
3441,stage2_pde_terminal_interface,2441,0.002160879883365556,0.0002,,0.00014489119194232186,0.5527950654689203,1.5183521064836878e-05,0.0020008051703583976,3.838725882758501e-23
3442,stage2_pde_terminal_interface,2442,0.0020281735246960716,0.0002,,0.0001797683618263734,0.4992998551934851,1.2754980496881247e-05,0.0018356501779342117,4.438605170128496e-12
3443,stage2_pde_terminal_interface,2443,0.0017640571279566243,0.0002,,0.0002746502605430513,0.5513933152814822,8.870638932983085e-06,0.0014805362284802874,3.0243234520539136e-16
3444,stage2_pde_terminal_interface,2444,0.002047002723459296,0.0002,,0.00016545165628430554,0.5327801433538528,1.420750757532751e-05,0.0018673435595996629,1.5943958109799748e-21
3445,stage2_pde_terminal_interface,2445,0.002533622948004132,0.0002,,0.00021366881556746792,0.5273841343569428,1.2527466410373204e-05,0.002307426666026291,2.4317020968699478e-20
3446,stage2_pde_terminal_interface,2446,0.0025689903767641465,0.0002,,0.0002529511372676641,0.5434669561514375,9.485443121468438e-06,0.002306553796375009,4.75553756157118e-18
3447,stage2_pde_terminal_interface,2447,0.0032250040845524237,0.0002,,0.00014145555461914273,0.4761782935122942,9.176707925971638e-06,0.0030743718220072463,6.286700669131297e-17
3448,stage2_pde_terminal_interface,2448,0.00212688373240064,0.0002,,0.00016064420059158727,0.5469761811907669,9.232645315946784e-06,0.001957006886493106,2.5179872388718616e-22
3449,stage2_pde_terminal_interface,2449,0.001726224156166042,0.0002,,0.00016331573130952986,0.5017466158365438,8.533616794023555e-06,0.0015543748080622585,2.3029017313556675e-16
3450,stage2_pde_terminal_interface,2450,0.0015756354884790748,0.0002,,0.00019275795644985353,0.5955665388057066,9.472487910195007e-06,0.0013734050441171564,1.869816515062185e-15
3451,stage2_pde_terminal_interface,2451,0.002445155027733583,0.0002,,0.00022695836741251565,0.5276605116587022,9.73829501510704e-06,0.0022084293314821074,2.9033823852717865e-08
3452,stage2_pde_terminal_interface,2452,0.001846969212413264,0.0002,,0.00014223754796096152,0.5233093856350879,1.3123387123475775e-05,0.0016916082771260004,2.0282645450536452e-13
3453,stage2_pde_terminal_interface,2453,0.0023295119929361585,0.0002,,0.0001432004485628615,0.5469218164603703,7.330369672425149e-06,0.002178977690156687,3.484544184822327e-09
3454,stage2_pde_terminal_interface,2454,0.0020204433050586383,0.0002,,0.0002076450212902001,0.5683014896259846,1.0394248994606364e-05,0.0018024040347385927,3.523901101872432e-14
3455,stage2_pde_terminal_interface,2455,0.0025566240387181935,0.0002,,0.000174896224711382,0.5697150265618691,8.300633245349785e-06,0.0023734252455592025,1.935202259202174e-09
3456,stage2_pde_terminal_interface,2456,0.002426165271586752,0.0002,,9.184364027705575e-05,0.5463641054775994,7.094343462102143e-06,0.0023272211607446858,6.127102908508854e-09
3457,stage2_pde_terminal_interface,2457,0.0026282546080934454,0.0002,,0.00017212680299133568,0.49799715402005196,1.2798667151472998e-05,0.0024433284592847923,6.786658446321658e-10
3458,stage2_pde_terminal_interface,2458,0.002644742773538842,0.0002,,0.00011723577295504417,0.4962427668869128,8.481090603587467e-06,0.002519025902937939,7.0422713086869676e-12
3459,stage2_pde_terminal_interface,2459,0.0018912265925094944,0.0002,,0.00010301185469166093,0.538876064561563,1.042915279698836e-05,0.0017777386652593602,4.6919761484761865e-08
3460,stage2_pde_terminal_interface,2460,0.002000418568857701,0.0002,,8.647141563264231e-05,0.655107948077247,6.5753208846024525e-06,0.0019073716055787542,2.267617018666914e-10
3461,stage2_pde_terminal_interface,2461,0.0021775812737327535,0.0002,,0.00011150077409658509,0.5164298749570895,1.0944471354997269e-05,0.002055133932608862,2.095672309477282e-09
3462,stage2_pde_terminal_interface,2462,0.002113197203682381,0.0002,,0.00015656985945179517,0.6429153142557766,8.532746596818567e-06,0.0019480945975318509,1.019164208272138e-13
3463,stage2_pde_terminal_interface,2463,0.002111158597385674,0.0002,,0.00012149087693657565,0.5250122288702456,1.1868459242920306e-05,0.001977799261206178,1.7012430741129025e-24
3464,stage2_pde_terminal_interface,2464,0.0023721779111233656,0.0002,,0.00011729072118451053,0.5906122428469055,1.1448883007744647e-05,0.0022434383069311068,3.3763225266622915e-18
3465,stage2_pde_terminal_interface,2465,0.002155347290343239,0.0002,,0.00010259308675652197,0.5534216956849755,1.129465105753394e-05,0.0020414595512355453,1.2936377737759127e-12
3466,stage2_pde_terminal_interface,2466,0.0018236445441641217,0.0002,,0.00017562403091679146,0.4920937051358886,9.391088275175225e-06,0.0016386294249039128,6.824198954231712e-14
3467,stage2_pde_terminal_interface,2467,0.002592562852474487,0.0002,,0.00015245990484246666,0.6010076068417277,7.27515808947663e-06,0.0024328277895425436,8.966829830983068e-22
3468,stage2_pde_terminal_interface,2468,0.0018159963549074852,0.0002,,0.0001507579376409947,0.6280901195623466,1.28066886833794e-05,0.0016524317285830476,6.355108940646703e-17
3469,stage2_pde_terminal_interface,2469,0.0020036862678764365,0.0002,,0.00016873278613933245,0.5451921680968151,1.1060418997161119e-05,0.001823892948562948,1.1417699512428751e-10
3470,stage2_pde_terminal_interface,2470,0.0022126801467064073,0.0002,,0.00014501244563325065,0.5337320145601291,1.1574381619138957e-05,0.0020560932128462785,1.0660773923495753e-10
3471,stage2_pde_terminal_interface,2471,0.0027236997563533515,0.0002,,0.00010867431991766537,0.48623681237947897,8.962463210994938e-06,0.002606062973224686,5.189079870075591e-18
3472,stage2_pde_terminal_interface,2472,0.0033741533569239487,0.0002,,0.00011547573130531213,0.557409606035594,1.0678583700965002e-05,0.0032479990418432785,7.439298558619349e-14
3473,stage2_pde_terminal_interface,2473,0.0026833247743008196,0.0002,,9.143798455153666e-05,0.503649016942756,8.985769629990929e-06,0.002582901020119215,7.681722188297207e-17
3474,stage2_pde_terminal_interface,2474,0.002304634130276582,0.0002,,0.0001244496929913659,0.5392941562902183,1.0209582138544123e-05,0.002169974855141908,4.763828876335059e-15
3475,stage2_pde_terminal_interface,2475,0.0020210057606222863,0.0002,,0.0001400323144540587,0.5523049942378169,1.1214823716660224e-05,0.0018697586104810594,1.197050778172403e-11
3476,stage2_pde_terminal_interface,2476,0.0014668043861994263,0.0002,,0.00010607835499707301,0.5772744247137107,1.0904248567668059e-05,0.001349821782634388,2.972143235689888e-16
3477,stage2_pde_terminal_interface,2477,0.0021591151514455385,0.0002,,0.00016126224836668569,0.5332983069968453,9.968315291471549e-06,0.0019878845877873814,3.316630472333997e-20
3478,stage2_pde_terminal_interface,2478,0.002794173168856764,0.0002,,0.0001543928600456018,0.5593953612937448,8.215712860729009e-06,0.0026315630973846585,1.4985657749772542e-09
3479,stage2_pde_terminal_interface,2479,0.0015851514076996476,0.0002,,0.00011752705337481092,0.4785001009314806,7.826088940267468e-06,0.0014597982653845167,5.250377970815737e-17
3480,stage2_pde_terminal_interface,2480,0.0021690712277828207,0.0002,,0.00010474091221964076,0.57917194945117,8.13127427410951e-06,0.00205619902567785,1.5611220610857675e-11
3481,stage2_pde_terminal_interface,2481,0.0014408155105577703,0.0002,,0.00010458730284555325,0.5682733145152771,9.580369773164856e-06,0.0013266478379390522,1.9767318529283573e-21
3482,stage2_pde_terminal_interface,2482,0.0015137889690930834,0.0002,,0.0001694476121170694,0.6200383523185035,1.1527273648047547e-05,0.0013328140833247792,3.187119451098844e-15
3483,stage2_pde_terminal_interface,2483,0.002892377686675335,0.0002,,0.00015799285933022357,0.5648048819169454,1.3122225633140258e-05,0.002721262601707088,4.882629758765589e-15
3484,stage2_pde_terminal_interface,2484,0.002152144607013145,0.0002,,0.00012494412875848628,0.5538735362853352,1.0309885702184072e-05,0.002016889714562762,8.779897125446507e-10
3485,stage2_pde_terminal_interface,2485,0.001825370992944366,0.0002,,0.0001720209259786895,0.5574029618350496,1.2287223601974455e-05,0.0016410628432051613,1.5854074087508337e-13
3486,stage2_pde_terminal_interface,2486,0.0018208652570617383,0.0002,,7.042909949703442e-05,0.4591540062949162,1.3642489999423221e-05,0.001736793666307265,1.25801574927799e-12
3487,stage2_pde_terminal_interface,2487,0.002165689443273197,0.0002,,0.0001283614144874342,0.6062989215705522,9.31879832667488e-06,0.002028009230459088,1.981689454873598e-19
3488,stage2_pde_terminal_interface,2488,0.002822330702656216,0.0002,,0.00012800421106468152,0.5710753129172634,9.311983866508742e-06,0.002685014493348668,1.4376357644629963e-11
3489,stage2_pde_terminal_interface,2489,0.0023475013100976634,0.0002,,0.0001234214474642427,0.5447605193211833,7.4958122014511755e-06,0.0022165840504319695,1.629630639850487e-19
3490,stage2_pde_terminal_interface,2490,0.0015651506848182984,0.0002,,0.00010783835660499188,0.47916667181168643,7.77638440339963e-06,0.0014495359431016507,7.082560926582967e-13
3491,stage2_pde_terminal_interface,2491,0.002114610428617378,0.0002,,9.6309258497022e-05,0.5611842851667449,9.086755098746199e-06,0.0020092144150216096,2.030912874661434e-31
3492,stage2_pde_terminal_interface,2492,0.0021600147118401684,0.0002,,0.0001273512428411856,0.4706642023541821,9.306578244329652e-06,0.002023356890754653,5.459985005832365e-19
3493,stage2_pde_terminal_interface,2493,0.001462044181899096,0.0002,,0.00013443513569972958,0.5713709081629627,8.22998141691964e-06,0.0013193790647281277,5.431913716881279e-14
3494,stage2_pde_terminal_interface,2494,0.0022622804891019948,0.0002,,0.00014049372169669638,0.4399535101275014,9.960500334680189e-06,0.0021118262670706154,2.7381558755459402e-18
3495,stage2_pde_terminal_interface,2495,0.0026347479613957414,0.0002,,0.00013142677449815528,0.5753249338360541,9.775522816735065e-06,0.0024935383890165672,7.275064284195202e-09
3496,stage2_pde_terminal_interface,2496,0.002129702305701905,0.0002,,0.00014825207114881417,0.49152633082881,7.3307190813628715e-06,0.0019741195138601886,1.6115395507181468e-12
3497,stage2_pde_terminal_interface,2497,0.0020210010395418114,0.0002,,9.963002227991554e-05,0.5926346889521433,1.1297991676132921e-05,0.0019100727265813884,2.990043745530277e-10
3498,stage2_pde_terminal_interface,2498,0.0017203047527898953,0.0002,,0.00019970109491604152,0.6434151587944903,9.626157245474746e-06,0.001510977500628379,2.7604630903092503e-25
3499,stage2_pde_terminal_interface,2499,0.0022736445003095507,0.0002,,0.00015647188815864763,0.5714584280943105,1.0666879438894669e-05,0.0021065054449636764,2.877483322858717e-10
3500,stage2_pde_terminal_interface,2500,0.0025031212939051074,0.0002,,0.0001425439727079191,0.6997156232211721,9.009895530101419e-06,0.002351032453732927,5.349719341598024e-07
3501,stage2_pde_terminal_interface,2501,0.0017745789308272794,0.0002,,0.0001699954024015886,0.6037666749751769,1.0323978452242928e-05,0.0015942595499734479,1.6509924621539989e-21
3502,stage2_pde_terminal_interface,2502,0.0016521545405742111,0.0002,,9.657344217899571e-05,0.6502136648354367,9.971805741927169e-06,0.0015456092926513358,1.9523531749071117e-15
3503,stage2_pde_terminal_interface,2503,0.0026961162636752454,0.0002,,0.00014275415305661082,0.5559012460126648,1.1878882521922268e-05,0.002541477995332571,5.232764141270524e-09
3504,stage2_pde_terminal_interface,2504,0.0022350456085657535,0.0002,,0.00011149204322444858,0.5988551737218291,1.2203325647195182e-05,0.0021113502396940143,9.541680508368944e-17
3505,stage2_pde_terminal_interface,2505,0.0017249108399312234,0.0002,,0.00016690620829503083,0.49958086294336373,6.140909596500016e-06,0.0015518506087140293,1.3113325663222878e-08
3506,stage2_pde_terminal_interface,2506,0.001977450935762448,0.0002,,5.600980711697723e-05,0.48682881961631264,8.320991130412585e-06,0.0019131200908616447,4.665341344709466e-11
3507,stage2_pde_terminal_interface,2507,0.0016143661755241344,0.0002,,0.00015351296197732816,0.5070929198846716,1.022885442835521e-05,0.0014506243591179994,4.515867545800042e-16
3508,stage2_pde_terminal_interface,2508,0.0024419225692754224,0.0002,,0.00015529967004918418,0.5622805132414513,5.637098662249596e-06,0.0022809858005639755,1.3046665345362342e-17
3509,stage2_pde_terminal_interface,2509,0.0017154130222115378,0.0002,,6.498606406576236e-05,0.5146366827620541,8.00842289901817e-06,0.0016424185352467572,8.97579479176805e-24
3510,stage2_pde_terminal_interface,2510,0.002037146969779361,0.0002,,0.0001003200338044751,0.5600613486349991,1.0896361141515366e-05,0.0019259305748333135,5.734419338553145e-17
3511,stage2_pde_terminal_interface,2511,0.002303246298223734,0.0002,,0.00017964409108342153,0.6396614835451047,6.966446753769498e-06,0.002116635759326426,1.0601170590670242e-12
3512,stage2_pde_terminal_interface,2512,0.001913368779866936,0.0002,,0.0001565695729944317,0.4595823318210932,6.8539364020845325e-06,0.0017499396705595526,5.599910867080129e-09
3513,stage2_pde_terminal_interface,2513,0.0021833588861572516,0.0002,,8.92444818536031e-05,0.5324538050495862,1.1032694152620487e-05,0.002083081665436402,4.471462613736844e-11
3514,stage2_pde_terminal_interface,2514,0.0030695981485990742,0.0002,,0.000140331127962151,0.48994891326665857,8.78774529425018e-06,0.002920466878968648,1.2396374024875949e-08
3515,stage2_pde_terminal_interface,2515,0.0037418062471747684,0.0002,,0.00013458843774563157,0.5388918562559537,7.4245240030107825e-06,0.0035997924616473905,8.237787355125461e-10
3516,stage2_pde_terminal_interface,2516,0.0016148866599932274,0.0002,,7.350190879230248e-05,0.6065447812210972,1.1131519486519464e-05,0.001530253231392127,3.2227868678185886e-13
3517,stage2_pde_terminal_interface,2517,0.002536981184992734,0.0002,,0.00014698130896415943,0.6028414224093442,1.324029716186239e-05,0.0023767595788667046,7.683233980330426e-18
3518,stage2_pde_terminal_interface,2518,0.002180833799349129,0.0002,,9.175218148146947e-05,0.613817552084284,9.37780787019003e-06,0.0020797038099974697,3.212195348029392e-22
3519,stage2_pde_terminal_interface,2519,0.0017873086645456917,0.0002,,9.699904467633109e-05,0.5106489095542422,1.2597835449028458e-05,0.0016777090493035243,2.735116808058426e-09
3520,stage2_pde_terminal_interface,2520,0.0018404244151712372,0.0002,,9.301157616276047e-05,0.641205158739114,1.0077151371563986e-05,0.0017373356876369127,9.169344076899942e-29
3521,stage2_pde_terminal_interface,2521,0.001895806701169242,0.0002,,0.0001057083251333346,0.48646853742201923,1.0461367560767505e-05,0.0017796370084751398,4.462139541057925e-22
3522,stage2_pde_terminal_interface,2522,0.002047234593687694,0.0002,,0.00010018224636023394,0.5508031799096244,8.782743290015103e-06,0.0019382696039733317,6.411342304905757e-14
3523,stage2_pde_terminal_interface,2523,0.0019758541334205034,0.0002,,0.00010168628695154772,0.5842907567726947,1.2141564314894646e-05,0.0018620262821536675,3.932158443668437e-16
3524,stage2_pde_terminal_interface,2524,0.002690656562459934,0.0002,,0.00014017261290847109,0.576403053299394,8.852870409338449e-06,0.0025416310791421246,4.5053434979557944e-24
3525,stage2_pde_terminal_interface,2525,0.0016812592825979893,0.0002,,9.598655583655784e-05,0.5264635035878171,1.202707983444988e-05,0.001573245627244789,1.968219267041238e-11
3526,stage2_pde_terminal_interface,2526,0.0019204193646695207,0.0002,,0.00010148693401409692,0.6767655631107558,1.4005229180156151e-05,0.0018049269852321106,2.1624315699570117e-10
3527,stage2_pde_terminal_interface,2527,0.0017630239792474397,0.0002,,0.00012971958758831615,0.4867079295449019,1.0844918699402227e-05,0.0016224594729597212,3.119462111430426e-19
3528,stage2_pde_terminal_interface,2528,0.0022427840189887947,0.0002,,0.00012746958016999848,0.5597796012760899,7.191706996441482e-06,0.0021081222608601274,4.709622276002007e-10
3529,stage2_pde_terminal_interface,2529,0.002111468644893673,0.0002,,8.836111643622903e-05,0.5035199599967489,1.277049586073917e-05,0.0020103370325962487,4.56177501575137e-16
3530,stage2_pde_terminal_interface,2530,0.0016849833742693672,0.0002,,0.00012676224549084905,0.5309397925227446,6.468401970442807e-06,0.0015517527268080753,2.1726897185118504e-33
3531,stage2_pde_terminal_interface,2531,0.002440109348483174,0.0002,,0.00015274154256963662,0.5001658305110194,1.2187144599888402e-05,0.0022751806613136487,7.04623912071647e-26
3532,stage2_pde_terminal_interface,2532,0.002561925143448269,0.0002,,0.00012568799632680088,0.5186005775508944,7.942958706245214e-06,0.002428294188415203,2.0104046034445164e-17
3533,stage2_pde_terminal_interface,2533,0.0026075407271412554,0.0002,,0.00013606833481939745,0.5672930096374397,1.1514753187214868e-05,0.0024599576345667173,4.567926084479078e-12
3534,stage2_pde_terminal_interface,2534,0.0017171901889963567,0.0002,,0.00011842964776769148,0.4263810200133879,1.2204776712385202e-05,0.0015865557645162792,9.13454764511894e-19
3535,stage2_pde_terminal_interface,2535,0.002200812474094585,0.0002,,0.00014762723173101516,0.5230878573940271,9.164187873885004e-06,0.0020440209571345983,9.735508680413804e-11
3536,stage2_pde_terminal_interface,2536,0.0021290163330084273,0.0002,,8.370563574416142e-05,0.5275698229490372,9.804955024315079e-06,0.00203547808351884,2.7658721110952128e-08
3537,stage2_pde_terminal_interface,2537,0.002413047840578969,0.0002,,0.00014898232325919803,0.6256702791466754,1.0816270790400073e-05,0.0022532492465293513,1.9699479088444513e-17
3538,stage2_pde_terminal_interface,2538,0.0024219716579953377,0.0002,,0.00013016522305126253,0.4772912601318874,8.461747926566645e-06,0.0022833446870175085,2.0965699719592085e-21
3539,stage2_pde_terminal_interface,2539,0.001893520345905554,0.0002,,0.00017763720425628394,0.5872680970741623,5.190632707312359e-06,0.0017106925089419578,6.113578178880283e-21
3540,stage2_pde_terminal_interface,2540,0.002701529441402248,0.0002,,0.00010269909518491906,0.5444282216626564,1.1330046933984246e-05,0.0025875002992833446,9.902941240389757e-21
3541,stage2_pde_terminal_interface,2541,0.0012857859554269058,0.0002,,0.00013133570007089042,0.5268737739136161,7.969174046126418e-06,0.0011464808861010995,1.9520878941278185e-10
3542,stage2_pde_terminal_interface,2542,0.0018870735873061893,0.0002,,0.00011259496931258481,0.5524484652978517,5.662603630693232e-06,0.0017688160143595555,3.355915408099988e-15
3543,stage2_pde_terminal_interface,2543,0.0017436382294130396,0.0002,,8.916836172796552e-05,0.5300259214837326,1.1717038012862897e-05,0.0016427528296722113,8.308859571637429e-23
3544,stage2_pde_terminal_interface,2544,0.001870110240113164,0.0002,,9.341453167595283e-05,0.5189174061644819,8.771044681911833e-06,0.0017679246599941638,3.761135448715004e-12
3545,stage2_pde_terminal_interface,2545,0.0022346367223806452,0.0002,,8.801246811434576e-05,0.5026719844352346,7.518644167767235e-06,0.0021391055711017367,3.899679517051536e-11
3546,stage2_pde_terminal_interface,2546,0.0023508385475191004,0.0002,,0.00016778759632180576,0.5004896595449508,8.812093329382105e-06,0.0021742388578649577,2.9551258094664894e-15
3547,stage2_pde_terminal_interface,2547,0.002315991319283149,0.0002,,9.88027863941733e-05,0.5619569609288059,5.302036379139348e-06,0.0022118864964956863,1.4149728648153067e-14
3548,stage2_pde_terminal_interface,2548,0.0029773942748129853,0.0002,,0.00013841381743857033,0.5135488982628005,9.767547238938907e-06,0.0028291654998675708,4.741026790492753e-08
3549,stage2_pde_terminal_interface,2549,0.0016215975080778853,0.0002,,0.0001675944424312323,0.6578994096777107,1.0595618379804239e-05,0.0014434071387805173,3.0848633161376214e-10
3550,stage2_pde_terminal_interface,2550,0.0021976316649609993,0.0002,,0.00015054894750001174,0.4393809968289396,7.907491589500166e-06,0.002039171494902301,3.730969185980297e-09
3551,stage2_pde_terminal_interface,2551,0.002127587663330319,0.0002,,0.0001360234520407267,0.5491556816524821,1.1798818151273798e-05,0.0019797653931383184,3.0001362716531737e-21
3552,stage2_pde_terminal_interface,2552,0.0022156770313448695,0.0002,,0.00010500784021476146,0.5031831047131434,7.259044975564094e-06,0.00210341014247554,3.6790036000964276e-12
3553,stage2_pde_terminal_interface,2553,0.002156664801337719,0.0002,,0.00014299080487350916,0.4949755804515328,9.433815985319772e-06,0.0020042401599791324,2.0499757767428994e-11
3554,stage2_pde_terminal_interface,2554,0.0021533219629803987,0.0002,,0.00014063070608336288,0.593937524387619,1.3860289672974717e-05,0.0019988224452312407,8.5219928199897e-09
3555,stage2_pde_terminal_interface,2555,0.002770558126456068,0.0002,,0.0001579920498430812,0.542345434575531,1.011656077757636e-05,0.002602440382946369,9.132889041248772e-09
3556,stage2_pde_terminal_interface,2556,0.002207058076323096,0.0002,,9.288302077337649e-05,0.5381473947138067,9.02776375829054e-06,0.0021051455269742105,1.7648172186084969e-09
3557,stage2_pde_terminal_interface,2557,0.0028370351847824085,0.0002,,0.00018664714030070526,0.5665606645766506,1.2964766457957637e-05,0.0026374232780237454,1.1822197826606564e-20
3558,stage2_pde_terminal_interface,2558,0.002576808230530419,0.0002,,0.00019905379129650207,0.5992560464811921,8.099629267467474e-06,0.0023696428008147343,1.2009151715300304e-08
3559,stage2_pde_terminal_interface,2559,0.002603382973712009,0.0002,,0.0002098956308397129,0.6232141511526582,1.1256197653439966e-05,0.002382231145218856,4.670644708536809e-19
3560,stage2_pde_terminal_interface,2560,0.0019227201839260798,0.0002,,0.00018329963659930893,0.5766058386062279,9.206068496319756e-06,0.0017301416186642025,7.286016624856429e-08
3561,stage2_pde_terminal_interface,2561,0.002271254920327563,0.0002,,0.00017206889175433112,0.5481092308227455,1.1345828511228598e-05,0.002087840199999184,6.281944312970868e-14
3562,stage2_pde_terminal_interface,2562,0.00248465349722236,0.0002,,0.00012654012405340052,0.4675074486461561,1.0857039271453202e-05,0.002347256317173135,1.6724371326101007e-11
3563,stage2_pde_terminal_interface,2563,0.0015968656496255812,0.0002,,7.620512969685661e-05,0.5275360229029186,9.10179531504122e-06,0.0015115587246029025,1.0780860859008969e-14
3564,stage2_pde_terminal_interface,2564,0.0018653446593661668,0.0002,,0.00020537378433160649,0.6651656725835525,8.423090169153865e-06,0.0016515475244364536,2.604289527551365e-10
3565,stage2_pde_terminal_interface,2565,0.0033022192468361664,0.0002,,0.0002355382959787569,0.5564760452210158,8.383307178964003e-06,0.003058297506689862,1.3698858322717967e-10
3566,stage2_pde_terminal_interface,2566,0.00241064175238,0.0002,,0.0002275017311001808,0.5628475112151152,9.017512198211201e-06,0.0021741043482986777,1.816078293037691e-08
3567,stage2_pde_terminal_interface,2567,0.002271788245097132,0.0002,,0.00012959778493431575,0.48646737031268905,1.211805803801596e-05,0.002130072327719455,7.440534516448468e-11
3568,stage2_pde_terminal_interface,2568,0.0021745670625381484,0.0002,,0.00018520741969246725,0.5996980117266776,9.150282625980655e-06,0.0019802093201316626,4.00880377777585e-11
3569,stage2_pde_terminal_interface,2569,0.0015710951977996504,0.0002,,0.0002099659533499109,0.5442908323014404,7.341570147048683e-06,0.001353774670071444,1.300423124667962e-08
3570,stage2_pde_terminal_interface,2570,0.0021576375150523398,0.0002,,0.00017146129291414916,0.4992764197671657,8.732194384021758e-06,0.001977443587542751,4.4021141765771613e-10
3571,stage2_pde_terminal_interface,2571,0.001807100038677752,0.0002,,0.0001320120103659309,0.5156277491147648,7.474795516033362e-06,0.0016676132327957875,1.5149382234989309e-19
3572,stage2_pde_terminal_interface,2572,0.0018211743109250319,0.0002,,0.00010906763684982187,0.5638584883897588,1.0895551015833933e-05,0.0017012111230590948,2.812604763095273e-16
3573,stage2_pde_terminal_interface,2573,0.0027395674392813978,0.0002,,0.00014209311423216494,0.579674044352506,7.75060597756803e-06,0.0025897237190716615,3.3658768402639632e-18
3574,stage2_pde_terminal_interface,2574,0.0019389129052307648,0.0002,,0.000248700387498308,0.5157396625096368,9.90459820428199e-06,0.0016803079195281743,4.41497748215387e-19
3575,stage2_pde_terminal_interface,2575,0.00242556971251225,0.0002,,0.00013971753626713137,0.5246678692441841,1.1258904031047982e-05,0.002274593272212809,1.2617487888952479e-15
3576,stage2_pde_terminal_interface,2576,0.0017374774088557106,0.0002,,0.00011791001701396736,0.5535501997475853,9.56156336320559e-06,0.001610005056092435,7.723861027406854e-10
3577,stage2_pde_terminal_interface,2577,0.0017105697649375587,0.0002,,0.00015258685656189392,0.5592512200796321,7.789835423480905e-06,0.0015501921085267986,9.644253852743423e-10
3578,stage2_pde_terminal_interface,2578,0.0024410743104589325,0.0002,,0.00019233305367338628,0.5393749255427288,1.0050789686078739e-05,0.002238686406561515,4.0605379521727966e-09
3579,stage2_pde_terminal_interface,2579,0.001993313165229093,0.0002,,0.00013889908070275738,0.4829911941487124,1.2773827648104251e-05,0.0018416402568782234,7.933705574303464e-18
3580,stage2_pde_terminal_interface,2580,0.002569852667232969,0.0002,,0.0001392868862824892,0.4269612704813242,1.088245531346887e-05,0.0024196833256370097,1.341704266139827e-18
3581,stage2_pde_terminal_interface,2581,0.0013978215184808787,0.0002,,0.00011434751835356254,0.5839526189672822,1.218912898230744e-05,0.0012712166766186133,6.819452639548425e-08
3582,stage2_pde_terminal_interface,2582,0.0022504121925609813,0.0002,,0.00014452908988474256,0.49068933595226644,9.255177761391802e-06,0.002096626513952331,1.410962515767906e-09
3583,stage2_pde_terminal_interface,2583,0.0014516812430770056,0.0002,,0.00017369168253606712,0.46768999236695485,8.921116946729452e-06,0.00126906781680034,6.26793869008699e-10
3584,stage2_pde_terminal_interface,2584,0.0023812292704053395,0.0002,,0.00014255956918056236,0.5503393952456591,5.9206451092683466e-06,0.002232748094474132,9.616413769224761e-10
3585,stage2_pde_terminal_interface,2585,0.0018114261037087487,0.0002,,0.00018712627250239627,0.47756949717179886,6.077846511377976e-06,0.001618221984483505,2.1146957817778284e-13
3586,stage2_pde_terminal_interface,2586,0.0018479600152911365,0.0002,,7.001341300111688e-05,0.4811318321733344,9.469464904366088e-06,0.0017684771373856526,7.6612892099750185e-19
3587,stage2_pde_terminal_interface,2587,0.0017705281705135674,0.0002,,9.986429488756232e-05,0.4793427521038808,7.1935015242474775e-06,0.0016634703741017576,7.031436271918415e-21
3588,stage2_pde_terminal_interface,2588,0.0035662842501320434,0.0002,,0.00010306512216182942,0.5410019783272134,6.643127548204429e-06,0.003456541363507826,3.4636914183739016e-08
3589,stage2_pde_terminal_interface,2589,0.0023622993914050325,0.0002,,0.00010046497989629196,0.470071810447797,8.750218822691252e-06,0.002253083816881037,3.758050122973818e-10
3590,stage2_pde_terminal_interface,2590,0.0019327029659714215,0.0002,,0.00012030062221664908,0.43892602182815205,9.594142828517358e-06,0.0018028079900562417,2.1087001326360327e-10
3591,stage2_pde_terminal_interface,2591,0.002163925120250745,0.0002,,0.00013354600311488385,0.5300010997782137,9.09019358959709e-06,0.0020212889098292124,1.3717051385171664e-11
3592,stage2_pde_terminal_interface,2592,0.002377874049458219,0.0002,,0.00025328935857030156,0.49431040587897207,1.2247751785533023e-05,0.002112336939102364,2.1012661497735805e-17
3593,stage2_pde_terminal_interface,2593,0.002536758540214025,0.0002,,0.0001432718397947982,0.516153084081493,8.16997441119439e-06,0.002385316086419359,6.395886736243187e-10
3594,stage2_pde_terminal_interface,2594,0.0018963786754457005,0.0002,,0.00016562466723200992,0.5918883666251229,6.305794105528286e-06,0.0017244032039231605,4.501018500188707e-08
3595,stage2_pde_terminal_interface,2595,0.002185413320042256,0.0002,,0.00013865376787771235,0.4995200732150708,1.0049226457253904e-05,0.002036710313501997,1.2205292613650306e-11
3596,stage2_pde_terminal_interface,2596,0.001723494812085835,0.0002,,0.00016499571068788354,0.5737398640074124,1.1116953995001577e-05,0.00154738214740295,3.3228030040864307e-23
3597,stage2_pde_terminal_interface,2597,0.002731148598245386,0.0002,,0.00011339819181824774,0.5265010491835312,1.1422433863158755e-05,0.002606327075478339,8.970856405069335e-10
3598,stage2_pde_terminal_interface,2598,0.0017228969673765606,0.0002,,9.552904323019996e-05,0.583027769960805,9.141347729775615e-06,0.0016182265764164566,1.2847726369681327e-16
3599,stage2_pde_terminal_interface,2599,0.002066380027603868,0.0002,,0.00012779742728737646,0.5335991508763787,8.278982877066307e-06,0.0019303036174136326,2.579286576430728e-14
3600,stage2_pde_terminal_interface,2600,0.0023879015646346585,0.0002,,0.0001724307715178077,0.5578777682937313,1.098445889999526e-05,0.0022044863331705917,1.0462637852469777e-12
3601,stage2_pde_terminal_interface,2601,0.0024368819020769514,0.0002,,9.51816627144527e-05,0.4423337063881811,7.282061653563354e-06,0.0023343737559244756,4.442178445961554e-08
3602,stage2_pde_terminal_interface,2602,0.0015700956103704155,0.0002,,0.00010067889603208412,0.5056744025166097,9.107551033905084e-06,0.00146030916329392,1.0506403919342282e-14
3603,stage2_pde_terminal_interface,2603,0.00216285672889553,0.0002,,0.00013531441300925823,0.5036492766533782,1.0909223348607407e-05,0.0020162645328245994,3.685597130649634e-07
3604,stage2_pde_terminal_interface,2604,0.0018850391885282616,0.0002,,0.00016401402687435585,0.5704080861428806,7.231713601738078e-06,0.0017137934194185263,2.863364136801035e-11
3605,stage2_pde_terminal_interface,2605,0.0018135011723368242,0.0002,,0.00010905307489466262,0.48051946058044703,1.565276724316087e-05,0.0016887953301988532,1.4776244655325853e-16
3606,stage2_pde_terminal_interface,2606,0.001985128888291099,0.0002,,0.00011220334463724006,0.5168174571549704,8.491009780671104e-06,0.0018644345338731882,2.6414270513875663e-20
3607,stage2_pde_terminal_interface,2607,0.0018617915320174516,0.0002,,0.00011450471566656899,0.5952385772891814,1.3451285789721997e-05,0.0017338317929842986,3.737576861869614e-09
3608,stage2_pde_terminal_interface,2608,0.0021099711941744963,0.0002,,0.0001517413000406805,0.5926621049557809,6.9724415444497e-06,0.0019512574516304224,9.58943834648579e-13
3609,stage2_pde_terminal_interface,2609,0.002345077488206224,0.0002,,0.00016688425693953167,0.5281725130413355,1.2560961987219601e-05,0.0021656322692794427,3.011116397368216e-17
3610,stage2_pde_terminal_interface,2610,0.001683641954489855,0.0002,,0.00011430457205018573,0.5064760024096394,7.130477912821644e-06,0.0015622069044332239,9.362398477096799e-14
3611,stage2_pde_terminal_interface,2611,0.002383426990483699,0.0002,,0.00011992830667019607,0.5636339615906051,7.571278160267845e-06,0.002255927405561834,9.140085690820255e-14
3612,stage2_pde_terminal_interface,2612,0.0024449403942983163,0.0002,,9.989149761731158e-05,0.6255779780169861,9.16796171867881e-06,0.0023358809349348047,2.752111327250742e-14
3613,stage2_pde_terminal_interface,2613,0.0014659882704840554,0.0002,,0.00021695964732738735,0.6384617936115061,1.2888699592870518e-05,0.0012361399235637975,3.335496795182777e-27
3614,stage2_pde_terminal_interface,2614,0.001925017479622795,0.0002,,0.00012253157553200744,0.5390269799193566,8.989424291664504e-06,0.0017934964797950304,4.092680153423746e-15
3615,stage2_pde_terminal_interface,2615,0.002599609057877744,0.0002,,9.088997378647716e-05,0.4324850601082394,1.0649091502964176e-05,0.0024979604850662723,1.0950752203035518e-07
3616,stage2_pde_terminal_interface,2616,0.002484159978873325,0.0002,,0.00014364847750225005,0.6175811526022582,1.3444759934736751e-05,0.0023270664673624834,2.7407385484534325e-10
3617,stage2_pde_terminal_interface,2617,0.001997004184779121,0.0002,,0.00011003572718280308,0.4881625377615957,1.1066939833995723e-05,0.0018759004961366476,1.021625674644424e-09
3618,stage2_pde_terminal_interface,2618,0.002558146771794598,0.0002,,0.00016654057950714655,0.5809015485990884,9.324180224962913e-06,0.0023822815656962286,4.4636625985841927e-10
3619,stage2_pde_terminal_interface,2619,0.0023233042813900037,0.0002,,9.766539106769036e-05,0.511116647088881,8.894825898682567e-06,0.0022167438527057465,2.1171788416541468e-10
3620,stage2_pde_terminal_interface,2620,0.0020131737979680988,0.0002,,0.00013390170006372188,0.5313348852788117,1.305651495951772e-05,0.0018662038191353788,1.1763809480201762e-08
3621,stage2_pde_terminal_interface,2621,0.002835256235497391,0.0002,,0.00019982687471317167,0.5454359564589657,8.442872326664843e-06,0.002626982956863296,3.53159425884398e-09
3622,stage2_pde_terminal_interface,2622,0.0019424408089937385,0.0002,,0.00010853963403136362,0.5868642383633567,8.808067463241703e-06,0.0018250931074986724,4.607422836619821e-16
3623,stage2_pde_terminal_interface,2623,0.002032345657089978,0.0002,,9.552299701646446e-05,0.5019588815450579,8.998148453174766e-06,0.0019276475445034454,1.7696711689334876e-07
3624,stage2_pde_terminal_interface,2624,0.002165931518506456,0.0002,,0.0001405554419154233,0.5234306080580728,1.0693035160057202e-05,0.002014683041430969,6.419413753852127e-18
3625,stage2_pde_terminal_interface,2625,0.0019242652573358595,0.0002,,0.00012522383078220043,0.45926858259643333,9.502066882820457e-06,0.0017895389983044615,3.61366377233284e-10
3626,stage2_pde_terminal_interface,2626,0.0016967421978186725,0.0002,,0.0001457670907234713,0.6266015732016986,9.940363627418306e-06,0.0015410341675371965,5.759305863771944e-10
3627,stage2_pde_terminal_interface,2627,0.0020679353668202594,0.0002,,0.0001747947600759593,0.5490117024034136,8.336077176152111e-06,0.001884804529568148,6.201181348482774e-25
3628,stage2_pde_terminal_interface,2628,0.0015423613456952792,0.0002,,0.0001896652061708792,0.544499990331939,8.654829368926357e-06,0.0013440351555962416,6.154559231957314e-09
3629,stage2_pde_terminal_interface,2629,0.0019522944594555355,0.0002,,0.00021376167039766916,0.5110193458619511,1.0295703477530957e-05,0.0017282370855803354,6.36454643198045e-22
3630,stage2_pde_terminal_interface,2630,0.002017671618479526,0.0002,,0.00012996535502310364,0.5787052596687189,8.652691842000741e-06,0.0018790535714052845,2.0913699523565582e-13
3631,stage2_pde_terminal_interface,2631,0.0028473108214581624,0.0002,,0.00015098078731461552,0.5708340227247407,1.1536346549478786e-05,0.0026847936875940472,2.086805206778245e-17
3632,stage2_pde_terminal_interface,2632,0.002029364443625113,0.0002,,0.00013159812054370644,0.5601833439717621,1.0628870140147062e-05,0.0018871374529412588,3.3688361307047105e-19
3633,stage2_pde_terminal_interface,2633,0.0016408531072518067,0.0002,,0.00014322025116098112,0.5468914750256267,8.423654288026286e-06,0.0014892092016227858,1.8001360543007054e-13
3634,stage2_pde_terminal_interface,2634,0.0023046015704210592,0.0002,,0.00019732380367842297,0.5268317430928235,8.487248942565767e-06,0.002098790514836368,2.963702155320629e-12
3635,stage2_pde_terminal_interface,2635,0.0021355184838448026,0.0002,,0.00018061103633645962,0.5717886516012038,1.2336255496546581e-05,0.0019425696249252711,1.567086525318417e-09
3636,stage2_pde_terminal_interface,2636,0.0022433594502550623,0.0002,,0.0001669396956045005,0.6394370251421434,8.339355806696209e-06,0.0020680803988438645,7.289194003409166e-19
3637,stage2_pde_terminal_interface,2637,0.002535018373926581,0.0002,,0.00013262838061802996,0.5499376319773372,7.628637263737753e-06,0.0023947613560448134,8.462994150782295e-20
3638,stage2_pde_terminal_interface,2638,0.0019519793476512103,0.0002,,0.00010844929704129036,0.5544272150276074,5.862489738178873e-06,0.001837633137395758,3.442347598307925e-08
3639,stage2_pde_terminal_interface,2639,0.0025318435474603013,0.0002,,0.0001307899568445691,0.5227184864251807,1.353627003127435e-05,0.0023875173205844574,2.6564481157548043e-19
3640,stage2_pde_terminal_interface,2640,0.0016970050447075748,0.0002,,6.890640732013444e-05,0.5614930213586832,8.742521838789134e-06,0.0016193561155486511,3.3436466385704724e-28
3641,stage2_pde_terminal_interface,2641,0.0019682875341194258,0.0002,,0.00010711520264858013,0.5204872766644035,8.16120117981982e-06,0.001853011130291026,5.925097090285575e-24
3642,stage2_pde_terminal_interface,2642,0.0031059763376983093,0.0002,,0.00014366384200178978,0.5679092583208599,1.076513370519485e-05,0.002951488855288598,5.850670272639551e-08
3643,stage2_pde_terminal_interface,2643,0.0023164067176818233,0.0002,,0.00013657164921652534,0.5321061245357053,8.283603091783289e-06,0.002171551465373502,1.2376887494348258e-17
3644,stage2_pde_terminal_interface,2644,0.0018456179591517597,0.0002,,0.00010727976582571911,0.5301784117440234,7.83968780101963e-06,0.001730498505525021,4.8461173844180975e-20
3645,stage2_pde_terminal_interface,2645,0.002493672152710794,0.0002,,0.00014890876474943002,0.5808657112366572,8.665200698066418e-06,0.0023360981872199166,4.338062509548967e-14
3646,stage2_pde_terminal_interface,2646,0.002232873175714532,0.0002,,0.00013037769285100507,0.6006954971522307,7.36784550477364e-06,0.0020951233854012937,4.251957459570631e-09
3647,stage2_pde_terminal_interface,2647,0.0020471225981839513,0.0002,,0.00016570508745614263,0.515194963229587,9.681566362781571e-06,0.0018717359434077393,9.572877354431374e-13
3648,stage2_pde_terminal_interface,2648,0.0023136811801818297,0.0002,,0.00018973033294238892,0.5620992705313149,7.387285463047803e-06,0.0021165612781390564,2.283637336390023e-09
3649,stage2_pde_terminal_interface,2649,0.0017184122784991418,0.0002,,0.00010820504260121418,0.5589773619681367,8.008480024967473e-06,0.0016021987558729601,6.081406410725964e-29
3650,stage2_pde_terminal_interface,2650,0.0017308889214737602,0.0002,,0.00015930639721460887,0.5385016367709055,1.0718105990555316e-05,0.0015608615175170992,2.9007514969315934e-09
3651,stage2_pde_terminal_interface,2651,0.002043268295187078,0.0002,,0.0002002114322182312,0.5013389529593715,9.179650483107125e-06,0.0018338772124843773,1.3619980193528737e-15
3652,stage2_pde_terminal_interface,2652,0.002017920075216196,0.0002,,6.46998544152767e-05,0.46361854432603555,1.0250857523153967e-05,0.001942963249796867,6.113480898270485e-09
3653,stage2_pde_terminal_interface,2653,0.0029820204024705627,0.0002,,0.00012545734035195196,0.5892561850250327,7.943972046746116e-06,0.0028482914149874335,3.276750844309832e-07
3654,stage2_pde_terminal_interface,2654,0.0027539756640647677,0.0002,,0.00017441385304871183,0.4965862233069883,9.222045546543732e-06,0.002570339765469512,5.627186414917928e-20
3655,stage2_pde_terminal_interface,2655,0.0019657806169560725,0.0002,,0.00010003210019852768,0.5194643251556257,1.2449082184330033e-05,0.0018532994345732147,5.87640308191144e-20
3656,stage2_pde_terminal_interface,2656,0.0029650820107524904,0.0002,,0.00025260142167970567,0.6763230241419128,8.299854343104586e-06,0.002704180734729656,2.440996119568676e-17
3657,stage2_pde_terminal_interface,2657,0.0022232092930054848,0.0002,,0.00014294096163837652,0.5116505794179623,1.0719571664025649e-05,0.002069548759700979,2.1039447551426844e-15
3658,stage2_pde_terminal_interface,2658,0.001847496637094225,0.0002,,0.00010856250319869682,0.5238651208366695,7.783741857357388e-06,0.0017311503911173662,9.208043704600731e-13
3659,stage2_pde_terminal_interface,2659,0.002889733370914492,0.0002,,0.00011764705280244594,0.4518961559273124,1.2110449414024428e-05,0.00275997585575726,1.2940761166162037e-11
3660,stage2_pde_terminal_interface,2660,0.0023210776207059293,0.0002,,7.580805618729182e-05,0.5041468707983655,9.548643926634923e-06,0.0022357205663479404,3.542440619206635e-10
3661,stage2_pde_terminal_interface,2661,0.004174734315640952,0.0002,,0.00013336916907383118,0.4703583719203037,8.248710875660942e-06,0.004033092120339237,2.4315352223102565e-08
3662,stage2_pde_terminal_interface,2662,0.0023454991910510105,0.0002,,8.039933027375745e-05,0.5309792735164875,1.257719932273119e-05,0.002252466158063326,5.6503391195942976e-08
3663,stage2_pde_terminal_interface,2663,0.0018041142837216238,0.0002,,6.0606245129541064e-05,0.5313630213829558,9.650545977609674e-06,0.0017338484009105943,9.091703878674231e-09
3664,stage2_pde_terminal_interface,2664,0.002283144009676439,0.0002,,8.923118056398005e-05,0.5909578061807554,7.305659062294877e-06,0.0021866071700425817,7.582047452582181e-15
3665,stage2_pde_terminal_interface,2665,0.002936408195267009,0.0002,,0.0002630012638874046,0.5694834710036641,5.155631902487842e-06,0.002668251298761542,7.155743696216766e-13
3666,stage2_pde_terminal_interface,2666,0.0019326886870195932,0.0002,,0.0001631881301501531,0.5656140626344833,9.420354025992227e-06,0.0017600776103853881,2.592458059934593e-09
3667,stage2_pde_terminal_interface,2667,0.002312426787575097,0.0002,,0.00010786847072548506,0.5323899268650947,1.1518381679651779e-05,0.0021930336386317166,6.296538243562013e-09
3668,stage2_pde_terminal_interface,2668,0.00282595511958606,0.0002,,0.00010130765271444538,0.46427277972441067,8.358599268848392e-06,0.002716288841568114,2.6034652432818614e-11
3669,stage2_pde_terminal_interface,2669,0.001970729385993356,0.0002,,0.00014989932667262607,0.48739745847306526,8.27522167121595e-06,0.0018125548376493777,1.3605469704934497e-16
3670,stage2_pde_terminal_interface,2670,0.0020727439543149883,0.0002,,0.00012807336586543434,0.5622583984643932,1.0739041584631932e-05,0.0019339305106615876,1.0362033345604462e-09
3671,stage2_pde_terminal_interface,2671,0.001995990856627724,0.0002,,0.00017336480727057617,0.46628094197991865,6.332491034426773e-06,0.0018162935569173081,1.4054132987525192e-12
3672,stage2_pde_terminal_interface,2672,0.0020010966560428237,0.0002,,8.882588573288114e-05,0.42000461856943716,1.015908070347181e-05,0.0019021116504120833,3.9194387181712486e-11
3673,stage2_pde_terminal_interface,2673,0.0014872937496896372,0.0002,,0.0001472679542877234,0.5892403581105109,9.985483144052672e-06,0.0013300402185724759,9.368538528347023e-11
3674,stage2_pde_terminal_interface,2674,0.0019931159119822776,0.0002,,0.00014287421402940493,0.5732674102254972,1.1701059234377154e-05,0.0018385406387184955,3.397109813668961e-20
3675,stage2_pde_terminal_interface,2675,0.002333624302921996,0.0002,,0.0001383934129268927,0.5132486096260209,9.557202968268454e-06,0.0021856736870268347,2.4073834397386904e-24
3676,stage2_pde_terminal_interface,2676,0.0021515928454496616,0.0002,,0.00012261765176856763,0.5248749869790134,1.1173860144222229e-05,0.0020176371383652963,1.6419517157566708e-07
3677,stage2_pde_terminal_interface,2677,0.0019155175931622162,0.0002,,0.00010157292474337246,0.5364355967228372,7.1769575904805436e-06,0.0018067677108012862,2.7076969168619286e-14
3678,stage2_pde_terminal_interface,2678,0.0019514524948544354,0.0002,,8.790511370646859e-05,0.5022728292360162,9.074172127288068e-06,0.0018544732078777852,1.1428935175150616e-12
3679,stage2_pde_terminal_interface,2679,0.0021813775155373302,0.0002,,0.00011503209639930243,0.5292224484313007,1.0237562108064876e-05,0.002056084359057173,2.3497972789898058e-08
3680,stage2_pde_terminal_interface,2680,0.002112431802372818,0.0002,,9.928814661054687e-05,0.6339404951618577,6.703909586255157e-06,0.002006439745892777,2.8323923612401906e-13
3681,stage2_pde_terminal_interface,2681,0.002685204371991922,0.0002,,0.00012723071471482924,0.5281947695739246,1.1210336552115101e-05,0.0025465328575327685,2.3046319220933617e-07
3682,stage2_pde_terminal_interface,2682,0.0022649534913541203,0.0002,,0.00010947095517152108,0.46799173205406586,8.336505820275342e-06,0.0021471460303622166,1.0690811866859624e-16
3683,stage2_pde_terminal_interface,2683,0.0019135343127709402,0.0002,,0.00012064671405429477,0.4863247518617696,1.0939730257993573e-05,0.0017819478681879771,2.7067467951412496e-13
3684,stage2_pde_terminal_interface,2684,0.0016332641206027597,0.0002,,8.458693619541169e-05,0.5616428039764372,5.5814524381336765e-06,0.0015430951002636415,6.317055727351549e-10
3685,stage2_pde_terminal_interface,2685,0.0017380481078486621,0.0002,,8.874948271460448e-05,0.519468280160296,1.3785486054544968e-05,0.0016355105953156106,2.543763902261305e-09
3686,stage2_pde_terminal_interface,2686,0.00227385117535537,0.0002,,0.0001414968043910584,0.5222492497949688,1.1549525841891945e-05,0.0021208047763872973,6.873512219299733e-11
3687,stage2_pde_terminal_interface,2687,0.0023022121165142463,0.0002,,0.00011809993067779924,0.43396010359641257,8.69061989227981e-06,0.002175421056726751,5.092174161030417e-10
3688,stage2_pde_terminal_interface,2688,0.0018905706609308075,0.0002,,0.00012003707476926663,0.48628441388151844,1.2429523216420953e-05,0.00175810406294512,3.6834335048246027e-23
3689,stage2_pde_terminal_interface,2689,0.0015772345031945338,0.0002,,8.162969516397052e-05,0.4952073614656576,1.0218990691319468e-05,0.001485385817339244,1.8063674560759024e-20
3690,stage2_pde_terminal_interface,2690,0.002196863085011855,0.0002,,8.525895384649208e-05,0.5009043888524621,1.009920250352094e-05,0.002101504858790298,6.987154369452653e-11
3691,stage2_pde_terminal_interface,2691,0.0021336996053649337,0.0002,,0.00014641798077275566,0.6065531500336607,7.670028618524755e-06,0.0019796077969500303,3.79902362314276e-09
3692,stage2_pde_terminal_interface,2692,0.0024852826669936323,0.0002,,0.00015500232992945954,0.5489800455654064,1.194893295407754e-05,0.002318331404110095,4.480658130225427e-22
3693,stage2_pde_terminal_interface,2693,0.0018943103639214962,0.0002,,0.00010101084270734067,0.5149694777335132,9.042091702784078e-06,0.0017842574294885702,2.280128762576376e-14
3694,stage2_pde_terminal_interface,2694,0.002153621845412692,0.0002,,0.00015428921566495445,0.5741115737721711,1.1972883176299624e-05,0.001987359742840562,3.730876404206549e-12
3695,stage2_pde_terminal_interface,2695,0.0016303459894096148,0.0002,,0.0001717936419876159,0.4862454497078101,7.1701149248344e-06,0.0014513822324971645,0.0
3696,stage2_pde_terminal_interface,2696,0.002092841675578144,0.0002,,0.00016741646266402483,0.5145903960740187,1.418259653607319e-05,0.0019112419615276318,6.548504145386449e-10
3697,stage2_pde_terminal_interface,2697,0.002039673167971786,0.0002,,0.00018093982466804072,0.5857611885468216,8.9422329072225e-06,0.0018497275807408998,6.352965562305916e-08
3698,stage2_pde_terminal_interface,2698,0.002468251975416878,0.0002,,0.00015126458878934597,0.5018675502047252,1.2967509419335992e-05,0.0023040198772081946,1.9099516954605647e-18
3699,stage2_pde_terminal_interface,2699,0.0026053890312658034,0.0002,,9.448009948318382e-05,0.5418147247963773,1.090642284579361e-05,0.0025000024994432154,9.49361081231553e-12
3700,stage2_pde_terminal_interface,2700,0.002131505553054189,0.0002,,0.00014952468694417537,0.5136227609813426,9.872669923061831e-06,0.0019721081857324444,1.045450736050873e-11
3701,stage2_pde_terminal_interface,2701,0.0018149172536608832,0.0002,,0.00017697944427304849,0.5134004246370462,7.063326765847249e-06,0.0016308744826219873,1.6009971243443396e-23
3702,stage2_pde_terminal_interface,2702,0.0018771832432476173,0.0002,,0.0001307689062449684,0.5222402088140736,8.567797726549644e-06,0.001737846539276097,2.2569943207359596e-18
3703,stage2_pde_terminal_interface,2703,0.0015984419768628228,0.0002,,0.00010414192715798635,0.5080863861287036,9.691061693325557e-06,0.0014846085383677491,4.496437616696705e-10
3704,stage2_pde_terminal_interface,2704,0.0019424168818914745,0.0002,,0.00020124186572777132,0.5305607466687411,1.3153664549079546e-05,0.0017280213515162976,9.832609853460984e-14
3705,stage2_pde_terminal_interface,2705,0.0019533785050674444,0.0002,,9.767231979983755e-05,0.6160162132480261,9.626089970595871e-06,0.0018460800952970111,4.5186119359903224e-24
3706,stage2_pde_terminal_interface,2706,0.0017920471804934086,0.0002,,8.693451116816524e-05,0.5046810691795488,8.024907520067138e-06,0.0016970877617704977,3.4678425758726346e-14
3707,stage2_pde_terminal_interface,2707,0.001733326475821563,0.0002,,0.00010563237105436735,0.5527934883508676,8.425738971597279e-06,0.0016192683657955621,3.611129304785989e-17
3708,stage2_pde_terminal_interface,2708,0.00225642357734637,0.0002,,0.00015975297448206458,0.5102349654334872,9.529873945050956e-06,0.0020871407289192543,3.5835462521139706e-28
3709,stage2_pde_terminal_interface,2709,0.001934560336536469,0.0002,,0.00011666284385565637,0.5377457912736255,8.968189376318276e-06,0.0018089293033042692,2.250838958769025e-16
3710,stage2_pde_terminal_interface,2710,0.0019999276657219245,0.0002,,0.00011996974634860982,0.44007344869153164,7.70169122536157e-06,0.0018722561345522399,9.359571338550986e-11
3711,stage2_pde_terminal_interface,2711,0.0016385978320615318,0.0002,,8.113479061626577e-05,0.5192625291959209,1.0902680159165627e-05,0.001546560003998874,3.572872265278077e-10
3712,stage2_pde_terminal_interface,2712,0.001951535175565214,0.0002,,0.00015872925307498797,0.5757101816108603,1.232079271488679e-05,0.0017804851285238249,1.251514344544485e-12
3713,stage2_pde_terminal_interface,2713,0.0019932040331993696,0.0002,,0.00012948009587619236,0.5896955970073489,1.0301236730380468e-05,0.0018534208809908314,1.8196019652501555e-09
3714,stage2_pde_terminal_interface,2714,0.0022630727204861535,0.0002,,0.00011542644228457824,0.5343409089028764,6.446831301839978e-06,0.0021411945793875123,4.867512223040706e-09
3715,stage2_pde_terminal_interface,2715,0.0022310345777768964,0.0002,,0.00014990878846971763,0.5640968487014886,1.3156838644663847e-05,0.0020678637564640963,1.0519419841877773e-07
3716,stage2_pde_terminal_interface,2716,0.0021778246323687,0.0002,,9.344809208757337e-05,0.6106253274042893,1.01351156188745e-05,0.002074241424662252,2.3597131675425737e-23
3717,stage2_pde_terminal_interface,2717,0.0016794791750869248,0.0002,,0.00021729943005234194,0.5470909960308888,9.828887883982469e-06,0.0014523508571273767,2.322354411705299e-14
3718,stage2_pde_terminal_interface,2718,0.0024135766846065144,0.0002,,0.00016159483752281202,0.4648040806028322,8.107692448964777e-06,0.00224387384951057,3.0512416755700746e-10
3719,stage2_pde_terminal_interface,2719,0.0024229870372810334,0.0002,,0.00011124931547191884,0.541167218375144,1.1044344539141555e-05,0.002300692286873424,1.0903965492488778e-09
3720,stage2_pde_terminal_interface,2720,0.0017130774248254482,0.0002,,0.00014047668482205098,0.5764115692833383,1.1325139119037912e-05,0.001561275583517038,1.7367321200775652e-11
3721,stage2_pde_terminal_interface,2721,0.0023177858533322865,0.0002,,0.00011840759442337236,0.5695716352947114,1.4338059070112248e-05,0.002185040199838802,2.2958293852245834e-26
3722,stage2_pde_terminal_interface,2722,0.0026327702489243074,0.0002,,0.00015260097053440078,0.6042419612652703,8.287334922900029e-06,0.0024718819434669985,8.318068362981287e-18
3723,stage2_pde_terminal_interface,2723,0.002335123339494326,0.0002,,0.00011660192692288727,0.4690167810086378,1.2170605281726215e-05,0.0022063508072897127,2.983221519465759e-21
3724,stage2_pde_terminal_interface,2724,0.0017355430439126756,0.0002,,0.00013202355262534297,0.5107998955950985,9.854183217633518e-06,0.0015936653080696017,9.729868154595255e-17
3725,stage2_pde_terminal_interface,2725,0.0022209290625166637,0.0002,,8.495932145859958e-05,0.43877627547913833,6.4474958294002744e-06,0.0021295222452286638,8.215201578425803e-24
3726,stage2_pde_terminal_interface,2726,0.0017377416908820119,0.0002,,0.00011472582143500106,0.5047362502093158,7.919883346997428e-06,0.0016150959860932706,6.74290603612448e-15
3727,stage2_pde_terminal_interface,2727,0.0019476852081726733,0.0002,,7.697334924984035e-05,0.4752369312398244,7.307003767257511e-06,0.0018634048551555754,3.654930402012175e-27
3728,stage2_pde_terminal_interface,2728,0.0018584666489310068,0.0002,,8.435244359527879e-05,0.5339277258583265,1.0270571241768743e-05,0.0017638310532074914,1.2580886467933618e-08
3729,stage2_pde_terminal_interface,2729,0.0019279748101000364,0.0002,,0.00012447223945529932,0.45735997896437536,1.0174190059493105e-05,0.001793328380585244,1.524962172068634e-21
3730,stage2_pde_terminal_interface,2730,0.0020545247573904146,0.0002,,0.00011867207198560601,0.49129906902429593,1.3627171578497612e-05,0.0019222255138263108,8.62482332082935e-25
3731,stage2_pde_terminal_interface,2731,0.0018720584489268575,0.0002,,9.562819208686227e-05,0.47789413225532884,1.1944008561259982e-05,0.001764486248278734,1.4038942709193105e-18
3732,stage2_pde_terminal_interface,2732,0.0017344329075205328,0.0002,,0.00014238752036859815,0.5834881567027608,1.1755356377618566e-05,0.0015802889757166353,1.0550576806595525e-09
3733,stage2_pde_terminal_interface,2733,0.0020962109266854253,0.0002,,0.00011340027704791389,0.49988717143058314,9.402542719305026e-06,0.001973408100602267,6.315939457838751e-12
3734,stage2_pde_terminal_interface,2734,0.0024149029942111522,0.0002,,0.0001231143235542045,0.5765713635652022,9.376965621521243e-06,0.002282411350521229,3.5451419762201884e-10
3735,stage2_pde_terminal_interface,2735,0.0023374201184781277,0.0002,,0.00012595158088593952,0.5051020231043061,7.225877649761794e-06,0.0022042426599424266,4.814912820913128e-20
3736,stage2_pde_terminal_interface,2736,0.0016077514182332576,0.0002,,0.0001923757559217385,0.47950466606198205,1.1443821487755958e-05,0.001403931805480245,3.5343518233206454e-11
3737,stage2_pde_terminal_interface,2737,0.0024279588738995135,0.0002,,0.0002049569831339104,0.43439965718810863,1.1976130343307511e-05,0.0022110221180500476,3.642372248083648e-09
3738,stage2_pde_terminal_interface,2738,0.001472143900948472,0.0002,,9.95822162425884e-05,0.6174572082775615,1.5349352102346213e-05,0.00135721233260353,7.326335906455862e-18
3739,stage2_pde_terminal_interface,2739,0.0028588398726738765,0.0002,,0.00013352831087386474,0.484515266607275,1.1153542393483503e-05,0.002714148739019675,9.28038685361787e-09
3740,stage2_pde_terminal_interface,2740,0.00201004228738789,0.0002,,0.00010953283096620127,0.513995512427444,9.215654980647297e-06,0.0018912869119204164,6.889520625043666e-09
3741,stage2_pde_terminal_interface,2741,0.0020694071289619285,0.0002,,7.593283278752663e-05,0.5706961296931752,1.3732805330058472e-05,0.00197974149084387,4.730476439978454e-16
3742,stage2_pde_terminal_interface,2742,0.0013588462070832266,0.0002,,0.00016537819569113624,0.4733866322442275,8.740562780916044e-06,0.0011847254411522067,2.0074589675270027e-09
3743,stage2_pde_terminal_interface,2743,0.0025862540744903953,0.0002,,0.0001690518336539191,0.5074943210158256,1.1344174974744553e-05,0.002405858022654064,4.320766775691828e-11
3744,stage2_pde_terminal_interface,2744,0.0020892500069512104,0.0002,,0.00016648525949319263,0.5258240652739464,9.999097054549192e-06,0.0019127648820802608,7.683232080767375e-10
3745,stage2_pde_terminal_interface,2745,0.002015822642418268,0.0002,,0.00013325264325388388,0.4708184208778123,1.434219344902276e-05,0.0018682276904390086,1.152763528681765e-10
3746,stage2_pde_terminal_interface,2746,0.0016024102848719267,0.0002,,0.00016313987703135411,0.5994242091043321,1.0581466783217984e-05,0.0014286889063482003,3.470915443907494e-11
3747,stage2_pde_terminal_interface,2747,0.00279649960813067,0.0002,,0.00022405003212843703,0.613071495232745,1.666906621735173e-05,0.002555780509784881,2.004011660755807e-21
3748,stage2_pde_terminal_interface,2748,0.0023793592762019642,0.0002,,0.00017305997908799458,0.515014296487643,1.0467321768941571e-05,0.002195831975345028,1.0501228328561154e-27
3749,stage2_pde_terminal_interface,2749,0.002069982090318352,0.0002,,0.0001839423570286256,0.5274505245463129,9.208601508312406e-06,0.0018768311315334133,2.4800058830108003e-13
3750,stage2_pde_terminal_interface,2750,0.0027528454773971247,0.0002,,0.00010463558759134787,0.5015310434378835,1.3288408475795733e-05,0.0026349214813299812,8.80379951790703e-24
3751,stage2_pde_terminal_interface,2751,0.002000764561188674,0.0002,,0.0001763939895386377,0.5322571077680173,9.643077630676099e-06,0.001814727277984008,2.1603535236326147e-10
3752,stage2_pde_terminal_interface,2752,0.0020849819249140157,0.0002,,0.0001315735424472398,0.5251426182081984,1.9270197568997258e-05,0.0019341381848977468,3.170116112494034e-17
3753,stage2_pde_terminal_interface,2753,0.0020798278032587037,0.0002,,7.160832688171332e-05,0.5061048646047003,9.04725587466668e-06,0.001999172220501703,6.208347001014309e-16
3754,stage2_pde_terminal_interface,2754,0.0021601323457336916,0.0002,,0.00012288243290246024,0.5686616924588245,8.041695899256897e-06,0.0020292082169319743,2.0569957270463833e-26
3755,stage2_pde_terminal_interface,2755,0.0015981433415323493,0.0002,,8.078384072343923e-05,0.43622961489342815,8.821914876952178e-06,0.0015085375859315937,3.6399032221922933e-16
3756,stage2_pde_terminal_interface,2756,0.0026335875095096347,0.0002,,0.00013217405127552103,0.5667620737820322,1.1355407961166977e-05,0.0024900580502729436,2.9248254378878925e-18
3757,stage2_pde_terminal_interface,2757,0.0022854431362372366,0.0002,,0.0001279387002965561,0.5304536328888667,1.3347339297646795e-05,0.0021441570951567647,1.4862688509095198e-12
3758,stage2_pde_terminal_interface,2758,0.0024809715022485073,0.0002,,0.00010709721903328827,0.4975291394768074,9.548534848003117e-06,0.0023643257483553157,1.1900050115679947e-14
3759,stage2_pde_terminal_interface,2759,0.002489716984124405,0.0002,,0.00019015836229731309,0.5043218249780015,9.536018967749055e-06,0.0022900217107585754,8.921007672832931e-10
3760,stage2_pde_terminal_interface,2760,0.0032396089204086917,0.0002,,0.00013457674527771516,0.5367314231663319,9.781467934275507e-06,0.0030952503159218893,3.9127481161254193e-10
3761,stage2_pde_terminal_interface,2761,0.0017790366175480298,0.0002,,0.00010854030406996765,0.5440062400103908,1.0624230131016054e-05,0.001659872083343946,3.0999556942516352e-15
3762,stage2_pde_terminal_interface,2762,0.0020834853098591695,0.0002,,0.00012163235077644078,0.5353690496090546,1.2478472340859478e-05,0.0019493483039915065,2.6182750362696262e-08
3763,stage2_pde_terminal_interface,2763,0.0020377594013824916,0.0002,,0.00014888829981818912,0.558709291248367,1.1132060914302185e-05,0.0018777390406499875,1.239462960517882e-17
3764,stage2_pde_terminal_interface,2764,0.0017504345453951983,0.0002,,0.00021884372042359587,0.5331414435243597,1.1165718316345045e-05,0.0015204241075347403,9.991205173209293e-10
3765,stage2_pde_terminal_interface,2765,0.0016091083542380956,0.0002,,0.00013681268668143672,0.5112845015949902,1.315386862763208e-05,0.001459141798913691,1.5335718207925047e-14
3766,stage2_pde_terminal_interface,2766,0.002248700417104483,0.0002,,0.00016764896463383332,0.5753217428521862,1.129139733024563e-05,0.0020697600551404043,6.408312786078303e-23
3767,stage2_pde_terminal_interface,2767,0.0019100757188789564,0.0002,,0.0001483219785220619,0.5217774787520758,8.813508701069448e-06,0.0017529402316553838,4.413442172005638e-16
3768,stage2_pde_terminal_interface,2768,0.0020542034510279573,0.0002,,0.00012024919879891901,0.5881193675536727,1.1266702392237087e-05,0.0019226875498367974,3.938198805981877e-18
3769,stage2_pde_terminal_interface,2769,0.001774763943042869,0.0002,,0.00015247425413334197,0.5655280170177884,9.769787064090404e-06,0.001612515671816114,4.230029322783185e-09
3770,stage2_pde_terminal_interface,2770,0.0017370558186943462,0.0002,,0.00012516975194607394,0.4659746718115029,1.0441972080950591e-05,0.0016014439706024792,1.2406484250899706e-10
3771,stage2_pde_terminal_interface,2771,0.002171467699602087,0.0002,,0.00017515427663255433,0.5309871459388458,1.1379407990687337e-05,0.001984934014978642,2.0356971693306593e-16
3772,stage2_pde_terminal_interface,2772,0.0021202257004039405,0.0002,,0.0001717389103645426,0.537639836024633,1.1000504110499322e-05,0.0019374862856384584,2.904401854346811e-13
3773,stage2_pde_terminal_interface,2773,0.002349763197248429,0.0002,,0.00010562575471862767,0.573824433118846,9.56070916075821e-06,0.002234576446451542,2.8691750120961713e-10
3774,stage2_pde_terminal_interface,2774,0.002159918125212657,0.0002,,0.00011580243418239967,0.5011302089246029,8.955207413844907e-06,0.0020351598197694853,6.638469269455998e-10
3775,stage2_pde_terminal_interface,2775,0.002137211169582788,0.0002,,0.0002743461589406254,0.556650443189844,7.1787025492102e-06,0.0018556863080814567,1.1495406683429407e-14
3776,stage2_pde_terminal_interface,2776,0.002608098279453576,0.0002,,0.00010843520572191724,0.5401675673349863,7.917964206030081e-06,0.002491745109525603,2.570318743440929e-17
3777,stage2_pde_terminal_interface,2777,0.0021315852031267577,0.0002,,0.00015731263039072622,0.516429540181138,1.25697558828156e-05,0.001961702816836241,1.6974509528352824e-14
3778,stage2_pde_terminal_interface,2778,0.0023627465331684185,0.0002,,0.00012551065310563756,0.5329544696351481,8.955906558816904e-06,0.0022282796111332275,3.6237073661200237e-10
3779,stage2_pde_terminal_interface,2779,0.0022913530819423334,0.0002,,0.00010383410332387826,0.5451538911109235,1.0608977934355954e-05,0.0021769100006840403,5.908313684938473e-17
3780,stage2_pde_terminal_interface,2780,0.002241776241366385,0.0002,,0.0001559249106802813,0.4562142545053657,7.235392771331535e-06,0.002078615930607918,7.306854321969423e-12
3781,stage2_pde_terminal_interface,2781,0.0025670438333408136,0.0002,,0.0001246502807306923,0.5747865080182333,1.5658748543566668e-05,0.00242673480232432,1.7422344150294142e-12
3782,stage2_pde_terminal_interface,2782,0.0021949403534186843,0.0002,,0.0001194388654886114,0.48791748433434845,7.4143714093060004e-06,0.002068078198642031,8.917878735610238e-09
3783,stage2_pde_terminal_interface,2783,0.0026704440070830352,0.0002,,0.00021013808370478205,0.5948083456977765,7.852758903508028e-06,0.002452453164474745,4.514251781733055e-19
3784,stage2_pde_terminal_interface,2784,0.0018308784121963792,0.0002,,8.392527527385046e-05,0.45034089974290564,8.786515737791597e-06,0.0017380070020602586,1.596191244784548e-07
3785,stage2_pde_terminal_interface,2785,0.001758958876605237,0.0002,,0.00011971775662584801,0.5693964456700451,1.1604765187120957e-05,0.001627636354792268,8.027789969418629e-22
3786,stage2_pde_terminal_interface,2786,0.0019727155967122316,0.0002,,0.00011571335339263786,0.5122926537631329,8.971644400301727e-06,0.0018480305988053585,1.1393343700344873e-13
3787,stage2_pde_terminal_interface,2787,0.0022002049359785723,0.0002,,0.00014347628348672725,0.5281843855304919,1.1106925493252749e-05,0.0020456217234883253,3.510267093690725e-12
3788,stage2_pde_terminal_interface,2788,0.001961805981652013,0.0002,,0.0001234335543633828,0.5210649939542649,1.2880243133660725e-05,0.0018248066062342676,6.855779207020259e-07
3789,stage2_pde_terminal_interface,2789,0.0021215808531566635,0.0002,,0.00012019528315121474,0.5406913016133599,1.1168044940278374e-05,0.0019902175250649055,2.648992334908122e-16
3790,stage2_pde_terminal_interface,2790,0.0020681623681133797,0.0002,,7.442114679706962e-05,0.5141276500123699,9.626025879836942e-06,0.00198411514387482,5.156165343202976e-11
3791,stage2_pde_terminal_interface,2791,0.0010312416482326282,0.0002,,0.00013343317684248165,0.5084992710731067,1.0433841868296155e-05,0.0008873724016007328,2.2279211175285385e-09
3792,stage2_pde_terminal_interface,2792,0.0019306422178995916,0.0002,,8.79571631202195e-05,0.526357693974992,1.1510834640963504e-05,0.0018311738008859597,4.192524489322877e-10
3793,stage2_pde_terminal_interface,2793,0.0016212923744412888,0.0002,,0.00015759088631792664,0.6147683697304469,7.935211594647207e-06,0.0014554567767247942,3.0949980392057313e-07
3794,stage2_pde_terminal_interface,2794,0.002412655163833348,0.0002,,0.0001920098867698909,0.5510428859537029,9.145020368025715e-06,0.002211500256619232,7.61996559131614e-14
3795,stage2_pde_terminal_interface,2795,0.0019175444873768843,0.0002,,0.0001573142333274711,0.5296120658017962,1.1953288671406492e-05,0.0017482769653780067,2.1885024331380785e-22
3796,stage2_pde_terminal_interface,2796,0.0024541307731936962,0.0002,,0.00016099048937045357,0.5086447953880545,9.702462953299614e-06,0.0022834378208062525,6.369019489814687e-14
3797,stage2_pde_terminal_interface,2797,0.00221228610155288,0.0002,,0.00011745026787330005,0.5648919467501338,1.0565853977305791e-05,0.0020842699797022743,3.6256430539248274e-31
3798,stage2_pde_terminal_interface,2798,0.001999395558513763,0.0002,,0.00011318480021814859,0.49486731161922554,9.415243978674314e-06,0.0018767955143167501,1.9006540064926999e-16
3799,stage2_pde_terminal_interface,2799,0.002488489020661053,0.0002,,0.00017057323679034445,0.5045599381267778,1.4310230314056497e-05,0.002303605553556652,2.5256275015851174e-27
3800,stage2_pde_terminal_interface,2800,0.002563241979280891,0.0002,,0.00013561273611225133,0.5349728395580539,7.991356116813066e-06,0.002419637887051804,2.2463043049114314e-17
3801,stage2_pde_terminal_interface,2801,0.0014377470836581465,0.0002,,0.000118562598431838,0.5603113533415717,8.689000314085835e-06,0.0013104820469803922,1.3437931830386188e-08
3802,stage2_pde_terminal_interface,2802,0.0017569788295111887,0.0002,,0.00011307664547693259,0.4541155582075239,1.1323025095383802e-05,0.0016325791589388724,4.608367626798838e-22
3803,stage2_pde_terminal_interface,2803,0.0017423805284709057,0.0002,,0.00016428352581964812,0.4773227551544496,8.483936271337891e-06,0.0015696130663676363,1.2283275826992715e-14
3804,stage2_pde_terminal_interface,2804,0.0025242409664276177,0.0002,,0.00010314840722294792,0.480410444144133,9.737926777272052e-06,0.0024113487130500203,5.919377377440007e-09
3805,stage2_pde_terminal_interface,2805,0.0022014295390581353,0.0002,,0.00013323572961655665,0.49768441557331045,8.668556409964975e-06,0.0020595252510985326,1.933081259285995e-12
3806,stage2_pde_terminal_interface,2806,0.0026792559739883233,0.0002,,0.0001347286898114554,0.5684963511188666,7.952560011334154e-06,0.002536574724165531,2.6273291208114426e-18
3807,stage2_pde_terminal_interface,2807,0.001440767492326188,0.0002,,7.95157284331107e-05,0.43024185349292127,1.0128268379419274e-05,0.0013511234743670893,2.11465686973733e-11
3808,stage2_pde_terminal_interface,2808,0.0017646997886701943,0.0002,,0.0001530785729524219,0.5381269263467948,1.116803912260362e-05,0.0016004531765951688,1.3058810882666301e-20
3809,stage2_pde_terminal_interface,2809,0.0025621736887028006,0.0002,,0.00016470936449548414,0.5271047391331184,8.521643025649089e-06,0.0023889426811816673,4.989209356182856e-21
3810,stage2_pde_terminal_interface,2810,0.0013821220201502957,0.0002,,0.00012647751924148388,0.47544531393634065,9.754418296802762e-06,0.0012458895068286208,5.757833882563997e-10
3811,stage2_pde_terminal_interface,2811,0.0023122642569689527,0.0002,,0.00010428614327602628,0.5742561326772628,1.3232239663678017e-05,0.002194745874029247,1.2189249324808442e-18
3812,stage2_pde_terminal_interface,2812,0.0018536188720630034,0.0002,,9.848366513114666e-05,0.4634708104208162,1.3153860332431679e-05,0.0017419813249149462,2.168447885941411e-11
3813,stage2_pde_terminal_interface,2813,0.002198695904565463,0.0002,,0.00013122193689672586,0.5404180640898154,8.958878128571852e-06,0.0020585150895401625,2.482455115184597e-18
3814,stage2_pde_terminal_interface,2814,0.00172099928251491,0.0002,,0.00015864491402762891,0.5418692204705142,1.001670017650125e-05,0.0015523376683106728,1.0715148789273535e-16
3815,stage2_pde_terminal_interface,2815,0.0019346869715938613,0.0002,,0.00012379583960370487,0.469135376687475,1.05918740425029e-05,0.001800299257947642,1.1528991542637101e-17
3816,stage2_pde_terminal_interface,2816,0.00252623718364749,0.0002,,0.00011830076448237769,0.4513448112301223,7.580701254507054e-06,0.0024003557150553572,2.8552483436222224e-12
3817,stage2_pde_terminal_interface,2817,0.001814031773509153,0.0002,,8.96189650755779e-05,0.5188969989034907,8.525746394253879e-06,0.0017158870229316001,3.9107721232422654e-11
3818,stage2_pde_terminal_interface,2818,0.0019049776661936987,0.0002,,9.32094399729707e-05,0.4604851651739372,1.01262872556499e-05,0.0018016419389344398,3.0638181579590075e-14
3819,stage2_pde_terminal_interface,2819,0.001786774923366012,0.0002,,8.122085928608711e-05,0.536300372870044,5.690508719259334e-06,0.0016998635553606655,2.9915987487547963e-25
3820,stage2_pde_terminal_interface,2820,0.002169733562193451,0.0002,,0.00017241140715063043,0.5092341900386584,1.0555790243595079e-05,0.0019867663647992256,1.7097964607412242e-23
3821,stage2_pde_terminal_interface,2821,0.0023572510623423334,0.0002,,9.360111472665037e-05,0.48205999601757554,1.4121595109334735e-05,0.0022495283525063485,9.241159322729755e-23
3822,stage2_pde_terminal_interface,2822,0.0017587646675598677,0.0002,,9.395508148985064e-05,0.5051900483323575,8.383520166938e-06,0.0016564260655845746,3.185044612528066e-13
3823,stage2_pde_terminal_interface,2823,0.002605016517732267,0.0002,,7.862375563242909e-05,0.5741038177591407,1.4392166018659371e-05,0.0025120005957166443,3.6453419727004015e-13
3824,stage2_pde_terminal_interface,2824,0.0016536966216904258,0.0002,,0.00015785572939790507,0.5649063497323223,1.0227249264284053e-05,0.0014856136430282363,3.3026576739978466e-19
3825,stage2_pde_terminal_interface,2825,0.0022378741267613683,0.0002,,9.338093023359495e-05,0.48200296241873036,7.231332941953251e-06,0.0021372618632214614,3.6435863724669194e-13
3826,stage2_pde_terminal_interface,2826,0.0016646575771868885,0.0002,,7.380691752813717e-05,0.49392030710869195,1.2747622101018874e-05,0.0015781030375577325,4.1475911501543215e-26
3827,stage2_pde_terminal_interface,2827,0.0018761361474272226,0.0002,,0.00011605163237129967,0.48301704389749184,6.368332366338431e-06,0.001753716172408379,1.0281205383668907e-11
3828,stage2_pde_terminal_interface,2828,0.002860571948441907,0.0002,,0.0001637106692373517,0.4568266060686722,1.3284582867860309e-05,0.002683576369435833,3.269008622448669e-10
3829,stage2_pde_terminal_interface,2829,0.0021246139776836216,0.0002,,0.00011685195235144953,0.5318140639607092,1.1663080601097228e-05,0.0019960989444321128,2.9896207428090556e-13
3830,stage2_pde_terminal_interface,2830,0.0019523715101311058,0.0002,,7.689296585923258e-05,0.4024428688002811,8.873574363081875e-06,0.001866600088831538,4.8810772533431446e-09
3831,stage2_pde_terminal_interface,2831,0.0025200923437903523,0.0002,,9.810193995979529e-05,0.47708037966791833,1.0296115249770293e-05,0.0024116942885807867,2.3204870349458438e-21
3832,stage2_pde_terminal_interface,2832,0.002409092187312608,0.0002,,0.00011321841675659416,0.5377893847317391,1.231941230007339e-05,0.0022835543582551895,7.5076722518716e-16
3833,stage2_pde_terminal_interface,2833,0.0016120159842637558,0.0002,,0.00010162963119745677,0.5728932512200366,1.0181591183484714e-05,0.001500204761523336,3.5947859105198074e-13
3834,stage2_pde_terminal_interface,2834,0.0023105489320218394,0.0002,,0.00011497043684455283,0.48162277046134166,1.0226892972413336e-05,0.0021853515931126192,9.092253773981964e-12
3835,stage2_pde_terminal_interface,2835,0.002482396386244648,0.0002,,0.00011474169946808586,0.5024572156935673,1.4518305328170393e-05,0.002353136381415605,3.278673032780828e-14
3836,stage2_pde_terminal_interface,2836,0.0017822066152883682,0.0002,,8.405636082231801e-05,0.5229598336396415,9.14203933357968e-06,0.001689008213500605,1.6318653315917523e-12
3837,stage2_pde_terminal_interface,2837,0.002392849924212098,0.0002,,0.00015947957915529362,0.4946012768514633,7.36267779553839e-06,0.0022260076672612657,6.061341224190192e-19
3838,stage2_pde_terminal_interface,2838,0.0017132388753194005,0.0002,,0.0001226974744784344,0.4805413385356418,9.032945425434154e-06,0.0015815062698893655,2.185526166383355e-09
3839,stage2_pde_terminal_interface,2839,0.0022123870178374413,0.0002,,9.330661804474996e-05,0.47951205480555803,1.4130994931010556e-05,0.0021049288110055625,2.0593856118268834e-08
3840,stage2_pde_terminal_interface,2840,0.0018652127946448395,0.0002,,0.00011151179756093919,0.5643527604013764,9.101689968680366e-06,0.0017445993071152199,4.318920025248823e-21
3841,stage2_pde_terminal_interface,2841,0.0022628708851049773,0.0002,,9.742023996657673e-05,0.5596524616557107,5.6983738584051504e-06,0.0021596540168435916,9.825443640378556e-08
3842,stage2_pde_terminal_interface,2842,0.0020274775328848124,0.0002,,0.00010989287201566425,0.4959882204424622,8.378791269582087e-06,0.001909194582247402,1.1287352164025584e-08
3843,stage2_pde_terminal_interface,2843,0.0021807451729546922,0.0002,,0.00013492959216400687,0.4915003304473687,8.740409549592525e-06,0.002037074992298604,1.7894248880260918e-10
3844,stage2_pde_terminal_interface,2844,0.0019066713242722347,0.0002,,0.00010028549515004846,0.5459600010239724,1.2532659884054723e-05,0.0017938531692381313,3.2403157240515647e-19
3845,stage2_pde_terminal_interface,2845,0.002311496925319633,0.0002,,6.240814068928191e-05,0.4847240449449799,1.1159608891664307e-05,0.0022379290580747447,1.1766394187905888e-10
3846,stage2_pde_terminal_interface,2846,0.0018294809755615025,0.0002,,0.00015846212215558448,0.5020523702425771,1.2341106772595752e-05,0.0016586777466320011,1.3211413647916726e-15
3847,stage2_pde_terminal_interface,2847,0.0017640008151380367,0.0002,,0.0001051596597115256,0.5120729562530021,7.313435134621819e-06,0.0016515277166560935,3.6357955828523906e-12
3848,stage2_pde_terminal_interface,2848,0.0019309546160839021,0.0002,,0.00013150563477895322,0.5043643141749652,8.252135757625776e-06,0.0017911916995983653,5.1459489576529754e-09
3849,stage2_pde_terminal_interface,2849,0.001931611331244731,0.0002,,0.0001239603111285242,0.4719269726614516,1.18623557725682e-05,0.0017957886642073046,1.3633399200175395e-13
3850,stage2_pde_terminal_interface,2850,0.0017627931559952132,0.0002,,8.761752289143538e-05,0.4525680447487451,1.5420051757636105e-05,0.0016597554047969273,1.7654921447366383e-10
3851,stage2_pde_terminal_interface,2851,0.002584235694069349,0.0002,,9.29600202519909e-05,0.4353632753765798,6.987931203937107e-06,0.0024842877426130322,3.8896773167909014e-16
3852,stage2_pde_terminal_interface,2852,0.0020438652245740826,0.0002,,0.00011129432784553384,0.6054127829525124,8.892347669806827e-06,0.0019236785490587421,2.5560962018120077e-20
3853,stage2_pde_terminal_interface,2853,0.0021870449106441863,0.0002,,0.00010289621555004132,0.5042056367421838,1.1330998274335908e-05,0.0020728176968197926,1.650483693742127e-17
3854,stage2_pde_terminal_interface,2854,0.002376451920522203,0.0002,,0.00012827377911791348,0.47543784971158437,7.66092514129679e-06,0.002240517208670588,7.592404493528292e-12
3855,stage2_pde_terminal_interface,2855,0.002050850545356124,0.0002,,0.00011771553625914207,0.44854854797521576,5.738128522442144e-06,0.0019273968805745383,1.3755158588036977e-18
3856,stage2_pde_terminal_interface,2856,0.0020411564136582844,0.0002,,0.00011721174568465995,0.47824727458992317,8.102641515633771e-06,0.001915837085225466,4.941232524656765e-09
3857,stage2_pde_terminal_interface,2857,0.002029090670263183,0.0002,,0.00012702670837383282,0.5320999665895851,1.0247877379773015e-05,0.001891816084509577,6.043151563278271e-20
3858,stage2_pde_terminal_interface,2858,0.0020541263735760055,0.0002,,0.00010141476840113118,0.5378339747414251,6.778509601365499e-06,0.001945933082807844,1.2765664657571305e-11
3859,stage2_pde_terminal_interface,2859,0.0017799161604714015,0.0002,,0.0001285282667665531,0.4708634928833632,9.810401479053618e-06,0.0016415774922257948,2.4341712890080406e-21
3860,stage2_pde_terminal_interface,2860,0.002653579408175626,0.0002,,0.00013085839792326736,0.5475564532663235,1.1677601791558597e-05,0.002511043408460206,5.947908895450527e-16
3861,stage2_pde_terminal_interface,2861,0.0018067402974083432,0.0002,,0.00011651318338235254,0.470467129945818,1.2760913368456334e-05,0.0016774606306539902,5.5700035440637994e-09
3862,stage2_pde_terminal_interface,2862,0.0018896443576790658,0.0002,,0.0001451859165959002,0.5535700768965823,1.0331651195602665e-05,0.0017340805032522869,4.6286635276217407e-08
3863,stage2_pde_terminal_interface,2863,0.002116773739295523,0.0002,,8.750736018861484e-05,0.47364951468346617,8.501581587731019e-06,0.002020764797519177,1.7274148741255774e-21
3864,stage2_pde_terminal_interface,2864,0.0026595455146924533,0.0002,,0.0001216112621386646,0.4494890436924279,9.631548484035623e-06,0.0025283005827882125,2.121281540463327e-09
3865,stage2_pde_terminal_interface,2865,0.0017840298588774858,0.0002,,7.158024622544387e-05,0.4987968024518626,8.34420074050905e-06,0.001704105411911533,6.82667096719797e-20
3866,stage2_pde_terminal_interface,2866,0.0022257513840400456,0.0002,,0.00010712255507207684,0.48051037394697743,1.0227219327360986e-05,0.0021084016096405973,1.0542952132899969e-17
3867,stage2_pde_terminal_interface,2867,0.0019519506276035113,0.0002,,8.504432076496545e-05,0.5431479055011398,8.269305278663808e-06,0.0018586369945837898,6.976092175249858e-12
3868,stage2_pde_terminal_interface,2868,0.0021307997337628925,0.0002,,0.00012089989964174201,0.5116222321880469,1.055554437123424e-05,0.0019993442897493943,5.222391161639692e-16
3869,stage2_pde_terminal_interface,2869,0.0029725515347196166,0.0002,,0.0001137513465960531,0.5688875408926856,1.1402043799614093e-05,0.0028473981017421803,4.258176921953384e-11
3870,stage2_pde_terminal_interface,2870,0.0022866374628683146,0.0002,,0.00021157165544577065,0.5460231204625073,8.248400294677162e-06,0.002066817382787651,2.434021605481009e-11
3871,stage2_pde_terminal_interface,2871,0.0018910521128819634,0.0002,,0.00011183249942570653,0.5139353239709561,1.6348203895131265e-05,0.0017628714095611255,1.4307770620228886e-21
3872,stage2_pde_terminal_interface,2872,0.0027939813908204295,0.0002,,0.0001353967138115165,0.47933367624534434,7.526596781269493e-06,0.0026510580025776134,7.765003028301375e-11
3873,stage2_pde_terminal_interface,2873,0.0018636832460590294,0.0002,,8.422862097437578e-05,0.5141726633477791,9.493999097200622e-06,0.001769960625050409,9.370440480529373e-13
3874,stage2_pde_terminal_interface,2874,0.0021360097899110683,0.0002,,7.731634196904739e-05,0.42501793282496886,1.1476258902433306e-05,0.0020472171890395874,3.4147464020419306e-20
3875,stage2_pde_terminal_interface,2875,0.0021854131072438837,0.0002,,8.293551550712771e-05,0.5665019881345194,1.1594142121277662e-05,0.0020908834496154785,8.668949521788123e-26
3876,stage2_pde_terminal_interface,2876,0.0021748902568554307,0.0002,,8.308971079845382e-05,0.48817541143086485,9.273116989574767e-06,0.002082527429053564,1.3837901768603443e-14
3877,stage2_pde_terminal_interface,2877,0.002082743992624947,0.0002,,0.00017631369882882938,0.5348042860907449,1.4398043974849619e-05,0.001892032166636876,8.318439161742247e-11
3878,stage2_pde_terminal_interface,2878,0.0021719316234704994,0.0002,,0.0001363967301997504,0.5284752746920357,8.502220254460552e-06,0.002027032658652616,1.4363671948223973e-11
3879,stage2_pde_terminal_interface,2879,0.0023841879337617284,0.0002,,0.00010442841969516841,0.45278450787488883,6.9479215172126095e-06,0.0022728115911172164,1.4321309372948958e-12
3880,stage2_pde_terminal_interface,2880,0.0020361171136624653,0.0002,,0.0001488299994662292,0.4232288594375823,8.08041636448408e-06,0.001879206697831752,1.1268823845309703e-19
3881,stage2_pde_terminal_interface,2881,0.002095573569773482,0.0002,,0.000146191812203412,0.60892948727958,8.69709311790368e-06,0.00194068466445176,4.062918899829234e-16
3882,stage2_pde_terminal_interface,2882,0.002720969591099651,0.0002,,0.00010951440924827525,0.46101874533599757,1.0722534927253551e-05,0.0026007326469241225,5.263742108467498e-21
3883,stage2_pde_terminal_interface,2883,0.002104077748362401,0.0002,,9.471266830054439e-05,0.4065912813418023,9.491149382699472e-06,0.0019998739306791562,7.361676587076507e-19
3884,stage2_pde_terminal_interface,2884,0.0024763129542230418,0.0002,,0.0001361566211241082,0.4952443189033627,7.264950423845928e-06,0.0023328913820929243,5.821630810285847e-13
3885,stage2_pde_terminal_interface,2885,0.002821137457213155,0.0002,,0.00017604407501477159,0.5129756337748643,7.581726909313373e-06,0.002637511653333895,1.955174570494232e-12
3886,stage2_pde_terminal_interface,2886,0.002461423431768298,0.0002,,9.430388205600238e-05,0.4275010023782702,8.097562239671192e-06,0.0023590219759772294,1.1495395427287428e-11
3887,stage2_pde_terminal_interface,2887,0.002147375973354994,0.0002,,0.0001741964822313132,0.5066116447570929,1.2844047759031607e-05,0.001960329042034492,6.401330156821389e-09
3888,stage2_pde_terminal_interface,2888,0.0017777308199864155,0.0002,,0.00010641080636414574,0.5267007550149904,1.112139533799319e-05,0.0016601986167703085,1.5139680374089053e-12
3889,stage2_pde_terminal_interface,2889,0.0022602339046714475,0.0002,,0.00010901883680251279,0.4878076622474689,9.294628949013194e-06,0.0021419204388890057,3.0915913894340614e-14
3890,stage2_pde_terminal_interface,2890,0.0018946059410717996,0.0002,,0.00011349864475749725,0.4561145482513221,1.0658060849032383e-05,0.0017704492350356824,4.295874911061911e-13
3891,stage2_pde_terminal_interface,2891,0.001916127526333926,0.0002,,0.00011766902490954387,0.5314789920203561,1.0939775660876681e-05,0.0017875187257634729,3.257298634450924e-17
3892,stage2_pde_terminal_interface,2892,0.0018741449909646908,0.0002,,0.00013739976999365514,0.5225131058472855,1.004994726836643e-05,0.0017266942594503464,1.0142523230199333e-09
3893,stage2_pde_terminal_interface,2893,0.0025771910064078937,0.0002,,0.00017791586843681522,0.50698053440742,9.545830935767609e-06,0.002389725605745697,3.7012896136449423e-09
3894,stage2_pde_terminal_interface,2894,0.002132012443555081,0.0002,,0.00014721369098359544,0.5169961242177162,1.3782630681711441e-05,0.001971016121889774,2.3345288784555477e-19
3895,stage2_pde_terminal_interface,2895,0.002118165552490337,0.0002,,0.0001005066653650423,0.500148939041767,1.0231204294006368e-05,0.002007427682831288,7.555886820657351e-27
3896,stage2_pde_terminal_interface,2896,0.0021131264285893145,0.0002,,0.00017588684613850685,0.48678004897717464,1.0821695376135085e-05,0.001926417756244232,1.308304405727871e-10
3897,stage2_pde_terminal_interface,2897,0.0021673451251551976,0.0002,,0.00026828995544122555,0.500961716893332,1.262743069121634e-05,0.0018864277390227557,1.4649104639495413e-32
3898,stage2_pde_terminal_interface,2898,0.0025793809126080664,0.0002,,0.00015733720013119142,0.49215736869677396,8.932420885410644e-06,0.0024131112901788344,1.4126299491504617e-12
3899,stage2_pde_terminal_interface,2899,0.0016653936816684598,0.0002,,0.00017019393392608107,0.4721780105497635,8.955179873352786e-06,0.0014862445672238784,6.45147516179178e-13
3900,stage2_pde_terminal_interface,2900,0.002576920811819663,0.0002,,0.00020247635854809027,0.5344855575722065,1.0413960296723349e-05,0.0023640287221126815,1.7708621677717594e-09
3901,stage2_pde_terminal_interface,2901,0.002275619053242414,0.0002,,0.00015589859220035016,0.5047669594373664,7.637896564993393e-06,0.0021120825644769946,7.575982147625042e-17
3902,stage2_pde_terminal_interface,2902,0.0024088577152180345,0.0002,,9.012468472437339e-05,0.5517840880943395,1.0900035943972486e-05,0.002307832992918145,1.631543915381727e-12
3903,stage2_pde_terminal_interface,2903,0.002733626385184998,0.0002,,0.00014645316968467435,0.5064093003597536,9.575029177342985e-06,0.0025775981863218056,1.174848750313225e-15
3904,stage2_pde_terminal_interface,2904,0.002048872484034636,0.0002,,8.956845445251957e-05,0.47952440680934927,9.144847743100955e-06,0.0019501576893240656,1.4925149495586871e-09
3905,stage2_pde_terminal_interface,2905,0.0016370683898432328,0.0002,,0.00012702745935849784,0.4897528474955651,1.2175989782637359e-05,0.0014978649407020846,1.3020348336557652e-17
3906,stage2_pde_terminal_interface,2906,0.001990725283472392,0.0002,,0.00010227246303155842,0.5046629513940626,9.805261421626703e-06,0.0018786474761157792,8.290342767369876e-11
3907,stage2_pde_terminal_interface,2907,0.002378075735491997,0.0002,,0.00011517600015764107,0.6269969044893996,1.4803842451566465e-05,0.0022480958928825026,2.8730550651015395e-16
3908,stage2_pde_terminal_interface,2908,0.0020766586122388437,0.0002,,0.00011646446709350156,0.4299894127548705,8.924722027093148e-06,0.0019512687073696255,7.157486237391883e-10
3909,stage2_pde_terminal_interface,2909,0.002535679428919505,0.0002,,8.171095760531772e-05,0.4409099975594265,1.0761582856975687e-05,0.0024432031869442497,3.701512961478904e-09
3910,stage2_pde_terminal_interface,2910,0.0018583988090926046,0.0002,,0.0001765069938924178,0.5605264458433522,8.134922036216619e-06,0.0016737568906868817,2.4770887026847544e-12
3911,stage2_pde_terminal_interface,2911,0.002189144870495721,0.0002,,0.00010677766376399686,0.523827222811592,1.0694808400287395e-05,0.002071672398331437,1.8449057487538315e-26
3912,stage2_pde_terminal_interface,2912,0.001925311355331198,0.0002,,0.000148478152288882,0.5255344909956713,1.297407375725187e-05,0.001763859120612929,8.672134957874644e-12
3913,stage2_pde_terminal_interface,2913,0.0020006112592497673,0.0002,,9.90926578248227e-05,0.4511472066710069,1.0124434567571432e-05,0.0018913941667254262,1.3194703927615493e-13
3914,stage2_pde_terminal_interface,2914,0.0023755633828524193,0.0002,,0.0001257163440076349,0.5103495179854146,1.1613631233260844e-05,0.002238233407611519,4.7768236883269155e-18
3915,stage2_pde_terminal_interface,2915,0.002535934904898266,0.0002,,0.00010016696176402103,0.4768414826058349,9.616510975410043e-06,0.0024261508665915977,5.655672372144645e-10
3916,stage2_pde_terminal_interface,2916,0.0022841671043550144,0.0002,,8.449498125621815e-05,0.4576443246123503,1.5352911125194837e-05,0.0021843192082085273,3.7650739888057205e-12
3917,stage2_pde_terminal_interface,2917,0.0024813178982733028,0.0002,,7.275475880687447e-05,0.49461941728739733,9.222063094228346e-06,0.0023993410758015995,5.70600555497564e-13
3918,stage2_pde_terminal_interface,2918,0.0020736174185786577,0.0002,,0.00019511651532372763,0.6205403307465239,1.3234043252139438e-05,0.0018652668600027907,2.7374601570713413e-29
3919,stage2_pde_terminal_interface,2919,0.002650346324107182,0.0002,,8.142738652273556e-05,0.42968646808389593,1.062041592973418e-05,0.0025582985216545456,1.6692654195998688e-16
3920,stage2_pde_terminal_interface,2920,0.0027078428346339715,0.0002,,0.00014833938665168584,0.5323670772816768,8.042009341885926e-06,0.002551461427239571,1.1400828666730567e-11
3921,stage2_pde_terminal_interface,2921,0.001864185521759201,0.0002,,6.948106195102123e-05,0.4845685046885959,7.384999741299663e-06,0.0017873139130444712,5.547022408990322e-09
3922,stage2_pde_terminal_interface,2922,0.002318298995999217,0.0002,,9.223316613449785e-05,0.5412261684642664,8.729147178428406e-06,0.0022173366826862906,6.876180019764707e-34
3923,stage2_pde_terminal_interface,2923,0.002356714124933677,0.0002,,0.00011889217264706049,0.4863686478114936,1.2268216865019637e-05,0.002225533494350363,2.0241071233798165e-08
3924,stage2_pde_terminal_interface,2924,0.002168878277667495,0.0002,,0.000143602186094593,0.5755460887315391,1.0769115627955747e-05,0.002014503362266473,3.6136784731025203e-09
3925,stage2_pde_terminal_interface,2925,0.001604924198150224,0.0002,,8.70717021249264e-05,0.5256275823960861,7.834681679194307e-06,0.0015096127989166943,4.050154294091257e-07
3926,stage2_pde_terminal_interface,2926,0.0020900760693095357,0.0002,,9.659382694081957e-05,0.5736095896913221,9.194621889461262e-06,0.001984285065013859,2.555465395728476e-09
3927,stage2_pde_terminal_interface,2927,0.0022988754110207254,0.0002,,8.598289714474333e-05,0.45758284461256193,1.1883540664769663e-05,0.0022009432641310936,6.570908011875756e-08
3928,stage2_pde_terminal_interface,2928,0.0016755696202132484,0.0002,,0.00014069049233028736,0.5267016314437927,8.844677822542816e-06,0.0015260344500604183,3.219744499600689e-25
3929,stage2_pde_terminal_interface,2929,0.0018257958356583132,0.0002,,0.00015849376225077671,0.5274653344020959,1.0138395857815708e-05,0.0016571611138986417,2.563651079171179e-09
3930,stage2_pde_terminal_interface,2930,0.0021942608762566813,0.0002,,0.00015085418845023048,0.5523560741424723,1.0594616067451848e-05,0.00203281207148198,2.570190916192909e-13
3931,stage2_pde_terminal_interface,2931,0.0023751404872418653,0.0002,,0.00011782908768257523,0.5230008193808853,1.1339514876003626e-05,0.002245956677105144,1.520757814273551e-08
3932,stage2_pde_terminal_interface,2932,0.00160745065983347,0.0002,,0.0001098173605129115,0.46457574535316953,1.0568963905618312e-05,0.00148705502867579,9.306739150267314e-09
3933,stage2_pde_terminal_interface,2933,0.002736636758083648,0.0002,,0.00015655252185022947,0.48143615232919745,9.93620215276907e-06,0.002570147740184184,2.9389646572605733e-10
3934,stage2_pde_terminal_interface,2934,0.0014969159305632976,0.0002,,0.00013068191555155325,0.557224736174411,8.39583739211605e-06,0.0013578381773795103,2.4011812828846447e-13
3935,stage2_pde_terminal_interface,2935,0.002479150426688184,0.0002,,0.0001091750753238296,0.45292048446138805,1.1995168223813041e-05,0.002357952777274558,2.74058659837118e-08
3936,stage2_pde_terminal_interface,2936,0.0019981554872574464,0.0002,,0.00019743783103127265,0.5462352024072487,5.0523769436432995e-06,0.0017956652792825304,1.00432028368974e-26
3937,stage2_pde_terminal_interface,2937,0.001314130401508518,0.0002,,0.00013226124075511598,0.49959313290327356,7.292330939293982e-06,0.0011745768298141038,4.372710154938702e-18
3938,stage2_pde_terminal_interface,2938,0.0024530656146360807,0.0002,,0.00016096711614248737,0.5068579458856074,8.600628781142702e-06,0.0022834978522909967,1.742145404474594e-11
3939,stage2_pde_terminal_interface,2939,0.0020217316468430346,0.0002,,0.00014827661257610014,0.48038632036336026,8.079211439112824e-06,0.0018653758209072422,1.9205796638303993e-12
3940,stage2_pde_terminal_interface,2940,0.0018609451361661943,0.0002,,0.00019984557180415354,0.5353938541614744,7.471758173472887e-06,0.0016536277466545081,5.953405980777482e-11
3941,stage2_pde_terminal_interface,2941,0.0018733114920690232,0.0002,,0.00018516584745684728,0.46552670198497875,1.1165323436143003e-05,0.0016769581241231515,2.2197052881290464e-08
3942,stage2_pde_terminal_interface,2942,0.0021653340963676496,0.0002,,0.0001171242804435593,0.4282175522535549,1.009553405239416e-05,0.002038113975912201,3.059594949751787e-10
3943,stage2_pde_terminal_interface,2943,0.00204594725322713,0.0002,,0.00015625551710915565,0.43514511830641506,1.07210619119221e-05,0.0018789706742049113,1.1409383975379839e-15
3944,stage2_pde_terminal_interface,2944,0.002106217277642994,0.0002,,0.00012936020293745554,0.5120709325421406,1.1009159234150238e-05,0.0019658478619642497,5.350713900654192e-11
3945,stage2_pde_terminal_interface,2945,0.0022654586200593603,0.0002,,9.944662679086823e-05,0.5191963296786686,7.507419252076338e-06,0.002158504574016384,3.207245334835291e-17
3946,stage2_pde_terminal_interface,2946,0.002546191293413498,0.0002,,0.00010953444425739126,0.43836655544365605,1.470743204752469e-05,0.002421949417108582,4.642285353466541e-30
3947,stage2_pde_terminal_interface,2947,0.002487416613842933,0.0002,,0.00014507111129912468,0.47209994993150106,8.96065446681841e-06,0.002333384387550665,4.60526324937775e-10
3948,stage2_pde_terminal_interface,2948,0.001855292789547245,0.0002,,0.00011136197404997382,0.517434522082422,8.777712646782161e-06,0.001735153102850489,2.459103994880393e-22
3949,stage2_pde_terminal_interface,2949,0.0016563134016114134,0.0002,,0.00014697055826035923,0.5043828140176906,8.236886555465295e-06,0.001501105956795589,1.4671435328661766e-20
3950,stage2_pde_terminal_interface,2950,0.0024232071820356384,0.0002,,0.0001545836288249855,0.5223551123350704,5.743213058943882e-06,0.0022628803401516734,3.5641295739090813e-17
3951,stage2_pde_terminal_interface,2951,0.001279026330024531,0.0002,,7.024445414394904e-05,0.5456499066250687,9.829976995034001e-06,0.0011989518543877465,4.449780143146014e-11
3952,stage2_pde_terminal_interface,2952,0.001754149418597107,0.0002,,0.00014309050387601834,0.4713364914473402,1.1622025951237116e-05,0.0015994368858249339,2.9449178106910003e-12
3953,stage2_pde_terminal_interface,2953,0.0021702036542097024,0.0002,,0.00014295900862456082,0.5436725571065499,9.008255792252348e-06,0.0020182363600604585,2.973243058853607e-11
3954,stage2_pde_terminal_interface,2954,0.0019299549418514965,0.0002,,0.00016505365407002204,0.5083542474160394,8.084308024150619e-06,0.001756816979757323,7.599634281562243e-19
3955,stage2_pde_terminal_interface,2955,0.0017392763556666076,0.0002,,0.00010823689222659839,0.4934969202303053,8.962632234062141e-06,0.0016220766169297268,2.1427622020241014e-10
3956,stage2_pde_terminal_interface,2956,0.0016185560401628903,0.0002,,9.933674776152131e-05,0.45383470889557376,1.096226518343273e-05,0.0015082570265380888,6.798475096161238e-13
3957,stage2_pde_terminal_interface,2957,0.0025722439535793935,0.0002,,0.00016981252169328412,0.5191142090863538,8.148199860088496e-06,0.002394252640175379,3.059185064187655e-08
3958,stage2_pde_terminal_interface,2958,0.0017361957761075698,0.0002,,0.00010327319414349856,0.507739142276649,1.081623993884034e-05,0.001622106342025231,2.777091373836709e-20
3959,stage2_pde_terminal_interface,2959,0.0019697487055562847,0.0002,,0.0001705569451570019,0.5043914668285318,9.901501401113153e-06,0.0017892902589981695,9.933965643225804e-26
3960,stage2_pde_terminal_interface,2960,0.002289554399540369,0.0002,,0.00013813791207749346,0.48907037118903435,6.1103214254033925e-06,0.0021453039725276538,2.193509818451733e-09
3961,stage2_pde_terminal_interface,2961,0.0026402720728489247,0.0002,,0.00022934407488196606,0.483574121704174,1.0890445732552067e-05,0.0024000061855819206,3.1366652485781436e-08
3962,stage2_pde_terminal_interface,2962,0.002084904732203708,0.0002,,0.00016451172463869545,0.5328185706612802,9.877790276394272e-06,0.0019105152172886177,1.0721495675357737e-18
3963,stage2_pde_terminal_interface,2963,0.0022285984180623717,0.0002,,0.0001592750550164732,0.4763823135580274,7.159770612561063e-06,0.002062162697757129,8.946762079975974e-10
3964,stage2_pde_terminal_interface,2964,0.0015925036612439232,0.0002,,7.119923849195608e-05,0.550490933328277,1.0222069956132451e-05,0.0015110823527958346,9.70995377758285e-26
3965,stage2_pde_terminal_interface,2965,0.0018858795515400576,0.0002,,0.00022991065449373368,0.5283715027962171,1.4986670214231723e-05,0.0016409822205016133,6.3304789596041656e-12
3966,stage2_pde_terminal_interface,2966,0.002276371851929008,0.0002,,0.0001609909262937772,0.46388916264624763,8.19561815429957e-06,0.0021071853074793047,1.6263676296419996e-15
3967,stage2_pde_terminal_interface,2967,0.002104420359925197,0.0002,,0.00010760759305910711,0.4586930104031917,9.698252664673513e-06,0.0019871108583584475,3.655842968808828e-09
3968,stage2_pde_terminal_interface,2968,0.0023235234229311563,0.0002,,0.00015037333630599285,0.5333985262924965,9.073843981500983e-06,0.0021640762422354665,4.081961546012737e-13
3969,stage2_pde_terminal_interface,2969,0.0016580280305090174,0.0002,,0.00022226409336732262,0.6076659874092136,1.1269263961985834e-05,0.001424494673179709,1.2851102110763435e-25
3970,stage2_pde_terminal_interface,2970,0.0022884888711177586,0.0002,,0.0002177112417179964,0.4881637905941036,1.1927112265753322e-05,0.002058850517134009,2.756565018083439e-20
3971,stage2_pde_terminal_interface,2971,0.0019255291667547227,0.0002,,0.00014554941498031923,0.48937082091394285,7.2509338807435175e-06,0.0017727288178936574,2.596607738171416e-18
3972,stage2_pde_terminal_interface,2972,0.001968511918516512,0.0002,,0.0001640281575090843,0.4604669575339261,1.201526243494695e-05,0.001792468418571991,8.000048991675404e-11
3973,stage2_pde_terminal_interface,2973,0.003204990715760791,0.0002,,0.00021907782105255443,0.4951451926007759,8.778485499715188e-06,0.0029771344092079186,6.029207241763966e-16
3974,stage2_pde_terminal_interface,2974,0.0017613007017508134,0.0002,,0.00013269196480643347,0.45339724416776156,7.4192813705203444e-06,0.001621189015072326,4.4050153354070553e-10
3975,stage2_pde_terminal_interface,2975,0.002327044291713598,0.0002,,0.00016527901862186273,0.4702106680588026,1.2472422066193456e-05,0.002149292850846876,1.7866546977855683e-13
3976,stage2_pde_terminal_interface,2976,0.002130593849428563,0.0002,,0.00010196618681553696,0.5176671818546831,1.3524427601722554e-05,0.0020151018808311776,1.3541801260197336e-09
3977,stage2_pde_terminal_interface,2977,0.0028286714607191196,0.0002,,0.00018673246346067327,0.5219264490948458,8.693293006204294e-06,0.002633245704252242,1.2857669703446486e-22
3978,stage2_pde_terminal_interface,2978,0.0026645781567097406,0.0002,,0.00016211782316682207,0.5347827503567942,1.3312054668696108e-05,0.002489148278874056,1.6632813418662315e-16
3979,stage2_pde_terminal_interface,2979,0.0022041056447249107,0.0002,,0.00015607206063557565,0.5837873309263508,6.141546266696066e-06,0.0020418915459002964,4.919223427965069e-10
3980,stage2_pde_terminal_interface,2980,0.0018437663641427367,0.0002,,8.102515831398091e-05,0.47245143504223314,9.249972729999944e-06,0.0017534901869456986,1.0461530571510257e-09
3981,stage2_pde_terminal_interface,2981,0.0017974133223293233,0.0002,,0.0001380335296875325,0.5007474772239118,8.082850502247864e-06,0.0016512893565146436,7.585624899358474e-09
3982,stage2_pde_terminal_interface,2982,0.002481680371370997,0.0002,,0.000120468183254023,0.5315000978086589,6.575778332546366e-06,0.002354636409783226,1.2015982214690355e-15
3983,stage2_pde_terminal_interface,2983,0.0017514984427788327,0.0002,,0.00013049019689873747,0.46616111843874214,1.3755537680668284e-05,0.001607252615966855,9.223257214997599e-11
3984,stage2_pde_terminal_interface,2984,0.0014760851347409105,0.0002,,7.136987827280152e-05,0.4692677464343738,8.839075712681843e-06,0.001395775564199986,1.0061655544125041e-07
3985,stage2_pde_terminal_interface,2985,0.0019480180278060523,0.0002,,0.00019909305993884164,0.5031665429062147,9.732636910217601e-06,0.0017391923299842583,9.72734671412185e-13
3986,stage2_pde_terminal_interface,2986,0.0018971114433958514,0.0002,,8.467108095659576e-05,0.527866346070624,9.594015124453944e-06,0.0018028463469495712,3.652305986291653e-13
3987,stage2_pde_terminal_interface,2987,0.001723313045662748,0.0002,,0.00010322513408626041,0.564175059209969,1.2940750431278819e-05,0.0016071471611442557,9.532508594635463e-16
3988,stage2_pde_terminal_interface,2988,0.002271791427122363,0.0002,,0.00010279465989166883,0.4162939106135603,1.1087979201529649e-05,0.002157908788029164,5.698310889525604e-19
3989,stage2_pde_terminal_interface,2989,0.0021129379660517486,0.0002,,0.0001665100739443189,0.5001724777307681,7.808766744977745e-06,0.0019386191253624513,6.710296946521922e-19
3990,stage2_pde_terminal_interface,2990,0.0019788819990226446,0.0002,,0.00011348345916484609,0.5262893700545649,1.1215744653162737e-05,0.0018541558772182773,2.691798635840967e-08
3991,stage2_pde_terminal_interface,2991,0.001933703782274397,0.0002,,0.00010356381044770456,0.4894985583472305,1.5859285697913195e-05,0.0018142806785567652,7.572014006443283e-12
3992,stage2_pde_terminal_interface,2992,0.0019658311050542833,0.0002,,0.00021094523585218444,0.49413924819856586,9.265409326927522e-06,0.0017456178022740693,2.6576011018168298e-09
3993,stage2_pde_terminal_interface,2993,0.0018420446819313028,0.0002,,6.925503751446448e-05,0.46167831312493396,1.0660677264297493e-05,0.0017621289671513748,1.1660228090822334e-15
3994,stage2_pde_terminal_interface,2994,0.0016428753931603827,0.0002,,0.00010949055283933369,0.485191254437911,6.645497993581349e-06,0.0015267393420752462,2.5222141662323294e-13
3995,stage2_pde_terminal_interface,2995,0.002909700094829218,0.0002,,0.00012065501114583343,0.4962267545612913,8.509968489373552e-06,0.0027805351151940047,6.6383938223469964e-18
3996,stage2_pde_terminal_interface,2996,0.0020185543066108735,0.0002,,9.021092939953806e-05,0.4688787137908896,5.302439362311981e-06,0.0019230409378490233,8.22483055408091e-21
3997,stage2_pde_terminal_interface,2997,0.0031044836872630294,0.0002,,0.00017617921334180862,0.5261276182228187,8.406980830654286e-06,0.002919897477686401,1.5404165518447227e-11
3998,stage2_pde_terminal_interface,2998,0.0019540343568030757,0.0002,,0.00010352186573643613,0.5034392764888945,1.4292176544398908e-05,0.0018362203145222407,1.4673120670235989e-21
3999,stage2_pde_terminal_interface,2999,0.002146887652199152,0.0002,,0.00010760403232181457,0.5029984011204464,8.38644490544833e-06,0.0020308961999293863,9.750425029125165e-10
4000,stage2_pde_terminal_interface,3000,0.0018728949786206654,0.0002,,0.00011160569444755407,0.45978501703830044,7.856343086723696e-06,0.0017534323773754276,5.637109598673823e-10
