tau,moneyness,v,rho,kappa,gamma,bar_v,r,row_index,fd_delta,ad_delta,ad_minus_fd_delta,fd_gamma,ad_gamma,ad_minus_fd_gamma,fd_vega,ad_vega,ad_minus_fd_vega,fd_theta,ad_theta,ad_minus_fd_theta,fd_rho,ad_rho,ad_minus_fd_rho
0.4261666666666667,0.8,0.04,-0.7,2.0,0.3,0.04,0.01,38,-0.9367835860094043,-0.9367836123870373,-2.637763307777874e-08,1.5726297541984735,1.5726297294949492,-2.470352433725509e-08,0.13979511723938298,0.13979511968938266,2.4499996753579723e-09,0.00384864334651569,0.003848642896203054,-4.5031263613826145e-10,-0.348140485615378,-0.3481406386283805,-1.5301300249070948e-07
0.537,0.8,0.04,-0.7,2.0,0.3,0.04,0.01,48,-0.9039143990169363,-0.9039144201977621,-2.1180825870992237e-08,1.7864732138050954,1.7864733146654939,1.0086039847756467e-07,0.16602692135436747,0.16602692383709347,2.482725997010604e-09,-0.0013620437380734707,-0.001362044056309405,-3.1823593434933406e-10,-0.4312532056521823,-0.4312533839488188,-1.7829663651047767e-07
0.57025,0.8,0.04,-0.7,2.0,0.3,0.04,0.01,51,-0.8941328710287966,-0.8941328907896633,-1.976086672073052e-08,1.8280164271189392,1.8280165054036572,7.828471804138815e-08,0.1722500267697935,0.17225002924991142,2.480117916592306e-09,-0.0023932043916041756,-0.0023932046334371486,-2.4183297291785477e-10,-0.4556497559854433,-0.45564994060790337,-1.8462246004213867e-07
0.7919166666666667,0.8,0.04,-0.7,2.0,0.3,0.04,0.01,71,-0.8349247098682344,-0.8349247214886856,-1.1620451156879597e-08,1.9574276421963077,1.9574277591601474,1.1696383972470414e-07,0.19989758834687565,0.19989759053603404,2.189158382348566e-09,-0.006610863608202955,-0.00661086365923295,-5.102999533351804e-11,-0.6131077890025871,-0.61310800818809,-2.1918550285882077e-07
1.0468333333333333,0.8,0.04,-0.7,2.0,0.3,0.04,0.01,94,-0.7826155268783608,-0.7826155320338101,-5.1554492896954685e-09,1.9360476832819273,1.9360477329625794,4.96806520366988e-08,0.21217073006341014,0.21217073178941126,1.726001119806142e-09,-0.009246813722774139,-0.009246813754230252,-3.145611375543478e-11,-0.7862422381924028,-0.7862424917549762,-2.535625733823821e-07
1.1133333333333333,0.8,0.04,-0.7,2.0,0.3,0.04,0.01,100,-0.771419135910667,-0.7714191398990955,-3.988428476375816e-09,1.9158892416992757,1.9158892910712413,4.9371965626932024e-08,0.21324762415009246,0.21324762578726925,1.6371767830314354e-09,-0.009707536203218403,-0.009707536229590768,-2.6372364361759715e-11,-0.8304327594368943,-0.8304330220359428,-2.6259904850611804e-07
1.3793333333333333,0.8,0.04,-0.7,2.0,0.3,0.04,0.01,124,-0.7341423802190161,-0.734142381486826,-1.2678098570972907e-09,1.8083756547770946,1.8083757443937538,8.961665920459438e-08,0.21236585275530295,0.21236585421658866,1.4612857035523064e-09,-0.010966090572550602,-0.010966090588127123,-1.5576520975835173e-11,-1.0037093745013381,-1.003709675097105,-3.005957669444115e-07
1.5455833333333333,0.8,0.04,-0.7,2.0,0.3,0.04,0.01,139,-0.7155338704942227,-0.7155338715267205,-1.0324978649833838e-09,1.7374852057105983,1.737485219277524,1.3566925805008623e-08,0.2091747488411344,0.2091747502899165,1.4487820942932217e-09,-0.011432417962309316,-0.011432417970979629,-8.6703127316623e-12,-1.1092572398696543,-1.109257565956956,-3.2608730160532673e-07
1.56775,0.8,0.04,-0.7,2.0,0.3,0.04,0.01,141,-0.7132619606747825,-0.7132619617479821,-1.0731995292445617e-09,1.728761489516728,1.7287614842791452,-5.23758281190112e-09,0.20865540959313922,0.20865541104299343,1.4498542089125266e-09,-0.01148066250511448,-0.011480662516336233,-1.1221752693746367e-11,-1.12317822887259,-1.1231785584481437,-3.2957555373691605e-07
1.63425,0.8,0.04,-0.7,2.0,0.3,0.04,0.01,147,-0.7066945336539621,-0.7066945349014963,-1.2475341870654688e-09,1.7042158073632407,1.7042157827013638,-2.4661876985021536e-08,0.2069972812349108,0.2069972826914756,1.4565648132069953e-09,-0.011608239460225711,-0.011608239468938426,-8.7127145775856e-12,-1.1647382069082668,-1.1647385470578746,-3.4014960781370007e-07
1.6453333333333333,0.8,0.04,-0.7,2.0,0.3,0.04,0.01,148,-0.7056334992544544,-0.7056335005362551,-1.281800665609012e-09,1.7003860097730694,1.700386008051909,-1.7211603253741714e-09,0.2067078394013544,0.20670784085897173,1.4576173323899155e-09,-0.011627148837622947,-0.011627148847232958,-9.61001070387546e-12,-1.1716360684221883,-1.1716364103472894,-3.4192510112163177e-07
1.734,0.8,0.04,-0.7,2.0,0.3,0.04,0.01,156,-0.6974448458496596,-0.6974448474564475,-1.6067879249348493e-09,1.6726910301301245,1.6726910276779092,-2.452215319692641e-09,0.2042802333454552,0.20428023481765448,1.4721992791510985e-09,-0.01175698308680806,-0.01175698309452136,-7.713300484435415e-12,-1.22653731590594,-1.226537672144151,-3.5623821093011543e-07
1.90025,0.8,0.04,-0.7,2.0,0.3,0.04,0.01,171,-0.6831989331360089,-0.6831989352023615,-2.0663526445474645e-09,1.6346085762730667,1.634608477351124,-9.89219426372756e-08,0.19932717162773894,0.19932717311718584,1.489446899149982e-09,-0.01192185991649719,-0.01192185991940358,-2.906388671397586e-12,-1.328239525289765,-1.3282399085755212,-3.8328575624468897e-07
1.9224166666666667,0.8,0.04,-0.7,2.0,0.3,0.04,0.01,173,-0.6813780433620464,-0.6813780454522387,-2.0901922415106355e-09,1.630688234444122,1.630688193993514,-4.045060797430722e-08,0.1986385629959564,0.1986385644852771,1.4893207223032334e-09,-0.011938754023166354,-0.011938754026313088,-3.1467346089941728e-12,-1.341688384574602,-1.3416887714563237,-3.868817217700382e-07
1.9335,0.8,0.04,-0.7,2.0,0.3,0.04,0.01,174,-0.6804728458953413,-0.6804728479911034,-2.0957621194028775e-09,1.6288076887249758,1.6288076896367798,9.118039656641486e-10,0.19829236162977049,0.19829236312188436,1.4921138768997366e-09,-0.011946923644812202,-0.011946923646442318,-1.6301161809284537e-12,-1.3484035482613788,-1.3484039369377951,-3.886764163851808e-07
0.3264166666666667,0.8022222222222223,0.04,-0.7,2.0,0.3,0.04,0.01,210,-0.9608607838940131,-0.9608608143292618,-3.043524876567005e-08,1.2739651056303813,1.2739650956179516,-1.0012429774164389e-08,0.10962245491852318,0.10962245746120414,2.5426809546758022e-09,0.010335122433979826,0.010335122787246333,3.5326650632550027e-10,-0.26840817292303476,-0.26840829518319426,-1.2226015949634572e-07
0.5148333333333334,0.8022222222222223,0.04,-0.7,2.0,0.3,0.04,0.01,227,-0.9065707577174398,-0.9065707796864416,-2.196900183992767e-08,1.7833720888926763,1.7833721499709434,6.107826711065911e-08,0.16428634948328913,0.16428635206077186,2.5774827272506684e-09,-0.0012270696539418147,-0.001227070031000849,-3.7705903438607635e-10,-0.41239241977020225,-0.41239259299682385,-1.7322662160257352e-07
0.5480833333333334,0.8022222222222223,0.04,-0.7,2.0,0.3,0.04,0.01,230,-0.89660490835336,-0.8966049288364789,-2.0483118867709038e-08,1.828684531579583,1.8286845693198335,3.774025048031149e-08,0.17095173706516142,0.17095173963708668,2.5719252561007266e-09,-0.002385161841367278,-0.002385162139338007,-2.979707288200406e-10,-0.4368388999323458,-0.43683907975555913,-1.7982321331988516e-07
0.6589166666666667,0.8022222222222223,0.04,-0.7,2.0,0.3,0.04,0.01,240,-0.8647510853143636,-0.8647511012879017,-1.597353804783097e-08,1.9268855178111721,1.9268856383272877,1.2051611553154373e-07,0.18854844277799154,0.18854844525360112,2.4756095784450594e-09,-0.0050700535650372025,-0.005070053677079088,-1.1204188531815928e-10,-0.5167674835676594,-0.5167676824640209,-1.9889636149184042e-07
0.7808333333333334,0.8022222222222223,0.04,-0.7,2.0,0.3,0.04,0.01,251,-0.8332196656360424,-0.833219677299237,-1.166319452128306e-08,1.9710765408742503,1.9710766270731699,8.619891955774506e-08,0.20145107726243783,0.20145107952145247,2.2590146420142787e-09,-0.006994354828648852,-0.006994354880291695,-5.164284277991982e-11,-0.6022906868102806,-0.6022909036451,-2.1683481932210924e-07
0.8251666666666667,0.8022222222222223,0.04,-0.7,2.0,0.3,0.04,0.01,255,-0.8227786961778616,-0.8227787064520892,-1.027422757982066e-08,1.9756978830720584,1.975697980438647,9.736658856951408e-08,0.20483487350897445,0.20483487567278827,2.1638138225643644e-09,-0.007557793843260274,-0.007557793888685187,-4.542491296305462e-11,-0.632874229300473,-0.6328744522582012,-2.2295772816871562e-07
0.936,0.8022222222222223,0.04,-0.7,2.0,0.3,0.04,0.01,265,-0.7990167929841641,-0.7990168002452182,-7.26105409132316e-09,1.9686348939895737,1.9686349914841323,9.74945586484921e-08,0.21089287703113246,0.2108928789711387,1.9400062389873796e-09,-0.008735458273401164,-0.00873545831214381,-3.874264624392776e-11,-0.7083499866472609,-0.7083502245413865,-2.3789412562091883e-07
0.9803333333333334,0.8022222222222223,0.04,-0.7,2.0,0.3,0.04,0.01,269,-0.790390799269014,-0.7903908055099896,-6.240975625182443e-09,1.960096907005493,1.960096949747618,4.274212495047891e-08,0.21250788321436342,0.21250788507167073,1.8573073079508617e-09,-0.009125396489284565,-0.00912539652577574,-3.64911746653096e-11,-0.7381944212048186,-0.7381946650260138,-2.438211952338065e-07
1.202,0.8022222222222223,0.04,-0.7,2.0,0.3,0.04,0.01,289,-0.7535790521451258,-0.7535790546861993,-2.54107357378075e-09,1.8871213480764482,1.8871214363373305,8.826088238045315e-08,0.2155823950850122,0.21558239665614842,1.5711362211234814e-09,-0.01054102747255481,-0.010541027495099272,-2.2544462824347633e-11,-0.8848757592622158,-0.8848760333268403,-2.7406462443924084e-07
1.4901666666666666,0.8022222222222223,0.04,-0.7,2.0,0.3,0.04,0.01,315,-0.7175009139076538,-0.717500914858067,-9.504131925908155e-10,1.7615614300581228,1.76156148290488,5.2846757192526184e-08,0.21192752111404145,0.21192752258556416,1.471522709239892e-09,-0.011539066615273708,-0.011539066625779719,-1.0506010991728765e-11,-1.0697012010732476,-1.069701517608198,-3.1653495047301305e-07
1.5566666666666666,0.8022222222222223,0.04,-0.7,2.0,0.3,0.04,0.01,321,-0.7105395850226515,-0.710539586045942,-1.0232905633955625e-09,1.7344747971215213,1.7344748407047998,4.358327854170341e-08,0.21040317206399983,0.21040317353771631,1.4737164821809756e-09,-0.011683695559649987,-0.011683695568793657,-9.143670195999043e-12,-1.1114619821323002,-1.111462309021045,-3.2688874473940643e-07
1.7561666666666667,0.8022222222222223,0.04,-0.7,2.0,0.3,0.04,0.01,339,-0.6917658265942483,-0.6917658282726976,-1.6784492684607244e-09,1.6688468607028994,1.6688469219608708,6.125797136213862e-08,0.204992960117778,0.2049929616180703,1.5002922792994866e-09,-0.01197990619400402,-0.011979906200239795,-6.235775784624309e-12,-1.2349673116696103,-1.2349676704393728,-3.587697625651032e-07
0.271,0.8044444444444445,0.04,-0.7,2.0,0.3,0.04,0.01,386,-0.9712681538827372,-0.9712681851617252,-3.12789879552966e-08,1.0633197294884766,1.0633196440742305,-8.541424612040771e-08,0.0891442020922728,0.08914420472587524,2.6336024333550867e-09,0.013328320351557732,0.013328321267860987,9.163032554937445e-10,-0.22152235750097504,-0.2215224583827441,-1.0088176904954338e-07
0.28208333333333335,0.8044444444444445,0.04,-0.7,2.0,0.3,0.04,0.01,387,-0.9687879992710535,-0.9687880305757094,-3.1304655867536724e-08,1.1167896801778099,1.1167896630089376,-1.7168872323836126e-08,0.0940431147275489,0.0940431173714737,2.643924801315478e-09,0.012728407103451689,0.012728407977152315,8.737006257364399e-10,-0.2307234285164883,-0.23072353401374987,-1.0549726156550143e-07
0.34858333333333336,0.8044444444444445,0.04,-0.7,2.0,0.3,0.04,0.01,393,-0.9520927614548036,-0.952092791275205,-2.982040137045061e-08,1.4021427463539737,1.4021427296162436,-1.6737730090810032e-08,0.12052480888452566,0.12052481154123586,2.6567101990560005e-09,0.008095745251679443,0.008095745296584899,4.490545608970553e-11,-0.2841658692182003,-0.2841659990246732,-1.298064729038373e-07
0.8695,0.8044444444444445,0.04,-0.7,2.0,0.3,0.04,0.01,440,-0.8084781365122473,-0.8084781451929449,-8.680697605178977e-09,1.9874781653772544,1.9874782253539047,5.997665031287625e-08,0.2099585339460086,0.2099585360528622,2.10685358048579e-09,-0.008548596676372089,-0.008548596717494772,-4.1122683383520986e-11,-0.6599178644903225,-0.6599180926541642,-2.2816384170898374e-07
0.9803333333333334,0.8044444444444445,0.04,-0.7,2.0,0.3,0.04,0.01,450,-0.7860259265385361,-0.7860259324932919,-5.954755799564282e-09,1.9682255159025885,1.9682255655720204,4.9669431900767336e-08,0.2146469032149323,0.2146469050969634,1.88203111428642e-09,-0.009545416352896297,-0.009545416384588433,-3.169213676212923e-11,-0.7346905569424744,-0.7346907999494243,-2.4300694989598526e-07
1.1465833333333333,0.8044444444444445,0.04,-0.7,2.0,0.3,0.04,0.01,465,-0.7576544813547859,-0.7576544843924399,-3.0376540172127875e-09,1.9130929396204976,1.9130930353916333,9.577113568859374e-08,0.2173541747824137,0.21735417642205448,1.6396407842567129e-09,-0.010600133720783944,-0.010600133742041528,-2.1257584234546378e-11,-0.844755668246433,-0.8447559337696466,-2.655232136383745e-07
1.5455833333333333,0.8044444444444445,0.04,-0.7,2.0,0.3,0.04,0.01,501,-0.7078057117337888,-0.7078057127059021,-9.721132787632314e-10,1.7401586283050108,1.740158560288486,-6.801652485677323e-08,0.21215594745715993,0.2121559489541813,1.4970213679799116e-09,-0.011888433004980659,-0.011888433014688215,-9.707555939653112e-12,-1.0997740215099028,-1.0997743457195397,-3.2420963691492943e-07
1.7118333333333333,0.8044444444444445,0.04,-0.7,2.0,0.3,0.04,0.01,516,-0.6919738149030463,-0.6919738164135184,-1.5104720807457284e-09,1.6831583460330535,1.6831583787282776,3.269522408366754e-08,0.2076478556306549,0.20764785715165246,1.5209975501306872e-09,-0.012129015965478551,-0.01212901597095011,-5.47155896979401e-12,-1.2026010151522382,-1.202601365718966,-3.5056672786915044e-07
0.12691666666666668,0.8066666666666668,0.04,-0.7,2.0,0.3,0.04,0.01,554,-0.9906244442069168,-0.9906244634188679,-1.921195114107377e-08,0.31486251661494435,0.314862281526703,-2.3508824137374873e-07,0.01693128808863409,0.01693128965491134,1.5662772502589295e-09,0.023101230706701337,0.023101230318346554,-3.883547823602118e-10,-0.09498470761773459,-0.09498474337824024,-3.576050565390343e-08
0.23775000000000002,0.8066666666666668,0.04,-0.7,2.0,0.3,0.04,0.01,564,-0.9761230912222474,-0.9761231224341752,-3.121192782007398e-08,0.9369682862914175,0.9369681271845249,-1.5910689254994281e-07,0.07588520411466737,0.07588520679562973,2.6809623548951222e-09,0.0142968574322333,0.014296857946284831,5.140515305090965e-10,-0.19200558288037795,-0.1920056692616144,-8.638123644155726e-08
0.3596666666666667,0.8066666666666668,0.04,-0.7,2.0,0.3,0.04,0.01,575,-0.9457908535143167,-0.9457908828841365,-2.9369819798397145e-08,1.4819103721919191,1.4819103662767816,-5.915137490930533e-09,0.1271891203152853,0.12718912308324246,2.767957169025337e-09,0.006621092174252663,0.0066210920716075145,-1.0264514845731432e-10,-0.2909022570235509,-0.29090239026994613,-1.3324639525080784e-07
0.41508333333333336,0.8066666666666668,0.04,-0.7,2.0,0.3,0.04,0.01,580,-0.9293415059380417,-0.9293415325334119,-2.659537023941283e-08,1.6498532318109937,1.6498532499884915,1.817749772925481e-08,0.14498518314448594,0.14498518591563322,2.7711472838642948e-09,0.002575982946395605,0.0025759824698441025,-4.76551502686523e-10,-0.3332701483008127,-0.33327029739584035,-1.4909502765725335e-07
0.5591666666666667,0.8066666666666668,0.04,-0.7,2.0,0.3,0.04,0.01,593,-0.8850098762322456,-0.8850098957536917,-1.9521446126269382e-08,1.89458681520982,1.894586862049183,4.6839363054829164e-08,0.17856451792003236,0.17856452066192247,2.7418901038522847e-09,-0.004051951207062476,-0.004051951490902253,-2.8383977633550384e-10,-0.43966125848338145,-0.4396614390731069,-1.8058972545142993e-07
1.0246666666666666,0.8066666666666668,0.04,-0.7,2.0,0.3,0.04,0.01,635,-0.7735322617519191,-0.7735322665287191,-4.7767999555858864e-09,1.9625215119667416,1.9625215456846958,3.371795420648027e-08,0.21786625998249098,0.21786626180897792,1.8264869339201795e-09,-0.010268284009185003,-0.010268284035700962,-2.6515959566930647e-11,-0.7606726759482041,-0.7606729240833902,-2.4813518606503493e-07
1.10225,0.8066666666666668,0.04,-0.7,2.0,0.3,0.04,0.01,642,-0.7603758539409533,-0.7603758573927335,-3.451780195007359e-09,1.9347504487399192,1.9347505172696933,6.852977407767469e-08,0.218986706692903,0.21898670840520812,1.71230513101861e-09,-0.010721479075659346,-0.0107214790979946,-2.2335253438421354e-11,-0.8118811783108804,-0.8118814369380016,-2.586271212745572e-07
1.5345,0.8066666666666668,0.04,-0.7,2.0,0.3,0.04,0.01,681,-0.7050604438080255,-0.7050604447277561,-9.197306249930648e-10,1.745812061582086,1.7458120631403304,1.5582444223838365e-09,0.21391356832295427,0.21391356983996718,1.5170129041841562e-09,-0.012094945698870596,-0.012094945706019527,-7.148930752931548e-12,-1.0881144790039765,-1.0881148005505434,-3.2154656692817696e-07
1.6675,0.8066666666666668,0.04,-0.7,2.0,0.3,0.04,0.01,693,-0.6922334258441243,-0.6922334271820741,-1.3379498620125219e-09,1.6983606632159365,1.6983606596851313,-3.530805203766363e-09,0.21031241422164726,0.21031241575964077,1.5379935103254638e-09,-0.012281017286175366,-0.012281017293998102,-7.822735514917412e-12,-1.170303315312926,-1.1703036577718675,-3.4245894142692634e-07
1.7561666666666667,0.8066666666666668,0.04,-0.7,2.0,0.3,0.04,0.01,701,-0.6843388365634917,-0.68433883821427,-1.650778291839572e-09,1.6732856877865743,1.6732857011121578,1.3325583525514162e-08,0.2076657167773832,0.2076657183278953,1.5505120798398053e-09,-0.012367656955780681,-0.012367656958962053,-3.1813718326390017e-12,-1.2244900181052065,-1.2244903747247184,-3.56619511920897e-07
1.9224166666666667,0.8066666666666668,0.04,-0.7,2.0,0.3,0.04,0.01,716,-0.6704797222623071,-0.6704797241603818,-1.8980746974150975e-09,1.6386815016034006,1.6386814833209948,-1.828240581147611e-08,0.20236259993089423,0.20236260149381272,1.562918489073084e-09,-0.012480442807549785,-0.012480442809705259,-2.1554737161810777e-12,-1.3249735164577725,-1.324973899697612,-3.832398394187919e-07
1.9335,0.8066666666666668,0.04,-0.7,2.0,0.3,0.04,0.01,717,-0.6695870395717618,-0.6695870414640488,-1.892286993765424e-09,1.636798685478169,1.6367986347956918,-5.068247732609166e-08,0.20199777196638902,0.20199777353140863,1.5650196139027628e-09,-0.01248668309472567,-0.012486683093644209,1.081461309393461e-12,-1.331625747252596,-1.3316261322586078,-3.8500601173829807e-07
0.10475000000000001,0.8088888888888889,0.04,-0.7,2.0,0.3,0.04,0.01,733,-0.9890286758570954,-0.9890286904014121,-1.4544316639941712e-08,0.2099537377286964,0.2099534576744104,-2.800542860115218e-07,0.006200675276152312,0.0062006764270566535,1.150904341447323e-09,0.026564063081851996,0.026564074363948247,1.1282096250286866e-08,-0.07477289583598945,-0.07477293024513168,-3.440914222996305e-08
0.18233333333333335,0.8088888888888889,0.04,-0.7,2.0,0.3,0.04,0.01,740,-0.9846535732981054,-0.9846536022127256,-2.891462014265045e-08,0.6734047014456124,0.6734045192765301,-1.821690822634281e-07,0.048942500974480385,0.04894250340057655,2.4260961642430523e-09,0.016255205640969272,0.01625520299544856,-2.6455207122189073e-09,-0.14282266581774894,-0.14282272538190044,-5.956415149999117e-08
0.4594166666666667,0.8088888888888889,0.04,-0.7,2.0,0.3,0.04,0.01,765,-0.9117511072417872,-0.9117511313278135,-2.4086026284564355e-08,1.7820477149488312,1.7820478152412642,1.0029243302511759e-07,0.15990480971783683,0.15990481259732833,2.8794915063468096e-09,-0.0007717503835991124,-0.0007717509013164834,-5.177173710351965e-10,-0.36415084297608535,-0.36415100255304655,-1.595769612006137e-07
0.6589166666666667,0.8088888888888889,0.04,-0.7,2.0,0.3,0.04,0.01,783,-0.8516960365634318,-0.8516960516576171,-1.50941852350428e-08,1.9890426306012898,1.9890426648598296,3.425853978278326e-08,0.19651404768394887,0.19651405035858494,2.6746360681784154e-09,-0.006915287419639871,-0.006915287538466583,-1.1882671235863285e-10,-0.5080441587276829,-0.5080443553396001,-1.966119171914471e-07
0.67,0.8088888888888889,0.04,-0.7,2.0,0.3,0.04,0.01,784,-0.8486275201344262,-0.8486275347960931,-1.4661666880577684e-08,1.9936712003509882,1.9936712142229738,1.387198556024316e-08,0.19788750544341704,0.19788750809215896,2.6487419202414486e-09,-0.007100635815437961,-0.007100635923938171,-1.0850020968483642e-10,-0.5158392042867166,-0.515839402608259,-1.9832154241061772e-07
0.8805833333333334,0.8088888888888889,0.04,-0.7,2.0,0.3,0.04,0.01,803,-0.7972118579077647,-0.7972118656654,-7.757635311911315e-09,2.0079545526296982,2.007954630754992,7.812529378981026e-08,0.21513017596064277,0.2151301781026763,2.1420335227784193e-09,-0.009611183679203439,-0.009611183718422222,-3.9218782735273017e-11,-0.6607562827321001,-0.6607565107709076,-2.2803880750377203e-07
0.9692500000000001,0.8088888888888889,0.04,-0.7,2.0,0.3,0.04,0.01,811,-0.7793371215114586,-0.7793371271380063,-5.6265476722217045e-09,1.9867013478780393,1.9867014366494204,8.87713811348334e-08,0.21857890541709946,0.2185789073669809,1.9498814507468154e-09,-0.010305823742173814,-0.010305823772998128,-3.082431358769622e-11,-0.7202540140416325,-0.7202542539468191,-2.39905186605327e-07
0.10475000000000001,0.8111111111111111,0.04,-0.7,2.0,0.3,0.04,0.01,914,-0.988539996784471,-0.9885400124875576,-1.5703086608809258e-08,0.2301144746974515,0.23011424426106714,-2.3043638436304192e-07,0.006753451474855732,0.006753452622234503,1.1473787709867511e-09,0.026740116812612458,0.02674012825323945,1.144062699090509e-08,-0.07455304603429247,-0.07455308137170481,-3.533741234351684e-08
0.23775000000000002,0.8111111111111111,0.04,-0.7,2.0,0.3,0.04,0.01,926,-0.9717715831450424,-0.9717716154652067,-3.2320164322641176e-08,1.0217022561320732,1.0217021530967223,-1.0303535091793492e-07,0.08046501808606221,0.08046502099984557,2.9137833534864654e-09,0.013329118566107745,0.013329119047088993,4.809812478856479e-10,-0.18923841178852818,-0.18923849896916453,-8.718063634893802e-08
0.28208333333333335,0.8111111111111111,0.04,-0.7,2.0,0.3,0.04,0.01,930,-0.9609210733313445,-0.9609211055389331,-3.2207588596122605e-08,1.2438902352585046,1.2438901097264021,-1.2553210249066638e-07,0.1016298934246318,0.10162989642288585,2.998254047814619e-09,0.011103798766287643,0.011103799626407384,8.601197410557093e-10,-0.2259048733763147,-0.22590497949965027,-1.0612333556370146e-07
0.2931666666666667,0.8111111111111111,0.04,-0.7,2.0,0.3,0.04,0.01,931,-0.9580057809630005,-0.958005812930791,-3.1967790525833095e-08,1.295304813409004,1.2953047964812476,-1.6927756307794084e-08,0.10653100393095971,0.10653100693406631,3.003106596732863e-09,0.010389386081305352,0.010389386842732506,7.61427153966876e-10,-0.23485276548523837,-0.2348528759017555,-1.1041651712395684e-07
0.7919166666666667,0.8111111111111111,0.04,-0.7,2.0,0.3,0.04,0.01,976,-0.812764636663188,-0.8127646466892534,-1.0026065422330532e-08,2.0296166136635208,2.0296166553560875,4.169256673236532e-08,0.21210431232571159,0.21210431472726493,2.4015533450771898e-09,-0.009264718639490077,-0.00926471868873675,-4.9246672712000006e-11,-0.5972098030146422,-0.5972100181820041,-2.1516736192772612e-07
1.1133333333333333,0.8111111111111111,0.04,-0.7,2.0,0.3,0.04,0.01,1005,-0.7499982974043529,-0.7499983002402845,-2.83593160066431e-09,1.9385853089470828,1.9385854507280376,1.4178095475436692e-07,0.2229031852513108,0.22290318698637734,1.7350665348914163e-09,-0.01148367069908618,-0.01148367071855547,-1.946929076290793e-11,-0.8115555769885874,-0.8115558355037148,-2.5851512741592586e-07
1.4236666666666666,0.8111111111111111,0.04,-0.7,2.0,0.3,0.04,0.01,1033,-0.7089722895589623,-0.7089722902934591,-7.344967967171101e-10,1.7949492836510927,1.7949493066579467,2.3006853977491915e-08,0.21955962270225893,0.21955962426134434,1.55908541632499e-09,-0.012371402806632403,-0.012371402815242008,-8.609604348897015e-12,-1.0096880998225477,-1.0096884026632666,-3.0284071894648434e-07
1.4458333333333333,0.8111111111111111,0.04,-0.7,2.0,0.3,0.04,0.01,1035,-0.7065372678694004,-0.7065372686025485,-7.331480977867955e-10,1.7851214839659235,1.7851215278875046,4.392158103883048e-08,0.21906316292841232,0.21906316448800536,1.5595930380474243e-09,-0.012410465417556082,-0.012410465427009007,-9.452924554231856e-12,-1.0235411501380298,-1.023541456307784,-3.061697542161568e-07
0.08258333333333334,0.8133333333333334,0.04,-0.7,2.0,0.3,0.04,0.01,1093,-0.985815588295802,-0.9858155977058356,-9.41003364118842e-09,0.11794464294112572,0.11794435193764052,-2.9100348519772723e-07,-0.0026820809073679897,-0.0026820801827466237,7.246213659488354e-10,0.027128983445534605,0.027129014273848114,3.082831350961768e-08,-0.05341062004116104,-0.05341066258946079,-4.2548299751532515e-08
0.404,0.8133333333333334,0.04,-0.7,2.0,0.3,0.04,0.01,1122,-0.9215450800686975,-0.9215451068381634,-2.6769465866216535e-08,1.7282977271548816,1.728297821757511,9.460262928584484e-08,0.1501426146538476,0.15014261775467894,3.100831341695809e-09,0.0012547308306243288,0.0012547303427661836,-4.878581451577685e-10,-0.31839776840181244,-0.3183979135888668,-1.4518705437893686e-07
0.4594166666666667,0.8133333333333334,0.04,-0.7,2.0,0.3,0.04,0.01,1127,-0.9036889402344594,-0.9036889639107408,-2.367628137989186e-08,1.8457445072339596,1.8457445118590587,4.6250991925234075e-09,0.16558854359721709,0.16558854668238782,3.0851707299994757e-09,-0.0021877141256898547,-0.0021877146660433935,-5.403535388234793e-10,-0.35938999425971785,-0.35939015285956694,-1.5859984908717095e-07
0.47050000000000003,0.8133333333333334,0.04,-0.7,2.0,0.3,0.04,0.01,1128,-0.9001171173941835,-0.9001171404784016,-2.308421809260608e-08,1.8644002064416298,1.8644003092399717,1.0279834183890557e-07,0.1683392734330713,0.1683392765114623,3.0783909865661485e-09,-0.0027557947973599894,-0.002755795319735685,-5.223756956510006e-10,-0.36750421244763354,-0.3675043734990167,-1.6105138317401568e-07
0.50375,0.8133333333333334,0.04,-0.7,2.0,0.3,0.04,0.01,1131,-0.8894707640799693,-0.8894707854558522,-2.1375882952590075e-08,1.9124836492245834,1.912483669892372,2.066778859166618e-08,0.17598318903494503,0.17598319208913982,3.054194785967468e-09,-0.004236251105460553,-0.004236251546654029,-4.411934758502545e-10,-0.3917022480190435,-0.39170241604276873,-1.68023725211075e-07
0.67,0.8133333333333334,0.04,-0.7,2.0,0.3,0.04,0.01,1146,-0.8396811012445493,-0.8396811152785975,-1.4034048145816769e-08,2.0319382842970413,2.0319383768352077,9.25381664629299e-08,0.20314083314293407,0.20314083591022133,2.767287260452278e-09,-0.00832766596042811,-0.008327666070483176,-1.1005506575512136e-10,-0.5098863548508303,-0.5098865516356277,-1.9678479734608345e-07
0.7586666666666667,0.8133333333333334,0.04,-0.7,2.0,0.3,0.04,0.01,1154,-0.8163545017869644,-0.81635451257704,-1.0790075499755858e-08,2.044100866349652,2.044100977218395,1.1086874307508765e-07,0.2119678951431614,0.21196789767536803,2.532206638816703e-09,-0.009454138061304462,-0.009454138117930935,-5.662647260817888e-11,-0.5712401696070235,-0.5712403793345956,-2.0972757208692627e-07
0.8695,0.8133333333333334,0.04,-0.7,2.0,0.3,0.04,0.01,1164,-0.7906157748741038,-0.7906157823064495,-7.43234562783357e-09,2.0304445957908257,2.03044463368936,3.789853408875388e-08,0.21913516068228223,0.21913516290898274,2.2267005184151145e-09,-0.010472938034022938,-0.010472938072375012,-3.835207325331158e-11,-0.646548392800872,-0.6465486177422051,-2.249413331156802e-07
1.4125833333333333,0.8133333333333334,0.04,-0.7,2.0,0.3,0.04,0.01,1213,-0.7062092242732243,-0.7062092249485716,-6.753473336118532e-10,1.8008782132206136,1.800878158196398,-5.5024215628307616e-08,0.22136216668328101,0.2213621682634798,1.5801987773844672e-09,-0.012599396350954084,-0.012599396359733638,-8.779553473114987e-12,-0.9982512679029831,-0.998251568206513,-3.0030352982102215e-07
1.4458333333333333,0.8133333333333334,0.04,-0.7,2.0,0.3,0.04,0.01,1216,-0.7025692720791232,-0.7025692727573466,-6.782233663571446e-10,1.7860635193045482,1.7860635185819684,-7.225797737930861e-10,0.2205974600402727,0.22059746162219046,1.58191776344907e-09,-0.012650836428429457,-0.012650836434339731,-5.910274006315497e-12,-1.0189661906576108,-1.0189664959345042,-3.05276893319828e-07
1.6675,0.8133333333333334,0.04,-0.7,2.0,0.3,0.04,0.01,1236,-0.6808933206500778,-0.6808933219551123,-1.3050345248899475e-09,1.7036486721355715,1.7036486186895412,-5.344603026813388e-08,0.2144385376012803,0.21443853921170794,1.6104276523432048e-09,-0.012885047769861657,-0.012885047776390636,-6.528978746533909e-12,-1.1550798688966801,-1.1550802083058869,-3.394092067399157e-07
0.14908333333333335,0.8155555555555556,0.04,-0.7,2.0,0.3,0.04,0.01,1280,-0.9853185810625165,-0.98531860922644,-2.816392352666952e-08,0.5819779685944937,0.581977718861311,-2.497331826889493e-07,0.03428928420243227,0.03428928638948423,2.1870519631428387e-09,0.01887358659413696,0.018873582181847162,-4.412289797417479e-09,-0.11166860213185359,-0.11166864837316927,-4.624131567931844e-08
0.21558333333333335,0.8155555555555556,0.04,-0.7,2.0,0.3,0.04,0.01,1286,-0.9724669200218694,-0.9724669530968095,-3.307494012005918e-08,0.9886101631773059,0.9886100418306516,-1.213466542804298e-07,0.07335532352117924,0.07335532656151753,3.0403382866861506e-09,0.013194035963226547,0.013194035423676143,-5.395504043548272e-10,-0.167807728773256,-0.16780780642180335,-7.764854734193527e-08
0.2599166666666667,0.8155555555555556,0.04,-0.7,2.0,0.3,0.04,0.01,1290,-0.9612704258153693,-0.9612704589699789,-3.315460961328398e-08,1.2233378504644676,1.223337810512978,-3.995148967206319e-08,0.09636406740259895,0.09636407061319124,3.2105922920244723e-09,0.01120226493012133,0.01120226579059655,8.60475218855683e-10,-0.2046169897182426,-0.20461708731007675,-9.759183414170813e-08
0.4261666666666667,0.8155555555555556,0.04,-0.7,2.0,0.3,0.04,0.01,1305,-0.910427039072792,-0.910427064392584,-2.5319792040789935e-08,1.8144202751368965,1.8144202633659219,-1.1770974639446763e-08,0.15953077531855042,0.15953077851810055,3.199550124843853e-09,-0.0009640096115814956,-0.0009640101684570132,-5.568755175955689e-10,-0.3325923112978968,-0.3325924616851624,-1.5038726558502802e-07
0.6145833333333334,0.8155555555555556,0.04,-0.7,2.0,0.3,0.04,0.01,1322,-0.8509876235696101,-0.8509876395559933,-1.598638321720358e-08,2.0308010162395362,2.030801123088337,1.0684880091815785e-07,0.19855251945893881,0.19855252242261565,2.9636768317242712e-09,-0.008026413481632133,-0.008026413663480803,-1.8184866980297532e-10,-0.4681015334453975,-0.468101720753704,-1.8730830647628594e-07
0.7365,0.8155555555555556,0.04,-0.7,2.0,0.3,0.04,0.01,1333,-0.8173982570114369,-0.8173982682383127,-1.1226875873404651e-08,2.0585686488772126,2.058568758365843,1.0948863060633585e-07,0.2125542636810529,0.2125542663172171,2.6361642035954702e-09,-0.00977478270602905,-0.009774782771994324,-6.596527317437317e-11,-0.5528637820578775,-0.55286398784735,-2.0578947257376967e-07
0.9138333333333334,0.8155555555555556,0.04,-0.7,2.0,0.3,0.04,0.01,1349,-0.7768361601767637,-0.7768361661865189,-6.0097551379811875e-09,2.027086143385759,2.027086165102222,2.1716462850207563e-08,0.22323817583769223,0.2232381779788191,2.141126859145359e-09,-0.011248042620926046,-0.011248042652696362,-3.177031554502108e-11,-0.6728317359833147,-0.672831966073916,-2.3009060134970838e-07
0.9470833333333334,0.8155555555555556,0.04,-0.7,2.0,0.3,0.04,0.01,1352,-0.7702501354489577,-0.7702501407040906,-5.255132884407487e-09,2.015725519832756,2.015725572015089,5.21823326771198e-08,0.22431903268754771,0.22431903474996112,2.0624134067226407e-09,-0.011445620295424952,-0.011445620326233209,-3.0808256987202576e-11,-0.6949444754147938,-0.6949447099553716,-2.34540577848108e-07
1.2574166666666666,0.8155555555555556,0.04,-0.7,2.0,0.3,0.04,0.01,1380,-0.7208208480780076,-0.7208208491341509,-1.056143283939548e-09,1.8758153363940266,1.8758153583856825,2.1991655829722845e-08,0.22578644511217494,0.22578644675596155,1.6437866068308438e-09,-0.01257384478231538,-0.012573844794146912,-1.1831532281680879e-11,-0.8962631091516404,-0.8962633860713325,-2.769196920660022e-07
1.4569166666666666,0.8155555555555556,0.04,-0.7,2.0,0.3,0.04,0.01,1398,-0.6974229232736828,-0.6974229239226734,-6.489905279849495e-10,1.782132286187732,1.7821323027553808,1.6567648808418767e-08,0.22184682884229812,0.2218468304443195,1.6020213766676505e-09,-0.012902539370251986,-0.012902539377556711,-7.30472453358555e-12,-1.021236356563704,-1.0212366626134537,-3.0604974976533583e-07
1.468,0.8155555555555556,0.04,-0.7,2.0,0.3,0.04,0.01,1399,-0.696259077481165,-0.6962590781463269,-6.651619255393371e-10,1.7773899463335852,1.7773900177965916,7.146300640137326e-08,0.22156588377730824,0.22156588538116637,1.6038581296395904e-09,-0.012915566235394138,-0.01291556624247125,-7.0771114663026324e-12,-1.0280874655038685,-1.0280877732175528,-3.077136843110395e-07
1.601,0.8155555555555556,0.04,-0.7,2.0,0.3,0.04,0.01,1411,-0.6831569255083547,-0.6831569265581626,-1.049807907271827e-09,1.7264037421860223,1.7264037920118227,4.9825800374492246e-08,0.21784776319616617,0.21784776481925722,1.6230910504511087e-09,-0.01303970505767138,-0.013039705062856396,-5.185015611308685e-12,-1.109631423538704,-1.109631751584203,-3.2804549898735047e-07
1.6231666666666666,0.8155555555555556,0.04,-0.7,2.0,0.3,0.04,0.01,1413,-0.6811079307894596,-0.6811079319185456,-1.1290859358581429e-09,1.7190583956327998,1.7190583083180724,-8.731472744827329e-08,0.2171763157299278,0.21717631735551832,1.625590523302023e-09,-0.013055420811369789,-0.013055420814624095,-3.2543065464629706e-12,-1.1231103980227641,-1.1231107295004417,-3.3147767752872426e-07
1.83375,0.8155555555555556,0.04,-0.7,2.0,0.3,0.04,0.01,1432,-0.6629901680579864,-0.6629901696898872,-1.631900836684963e-09,1.6647170475447837,1.6647170977417554,5.019697169039716e-08,0.21030493727841604,0.21030493893360394,1.6551879034043537e-09,-0.013159326206213517,-0.013159326203890015,2.3235025015111432e-12,-1.2498341244013278,-1.2498344888541053,-3.6445277751262495e-07
0.005,0.8177777777777778,0.04,-0.7,2.0,0.3,0.04,0.01,1448,-0.9807303719236438,-0.9807303565355652,1.5388078589140264e-08,-0.14188218933064434,-0.1418820502694575,1.39061186843481e-07,-0.007635572483455366,-0.0076355682455752005,4.237880165715302e-09,0.04923958525610006,0.04923943340104351,-1.518550565501875e-07,0.007608776304846021,0.007608790192594973,1.388774895170336e-08
0.016083333333333335,0.8177777777777778,0.04,-0.7,2.0,0.3,0.04,0.01,1449,-0.9828441035994451,-0.9828440909061267,1.2693318396372888e-08,-0.14135121961800223,-0.1413511843487712,3.5269231035695014e-08,-0.004745359731272991,-0.0047453554647301985,4.266542792674688e-09,0.02122244434035747,0.021222232577643444,-2.1176271402731373e-07,0.008852843746132155,0.008852831798342734,-1.1947789421012933e-08
0.08258333333333334,0.8177777777777778,0.04,-0.7,2.0,0.3,0.04,0.01,1455,-0.9852312811969854,-0.9852312928689277,-1.1671942301560989e-08,0.14599723097141748,0.14599699271507138,-2.382563460967546e-07,-0.0021443091409445447,-0.0021443084620876396,6.78856905151487e-10,0.027642105377423398,0.027642137996747855,3.2619324456806265e-08,-0.053288512137372734,-0.05328855686878817,-4.473141543281933e-08
0.34858333333333336,0.8177777777777778,0.04,-0.7,2.0,0.3,0.04,0.01,1479,-0.9318055991508478,-0.9318056288660782,-2.971523038741708e-08,1.6407892933223422,1.640789356021041,6.269869867736588e-08,0.13710725434878945,0.13710725769102947,3.3422400125271423e-09,0.004140328002943949,0.004140327949190311,-5.375363869297711e-11,-0.2724838452661249,-0.272483974440027,-1.2917390207478618e-07
0.43725,0.8177777777777778,0.04,-0.7,2.0,0.3,0.04,0.01,1487,-0.9026813020904245,-0.9026813265589733,-2.4468548742717644e-08,1.8697400350209392,1.869740101671465,6.665052576515507e-08,0.1654809528497947,0.16548095614728656,3.297491862896962e-09,-0.002385925835513003,-0.0023859264125632037,-5.770502005918166e-10,-0.3383903676093536,-0.33839052018681215,-1.5257745855645766e-07
0.76975,0.8177777777777778,0.04,-0.7,2.0,0.3,0.04,0.01,1517,-0.8044666296241898,-0.8044666393808284,-9.756638608138246e-09,2.0708687986648044,2.0708688961681734,9.750336893432632e-08,0.21773532016516883,0.21773532273999605,2.574827212553643e-09,-0.01066373603086923,-0.010663736084373482,-5.3504251376623735e-11,-0.5724242120383471,-0.5724244217400215,-2.0970167435852005e-07
0.9470833333333334,0.8177777777777778,0.04,-0.7,2.0,0.3,0.04,0.01,1533,-0.7657630994561959,-0.7657631044269202,-4.9707242766316995e-09,2.0225440877652545,2.022544224207454,1.3644219931663315e-07,0.2264408421767672,0.22644084425784816,2.0810809742144443e-09,-0.01187504142879936,-0.01187504145512866,-2.632929985146859e-11,-0.6914135366895002,-0.6914137704366042,-2.3374710400592136e-07
1.03575,0.8177777777777778,0.04,-0.7,2.0,0.3,0.04,0.01,1541,-0.749655785141079,-0.7496557884538556,-3.312776608588308e-09,1.9850797450260416,1.9850798573324184,1.123063768648791e-07,0.22812178377906722,0.22812178567935404,1.900286816791663e-09,-0.012264950177698353,-0.01226495019999495,-2.2296596860482687e-11,-0.7496802580478357,-0.7496805036645564,-2.4561672073986074e-07
1.0468333333333333,0.8177777777777778,0.04,-0.7,2.0,0.3,0.04,0.01,1542,-0.7477739119024496,-0.7477739150340043,-3.131554682234139e-09,1.9800412920378818,1.9800412868222859,-5.215595955121444e-09,0.22823742030358973,0.2282374221848748,1.8812850721694474e-09,-0.012306205251777502,-0.012306205271240102,-1.946259993446109e-11,-0.7569097579473993,-0.7569100050514853,-2.4710408597083955e-07
1.3793333333333333,0.8177777777777778,0.04,-0.7,2.0,0.3,0.04,0.01,1572,-0.7018983722911765,-0.7018983728552384,-5.640619082925014e-10,1.8178225480447452,1.8178225324270516,-1.561769358282561e-08,0.2252291461302125,0.2252291477536821,1.6234696087469302e-09,-0.01305004172780233,-0.013050041733290973,-5.48864252658543e-12,-0.9685688808883097,-0.9685691745455247,-2.9365721498919584e-07
1.5234166666666666,0.8177777777777778,0.04,-0.7,2.0,0.3,0.04,0.01,1585,-0.6867157889006714,-0.6867157896738135,-7.731421058920773e-10,1.7558019815844261,1.755801936845076,-4.4739350224531904e-08,0.2215422910026299,0.22154229263296443,1.6303345340418218e-09,-0.013193818160783799,-0.013193818164506724,-3.722924746263345e-12,-1.057424413586916,-1.0574247287756253,-3.1518870935443033e-07
1.6231666666666666,0.8177777777777778,0.04,-0.7,2.0,0.3,0.04,0.01,1594,-0.6772861321452384,-0.6772861332612559,-1.1160175006352802e-09,1.720557207818274,1.7205572706898922,6.28716181338973e-08,0.21855759534700203,0.21855759699881386,1.651811826208771e-09,-0.013258371077407016,-0.013258371082152852,-4.745835668895637e-12,-1.1180982439162879,-1.1180985744029868,-3.304866988962374e-07
1.734,0.8177777777777778,0.04,-0.7,2.0,0.3,0.04,0.01,1604,-0.6675587956889162,-0.6675587971410737,-1.4521575053549896e-09,1.689223505518811,1.68922353441245,2.889363903690878e-08,0.21496340032567396,0.2149634019960156,1.6703416427787943e-09,-0.013307545335128346,-0.01330754533801073,-2.882383567937019e-12,-1.1848353784879584,-1.1848357262101017,-3.477221433012545e-07
1.76725,0.8177777777777778,0.04,-0.7,2.0,0.3,0.04,0.01,1607,-0.6647592051955975,-0.6647592067134639,-1.5178663881343368e-09,1.6812452874326311,1.6812452329878886,-5.444474249216569e-08,0.21384207558705626,0.21384207726305912,1.6760028642703872e-09,-0.013319212418261284,-0.013319212418407729,-1.4644535584196205e-13,-1.2047350405036683,-1.204735393418438,-3.529147696301749e-07
1.8448333333333333,0.8177777777777778,0.04,-0.7,2.0,0.3,0.04,0.01,1614,-0.658391169310879,-0.658391170866907,-1.5560279731374749e-09,1.6646116596241711,1.664611606767346,-5.2856825139002694e-08,0.21116614684041357,0.21116614852420854,1.683794964568719e-09,-0.013343400258325477,-0.013343400257885647,4.3983046371653955e-13,-1.2509752645384342,-1.2509756295505845,-3.6501215028295064e-07
0.21558333333333335,0.8200000000000001,0.04,-0.7,2.0,0.3,0.04,0.01,1648,-0.9678746772705249,-0.9678747115407612,-3.427023631541459e-08,1.0784292875376522,1.078429168582388,-1.1895526430549808e-07,0.07790343136901412,0.07790343464474021,3.2757260931548515e-09,0.012088124581727255,0.012088123960472959,-6.212542962708012e-10,-0.16507966605766589,-0.16507974467769393,-7.862002804337465e-08
0.404,0.8200000000000001,0.04,-0.7,2.0,0.3,0.04,0.01,1665,-0.909668403538122,-0.9096684297686876,-2.623056560846493e-08,1.8343456309466433,1.8343457055806711,7.463402784679829e-08,0.1587219506546389,0.15872195407911166,3.42447276091562e-09,-0.0009332827033414759,-0.000933283234761405,-5.314199291121119e-10,-0.3116995882315732,-0.3116997323696789,-1.4413810572877495e-07
0.48158333333333336,0.8200000000000001,0.04,-0.7,2.0,0.3,0.04,0.01,1672,-0.8837132763234168,-0.8837132980750046,-2.175158786421605e-08,1.9702237619156904,1.9702238341250402,7.220934983287464e-08,0.17953049325863946,0.1795304966152463,3.356606853577304e-09,-0.0054565418780572195,-0.005456542398629998,-5.205727784604597e-10,-0.3680588202700785,-0.3680589820199938,-1.6174991529505078e-07
0.6810833333333334,0.8200000000000001,0.04,-0.7,2.0,0.3,0.04,0.01,1690,-0.8228887170580457,-0.8228887296704533,-1.2612407673806558e-08,2.0873694661638353,2.0873694921870714,2.602323601053058e-08,0.2121934843404838,0.21219348724131656,2.9008327684376667e-09,-0.010317646848556628,-0.010317646948512222,-9.995559414888167e-11,-0.5084937636803954,-0.5084939598173055,-1.9613691004671807e-07
1.0025,0.8200000000000001,0.04,-0.7,2.0,0.3,0.04,0.01,1719,-0.7510216470191233,-0.7510216506464454,-3.6273221093452435e-09,2.004779753317365,2.0047797712262136,1.7908848626291274e-08,0.22967607166690662,0.2296760736469709,1.9800642792056067e-09,-0.012528099043729313,-0.012528099067688562,-2.3959249514926562e-11,-0.7242729329268172,-0.7242731732937185,-2.403669013828491e-07
1.1576666666666666,0.8200000000000001,0.04,-0.7,2.0,0.3,0.04,0.01,1733,-0.7260913923587409,-0.726091393886045,-1.5273041720220704e-09,1.9290842867558666,1.929084326744106,3.998823938644591e-08,0.23025879911070524,0.23025880086156858,1.7508633431972953e-09,-0.012969376014249079,-0.012969376026680048,-1.2430969448251616e-11,-0.824606239647474,-0.8246065010256064,-2.6137813236015717e-07
1.1909166666666666,0.8200000000000001,0.04,-0.7,2.0,0.3,0.04,0.01,1736,-0.7213677896103499,-0.721367790840946,-1.2305961805125776e-09,1.9121452810022532,1.9121452601014974,-2.090075579275208e-08,0.22999910330362416,0.2299991050219723,1.7183481304527959e-09,-0.013036499375285171,-0.013036499383545242,-8.260071446275496e-12,-0.8458100526351209,-0.8458103186041603,-2.659690394590797e-07
1.4236666666666666,0.8200000000000001,0.04,-0.7,2.0,0.3,0.04,0.01,1757,-0.6930016275141782,-0.6930016280346688,-5.204906505795748e-10,1.7982610622802042,1.7982610901788552,2.7898650944990777e-08,0.2257168612396221,0.22571686288238146,1.6427593729773093e-09,-0.01334095840549443,-0.013340958411268384,-5.773954231402811e-12,-0.991508077618497,-0.9915083769378338,-2.993193367606395e-07
1.4901666666666666,0.8200000000000001,0.04,-0.7,2.0,0.3,0.04,0.01,1763,-0.6861052326145867,-0.6861052332708,-6.562133059162534e-10,1.7699313015206997,1.7699314313131973,1.297924976384479e-07,0.223938584915373,0.2239385865625517,1.6471786989935566e-09,-0.013390939854474038,-0.013390939858770315,-4.29627687592582e-12,-1.0323320945651582,-1.032332403808048,-3.0924288973999126e-07
1.5234166666666666,0.8200000000000001,0.04,-0.7,2.0,0.3,0.04,0.01,1766,-0.6828128712679793,-0.682812872020888,-7.529087353574937e-10,1.7568194399242287,1.7568195064510528,6.652682404961752e-08,0.22298676503773596,0.22298676669450138,1.6567654193000436e-09,-0.013411617357239614,-0.01341161736376303,-6.523417223069927e-12,-1.0526255195630885,-1.0526258338208874,-3.142577988946016e-07
1.6231666666666666,0.8200000000000001,0.04,-0.7,2.0,0.3,0.04,0.01,1775,-0.6734610249173323,-0.6734610260181277,-1.1007954547892496e-09,1.722035630757901,1.722035553370513,-7.738738805329604e-08,0.2199303473349179,0.21993034900877118,1.6738532782056836e-09,-0.01345974621036472,-0.013459746215190135,-4.825414373632597e-12,-1.1130747459842105,-1.1130750754788687,-3.2949465822440516e-07
1.7229166666666667,0.8200000000000001,0.04,-0.7,2.0,0.3,0.04,0.01,1784,-0.6647406797727351,-0.6647406811630652,-1.3903300732920343e-09,1.6938948688149935,1.6938949981437,1.2932870641080285e-07,0.21664059698306426,0.21664059867482577,1.6917615086597948e-09,-0.013492624605371262,-0.013492624608041164,-2.669902493535048e-12,-1.1729540109864378,-1.1729543559093314,-3.449228935803461e-07
0.17125,0.8222222222222223,0.04,-0.7,2.0,0.3,0.04,0.01,1825,-0.9766079817125073,-0.976608015362453,-3.364994571875002e-08,0.8548670715757822,0.8548668083440922,-2.6323169000086466e-07,0.05321591412449367,0.05321591698812434,2.8636306728668792e-09,0.014696478031345217,0.014696473787694628,-4.2436505889170695e-09,-0.12721303649126936,-0.12721309461572247,-5.812445311170755e-08
0.30425,0.8222222222222223,0.04,-0.7,2.0,0.3,0.04,0.01,1837,-0.9388914886529487,-0.9388915207378514,-3.208490273465259e-08,1.5576412326634426,1.5576412287924462,-3.8709964123029295e-09,0.12488190087256434,0.12488190446234945,3.589785108060184e-09,0.006316737269362882,0.006316737838878435,5.69515552772959e-10,-0.23462078146380128,-0.23462089632836852,-1.1486456724663086e-07
0.7254166666666667,0.8222222222222223,0.04,-0.7,2.0,0.3,0.04,0.01,1875,-0.8063863439400354,-0.806386354547261,-1.060722565338068e-08,2.102670826342745,2.1026710053774655,1.790347203822762e-07,0.21905274976363742,0.2190527525605279,2.796890469225488e-09,-0.011383141602649971,-0.011383141674303673,-7.165370206896338e-11,-0.5358093767546257,-0.5358095786054087,-2.0185078297707548e-07
0.9249166666666667,0.8222222222222223,0.04,-0.7,2.0,0.3,0.04,0.01,1893,-0.7610453847275989,-0.7610453896103327,-4.88273388388194e-09,2.044697161585063,2.044697287073617,1.2548855421457006e-07,0.23006163406058544,0.2300616362350607,2.174475266514264e-09,-0.01263834203901748,-0.012638342064868104,-2.5850623724954502e-11,-0.6697020773560602,-0.6697023065678908,-2.2921183051582972e-07
0.936,0.8222222222222223,0.04,-0.7,2.0,0.3,0.04,0.01,1894,-0.7588787813278541,-0.7588787859735576,-4.645703488570518e-09,2.03992818192944,2.0399281982612885,1.6331848318174025e-08,0.2303660564684229,0.23036605861463205,2.1462091548407614e-09,-0.012684092672021752,-0.012684092695388357,-2.336660552548775e-11,-0.6770128114877427,-0.6770130421830122,-2.3069526944308194e-07
0.9692500000000001,0.8222222222222223,0.04,-0.7,2.0,0.3,0.04,0.01,1897,-0.7525774434399835,-0.7525774474165245,-3.9765410964065495e-09,2.0250492338558246,2.0250493308352606,9.697943603725889e-08,0.23112890936899388,0.2311289114369006,2.067906706981759e-09,-0.012810547867225797,-0.012810547890136826,-2.2911028976779768e-11,-0.6988686256714782,-0.6988688608103246,-2.3513884639392302e-07
1.0025,0.8222222222222223,0.04,-0.7,2.0,0.3,0.04,0.01,1900,-0.7465613340007504,-0.7465613373754157,-3.3746653249622227e-09,2.0094460095876343,2.0094461156523415,1.0606470723928396e-07,0.23168297590969722,0.2316829779041241,1.9944268736526993e-09,-0.012922165673334707,-0.01292216569356592,-2.0231212538579513e-11,-0.7206113873159392,-0.7206116269021331,-2.3958619388420033e-07
1.0135833333333333,0.8222222222222223,0.04,-0.7,2.0,0.3,0.04,0.01,1901,-0.7446165891314416,-0.7446165923203311,-3.188889485805646e-09,2.0041106163493083,2.0041106209243464,4.5750381261200346e-09,0.2318247776034177,0.23182477957591222,1.972494528823532e-09,-0.012956355661397634,-0.01295635567820905,-1.6811416841955307e-11,-0.7278341613398132,-0.7278344024088841,-2.410690709275798e-07
1.10225,0.8222222222222223,0.04,-0.7,2.0,0.3,0.04,0.01,1909,-0.7300673123220025,-0.7300673142530381,-1.9310355536816814e-09,1.9596959888179555,1.959695997597169,8.779213578335998e-09,0.23228351672260894,0.2322835185505597,1.8279507629781477e-09,-0.013183345611844643,-0.013183345626251725,-1.4407081430634072e-11,-0.7851780134487951,-0.7851782664637811,-2.530149859625297e-07
1.7229166666666667,0.8222222222222223,0.04,-0.7,2.0,0.3,0.04,0.01,1965,-0.6609744288793573,-0.660974430227373,-1.3480156990652858e-09,1.6957216186774815,1.6957215224425606,-9.623492092103447e-08,0.21793949024184744,0.21793949195815626,1.7163088172900132e-09,-0.013680599261212123,-0.01368059926228552,-1.073396579953645e-12,-1.1677090274606061,-1.167709371307167,-3.4384656077968145e-07
0.67,0.8244444444444445,0.04,-0.7,2.0,0.3,0.04,0.01,2051,-0.8166044376975434,-0.8166044500625759,-1.2365032442396284e-08,2.1200057986892062,2.120005914340306,1.1565109980793409e-07,0.21614207400627583,0.21614207704316968,3.0368938475078266e-09,-0.011415826069727242,-0.011415826182463349,-1.1273610690809566e-10,-0.49472667647820767,-0.49472686941889116,-1.9294068348552074e-07
1.0800833333333333,0.8244444444444445,0.04,-0.7,2.0,0.3,0.04,0.01,2088,-0.7291610850621022,-0.7291610870587604,-1.9966581721320154e-09,1.9738293055571177,1.973829295666973,-9.89014470320626e-09,0.2341524824636676,0.23415248433385322,1.8701856174807574e-09,-0.013486093271841693,-0.013486093282755159,-1.0913466311213149e-11,-0.7670862624986619,-0.7670865117283616,-2.4922969976692855e-07
1.1798333333333333,0.8244444444444445,0.04,-0.7,2.0,0.3,0.04,0.01,2097,-0.7143898905981327,-0.714389891608152,-1.0100192904261007e-09,1.9209022261712505,1.9209023653396808,1.3916843033534576e-07,0.23361185217507519,0.23361185393369488,1.758619694314234e-09,-0.013636860974330922,-0.013636860984918125,-1.0587202989298383e-11,-0.8306910166644421,-0.8306912795046918,-2.6284024967626607e-07
1.3128333333333333,0.8244444444444445,0.04,-0.7,2.0,0.3,0.04,0.01,2109,-0.6973568282048204,-0.6973568286174724,-4.126520236624742e-10,1.8518843014625475,1.8518843322013676,3.073882015591778e-08,0.23143152716509352,0.23143152885198864,1.6868951235871066e-09,-0.013756627400829391,-0.013756627407514904,-6.685513254112152e-12,-0.9140422682551996,-0.9140425497627868,-2.815075871298589e-07
1.335,0.8244444444444445,0.04,-0.7,2.0,0.3,0.04,0.01,2111,-0.6947670825566132,-0.6947670829395908,-3.829775385710832e-10,1.8409229418647755,1.8409229809110026,3.904622714046013e-08,0.23094579119808945,0.23094579288317404,1.6850845996341235e-09,-0.01377034407779032,-0.013770344081236046,-3.4457263431431073e-12,-0.9277812778288319,-0.9277815625124306,-2.846835986947127e-07
1.7229166666666667,0.8244444444444445,0.04,-0.7,2.0,0.3,0.04,0.01,2146,-0.6572041840580134,-0.6572041853602374,-1.302223995303109e-09,1.6974881722475743,1.6974882325053382,6.025776388973725e-08,0.21922973358207143,0.21922973532060444,1.738533011996779e-09,-0.013867341722151316,-0.013867341721874855,2.7646114564294777e-13,-1.1624560563178177,-1.1624563990817693,-3.42763951666214e-07
0.19341666666666668,0.8266666666666667,0.04,-0.7,2.0,0.3,0.04,0.01,2189,-0.9666617396492105,-0.9666617756177778,-3.59685672357557e-08,1.0891726187622908,1.0891724756112962,-1.431509946137055e-07,0.07147709591995288,0.07147709933592254,3.4159696599145306e-09,0.011555779475536099,0.0115557769580182,-2.517517899008892e-09,-0.1428242183076911,-0.1428242881208388,-6.981314770726499e-08
0.4261666666666667,0.8266666666666667,0.04,-0.7,2.0,0.3,0.04,0.01,2210,-0.8893424072572986,-0.8893424314131655,-2.4155866862329844e-08,1.9795232619745917,1.9795233680526574,1.0607806566476086e-07,0.17392557068812708,0.1739255744037578,3.715630719769436e-09,-0.00472148390884275,-0.004721484523931113,-6.150883630554049e-10,-0.320789936539001,-0.32079008473444054,-1.481954395310403e-07
0.5480833333333334,0.8266666666666667,0.04,-0.7,2.0,0.3,0.04,0.01,2221,-0.8483969537764757,-0.8483969712129101,-1.7436434407436252e-08,2.108150753965532,2.108150792425598,3.846006624286247e-08,0.20158916323509413,0.20158916671653113,3.481436999797083e-09,-0.00996545506587454,-0.009965455408462992,-3.4258845239831803e-10,-0.40719264437133473,-0.40719281684438374,-1.7247304900935845e-07
0.5591666666666667,0.8266666666666667,0.04,-0.7,2.0,0.3,0.04,0.01,2222,-0.8448731466131898,-0.8448731635100538,-1.6896864019066982e-08,2.11383361925499,2.113833750297375,1.3104238494321407e-07,0.20351833012938192,0.20351833358487925,3.4554973327161065e-09,-0.01024236551377955,-0.0102423658281519,-3.143723493331807e-10,-0.41494539538916575,-0.4149455697966251,-1.7440745936347923e-07
0.7143333333333334,0.8266666666666667,0.04,-0.7,2.0,0.3,0.04,0.01,2236,-0.7998720969132345,-0.7998721072357456,-1.0322511179161609e-08,2.1319916831963326,2.1319917982326997,1.1503636709875309e-07,0.22304662594091473,0.2230466288586418,2.9177270599589633e-09,-0.012448308203405478,-0.012448308278694094,-7.528861561967304e-11,-0.5219210858731227,-0.521921284579619,-1.9870649625719494e-07
0.7475833333333334,0.8266666666666667,0.04,-0.7,2.0,0.3,0.04,0.01,2239,-0.7913236981024752,-0.79132370725494,-9.152464786055248e-09,2.1252448190178796,2.1252448569994336,3.798155390200009e-08,0.2257633702759665,0.22576337306662153,2.790655040385559e-09,-0.012696084469576707,-0.012696084527741914,-5.816520702583983e-11,-0.5444721129369001,-0.5444723163928251,-2.0345592499637632e-07
1.2795833333333333,0.8266666666666667,0.04,-0.7,2.0,0.3,0.04,0.01,2287,-0.6972124802445689,-0.6972124806390311,-3.9446212962701566e-10,1.86927817669158,1.8692782363421738,5.965059379775539e-08,0.23372968723622822,0.23372968895007856,1.7138503394242832e-09,-0.014005020863294693,-0.014005020867611833,-4.317140395171393e-12,-0.8890780989595504,-0.8890783749224652,-2.7596291485298963e-07
1.335,0.8266666666666667,0.04,-0.7,2.0,0.3,0.04,0.01,2292,-0.6906756087463051,-0.6906756090579467,-3.1164160141372577e-10,1.8413878255518767,1.8413879463513616,1.2079948485954617e-07,0.23251926478395912,0.23251926648542534,1.7014662179182238e-09,-0.014025561754227311,-0.014025561758260417,-4.03310544683233e-12,-0.9233781693104848,-0.9233784531562056,-2.8384572081652237e-07
1.7118333333333333,0.8266666666666667,0.04,-0.7,2.0,0.3,0.04,0.01,2326,-0.654354973047,-0.6543549742781497,-1.2311497377126557e-09,1.7019377906990485,1.7019378580484346,6.734938606811625e-08,0.22090684583725428,0.22090684759911036,1.7618560776977432e-09,-0.01405304940804708,-0.014053049410110973,-2.063892459713834e-12,-1.150635021540669,-1.1506353615285152,-3.3998784609856614e-07
1.7783333333333333,0.8266666666666667,0.04,-0.7,2.0,0.3,0.04,0.01,2332,-0.6488798634632365,-0.6488798647310202,-1.267783766856212e-09,1.6862224561098316,1.6862225077674005,5.165756888914075e-08,0.21850566697623197,0.21850566874874663,1.7725146628233546e-09,-0.014052385099161402,-0.014052385098374776,7.86625972692967e-13,-1.1899216866531614,-1.1899220367866268,-3.501334653321919e-07
1.867,0.8266666666666667,0.04,-0.7,2.0,0.3,0.04,0.01,2340,-0.6418163035215585,-0.641816304658615,-1.1370564489965318e-09,1.6674457703480527,1.6674458500007447,7.965269199772251e-08,0.2152195002130819,0.21521950199014142,1.7770595273081113e-09,-0.014054512175454281,-0.014054512172395993,3.0582879978480193e-12,-1.2420417844549725,-1.2420421480509742,-3.6359600175117635e-07
0.8473333333333334,0.8288888888888889,0.04,-0.7,2.0,0.3,0.04,0.01,2429,-0.7632808007151937,-0.7632808065567304,-5.8415366988029405e-09,2.0998419558715398,2.099841968762049,1.289050910457945e-08,0.23385561491007234,0.23385561737070373,2.4606313930863877e-09,-0.013716792926499188,-0.013716792954970683,-2.8471494259441066e-11,-0.6079464447406036,-0.6079466611955784,-2.1645497483291365e-07
0.90275,0.8288888888888889,0.04,-0.7,2.0,0.3,0.04,0.01,2434,-0.7517207801016612,-0.751720784615433,-4.513771800773725e-09,2.073691629522756,2.0736917542134963,1.2469074039955785e-07,0.23579773375859148,0.23579773604622575,2.2876342764543978e-09,-0.013886433003207355,-0.013886433025443881,-2.2236526855956562e-11,-0.6445309806302202,-0.6445312045518493,-2.239216291277657e-07
1.23525,0.8288888888888889,0.04,-0.7,2.0,0.3,0.04,0.01,2464,-0.6985491118061127,-0.6985491122367213,-4.3060865984045904e-10,1.893097256733256,1.8930973919963088,1.3526305275846084e-07,0.2362112546874795,0.23621125643673763,1.749258127237141e-09,-0.014266322250489072,-0.0142663222566435,-6.1544276619418525e-12,-0.8572514345087101,-0.8572517034458388,-2.689371286779263e-07
1.3793333333333333,0.8288888888888889,0.04,-0.7,2.0,0.3,0.04,0.01,2477,-0.6816833341846684,-0.6816833344661903,-2.8152191688946004e-10,1.8205738083754142,1.8205737617937114,-4.658170271731876e-08,0.2329457695693371,0.23294577128738572,1.7180486200363276e-09,-0.01427801238129689,-0.014278012381054816,2.420737221786595e-13,-0.9461115301609424,-0.9461118195479121,-2.893869697206952e-07
1.5788333333333333,0.8288888888888889,0.04,-0.7,2.0,0.3,0.04,0.01,2495,-0.6620692219011515,-0.6620692227652599,-8.641084514593445e-10,1.7414845787655509,1.741484533627494,-4.5138056847804364e-08,0.22684648043586053,0.22684648218907577,1.7532152396526612e-09,-0.014256303799420333,-0.014256303801288043,-1.867709112368665e-12,-1.0664740490476388,-1.0664743678711914,-3.188235526696559e-07
1.9445833333333333,0.8288888888888889,0.04,-0.7,2.0,0.3,0.04,0.01,2528,-0.6321363073905073,-0.6321363080960446,-7.055372952535777e-10,1.652925735173838,1.6529258789595034,1.4378566537409654e-07,0.21342754005393427,0.21342754183947113,1.7855368572572416e-09,-0.014230652199131999,-0.01423065219706892,2.063078874403601e-12,-1.2817705465811846,-1.281770920525353,-3.739441682970579e-07
0.005,0.8311111111111111,0.04,-0.7,2.0,0.3,0.04,0.01,2534,-0.9834954117651784,-0.983495393625629,1.8139549418094703e-08,-0.27656545387166886,-0.2765653899868775,6.388479134589176e-08,-0.01063559924685542,-0.010635594866631166,4.380224254488252e-09,0.053201108081851745,0.053200945681099725,-1.6240075201984228e-07,0.0050343848807810065,0.0050343988312684,1.3950487393749045e-08
0.50375,0.8311111111111111,0.04,-0.7,2.0,0.3,0.04,0.01,2579,-0.8535124436057084,-0.8535124626676184,-1.90619099393885e-08,2.1287172413675393,2.1287173879649206,1.4659738134525924e-07,0.19863647695322895,0.19863648070920595,3.7559770016404315e-09,-0.010065055157659764,-0.010065055640796084,-4.83136320880706e-10,-0.37065028894750496,-0.37065045203010555,-1.6308260059050284e-07
0.5591666666666667,0.8311111111111111,0.04,-0.7,2.0,0.3,0.04,0.01,2584,-0.8353795139670606,-0.8353795301909228,-1.6223862253639254e-08,2.15800060043847,2.158000679750518,7.93120480402365e-08,0.209017705558312,0.20901770915002318,3.591711178474455e-09,-0.011652011974172538,-0.011652012296031923,-3.2185938463047403e-10,-0.4092610522424267,-0.40926122525644426,-1.7301401755709378e-07
0.6035,0.8311111111111111,0.04,-0.7,2.0,0.3,0.04,0.01,2588,-0.8216219789003443,-0.8216219930398718,-1.4139527548806541e-08,2.168240953448475,2.16824098241813,2.8969655119226445e-08,0.21578854706216788,0.21578855050127366,3.4391057779359357e-09,-0.01248085087168782,-0.012480851087260932,-2.1557311144504432e-10,-0.4399025550763658,-0.4399027354426475,-1.8036628174344926e-07
0.8805833333333334,0.8311111111111111,0.04,-0.7,2.0,0.3,0.04,0.01,2613,-0.7515931397289455,-0.7515931444506461,-4.721700586074462e-09,2.0909746489827796,2.0909747046762455,5.569346583911283e-08,0.23726196856088677,0.237261970930693,2.3698062401322773e-09,-0.014282856543867961,-0.014282856570431409,-2.6563447622085512e-11,-0.626448904964827,-0.6264491251464314,-2.2018160439341017e-07
1.4125833333333333,0.8311111111111111,0.04,-0.7,2.0,0.3,0.04,0.01,2661,-0.6741431230955497,-0.6741431234041179,-3.0856817101465595e-10,1.8059090556299395,1.8059090178302268,-3.779971269324278e-08,0.23351457284881416,0.23351457458409022,1.7352760617317387e-09,-0.01450690464421811,-0.014506904644463319,-2.452083674997496e-13,-0.9617624145091819,-0.9617627078525576,-2.9334337570130486e-07
1.4569166666666666,0.8311111111111111,0.04,-0.7,2.0,0.3,0.04,0.01,2665,-0.6696596944621991,-0.6696596948923469,-4.3014780626293714e-10,1.787091763461035,1.787091765375614,1.9145789398322677e-09,0.23218733063934405,0.23218733238275135,1.7434073074085177e-09,-0.014493294207829077,-0.014493294206194881,1.6341962505439511e-12,-0.9885415918278739,-0.988541891631782,-2.9980390803263646e-07
1.5345,0.8311111111111111,0.04,-0.7,2.0,0.3,0.04,0.01,2672,-0.6622348292592561,-0.6622348299549179,-6.956617504272344e-10,1.757570428084776,1.7575704076863192,-2.03984567015425e-08,0.22970157425333815,0.22970157601591956,1.7625814141553064e-09,-0.014469288768803601,-0.014469288767585001,1.2185998737868076e-12,-1.0350755371746345,-1.035075848425225,-3.112505904123708e-07
1.70075,0.8311111111111111,0.04,-0.7,2.0,0.3,0.04,0.01,2687,-0.6477015944381104,-0.6477015955436823,-1.1055719673080944e-09,1.707849478504997,1.7078494722223887,-6.2826082114497694e-09,0.22386383213557348,0.22386383393619785,1.8006243718282633e-09,-0.014424888123976132,-0.014424888122144597,1.8315349237241207e-12,-1.1336161625100094,-1.133616498665872,-3.3615586270130393e-07
1.9556666666666667,0.8311111111111111,0.04,-0.7,2.0,0.3,0.04,0.01,2710,-0.627625117242403,-0.6276251177364998,-4.940967635036486e-10,1.6513984457677822,1.6513984959924093,5.022462712389597e-08,0.21412529774333944,0.21412529954945905,1.8061196149776748e-09,-0.014399607304593776,-0.014399607302957687,1.6360888338562418e-12,-1.2825396230045638,-1.282539997253166,-3.7424860210855115e-07
0.14908333333333335,0.8333333333333334,0.04,-0.7,2.0,0.3,0.04,0.01,2728,-0.9720146531473628,-0.9720146902100608,-3.7062698021728124e-08,0.9305829190564552,0.9305827038934467,-2.1516300852120196e-07,0.047174147816131384,0.04717415063821256,2.8220811729151585e-09,0.015479376972993286,0.015479371058852026,-5.9141412600549614e-09,-0.10443397988391112,-0.104434032644638,-5.276072688464861e-08
0.30425,0.8333333333333334,0.04,-0.7,2.0,0.3,0.04,0.01,2742,-0.920396714755578,-0.9203967466349792,-3.1879401118928286e-08,1.7711906996620286,1.7711907343705833,3.4708554697004956e-08,0.13902779659041853,0.13902780076041424,4.169995709846219e-09,0.002509783101067864,0.0025097836064366247,5.053687607281532e-10,-0.22490200824232254,-0.22490212318932756,-1.149470050254564e-07
0.3375,0.8333333333333334,0.04,-0.7,2.0,0.3,0.04,0.01,2745,-0.9082220524606055,-0.90822208194939,-2.9488784525355527e-08,1.8821414149439164,1.8821414730553756,5.811145920020522e-08,0.15294680843380704,0.15294681256952294,4.135715908626381e-09,-0.0002788625666494404,-0.0002788625747225119,-8.073071453961606e-12,-0.2496221609546434,-0.2496222858231142,-1.2486847078552188e-07
0.44833333333333336,0.8333333333333334,0.04,-0.7,2.0,0.3,0.04,0.01,2755,-0.8679254017743276,-0.8679254236984619,-2.1924134285811192e-08,2.1037671327217566,2.103767102189715,-3.053204178371516e-08,0.1885970930634584,0.18859709703133887,3.967880468636054e-09,-0.008369878507219486,-0.008369879136347411,-6.291279251030568e-10,-0.32911650304306983,-0.3291166545798025,-1.5153673266210532e-07
0.4594166666666667,0.8333333333333334,0.04,-0.7,2.0,0.3,0.04,0.01,2756,-0.8640207119819943,-0.8640207332340188,-2.125202458458375e-08,2.1162297803023478,2.1162298388088714,5.850652362582309e-08,0.1913984725698814,0.19139847651535616,3.9454747524647615e-09,-0.008944541853850296,-0.00894454246553368,-6.116833844993508e-10,-0.33691433832722106,-0.3369144921506836,-1.5382346252312828e-07
0.5148333333333334,0.8333333333333334,0.04,-0.7,2.0,0.3,0.04,0.01,2761,-0.8450324689532329,-0.8450324870884871,-1.8135254187257033e-08,2.1607126587941394,2.1607127475511425,8.87570030805307e-08,0.20370686242332514,0.20370686622560893,3.802283793374883e-09,-0.011184565303912208,-0.011184565756622916,-4.5271070746311093e-10,-0.37565579296655605,-0.3756559574669265,-1.6450037043647114e-07
0.6589166666666667,0.8333333333333334,0.04,-0.7,2.0,0.3,0.04,0.01,2774,-0.8005805833416479,-0.8005805947395422,-1.1397894295051003e-08,2.1840754760305003,2.1840756387744746,1.6274397429683063e-07,0.2251976611916673,0.22519766445403896,3.262371678358633e-09,-0.013794682193757346,-0.013794682320958224,-1.2720087830264681e-10,-0.4748067279242152,-0.4748069161774381,-1.8825322289917068e-07
0.7254166666666667,0.8333333333333334,0.04,-0.7,2.0,0.3,0.04,0.01,2780,-0.7826516540945794,-0.782651662971777,-8.877197643641921e-09,2.167647333850553,2.167647400988359,6.713780598133212e-08,0.23132311531171013,0.23132311828849345,2.976783319841303e-09,-0.014257531240624566,-0.014257531308830453,-6.820588711875519e-11,-0.5198214636056853,-0.5198216616178141,-1.9801212880476982e-07
0.7919166666666667,0.8333333333333334,0.04,-0.7,2.0,0.3,0.04,0.01,2786,-0.7663387041215164,-0.766338710853492,-6.731975643603505e-09,2.141385052611966,2.141385109135773,5.6523806968300505e-08,0.2357003601541341,0.23570036285526516,2.7011310688163093e-09,-0.014532677437839592,-0.014532677476396416,-3.85568243999046e-11,-0.5643473718811021,-0.5643475792330777,-2.0735197558963137e-07
1.0025,0.8333333333333334,0.04,-0.7,2.0,0.3,0.04,0.01,2805,-0.724124322906694,-0.7241243250813862,-2.174692204093276e-09,2.0278847934207533,2.0278847854821827,-7.938570689702829e-09,0.24150666369127105,0.24150666574575236,2.054481307300904e-09,-0.01485486866792396,-0.014854868680930867,-1.3006908050616772e-11,-0.7021048817285047,-0.7021051174769793,-2.357484746307037e-07
1.0468333333333333,0.8333333333333334,0.04,-0.7,2.0,0.3,0.04,0.01,2809,-0.716784718215735,-0.7167847198016187,-1.5858837576487872e-09,2.0018721069714474,2.001872185169306,7.819785885487818e-08,0.2416263919566286,0.24162639392617394,1.9695453323809176e-09,-0.014867143981467379,-0.014867143991975846,-1.0508467360170748e-11,-0.7304880970640526,-0.7304883387472771,-2.4168322454443114e-07
1.1133333333333333,0.8333333333333334,0.04,-0.7,2.0,0.3,0.04,0.01,2815,-0.7066002616606948,-0.706600262559502,-8.988072508486766e-10,1.9629224801143152,1.9629224876970552,7.582739991462972e-09,0.241304894055272,0.24130489592777157,1.8724995720642568e-09,-0.014866120455758747,-0.014866120462673438,-6.9146910419704e-12,-0.7726712612265985,-0.7726715118729598,-2.506463613327625e-07
1.335,0.8333333333333334,0.04,-0.7,2.0,0.3,0.04,0.01,2835,-0.6783963562084772,-0.6783963563404888,-1.3201162385456655e-10,1.8422664838091407,1.8422663906455223,-9.316361837541365e-08,0.23717229548358976,0.23717229723204977,1.7484600156603136e-09,-0.014776682604467073,-0.014776682604210339,2.567338702741395e-13,-0.9100888859181477,-0.9100891672762762,-2.8135812846219466e-07
1.5455833333333333,0.8333333333333334,0.04,-0.7,2.0,0.3,0.04,0.01,2854,-0.6573145732163832,-0.657314573922964,-7.065807938744229e-10,1.7546665009859908,1.7546663883094553,-1.1267653543534095e-07,0.23070270849107066,0.23070271027520048,1.784129816106983e-09,-0.014669128594879677,-0.014669128595075461,-1.957843609456944e-13,-1.0367766509286613,-1.036776962874912,-3.119462506084858e-07
1.9224166666666667,0.8333333333333334,0.04,-0.7,2.0,0.3,0.04,0.01,2888,-0.6264578507422791,-0.6264578512568459,-5.145668335870823e-10,1.6592541840498853,1.6592543275359632,1.4348607790815038e-07,0.2165632279263474,0.2165632297595949,1.8332474982507563e-09,-0.014567665404530139,-0.014567665400694879,3.835260234397175e-12,-1.2575943301371129,-1.2575946981806292,-3.6804351633001886e-07
1.9335,0.8333333333333334,0.04,-0.7,2.0,0.3,0.04,0.01,2889,-0.6256207580826456,-0.6256207585416182,-4.5897263767358254e-10,1.6568336203004463,1.656833619404881,-8.955653996167712e-10,0.2161236010228551,0.21612360285143553,1.8285804259665639e-09,-0.014567167191392727,-0.014567167187150336,4.242391160591552e-12,-1.2640178614087283,-1.2640182310756813,-3.696669530484087e-07
0.28208333333333335,0.8355555555555556,0.04,-0.7,2.0,0.3,0.04,0.01,2921,-0.9246221843350888,-0.924622217697769,-3.336268017406496e-08,1.7288330766973559,1.7288331547113311,7.801397527984477e-08,0.1315965016812637,0.13159650598694334,4.305679646154914e-09,0.00339700314960778,0.0033970039135937996,7.63986019412799e-10,-0.206179115505023,-0.2061792232299509,-1.0772492789468124e-07
0.30425,0.8355555555555556,0.04,-0.7,2.0,0.3,0.04,0.01,2923,-0.9164135581329891,-0.9164135899005312,-3.176754215239441e-08,1.813625449820222,1.8136254665411407,1.672091864968195e-08,0.14190899992105876,0.1419090042072057,4.286146937371171e-09,0.001692034903022499,0.0016920353967593636,4.93736864544056e-10,-0.22288930604602575,-0.22288942098390685,-1.1493788110161773e-07
0.4261666666666667,0.8355555555555556,0.04,-0.7,2.0,0.3,0.04,0.01,2934,-0.8711827184146315,-0.8711827414220823,-2.3007450833389953e-08,2.1053841059437417,2.1053840950221527,-1.0921588966539275e-08,0.18551962583213122,0.1855196299390738,4.106942591564078e-09,-0.00788207336566149,-0.00788207401135987,-6.456983801805816e-10,-0.31097868336021905,-0.3109788296821344,-1.463219153619022e-07
0.5591666666666667,0.8355555555555556,0.04,-0.7,2.0,0.3,0.04,0.01,2946,-0.8256936502815115,-0.825693665798172,-1.551666051202716e-08,2.200324611401072,2.2003247021905166,9.078944440688019e-08,0.21448440016530457,0.21448440388838547,3.7230808991317588e-09,-0.013068558072371061,-0.013068558393350976,-3.209799145226233e-10,-0.40351591801129905,-0.40351608963880153,-1.7162750248767011e-07
0.6589166666666667,0.8355555555555556,0.04,-0.7,2.0,0.3,0.04,0.01,2955,-0.7957103765399154,-0.7957103875741762,-1.1034260838371779e-08,2.1990301579677407,2.1990302316568813,7.368914056726794e-08,0.2277411523535222,0.22774115565833972,3.3048175029914972e-09,-0.014420968068029616,-0.014420968193920847,-1.2589123146722336e-10,-0.4717011418550743,-0.471701329364798,-1.875097237480361e-07
0.83625,0.8355555555555556,0.04,-0.7,2.0,0.3,0.04,0.01,2971,-0.7515984755665506,-0.7515984807631494,-5.19659881792478e-09,2.1273492911699776,2.1273494213773456,1.302073679987359e-07,0.24001887701824431,0.24001887957211454,2.5538702264071844e-09,-0.015137676332988015,-0.015137676361140094,-2.8152079625809456e-11,-0.5903242631424832,-0.5903244758168932,-2.1267440997174702e-07
1.1355,0.8355555555555556,0.04,-0.7,2.0,0.3,0.04,0.01,2998,-0.6990723553085276,-0.6990723558776003,-5.690726778695421e-10,1.950932004834982,1.9509320037101372,-1.1248448839040748e-09,0.24282130395181234,0.24282130580794153,1.8561291947882808e-09,-0.015175769672026718,-0.015175769675324807,-3.2980892322731492e-12,-0.7826185829329368,-0.7826188358214661,-2.5288852922855654e-07
1.1909166666666666,0.8355555555555556,0.04,-0.7,2.0,0.3,0.04,0.01,3003,-0.6915589938544242,-0.6915589941195025,-2.650782926494344e-10,1.9189095756821928,1.9189095678009054,-7.881287400479664e-09,0.2419842803366712,0.2419842821468441,1.8101729004627032e-09,-0.015136650514668837,-0.015136650516399768,-1.7309313704583218e-12,-0.817176258837149,-0.8171765192883559,-2.60451206934853e-07
1.3239166666666666,0.8355555555555556,0.04,-0.7,2.0,0.3,0.04,0.01,3015,-0.6755283749712571,-0.6755283750412149,-6.995781731689021e-11,1.8478573726721237,1.8478573786229064,5.950782755448358e-09,0.23899854503794948,0.23899854680596203,1.7680125419250459e-09,-0.015031100996654168,-0.01503110099452811,2.126058010198939e-12,-0.8988964249162512,-0.8988967038859661,-2.7896971488416966e-07
1.4569166666666666,0.8355555555555556,0.04,-0.7,2.0,0.3,0.04,0.01,3027,-0.6617145999937568,-0.661714600379101,-3.8534420099267663e-10,1.7881791491980437,1.7881792230375593,7.383951561301672e-08,0.23505010023933126,0.23505010201760115,1.7782698924495577e-09,-0.014929361066007285,-0.014929361063613554,2.3937310467125883e-12,-0.9790922398095203,-0.9790925378396973,-2.9803017698171175e-07
1.6785833333333333,0.8355555555555556,0.04,-0.7,2.0,0.3,0.04,0.01,3047,-0.6419315209810206,-0.6419315219425435,-9.615229723536345e-10,1.716294384390693,1.7162943889434286,4.5527355219121546e-09,0.2272266654479438,0.22722666729180988,1.8438660875919055e-09,-0.014800853438967643,-0.014800853437865837,1.101806146319717e-12,-1.1101662597040596,-1.1101665904080982,-3.3070403859802866e-07
1.7229166666666667,0.8355555555555556,0.04,-0.7,2.0,0.3,0.04,0.01,3051,-0.6382986651976008,-0.6382986661623172,-9.647164178616663e-10,1.7051324685546376,1.7051324627951132,-5.759524412951578e-09,0.22554392568957526,0.22554392754118344,1.8516081723429778e-09,-0.014782864996010225,-0.014782864992654814,3.355411434813327e-12,-1.1360929082507298,-1.1360932455490858,-3.3729835591245205e-07
1.8005,0.8355555555555556,0.04,-0.7,2.0,0.3,0.04,0.01,3058,-0.632119031338807,-0.632119032187112,-8.483049818153177e-10,1.6870067398588873,1.6870067765601704,3.670128312371901e-08,0.22253594725463177,0.22253594911330243,1.8586706618251014e-09,-0.014757871800163969,-0.014757871798051879,2.1120900167703738e-12,-1.181293188688981,-1.1812935375019689,-3.4881298782707404e-07
1.8115833333333333,0.8355555555555556,0.04,-0.7,2.0,0.3,0.04,0.01,3059,-0.6312523356666322,-0.6312523364841446,-8.175123911158266e-10,1.6845111749930197,1.6845111581615881,-1.6831431581820766e-08,0.22210065857647399,0.22210066043594637,1.8594723816267589e-09,-0.014754975374564605,-0.014754975374636407,-7.180193939415602e-14,-1.18773452620069,-1.1877348766544722,-3.5045378221632006e-07
1.867,0.8355555555555556,0.04,-0.7,2.0,0.3,0.04,0.01,3064,-0.6269714916709579,-0.6269714922938705,-6.229126103818317e-10,1.6721804552144448,1.672180540986375,8.577193022496488e-08,0.21990695953211237,0.21990696139226307,1.8601507001392292e-09,-0.014743012352325113,-0.014743012350488891,1.83622214655621e-12,-1.2198886088521377,-1.2198889674755506,-3.586234129659971e-07
0.02716666666666667,0.8377777777777778,0.04,-0.7,2.0,0.3,0.04,0.01,3079,-0.9865486172727644,-0.9865486119317709,5.340993536329108e-09,-0.20665807398678737,-0.20665822760839517,-1.5362160779575085e-07,-0.008341918313614638,-0.008341914754378654,3.5592359840658228e-09,0.006928344493395411,0.006928148666289271,-1.9582710614023113e-07,0.002667008571627383,0.0026669654905446824,-4.3081082700367757e-08
0.08258333333333334,0.8377777777777778,0.04,-0.7,2.0,0.3,0.04,0.01,3084,-0.9804299096052849,-0.9804299345614682,-2.495618334208416e-08,0.36073413700599133,0.3607337735079759,-3.634980154099132e-07,0.0021975423483699963,0.0021975428831358754,5.347658791482468e-10,0.02807421054809578,0.02807425004024062,3.9492144839059495e-08,-0.05140928936067657,-0.05140934445436964,-5.509369307293843e-08
0.23775000000000002,0.8377777777777778,0.04,-0.7,2.0,0.3,0.04,0.01,3098,-0.9372600255938557,-0.9372600619774694,-3.638361367741538e-08,1.5775275474805284,1.5775274947119584,-5.276856995806156e-08,0.11094285146312499,0.11094285583389622,4.370771231054782e-09,0.005346218368840194,0.005346218662531612,2.9369141753970984e-10,-0.17026378012902077,-0.17026387176586455,-9.163684377977432e-08
0.2599166666666667,0.8377777777777778,0.04,-0.7,2.0,0.3,0.04,0.01,3100,-0.9290496738303955,-0.9290497087281764,-3.489778088727746e-08,1.680400213421862,1.6804002044707795,-8.951082541841515e-09,0.12319481997286053,0.12319482438867292,4.415812396296737e-09,0.0040648365048912005,0.004064837275714397,7.708231960709688e-10,-0.18736455568740817,-0.18736465577111655,-1.0008370837644165e-07
0.6589166666666667,0.8377777777777778,0.04,-0.7,2.0,0.3,0.04,0.01,3136,-0.7908074759430117,-0.7908074866131634,-1.0670151651126503e-08,2.213499356029658,2.213499421642413,6.561275522898313e-08,0.23027072565462436,0.23027072899675677,3.3421324041604805e-09,-0.01504624089099238,-0.015046241016735419,-1.257430392448411e-10,-0.46858348386774606,-0.46858367064099393,-1.867732478677553e-07
1.10225,0.8377777777777778,0.04,-0.7,2.0,0.3,0.04,0.01,3176,-0.699475292768037,-0.6994752934285556,-6.605186397834473e-10,1.9715889809646114,1.971588996155799,1.519118764115035e-08,0.24494353970283544,0.24494354160446113,1.90162569024821e-09,-0.015521611769486743,-0.015521611774140631,-4.6538883857749624e-12,-0.757778495056316,-0.757778742691453,-2.4763513695180706e-07
1.2130833333333333,0.8377777777777778,0.04,-0.7,2.0,0.3,0.04,0.01,3186,-0.6844653675294743,-0.6844653676098235,-8.034917176047429e-11,1.9066084766539149,1.9066085082144555,3.156054062536384e-08,0.24321007624172886,0.24321007805018632,1.8084574671117792e-09,-0.015400750881522374,-0.01540075088347179,-1.9494163228106487e-12,-0.8267198566613843,-0.8267201193852741,-2.6272388986559037e-07
1.23525,0.8377777777777778,0.04,-0.7,2.0,0.3,0.04,0.01,3188,-0.6817147265311685,-0.6817147265622023,-3.1033842162742076e-11,1.894284390457912,1.8942843716453586,-1.8812553514990782e-08,0.24273781228878466,0.24273781408626116,1.7974765009753924e-09,-0.015375693609431806,-0.015375693606381835,3.0499717335041865e-12,-0.8403592281513994,-0.8403594939324268,-2.657810274087069e-07
1.2685,0.8377777777777778,0.04,-0.7,2.0,0.3,0.04,0.01,3191,-0.6777274919292364,-0.6777274919210093,8.227085679379798e-12,1.876317917703929,1.8763178525077457,-6.519618334088761e-08,0.24196482733607194,0.24196482912256861,1.7864966728176057e-09,-0.015338264448272465,-0.015338264447896483,3.759822314597372e-13,-0.8607298246587902,-0.8607300950507665,-2.7039197625366995e-07
1.4458333333333333,0.8377777777777778,0.04,-0.7,2.0,0.3,0.04,0.01,3207,-0.6588134164609016,-0.6588134167837264,-3.228247669184725e-10,1.793104242864274,1.793104221354282,-2.1509992009782763e-08,0.23683003561481009,0.23683003740969621,1.794886128614337e-09,-0.015154550057072669,-0.015154550056576514,4.961552002580305e-13,-0.9677450030243229,-0.9677452985632193,-2.955388964664962e-07
1.6453333333333333,0.8377777777777778,0.04,-0.7,2.0,0.3,0.04,0.01,3225,-0.640878094607944,-0.6408780954734129,-8.654689187537201e-10,1.7264021268115215,1.7264021854587754,5.864725394211234e-08,0.22975123846052936,0.2297512403141287,1.8535993295820674e-09,-0.015003108763400608,-0.015003108761094541,2.3060667958541003e-12,-1.0855300834047843,-1.0855304081295094,-3.247247251092489e-07
1.7561666666666667,0.8377777777777778,0.04,-0.7,2.0,0.3,0.04,0.01,3235,-0.6318518559622621,-0.6318518567969131,-8.346510149692676e-10,1.6983702111339483,1.698370283613118,7.247916977703994e-08,0.22547729129573924,0.22547729317288046,1.8771412202411852e-09,-0.014947933571762828,-0.014947933568674783,3.0880454443549255e-12,-1.1501398630328619,-1.150140204127541,-3.410946791682079e-07
1.8780833333333333,0.8377777777777778,0.04,-0.7,2.0,0.3,0.04,0.01,3246,-0.6224138897986675,-0.6224138902222084,-4.2354086904339283e-10,1.6703920469041122,1.670392109855906,6.295179377779903e-08,0.2206066447604793,0.22060664664056462,1.8800853096578862e-09,-0.014909948028440922,-0.014909948025204943,3.2359791929392756e-12,-1.2207491519836133,-1.2207495109628295,-3.5897921613070594e-07
1.9778333333333333,0.8377777777777778,0.04,-0.7,2.0,0.3,0.04,0.01,3255,-0.6149784952461101,-0.6149784951114523,1.346578404337606e-10,1.6471079111735065,1.6471079075122264,-3.6612801679325457e-09,0.2165394170852708,0.2165394189446094,1.8593385997522915e-09,-0.014895402737913344,-0.01489540273215262,5.760723495451536e-12,-1.2782505596647953,-1.2782509330178544,-3.733530591354395e-07
0.16016666666666668,0.8400000000000001,0.04,-0.7,2.0,0.3,0.04,0.01,3272,-0.961740479555051,-0.9617405197814782,-4.0226427189260505e-08,1.171011482226092,1.1710113008822667,-1.813438252895594e-07,0.061398083759656163,0.0613980871950542,3.435398035489534e-09,0.011395442336137318,0.011395436179723509,-6.1564138092995435e-09,-0.10930519563231988,-0.10930525518565969,-5.9553339801232674e-08
0.4261666666666667,0.8400000000000001,0.04,-0.7,2.0,0.3,0.04,0.01,3296,-0.8616903626856853,-0.8616903850501448,-2.2364459506540868e-08,2.1658901117049822,2.165890109468685,-2.2362973695067012e-09,0.1913188549024225,0.19131885919223907,4.289816557534465e-09,-0.009504783857194887,-0.009504784516694734,-6.594998470943469e-10,-0.3059619413883774,-0.3059620867487458,-1.4536036840873123e-07
0.6478333333333334,0.8400000000000001,0.04,-0.7,2.0,0.3,0.04,0.01,3316,-0.7890057991161159,-0.7890058098684606,-1.0752344681286274e-08,2.23076674910061,2.230766780570999,3.1470388961452045e-08,0.23163178320545486,0.2316317866369766,3.431521733432419e-09,-0.015593740598507377,-0.01559374073917599,-1.4066861217520987e-10,-0.45797283266868494,-0.4579730170353505,-1.8436666554544345e-07
1.1465833333333333,0.8400000000000001,0.04,-0.7,2.0,0.3,0.04,0.01,3361,-0.6888808603355834,-0.6888808605615193,-2.2593593662634248e-10,1.9454036048749401,1.9454036315394538,2.6664513708141158e-08,0.24608648850454884,0.24608649037007382,1.865524984490108e-09,-0.015778386356357643,-0.015778386356474126,-1.1648321196489064e-13,-0.7814472534159456,-0.7814475062942553,-2.5287830973663716e-07
1.3793333333333333,0.8400000000000001,0.04,-0.7,2.0,0.3,0.04,0.01,3382,-0.6614468932092388,-0.6614468932982215,-8.898271008916936e-11,1.8217728103842035,1.8217728138323614,3.448157981367217e-09,0.24039003487269506,0.24039003667051437,1.797819310089821e-09,-0.015448734994039093,-0.015448734991190828,2.8482650266115073e-12,-0.9233361071003809,-0.9233363922603972,-2.8516001626677223e-07
1.5123333333333333,0.8400000000000001,0.04,-0.7,2.0,0.3,0.04,0.01,3394,-0.6485985918905368,-0.6485985924085489,-5.180120776770991e-10,1.7686047015796902,1.7686047329166095,3.133691928169924e-08,0.23594711387270317,0.23594711570170274,1.8289995629139355e-09,-0.0153000372576928,-0.015300037252196492,5.4963082696257715e-12,-1.0023951272328246,-1.0023954314945664,-3.0426174180142596e-07
1.56775,0.8400000000000001,0.04,-0.7,2.0,0.3,0.04,0.01,3399,-0.6436543616814006,-0.6436543623572236,-6.758230641779051e-10,1.7502103377697864,1.7502103331449237,-4.624862715019162e-09,0.23394256665865143,0.2339425685064361,1.8477846752684712e-09,-0.01524911722450284,-0.015249117223296341,1.2064984428183934e-12,-1.0350027127375983,-1.0350030250662565,-3.1232865826957834e-07
1.8005,0.8400000000000001,0.04,-0.7,2.0,0.3,0.04,0.01,3420,-0.6246166720308421,-0.6246166726341551,-6.033129551497041e-10,1.6889458165358917,1.6889457945366695,-2.199922222168027e-08,0.22489962007377073,0.22489962197155952,1.897788787230681e-09,-0.015103910842584334,-0.015103910839351286,3.233047510264875e-12,-1.1704335026818669,-1.1704338491109052,-3.4642903834480876e-07
1.8559166666666667,0.8400000000000001,0.04,-0.7,2.0,0.3,0.04,0.01,3425,-0.6203747459876396,-0.6203747463655078,-3.7786818118945575e-10,1.676040539688728,1.6760405426692766,2.9805486967404704e-09,0.222646408785665,0.22264641068434263,1.898677631784196e-09,-0.015084135409071386,-0.01508413540649377,2.5776169393365578e-12,-1.202416303856535,-1.2024166583443268,-3.544877917871503e-07
1.90025,0.8400000000000001,0.04,-0.7,2.0,0.3,0.04,0.01,3429,-0.6170403986086037,-0.6170403987679867,-1.593829512813727e-10,1.665640042558536,1.6656400227284904,-1.9830045605573332e-08,0.22082653170996114,0.2208265336043523,1.8943911717084205e-09,-0.01507194549721369,-0.015071945496070835,1.1428549079317563e-12,-1.2279501389025893,-1.2279504997896962,-3.6088710686499326e-07
1.9556666666666667,0.8400000000000001,0.04,-0.7,2.0,0.3,0.04,0.01,3434,-0.6129393864523491,-0.6129393862831363,1.6921286594140383e-10,1.6523014290115157,1.6523015955257294,1.6651421375080133e-07,0.2185353476014118,0.21853534948508438,1.883672579028328e-09,-0.015061026338580863,-0.015061026336865319,1.7155443732264075e-12,-1.2598097624644256,-1.2598101312765293,-3.688121037459524e-07
0.02716666666666667,0.8422222222222222,0.04,-0.7,2.0,0.3,0.04,0.01,3441,-0.9874952049934715,-0.9874952015723057,3.4211657951033203e-09,-0.21845490971728054,-0.21845517978639223,-2.7006911168525605e-07,-0.009033864290658444,-0.009033860743108732,3.5475497123238497e-09,0.006252541062679029,0.006252337654392033,-2.03408286996061e-07,0.0025026817329631967,0.00250263747557613,-4.425738706678034e-08
0.17125,0.8422222222222222,0.04,-0.7,2.0,0.3,0.04,0.01,3454,-0.9551622903002099,-0.9551623310359459,-4.073573600660296e-08,1.3039285512439491,1.3039284636565425,-8.758740666081621e-08,0.07200934714124418,0.0720093509719941,3.830749911726272e-09,0.00887937603430422,0.008879370665341705,-5.3689625158920284e-09,-0.11620198729883624,-0.11620205212946928,-6.483063304252301e-08
0.22666666666666668,0.8422222222222222,0.04,-0.7,2.0,0.3,0.04,0.01,3459,-0.9343280023624279,-0.9343280397851778,-3.742274989892991e-08,1.6216433029736521,1.6216432748805887,-2.8093063431100518e-08,0.10981233161594384,0.10981233618510575,4.569161909939723e-09,0.00427660989343881,0.004276609654912147,-2.3852666283102897e-10,-0.15825184445705798,-0.15825193245344685,-8.799638887002637e-08
0.3929166666666667,0.8422222222222222,0.04,-0.7,2.0,0.3,0.04,0.01,3474,-0.8693376829413402,-0.8693377072755908,-2.4334250614543862e-08,2.1510693171133966,2.1510694361588616,1.1904546504126756e-07,0.1843284525343547,0.1843284569903244,4.455969704331153e-09,-0.008114928176095049,-0.00811492876666404,-5.905689912794054e-10,-0.28022745792333215,-0.2802275955816689,-1.3765833672962913e-07
0.5924166666666667,0.8422222222222222,0.04,-0.7,2.0,0.3,0.04,0.01,3492,-0.8004027740138309,-0.8004027868249504,-1.281111949857916e-08,2.2581988168290934,2.2581989434512844,1.2662219095460614e-07,0.22749919110442995,0.22749919485098283,3.746552873495901e-09,-0.01571100835873196,-0.01571100860041707,-2.416851094255712e-10,-0.41739409603613886,-0.41739427104848437,-1.7501234550465483e-07
0.6256666666666667,0.8422222222222222,0.04,-0.7,2.0,0.3,0.04,0.01,3495,-0.7904313076667613,-0.7904313189858876,-1.13191263029222e-08,2.251501252104049,2.251501318780345,6.667629603995806e-08,0.2316994732651234,0.23169947684793557,3.5828121580649963e-09,-0.01606039327417541,-0.01606039345105286,-1.768774501864634e-10,-0.4399027831514246,-0.43990296340067986,-1.8024925524384727e-07
0.7365,0.8422222222222222,0.04,-0.7,2.0,0.3,0.04,0.01,3505,-0.7603979637360592,-0.7603979708396786,-7.103619470427702e-09,2.2054366777268797,2.2054367275830145,4.9856134776149474e-08,0.2416309152500351,0.2416309182803529,3.0303178022439425e-09,-0.016548206975552926,-0.01654820703250947,-5.6956543648123414e-11,-0.5141915096057437,-0.5141917062318986,-1.966261549135595e-07
0.9249166666666667,0.8422222222222222,0.04,-0.7,2.0,0.3,0.04,0.01,3522,-0.7196654456148588,-0.7196654480724718,-2.4576130019937636e-09,2.0884354245964687,2.0884355077276706,8.313120192227075e-08,0.2485859500131471,0.24858595229393665,2.2807895572185544e-09,-0.016476790035691025,-0.016476790046224023,-1.0532998084844536e-11,-0.637482312393356,-0.6374825348135141,-2.2242015818019212e-07
0.936,0.8422222222222222,0.04,-0.7,2.0,0.3,0.04,0.01,3523,-0.7176209551471024,-0.7176209574163998,-2.269297305623752e-09,2.0810926149028575,2.081092630826399,1.592354159640763e-08,0.2487247192192732,0.24872472147067562,2.251402425601512e-09,-0.01646030780011465,-0.016460307807348036,-7.233387500082955e-12,-0.6446093892659155,-0.6446096131696978,-2.2390378229264485e-07
1.0468333333333333,0.8422222222222222,0.04,-0.7,2.0,0.3,0.04,0.01,3533,-0.6989590273237534,-0.6989590281386324,-8.148790531237182e-10,2.0082224660988857,2.0082225645255254,9.8426639727478e-08,0.24895975811289883,0.24895976010889856,1.9959997266116858e-09,-0.01626868621817934,-0.016268686218508955,-3.296148076703531e-13,-0.7151063941046587,-0.715106632819288,-2.387146292859299e-07
1.7783333333333333,0.8422222222222222,0.04,-0.7,2.0,0.3,0.04,0.01,3599,-0.6225730220818515,-0.6225730226291158,-5.472643449522252e-10,1.6949587455794557,1.6949587420818377,-3.497617973025058e-09,0.2269725861625549,0.22697258807973658,1.9171816911800477e-09,-0.015286121163859967,-0.01528612116078861,3.0713574045160286e-12,-1.1522239447980809,-1.1522242868092107,-3.420111298613193e-07
1.8005,0.8422222222222222,0.04,-0.7,2.0,0.3,0.04,0.01,3601,-0.620862632168262,-0.6208626326383203,-4.700583255967672e-10,1.6896605947724908,1.6896606999904347,1.0521794391316064e-07,0.22606615996734192,0.22606616188712841,1.9197864964404232e-09,-0.01527520903071844,-0.015275209026762063,3.9563768927664e-12,-1.1650015140823866,-1.1650018593097227,-3.4522733605157896e-07
0.07150000000000001,0.8444444444444444,0.04,-0.7,2.0,0.3,0.04,0.01,3626,-0.9792962195633026,-0.9792962449654977,-2.5402195125145965e-08,0.32630844415404425,0.3263079074811644,-5.366728798583686e-07,-0.0017744073702030683,-0.0017744070150282007,3.551748675983263e-10,0.024674983695877062,0.024675032530533016,4.8834655954482775e-08,-0.04007586118473516,-0.04007592649718682,-6.53124516553083e-08
0.50375,0.8444444444444444,0.04,-0.7,2.0,0.3,0.04,0.01,3665,-0.8241491330138184,-0.8241491499605109,-1.6946692493746696e-08,2.272953519844023,2.2729536161141826,9.627015939983607e-08,0.21545910855264028,0.21545911275393406,4.201293785088822e-09,-0.014597179936182147,-0.014597180435732576,-4.995504288007879e-10,-0.3541393699524331,-0.3541395292612846,-1.593088514995067e-07
0.5480833333333334,0.8444444444444444,0.04,-0.7,2.0,0.3,0.04,0.01,3669,-0.8093519241844649,-0.8093519387687513,-1.4584286445185057e-08,2.2793397336240417,2.279339919996219,1.863721772465965e-07,0.22351264863801346,0.22351265264680112,4.008787662934665e-09,-0.015706859012032393,-0.01570685937012241,-3.5809001597275625e-10,-0.38433405946031174,-0.38433422649119225,-1.6703088051572834e-07
0.63675,0.8444444444444444,0.04,-0.7,2.0,0.3,0.04,0.01,3677,-0.7821949229513958,-0.7821949334195563,-1.0468160449583763e-08,2.2625854412261504,2.2625855655155984,1.2428944806686104e-07,0.23548854164223698,0.23548854520627868,3.5640417006543856e-09,-0.016789659877392005,-0.01678966003354121,-1.56149204677547e-10,-0.44427774385791263,-0.444277925099311,-1.8124139838926467e-07
1.1244166666666666,0.8444444444444444,0.04,-0.7,2.0,0.3,0.04,0.01,3721,-0.6832324371561227,-0.6832324372339523,-7.782963162838996e-11,1.9593582478716343,1.9593582328614638,-1.501017043992192e-08,0.24982142719010003,0.24982142908920613,1.8991060946049743e-09,-0.016428008425273255,-0.01642800842453978,7.334757801125136e-13,-0.759594601021929,-0.7595948494192044,-2.4839727541525747e-07
1.1798333333333333,0.8444444444444444,0.04,-0.7,2.0,0.3,0.04,0.01,3726,-0.675901398830836,-0.675901398700349,1.3048695457484882e-10,1.9256688188473703,1.9256687486133546,-7.02340157143766e-08,0.24878326019106556,0.2487832620444352,1.853369652193848e-09,-0.016300751136122393,-0.016300751132587398,3.534995213216874e-12,-0.7937368208177364,-0.7937370767131633,-2.5589542684834043e-07
1.3128333333333333,0.8444444444444444,0.04,-0.7,2.0,0.3,0.04,0.01,3738,-0.6602955594089965,-0.6602955592634191,1.4557743899246134e-10,1.8531360945761577,1.853136046196566,-4.83795916661478e-08,0.24536218360182716,0.2453621854201656,1.8183384520309431e-09,-0.016022116128278086,-0.016022116122799204,5.4788812375861085e-12,-0.874413024301024,-0.8744132984739604,-2.7417293646525565e-07
1.43475,0.8444444444444444,0.04,-0.7,2.0,0.3,0.04,0.01,3749,-0.6479098697981245,-0.6479098700047159,-2.0659141064527375e-10,1.798613169512464,1.7986132089740081,3.9461544032448614e-08,0.24142015997763444,0.24142016181735462,1.8397201817510478e-09,-0.015811264581500062,-0.015811264575386754,6.113307776667298e-12,-0.9469988609608904,-0.9469991522806034,-2.913197130194334e-07
1.4569166666666666,0.8444444444444444,0.04,-0.7,2.0,0.3,0.04,0.01,3751,-0.6458113609969507,-0.6458113612784385,-2.8148783304260405e-10,1.7899583260039265,1.7899582493783344,-7.662559209364872e-08,0.24064409500923478,0.2406440968552073,1.8459725137365268e-09,-0.01577797146989912,-0.015777971465681027,4.218094623587021e-12,-0.9600769152651178,-0.9600772097383228,-2.94473204931478e-07
1.5234166666666666,0.8444444444444444,0.04,-0.7,2.0,0.3,0.04,0.01,3757,-0.6397466266466756,-0.6397466271269623,-4.802866993003363e-10,1.7661438422855724,1.7661438745485993,3.226302691672345e-08,0.2382300887276978,0.2382300905986517,1.870953891813798e-09,-0.01568740976204408,-0.015687409757046182,4.997897928848971e-12,-0.9991220166152837,-0.9991223206106641,-3.0399538042402696e-07
1.76725,0.8444444444444444,0.04,-0.7,2.0,0.3,0.04,0.01,3779,-0.6196607306074853,-0.619660731059085,-4.5159975758934934e-10,1.6983100259437833,1.6983099379084252,-8.803535811452434e-08,0.22859981548717379,0.22859981742219493,1.9350211433177833e-09,-0.015464370084206092,-0.015464370081435546,2.7705459454407944e-12,-1.1404545310611525,-1.140454870296223,-3.392350704789493e-07
1.8780833333333333,0.8444444444444444,0.04,-0.7,2.0,0.3,0.04,0.01,3789,-0.6112743017641642,-0.6112743017179603,4.6203929571220215e-11,1.671168620154262,1.6711685633894326,-5.676482928151927e-08,0.22397038147436987,0.2239703834069031,1.932533216786325e-09,-0.01540953916995269,-0.015409539168729182,1.223509141223822e-12,-1.2040697167309267,-1.204070071839176,-3.5510824925033546e-07
1.9224166666666667,0.8444444444444444,0.04,-0.7,2.0,0.3,0.04,0.01,3793,-0.6080124811874699,-0.6080124808801476,3.073222787364216e-10,1.6599988938992283,1.6599989225446519,2.864542358871347e-08,0.22209398930189694,0.22209399122614623,1.9242492876880846e-09,-0.015394052336192843,-0.015394052332604765,3.588077751581764e-12,-1.2294453596484178,-1.229445721029048,-3.613806300872824e-07
1.9445833333333333,0.8444444444444444,0.04,-0.7,2.0,0.3,0.04,0.01,3795,-0.6063995891708585,-0.6063995887269038,4.4395465081947805e-10,1.6542837211197536,1.6542838177828865,9.666313283140937e-08,0.2211521356382251,0.2211521375602651,1.9220399993802317e-09,-0.01538756400076835,-0.015387563997606813,3.161537004414683e-12,-1.2421204530596586,-1.242120817549913,-3.644902544230888e-07
1.96675,0.8444444444444444,0.04,-0.7,2.0,0.3,0.04,0.01,3797,-0.6047982850254652,-0.6047982844319827,5.934824853781606e-10,1.6484664522309345,1.648466541041352,8.881041746455764e-08,0.22020836609598637,0.2202083680120845,1.9160981135080135e-09,-0.015381880104081702,-0.015381880103392342,6.893600273949474e-13,-1.254787635647514,-1.2547880032403094,-3.675927953139535e-07
0.38183333333333336,0.8466666666666667,0.04,-0.7,2.0,0.3,0.04,0.01,3835,-0.8639479776925696,-0.8639480021806615,-2.4488091887597818e-08,2.1988066534195383,2.1988066997017164,4.6282178089995796e-08,0.18659316832786432,0.18659317300062597,4.672761649837653e-09,-0.009009679363403134,-0.009009679908676049,-5.452729153615499e-10,-0.26763048483202656,-0.2676306192322263,-1.3440019974719775e-07
0.3929166666666667,0.8466666666666667,0.04,-0.7,2.0,0.3,0.04,0.01,3836,-0.8596344800820832,-0.8596345037423987,-2.3660315484619332e-08,2.215073735545303,2.2150737892268504,5.3681547207418134e-08,0.19017474580412808,0.19017475045094798,4.646819901088506e-09,-0.009821935526566072,-0.00982193613064731,-6.040812381563621e-10,-0.2753395146551374,-0.27533965152183026,-1.3686669286805397e-07
0.4594166666666667,0.8466666666666667,0.04,-0.7,2.0,0.3,0.04,0.01,3842,-0.8347062603802913,-0.8347062795528851,-1.917259384587311e-08,2.2781598385535062,2.278159878125873,3.95723667168113e-08,0.20855130345748263,0.2085513079022207,4.444738077591381e-09,-0.013702400958048866,-0.013702401588141304,-6.300924382945938e-10,-0.3211112551446127,-0.3211114056279818,-1.5048336909906368e-07
0.6256666666666667,0.8466666666666667,0.04,-0.7,2.0,0.3,0.04,0.01,3857,-0.7803590596855425,-0.7803590702431487,-1.0557606122674201e-08,2.2806730726188107,2.2806731845231,1.1190428939045205e-07,0.23678695464268706,0.2367869583019835,3.659296449187721e-09,-0.017360274834066214,-0.01736027500615053,-1.7208431554727177e-10,-0.43372506299321767,-0.43372524182997224,-1.7883675457186499e-07
0.7475833333333334,0.8466666666666667,0.04,-0.7,2.0,0.3,0.04,0.01,3868,-0.7478443556963033,-0.7478443617623374,-6.066034119456276e-09,2.216515448960621,2.216515479002336,3.0041714893513927e-08,0.24692546755994416,0.2469254705710954,3.0111512450137212e-09,-0.01764680458288259,-0.017646804632159428,-4.927683608380029e-11,-0.5149071278756634,-0.5149073246287853,-1.9675312190603478e-07
0.8140833333333334,0.8466666666666667,0.04,-0.7,2.0,0.3,0.04,0.01,3874,-0.7325396570898035,-0.7325396613099199,-4.220116367470439e-09,2.172308427583758,2.1723084900691028,6.248534489827762e-08,0.250027361123617,0.25002736382375373,2.7001367253198794e-09,-0.017562218119493433,-0.017562218144351584,-2.48581502604317e-11,-0.5585561966789387,-0.5585564026748119,-2.05995873137077e-07
1.0800833333333333,0.8466666666666667,0.04,-0.7,2.0,0.3,0.04,0.01,3898,-0.6850978730513213,-0.6850978732572848,-2.0596346850254577e-10,1.9878718615640167,1.9878719146737305,5.310971373795326e-08,0.2521732156657297,0.2521732176188356,1.95310589923281e-09,-0.016855742191457246,-0.016855742188941453,2.5157931293762203e-12,-0.7280860254363364,-0.7280862671537459,-2.417174095326047e-07
1.1465833333333333,0.8466666666666667,0.04,-0.7,2.0,0.3,0.04,0.01,3904,-0.6759101673392554,-0.6759101672023851,1.3687029287723362e-10,1.9455622779496196,1.9455622639745613,-1.397505822176015e-08,0.25109367837006236,0.25109368025327067,1.8832083115150056e-09,-0.01667111127062748,-0.016671111267114926,3.512554830331638e-12,-0.7691952668026358,-0.7691955174538693,-2.506512334354838e-07
1.3793333333333333,0.8466666666666667,0.04,-0.7,2.0,0.3,0.04,0.01,3925,-0.6493009748226308,-0.6493009748204688,2.16204831815503e-12,1.8219408093322897,1.8219408800220975,7.068980778512923e-08,0.2447169146929662,0.2447169165304627,1.837496516055026e-09,-0.016124356190527767,-0.016124356183324962,7.202804325201484e-12,-0.9095430678882077,-0.9095433505325137,-2.8264430596003365e-07
1.5455833333333333,0.8466666666666667,0.04,-0.7,2.0,0.3,0.04,0.01,3940,-0.6338845155168249,-0.6338845160054883,-4.886634430434356e-10,1.759550605218152,1.7595504874712922,-1.1774685981791322e-07,0.2387068821349536,0.23870688403150006,1.8965464476661253e-09,-0.015853671062882047,-0.015853671056686527,6.195519791640791e-12,-1.0071198470185116,-1.0071201532408711,-3.062223594696434e-07
1.6564166666666666,0.8466666666666667,0.04,-0.7,2.0,0.3,0.04,0.01,3950,-0.6246141993593302,-0.6246141999228552,-5.635250044377926e-10,1.7272783980892825,1.727278435213952,3.7124669560739676e-08,0.23433145075052453,0.23433145268537595,1.9348514179728937e-09,-0.015726665044679677,-0.01572666503862666,6.053015727536248e-12,-1.071328097758395,-1.0713284198995603,-3.2214116529871717e-07
1.7783333333333333,0.8466666666666667,0.04,-0.7,2.0,0.3,0.04,0.01,3961,-0.6150371584001668,-0.6150371586752081,-2.750413230501181e-10,1.6960607807092742,1.696060805119518,2.441024382626722e-08,0.229300394624099,0.2293003965795728,1.9554737828997304e-09,-0.015628195479677753,-0.01562819547486393,4.81382295136612e-12,-1.1414338407633728,-1.141434180398758,-3.396353851492506e-07
1.8559166666666667,0.8466666666666667,0.04,-0.7,2.0,0.3,0.04,0.01,3968,-0.6091980965969301,-0.6091980965086019,8.832823361615283e-11,1.6766409205448696,1.6766409599598378,3.9414968178164145e-08,0.2260171496670793,0.22601715162017816,1.9530988493166035e-09,-0.015584017488412538,-0.015584017484377865,4.034673636854613e-12,-1.1858455367994014,-1.1858458874703397,-3.5067093828722307e-07
1.9224166666666667,0.8466666666666667,0.04,-0.7,2.0,0.3,0.04,0.01,3974,-0.6043241369202423,-0.6043241364389076,4.813347498355824e-10,1.6594719820517412,1.6594721037171218,1.2166538065905286e-07,0.22316931902549575,0.22316932096833975,1.942843996793897e-09,-0.015555698192337708,-0.01555569819018722,2.1504881209111204e-12,-1.2238209253551124,-1.2238212853794406,-3.600243281276505e-07
0.016083333333333335,0.8488888888888889,0.04,-0.7,2.0,0.3,0.04,0.01,3983,-0.9909776142162652,-0.9909776049777936,9.23847154332691e-09,-0.37210053094316464,-0.3721007435448897,-2.126017250581036e-07,-0.011235188569769239,-0.011235184128143089,4.441626150208933e-09,0.022444787741854322,0.022444533070394262,-2.546714600593081e-07,0.005405812728842552,0.005405797031538434,-1.569730411800363e-08
0.20450000000000002,0.8488888888888889,0.04,-0.7,2.0,0.3,0.04,0.01,4000,-0.9322583052512323,-0.9322583449328632,-3.968163087009202e-08,1.6638295130544378,1.663829486097704,-2.6956733734095906e-08,0.10354634067427648,0.10354634543517613,4.760899646738537e-09,0.0029563267857357634,0.0029563248209347414,-1.964801021967638e-09,-0.13637591224566203,-0.13637599284634574,-8.06006837106299e-08
0.8916666666666667,0.8488888888888889,0.04,-0.7,2.0,0.3,0.04,0.01,4062,-0.7119066040978117,-0.711906606378557,-2.280745259319872e-09,2.1210825651429843,2.1210826327529504,6.76099660701368e-08,0.2540692657515553,0.25406926815448455,2.4029292444716077e-09,-0.01781222288943507,-0.01781222289513737,-5.702299743504113e-12,-0.6052576883341931,-0.6052579041545575,-2.1582036435763285e-07
1.0135833333333333,0.8488888888888889,0.04,-0.7,2.0,0.3,0.04,0.01,4073,-0.6906911441725838,-0.6906911447680589,-5.954751136627578e-10,2.033370755105679,2.033370860624794,1.0551911522327373e-07,0.25456360363773634,0.2545636057056452,2.0679088441610816e-09,-0.017399296009523724,-0.017399296006877764,2.645959840119616e-12,-0.6826466492487748,-0.6826468813698219,-2.3212104705017111e-07
1.23525,0.8488888888888889,0.04,-0.7,2.0,0.3,0.04,0.01,4093,-0.66067106994111,-0.6606710695948012,3.463088704691586e-10,1.8931525513909975,1.8931525856205982,3.422960070942338e-08,0.2506027323359583,0.2506027341812817,1.8453233940896041e-09,-0.016701340911084994,-0.016701340903796432,7.288562114959873e-12,-0.8189714354506217,-0.8189716973740699,-2.619234482637012e-07
1.4015,0.8488888888888889,0.04,-0.7,2.0,0.3,0.04,0.01,4108,-0.6430836547782759,-0.6430836548172569,-3.898104061761387e-11,1.8124901579597008,1.8124900625559124,-9.540378842487485e-08,0.24536628124544047,0.24536628310400557,1.8585651073710352e-09,-0.016298440671802528,-0.016298440662933678,8.86885009876437e-12,-0.9179976949308388,-0.9179979798354017,-2.849045628305902e-07
1.4790833333333333,0.8488888888888889,0.04,-0.7,2.0,0.3,0.04,0.01,4115,-0.6358325064426129,-0.6358325067253813,-2.827683642792067e-10,1.7825207976329693,1.7825207648494938,-3.278347548985039e-08,0.24254867541345648,0.24254867729836374,1.884907258054014e-09,-0.016151506296302465,-0.01615150628843121,7.871255730540483e-12,-0.9634719245441015,-0.9634722203713761,-2.9582727467669656e-07
1.50125,0.8488888888888889,0.04,-0.7,2.0,0.3,0.04,0.01,4117,-0.633846609694455,-0.6338466100352892,-3.40834138690127e-10,1.774757341088673,1.7747573841900448,4.310137180496554e-08,0.24171186829929914,0.24171187019515405,1.895854917499662e-09,-0.016114187776916644,-0.016114187770652565,6.2640795328583465e-12,-0.9763939289397783,-0.9763942279059816,-2.9896620334923796e-07
1.734,0.8488888888888889,0.04,-0.7,2.0,0.3,0.04,0.01,4138,-0.6146629793615799,-0.6146629796613619,-2.997819770200749e-10,1.7076442648811252,1.7076442517737824,-1.3107342766716101e-08,0.23232530165451237,0.23232530362161166,1.9670992890130634e-09,-0.015832027660256376,-0.015832027654867496,5.38888031420548e-12,-1.1106725812118357,-1.110672913350496,-3.321386603527543e-07
1.8226666666666667,0.8488888888888889,0.04,-0.7,2.0,0.3,0.04,0.01,4146,-0.6079347021450965,-0.6079347020709567,7.413980540604825e-11,1.685011224994426,1.6850112804330695,5.543864345369798e-08,0.2285518235220496,0.2285518254964143,1.974364699508513e-09,-0.015767621259210607,-0.01576762125785314,1.357466222762227e-12,-1.1613595575307722,-1.161359902242345,-3.4471157284166054e-07
1.8780833333333333,0.8488888888888889,0.04,-0.7,2.0,0.3,0.04,0.01,4151,-0.6038478208075793,-0.6038478204232297,3.8434955218491496e-10,1.670597760128345,1.6705978251632823,6.503493721332632e-08,0.22616024622168496,0.22616024818981767,1.96813271235996e-09,-0.015736517205433564,-0.0157365172033475,2.0860639604602937e-12,-1.1929573872404564,-1.1929577397284823,-3.5248802587872774e-07
0.30425,0.8511111111111112,0.04,-0.7,2.0,0.3,0.04,0.01,4190,-0.8859228129329266,-0.8859228433166593,-3.0383732640970607e-08,2.1044548159654397,2.104454871148518,5.5183078107035044e-08,0.162412221546282,0.16241222659538027,5.049098278364639e-09,-0.004499785414280311,-0.004499785012376197,4.0190411328827613e-10,-0.20822718024698927,-0.20822729495194922,-1.1470495994703178e-07
0.34858333333333336,0.8511111111111112,0.04,-0.7,2.0,0.3,0.04,0.01,4194,-0.8674599498925684,-0.8674599763657461,-2.6473177761054956e-08,2.2090592466383896,2.209059349199567,1.0256117732865278e-07,0.18073616679881166,0.1807361717454165,4.946604847955172e-09,-0.008160627427700184,-0.008160627679623394,-2.519232097236701e-10,-0.2396610109431374,-0.23966113701554437,-1.2607240695849953e-07
0.6256666666666667,0.8511111111111112,0.04,-0.7,2.0,0.3,0.04,0.01,4219,-0.7701616772209929,-0.7701616870125352,-9.791542243675622e-09,2.307807611678925,2.3078077907548513,1.7907592653187976e-07,0.24180785560157236,0.24180785932833812,3.726765757106065e-09,-0.018652687961695502,-0.01865268813470575,-1.7301024848870306e-10,-0.42750603671315446,-0.42750621416343987,-1.774502854101634e-07
0.8140833333333334,0.8511111111111112,0.04,-0.7,2.0,0.3,0.04,0.01,4236,-0.7228611438139798,-0.7228611474320362,-3.618056410026327e-09,2.182754560431377,2.182754742795029,1.8236365217916273e-07,0.2542838147046034,0.2542838174156258,2.7110224065651778e-09,-0.018524933612651395,-0.01852493363158724,-1.8935845946810304e-11,-0.551634976529991,-0.5516351811230216,-2.0459303051723055e-07
0.8473333333333334,0.8511111111111112,0.04,-0.7,2.0,0.3,0.04,0.01,4239,-0.7159027739306323,-0.7159027768077005,-2.877068250306536e-09,2.157589296114537,2.1575892694593386,-2.6655198492875343e-08,0.25522142869327524,0.25522143126435903,2.5710837903147876e-09,-0.018405782783170732,-0.018405782791859542,-8.68881008808664e-12,-0.5731561796668005,-0.5731563887995716,-2.0913277110068407e-07
0.9249166666666667,0.8511111111111112,0.04,-0.7,2.0,0.3,0.04,0.01,4246,-0.7010511641969419,-0.7010511656860857,-1.4891438082642594e-09,2.0989175286700856,2.098917628624206,9.995412053598329e-08,0.256393765957208,0.2563937682511118,2.293903844652334e-09,-0.018103174844741332,-0.01810317484649437,-1.7530386864361702e-12,-0.6228703025393245,-0.6228705221276005,-2.1958827600698783e-07
1.0911666666666666,0.8511111111111112,0.04,-0.7,2.0,0.3,0.04,0.01,4261,-0.6747029609679989,-0.6747029608247321,1.43266731811309e-10,1.9806272344435882,1.9806273015061189,6.706253063981649e-08,0.2554206429150607,0.2554206448597023,1.9446415588930677e-09,-0.017451226236309125,-0.01745122623258714,3.721984526139366e-12,-0.7269829588257837,-0.7269832005890509,-2.417632671836145e-07
1.1244166666666666,0.8511111111111112,0.04,-0.7,2.0,0.3,0.04,0.01,4264,-0.6701706657818995,-0.6701706654969848,2.849147584527145e-10,1.9589304622869008,1.9589304761121091,1.3825208311502024e-08,0.2548176903002797,0.2548176922112558,1.9109760995839054e-09,-0.01732969734546952,-0.017329697339932237,5.537282438128344e-12,-0.7474172516008792,-0.74741749781571,-2.4621483074582784e-07
1.1465833333333333,0.8511111111111112,0.04,-0.7,2.0,0.3,0.04,0.01,4266,-0.6672644700481123,-0.6672644696966993,3.514130098025703e-10,1.9449071853028244,1.9449071440972714,-4.1205552969714176e-08,0.254358420508638,0.254358422400343,1.8917050148559156e-09,-0.01725109026684546,-0.01725109025959716,7.248299183082452e-12,-0.7609712756878606,-0.7609715248751752,-2.4918731456047283e-07
1.2241666666666666,0.8511111111111112,0.04,-0.7,2.0,0.3,0.04,0.01,4273,-0.6577480301334093,-0.6577480297149545,4.1845482634528253e-10,1.8988272842968001,1.8988273117410845,2.744428440060176e-08,0.2524427664851725,0.25244276833820567,1.8530331713506598e-09,-0.016992868904219804,-0.01699286889654849,7.671314972146348e-12,-0.8079946148986661,-0.8079948745634823,-2.596648162045412e-07
1.50125,0.8511111111111112,0.04,-0.7,2.0,0.3,0.04,0.01,4298,-0.629902220240508,-0.6299022205356226,-2.9511459942455076e-10,1.7751830228007748,1.7751830255767025,2.7759277099193014e-09,0.2430262042080189,0.24302620611724865,1.9092297465217456e-09,-0.016310704056832215,-0.016310704048234707,8.597508122099029e-12,-0.9715136386662104,-0.9715139367080768,-2.980418664089157e-07
1.70075,0.8511111111111112,0.04,-0.7,2.0,0.3,0.04,0.01,4316,-0.6134397218182652,-0.6134397220884394,-2.7017421633246386e-10,1.716667730189414,1.7166678076669968,7.747758279386119e-08,0.2349021837311227,0.23490218571195148,1.9808287787803636e-09,-0.01603538072880717,-0.01603538072309599,5.711178058254163e-12,-1.0863520849582753,-1.0863524112408742,-3.262825989391871e-07
1.8115833333333333,0.8511111111111112,0.04,-0.7,2.0,0.3,0.04,0.01,4326,-0.6050117848482861,-0.605011784671389,1.7689705256174193e-10,1.6877217845490122,1.6877219023749133,1.1782590103592838e-07,0.2301443169894224,0.23014431897731388,1.987891490307092e-09,-0.0159403272662062,-0.015940327263008522,3.1976782333131837e-12,-1.149584469742615,-1.1495848116445437,-3.419019287687064e-07
0.18233333333333335,0.8533333333333334,0.04,-0.7,2.0,0.3,0.04,0.01,4360,-0.9343159693245284,-0.9343160115342108,-4.220968241597234e-08,1.6519141998738718,1.6519140944857844,-1.0538808736804128e-07,0.0926661745871693,0.09266617924932881,4.6621595056750564e-09,0.003037995902066548,0.00303799142439771,-4.477668838140381e-09,-0.1169137947742982,-0.11691386795686952,-7.318257132238326e-08
0.3264166666666667,0.8533333333333334,0.04,-0.7,2.0,0.3,0.04,0.01,4373,-0.8717777636008117,-0.8717777916727572,-2.8071945434859913e-08,2.1993644128137646,2.1993645285838315,1.1577006686636082e-07,0.1749514250889983,0.17495143018586895,5.0968706477583225e-09,-0.007253185856370692,-0.007253185810133733,4.623695870620281e-11,-0.2217938995643931,-0.2217940200015406,-1.2043714750498147e-07
0.5148333333333334,0.8533333333333334,0.04,-0.7,2.0,0.3,0.04,0.01,4390,-0.7997708046408869,-0.7997708194066565,-1.4765769607016921e-08,2.3587063968655286,2.3587064728997094,7.6034180729323e-08,0.22855599321247588,0.22855599760947587,4.396999986333583e-09,-0.01793492918095163,-0.017934929642813107,-4.6186147614757367e-10,-0.3502980336872463,-0.350298192460829,-1.5877358267024633e-07
0.7143333333333334,0.8533333333333334,0.04,-0.7,2.0,0.3,0.04,0.01,4408,-0.7411172048227277,-0.7411172109127565,-6.090028814575987e-09,2.2633142915395865,2.2633143703552414,7.881565489142872e-08,0.25174681340944804,0.251746816640522,3.2310739639385133e-09,-0.01933429971651135,-0.019334299781236873,-6.472552355196726e-11,-0.4830504844241523,-0.48305067434404336,-1.899198910360056e-07
1.2685,0.8533333333333334,0.04,-0.7,2.0,0.3,0.04,0.01,4458,-0.6485518840154691,-0.6485518836006924,4.1477676848700185e-10,1.874202892881982,1.8742029057151717,1.2833189622085683e-08,0.25265382310790674,0.2526538249622112,1.854304487736158e-09,-0.017102219735942725,-0.017102219726715273,9.227452135718295e-12,-0.8301986686951035,-0.8301989336265755,-2.6493147198269895e-07
1.468,0.8533333333333334,0.04,-0.7,2.0,0.3,0.04,0.01,4476,-0.6288973547516341,-0.6288973549225677,-1.7093360060727036e-10,1.7870949442500006,1.7870948951912984,-4.9058702211723926e-08,0.24562617307488654,0.24562617498599343,1.911106883856206e-09,-0.01657272484245631,-0.016572724834044483,8.411826790677424e-12,-0.9473703503323772,-0.9473706427941975,-2.9246182031705814e-07
1.5566666666666666,0.8533333333333334,0.04,-0.7,2.0,0.3,0.04,0.01,4484,-0.6212145526340862,-0.6212145529514729,-3.1738667249925356e-10,1.757727552398336,1.757727678147762,1.257494259832015e-07,0.2421085205686624,0.24210852251730922,1.948646827232281e-09,-0.0164056613644048,-0.016405661356806142,7.598657814078535e-12,-0.9985922468552788,-0.9985925517454318,-3.0489015301338185e-07
1.6453333333333333,0.8533333333333334,0.04,-0.7,2.0,0.3,0.04,0.01,4492,-0.6139723604237091,-0.613972360701079,-2.773699048219669e-10,1.7319907508195342,1.7319908114555072,6.063597290939526e-08,0.23843324242850406,0.23843324440677027,1.978266217506075e-09,-0.01627438522444624,-0.016274385217760888,6.685353659552362e-12,-1.049447748555643,-1.0494480659207228,-3.1736507977164763e-07
1.6896666666666667,0.8533333333333334,0.04,-0.7,2.0,0.3,0.04,0.01,4496,-0.6104843975512919,-0.6104843977283264,-1.7703449817219052e-10,1.7199166757464468,1.7199167467605998,7.101415300247993e-08,0.2365492863470875,0.2365492883393569,1.992269405004521e-09,-0.016220383361187363,-0.016220383354654064,6.533298207989091e-12,-1.0747690382750807,-1.0747693618775462,-3.2360246549067995e-07
1.9778333333333333,0.8533333333333334,0.04,-0.7,2.0,0.3,0.04,0.01,4522,-0.5893966040154686,-0.5893966026205121,1.3949564836579498e-09,1.640025271143486,1.6400252950604335,2.3916947533564326e-08,0.22385120084594812,0.2238512028205391,1.974590990716507e-09,-0.016005873380020574,-0.0160058733743777,5.642875056111052e-12,-1.2383281672190272,-1.2383285306159302,-3.6339690301367966e-07
0.08258333333333334,0.8555555555555556,0.04,-0.7,2.0,0.3,0.04,0.01,4532,-0.9711840752776868,-0.9711841156430788,-4.0365392028895997e-08,0.7068846452629174,0.7068841853570925,-4.599058248677679e-07,0.009329684515640979,0.009329685100328763,5.846877842996534e-10,0.024699121477234076,0.02469916498646913,4.350923505508364e-08,-0.04730315759191028,-0.047303222985548794,-6.539363851115754e-08
0.2931666666666667,0.8555555555555556,0.04,-0.7,2.0,0.3,0.04,0.01,4551,-0.8812187173359853,-0.8812187482170626,-3.0881077250910494e-08,2.1550145723470138,2.1550146180250005,4.567798672638901e-08,0.1632041545898688,0.16320415987157935,5.281710541149565e-09,-0.005541126258945539,-0.005541125728159828,5.307857113903691e-10,-0.19596340468608364,-0.19596351627055994,-1.115844762977769e-07
0.3929166666666667,0.8555555555555556,0.04,-0.7,2.0,0.3,0.04,0.01,4560,-0.8393953879873295,-0.8393954101701778,-2.2182848335994265e-08,2.337408849806266,2.3374089289769864,7.91707202019154e-08,0.20182449231798127,0.20182449730839994,4.990418661643403e-09,-0.013313935980918679,-0.013313936600515835,-6.19597156567564e-10,-0.2653737041069526,-0.2653738393744424,-1.352674898202899e-07
0.4261666666666667,0.8555555555555556,0.04,-0.7,2.0,0.3,0.04,0.01,4563,-0.8264347106173853,-0.8264347304022551,-1.9784869853545217e-08,2.362969364622103,2.3629693653601196,7.380167588166842e-10,0.2114768656924504,0.21147687056490053,4.872450137805018e-09,-0.015347817022837162,-0.01534781770298487,-6.8014770725211e-10,-0.28789861468064837,-0.2878987566411757,-1.419605273333957e-07
0.43725,0.8555555555555556,0.04,-0.7,2.0,0.3,0.04,0.01,4564,-0.8222341986829917,-0.8222342177202391,-1.9037247334097174e-08,2.368628060356315,2.3686281613758857,1.0101957093056058e-07,0.21439766907854763,0.21439767390466982,4.826122196321947e-09,-0.015926569164603777,-0.01592656983802221,-6.734184321288694e-10,-0.2953724050455686,-0.29537254915058014,-1.441050115347231e-07
0.4594166666666667,0.8555555555555556,0.04,-0.7,2.0,0.3,0.04,0.01,4566,-0.8140136260198494,-0.8140136436270783,-1.7607228897098537e-08,2.3762920409176047,2.3762921344856363,9.356803154503268e-08,0.21982883912086137,0.21982884385114104,4.730279667963799e-09,-0.01693663558871572,-0.016936636222468302,-6.337525816635381e-10,-0.31028347602074513,-0.31028362430306405,-1.4828231892360932e-07
0.6256666666666667,0.8555555555555556,0.04,-0.7,2.0,0.3,0.04,0.01,4581,-0.7598482628534686,-0.7598482718687135,-9.01524488394756e-09,2.332884752043185,2.3328848168016036,6.475841862751963e-08,0.2467564497732333,0.24675645355695577,3.783722474226536e-09,-0.019935381782576478,-0.019935381951331276,-1.6875479832978435e-10,-0.42124930698883567,-0.42124948309094856,-1.7610211289209587e-07
0.936,0.8555555555555556,0.04,-0.7,2.0,0.3,0.04,0.01,4609,-0.6897775111025517,-0.6897775119872056,-8.846539056861502e-10,2.0935826183787754,2.0935826176744157,-7.043596816913578e-10,0.2602226094827742,0.26022261174233846,2.2595642579226194e-09,-0.018836288322998662,-0.01883628832016469,2.8339726398929344e-12,-0.6225061319831138,-0.6225063516877756,-2.197046617968823e-07
1.0579166666666666,0.8555555555555556,0.04,-0.7,2.0,0.3,0.04,0.01,4620,-0.6705550914432035,-0.6705550912105335,2.3266999438220637e-10,2.0028248948200655,2.0028249454598956,5.0639830107002126e-08,0.25932416940793734,0.25932417140065595,1.9927186012402842e-09,-0.0182209456411897,-0.01822094563125958,9.93011922689746e-12,-0.6985296223457893,-0.698529858278055,-2.3593226572415915e-07
1.16875,0.8555555555555556,0.04,-0.7,2.0,0.3,0.04,0.01,4630,-0.6558644646470491,-0.65586446408344,5.636090483207568e-10,1.9299755793511508,1.9299755112703514,-6.808079944242706e-08,0.2570136840920889,0.2570136859756172,1.8835282777907025e-09,-0.017725412408686747,-0.017725412397716554,1.0970193503601067e-11,-0.7661110230600121,-0.7661112737791128,-2.507191007028453e-07
1.2463333333333333,0.8555555555555556,0.04,-0.7,2.0,0.3,0.04,0.01,4637,-0.6468165289266747,-0.6468165284222269,5.044478168514388e-10,1.8853578975797092,1.885357852157491,-4.542221820891257e-08,0.2548203714722308,0.2548203733327332,1.8605024187934305e-09,-0.0174230944277598,-0.017423094414119995,1.363980456359215e-11,-0.8126199773927922,-0.8126202385512301,-2.6115843787533066e-07
1.2795833333333333,0.8555555555555556,0.04,-0.7,2.0,0.3,0.04,0.01,4640,-0.6431967638689806,-0.6431967634393284,4.2965220270474447e-10,1.8679225999296278,1.8679225924183431,-7.511284705330468e-09,0.253770370196027,0.2537703720605992,1.86457221884595e-09,-0.01730537523420006,-0.017305375224658116,9.541943624125082e-12,-0.8323693632675266,-0.8323696289355521,-2.656680254675692e-07
1.4458333333333333,0.8555555555555556,0.04,-0.7,2.0,0.3,0.04,0.01,4655,-0.6269123321958614,-0.6269123322671146,-7.125322554202285e-11,1.7953275477378128,1.7953275297457723,-1.79920405241063e-08,0.24780468140722656,0.24780468332163957,1.9144130170012374e-09,-0.016822591246690166,-0.016822591236076545,1.0613621093114034e-11,-0.9297173881467335,-0.9297176766322545,-2.8848552091620405e-07
1.4569166666666666,0.8555555555555556,0.04,-0.7,2.0,0.3,0.04,0.01,4656,-0.6259145416520617,-0.6259145417512467,-9.918499355165977e-11,1.79126820043507,1.7912681940953012,-6.33976871000641e-09,0.24737385475176454,0.24737385666940462,1.9176400745113398e-09,-0.016796422037113068,-0.01679642202643056,1.0682506962345073e-11,-0.9361362295565168,-0.9361365195761355,-2.900196187649584e-07
1.76725,0.8555555555555556,0.04,-0.7,2.0,0.3,0.04,0.01,4684,-0.6007823919454425,-0.6007823916720063,2.7343616260111503e-10,1.6989833595548731,1.698983424608952,6.505407879053848e-08,0.23431422564668125,0.23431422766567964,2.0189983851448545e-09,-0.0163078929762972,-0.016307892968781774,7.515425781701168e-12,-1.113577399607102,-1.1135777328769687,-3.332698668145895e-07
1.9113333333333333,0.8555555555555556,0.04,-0.7,2.0,0.3,0.04,0.01,4697,-0.5903672980442365,-0.590367296909898,1.134338512009947e-09,1.6582774320372806,1.658277484154875,5.2117594462330885e-08,0.22786267947771943,0.22786268148579458,2.008075150605748e-09,-0.01619550938636305,-0.016195509383888137,2.474912635941351e-12,-1.1950995262574593,-1.1950998792707814,-3.530133221296694e-07
1.9335,0.8555555555555556,0.04,-0.7,2.0,0.3,0.04,0.01,4699,-0.5888167357726015,-0.5888167344909011,1.2817004124698883e-09,1.6516514156350581,1.651651471768581,5.613352294098206e-08,0.2268606183333799,0.22686062033545917,2.0020792801389575e-09,-0.016182367393868802,-0.016182367389799113,4.069689030217205e-12,-1.2076186603918182,-1.2076190163961262,-3.560043080330644e-07
1.96675,0.8555555555555556,0.04,-0.7,2.0,0.3,0.04,0.01,4702,-0.5865151117911971,-0.586515110283034,1.508163038899113e-09,1.6414902770378603,1.6414902693023399,-7.7355204464169e-09,0.22535507764820384,0.2253550796397462,1.9915423477012695e-09,-0.0161644109328285,-0.01616441093043543,2.393068382344765e-12,-1.2263888750757568,-1.2263892355330988,-3.604573419746515e-07
0.016083333333333335,0.8577777777777779,0.04,-0.7,2.0,0.3,0.04,0.01,4707,-0.9944666209001085,-0.9944666171845002,3.715608265508763e-09,-0.40802800860273436,-0.4080284253658075,-4.167630731632954e-07,-0.013174015843775422,-0.013174011452922223,4.390853198393829e-09,0.021220332029614486,0.021220059194065777,-2.728355487091605e-07,0.00490133170827356,0.004901315080060248,-1.662821331148423e-08
0.03825,0.8577777777777779,0.04,-0.7,2.0,0.3,0.04,0.01,4709,-0.9860803191705236,-0.9860803371716774,-1.8001153789803936e-08,0.004041839085644483,0.004041335592217455,-5.034934270281913e-07,-0.009748654381525057,-0.009748652233758806,2.1477662513064155e-09,-0.0005573125930191658,-0.0005574397741899162,-1.271811707504334e-07,-0.004982856615792786,-0.004982927177360508,-7.056156772246303e-08
0.07150000000000001,0.8577777777777779,0.04,-0.7,2.0,0.3,0.04,0.01,4712,-0.9733701248626492,-0.9733701632170656,-3.8354416420638415e-08,0.5798981683735605,0.5798975573613472,-6.110122132696461e-07,0.002734195120590588,0.002734195473345679,3.5275509119650494e-10,0.02152301364188869,0.021523067926328594,5.42844399049891e-08,-0.03721096051734207,-0.03721103378571626,-7.326837418719645e-08
0.19341666666666668,0.8577777777777779,0.04,-0.7,2.0,0.3,0.04,0.01,4723,-0.9216187427510403,-0.9216187841294877,-4.137844744622754e-08,1.8233484444518666,1.823348443667109,-7.847575922426131e-10,0.10638803954521325,0.10638804464159694,5.096383690061934e-09,-6.311598022001874e-05,-6.311919068996427e-05,-3.2104699455284737e-09,-0.12156688354525436,-0.12156696240204176,-7.885678740549018e-08
0.271,0.8577777777777779,0.04,-0.7,2.0,0.3,0.04,0.01,4730,-0.8862771543199921,-0.8862771871611353,-3.284114324930698e-08,2.131814746952898,2.1318148600738316,1.1312093350923647e-07,0.15512537774653445,0.15512538317529356,5.428759108916381e-09,-0.004934133905065696,-0.004934133203554104,7.015115918718173e-10,-0.17791056406285533,-0.17791066935599462,-1.0529313929086292e-07
0.3596666666666667,0.8577777777777779,0.04,-0.7,2.0,0.3,0.04,0.01,4738,-0.8477411150145664,-0.8477411394670658,-2.4452499358673663e-08,2.32927931942406,2.329279371043465,5.1619404750624653e-08,0.19363922116794052,0.19363922635456488,5.186624352226943e-09,-0.011800224721247865,-0.011800225116027319,-3.947794539188587e-10,-0.24020917164052635,-0.24020929944112374,-1.2780059738259908e-07
0.7143333333333334,0.8577777777777779,0.04,-0.7,2.0,0.3,0.04,0.01,4770,-0.7310233229293472,-0.7310233283212155,-5.391868285187229e-09,2.2786234510352443,2.2786235439386133,9.290336899780982e-08,0.2562800530139797,0.2562800562644583,3.2504786084963655e-09,-0.02044259693079198,-0.0204425969910276,-6.023562204582333e-11,-0.4764364671019927,-0.4764366556717878,-1.8856979505654792e-07
0.90275,0.8577777777777779,0.04,-0.7,2.0,0.3,0.04,0.01,4787,-0.6909820208830797,-0.6909820220112514,-1.128171667197364e-09,2.1214974943450926,2.1214975419478996,4.760280702953423e-08,0.2619635489592431,0.26196355131867527,2.359432149656726e-09,-0.01941592304322004,-0.019415923041984383,1.2356574097260875e-12,-0.5978025324598901,-0.5978027470422278,-2.1458233767646107e-07
0.9803333333333334,0.8577777777777779,0.04,-0.7,2.0,0.3,0.04,0.01,4794,-0.6777851220873821,-0.6777851222791095,-1.9172741172468477e-10,2.0598470706900684,2.0598471003220395,2.9631971099064458e-08,0.26193104681854207,0.2619310489582479,2.139705856940566e-09,-0.018962967746338766,-0.018962967736967373,9.371392550860946e-12,-0.6465566578406357,-0.6465568827823891,-2.2494175344611733e-07
1.4901666666666666,0.8577777777777779,0.04,-0.7,2.0,0.3,0.04,0.01,4840,-0.6190194517494141,-0.6190194518626917,-1.132776095147392e-10,1.779767672127619,1.7797678000400428,1.2791242376408718e-07,0.24734735532550012,0.24734735727083404,1.9453339217267995e-09,-0.01691523910135606,-0.01691523909035285,1.100321223024281e-11,-0.9504767526055669,-0.9504770463244916,-2.937189247376182e-07
1.6675,0.8577777777777779,0.04,-0.7,2.0,0.3,0.04,0.01,4856,-0.6045467607995736,-0.604546760783358,1.621558443076765e-11,1.7262043794374904,1.7262044140061596,3.4568669260437446e-08,0.23984454701475588,0.23984454903208358,2.017327693781823e-09,-0.016593413955934277,-0.016593413950239378,5.694899413155596e-12,-1.051709007197088,-1.0517093254888639,-3.182917758248749e-07
1.7118333333333333,0.8577777777777779,0.04,-0.7,2.0,0.3,0.04,0.01,4860,-0.6011515549250723,-0.6011515547496397,1.7543266839226135e-10,1.713894243193792,1.7138942749200927,3.172630069769866e-08,0.23789283105035697,0.23789283307758088,2.027223916512e-09,-0.016535346029356024,-0.016535346022394586,6.961438370201023e-12,-1.076847362562472,-1.0768476869863555,-3.244238835353741e-07
1.83375,0.8577777777777779,0.04,-0.7,2.0,0.3,0.04,0.01,4871,-0.5921663927654919,-0.592166391949693,8.157988728996202e-10,1.6796552149145327,1.679655190368695,-2.4545837806755344e-08,0.23242284457297702,0.232422846606293,2.0333159878038742e-09,-0.01640991693474536,-0.016409916932495196,2.2501653318407477e-12,-1.1457649661145153,-1.1457653072628902,-3.411483748827493e-07
1.867,0.8577777777777779,0.04,-0.7,2.0,0.3,0.04,0.01,4874,-0.5897958440295725,-0.5897958430053826,1.0241899550678113e-09,1.6699498173178284,1.6699498195294091,2.2115806963540763e-09,0.23091183994350395,0.2309118419726093,2.029105355960681e-09,-0.01638291364819411,-0.016382913643808523,4.385585644639534e-12,-1.1645214314395802,-1.1645217770972862,-3.456577060134691e-07
1.9224166666666667,0.8577777777777779,0.04,-0.7,2.0,0.3,0.04,0.01,4879,-0.5859145312145375,-0.5859145298250406,1.3894969619343556e-09,1.6532476221353676,1.6532476559745493,3.383918167898514e-08,0.22838193581314892,0.22838193783523866,2.022089745645772e-09,-0.01634351601109696,-0.01634351600621138,4.885578053226425e-12,-1.195756198159037,-1.1957565512669628,-3.5310792578790995e-07
0.2599166666666667,0.86,0.04,-0.7,2.0,0.3,0.04,0.01,4910,-0.8865604845090247,-0.8865605182789872,-3.3769962493046535e-08,2.1410949180289407,2.1410950098875667,9.185862603899864e-08,0.1521319070207916,0.15213191256741884,5.546627240837765e-09,-0.0052276098116976755,-0.005227609148532176,6.631654990776892e-10,-0.16785348422948543,-0.16785358635705,-1.0212756457184113e-07
0.3929166666666667,0.86,0.04,-0.7,2.0,0.3,0.04,0.01,4922,-0.8288769998679446,-0.8288770212539877,-2.138604304757763e-08,2.395510317887428,2.3955104094013917,9.15139635182527e-08,0.20760928102436793,0.2076092861779725,5.153604570873327e-09,-0.015091055453886337,-0.015091056076008236,-6.221218991353528e-10,-0.2603056015434979,-0.2603057360160882,-1.344725902852062e-07
0.67,0.86,0.04,-0.7,2.0,0.3,0.04,0.01,4947,-0.7372617550405192,-0.7372617615738347,-6.533315555223851e-09,2.3221968459274933,2.3221969569517555,1.1102426222819872e-07,0.2555332564541102,0.25553325999228205,3.538171866601658e-09,-0.02115952493580986,-0.021159525036707035,-1.0089717603078974e-10,-0.44411309461200865,-0.4441132760598005,-1.8144779184714466e-07
0.70325,0.86,0.04,-0.7,2.0,0.3,0.04,0.01,4950,-0.7287015885920622,-0.7287015939933217,-5.401259439707928e-09,2.294933254542997,2.294933394703398,1.4016040106312744e-07,0.25784833870806656,0.257848342036452,3.328385456136118e-09,-0.02104126397450834,-0.021041264041475938,-6.696759813351605e-11,-0.46588228662047815,-0.46588247293175394,-1.8631127579604723e-07
0.7475833333333334,0.86,0.04,-0.7,2.0,0.3,0.04,0.01,4954,-0.718003060198591,-0.7180030642718591,-4.073268167203992e-09,2.2570227742324533,2.2570228635794676,8.934701423157776e-08,0.2602349167590834,0.26023491982282465,3.063741260689312e-09,-0.020816328668571416,-0.020816328706663157,-3.8091741566548265e-11,-0.4947547862038659,-0.4947549788462436,-1.926423776610342e-07
0.83625,0.86,0.04,-0.7,2.0,0.3,0.04,0.01,4962,-0.6988623423215268,-0.6988623443278119,-2.006285138023145e-09,2.1796205618151987,2.1796205703225504,8.507351711983802e-09,0.26305939537868417,0.2630593979913671,2.6126829588690725e-09,-0.02025843962916163,-0.02025843963431032,-5.148690501721731e-12,-0.5518876833074393,-0.5518878882399121,-2.049324727693147e-07
0.936,0.86,0.04,-0.7,2.0,0.3,0.04,0.01,4971,-0.6804682778921434,-0.6804682783633432,-4.711998569106868e-10,2.095387630074441,2.0953876694527933,3.937835213463359e-08,0.26391038962347846,0.26391039187357246,2.2500940000114156e-09,-0.019598390915975816,-0.01959839090832127,7.654547135027556e-12,-0.6150614190333914,-0.6150616374055943,-2.1837220287590497e-07
0.9803333333333334,0.86,0.04,-0.7,2.0,0.3,0.04,0.01,4975,-0.6732074891968587,-0.6732074892127002,-1.5841550293771434e-11,2.0599833727708017,2.05998340120426,2.84334582545398e-08,0.26370016133203666,0.26370016346620545,2.1341687861387015e-09,-0.01931611933791988,-0.019316119325801517,1.211836186953974e-11,-0.6427432153696677,-0.6427434396420796,-2.242724118639572e-07
1.1355,0.86,0.04,-0.7,2.0,0.3,0.04,0.01,4989,-0.6513672093982903,-0.6513672086975452,7.007451285900856e-10,1.9491120828440955,1.9491121065865518,2.3742456223274644e-08,0.26098906076216233,0.26098906266738553,1.905223201426054e-09,-0.018430292849647145,-0.018430292835511643,1.4135501796852523e-11,-0.7377267162728129,-0.7377269611346602,-2.4486184724281657e-07
1.5123333333333333,0.86,0.04,-0.7,2.0,0.3,0.04,0.01,5023,-0.6131783187399154,-0.6131783188070243,-6.710898503570206e-11,1.772532404187288,1.7725324245416256,2.035433754876692e-08,0.24769986357253693,0.24769986554060397,1.9680670426680535e-09,-0.017054317630882387,-0.017054317620324114,1.0558273005889518e-11,-0.9582882189207442,-0.958288514759751,-2.958390067364647e-07
1.5345,0.86,0.04,-0.7,2.0,0.3,0.04,0.01,5025,-0.6113218867229153,-0.6113218867982737,-7.535838619787683e-11,1.7654268658073846,1.7654268098080552,-5.59993293958172e-08,0.24676918842586604,0.24676919040578899,1.979922947814572e-09,-0.017004957699184864,-0.01700495768955142,9.633443348588955e-12,-0.970950386285363,-0.9709506851721382,-2.988867752184987e-07
1.7229166666666667,0.86,0.04,-0.7,2.0,0.3,0.04,0.01,5042,-0.5965127483342769,-0.5965127479552086,3.7906833227907555e-10,1.7104267779899374,1.7104267599717866,-1.8018150749199435e-08,0.23852418153308408,0.23852418357573835,2.0426542679530257e-09,-0.016688742275616786,-0.016688742270641366,4.975419382047264e-12,-1.0778279853262962,-1.0778283101147612,-3.2478846501149405e-07
1.7561666666666667,0.86,0.04,-0.7,2.0,0.3,0.04,0.01,5045,-0.5940471454488061,-0.5940471449051197,5.436864292107657e-10,1.7009867236961185,1.7009867492840982,2.5587979735064437e-08,0.23702204850012398,0.2370220505489287,2.04880470922042e-09,-0.01664862380262866,-0.01664862379671589,5.9127702733974274e-12,-1.0965890738451334,-1.0965894031741195,-3.293289860817339e-07
1.76725,0.86,0.04,-0.7,2.0,0.3,0.04,0.01,5046,-0.5932336192235321,-0.5932336186226306,6.009015507402182e-10,1.6978186023752784,1.6978186634331383,6.105785987919887e-08,0.23651903858501466,0.2365190406331609,2.0481462359445146e-09,-0.016636085761745356,-0.016636085755063326,6.682029929372391e-12,-1.1028382644556745,-1.1028385952915805,-3.3083590600391233e-07
1.9889166666666667,0.86,0.04,-0.7,2.0,0.3,0.04,0.01,5066,-0.5777423356187472,-0.5777423336059988,2.012748412383303e-09,1.6296729465903326,1.6296730317792432,8.518891059239309e-08,0.22630817655688862,0.22630817856762694,2.0107383258416434e-09,-0.016453596234089485,-0.01645359622975339,4.336093983869915e-12,-1.2275180251647422,-1.2275183856092693,-3.604445271143675e-07
0.11583333333333334,0.8622222222222222,0.04,-0.7,2.0,0.3,0.04,0.01,5078,-0.9509410909533389,-0.9509411409260248,-4.997268587825232e-08,1.357114109978852,1.3571138733473964,-2.3663145554131404e-07,0.0431126379475677,0.043112640374945804,2.4273781040751174e-09,0.014877553658615428,0.014877554764712213,1.106096785344346e-09,-0.06752771764484411,-0.0675277782094113,-6.056456719472081e-08
0.18233333333333335,0.8622222222222222,0.04,-0.7,2.0,0.3,0.04,0.01,5084,-0.9186243342815259,-0.918624377252514,-4.297098810113198e-08,1.879377692359796,1.8793777092437327,1.688393669319055e-08,0.10321945837249435,0.10321946350102942,5.128535068843476e-09,-0.0010558576754582383,-0.0010558622437835175,-4.568325279261792e-09,-0.11042922868492733,-0.11042930502514797,-7.634022064495483e-08
0.47050000000000003,0.8622222222222222,0.04,-0.7,2.0,0.3,0.04,0.01,5110,-0.7939167229939481,-0.7939167386630079,-1.566905982741673e-08,2.44368092983116,2.443680980539822,5.0708661714082837e-08,0.23061414290009852,0.23061414775400177,4.853903251555991e-09,-0.019772628147840532,-0.019772628749500115,-6.016595832658567e-10,-0.30938134655933425,-0.30938149522532626,-1.4866599201690534e-07
0.8916666666666667,0.8622222222222222,0.04,-0.7,2.0,0.3,0.04,0.01,5148,-0.6835303843313878,-0.6835303851645742,-8.331864087551821e-10,2.1334178479381904,2.1334178800023005,3.20641100337582e-08,0.26566935869248853,0.26566936107991557,2.387427033845313e-09,-0.020292878368244338,-0.02029287836336215,4.882188403554366e-12,-0.5834837382284741,-0.5834839500076349,-2.1177916076364767e-07
0.9914166666666667,0.8622222222222222,0.04,-0.7,2.0,0.3,0.04,0.01,5157,-0.6669125515268437,-0.6669125512848162,2.420275091452595e-10,2.051151981596888,2.051152043448443,6.185155498883432e-08,0.2653366247237776,0.26533662682453824,2.100760621015496e-09,-0.019590527560175985,-0.019590527548153096,1.202288962831588e-11,-0.6457809109694512,-0.6457811360551705,-2.2508571928536725e-07
1.335,0.8622222222222222,0.04,-0.7,2.0,0.3,0.04,0.01,5188,-0.6251903163412287,-0.6251903159656468,3.7558189891484517e-10,1.8398159773447276,1.8398159897846538,1.2439926200258355e-08,0.2560657051287052,0.25606570701993914,1.891233947226567e-09,-0.017784537909848463,-0.017784537896856915,1.2991548808960474e-11,-0.8513880140301189,-0.8513882848446382,-2.708145193652811e-07
1.7894166666666667,0.8622222222222222,0.04,-0.7,2.0,0.3,0.04,0.01,5229,-0.5878610427728637,-0.5878610418717347,9.011289492377728e-10,1.6903520583255727,1.6903521145504359,5.622486320966402e-08,0.23658121506231478,0.23658121712462696,2.0623121821383705e-09,-0.016772571428402827,-0.016772571423442913,4.959914423618983e-12,-1.1099315432547274,-1.1099318758549743,-3.3260024689951706e-07
0.02716666666666667,0.8644444444444445,0.04,-0.7,2.0,0.3,0.04,0.01,5251,-0.9921227144084332,-0.992122730499067,-1.6090633714327396e-08,-0.1550374467695903,-0.15503812799466946,-6.812250791521368e-07,-0.011699955864002964,-0.01169995247773411,3.3862688538638386e-09,-0.001255601315974797,-0.001255851757181709,-2.504412069119673e-07,0.0032078547861080775,0.0032078044488644277,-5.0337243649809654e-08
0.06041666666666667,0.8644444444444445,0.04,-0.7,2.0,0.3,0.04,0.01,5254,-0.9741090563400445,-0.9741090971526478,-4.081260329691361e-08,0.5388074375556329,0.5388068952735868,-5.422820460454503e-07,-0.0011670494425020106,-0.0011670489668632901,4.756387204669227e-10,0.01248231768502528,0.012482359704718659,4.201969337931655e-08,-0.024984495961694053,-0.024984579014316995,-8.305262294214244e-08
0.08258333333333334,0.8644444444444445,0.04,-0.7,2.0,0.3,0.04,0.01,5256,-0.9638784272412992,-0.9638784759068745,-4.8665575236306324e-08,0.944270509006806,0.9442700758161876,-4.3319061837632233e-07,0.014256753187308346,0.014256753893690416,7.063820691571854e-10,0.021247390776107933,0.02124743553347736,4.475736942871622e-08,-0.04418255494811896,-0.04418262602277461,-7.107465565397986e-08
0.63675,0.8644444444444445,0.04,-0.7,2.0,0.3,0.04,0.01,5306,-0.7358243152935651,-0.7358243223166735,-7.023108428150238e-09,2.3675782390153444,2.3675783064885962,6.747325187461684e-08,0.2574380506453755,0.2574380544343456,3.788970082130305e-09,-0.022443676367112086,-0.022443676511546256,-1.4443416948561882e-10,-0.41589371850253576,-0.4158938936989762,-1.7519644046615213e-07
0.9581666666666667,0.8644444444444445,0.04,-0.7,2.0,0.3,0.04,0.01,5335,-0.6675394738753226,-0.6675394737372449,1.3807777143881594e-10,2.0776168341285484,2.0776169197733294,8.564478104489126e-08,0.26739025040911635,0.2673902525821808,2.1730644506057217e-09,-0.020175656172405354,-0.020175656160320354,1.2084999667649754e-11,-0.6213672658877956,-0.6213674859125655,-2.2002476995908182e-07
1.23525,0.8644444444444445,0.04,-0.7,2.0,0.3,0.04,0.01,5360,-0.6312570973646126,-0.6312570966529585,7.1165406900775e-10,1.8880828844825004,1.8880828763497586,-8.132741813327016e-09,0.26102672767536195,0.26102672955104517,1.8756832198540963e-09,-0.018442767559245787,-0.01844276754301993,1.6225857463192384e-11,-0.7886151974148548,-0.7886154541117539,-2.566968991812857e-07
1.2685,0.8644444444444445,0.04,-0.7,2.0,0.3,0.04,0.01,5363,-0.6277453793687715,-0.6277453787496654,6.191060997196018e-10,1.870741356269079,1.8707413377737203,-1.849535857800788e-08,0.2598766470063296,0.25987664888648243,1.8801528112177834e-09,-0.018284740433416324,-0.018284740418912787,1.450353726006881e-11,-0.8081160688835909,-0.8081163300059487,-2.611223578474764e-07
1.4015,0.8644444444444445,0.04,-0.7,2.0,0.3,0.04,0.01,5375,-0.6148921328230639,-0.6148921325968478,2.262160458954554e-10,1.8117254585447995,1.8117254449115963,-1.363320323299888e-08,0.25481141449512634,0.25481141642609867,1.930972326480429e-09,-0.017754843306960755,-0.01775484329361966,1.33410955893698e-11,-0.885166236840873,-0.8851665157951165,-2.789542434822323e-07
1.4125833333333333,0.8644444444444445,0.04,-0.7,2.0,0.3,0.04,0.01,5376,-0.6138935383581678,-0.613893538157657,2.0051083016170423e-10,1.8074629348774351,1.8074628968480835,-3.802935166774546e-08,0.2543621166367638,0.2543621185738752,1.9371114157173963e-09,-0.01771765999802888,-0.017717659982474154,1.5554724175359524e-11,-0.891527169727957,-0.8915274501784564,-2.804504993791923e-07
1.5234166666666666,0.8644444444444445,0.04,-0.7,2.0,0.3,0.04,0.01,5386,-0.6043844116254693,-0.6043844115277021,9.776723874921345e-11,1.7689248066332652,1.7689248551615826,4.8528317364571194e-08,0.24969696193449797,0.24969696392998994,1.9954919661113735e-09,-0.017398306964844235,-0.017398306955025013,9.819221824525215e-12,-0.9547374239177175,-0.954737719359616,-2.954418985012808e-07
1.7450833333333333,0.8644444444444445,0.04,-0.7,2.0,0.3,0.04,0.01,5406,-0.5872943503276717,-0.5872943495079339,8.197378331686878e-10,1.7024061937931378,1.7024062841552488,9.036211090496238e-08,0.23970623723168494,0.23970623930545715,2.073772209509883e-09,-0.016987429883041916,-0.016987429877112208,5.929708113416865e-12,-1.079682054170028,-1.0796823795792143,-3.254091862636699e-07
1.83375,0.8644444444444445,0.04,-0.7,2.0,0.3,0.04,0.01,5414,-0.5809819693372575,-0.5809819679811434,1.3561141098961116e-09,1.6753093301513644,1.6753093973902897,6.723892531645959e-08,0.23556028764304404,0.23556028972017362,2.077129579447501e-09,-0.016881855043338057,-0.016881855037927787,5.410269454664274e-12,-1.1293679540644308,-1.1293682912894716,-3.372250407807087e-07
0.03825,0.8666666666666667,0.04,-0.7,2.0,0.3,0.04,0.01,5433,-0.9855314836128282,-0.9855315132366681,-2.9623839936654406e-08,0.12977382224388379,0.12977307598733975,-7.462565440319313e-07,-0.009249573252045895,-0.00924957116725663,2.0847892648334643e-09,-0.005287122759184415,-0.005287259857791282,-1.3709860686734326e-07,-0.0035286523850097673,-0.0035287269688884025,-7.458387863519197e-08
0.138,0.8666666666666667,0.04,-0.7,2.0,0.3,0.04,0.01,5442,-0.9329334463686889,-0.9329334961197334,-4.9751044506329833e-08,1.7140370844881403,1.7140369594214235,-1.2506671676071335e-07,0.06893588633732906,0.06893589015066137,3.8133323165823185e-09,0.005359313952069122,0.005359306632255067,-7.319814055231633e-09,-0.07849630596204471,-0.07849637139466961,-6.543262490166235e-08
0.18233333333333335,0.8666666666666667,0.04,-0.7,2.0,0.3,0.04,0.01,5446,-0.9100165877284905,-0.9100166308166951,-4.3088204670915786e-08,1.994161213936252,1.994161179658439,-3.427781281040154e-08,0.10865604727877676,0.10865605263464591,5.3558691509580925e-09,-0.00325903359910118,-0.003259038161439469,-4.562338289278156e-09,-0.10705843583896923,-0.10705851382189123,-7.798292199490131e-08
0.6589166666666667,0.8666666666666667,0.04,-0.7,2.0,0.3,0.04,0.01,5489,-0.7245940661398942,-0.724594071960545,-5.820650850196785e-09,2.356470329978322,2.356470404718089,7.473976726402043e-08,0.26157955088340623,0.261579554522438,3.6390317426082675e-09,-0.022963131381670276,-0.022963131488875996,-1.0720571999578432e-10,-0.42714916473007847,-0.4271493426271177,-1.778970392107837e-07
0.6810833333333334,0.8666666666666667,0.04,-0.7,2.0,0.3,0.04,0.01,5491,-0.7188569665866895,-0.7188569716530222,-5.066332686709529e-09,2.335663973340729,2.3356640463384846,7.299775539593156e-08,0.2631463027932823,0.26314630628206176,3.4887794320148657e-09,-0.022839281602071715,-0.022839281684491935,-8.242021995452653e-11,-0.44156529638655906,-0.4415654775574142,-1.811708551513469e-07
0.936,0.8666666666666667,0.04,-0.7,2.0,0.3,0.04,0.01,5514,-0.6664953812937635,-0.6664953811869618,1.0680167861210066e-10,2.0960956914617412,2.0960957654410763,7.397933510233656e-08,0.2692992220632018,0.2692992242887425,2.2255406961768642e-09,-0.02071119236002339,-0.020711192344706267,1.5317122570301933e-11,-0.603830107949177,-0.6038303243878986,-2.1643872161192235e-07
1.23525,0.8666666666666667,0.04,-0.7,2.0,0.3,0.04,0.01,5541,-0.627062433974368,-0.6270624332182393,7.56128715195814e-10,1.8871048168556115,1.8871048134547914,-3.4008200699986446e-09,0.26245680879805056,0.26245681067399224,1.875941679774229e-09,-0.018680791457337254,-0.01868079144232017,1.5017084797896985e-11,-0.7842475101221824,-0.7842477660811698,-2.5595898733854483e-07
1.2463333333333333,0.8666666666666667,0.04,-0.7,2.0,0.3,0.04,0.01,5542,-0.6258896393512847,-0.6258896386294257,7.218590170054995e-10,1.881240463408318,1.881240455952191,-7.45612704911025e-09,0.26206975907189234,0.2620697609488299,1.8769375498273178e-09,-0.018623817989449343,-0.018623817973030865,1.6418477688517896e-11,-0.7907363080436602,-0.7907365654708576,-2.5742719733656827e-07
1.2685,0.8666666666666667,0.04,-0.7,2.0,0.3,0.04,0.01,5544,-0.6235891118266945,-0.6235891111718531,6.548414033247241e-10,1.8698909087788707,1.8698909748805772,6.610170655285685e-08,0.2612775688323743,0.26127757071663726,1.8842629678772482e-09,-0.018513691342758598,-0.018513691324772114,1.7986483830112476e-11,-0.8036787217016728,-0.8036789820672338,-2.6036556100006436e-07
1.468,0.8666666666666667,0.04,-0.7,2.0,0.3,0.04,0.01,5562,-0.6050658048883939,-0.6050658046992794,1.8911450183622946e-10,1.787160242017194,1.7871602935991664,5.158197247112639e-08,0.2533143256300274,0.25331432760708594,1.9770585168998878e-09,-0.017736084671482466,-0.017736084658508927,1.2973538909832882e-11,-0.9183773778773108,-0.9183776649037485,-2.8702643772859915e-07
1.96675,0.8666666666666667,0.04,-0.7,2.0,0.3,0.04,0.01,5607,-0.56834329335953,-0.5683432909512351,2.40829489683847e-09,1.6284329329430136,1.628432932762539,-1.8047452421399157e-10,0.23022122462718064,0.23022122668380593,2.056625286739333e-09,-0.016908721924557835,-0.01690872191987373,4.6841037992795265e-12,-1.198139443459867,-1.1981397965782177,-3.531183507821112e-07
0.17125,0.8688888888888889,0.04,-0.7,2.0,0.3,0.04,0.01,5626,-0.9112877348849135,-0.911287779732621,-4.484770743662381e-08,1.9976426846035622,1.9976426604333626,-2.417019961953315e-08,0.10207768671943729,0.10207769192133231,5.201895025841452e-09,-0.0029888364244667898,-0.002988842376024911,-5.951558121330969e-09,-0.09798020038559452,-0.09798027569084233,-7.53052478152938e-08
0.18233333333333335,0.8688888888888889,0.04,-0.7,2.0,0.3,0.04,0.01,5627,-0.9055212786038269,-0.9055213216919539,-4.308812695530406e-08,2.0516163823369737,2.0516164182509793,3.59140055472551e-08,0.1114084319772668,0.11140843744629549,5.469028688254163e-09,-0.0043965639995313666,-0.004396568542989204,-4.5434578373887424e-09,-0.10534420140873024,-0.10534428022542242,-7.881669217280063e-08
0.23775000000000002,0.8688888888888889,0.04,-0.7,2.0,0.3,0.04,0.01,5632,-0.8775769837615632,-0.8775770191118879,-3.535032466750465e-08,2.255934461459219,2.2559345537236335,9.226441433085597e-08,0.15100998521727638,0.15100999117722158,5.959945204025985e-09,-0.008192568637377384,-0.008192568457005582,1.803718025633616e-10,-0.14391164322585803,-0.143911739728451,-9.650259297222519e-08
0.30425,0.8688888888888889,0.04,-0.7,2.0,0.3,0.04,0.01,5638,-0.8457059778307907,-0.8457060055310316,-2.770024087883627e-08,2.4151620758861014,2.4151621652431747,8.935707329627007e-08,0.18614227555835416,0.18614228136882344,5.8104692723937035e-09,-0.012394459002751379,-0.012394458699579797,3.031715815893232e-10,-0.19044534096207544,-0.1904454551996095,-1.142375340712487e-07
0.6810833333333334,0.8688888888888889,0.04,-0.7,2.0,0.3,0.04,0.01,5672,-0.7136592754888871,-0.7136592801988223,-4.709935219615602e-09,2.3421794448363897,2.342179518362757,7.352636721691397e-08,0.2653636548355376,0.2653636583241794,3.4886418198709634e-09,-0.023401166619474445,-0.02340116670119809,-8.1723645212195e-11,-0.4382808172842534,-0.43828099783838154,-1.8055412814854677e-07
0.7143333333333334,0.8688888888888889,0.04,-0.7,2.0,0.3,0.04,0.01,5675,-0.7055266617692069,-0.7055266654707592,-3.701552286905496e-09,2.308892449454092,2.308892602588971,1.5313487899959455e-07,0.26724114715215297,0.26724115041751056,3.265357595427787e-09,-0.023140118086684147,-0.02314011813456012,-4.787597401856303e-11,-0.45977201101637943,-0.4597721963938867,-1.853775072890862e-07
0.9249166666666667,0.8688888888888889,0.04,-0.7,2.0,0.3,0.04,0.01,5694,-0.6636517513283757,-0.6636517511440854,1.8429036074962823e-10,2.10554407797936,2.105544074490393,-3.4889668931725737e-09,0.2711253625842236,0.2711253648315796,2.2473560234992362e-09,-0.021172905411981358,-0.021172905397161896,1.4819461630066755e-11,-0.5931974234177351,-0.5931976377553406,-2.1433760555300552e-07
1.1909166666666666,0.8688888888888889,0.04,-0.7,2.0,0.3,0.04,0.01,5718,-0.6276678672981206,-0.6276678663846066,9.135140421889787e-10,1.9106824622472374,1.9106824666588775,4.4116401642924075e-09,0.2653939628738389,0.2653939647496343,1.8757954078907346e-09,-0.01917023154607289,-0.01917023152713582,1.8937070661584343e-11,-0.7538880878302234,-0.7538883372240142,-2.4939379072996815e-07
1.2906666666666666,0.8688888888888889,0.04,-0.7,2.0,0.3,0.04,0.01,5727,-0.61721530368819,-0.6172153030610534,6.271365649013205e-10,1.8582240413067552,1.858224050313478,9.006722700988234e-09,0.26183024875059413,0.26183025063875864,1.888164513630386e-09,-0.018629589237928457,-0.0186295892198815,1.8046956290485028e-11,-0.8120871323596957,-0.8120873949080125,-2.625483168650078e-07
1.5455833333333333,0.8688888888888889,0.04,-0.7,2.0,0.3,0.04,0.01,5750,-0.5947435818476343,-0.5947435815167728,3.3086156037143155e-10,1.761314327719532,1.7613143612254718,3.3505939800448914e-08,0.25111074445277604,0.25111074648171106,2.0289350199931278e-09,-0.0177023293801426,-0.01770232936951639,1.0626211716102674e-11,-0.9573363089288023,-0.9573366053967328,-2.9646793053839104e-07
1.56775,0.8688888888888889,0.04,-0.7,2.0,0.3,0.04,0.01,5752,-0.5929891201950088,-0.5929891198095636,3.854452312879175e-10,1.7543480002046863,1.7543480776514588,7.74467725506156e-08,0.2501076893035581,0.2501076913441923,2.0406342171597203e-09,-0.01764709053941882,-0.017647090528902225,1.05165945396557e-11,-0.9698037896163636,-0.9698040890418383,-2.9942547474792747e-07
1.6675,0.8688888888888889,0.04,-0.7,2.0,0.3,0.04,0.01,5761,-0.5853759172780304,-0.5853759165291207,7.489097120227939e-10,1.7237324123620112,1.7237325419973821,1.2963537088239718e-07,0.24550226929986874,0.2455022713813436,2.0814748535880057e-09,-0.017436165773709877,-0.017436165765203782,8.506095133808955e-12,-1.02571417463726,-1.0257144873458486,-3.1270858857901374e-07
1.734,0.8688888888888889,0.04,-0.7,2.0,0.3,0.04,0.01,5767,-0.580526120985414,-0.5805261198799944,1.1054196447091158e-09,1.7032257659810313,1.7032256919719202,-7.40091110618124e-08,0.24236505940744557,0.24236506150429288,2.0968473068982973e-09,-0.017324202139235023,-0.017324202129846727,9.388295696410864e-12,-1.06285916226051,-1.0628594837715752,-3.215110653265185e-07
0.10475000000000001,0.8711111111111112,0.04,-0.7,2.0,0.3,0.04,0.01,5801,-0.9440694840752439,-0.9440695391761739,-5.510092992988547e-08,1.4973643630566968,1.497364097865318,-2.651913788564997e-07,0.039946959279613115,0.03994696134578705,2.0661739333349693e-09,0.01394352270256416,0.013943533514935031,1.0812370871901567e-08,-0.05597790330685859,-0.05597797075092309,-6.74440644998775e-08
0.11583333333333334,0.8711111111111112,0.04,-0.7,2.0,0.3,0.04,0.01,5802,-0.9376592687242169,-0.9376593227645905,-5.4040373620445337e-08,1.6349141845894977,1.6349140040919843,-1.8049751338011788e-07,0.05124987028481964,0.051249873044227144,2.7594075011072583e-09,0.010208805310413238,0.010208805929738008,6.193247702873661e-10,-0.06258089378291531,-0.06258096000718293,-6.622426761138112e-08
0.47050000000000003,0.8711111111111112,0.04,-0.7,2.0,0.3,0.04,0.01,5834,-0.7718374009954565,-0.7718374149116914,-1.3916234942179528e-08,2.522609593436087,2.522609684872791,9.143670398614745e-08,0.24139736475692342,0.24139736980631404,5.049390627842598e-09,-0.02296673128537874,-0.02296673187179403,-5.864152913259701e-10,-0.2981223737233418,-0.29812252028994163,-1.4656659980127884e-07
0.57025,0.8711111111111112,0.04,-0.7,2.0,0.3,0.04,0.01,5843,-0.7389626832404739,-0.7389626918732463,-8.632772385830378e-09,2.455762504460779,2.455762642224301,1.3776352192351737e-07,0.2576017927616303,0.257601797084143,4.322512681120827e-09,-0.02437881871597547,-0.024378818998365175,-2.8238970536942354e-10,-0.3630792640291203,-0.36307942711716695,-1.6308804667852783e-07
0.5924166666666667,0.8711111111111112,0.04,-0.7,2.0,0.3,0.04,0.01,5845,-0.7323818962370887,-0.7323819038876577,-7.650568956130144e-09,2.435991336424692,2.4359914628208132,1.2639612112508303e-07,0.26016194815042804,0.26016195230479144,4.154363408837014e-09,-0.02440212404558606,-0.024402124271439108,-2.2585304806921336e-10,-0.377500342913506,-0.3775005094854806,-1.6657197460245854e-07
0.7254166666666667,0.8711111111111112,0.04,-0.7,2.0,0.3,0.04,0.01,5857,-0.697808378589404,-0.6978083816576205,-3.0682164586792737e-09,2.302026153033765,2.3020262771279234,1.2409415850456185e-07,0.2698713116219831,0.2698713148091411,3.187158037487592e-09,-0.02356016478716194,-0.023560164823624948,-3.646300622550669e-11,-0.4635420709495075,-0.4635422573080477,-1.8635854021065157e-07
0.7586666666666667,0.8711111111111112,0.04,-0.7,2.0,0.3,0.04,0.01,5860,-0.6903592841056572,-0.6903592863475034,-2.2418462641837777e-09,2.2673918076421273,2.2673919144044934,1.0676236605888789e-07,0.2711254125398188,0.2711254155193858,2.9795669820309456e-09,-0.023229602554852846,-0.023229602573592873,-1.874002689139509e-11,-0.48483961142875565,-0.4848398024941925,-1.9106543686087107e-07
0.8140833333333334,0.8711111111111112,0.04,-0.7,2.0,0.3,0.04,0.01,5865,-0.6788759339534933,-0.6788759350658752,-1.1123818532965402e-09,2.210752164666374,2.210752151165768,-1.3500605966498824e-08,0.2724490214034425,0.272449024082696,2.6792534857378314e-09,-0.022656084592564962,-0.022656084591594888,9.700747150009903e-13,-0.520077610880465,-0.5200778096391334,-1.9875866841267964e-07
0.936,0.8711111111111112,0.04,-0.7,2.0,0.3,0.04,0.01,5876,-0.6571807507754768,-0.6571807503162314,4.5924541947073294e-10,2.0953305757132057,2.0953306185303346,4.281712895348733e-08,0.2727937657726054,0.2727937679721695,2.1995640864247434e-09,-0.021431997178633644,-0.021431997158604076,2.002956828173197e-11,-0.5963033241354609,-0.5963035393287343,-2.1519327331187554e-07
0.9803333333333334,0.8711111111111112,0.04,-0.7,2.0,0.3,0.04,0.01,5880,-0.6503284789088903,-0.6503284781333226,7.755677211562784e-10,2.05736205849405,2.0573620931183254,3.462427544675961e-08,0.27226710115318964,0.2722671032425397,2.089350081835306e-09,-0.021022914883372934,-0.02102291486095187,2.24210650046075e-11,-0.6235491466330401,-0.6235493677005493,-2.2106750918737816e-07
1.16875,0.8711111111111112,0.04,-0.7,2.0,0.3,0.04,0.01,5897,-0.6258954055052279,-0.6258954044946523,1.0105756231837404e-09,1.9224956682162286,1.922495702509875,3.4293646367089536e-08,0.26757276596595103,0.26757276784278106,1.876830024727383e-09,-0.019558619287762813,-0.01955861926774196,2.002085303098866e-11,-0.7365769105904807,-0.7365771563734282,-2.457829475499551e-07
1.23525,0.8711111111111112,0.04,-0.7,2.0,0.3,0.04,0.01,5903,-0.6186799366753037,-0.6186799358394786,8.358251868401112e-10,1.8849824034994356,1.8849824851049073,8.160547171343069e-08,0.26527077331056637,0.2652707751850068,1.874440436200331e-09,-0.0191489337156292,-0.019148933696478722,1.9150479813045962e-11,-0.775494049082559,-0.7754943035825556,-2.544999965214956e-07
0.03825,0.8733333333333334,0.04,-0.7,2.0,0.3,0.04,0.01,5976,-0.9842260113830659,-0.984226051602691,-4.0219625185855534e-08,0.26893084148493784,0.26892999537049,-8.46114447838886e-07,-0.008425448850546413,-0.008425446796404413,2.054142000593173e-09,-0.009983706238947399,-0.009983850383288249,-1.4414434085056882e-07,-0.0019214908041076395,-0.0019215685947450167,-7.779063737720256e-08
0.04933333333333333,0.8733333333333334,0.04,-0.7,2.0,0.3,0.04,0.01,5977,-0.9758643458830651,-0.9758643932273174,-4.7344252296355194e-08,0.5389696439150882,0.5389689127090308,-7.312060573694268e-07,-0.0037742830655274062,-0.0037742820082053694,1.0573220367814107e-09,-0.002201018493852569,-0.002201038882493554,-2.038864098516044e-08,-0.011576417752873214,-0.011576506451841521,-8.869896830736301e-08
0.8695,0.8733333333333334,0.04,-0.7,2.0,0.3,0.04,0.01,6051,-0.6636602585069484,-0.6636602585476953,-4.074685033828018e-11,2.1566393337835166,2.156639427258063,9.347454632546714e-08,0.2747993753376976,0.27479937775360386,2.4159062528283926e-09,-0.02248139349181333,-0.022481393478635623,1.3177705454614497e-11,-0.5513112256408381,-0.5513114313375174,-2.0569667924519308e-07
1.3460833333333333,0.8733333333333334,0.04,-0.7,2.0,0.3,0.04,0.01,6094,-0.6037436995706691,-0.6037436990058569,5.64812197012543e-10,1.8319615213702178,1.8319614235181836,-9.785203425316524e-08,0.26226449555522,0.2622644974732853,1.9180652621741956e-09,-0.018787196507386028,-0.0187871964878054,1.9580628785043075e-11,-0.8348192011167765,-0.8348194693853083,-2.6826853172234877e-07
1.3793333333333333,0.8733333333333334,0.04,-0.7,2.0,0.3,0.04,0.01,6097,-0.6007450391357083,-0.6007450386378641,4.978442103009684e-10,1.8184708905355507,1.8184708901131132,-4.224374183792179e-10,0.2608624090966183,0.260862411037221,1.940602734062935e-09,-0.0186375597174826,-0.018637559698323074,1.9159524661249705e-11,-0.8537409975756249,-0.8537412702047775,-2.7262915258674525e-07
1.6231666666666666,0.8733333333333334,0.04,-0.7,2.0,0.3,0.04,0.01,6119,-0.5809885061100473,-0.5809885052481858,8.618614710798056e-10,1.7353806003317374,1.735380689672753,8.934101569657571e-08,0.24979229476473908,0.2497922968457408,2.0810017320460616e-09,-0.017857745595040164,-0.0178577455871295,7.910665178467724e-12,-0.9906687106420176,-0.9906690152809547,-3.046389371874625e-07
1.8448333333333333,0.8733333333333334,0.04,-0.7,2.0,0.3,0.04,0.01,6139,-0.5653897593915769,-0.565389757216819,2.1747578182740313e-09,1.6622028198298722,1.6622029151770168,9.534714462411387e-08,0.23902418004179138,0.23902418215833265,2.116541275576367e-09,-0.017474538307749032,-0.017474538304143784,3.6052480445469826e-12,-1.1137314112316665,-1.1137317445322483,-3.3330058180069955e-07
1.9778333333333333,0.8733333333333334,0.04,-0.7,2.0,0.3,0.04,0.01,6151,-0.5568287234739011,-0.5568287204884933,2.9854078098523473e-09,1.6135747904488795,1.613574783396251,-7.052628481218903e-09,0.23245165955476654,0.23245166164004305,2.0852765070245027e-09,-0.01732371918639064,-0.017323719183270365,3.1202748718150985e-12,-1.1874279910420449,-1.18742834102893,-3.499868850287413e-07
2.0,0.8733333333333334,0.04,-0.7,2.0,0.3,0.04,0.01,6153,-0.5554540467037072,-0.5554540435973474,3.106359836024808e-09,1.6051303786124294,1.6051303705345528,-8.077876589851485e-09,0.2313568192557902,0.23135682133089375,2.0751035334498624e-09,-0.017302461354784526,-0.01730246135127415,3.510376017645811e-12,-1.1997120869974842,-1.1997124397153869,-3.527179026630023e-07
0.43725,0.8755555555555556,0.04,-0.7,2.0,0.3,0.04,0.01,6193,-0.772728230008235,-0.7727282451329227,-1.5124687724465957e-08,2.5741283715685626,2.5741284458793374,7.431077486685922e-08,0.23932634859030744,0.23932635394147472,5.351167287059866e-09,-0.023489225733364094,-0.023489226384185637,-6.508215424916308e-10,-0.2709523878483,-0.2709525276525966,-1.398042965838897e-07
0.48158333333333336,0.8755555555555556,0.04,-0.7,2.0,0.3,0.04,0.01,6197,-0.7566404752876177,-0.7566404876460706,-1.2358452927685448e-08,2.551747785295433,2.551747878054885,9.275945211939529e-08,0.24885797399232246,0.24885797903872275,5.0464002976369216e-09,-0.024819433122602597,-0.024819433670737058,-5.481344614310935e-10,-0.2996071992714122,-0.2996073467314451,-1.4746003290655452e-07
0.50375,0.8755555555555556,0.04,-0.7,2.0,0.3,0.04,0.01,6199,-0.7490559836942356,-0.7490559947982594,-1.1104023700525545e-08,2.5362344113766255,2.5362345089653426,9.758871710729977e-08,0.25287499839155014,0.2528750032720174,4.880467252554865e-09,-0.025233654824818874,-0.025233655299855974,-4.75037099934017e-10,-0.31393190026318685,-0.31393205144572955,-1.511825427069624e-07
1.1465833333333333,0.8755555555555556,0.04,-0.7,2.0,0.3,0.04,0.01,6257,-0.6198415869709817,-0.6198415858091214,1.1618602746565898e-09,1.9331820200196859,1.9331820021591617,-1.786052417074302e-08,0.2711952085907021,0.27119521046238637,1.8716842520305477e-09,-0.020219025594625517,-0.020219025571495713,2.3129803627952583e-11,-0.7150903815650311,-0.7150906230985121,-2.415334809935388e-07
1.3571666666666666,0.8755555555555556,0.04,-0.7,2.0,0.3,0.04,0.01,6276,-0.598673900194524,-0.5986738995930488,6.01475202977042e-10,1.826613371669339,1.826613351572641,-2.0096697861404778e-08,0.2630715751927859,0.2630715771234416,1.930655690873806e-09,-0.01893636983968383,-0.018936369821076136,1.8607695245753675e-11,-0.8365030382506689,-0.8365033071544147,-2.6890374582588805e-07
1.9224166666666667,0.8755555555555556,0.04,-0.7,2.0,0.3,0.04,0.01,6327,-0.5567016884622245,-0.5567016856259951,2.8362293624795143e-09,1.6306200389948344,1.6306200920730347,5.307820027944388e-08,0.2361156607680326,0.23611566288219907,2.114166480771118e-09,-0.01752273326521836,-0.01752273326298715,2.231208273695273e-12,-1.1511773650033086,-1.1511777066338869,-3.4163057827107934e-07
0.06041666666666667,0.8777777777777778,0.04,-0.7,2.0,0.3,0.04,0.01,6340,-0.9644458470391137,-0.9644459052583275,-5.8219213783239354e-08,0.9339311463074651,0.9339304699191547,-6.763883103610979e-07,0.004774444506278064,0.004774445139518658,6.332405945094766e-10,0.004315197803111959,0.0043152458245621856,4.802145022689969e-08,-0.020141549388064117,-0.020141641162100644,-9.177403652652072e-08
0.07150000000000001,0.8777777777777778,0.04,-0.7,2.0,0.3,0.04,0.01,6341,-0.9563059655415262,-0.95630602574334,-6.020181375632205e-08,1.1704145763680174,1.170413966269697,-6.100983203083388e-07,0.013427471986793282,0.013427472641823292,6.550300093999262e-10,0.011063441578001987,0.011063501854229545,6.027622755783169e-08,-0.029651550293857687,-0.029651636913049326,-8.661919163877041e-08
0.17125,0.8777777777777778,0.04,-0.7,2.0,0.3,0.04,0.01,6350,-0.8924673876167799,-0.8924674323496475,-4.473286763229112e-08,2.236834356628137,2.236834391753367,3.5125230279930975e-08,0.11302027104809209,0.11302027668071091,5.632618815809565e-09,-0.007835981326309582,-0.00783598710824249,-5.781932908149878e-09,-0.09119669103441197,-0.0911967702391954,-7.920478342637871e-08
0.24883333333333335,0.8777777777777778,0.04,-0.7,2.0,0.3,0.04,0.01,6357,-0.8509967870881652,-0.8509968197282278,-3.264006265268904e-08,2.4661017172800115,2.4661018025659054,8.528589390266461e-08,0.16953344069980947,0.1695334470300557,6.330246243857474e-09,-0.013241461885582506,-0.013241461437628471,4.4795403497666086e-10,-0.1434489142071449,-0.1434490150684495,-1.008613046138418e-07
0.34858333333333336,0.8777777777777778,0.04,-0.7,2.0,0.3,0.04,0.01,6366,-0.8032235779284469,-0.8032235995090227,-2.1580575770840937e-08,2.595590881115939,2.5955910755295157,1.944135767928401e-07,0.21576317905669384,0.21576318497179628,5.915102435638531e-09,-0.019608856002828468,-0.01960885630964831,-3.0681984383718053e-10,-0.21069217071512103,-0.2106922938281745,-1.2311305347401102e-07
0.5924166666666667,0.8777777777777778,0.04,-0.7,2.0,0.3,0.04,0.01,6388,-0.7160453378873832,-0.7160453443290345,-6.441651323463304e-09,2.4641700013816603,2.464170032327718,3.0946057716363384e-08,0.2671873286697046,0.26718733284632723,4.176622603324631e-09,-0.02632221166476434,-0.02632221188232225,-2.1755791265731794e-10,-0.36811982493445417,-0.36811998981327665,-1.6487882248394925e-07
0.7475833333333334,0.8777777777777778,0.04,-0.7,2.0,0.3,0.04,0.01,6402,-0.6775716560228351,-0.6775716576398096,-1.6169745542526925e-09,2.287134520662093,2.2871345668437364,4.61816433983131e-08,0.2767824495034099,0.2767824525124821,3.0090722136222325e-09,-0.02479663975291091,-0.024796639766167274,-1.3256364755909189e-11,-0.4674782483365947,-0.4674784361022964,-1.8776570170908613e-07
1.10225,0.8777777777777778,0.04,-0.7,2.0,0.3,0.04,0.01,6434,-0.6206801762687064,-0.6206801749752747,1.2934316950818925e-09,1.960390050292915,1.9603900266386367,-2.3654278313856025e-08,0.2740729101799455,0.2740729120636801,1.883734612739829e-09,-0.020834504301792123,-0.020834504275417137,2.6374985528931916e-11,-0.684828048888031,-0.6848282840146357,-2.351266047417866e-07
1.3793333333333333,0.8777777777777778,0.04,-0.7,2.0,0.3,0.04,0.01,6459,-0.5926661714178438,-0.5926661707763242,6.415196152076419e-10,1.8169573068327338,1.8169572573894914,-4.944324238920217e-08,0.26335622453493857,0.26335622648365786,1.9487192970402134e-09,-0.01902847495655058,-0.019028474933465718,2.3084860412136976e-11,-0.8443899815543943,-0.8443902525069059,-2.7095251164954703e-07
1.5788333333333333,0.8777777777777778,0.04,-0.7,2.0,0.3,0.04,0.01,6477,-0.5765714896066587,-0.5765714886269973,9.79661463063053e-10,1.747233813187421,1.7472338662461362,5.305871519922789e-08,0.2541111309350974,0.2541111330147241,2.0796266930744878e-09,-0.018302088424793084,-0.018302088411860016,1.2933067811138343e-11,-0.9558817906685224,-0.9558820874062286,-2.9673770618465767e-07
1.63425,0.8777777777777778,0.04,-0.7,2.0,0.3,0.04,0.01,6482,-0.5724725257238994,-0.5724725244779593,1.245940128846712e-09,1.7289944587162154,1.728994529052774,7.033655857746623e-08,0.2514225691063743,0.2514225712092575,2.1028832009051257e-09,-0.018159515425275607,-0.01815951541600488,9.270726547550012e-12,-0.9865894781158069,-0.9865897819815476,-3.038657406806422e-07
1.7894166666666667,0.8777777777777778,0.04,-0.7,2.0,0.3,0.04,0.01,6496,-0.5616627932500395,-0.561662791061984,2.188055514551479e-09,1.6759914400754639,1.6759915764298452,1.3635438134151912e-07,0.243726600359373,0.24372660249760345,2.138230453807566e-09,-0.017851919886791023,-0.017851919881631713,5.159310478841661e-12,-1.072293218028486,-1.0722935416389967,-3.236105106108056e-07
1.8005,0.8777777777777778,0.04,-0.7,2.0,0.3,0.04,0.01,6497,-0.560924901420734,-0.5609248991630197,2.2577143488078377e-09,1.6720297313366217,1.6720298610446485,1.2970802676370852e-07,0.24317036995263885,0.24317037209228987,2.1396510119231493e-09,-0.017833977942194323,-0.017833977937116212,5.078111542378139e-12,-1.0784066858057773,-1.078407010809127,-3.250033497881333e-07
0.07150000000000001,0.88,0.04,-0.7,2.0,0.3,0.04,0.01,6522,-0.9536146711014437,-0.9536147336942133,-6.259276963405114e-08,1.2522814285542694,1.2522808292294723,-5.99324797123657e-07,0.014927193199010258,0.014927193913683657,7.146733985857745e-10,0.009418884259065896,0.009418945072797039,6.081373114287525e-08,-0.028548798997052316,-0.0285488872227263,-8.822567398522607e-08
0.09366666666666668,0.88,0.04,-0.7,2.0,0.3,0.04,0.01,6524,-0.937252629309715,-0.9372526906137669,-6.13040519459318e-08,1.6481119080591355,1.6481115824228423,-3.256362932635426e-07,0.03643207511477842,0.036432076815179903,1.7004014862820327e-09,0.011083230714581394,0.011083256996171147,2.6281589753443524e-08,-0.04414582353493013,-0.04414590051456915,-7.697963902431049e-08
0.14908333333333335,0.88,0.04,-0.7,2.0,0.3,0.04,0.01,6529,-0.9005234634734682,-0.9005235127655812,-4.929211294690816e-08,2.191379722127351,2.191379656446563,-6.568078836366453e-08,0.09488466763185599,0.09488467258277423,4.950918244817082e-09,-0.0051541316170578,-0.0051541393350225,-7.717964699630042e-09,-0.07595234041507526,-0.07595241555323563,-7.513816037418852e-08
0.63675,0.88,0.04,-0.7,2.0,0.3,0.04,0.01,6573,-0.6985499512518478,-0.6985499556364828,-4.384634988419123e-09,2.420730316199382,2.4207305270358415,2.108364594022305e-07,0.27329500016742836,0.27329500397642686,3.808998505494543e-09,-0.026618278832490905,-0.02661827895824846,-1.257575536761646e-10,-0.39342221023030977,-0.39342238132900303,-1.7109869326903393e-07
0.7586666666666667,0.88,0.04,-0.7,2.0,0.3,0.04,0.01,6584,-0.6701607062012394,-0.6701607073015673,-1.10032793987358e-09,2.2762719653623975,2.276271968263835,2.9014373126301507e-09,0.2790368991514858,0.27903690207437687,2.9228910958245535e-09,-0.025120462111005715,-0.025120462116423686,-5.417971626897611e-12,-0.4710483386571873,-0.47104852742007114,-1.887628838237454e-07
0.7919166666666667,0.88,0.04,-0.7,2.0,0.3,0.04,0.01,6587,-0.6634570146901719,-0.6634570151769894,-4.868174752203913e-10,2.238518059805017,2.238518072713551,1.2908534241518055e-08,0.27969047164150274,0.27969047437614575,2.7346430120367415e-09,-0.02466841698911537,-0.02466841698264313,6.4722428805286114e-12,-0.4919855540935769,-0.49198574748615065,-1.9339257373296448e-07
0.9138333333333334,0.88,0.04,-0.7,2.0,0.3,0.04,0.01,6598,-0.6420091881759182,-0.6420091872258649,9.500533693085345e-10,2.111897501322346,2.1118975310477612,2.972541501833348e-08,0.27981636281038114,0.27981636501258655,2.202205418022629e-09,-0.023086288429563506,-0.02308628840382324,2.5740267556306762e-11,-0.5676217514033466,-0.5676219612836446,-2.098802980299297e-07
1.2130833333333333,0.88,0.04,-0.7,2.0,0.3,0.04,0.01,6625,-0.6041805560730307,-0.6041805550017675,1.071263189267313e-09,1.891672662956978,1.891672637043151,-2.591382708416745e-08,0.27157953409906455,0.27157953595682677,1.857762221835202e-09,-0.02020865666668703,-0.020208656640252974,2.6434056332735878e-11,-0.7451886395046237,-0.7451888882604264,-2.4875580273420184e-07
1.7118333333333333,0.88,0.04,-0.7,2.0,0.3,0.04,0.01,6670,-0.5631702160108221,-0.5631702141315106,1.8793114842097225e-09,1.7006283381526544,1.7006283766321657,3.847951135504957e-08,0.24861159181543968,0.2486115939519618,2.1365221258839995e-09,-0.018145061753960245,-0.01814506174576005,8.200193996055205e-12,-1.0242403318549975,-1.0242406444224688,-3.125674712389781e-07
0.537,0.8822222222222222,0.04,-0.7,2.0,0.3,0.04,0.01,6745,-0.7213743073158918,-0.7213743153837825,-8.067890688856494e-09,2.543738686355823,2.5437387704446164,8.408879326182728e-08,0.26534431954550186,0.2653443242051845,4.659682639740481e-09,-0.02768624927679264,-0.027686249637841723,-3.610490829919488e-10,-0.3263774643877393,-0.3263776194747839,-1.5508704459543665e-07
0.7365,0.8822222222222222,0.04,-0.7,2.0,0.3,0.04,0.01,6763,-0.6697428636462388,-0.6697428649268907,-1.2806519178454323e-09,2.3039279095637966,2.30392803576257,1.261987736533854e-07,0.28037336235325894,0.28037336539784813,3.0445891918695622e-09,-0.025897729825641314,-0.025897729843199782,-1.7558468567990815e-11,-0.45360719097886637,-0.45360737607639284,-1.8509752647277722e-07
1.9889166666666667,0.8822222222222222,0.04,-0.7,2.0,0.3,0.04,0.01,6876,-0.5419113330967784,-0.5419113294359014,3.6608770459523043e-09,1.5914457196508636,1.5914457994692253,7.981836169790313e-08,0.23539535840999548,0.2353953605241178,2.1141223216503136e-09,-0.017848796463049155,-0.017848796458759437,4.289717886463151e-12,-1.1711298984495855,-1.1711302435942132,-3.4514462776691346e-07
0.17125,0.8844444444444445,0.04,-0.7,2.0,0.3,0.04,0.01,6893,-0.8769606098338323,-0.8769606540536607,-4.421982846558592e-08,2.4148538779744655,2.41485392981406,5.183959439492014e-08,0.12141103821500243,0.12141104414626025,5.931257818225788e-09,-0.011694915590665378,-0.011694921113740006,-5.523074627852842e-09,-0.08594446121279464,-0.08594454347170072,-8.225890607560515e-08
0.47050000000000003,0.8844444444444445,0.04,-0.7,2.0,0.3,0.04,0.01,6920,-0.7375087571673267,-0.7375087683332817,-1.1165955049463605e-08,2.623017841818509,2.623017933217162,9.139865309037987e-08,0.2569419159517694,0.2569419211916552,5.2398858030322515e-09,-0.027688167784367668,-0.027688168343041695,-5.58674027179018e-10,-0.28102009456049126,-0.2810202382865136,-1.4372602236134568e-07
1.1465833333333333,0.8844444444444445,0.04,-0.7,2.0,0.3,0.04,0.01,6981,-0.6026868887804016,-0.6026868874209989,1.3594027015173538e-09,1.9264473571922736,1.926447370753071,1.3560797373912692e-08,0.2768163850791483,0.2768163869126895,1.8335412077519209e-09,-0.021205445208671847,-0.021205445180806203,2.7865643820179642e-11,-0.698212099753126,-0.6982123386378869,-2.388847608614242e-07
1.2574166666666666,0.8844444444444445,0.04,-0.7,2.0,0.3,0.04,0.01,6991,-0.5914654921038154,-0.5914654910597891,1.044026309848789e-09,1.8663571077492946,1.8663571193588042,1.1609509575905008e-08,0.2723996972803233,0.2723996991408602,1.860536891218345e-09,-0.020333835172858805,-0.02033383514609804,2.6760763743860494e-11,-0.7617377862659258,-0.7617380392479312,-2.5298200534429327e-07
1.3460833333333333,0.8844444444444445,0.04,-0.7,2.0,0.3,0.04,0.01,6999,-0.5834132167101269,-0.583413215805737,9.043898963057018e-10,1.8271483492871,1.82714836473644,1.5449340029505265e-08,0.26850489518698284,0.26850489710751513,1.920532288757215e-09,-0.01977926568780264,-0.019779265665027614,2.277502492153971e-11,-0.8117557411851939,-0.811756005405094,-2.64219900070195e-07
0.8140833333333334,0.8866666666666667,0.04,-0.7,2.0,0.3,0.04,0.01,7132,-0.6444473794975369,-0.644447378964173,5.333639085947084e-10,2.2132107591055217,2.213210758107185,-9.983365245602727e-10,0.28534515055217424,0.2853451530955901,2.543415866806953e-09,-0.02559744562868893,-0.025597445606276456,2.2412474653954462e-11,-0.49516773326568897,-0.49516792809253385,-1.9482684487925894e-07
1.10225,0.8866666666666667,0.04,-0.7,2.0,0.3,0.04,0.01,7158,-0.6032871067962464,-0.6032871052686389,1.527607484952398e-09,1.9528431760562626,1.9528431611305523,-1.4925710223323563e-08,0.279794935969524,0.27979493779823755,1.828713569462792e-09,-0.02186872785137073,-0.021868727818009477,3.336125126152112e-11,-0.6682908138705423,-0.6682910464643089,-2.325937665803579e-07
1.23525,0.8866666666666667,0.04,-0.7,2.0,0.3,0.04,0.01,7170,-0.5894259142727454,-0.5894259131164732,1.156272189106744e-09,1.8757562780802317,1.87575619995236,-7.812787172767344e-08,0.27461366515685315,0.27461366699798856,1.841135410796113e-09,-0.02070647069252196,-0.02070647066508722,2.7434741978193955e-11,-0.7447266259494323,-0.7447268754002034,-2.494507711503502e-07
1.4901666666666666,0.8866666666666667,0.04,-0.7,2.0,0.3,0.04,0.01,7193,-0.56766462481872,-0.5676646235818718,1.2368482904534517e-09,1.7716704325820842,1.7716704638734617,3.1291377489139904e-08,0.2628205512114623,0.26282055324683656,2.0353742580248024e-09,-0.019274217042120068,-0.01927421702533022,1.678984729025501e-11,-0.887063206967964,-0.88706348841842,-2.814504559411901e-07
1.50125,0.8866666666666667,0.04,-0.7,2.0,0.3,0.04,0.01,7194,-0.566817864543212,-0.5668178632651878,1.2780242419907495e-09,1.7677273478344802,1.7677273550492452,7.214765007645951e-09,0.26227345391566237,0.262273455955791,2.040128621594306e-09,-0.01923054858465889,-0.019230548566893213,1.7765677817749292e-11,-0.8931697070538314,-0.8931699898873413,-2.8283350994584566e-07
1.5899166666666666,0.8866666666666667,0.04,-0.7,2.0,0.3,0.04,0.01,7202,-0.56027157494698,-0.5602715732477521,1.6992278695227014e-09,1.736346344483053,1.7363462959740283,-4.850902457498307e-08,0.25782807628105253,0.2578280783839002,2.1028476737683377e-09,-0.018922656452313724,-0.01892265644037196,1.1941763550238349e-11,-0.941877022304638,-0.9418773161652809,-2.9386064293035474e-07
1.70075,0.8866666666666667,0.04,-0.7,2.0,0.3,0.04,0.01,7212,-0.5525990729657315,-0.5525990705989531,2.3667784398995195e-09,1.6961342275134683,1.6961343311302366,1.0361676827663757e-07,0.25213796594231175,0.2521379680900441,2.147732325319396e-09,-0.018622101194687435,-0.018622101186388042,8.299392423305463e-12,-1.0025210435626875,-1.0025213510826072,-3.0751991975108695e-07
1.9889166666666667,0.8866666666666667,0.04,-0.7,2.0,0.3,0.04,0.01,7238,-0.53486050429985,-0.5348605003576563,3.942193682604511e-09,1.5813025999733554,1.581302590386148,-9.587207472350201e-09,0.2370673403806478,0.23706734250994504,2.129297238528949e-09,-0.018104770511950807,-0.018104770506488982,5.4618254363703045e-12,-1.1599768606368466,-1.1599772026320643,-3.419952177008412e-07
0.02716666666666667,0.888888888888889,0.04,-0.7,2.0,0.3,0.04,0.01,7242,-0.990618549121941,-0.9906186131831267,-6.406118568946795e-08,0.3954437527431409,0.395442479063774,-1.273679366919911e-06,-0.011372243152174555,-0.011372240026512494,3.125662060773915e-09,-0.023073856393884817,-0.023074175109042524,-3.187151577065117e-07,0.00914843792026998,0.00914837941140163,-5.850886835093161e-08
1.1355,0.888888888888889,0.04,-0.7,2.0,0.3,0.04,0.01,7342,-0.5953112672318905,-0.5953112657390744,1.492816092962812e-09,1.9294477571207835,1.9294477409093995,-1.6211384012976282e-08,0.2799463237226907,0.2799463255315188,1.808828142824126e-09,-0.02178639215366651,-0.021786392119119695,3.45468167961549e-11,-0.6833716087381592,-0.6833718449204805,-2.3618232136701778e-07
1.2574166666666666,0.888888888888889,0.04,-0.7,2.0,0.3,0.04,0.01,7353,-0.5831770006645143,-0.5831769994945701,1.169944141565793e-09,1.8634107090687024,1.8634107043567905,-4.711911971710947e-09,0.27491715956784457,0.2749171614120809,1.8442363192150424e-09,-0.02075115202171407,-0.020751151994833916,2.6880154352371122e-11,-0.7528457096853125,-0.752845961193978,-2.5150866544976225e-07
1.335,0.888888888888889,0.04,-0.7,2.0,0.3,0.04,0.01,7360,-0.5762471776538103,-0.5762471765715496,1.0822607254823424e-09,1.8290626901951157,1.8290626170813238,-7.31137919096625e-08,0.2714066069203769,0.27140660882411693,1.903740054487457e-09,-0.02022879186380777,-0.02022879183940186,2.4405911319691498e-11,-0.796353501066327,-0.7963537622722664,-2.6120593943357306e-07
1.43475,0.888888888888889,0.04,-0.7,2.0,0.3,0.04,0.01,7369,-0.568023358808456,-0.5680233576048934,1.2035625829298624e-09,1.7901787052743146,1.7901787610897952,5.5815480681786767e-08,0.26664573987478235,0.26664574186179735,1.987014996984726e-09,-0.019689157574331873,-0.019689157551772044,2.2559829004897836e-11,-0.8516850284615018,-0.8516853020760063,-2.73614504497921e-07
1.5123333333333333,0.888888888888889,0.04,-0.7,2.0,0.3,0.04,0.01,7376,-0.5620602218769921,-0.5620602203968601,1.4801320169510745e-09,1.761927659327256,1.7619277014471326,4.2119876697555014e-08,0.26279769763715155,0.2627976996901898,2.053038239413496e-09,-0.019355029704237747,-0.019355029689954766,1.4282981047886167e-11,-0.8943729185637017,-0.8943732017766834,-2.832129817331719e-07
1.56775,0.888888888888889,0.04,-0.7,2.0,0.3,0.04,0.01,7381,-0.5579982800346661,-0.5579982782798453,1.7548208441908741e-09,1.741982325054181,1.7419823835370452,5.8482864107034516e-08,0.2599889470128458,0.25998894910597353,2.0931277266988957e-09,-0.019153939171678847,-0.01915393915702013,1.465871521388884e-11,-0.9247332328049529,-0.9247335228470821,-2.900421292029165e-07
1.9556666666666667,0.888888888888889,0.04,-0.7,2.0,0.3,0.04,0.01,7416,-0.5332230533014459,-0.5332230493523349,3.949111038181741e-09,1.5899971284039083,1.5899972150338328,8.662992456720531e-08,0.2396367847687375,0.23963678691493223,2.1461947219414412e-09,-0.018278622614942286,-0.018278622609699726,5.242559858453788e-12,-1.1362694155728215,-1.1362697521384355,-3.3656561404526997e-07
0.09366666666666668,0.8911111111111112,0.04,-0.7,2.0,0.3,0.04,0.01,7429,-0.9165943858707726,-0.9165944527158276,-6.6845055046727e-08,2.0765371533393306,2.0765370196667305,-1.3367260009999882e-07,0.047002904574461324,0.047002906731057816,2.156596491664775e-09,0.002199430010896286,0.002199456298175251,2.6287278964698402e-08,-0.0371292383644084,-0.03712932398871229,-8.562430389019715e-08
0.18233333333333335,0.8911111111111112,0.04,-0.7,2.0,0.3,0.04,0.01,7437,-0.8536047435331318,-0.8536047845828062,-4.104967443741003e-08,2.6162947475150133,2.616294851902159,1.0438714559413143e-07,0.13973807548278705,0.1397380819410883,6.458301254896881e-09,-0.016832354279294748,-0.016832358131013896,-3.851719148489918e-09,-0.08739838009058642,-0.08739846780347776,-8.771289133902016e-08
0.5148333333333334,0.8911111111111112,0.04,-0.7,2.0,0.3,0.04,0.01,7467,-0.7053672952442303,-0.7053673026354984,-7.391268153078556e-09,2.6111515116777895,2.611151545257849,3.358005962184052e-08,0.2716644420450165,0.2716644469221652,4.877148684911958e-09,-0.030388666318603708,-0.030388666726902686,-4.0829897796079706e-10,-0.30028842349622,-0.3002885731665965,-1.496703765369034e-07
0.5813333333333334,0.8911111111111112,0.04,-0.7,2.0,0.3,0.04,0.01,7473,-0.6858915272883737,-0.6858915317715579,-4.483184268266882e-09,2.5216105314918025,2.521610656288537,1.2479673472398645e-07,0.2795220786439012,0.279522082890417,4.246515805661488e-09,-0.030124112502527556,-0.030124112721155918,-2.186283619420859e-10,-0.3422494273111476,-0.3422495874645833,-1.6015343567987728e-07
0.6035,0.8911111111111112,0.04,-0.7,2.0,0.3,0.04,0.01,7475,-0.6799511228164357,-0.6799511264844462,-3.6680105619524284e-09,2.4906115336786883,2.490611532046199,-1.6324892548880143e-09,0.28146509028187383,0.2814650943222311,4.040357270973516e-09,-0.02988239664075687,-0.029882396810005603,-1.6924873308399313e-10,-0.35625189315019457,-0.356252056706824,-1.6355662946221372e-07
0.9692500000000001,0.8911111111111112,0.04,-0.7,2.0,0.3,0.04,0.01,7508,-0.6107963380938553,-0.6107963362931743,1.800680937691368e-09,2.051099673439083,2.051099727838917,5.43998339708196e-08,0.286735495132473,0.28673549707771356,1.945240579726004e-09,-0.023985592494113472,-0.023985592455395565,3.8717907352436853e-11,-0.581990182861869,-0.5819903972241725,-2.1436230346338903e-07
1.3571666666666666,0.8911111111111112,0.04,-0.7,2.0,0.3,0.04,0.01,7543,-0.5703158734604585,-0.5703158722682627,1.1921957865368427e-09,1.8185026262607096,1.8185026524595909,2.619888128663206e-08,0.2715301153044525,0.27153011722466613,1.9202136547491477e-09,-0.020283333121706715,-0.020283333096976518,2.473019705684365e-11,-0.8040732984851418,-0.8040735616243688,-2.631392270746602e-07
1.3793333333333333,0.8911111111111112,0.04,-0.7,2.0,0.3,0.04,0.01,7545,-0.5684833715677295,-0.5684833703455748,1.2221547107671427e-09,1.8096942111522907,1.8096942395062414,2.8353950742854295e-08,0.270465225952754,0.27046522789069705,1.9379430282739918e-09,-0.020155011111189225,-0.02015501108687496,2.4314265878455643e-11,-0.8163505476302402,-0.8163508135051132,-2.6587487300666623e-07
1.4569166666666666,0.8911111111111112,0.04,-0.7,2.0,0.3,0.04,0.01,7552,-0.5623262742945889,-0.5623262728799977,1.4145912219376555e-09,1.780221409175553,1.7802214779098409,6.873428781695168e-08,0.26665066924141945,0.2666506712501089,2.0086894370052732e-09,-0.01975874589554838,-0.019758745876884705,1.8663674772323446e-11,-0.8591060551432772,-0.8591063305661971,-2.7542291991533574e-07
1.468,0.8911111111111112,0.04,-0.7,2.0,0.3,0.04,0.01,7553,-0.5614767132142151,-0.5614767117611092,1.4531058578626244e-09,1.7761224546664067,1.7761224380454794,-1.6620927301147503e-08,0.2660958875874697,0.2660958895994024,2.0119326760159595e-09,-0.01970828692604565,-0.01970828690598201,2.0063638250800153e-11,-0.8651904682155376,-0.8651907449981368,-2.7678259917340853e-07
1.5788333333333333,0.8911111111111112,0.04,-0.7,2.0,0.3,0.04,0.01,7563,-0.5533446536223896,-0.5533446516259903,1.9963992681226728e-09,1.7354378989420383,1.7354379690774293,7.013539105038546e-08,0.26043916619672425,0.26043916829685076,2.1001265171349814e-09,-0.019274748761788363,-0.019274748748870116,1.2918246333759598e-11,-0.9257971457751757,-0.925797436099606,-2.9032443027432464e-07
1.6453333333333333,0.8911111111111112,0.04,-0.7,2.0,0.3,0.04,0.01,7569,-0.5487530335582247,-0.5487530311632094,2.3950152971963234e-09,1.71058762155063,1.7105876944613343,7.291070436288294e-08,0.25696903018262995,0.25696903231782026,2.135190302343659e-09,-0.01906630040848789,-0.01906630039305511,1.543278005389226e-11,-0.9620163206977561,-0.9620166190778654,-2.983801092870664e-07
1.6675,0.8911111111111112,0.04,-0.7,2.0,0.3,0.04,0.01,7571,-0.5472663139205469,-0.5472663113865699,2.533977028207346e-09,1.7021479892243008,1.702148000737068,1.1512767184029826e-08,0.25580275258924035,0.2558027547342397,2.1449993448108273e-09,-0.019003766202341232,-0.019003766194126637,8.214595670352765e-12,-0.9740749829714734,-0.9740752840258106,-3.0105433712623864e-07
1.7118333333333333,0.8911111111111112,0.04,-0.7,2.0,0.3,0.04,0.01,7575,-0.544355419158371,-0.5443554163465513,2.8118197770155007e-09,1.6849951822717202,1.6849952770566539,9.478493367964802e-08,0.2534588221617118,0.25345882432329087,2.161579082393672e-09,-0.018887676199175196,-0.018887676189700473,9.474723089430981e-12,-0.9981789430013599,-0.9981792493784175,-3.0637705761282774e-07
1.7561666666666667,0.8911111111111112,0.04,-0.7,2.0,0.3,0.04,0.01,7579,-0.5415248492735003,-0.5415248461890477,3.084452582235997e-09,1.667464721855083,1.6674646983517298,-2.3503353263620852e-08,0.2511029714191704,0.25110297358772704,2.1685566675699874e-09,-0.018782148598905923,-0.018782148589308358,9.597565797658802e-12,-1.0222729993308866,-1.0222733110010747,-3.1167018810229763e-07
1.9113333333333333,0.8911111111111112,0.04,-0.7,2.0,0.3,0.04,0.01,7593,-0.5322037838506599,-0.532203779944563,3.906096890382571e-09,1.6034669814146696,1.6034670268771618,4.546249221526466e-08,0.2428188181724522,0.2428188203342958,2.161843593029289e-09,-0.018476741043826905,-0.018476741040353833,3.4730725240184057e-12,-1.106630331922931,-1.1066306618259587,-3.2990302778479474e-07
0.10475000000000001,0.8933333333333333,0.04,-0.7,2.0,0.3,0.04,0.01,7611,-0.9021224974935238,-0.9021225608711617,-6.33776379155293e-08,2.296359460918218,2.296359370550007,-9.036821113639348e-08,0.0619796639167447,0.061979666894972765,2.9782280669410355e-09,-0.002093843954609209,-0.002093833391476346,1.0563132863197766e-08,-0.04190228955452957,-0.041902373541598814,-8.398706924372945e-08
0.22666666666666668,0.8933333333333333,0.04,-0.7,2.0,0.3,0.04,0.01,7622,-0.8223729674050606,-0.822373000314082,-3.2909021396854143e-08,2.7352060283369894,2.7352061175108076,8.91738181074686e-08,0.17627264973202328,0.17627265662994127,6.897917986803392e-09,-0.02053247581595974,-0.02053247602188932,-2.0592958241416603e-10,-0.11399026172087545,-0.11399035990589139,-9.818501593705786e-08
0.30425,0.8933333333333333,0.04,-0.7,2.0,0.3,0.04,0.01,7629,-0.7819859043600719,-0.7819859269943654,-2.2634293550538587e-08,2.785886732414866,2.7858868915261517,1.5911128548040665e-07,0.21805711539035766,0.21805712195231863,6.561960974593717e-09,-0.02408115101576458,-0.024081150811373565,2.0439101452995878e-10,-0.164832296607742,-0.1648324104122776,-1.1380453560083659e-07
0.3375,0.8933333333333333,0.04,-0.7,2.0,0.3,0.04,0.01,7632,-0.7663385535564005,-0.7663385727255476,-1.916914715849316e-08,2.784446989645417,2.7844471326177507,1.4297233352777994e-07,0.231349057743524,0.23134906409239508,6.348871095518405e-09,-0.02591930324702396,-0.025919303433545274,-1.8652131228424906e-10,-0.18613473387579793,-0.18613485366037777,-1.1978457983841118e-07
0.70325,0.8933333333333333,0.04,-0.7,2.0,0.3,0.04,0.01,7665,-0.6509674757623762,-0.6509674763147845,-5.524082302699185e-10,2.3529204529193493,2.3529204961760257,4.325667646298825e-08,0.28891617745996356,0.2889161806243475,3.1643839215611536e-09,-0.028811600343292554,-0.028811600367903093,-2.4610539300917722e-11,-0.415715547288642,-0.4157157251310763,-1.778424342790963e-07
0.7475833333333334,0.8933333333333333,0.04,-0.7,2.0,0.3,0.04,0.01,7669,-0.6419241109381635,-0.6419241106623742,2.7578928030180805e-10,2.293179229839737,2.2931793114827825,8.164304565738689e-08,0.2899929106239818,0.28999291347029515,2.846313351678731e-09,-0.027989399404293458,-0.027989399396433814,7.859643491592294e-12,-0.44334879046759035,-0.4433489745958778,-1.8412828745040244e-07
0.9692500000000001,0.8933333333333333,0.04,-0.7,2.0,0.3,0.04,0.01,7689,-0.6062410570512045,-0.606241055153271,1.897933477046365e-09,2.0486322416246594,2.0486323178034556,7.617879616006462e-08,0.28822138048195667,0.2882213823996103,1.917653646987816e-09,-0.0242819705226216,-0.024281970480750318,4.187128074817359e-11,-0.578103121269824,-0.5781033350879073,-2.1381808334997032e-07
1.1244166666666666,0.8933333333333333,0.04,-0.7,2.0,0.3,0.04,0.01,7703,-0.587909464651315,-0.5879094630265226,1.6247924117251955e-09,1.9321820532436362,1.9321820255382054,-2.7705430838409484e-08,0.28303537478624463,0.28303537656260863,1.7763640003387593e-09,-0.022371237998197735,-0.02237123795942362,3.8774115862505454e-11,-0.6685953754015372,-0.6685956089161137,-2.335145764531532e-07
1.1909166666666666,0.8933333333333333,0.04,-0.7,2.0,0.3,0.04,0.01,7709,-0.5811560562013485,-0.5811560547611823,1.4401662085106182e-09,1.893571233146929,1.893571230897442,-2.249487041083853e-09,0.28030287836433576,0.2803028801519187,1.787582915024899e-09,-0.02172007924211572,-0.021720079209196164,3.2919555970067904e-11,-0.7064977394444227,-0.7064979812554263,-2.4181100355402663e-07
1.23525,0.8933333333333333,0.04,-0.7,2.0,0.3,0.04,0.01,7713,-0.5769370729719059,-0.5769370716298787,1.3420271560704577e-09,1.8707730808920076,1.8707731424646734,6.157266585482546e-08,0.2783645276421831,0.27836452945856616,1.8163830439732465e-09,-0.021336575052877116,-0.021336575019352367,3.352474894913193e-11,-0.7315142658154139,-0.7315145131175778,-2.473021638582651e-07
1.2685,0.8933333333333333,0.04,-0.7,2.0,0.3,0.04,0.01,7716,-0.5739023690376488,-0.5739023677444032,1.2932456217029653e-09,1.8549548008728323,1.8549548928622897,9.198945738475572e-08,0.2768599764324531,0.27685997827127623,1.8388231493027263e-09,-0.02107376340182432,-0.02107376337337831,2.844600943685549e-11,-0.7501582212887659,-0.7501584727015027,-2.514127368513641e-07
1.3793333333333333,0.8933333333333333,0.04,-0.7,2.0,0.3,0.04,0.01,7726,-0.5644636899235222,-0.5644636885891947,1.3343275373500774e-09,1.8079926389358292,1.8079926191646591,-1.977117003448825e-08,0.2715934637781414,0.27159346570925663,1.9311152121836983e-09,-0.020336016673394575,-0.02033601664906341,2.433116555455861e-11,-0.8116859901691198,-0.8116862551895,-2.6502038019682317e-07
1.6675,0.8933333333333333,0.04,-0.7,2.0,0.3,0.04,0.01,7752,-0.5434876099738584,-0.543487607251127,2.722731373694387e-09,1.6986439421717847,1.698643940080986,-2.090798645326686e-09,0.25675316210560517,0.2567531642531479,2.147542754737941e-09,-0.019150797479494663,-0.019150797469267004,1.0227658997497002e-11,-0.9689531520193362,-0.9689534518701707,-2.998508344953521e-07
1.9445833333333333,0.8933333333333333,0.04,-0.7,2.0,0.3,0.04,0.01,7777,-0.5267907561601337,-0.5267907519810775,4.1790562121946095e-09,1.5838783395949463,1.5838783507413756,1.1146429335084918e-08,0.24185774166879392,0.24185774382914338,2.1603494548827484e-09,-0.018545363597299858,-0.018545363593035318,4.264540109932824e-12,-1.119244779448636,-1.1192451116462812,-3.32197645169785e-07
0.21558333333333335,0.8955555555555555,0.04,-0.7,2.0,0.3,0.04,0.01,7802,-0.822435647822306,-0.8224356820438256,-3.4221519507049436e-08,2.7678692948729378,2.7678694266868744,1.3181393665462338e-07,0.1715691944281783,0.1715692013792916,6.951113296072009e-09,-0.02133620116140378,-0.021336201904172517,-7.427687388761317e-10,-0.1047408015419915,-0.10474089790625217,-9.636426066828019e-08
0.22666666666666668,0.8955555555555555,0.04,-0.7,2.0,0.3,0.04,0.01,7803,-0.816246203569071,-0.8162462360146636,-3.244559265702662e-08,2.778778690482042,2.77877876849553,7.801348766989236e-08,0.17917638907155586,0.17917639604009541,6.968539550955555e-09,-0.02176087969263385,-0.021760879885584318,-1.9295046810308136e-10,-0.11194206599979273,-0.11194216467754135,-9.86777486250423e-08
0.271,0.8955555555555555,0.04,-0.7,2.0,0.3,0.04,0.01,7807,-0.7924753956814468,-0.7924754218208757,-2.6139428954685684e-08,2.8086356962386816,2.8086358171567958,1.209181141881288e-07,0.20514903225965497,0.20514903907632157,6.8166665923019565e-09,-0.023523320904217382,-0.023523320422971075,4.812463066938832e-10,-0.14094132625153133,-0.14094143385675828,-1.0760522695107966e-07
0.31533333333333335,0.8955555555555555,0.04,-0.7,2.0,0.3,0.04,0.01,7811,-0.7704261090554776,-0.7704261299572494,-2.0901771757841914e-08,2.815109906295632,2.815110011671501,1.0537586891956607e-07,0.22552048599439045,0.22552049253349318,6.5391027315175876e-09,-0.02574972022412192,-0.02574972015728508,6.683683814734387e-11,-0.1695642783897111,-0.1695643941807277,-1.1579101658054647e-07
0.3264166666666667,0.8955555555555555,0.04,-0.7,2.0,0.3,0.04,0.01,7812,-0.7652127865084846,-0.7652128062512686,-1.974278407423924e-08,2.813068150642195,2.813068254497097,1.0385490201159087e-07,0.22992140814442896,0.2299214146066351,6.462206131319093e-09,-0.026341326821721633,-0.026341326885240428,-6.351879439092656e-11,-0.17662435622095574,-0.17662447395913855,-1.1773818281435311e-07
0.47050000000000003,0.8955555555555555,0.04,-0.7,2.0,0.3,0.04,0.01,7825,-0.7079795475534167,-0.7079795563609024,-8.807485629702683e-09,2.6896208038529323,2.6896209276957777,1.2384284531208323e-07,0.26919268573982746,0.26919269103935034,5.299522876089924e-09,-0.03150462274281729,-0.03150462326802961,-5.252123180810031e-10,-0.26665004398851444,-0.2666501857035104,-1.4171499596038473e-07
0.50375,0.8955555555555555,0.04,-0.7,2.0,0.3,0.04,0.01,7828,-0.6971606638905836,-0.6971606709295645,-7.038980842644094e-09,2.6451681733874466,2.6451683620163418,1.8862889517023973e-07,0.2746605660594592,0.27466057103886,4.9794007805914475e-09,-0.03175056553395006,-0.031750565965484444,-4.315343846150732e-10,-0.28739081972151137,-0.28739096679920295,-1.470776915812877e-07
0.76975,0.8955555555555555,0.04,-0.7,2.0,0.3,0.04,0.01,7852,-0.6326494597366783,-0.6326494588960053,8.406729756771369e-10,2.2635332330711577,2.2635332916138093,5.8542651615312025e-08,0.2920434387879145,0.2920434414605856,2.6726710844471313e-09,-0.027992444923408133,-0.02799244490567893,1.7729203521943404e-11,-0.45359224652929964,-0.4535924332774637,-1.8674816404384842e-07
0.8140833333333334,0.8955555555555555,0.04,-0.7,2.0,0.3,0.04,0.01,7856,-0.6247936763550954,-0.6247936750147088,1.3403865795069692e-09,2.2081567740972474,2.208156850379895,7.628264775405569e-08,0.2921870616001687,0.2921870640225135,2.4223447692151012e-09,-0.027155882912632823,-0.02715588287936969,3.326313183227292e-11,-0.48083616659949646,-0.4808363594227884,-1.9282329194458825e-07
1.1798333333333333,0.8955555555555555,0.04,-0.7,2.0,0.3,0.04,0.01,7889,-0.5780251655601587,-0.5780251640339139,1.526244797211973e-09,1.8976198723485993,1.8976198796975092,7.348909925042335e-09,0.28203313054919743,0.2820331323188458,1.7696483722851042e-09,-0.022040382741672637,-0.022040382707861114,3.381152302583956e-11,-0.6959140857051849,-0.6959143254688714,-2.397636865714148e-07
1.3460833333333333,0.8955555555555555,0.04,-0.7,2.0,0.3,0.04,0.01,7904,-0.5631506705774947,-0.5631506691744887,1.4030059336533895e-09,1.8195565776313316,1.819556636149827,5.851849538274223e-08,0.27434321974384446,0.2743432216368301,1.8929856571148207e-09,-0.020720775606719588,-0.020720775580298192,2.64213963208082e-11,-0.7887139835943691,-0.7887142437181431,-2.6012377407624854e-07
1.43475,0.8955555555555555,0.04,-0.7,2.0,0.3,0.04,0.01,7912,-0.5561067406914533,-0.5561067390544909,1.636962343454229e-09,1.7845219579815108,1.7845220836372793,1.2565576845702253e-07,0.26991952879223957,0.2699195307729138,1.9806742357353357e-09,-0.020208309692570925,-0.02020830967115319,2.1417735640572033e-11,-0.8374078019324216,-0.8374080727904094,-2.7085798781634196e-07
1.6675,0.8955555555555555,0.04,-0.7,2.0,0.3,0.04,0.01,7933,-0.5397169712570427,-0.539716968345471,2.911571650443534e-09,1.6948893677426469,1.6948893673036451,-4.390017238620203e-10,0.25768849165691554,0.257688493805384,2.1484684586958736e-09,-0.019295897362991976,-0.019295897351371823,1.1620152756686153e-11,-0.9638410433412958,-0.9638413419823577,-2.98641061879934e-07
0.3264166666666667,0.8977777777777778,0.04,-0.7,2.0,0.3,0.04,0.01,7993,-0.758932531415013,-0.7589325506329162,-1.9217903157731087e-08,2.839044355162912,2.8390444851435785,1.2998066667435637e-07,0.23265512186537718,0.23265512836881547,6.503438287897012e-09,-0.0273735360256655,-0.027373536091590715,-6.592521320514244e-11,-0.17417432918664932,-0.17417444684469474,-1.1765804541763458e-07
0.5148333333333334,0.8977777777777778,0.04,-0.7,2.0,0.3,0.04,0.01,8010,-0.6878670153942501,-0.6878670214491404,-6.054890255846601e-09,2.638042606584179,2.638042721751489,1.1516730991090185e-07,0.278506708574211,0.278506713436066,4.861854974169688e-09,-0.032444176643886546,-0.03244417703665214,-3.9276559088419205e-10,-0.2913301641319088,-0.29133031259176595,-1.484598571299678e-07
0.5259166666666667,0.8977777777777778,0.04,-0.7,2.0,0.3,0.04,0.01,8011,-0.6845411621425601,-0.6845411676844511,-5.541890946147987e-09,2.6215939863405424,2.6215940676545064,8.131396400656854e-08,0.2799701530598053,0.27997015780698936,4.747184034759044e-09,-0.032414572734840164,-0.03241457309222197,-3.5738180470534786e-10,-0.29823767500603005,-0.29823782521710956,-1.5021107951929125e-07
0.5480833333333334,0.8977777777777778,0.04,-0.7,2.0,0.3,0.04,0.01,8013,-0.6781186342555423,-0.6781186388414147,-4.585872348528142e-09,2.5881518872505893,2.588152038446656,1.5119606677771458e-07,0.2826031083713598,0.2826031128943567,4.52299686592994e-09,-0.0322787042661421,-0.03227870456029351,-2.941514115617494e-10,-0.3120706321130262,-0.3120707858120268,-1.5369900058237462e-07
0.7143333333333334,0.8977777777777778,0.04,-0.7,2.0,0.3,0.04,0.01,8028,-0.6382432870602472,-0.6382432868422186,2.1802859517805473e-10,2.337848820088695,2.337848956192705,1.361040102842992e-07,0.2929079121455347,0.29290791516185427,3.016319582993532e-09,-0.029519274877265467,-0.02951927488513994,-7.874471907864944e-12,-0.4158453293590103,-0.41584550787752633,-1.7851851602523894e-07
0.7254166666666667,0.8977777777777778,0.04,-0.7,2.0,0.3,0.04,0.01,8029,-0.6360271129585149,-0.636027112546525,4.119898866505878e-10,2.322271308585755,2.3222713748004105,6.62146555363563e-08,0.293156041165088,0.2931560441004533,2.935365339684637e-09,-0.029294368694143813,-0.029294368695218172,-1.074359351482812e-12,-0.42271674938448855,-0.422716929473682,-1.800891934466975e-07
0.7475833333333334,0.8977777777777778,0.04,-0.7,2.0,0.3,0.04,0.01,8031,-0.6317348053305749,-0.6317348045705903,7.599846307826397e-10,2.291791695308021,2.2917918328739653,1.3756594441360903e-07,0.29353256340985956,0.2935325661900928,2.7802332658311e-09,-0.028845049807324497,-0.028845049794715746,1.2608750848963624e-11,-0.43642631327667214,-0.43642649648556225,-1.8320889011436137e-07
1.3571666666666666,0.8977777777777778,0.04,-0.7,2.0,0.3,0.04,0.01,8086,-0.5582098975581706,-0.5582098960112223,1.5469483471974854e-09,1.8130542178695919,1.8130542209061529,3.036561002645044e-09,0.2749096082560465,0.2749096101526478,1.8966013204391174e-09,-0.020830773916347134,-0.020830773888305492,2.8041641925158345e-11,-0.7902075921870089,-0.7902078528174924,-2.6063048352842344e-07
1.5455833333333333,0.8977777777777778,0.04,-0.7,2.0,0.3,0.04,0.01,8103,-0.5440936482822845,-0.5440936459327107,2.3495737577761133e-09,1.7393597950832174,1.7393598061018953,1.1018677970042745e-08,0.26517202454640065,0.26517202661900496,2.0726043103991287e-09,-0.019865393929563435,-0.019865393913420883,1.6142552572429025e-11,-0.8928601500657329,-0.8928604331745336,-2.831088006249871e-07
1.7783333333333333,0.8977777777777778,0.04,-0.7,2.0,0.3,0.04,0.01,8124,-0.529126811028291,-0.5291268072899297,3.7383612871977334e-09,1.6446382200552279,1.6446381525992018,-6.745602609825596e-08,0.25255146650055016,0.2525514686810832,2.1805330319146776e-09,-0.019137787432288444,-0.019137787423882963,8.4054811722023e-12,-1.0185282143651553,-1.0185285246196134,-3.102544581246036e-07
1.9335,0.8977777777777778,0.04,-0.7,2.0,0.3,0.04,0.01,8138,-0.5203695985045442,-0.5203695941048295,4.399714703673396e-09,1.5772584460727046,1.5772584704894623,2.44167577267973e-08,0.24404693270946298,0.24404693488261622,2.173153240692116e-09,-0.018807174297919005,-0.018807174296358586,1.5604184611106575e-12,-1.1023241746552226,-1.1023245025001713,-3.278449487442714e-07
0.2599166666666667,0.9,0.04,-0.7,2.0,0.3,0.04,0.01,8168,-0.785647261110356,-0.7856472876933899,-2.6583033885252405e-08,2.8755560321780393,2.8755562016864236,1.6950838421792014e-07,0.2049567382159112,0.20495674519924606,6.983334854826495e-09,-0.025387874032223312,-0.025387873583576224,4.4864708823033617e-10,-0.12931257519027684,-0.12931268113149672,-1.0594121988005689e-07
0.44833333333333336,0.9,0.04,-0.7,2.0,0.3,0.04,0.01,8185,-0.7034991827550852,-0.7034991918904215,-9.135336376253633e-09,2.7427367099708277,2.7427367651593673,5.518853951613778e-08,0.2697353795136359,0.2697353850271086,5.513472678408959e-09,-0.032710856516238174,-0.03271085707099886,-5.547606887756906e-10,-0.24720540751616005,-0.247205544972289,-1.3745612895132986e-07
0.5591666666666667,0.9,0.04,-0.7,2.0,0.3,0.04,0.01,8195,-0.6692978842112729,-0.6692978879439336,-3.732660736055493e-09,2.576481056282276,2.576481168260095,1.1197781901728376e-07,0.28589363823466885,0.2858936426287787,4.394109853755879e-09,-0.03278793378858058,-0.03278793404424228,-2.556617001436834e-10,-0.3159076402747818,-0.31590779530983865,-1.5503505684799634e-07
1.0911666666666666,0.9,0.04,-0.7,2.0,0.3,0.04,0.01,8243,-0.578504005522007,-0.5785040036379193,1.88408766366166e-09,1.9465906497817542,1.9465906508636601,1.0819058982036722e-09,0.2882585856386899,0.28825858735552107,1.7168311772230993e-09,-0.023455295762864203,-0.0234552957184932,4.437100339926836e-11,-0.6370677229897148,-0.6370679505301934,-2.2754047857009851e-07
1.1798333333333333,0.9,0.04,-0.7,2.0,0.3,0.04,0.01,8251,-0.5696005851818509,-0.5696005835288384,1.6530125046543276e-09,1.8933842160784309,1.8933842091821762,-6.896254678423475e-09,0.2844956608744065,0.28449566261148057,1.7370740956756947e-09,-0.022468786176621514,-0.022468786138949436,3.7672077263239956e-11,-0.6873172963361984,-0.6873175347618494,-2.3842565100018476e-07
1.2685,0.9,0.04,-0.7,2.0,0.3,0.04,0.01,8259,-0.5615543768536235,-0.5615543752905673,1.5630562399948644e-09,1.8492646580714478,1.849264656604645,-1.4668029013620298e-09,0.2803760524724974,0.28037605427185136,1.7993539436211847e-09,-0.021661657857163785,-0.0216616578270121,3.015168670295054e-11,-0.7367731750945739,-0.7367734242625296,-2.4916795571261474e-07
1.43475,0.9,0.04,-0.7,2.0,0.3,0.04,0.01,8274,-0.5481858160233388,-0.5481858140802117,1.9431271036651765e-09,1.7797541995712152,1.779754237404199,3.783298385684475e-08,0.2720192872979199,0.27201928926282354,1.964903628692838e-09,-0.02054496774539505,-0.020544967721402775,2.3992273445738732e-11,-0.8279186216142431,-0.8279188906187815,-2.6900453842237937e-07
1.6896666666666667,0.9,0.04,-0.7,2.0,0.3,0.04,0.01,8297,-0.5308154929581366,-0.5308154895434942,3.414642346655228e-09,1.6773722799623414,1.6773722168925116,-6.306982980319731e-08,0.25829486920952993,0.258294871368896,2.1593660748386867e-09,-0.019512183854764054,-0.01951218384688183,7.882222652355608e-12,-0.9655772114960937,-0.9655775102499253,-2.987538316734373e-07
1.9556666666666667,0.9,0.04,-0.7,2.0,0.3,0.04,0.01,8321,-0.5157109030134999,-0.5157108984317387,4.581761192667955e-09,1.5614853521306316,1.561485341263137,-1.0867494459887439e-08,0.24360596856953798,0.24360597074038134,2.1708433661782323e-09,-0.018883112966883164,-0.018883112960124716,6.758447967936121e-12,-1.108858822958525,-1.1088591517035427,-3.2874501765256525e-07
0.44833333333333336,0.9022222222222223,0.04,-0.7,2.0,0.3,0.04,0.01,8366,-0.6973909183971561,-0.6973909270435836,-8.646427573921756e-09,2.754592653975152,2.754592748306858,9.433170600203766e-08,0.2720943818207422,0.27209438733293745,5.512195255796826e-09,-0.03348079555459682,-0.03348079609881883,-5.442220077367388e-10,-0.2443808729465924,-0.24438101010085572,-1.3715426333549274e-07
0.6256666666666667,0.9022222222222223,0.04,-0.7,2.0,0.3,0.04,0.01,8382,-0.6468510588017451,-0.646851059976663,-1.1749179407161137e-09,2.4730672565365097,2.473067371363489,1.14826979480398e-07,0.293082476404416,0.29308248010807214,3.703656159537161e-09,-0.03228787433334768,-0.032287874439705,-1.0635732572428225e-10,-0.354129539168746,-0.35412970393659055,-1.6476784453489657e-07
1.9113333333333333,0.9022222222222223,0.04,-0.7,2.0,0.3,0.04,0.01,8498,-0.5145408721901612,-0.5145408676083264,4.581834800454487e-09,1.5751091986260235,1.5751092060693026,7.443279104180078e-09,0.24681855323088753,0.2468185554141338,2.1832462782089834e-09,-0.019086903688403378,-0.019086903682508205,5.895173238457119e-12,-1.079544122131182,-1.0795444444346156,-3.2230343371963954e-07
1.9335,0.9022222222222223,0.04,-0.7,2.0,0.3,0.04,0.01,8500,-0.5133861187953115,-0.5133861141543079,4.641003581440373e-09,1.5652007190336548,1.5652008085946185,8.956096375634104e-08,0.2455885091856569,0.24558851136143353,2.175776642188154e-09,-0.019041432313959827,-0.01904143231088198,3.077847005039658e-12,-1.091477167870225,-1.0914774926087303,-3.2473850519743053e-07
1.9556666666666667,0.9022222222222223,0.04,-0.7,2.0,0.3,0.04,0.01,8502,-0.512247780217745,-0.5122477755245819,4.69316308038259e-09,1.5553006327273522,1.5553006936105813,6.08832291248973e-08,0.2443612683653007,0.24436127053479156,2.1694908647340583e-09,-0.01899752431727686,-0.018997524315201467,2.0753919416360844e-12,-1.1034167430301611,-1.103417070191268,-3.2716110687225353e-07
2.0,0.9022222222222223,0.04,-0.7,2.0,0.3,0.04,0.01,8506,-0.5100184858591872,-0.5100184810800538,4.779133422339044e-09,1.5355596016952688,1.5355596266405804,2.494531159413782e-08,0.24191689822899987,0.24191690038481342,2.1558135554489155e-09,-0.018914176521112047,-0.01891417651551134,5.600707397857008e-12,-1.1273163374192485,-1.1273166694008256,-3.3198157711744614e-07
0.271,0.9044444444444445,0.04,-0.7,2.0,0.3,0.04,0.01,8531,-0.7669065954757359,-0.76690661949235,-2.4016614030841765e-08,2.9424595315852287,2.9424597301701616,1.9858493294222512e-07,0.21640135798806082,0.21640136499389168,7.005830859885265e-09,-0.02813387175532034,-0.028133871332685658,4.226346807245651e-10,-0.13197435623446552,-0.1319744645958968,-1.0836143127246345e-07
0.2931666666666667,0.9044444444444445,0.04,-0.7,2.0,0.3,0.04,0.01,8533,-0.7556588040932843,-0.7556588253393562,-2.1246071901792618e-08,2.933961257278739,2.9339613976727703,1.4039403151144825e-07,0.22701103923661314,0.2270110460873209,6.850707751082652e-09,-0.02901100889046715,-0.029011008614314576,2.76152573031041e-10,-0.1460089849325552,-0.14600909700980447,-1.1207724925910156e-07
0.6478333333333334,0.9044444444444445,0.04,-0.7,2.0,0.3,0.04,0.01,8565,-0.6363580414797676,-0.6363580417672102,-2.8744262525748354e-10,2.4383981167552804,2.438398223175344,1.0642006342820309e-07,0.29610120458295475,0.29610120804397205,3.4610173060833915e-09,-0.032333624746250234,-0.03233362481294722,-6.669698821015757e-11,-0.3646224117112573,-0.3646225793752182,-1.676639608816366e-07
0.7919166666666667,0.9044444444444445,0.04,-0.7,2.0,0.3,0.04,0.01,8578,-0.6088037162843563,-0.6088037143962798,1.888076472944533e-09,2.227313333769132,2.2273133639035776,3.013444560551193e-08,0.2987493029077415,0.29874930529724053,2.389499043076171e-09,-0.029094545165586627,-0.029094545126045035,3.954159222274711e-11,-0.4530397739405112,-0.45303996194623625,-1.8800572504362734e-07
0.9692500000000001,0.9044444444444445,0.04,-0.7,2.0,0.3,0.04,0.01,8594,-0.5835541268151001,-0.5835541245006909,2.314409219827951e-09,2.034556134677956,2.0345561873669373,5.2688981178050653e-08,0.29532363430562203,0.2953236360745996,1.7689775755336257e-09,-0.025698152439357358,-0.025698152387125608,5.2231750174991376e-11,-0.5586306944660446,-0.5586309056656018,-2.1119955717630035e-07
1.16875,0.9044444444444445,0.04,-0.7,2.0,0.3,0.04,0.01,8612,-0.5622303640179238,-0.5622303621971401,1.8207837459982557e-09,1.8948093205573002,1.8948094827487842,1.621914840210792e-07,0.2873924103408143,0.2873924120332508,1.6924364687476157e-09,-0.023004785101587988,-0.02300478506042307,4.1164918695990593e-11,-0.6725328827345001,-0.672533118500534,-2.3576603391806117e-07
1.3571666666666666,0.9044444444444445,0.04,-0.7,2.0,0.3,0.04,0.01,8629,-0.5461452395238986,-0.5461452375665886,1.957309980760158e-09,1.806066651788285,1.8060665330727512,-1.1871553384779077e-07,0.2781335100801585,0.27813351194881664,1.868658117132327e-09,-0.021360036470408073,-0.02136003644188866,2.8519412526017973e-11,-0.7763861784645942,-0.7763864365624332,-2.5809783898989025e-07
1.4015,0.9044444444444445,0.04,-0.7,2.0,0.3,0.04,0.01,8633,-0.5427518257261621,-0.5427518235961696,2.1299925156981203e-09,1.7876987223885976,1.7876988259713567,1.0358275903676883e-07,0.27581517265090616,0.27581517456707755,1.9161713882276388e-09,-0.021070853999938244,-0.02107085397217269,2.7765553745062732e-11,-0.8004638342001824,-0.8004640974675399,-2.63267357469843e-07
1.4790833333333333,0.9044444444444445,0.04,-0.7,2.0,0.3,0.04,0.01,8640,-0.5371042516538749,-0.5371042491384408,2.5154340832500566e-09,1.7560858101006716,1.7560858151768082,5.076136622150784e-09,0.27166941343553797,0.2716694154354757,1.999937715435607e-09,-0.020634920700479675,-0.02063492067890261,2.157706652239355e-11,-0.8423799596601889,-0.8423802319108936,-2.7225070475811464e-07
1.6453333333333333,0.9044444444444445,0.04,-0.7,2.0,0.3,0.04,0.01,8655,-0.5260929839531747,-0.526092980432796,3.5203787662752006e-09,1.6869212970949121,1.6869213235915155,2.6496603355852244e-08,0.26251562330964484,0.2625156254400331,2.130388254695248e-09,-0.019931839517761674,-0.01993183950366408,1.4097594619455478e-11,-0.9316283217924992,-0.9316286130246244,-2.9123212519355235e-07
1.7118333333333333,0.9044444444444445,0.04,-0.7,2.0,0.3,0.04,0.01,8661,-0.5220584359272307,-0.5220584320311727,3.896057920727003e-09,1.658108383928436,1.6581084032541198,1.9325683719984e-08,0.2587910446918973,0.25879104685791654,2.1660192528472066e-09,-0.01971466523975618,-0.019714665230416213,9.33996630037015e-12,-0.9672360747456366,-0.9672363734629951,-2.9871735851561e-07
1.76725,0.9044444444444445,0.04,-0.7,2.0,0.3,0.04,0.01,8666,-0.5188425405036612,-0.5188425363306933,4.172967860149868e-09,1.6336372532510524,1.6336372725878825,1.933683013710663e-08,0.2556749912019374,0.2556749933819771,2.1800397043136854e-09,-0.019553988571952008,-0.01955398856408398,7.868029144875166e-12,-0.9969093879044766,-0.9969096928112248,-3.0490674818306474e-07
1.7894166666666667,0.9044444444444445,0.04,-0.7,2.0,0.3,0.04,0.01,8668,-0.5175915934202413,-0.5175915891495599,4.270681364104689e-09,1.6237564626209178,1.623756447706818,-1.4914099732976638e-08,0.25442734409047985,0.25442734627605984,2.185579994762321e-09,-0.01949414610430411,-0.01949414609225616,1.2047949443649841e-11,-1.0087826590432503,-1.0087829664106611,-3.0736741085668484e-07
0.19341666666666668,0.9066666666666667,0.04,-0.7,2.0,0.3,0.04,0.01,8705,-0.8033152776226737,-0.8033153133128891,-3.569021533866845e-08,2.987546265931229,2.987546396480775,1.3054954584035272e-07,0.1690504473464416,0.1690504544687301,7.1222885089650134e-09,-0.026833497081546476,-0.026833499028706274,-1.947159797982545e-09,-0.08104461686614384,-0.08104471288081713,-9.601467329534152e-08
0.7919166666666667,0.9066666666666667,0.04,-0.7,2.0,0.3,0.04,0.01,8759,-0.6038570154787148,-0.6038570134134469,2.0652679566524057e-09,2.2246778641488163,2.224677962708489,9.855967286753753e-08,0.30032625281839476,0.30032625516809414,2.3496993795113497e-09,-0.029459732491243784,-0.029459732445276336,4.5967448597528104e-11,-0.449485374657832,-0.44948556224089653,-1.8758306452593132e-07
0.9914166666666667,0.9066666666666667,0.04,-0.7,2.0,0.3,0.04,0.01,8777,-0.5764076913455929,-0.5764076890087528,2.336840054795175e-09,2.0124249711095388,2.0124250652277778,9.411823898020089e-08,0.2959254113615861,0.2959254130646961,1.7031099863729082e-09,-0.025603267722051903,-0.02560326767184258,5.0209322810523815e-11,-0.567592228667424,-0.5675924421428786,-2.134754546467832e-07
1.6453333333333333,0.9066666666666667,0.04,-0.7,2.0,0.3,0.04,0.01,8836,-0.5223495711356718,-0.5223495674322246,3.7034472155639264e-09,1.6821098236530219,1.6821098757637791,5.2110757264856034e-08,0.26338536026543347,0.26338536239326055,2.12782708119974e-09,-0.020068929748318087,-0.02006892973443697,1.3881118476888332e-11,-0.9266020424958388,-0.9266023325149744,-2.900191355958981e-07
1.6896666666666667,0.9066666666666667,0.04,-0.7,2.0,0.3,0.04,0.01,8840,-0.519680940081757,-0.5196809361333516,3.948405380427289e-09,1.6626385324070014,1.6626386315853672,9.917836574224737e-08,0.2608818690907899,0.2608818712420486,2.1512586712013615e-09,-0.019916484743642826,-0.01991648473200201,1.1640816782731989e-11,-0.9502817553838638,-0.9502820503432222,-2.9495935838230736e-07
1.7561666666666667,0.9066666666666667,0.04,-0.7,2.0,0.3,0.04,0.01,8846,-0.5158404218102985,-0.5158404175343224,4.275976128731429e-09,1.632960378028514,1.6329603940902007,1.606168664736174e-08,0.25711311198856057,0.2571131141647939,2.176233304673758e-09,-0.0197111258523619,-0.01971112584322257,9.139328183138673e-12,-0.9858003611212807,-0.9858006634350085,-3.023137278290733e-07
1.9113333333333333,0.9066666666666667,0.04,-0.7,2.0,0.3,0.04,0.01,8860,-0.5075679914504083,-0.5075679866387206,4.81168771493401e-09,1.5625842564315207,1.5625843689464973,1.1251497666897592e-07,0.24832544284814073,0.24832544503372647,2.1855857401664736e-09,-0.01931567055607486,-0.01931567055019576,5.879099290728718e-12,-1.0688039719145004,-1.0688042911399187,-3.192254183215226e-07
0.12691666666666668,0.9088888888888889,0.04,-0.7,2.0,0.3,0.04,0.01,8880,-0.8418665479650866,-0.8418666012842502,-5.331916352879773e-08,2.986597086307441,2.9865971905160866,1.0420864571258903e-07,0.10608111534943232,0.10608112040760986,5.058177543482145e-09,-0.02070806252307822,-0.020708065133136812,-2.610058592866782e-09,-0.041929777257754264,-0.041929870283186295,-9.302543203110192e-08
0.3264166666666667,0.9088888888888889,0.04,-0.7,2.0,0.3,0.04,0.01,8898,-0.7267090824492062,-0.7267090989361071,-1.648690095557015e-08,2.958143197062668,2.9581433233569796,1.2629431145327885e-07,0.24592292563407891,0.24592293226981207,6.635733157400736e-09,-0.03249287963108527,-0.03249287969404538,-6.296010934825347e-11,-0.16190414056233005,-0.1619042580067036,-1.1744437355964976e-07
0.3929166666666667,0.9088888888888889,0.04,-0.7,2.0,0.3,0.04,0.01,8904,-0.6988051137166162,-0.6988051244885819,-1.0771965652800475e-08,2.873430665628618,2.8734307843443534,1.1871573546429204e-07,0.2666526013611614,0.26665260740272584,6.041564415415479e-09,-0.03476357054443824,-0.03476357103568934,-4.912511022969746e-10,-0.2023703634773666,-0.2023704911768834,-1.2769951682201075e-07
0.6589166666666667,0.9088888888888889,0.04,-0.7,2.0,0.3,0.04,0.01,8928,-0.6231874404846738,-0.6231874399254423,5.592314389346598e-10,2.4199700299210036,2.419970092363515,6.244251116171995e-08,0.3001504323069115,0.30015043558298793,3.276076410152484e-09,-0.03303098839252394,-0.033030988432967964,-4.0444023130525864e-11,-0.3648903834113648,-0.36489055195938624,-1.6854802142862724e-07
1.0025,0.9088888888888889,0.04,-0.7,2.0,0.3,0.04,0.01,8959,-0.5706770730809496,-0.5706770707041532,2.376796426339922e-09,2.0001833689331505,2.000183401356653,3.2423502549505656e-08,0.29682926184437797,0.2968292635018005,1.6574225325527436e-09,-0.02567962908622823,-0.02567962903191551,5.431271751787925e-11,-0.570035904454147,-0.5700361187912809,-2.1433713393026466e-07
1.2795833333333333,0.9088888888888889,0.04,-0.7,2.0,0.3,0.04,0.01,8984,-0.5442466393640322,-0.5442466373314073,2.0326248462154695e-09,1.8346803409841073,1.8346803338867397,-7.097367582531433e-09,0.2842436156280659,0.2842436173797513,1.751685407835879e-09,-0.022316250585519004,-0.02231625055080933,3.47096726360796e-11,-0.7250372975253772,-0.7250375449663199,-2.4744094273554396e-07
1.6785833333333333,0.9088888888888889,0.04,-0.7,2.0,0.3,0.04,0.01,9020,-0.5166399771103225,-0.5166399730457323,4.0645902199543116e-09,1.6622334897409274,1.6622336624239697,1.7268304230988463e-07,0.2623455846964551,0.2623455868366838,2.140228716474013e-09,-0.020084883479709603,-0.020084883467333343,1.237625973926626e-11,-0.9393034465760008,-0.9393037390372615,-2.9246126065363143e-07
1.83375,0.9088888888888889,0.04,-0.7,2.0,0.3,0.04,0.01,9034,-0.5080463476273,-0.5080463429069664,4.720333679486544e-09,1.5916464868315217,1.5916465588888904,7.205736873849844e-08,0.25347687428289856,0.25347687646961675,2.186718195407167e-09,-0.01961790963844745,-0.01961790962827983,1.0167620217993445e-11,-1.0220132784807823,-1.022013587839462,-3.093586797842107e-07
1.9889166666666667,0.9088888888888889,0.04,-0.7,2.0,0.3,0.04,0.01,9048,-0.5003648597190491,-0.5003648546896999,5.029349159357821e-09,1.5208870496330462,1.520887074865635,2.5232588685142332e-08,0.2446781708689838,0.24467817303813227,2.169148471953264e-09,-0.019257437892938878,-0.019257437886841998,6.096879945349798e-12,-1.1049866135587338,-1.1049869394529697,-3.2589423581974586e-07
0.07150000000000001,0.9111111111111111,0.04,-0.7,2.0,0.3,0.04,0.01,9056,-0.8936084109717468,-0.8936084977884003,-8.681665353282852e-08,2.6820003717897833,2.6820001851789295,-1.8661085388060883e-07,0.042086945330754855,0.042086947446638226,2.1158833712897618e-09,-0.023692340509889886,-0.023692272375401273,6.81344886135915e-08,-0.008039085856725858,-0.008039199062149754,-1.1320542389614552e-07
0.22666666666666668,0.9111111111111111,0.04,-0.7,2.0,0.3,0.04,0.01,9070,-0.7707496687386906,-0.7707496975270283,-2.8788337713692158e-08,3.0650804339060755,3.065080572392925,1.3848684954353985e-07,0.19903541329024943,0.1990354206297445,7.33949506726006e-09,-0.030429055548342188,-0.030429055641001273,-9.265908526567834e-11,-0.0975842586578568,-0.09758436097654066,-1.0231868385890408e-07
0.31533333333333335,0.9111111111111111,0.04,-0.7,2.0,0.3,0.04,0.01,9078,-0.7252090537232525,-0.7252090707933138,-1.707006125339916e-08,2.992548081559576,2.992548112072562,3.051298591572049e-08,0.24427928637021923,0.24427929311907431,6.748855085891847e-09,-0.033098041015422464,-0.03309804097344372,4.197874686751035e-11,-0.15266933382690473,-0.15266944959457174,-1.1576766700827079e-07
0.37075,0.9111111111111111,0.04,-0.7,2.0,0.3,0.04,0.01,9083,-0.701108319187127,-0.7011083311226143,-1.1935487265191114e-08,2.920861119637408,2.92086126002012,1.4038271212157838e-07,0.2629942165557897,0.262994222804299,6.2485093210717935e-09,-0.03501172393699514,-0.03501172432903749,-3.920423499725878e-10,-0.1863429166995556,-0.18634304085264644,-1.2415309083579906e-07
0.404,0.9111111111111111,0.04,-0.7,2.0,0.3,0.04,0.01,9086,-0.6882381182893305,-0.6882381277422207,-9.452890248340395e-09,2.869905657565397,2.869905749962941,9.239754383827403e-08,0.2717825959916431,0.2717826019145682,5.922925094825615e-09,-0.03586464521171395,-0.035864645715772886,-5.040589334814882e-10,-0.20637549015711798,-0.20637561940054472,-1.2924342673859002e-07
0.4261666666666667,0.9111111111111111,0.04,-0.7,2.0,0.3,0.04,0.01,9088,-0.6802573799863376,-0.6802573879854139,-7.999076290232665e-09,2.8334538937357934,2.8334540930401255,1.9930433214909726e-07,0.2767934506600622,0.2767934563596431,5.699580862827958e-09,-0.03625184954142435,-0.036251850063031325,-5.216069728919415e-10,-0.21972247112839183,-0.21972260379477512,-1.3266638329567648e-07
0.7808333333333334,0.9111111111111111,0.04,-0.7,2.0,0.3,0.04,0.01,9120,-0.5957408173701273,-0.5957408150318863,2.3382410452299496e-09,2.2336035243597507,2.233603646416838,1.2205708710411045e-07,0.30346745129888886,0.30346745361984334,2.3209544841584773e-09,-0.030435324144539866,-0.030435324097581,4.6958867350177513e-11,-0.43570740703269273,-0.43570759231381795,-1.8528112522009366e-07
0.83625,0.9111111111111111,0.04,-0.7,2.0,0.3,0.04,0.01,9125,-0.5872958246400106,-0.587295822056375,2.5836356387642923e-09,2.1625398249902616,2.162539897268606,7.227834419865076e-08,0.3028596938048356,0.3028596958441331,2.0392975086380716e-09,-0.029149856206334146,-0.029149856148112236,5.822190993209908e-11,-0.468898711199206,-0.46889890387710614,-1.926779001348855e-07
0.9692500000000001,0.9111111111111111,0.04,-0.7,2.0,0.3,0.04,0.01,9137,-0.5700222258592236,-0.5700222233283111,2.530912479592473e-09,2.024868184236084,2.024868261666531,7.743044738717231e-08,0.29931631719021246,0.29931631885345356,1.6632411004025016e-09,-0.026495492425337996,-0.026495492370663922,5.4674074295713027e-11,-0.546935540583493,-0.5469357502844884,-2.097009953461182e-07
1.0800833333333333,0.9111111111111111,0.04,-0.7,2.0,0.3,0.04,0.01,9147,-0.5580516859093887,-0.5580516836838729,2.2255157716699614e-09,1.9402748518970725,1.9402747983744268,-5.352264564884024e-08,0.2949288265355343,0.2949288281238911,1.5883567794361397e-09,-0.02474713942574036,-0.024747139374325763,5.1414598273291645e-11,-0.6101830283053444,-0.6101832515641306,-2.232587861250579e-07
1.3460833333333333,0.9111111111111111,0.04,-0.7,2.0,0.3,0.04,0.01,9171,-0.5349700648235589,-0.5349700624402765,2.3832824602720848e-09,1.8021354353248142,1.8021354401715097,4.846695489391095e-09,0.28179093938374145,0.2817909412011661,1.8174246552149498e-09,-0.021953018990439332,-0.0219530189626905,2.7748831010754316e-11,-0.7566426724955888,-0.7566429267662482,-2.542706594166333e-07
1.3904166666666666,0.9111111111111111,0.04,-0.7,2.0,0.3,0.04,0.01,9175,-0.5316698547974674,-0.53166985221624,2.581227454001578e-09,1.7829375864586439,1.7829375864728234,1.4179546425907574e-11,0.27939794704112675,0.27939794891333464,1.872207888720112e-09,-0.021636391534518573,-0.0216363915077362,2.678237145947726e-11,-0.7805346710082484,-0.7805349302979655,-2.5928971714161975e-07
1.468,0.9111111111111111,0.04,-0.7,2.0,0.3,0.04,0.01,9182,-0.5261875515308323,-0.5261875485248941,3.005938165046018e-09,1.7496751325563054,1.749675179749181,4.71928756073936e-08,0.2751247257459788,0.27512472770410384,1.9581250509936865e-09,-0.0211575581740564,-0.021157558150984905,2.307149610247805e-11,-0.8221275499351033,-0.8221278179287008,-2.6799359753582053e-07
1.601,0.9111111111111111,0.04,-0.7,2.0,0.3,0.04,0.01,9194,-0.5175693170086926,-0.5175693132001983,3.8084942977079095e-09,1.6916301193159455,1.691630146491415,2.7175469430318344e-08,0.2676148205882356,0.2676148226772182,2.088982598014155e-09,-0.02051315287909805,-0.02051315286200352,1.7094530652128626e-11,-0.893016241873823,-0.8930165245885553,-2.8271473229146693e-07
1.9113333333333333,0.9111111111111111,0.04,-0.7,2.0,0.3,0.04,0.01,9222,-0.5006521039233047,-0.5006520989024476,5.020857174464766e-09,1.5494721450348692,1.5494722172476814,7.221281217439923e-08,0.2497790164557312,0.2497790186417062,2.1859750121144828e-09,-0.01953547304672787,-0.01953547304073362,5.994250235064058e-12,-1.0581212563351428,-1.0581215724581994,-3.161230566206541e-07
0.07150000000000001,0.9133333333333333,0.04,-0.7,2.0,0.3,0.04,0.01,9237,-0.8875194347240933,-0.8875195222229528,-8.74988594912196e-08,2.7982301031848067,2.798229909984207,-1.9320059951866142e-07,0.04439882091838987,0.04439882316833045,2.2499405810672e-09,-0.02667719143922831,-0.026677122670690896,6.876853741316635e-08,-0.006289001339976341,-0.006289116451501258,-1.1511152491709004e-07
0.138,0.9133333333333333,0.04,-0.7,2.0,0.3,0.04,0.01,9243,-0.8194636805380906,-0.8194637285391037,-4.800101305324489e-08,3.1399067790260915,3.1399068780315,9.90054083160885e-08,0.12413033077418589,0.12413033656158386,5.787397963641361e-09,-0.026143210053453103,-0.026143213967300235,-3.913847131803427e-09,-0.0442574177228483,-0.04425751338346005,-9.56606117444303e-08
0.21558333333333335,0.9133333333333333,0.04,-0.7,2.0,0.3,0.04,0.01,9250,-0.7701088354641894,-0.7701088654953959,-3.003120652156355e-08,3.111445828762882,3.111445931704101,1.0294121910447984e-07,0.19423778000904335,0.19423778739343855,7.384395206422312e-09,-0.031419866992066225,-0.03141986743492007,-4.428538438738805e-10,-0.08873279107535215,-0.0887328924456179,-1.013702657509663e-07
0.271,0.9133333333333333,0.04,-0.7,2.0,0.3,0.04,0.01,9255,-0.7401997382344705,-0.7401997599794822,-2.1745011680174287e-08,3.064562648091851,3.0645627812889598,1.3319710889803105e-07,0.22725579078147762,0.22725579791930156,7.13782394301532e-09,-0.03272218419447803,-0.03272218383589973,3.585782989978803e-10,-0.1230121301679099,-0.12301223944409412,-1.0927618421252561e-07
0.70325,0.9133333333333333,0.04,-0.7,2.0,0.3,0.04,0.01,9294,-0.6039417158734683,-0.6039417140692228,1.804245530756532e-09,2.344937249931789,2.3449372987385715,4.8806782615429256e-08,0.3046628502997861,0.3046628531009956,2.8012094865914605e-09,-0.03277644254867651,-0.03277644253882405,9.85245912632493e-12,-0.38530288146432223,-0.38530305566033485,-1.7419601261448037e-07
0.8916666666666667,0.9133333333333333,0.04,-0.7,2.0,0.3,0.04,0.01,9311,-0.5749765991505673,-0.5749765964091326,2.7414347458787347e-09,2.0961759161775007,2.096175920979971,4.802470421338967e-09,0.30305033736466314,0.30305033915683155,1.792168413672357e-09,-0.028257946816379054,-0.02825794675412313,6.225592263930935e-11,-0.49795247308720425,-0.49795267253403924,-1.9944683499195648e-07
0.90275,0.9133333333333333,0.04,-0.7,2.0,0.3,0.04,0.01,9312,-0.5735548343666075,-0.5735548316334939,2.733113624309169e-09,2.0845889459053524,2.0845890347161276,8.881077517841618e-08,0.30274574298022605,0.3027457447446809,1.7644548599982102e-09,-0.02802935658852146,-0.02802935652665676,6.18646973926662e-11,-0.5044428235995158,-0.5044430244611855,-2.0086166974131459e-07
1.1244166666666666,0.9133333333333333,0.04,-0.7,2.0,0.3,0.04,0.01,9332,-0.5494814358605882,-0.5494814336436559,2.216932304399677e-09,1.909456631699058,1.9094565886856447,-4.3013413275616585e-08,0.29408771653111065,0.29408771809903267,1.567922014444889e-09,-0.024364649305885777,-0.024364649257369433,4.8516343720272914e-11,-0.6308819270714472,-0.6308821550163758,-2.2794492859912197e-07
1.3460833333333333,0.9133333333333333,0.04,-0.7,2.0,0.3,0.04,0.01,9352,-0.5309689314131338,-0.5309689288620869,2.5510469292555626e-09,1.798848237033468,1.798848253309673,1.6276205050402837e-08,0.28278231466866144,0.2827823164695257,1.8008642355127336e-09,-0.022120602198305583,-0.022120602168455468,2.985011543499283e-11,-0.7520895564952501,-0.7520898099135478,-2.53418297679886e-07
1.7229166666666667,0.9133333333333333,0.04,-0.7,2.0,0.3,0.04,0.01,9386,-0.5068083039866389,-0.5068082993931458,4.593493141413774e-09,1.63041966594335,1.6304197805269554,1.1458360527072387e-07,0.26139875593689244,0.2613987580950362,2.1581437747997256e-09,-0.02018548768051298,-0.020185487671084534,9.428447605985824e-12,-0.9527281847773739,-0.9527284794420521,-2.9466467821315234e-07
1.7561666666666667,0.9133333333333333,0.04,-0.7,2.0,0.3,0.04,0.01,9389,-0.5050131027120597,-0.5050130979893462,4.722713442539828e-09,1.6149376003138372,1.6149375989324777,-1.381359471253063e-09,0.25946699158729825,0.25946699375570825,2.1684100071084345e-09,-0.020076616512598733,-0.02007661650515653,7.442203103780187e-12,-0.9703612741232548,-0.9703615723337669,-2.9821051206191385e-07
1.8226666666666667,0.9133333333333333,0.04,-0.7,2.0,0.3,0.04,0.01,9395,-0.5015595061930167,-0.5015595012568985,4.9361181808649235e-09,1.5838969691372995,1.5838970549036484,8.576634891177548e-08,0.25560680922964707,0.25560681141307606,2.183428993163261e-09,-0.0198767897197083,-0.019876789712692796,7.015502762053316e-12,-1.0056556480400602,-1.0056559532988227,-3.0525876248965744e-07
1.8559166666666667,0.9133333333333333,0.04,-0.7,2.0,0.3,0.04,0.01,9398,-0.4998973541478491,-0.4998973491301399,5.017709192589592e-09,1.5684008258798343,1.5684008660142674,4.013443311023934e-08,0.2536816569703726,0.25368165915669894,2.1863263421906254e-09,-0.01978483038594936,-0.019784830379325602,6.623757098367378e-12,-1.0233221878938603,-1.0233224966552732,-3.087614128816085e-07
1.8780833333333333,0.9133333333333333,0.04,-0.7,2.0,0.3,0.04,0.01,9400,-0.498811909018515,-0.498811903956147,5.062368024777442e-09,1.5580997880793035,1.5580998384174012,5.033809769017239e-08,0.25240112595831254,0.2524011281463526,2.1880400824514368e-09,-0.01972618937945425,-0.019726189374143773,5.310477751985232e-12,-1.0351084957227474,-1.035108806811005,-3.11088257598513e-07
0.03825,0.9155555555555556,0.04,-0.7,2.0,0.3,0.04,0.01,9415,-0.9364981228855707,-0.9364982485483933,-1.256628225920764e-07,2.3646109986730224,2.3646101980733096,-8.0059971274693e-07,0.00881030407365313,0.008810306765661231,2.6920081008102725e-09,-0.06970969921207826,-0.06970985583094554,-1.5661886727802443e-07,0.0210800125224897,0.021079907570728283,-1.0495176141697704e-07
0.07150000000000001,0.9155555555555556,0.04,-0.7,2.0,0.3,0.04,0.01,9418,-0.8811712447466535,-0.8811713327503149,-8.80036613581936e-08,2.915252814150726,2.915252747141342,-6.700938426362768e-08,0.04674640305762923,0.0467464054461603,2.3885310743154697e-09,-0.02972163159781216,-0.02972156216984088,6.942797127831857e-08,-0.004516417290850727,-0.00451653431169838,-1.1702084765259635e-07
0.21558333333333335,0.9155555555555556,0.04,-0.7,2.0,0.3,0.04,0.01,9431,-0.7631503132679573,-0.7631503427021632,-2.9434205850442652e-08,3.151092325959226,3.1510924714176887,1.454584626081612e-07,0.19697399845614028,0.19697400588159433,7.425454057186087e-09,-0.03267558139036231,-0.03267558179569445,-4.0533214284987906e-10,-0.08674504242217607,-0.08674514445294948,-1.020307734134196e-07
0.3264166666666667,0.9155555555555556,0.04,-0.7,2.0,0.3,0.04,0.01,9441,-0.7067758129133961,-0.7067758276987999,-1.4785403790185114e-08,3.020701261347014,3.020701510087212,2.487401977724346e-07,0.2535180612137089,0.2535180678815036,6.667794705261798e-09,-0.03550714775951702,-0.03550714782116988,-6.165285643122687e-11,-0.1545516996945273,-0.15455181717528954,-1.1748076222950488e-07
0.4261666666666667,0.9155555555555556,0.04,-0.7,2.0,0.3,0.04,0.01,9450,-0.6676188565407637,-0.6676188635227233,-6.981959566054741e-09,2.8534286822257116,2.8534287542773877,7.205167618096198e-08,0.281258612616353,0.28125861828011917,5.663766178276575e-09,-0.03778964884820768,-0.03778964934615619,-4.97948508815238e-10,-0.2142059326548651,-0.21420606495744768,-1.323025825838986e-07
0.70325,0.9155555555555556,0.04,-0.7,2.0,0.3,0.04,0.01,9475,-0.5987335331611443,-0.5987335311270015,2.0341428541570394e-09,2.342375665653762,2.3423757494252198,8.377145777060946e-08,0.3062644167087236,0.30626441945946886,2.750745242696695e-09,-0.03317917570966333,-0.03317917569170615,1.7957184350603228e-11,-0.3819237949406751,-0.3819239687996247,-1.7385894962584914e-07
0.9249166666666667,0.9155555555555556,0.04,-0.7,2.0,0.3,0.04,0.01,9495,-0.5662071803766433,-0.5662071775926764,2.7839669458629146e-09,2.0586960081114825,2.0586960386914503,3.057996789124218e-08,0.3033950937891827,0.30339509545287247,1.6636897415267526e-09,-0.027856124442948715,-0.027856124380335943,6.261277260555254e-11,-0.5135620931182028,-0.5135622963322479,-2.0321404514689334e-07
1.3793333333333333,0.9155555555555556,0.04,-0.7,2.0,0.3,0.04,0.01,9536,-0.5245532930722718,-0.524553290188176,2.8840958510301107e-09,1.7804981433666711,1.7804981682514438,2.4884772686917245e-08,0.28192244621777496,0.28192244804208494,1.8243099808579188e-09,-0.022035718830193396,-0.02203571880149153,2.8701867271774262e-11,-0.7653706818597228,-0.765370938107085,-2.562473622180761e-07
1.7894166666666667,0.9155555555555556,0.04,-0.7,2.0,0.3,0.04,0.01,9573,-0.4997170943643603,-0.4997170893937299,4.970630407274967e-09,1.5928810825904804,1.5928810048610853,-7.772939514261168e-08,0.25827639010878034,0.2582763922828748,2.1740944600168177e-09,-0.020088128810380468,-0.020088128801316767,9.063701178479988e-12,-0.98284346255334,-0.9828437628775336,-3.003241936250234e-07
1.8226666666666667,0.9155555555555556,0.04,-0.7,2.0,0.3,0.04,0.01,9576,-0.49804710780115835,-0.4980471027484746,5.052683771378241e-09,1.5772354811094402,1.5772354585671582,-2.2542282041015937e-08,0.25633384607121057,0.2563338482542232,2.1830126040178754e-09,-0.01998812068387812,-0.019988120675642262,8.235856441274336e-12,-1.0004558317966428,-1.0004561355949229,-3.037982800879746e-07
1.9778333333333333,0.9155555555555556,0.04,-0.7,2.0,0.3,0.04,0.01,9590,-0.4907825463754123,-0.49078254112243264,5.252979662362378e-09,1.5053295554512403,1.505329563955242,8.504001725029298e-09,0.2473510125766687,0.24735101475218316,2.175514463020889e-09,-0.019585595583404558,-0.01958559557875592,4.648639112536657e-12,-1.0828659833633791,-1.0828663031962933,-3.198329141529399e-07
2.0,0.9155555555555556,0.04,-0.7,2.0,0.3,0.04,0.01,9592,-0.4898085233551175,-0.48980851810281845,5.252299040137132e-09,1.4953046689747396,1.4953046583322176,-1.0642521974801866e-08,0.24608429964823042,0.2460843018165411,2.168310669903306e-09,-0.01953566241025273,-0.019535662405063468,5.189262214377877e-12,-1.0946732000879922,-1.0946735221894535,-3.221014612808659e-07
0.07150000000000001,0.9177777777777778,0.04,-0.7,2.0,0.3,0.04,0.01,9599,-0.8745623473727093,-0.8745624356968374,-8.832412812243007e-08,3.0328257349943044,3.032825716066148,-1.8928156375608296e-08,0.049126244723030066,0.04912624725088262,2.5278525522809403e-09,-0.03281963918549957,-0.0328195690705207,7.011497887149387e-08,-0.0027251406872763617,-0.00272525961540996,-1.1892813359809518e-07
0.5148333333333334,0.9177777777777778,0.04,-0.7,2.0,0.3,0.04,0.01,9639,-0.6345378311659045,-0.6345378333047593,-2.1388548709921906e-09,2.687036154691569,2.687036346904221,1.9221265201707638e-07,0.2972807638110253,0.2972807684296845,4.618659177335616e-09,-0.03818561176399671,-0.03818561208594302,-3.2194630988913175e-10,-0.26447224457548657,-0.264472390300432,-1.4572494544395909e-07
0.6256666666666667,0.9177777777777778,0.04,-0.7,2.0,0.3,0.04,0.01,9649,-0.608351790578332,-0.6083517895022994,1.0760325963588002e-09,2.4733375847407757,2.4733376543884416,6.964766585682014e-08,0.3057217462590356,0.30572174965643245,3.3973968638356666e-09,-0.03572778183497105,-0.03572778190634594,-7.137489210773396e-11,-0.3315654956925762,-0.3315656580987715,-1.6240619526985967e-07
0.90275,0.9177777777777778,0.04,-0.7,2.0,0.3,0.04,0.01,9674,-0.5643065414909221,-0.5643065385799342,2.910987895177186e-09,2.0770640041245514,2.077063985363452,-1.876109934073611e-08,0.3053826034213336,0.30538260509353427,1.6722006557223779e-09,-0.028584203503045913,-0.02858420343910245,6.394346163673958e-11,-0.4969048938538445,-0.4969050938413985,-1.9998755401706703e-07
1.0025,0.9177777777777778,0.04,-0.7,2.0,0.3,0.04,0.01,9683,-0.5529561075229283,-0.5529561048734765,2.6494518801101208e-09,1.9867917977478555,1.9867919139827692,1.162349136940577e-07,0.3017941324728879,0.30179413398334737,1.5104594797143989e-09,-0.026652013746242265,-0.02665201368775594,5.848632342320137e-11,-0.554202720833008,-0.5542029331267103,-2.122937022841498e-07
1.10225,0.9177777777777778,0.04,-0.7,2.0,0.3,0.04,0.01,9692,-0.5430510015166923,-0.5430509990982296,2.4184626523648944e-09,1.916780184574307,1.9167802324541348,4.787982765819265e-08,0.29738046639055105,0.2973804678881253,1.4975742312905993e-09,-0.025080000041199924,-0.02507999999105664,5.014328188779338e-11,-0.6102366983973262,-0.6102369225323646,-2.241350384180052e-07
1.1576666666666666,0.9177777777777778,0.04,-0.7,2.0,0.3,0.04,0.01,9697,-0.5380386017297956,-0.5380385993432378,2.3865577292170315e-09,1.8842310656186356,1.8842310709740122,5.35537658663543e-09,0.2946862434213826,0.2946862449547354,1.5333527780825307e-09,-0.02434494151826172,-0.024344941471373446,4.688827451304611e-11,-0.6408771327093277,-0.6408773632626021,-2.3055327447174534e-07
1.30175,0.9177777777777778,0.04,-0.7,2.0,0.3,0.04,0.01,9710,-0.5262894667210083,-0.5262894640297697,2.691238565333265e-09,1.8119645839309584,1.811964632929994,4.89990357177561e-08,0.2871437874851779,0.28714378918983813,1.7046602462933436e-09,-0.02282225708666319,-0.02282225705204646,3.461672962168372e-11,-0.7192139748218862,-0.7192142216261153,-2.468042290537653e-07
1.4790833333333333,0.9177777777777778,0.04,-0.7,2.0,0.3,0.04,0.01,9726,-0.5138437804905194,-0.5138437768499646,3.6405547465534482e-09,1.7314833289372444,1.731483411939311,8.300206655320608e-08,0.2771865923523187,0.277186594291561,1.9392423222797106e-09,-0.021538116312946887,-0.021538116292910657,2.003622961987972e-11,-0.8138190790019095,-0.8138193451670599,-2.661651503643725e-07
1.734,0.9177777777777778,0.04,-0.7,2.0,0.3,0.04,0.01,9749,-0.49900932169194556,-0.49900931676579124,4.926154317796971e-09,1.612507699588761,1.6125077046744847,5.085723620013027e-09,0.262268470971605,0.26226847312021784,2.148612843200226e-09,-0.02038485004324242,-0.020384850033997454,9.244965903931757e-12,-0.9484392082767523,-0.9484395014141349,-2.9313738258984756e-07
0.10475000000000001,0.92,0.04,-0.7,2.0,0.3,0.04,0.01,9783,-0.8272668767494995,-0.8272669382143351,-6.146483555458104e-08,3.3126491216783904,3.3126492444732736,1.2279488315058984e-07,0.0929063291382759,0.09290633339111565,4.2528397470320556e-09,-0.02765739247123644,-0.027657378717276682,1.3753959759305046e-08,-0.021669849331606983,-0.0216699555161151,-1.0618450811683555e-07
0.37075,0.92,0.04,-0.7,2.0,0.3,0.04,0.01,9807,-0.6748795242103589,-0.6748795339417373,-9.731378369792765e-09,2.9786585142854705,2.9786586581682015,1.438827310629165e-07,0.2724077166463279,0.2724077228641908,6.217862891233494e-09,-0.03854200155056775,-0.038542001900261566,-3.496938155711504e-10,-0.17596844170797432,-0.17596856555624119,-1.2384826686417938e-07
0.4261666666666667,0.92,0.04,-0.7,2.0,0.3,0.04,0.01,9812,-0.6548976052425659,-0.6548976111995864,-5.957020543512215e-09,2.870680165800721,2.8706802785830483,1.1278232747713446e-07,0.2855761742270868,0.2855761798401731,5.613086273559276e-09,-0.03929098594257496,-0.03929098641750386,-4.749288948224795e-10,-0.20870252574300974,-0.20870265774888394,-1.3200587420381105e-07
0.5148333333333334,0.92,0.04,-0.7,2.0,0.3,0.04,0.01,9820,-0.6285636816408258,-0.6285636833562765,-1.7154507814254316e-09,2.6896044336144342,2.689604507223544,7.360910991849323e-08,0.2991912429489707,0.2991912475202944,4.5713237084576974e-09,-0.03877795121509653,-0.03877795153293251,-3.1783597975731936e-10,-0.26149948535864054,-0.2614996308646096,-1.455059690513849e-07
0.936,0.92,0.04,-0.7,2.0,0.3,0.04,0.01,9858,-0.5557964685296013,-0.5557964656150052,2.914596120007218e-09,2.0404996525780206,2.040499651340099,-1.2379217650959617e-09,0.30554994977255445,0.3055499513258674,1.553312922730754e-09,-0.02815399325256651,-0.028153993187563335,6.50031764526382e-11,-0.5123215181365715,-0.5123217218308226,-2.0369425113297979e-07
1.1909166666666666,0.92,0.04,-0.7,2.0,0.3,0.04,0.01,9881,-0.5310300225469522,-0.5310300200128703,2.534081944283173e-09,1.86299018434255,1.862990181369838,-2.9727120764988513e-09,0.2940427479844465,0.2940427495256163,1.5411698028877652e-09,-0.024133424008920823,-0.024133423964093206,4.4827617312614976e-11,-0.6548337498377133,-0.6548339835066778,-2.336689645110468e-07
1.3460833333333333,0.92,0.04,-0.7,2.0,0.3,0.04,0.01,9895,-0.5190128567192365,-0.5190128536504046,3.0688318553018235e-09,1.7876265301364214,1.787626689970774,1.5983435264210755e-07,0.2856436311826638,0.2856436329287432,1.7460793921841855e-09,-0.02261011495585663,-0.02261011492512568,3.073094903549567e-11,-0.73848586632147,-0.7384861171567935,-2.508353235119998e-07
1.4236666666666666,0.92,0.04,-0.7,2.0,0.3,0.04,0.01,9902,-0.5136258752042044,-0.5136258717047024,3.4995020214978467e-09,1.752003842003802,1.752003848680319,6.676517116943614e-09,0.2812435701771143,0.28124357203358147,1.8564671466769767e-09,-0.022033818979361186,-0.022033818953439123,2.592206310714218e-11,-0.7797625467903524,-0.7797628060047973,-2.592144449087286e-07
1.4790833333333333,0.92,0.04,-0.7,2.0,0.3,0.04,0.01,9907,-0.5100015278319825,-0.5100015240019375,3.830044947861211e-09,1.7265020746393134,1.7265020870021324,1.2362818990752089e-08,0.2780443242239583,0.2780443261477882,1.923829873184957e-09,-0.021681028273545788,-0.021681028252152942,2.1392845828138718e-11,-0.8090988183132031,-0.809099083441219,-2.6512801587497137e-07
1.5788333333333333,0.92,0.04,-0.7,2.0,0.3,0.04,0.01,9916,-0.5039107329984915,-0.503910728599239,4.399252517828245e-09,1.6799103441655916,1.6799103264080393,-1.7757552317476666e-08,0.272201498273672,0.2722015003109297,2.0372576958749278e-09,-0.021145242778131124,-0.021145242760181336,1.7949787489701663e-11,-0.8617103205404986,-0.8617105961963715,-2.756558729055669e-07
1.7229166666666667,0.92,0.04,-0.7,2.0,0.3,0.04,0.01,9929,-0.49600205710320644,-0.49600205208216996,5.021036475483243e-09,1.6111683209807381,1.6111683915185562,7.053781803101344e-08,0.2636607596398499,0.26366076177943504,2.139585120186638e-09,-0.02053973980453705,-0.02053973979362557,1.0911480052833156e-11,-0.9375433778405218,-0.9375436684700184,-2.90629496579875e-07
2.0,0.92,0.04,-0.7,2.0,0.3,0.04,0.01,9954,-0.4831940913113675,-0.48319408594489394,5.366473543322314e-09,1.4811379789314572,1.4811379537968408,-2.513461638820047e-08,0.24737445859956964,0.2473744607690016,2.169431967402602e-09,-0.019725060807773698,-0.019725060800353737,7.419960479371213e-12,-1.0839143778404448,-1.083914696615812,-3.187753672140303e-07
0.04933333333333333,0.9222222222222223,0.04,-0.7,2.0,0.3,0.04,0.01,9959,-0.8966744183047659,-0.8966745352896613,-1.1698489543743307e-07,3.0588492072602946,3.05884894172286,-2.6553743470714153e-07,0.02706873624733208,0.02706873894058786,2.6932557781189637e-09,-0.06704179031841173,-0.06704177618464471,1.4133767017865395e-08,0.01862202236524446,0.01862189748751279,-1.2487773167271787e-07
0.10475000000000001,0.9222222222222223,0.04,-0.7,2.0,0.3,0.04,0.01,9964,-0.8198147312243886,-0.8198147919493558,-6.072496716580389e-08,3.394118164301574,3.3941182893820456,1.2508047175785464e-07,0.09556838646868071,0.09556839082859825,4.3599175381103805e-09,-0.029945038212408903,-0.029945024000595188,1.4211813715442334e-08,-0.01993130833877199,-0.019931416402170502,-1.0806339851079927e-07
0.31533333333333335,0.9222222222222223,0.04,-0.7,2.0,0.3,0.04,0.01,9983,-0.6913619773407653,-0.6913619914828519,-1.4142086612878302e-08,3.096676959302158,3.0966771552016255,1.958994673145753e-07,0.2567450883622646,0.2567450951370146,6.774749983229356e-09,-0.038195535710661144,-0.03819553567934384,3.131730291761059e-11,-0.14064846184713709,-0.1406485780067355,-1.1615959841226875e-07
0.3929166666666667,0.9222222222222223,0.04,-0.7,2.0,0.3,0.04,0.01,9990,-0.659975134069124,-0.6599751416213656,-7.552241609865007e-09,2.94677827694656,2.946778465682719,1.8873615914571928e-07,0.2803853468386075,0.2803853527954785,5.956870996470798e-09,-0.03974588650257349,-0.03974588692394297,-4.2136948097404314e-10,-0.18640867523456173,-0.18640880223479886,-1.2700023713230202e-07
0.44833333333333336,0.9222222222222223,0.04,-0.7,2.0,0.3,0.04,0.01,9995,-0.6414382799069251,-0.6414382841304405,-4.223515315260329e-09,2.831822165649811,2.831822330817214,1.6516740286576237e-07,0.29178132124552114,0.2917813265674803,5.321959151149969e-09,-0.04004620090564126,-0.04004620135328902,-4.476477591386363e-10,-0.21902794716782692,-0.2190280823808275,-1.3521300057384167e-07
0.537,0.9222222222222223,0.04,-0.7,2.0,0.3,0.04,0.01,10003,-0.6169854085694149,-0.6169854090973617,-5.279467973906549e-10,2.6454629431515997,2.6454629696805427,2.652894304233655e-08,0.3033067048013871,0.30330670906495266,4.263565556161808e-09,-0.03892985333320276,-0.03892985358132389,-2.4812113474936837e-10,-0.2717949280067744,-0.27179507668201064,-1.4867523623340873e-07
0.5813333333333334,0.9222222222222223,0.04,-0.7,2.0,0.3,0.04,0.01,10007,-0.6066626209463855,-0.6066626202175572,7.28828219997979e-10,2.555439920781666,2.5554399888727706,6.809110475458624e-08,0.3067531281661373,0.3067531319206692,3.754531907596004e-09,-0.03786575793252034,-0.037865758074377844,-1.4185750490947058e-10,-0.2984287804536079,-0.2984289357909806,-1.5533737274253667e-07
0.7254166666666667,0.9222222222222223,0.04,-0.7,2.0,0.3,0.04,0.01,10020,-0.5794924176366623,-0.5794924147656582,2.871004101123731e-09,2.297284495966778,2.2972844827683674,-1.3198410808712424e-08,0.3110145452411839,0.31101454765571235,2.4145284660548327e-09,-0.03369172754480454,-0.03369172750270797,4.20965692859987e-11,-0.38506639351565397,-0.38506656949504753,-1.7597939355740166e-07
0.9249166666666667,0.9222222222222223,0.04,-0.7,2.0,0.3,0.04,0.01,10038,-0.5525207191786619,-0.5525207161524808,3.0261810834986136e-09,2.047081582023935,2.0470816854061757,1.0338224054606826e-07,0.30716858438889494,0.30716858591322527,1.5243303286283094e-09,-0.02863830317778593,-0.02863830310622811,7.155781869827571e-11,-0.5021378704017643,-0.5021380722886161,-2.018868517916772e-07
0.9692500000000001,0.9222222222222223,0.04,-0.7,2.0,0.3,0.04,0.01,10042,-0.5476218421196499,-0.5476218392225023,2.897147632907604e-09,2.0067970063486484,2.006797068902271,6.255362272611364e-08,0.30550648976251926,0.3055064912200456,1.4575263218574719e-09,-0.027738237865504445,-0.027738237800778307,6.472613764407775e-11,-0.5274706800795226,-0.5274708873768069,-2.072972843381038e-07
1.0246666666666666,0.9222222222222223,0.04,-0.7,2.0,0.3,0.04,0.01,10047,-0.5419058255190512,-0.5419058227766554,2.7423957549288502e-09,1.9626082425894253,1.9626082484315257,5.842100359032543e-09,0.30317842029753406,0.3031784217154347,1.4179006302406094e-09,-0.026722428003722598,-0.026722427939991137,6.373146108074046e-11,-0.5587798753683981,-0.558780089290993,-2.1392259486052723e-07
1.069,0.9222222222222223,0.04,-0.7,2.0,0.3,0.04,0.01,10051,-0.5376168928847291,-0.5376168902327672,2.651961983346496e-09,1.931431375945536,1.931431365569523,-1.0376012937740597e-08,0.30115541651054567,0.30115541793037975,1.4198340836379941e-09,-0.02599184623447437,-0.025991846174887562,5.958680771023239e-11,-0.5835540307105869,-0.5835542498230089,-2.191124219841356e-07
1.23525,0.9222222222222223,0.04,-0.7,2.0,0.3,0.04,0.01,10066,-0.5233245673380571,-0.5233245645642667,2.7737904195745955e-09,1.8367333876057046,1.836733354054095,-3.3551609490700685e-08,0.29269680220711525,0.29269680377604185,1.5689265997487212e-09,-0.023816141955790293,-0.02381614191215284,4.3637454760769856e-11,-0.6745764533314103,-0.6745766912350352,-2.3790362491116213e-07
1.3793333333333333,0.9222222222222223,0.04,-0.7,2.0,0.3,0.04,0.01,10079,-0.5127241502519975,-0.5127241468191098,3.432887640819615e-09,1.767876794955825,1.7678767833295148,-1.1626310136847451e-08,0.2846665589148478,0.28466656068698787,1.7721400458192704e-09,-0.02250416435062297,-0.022504164319987818,3.0635150666258326e-11,-0.7516466637197405,-0.7516469172516823,-2.5353194177402116e-07
1.3904166666666666,0.9222222222222223,0.04,-0.7,2.0,0.3,0.04,0.01,10080,-0.5119661732055913,-0.5119661697114798,3.494111555646384e-09,1.762709889163716,1.7627098541825177,-3.4981198382411094e-08,0.2840313324242727,0.2840313342124014,1.7881287006638047e-09,-0.022420416853075054,-0.022420416822761094,3.0313959675787316e-11,-0.7575264168541151,-0.7575266715680784,-2.5471396325471574e-07
1.7450833333333333,0.9222222222222223,0.04,-0.7,2.0,0.3,0.04,0.01,10112,-0.491320759852254,-0.49132075463432756,5.217926424272434e-09,1.5936630459734147,1.593663002282313,-4.369110162549816e-08,0.26305831773293376,0.2630583198771941,2.1442603248544856e-09,-0.020571343944397746,-0.020571343935126215,9.271531459242865e-12,-0.9441546512528598,-0.9441549427841456,-2.9153128577874554e-07
1.9445833333333333,0.9222222222222223,0.04,-0.7,2.0,0.3,0.04,0.01,10130,-0.48220558489159293,-0.4822055794472319,5.444361017570287e-09,1.4991303032285686,1.4991304191210146,1.1589244608423144e-07,0.25122835512425556,0.2512283572997077,2.175452151753632e-09,-0.01995561933310075,-0.01995561932464641,8.454337924179711e-12,-1.0492406128667642,-1.04924092446976,-3.116029958505351e-07
0.02716666666666667,0.9244444444444444,0.04,-0.7,2.0,0.3,0.04,0.01,10138,-0.9396967532154799,-0.9396969142965722,-1.610810923535766e-07,2.8247534700209798,2.8247524339639103,-1.0360570694700755e-06,0.0005704685758500805,0.0005704719041762923,3.3283262118599666e-09,-0.09516317051150303,-0.0951635663317504,-3.958202473702821e-07,0.032279529806056306,0.032279449920077474,-7.98859788320172e-08
0.7808333333333334,0.9244444444444444,0.04,-0.7,2.0,0.3,0.04,0.01,10206,-0.5661015048419316,-0.5661015015668369,3.275094639931808e-09,2.2110455022428255,2.2110455234528232,2.120999775812038e-08,0.3121092881602783,0.3121092901634378,2.003159527141918e-09,-0.03245060382572884,-0.032450603759521406,6.620743536744911e-11,-0.4145232089186601,-0.4145233920471701,-1.831285099673785e-07
0.7919166666666667,0.9244444444444444,0.04,-0.7,2.0,0.3,0.04,0.01,10207,-0.5645443289145624,-0.5645443256243741,3.290188343996192e-09,2.195825449247124,2.1958254688937395,1.9646615445623183e-08,0.3119512438043426,0.3119512457459346,1.9415919982890273e-09,-0.03214507393239918,-0.032145073866479176,6.592000556526756e-11,-0.42105997890673486,-0.4210601634969251,-1.8459019024419376e-07
1.0911666666666666,0.9244444444444444,0.04,-0.7,2.0,0.3,0.04,0.01,10234,-0.5313008401447439,-0.5313008374190915,2.7256523704721758e-09,1.9134518636221287,1.9134517851840316,-7.843809712859695e-08,0.3011657050469574,0.3011657064411602,1.394202808757683e-09,-0.025854570848971026,-0.02585457079270644,5.626458673968493e-11,-0.5917565788537971,-0.5917567999511377,-2.2109734065800524e-07
1.16875,0.9244444444444444,0.04,-0.7,2.0,0.3,0.04,0.01,10241,-0.5245849268376013,-0.5245849240768763,2.7607249819538993e-09,1.8678553037609902,1.8678552911660473,-1.2594942866428482e-08,0.29722405852028455,0.29722405997952267,1.4592381192279902e-09,-0.024774352764267427,-0.024774352717151924,4.711550247171736e-11,-0.6342629752742468,-0.634263205114737,-2.2984049019569852e-07
1.2130833333333333,0.9244444444444444,0.04,-0.7,2.0,0.3,0.04,0.01,10245,-0.520986866104356,-0.5209868632453808,2.8589751677188247e-09,1.8442625537851143,1.8442625768557592,2.3070644949996222e-08,0.29486525639804695,0.2948652579112066,1.5131596531325897e-09,-0.0242380292750366,-0.02423802923040522,4.4631378454118575e-11,-0.6582915263128597,-0.6582917610547361,-2.3474187638150568e-07
1.2574166666666666,0.9244444444444444,0.04,-0.7,2.0,0.3,0.04,0.01,10249,-0.5175448901806323,-0.5175448871673366,3.0132957240525116e-09,1.8218398012415093,1.8218399360872402,1.348457308036899e-07,0.29244471873746125,0.2924447203092119,1.5717506740564602e-09,-0.02375428217571418,-0.023754282135747592,3.9966589066020575e-11,-0.6821551704044859,-0.6821554099829906,-2.395785047015764e-07
1.5345,0.9244444444444444,0.04,-0.7,2.0,0.3,0.04,0.01,10274,-0.49901799192036966,-0.4990179874055542,4.514815465928024e-09,1.6891808785057805,1.6891808549581344,-2.3547646055277482e-08,0.2764131315799445,0.2764131335437988,1.9638543014011134e-09,-0.02163456586157242,-0.021634565842096685,1.947573352589771e-11,-0.8287947519447503,-0.8287950207061614,-2.687614111263059e-07
1.5788333333333333,0.9244444444444444,0.04,-0.7,2.0,0.3,0.04,0.01,10278,-0.49647121208695744,-0.4964712073484672,4.738490211320112e-09,1.6677225267436313,1.6677225844882881,5.7744656833946806e-08,0.27376146790270006,0.2737614699139939,2.01129385368759e-09,-0.021400134512239433,-0.02140013449625508,1.5984352730313844e-11,-0.8520349541149552,-0.8520352274255373,-2.733105820551529e-07
1.6231666666666666,0.9244444444444444,0.04,-0.7,2.0,0.3,0.04,0.01,10282,-0.4940261405711466,-0.49402613563380116,4.937345421396344e-09,1.6461408458567917,1.6461409450980073,9.9241215689716e-08,0.27109909195299764,0.2710990940066866,2.053688941128229e-09,-0.02118567626357981,-0.02118567625164848,1.1931330923253824e-11,-0.8752560810515453,-0.8752563588775074,-2.778259621250001e-07
1.76725,0.9244444444444444,0.04,-0.7,2.0,0.3,0.04,0.01,10295,-0.4867233189431719,-0.4867233135592882,5.383883672216427e-09,1.5758609972493787,1.575860997523416,2.740372373466471e-10,0.2624240527177024,0.26242405486442527,2.1467228550342554e-09,-0.020599446364510943,-0.020599446355511582,8.999360284756008e-12,-0.9507311029724463,-0.9507313953376493,-2.9236520293629553e-07
1.9889166666666667,0.9244444444444444,0.04,-0.7,2.0,0.3,0.04,0.01,10315,-0.4770840758183681,-0.47708407034235734,5.47601075595594e-09,1.4716627139144123,1.4716627225813426,8.666930284562113e-09,0.2492612905932723,0.24926129276429168,2.1710193920387866e-09,-0.01993312946924064,-0.019933129462868286,6.372354033334915e-12,-1.067362660476523,-1.0673629748256632,-3.143491402735066e-07
0.19341666666666668,0.9266666666666667,0.04,-0.7,2.0,0.3,0.04,0.01,10334,-0.7394889831285889,-0.7394890132333691,-3.010478022424934e-08,3.383928437461492,3.3839286454833832,2.0802189126811754e-07,0.1935685907231144,0.19356859821553823,7.492423848010077e-09,-0.038587713751259134,-0.038587714618056775,-8.667976406084854e-10,-0.06411660038896372,-0.06411670448849328,-1.0409952956591528e-07
0.57025,0.9266666666666667,0.04,-0.7,2.0,0.3,0.04,0.01,10368,-0.5976888934081104,-0.5976888922591405,1.148969919206877e-09,2.575467900056694,2.575467980079727,8.002303308884962e-08,0.309401639808915,0.3094016435710056,3.762090583503408e-09,-0.039139034236634895,-0.039139034391322276,-1.5468738095991696e-10,-0.28558292294061927,-0.28558307620923024,-1.5326861096953692e-07
0.7919166666666667,0.9266666666666667,0.04,-0.7,2.0,0.3,0.04,0.01,10388,-0.5596696574797222,-0.5596696540573743,3.4223478495576387e-09,2.1913493852832033,2.1913494583546997,7.307149640922717e-08,0.3132773440758796,0.313277345958929,1.8830493830890305e-09,-0.03245081589942078,-0.032450815827384835,7.203594665217139e-11,-0.4175145773396838,-0.41751476159689804,-1.8425721426407193e-07
0.9581666666666667,0.9266666666666667,0.04,-0.7,2.0,0.3,0.04,0.01,10403,-0.5398733483835683,-0.5398733452996355,3.0839327758158674e-09,2.0084104601636454,2.0084105726892956,1.1252565013109006e-07,0.3082695796155499,0.30826958099735086,1.3818009514388052e-09,-0.028430340238694285,-0.02843034016663712,7.205716578972954e-11,-0.5134386543687031,-0.5134388594044771,-2.0503577402575246e-07
0.9803333333333334,0.9266666666666667,0.04,-0.7,2.0,0.3,0.04,0.01,10405,-0.5375841157856387,-0.5375841127612927,3.0243459958612107e-09,1.989597908647056,1.9895979537309703,4.508391415747326e-08,0.3073508514872536,0.3073508528461387,1.3588851155432735e-09,-0.02798597510261791,-0.02798597503427849,6.833942092776546e-11,-0.5259607247107279,-0.5259609323918745,-2.076811466134032e-07
1.0911666666666666,0.9266666666666667,0.04,-0.7,2.0,0.3,0.04,0.01,10415,-0.5270528177009348,-0.5270528148655081,2.8354266712327103e-09,1.9097441628090905,1.90974427936216,1.1655306941804611e-07,0.30220974434280734,0.3022097456981633,1.355355938592595e-09,-0.026053728227337647,-0.026053728169475016,5.7862631352989524e-11,-0.5876650567251951,-0.5876652772379741,-2.2051277903667454e-07
1.1133333333333333,0.9266666666666667,0.04,-0.7,2.0,0.3,0.04,0.01,10417,-0.5251059574915007,-0.5251059546590862,2.8324145251445998e-09,1.8960331027439992,1.8960331159905237,1.3246524543930605e-08,0.3010949724124856,0.3010949737830412,1.3705555579335282e-09,-0.02572063500155819,-0.025720634946550337,5.5007852439725724e-11,-0.5998364820147817,-0.5998367050243465,-2.2300956481480227e-07
1.6785833333333333,0.9266666666666667,0.04,-0.7,2.0,0.3,0.04,0.01,10468,-0.48751528573559577,-0.4875152804531195,5.282476289725224e-09,1.6121165236082646,1.6121165972374585,7.36291938530087e-08,0.26847304942650974,0.26847305151400663,2.087496897562602e-09,-0.021055013575688175,-0.021055013562832032,1.2856143233319628e-11,-0.8993289094053059,-0.8993291915376742,-2.821323683566135e-07
1.70075,0.9266666666666667,0.04,-0.7,2.0,0.3,0.04,0.01,10470,-0.48641145956040965,-0.4864114542129953,5.347414344658574e-09,1.6011977521657172,1.601197773219264,2.1053546683802438e-08,0.2671284554411901,0.26712845754588793,2.1046978049277243e-09,-0.020962059996687543,-0.020962059985279106,1.1408436695337087e-11,-0.9109099112511454,-0.910910195594017,-2.8434287158152216e-07
1.7229166666666667,0.9266666666666667,0.04,-0.7,2.0,0.3,0.04,0.01,10472,-0.48532965078479373,-0.4853296453822538,5.40253991543338e-09,1.5903014960461093,1.5903015041029847,8.05687538907307e-09,0.26578435395940847,0.2657843560737325,2.114324049173888e-09,-0.02087268459433078,-0.02087268458461711,9.71367083990593e-12,-0.9224939916913089,-0.9224942782385589,-2.865472500390709e-07
1.76725,0.9266666666666667,0.04,-0.7,2.0,0.3,0.04,0.01,10476,-0.4832294329829012,-0.4832294274959054,5.4869958021619425e-09,1.5686127896596957,1.5686129349409264,1.4528123060131293e-07,0.2630996338226499,0.2630996359627812,2.140131294403602e-09,-0.020703870127480872,-0.020703870117670924,9.809947992822643e-12,-0.9456756295589397,-0.945675920506206,-2.9094726627931777e-07
0.138,0.9288888888888889,0.04,-0.7,2.0,0.3,0.04,0.01,10510,-0.7672530340352424,-0.7672530767160881,-4.2680845746545515e-08,3.5646166129943424,3.5646167949697154,1.8197537299258215e-07,0.1430277724423501,0.14302777869692898,6.2545788825918436e-09,-0.03796726559979202,-0.0379672663027658,-7.029737764119304e-10,-0.03228190777720963,-0.03228201446382258,-1.0668661295371029e-07
0.21558333333333335,0.9288888888888889,0.04,-0.7,2.0,0.3,0.04,0.01,10517,-0.719632747794019,-0.7196327733067462,-2.551272726414311e-08,3.37131381145106,3.3713139841817568,1.7273069685685982e-07,0.21274722575959082,0.21274723333172646,7.572135640732114e-09,-0.04007121241211831,-0.04007121259348722,-1.813689129437357e-10,-0.07498143660772394,-0.07498154280935378,-1.0620162983754344e-07
0.271,0.9288888888888889,0.04,-0.7,2.0,0.3,0.04,0.01,10522,-0.6910525575423709,-0.6910525749340279,-1.7391657003429373e-08,3.247589502874959,3.2475896743741988,1.7149923969839165e-07,0.24500978584057753,0.245009793049167,7.208589475338201e-09,-0.040531603966165175,-0.040531603725663216,2.40501958626016e-10,-0.1074936442005403,-0.10749375555171974,-1.1135117942984163e-07
0.38183333333333336,0.9288888888888889,0.04,-0.7,2.0,0.3,0.04,0.01,10532,-0.6441465740081309,-0.6441465806783091,-6.670178187562215e-09,2.9991884642477373,2.999188721425905,2.571781676508067e-07,0.2840626255348755,0.2840626315219302,5.987054685352433e-09,-0.042028747836153624,-0.04202874818045706,-3.4430343298641475e-10,-0.17207666897667284,-0.17207679432702794,-1.2535035509575465e-07
0.47050000000000003,0.9288888888888889,0.04,-0.7,2.0,0.3,0.04,0.01,10540,-0.6161795126063963,-0.616179514339344,-1.7329477852712216e-09,2.794773501513248,2.794773570042632,6.852938394530383e-08,0.3010604066486233,0.30106041156334745,4.9147241276692455e-09,-0.041828432240376134,-0.041828432618861856,-3.784857219302218e-10,-0.22359041192299145,-0.22359055010890272,-1.3818591126923963e-07
0.5259166666666667,0.9288888888888889,0.04,-0.7,2.0,0.3,0.04,0.01,10545,-0.6019496688119963,-0.6019496685062556,3.057406550155406e-10,2.669642129582428,2.6696421971951017,6.761267368204926e-08,0.30754889951495334,0.3075489037399648,4.225011451808314e-09,-0.04079157595066052,-0.040791576200670886,-2.500103665759035e-10,-0.25620069641490995,-0.2562008428960086,-1.464810986395726e-07
0.83625,0.9288888888888889,0.04,-0.7,2.0,0.3,0.04,0.01,10573,-0.5491265309282012,-0.5491265274197838,3.5084173344301917e-09,2.1298668717584235,2.1298668657454733,-6.012950137801454e-09,0.31359453794538306,0.31359453957082806,1.6254450008190702e-09,-0.03153440960995679,-0.03153440953149944,7.845735172651302e-11,-0.43980530887388625,-0.43980549849748074,-1.8962359449314903e-07
1.1576666666666666,0.9288888888888889,0.04,-0.7,2.0,0.3,0.04,0.01,10602,-0.517198340265479,-0.5171983372466986,3.0187803368164623e-09,1.866309878861827,1.8663099184725904,3.9610763336028754e-08,0.2997740061538856,0.2997740075350612,1.381175618320185e-09,-0.025284979366380078,-0.025284979312629206,5.375087180903293e-11,-0.6198339701418698,-0.6198341974406795,-2.272988096629902e-07
1.56775,0.9288888888888889,0.04,-0.7,2.0,0.3,0.04,0.01,10639,-0.4896906121210076,-0.48969060710457407,5.016433546334298e-09,1.660162363137374,1.660162378189649,1.5052274981997016e-08,0.2759276288707979,0.27592763084384414,1.9730462264000437e-09,-0.0217046395992182,-0.021704639581690756,1.7527444773346446e-11,-0.8366396220757522,-0.8366398919058948,-2.698301426740102e-07
1.6564166666666666,0.9288888888888889,0.04,-0.7,2.0,0.3,0.04,0.01,10647,-0.48504279719835397,-0.48504279185044213,5.347911835595909e-09,1.6160081106608715,1.6160081437646527,3.310378127174829e-08,0.2705211823653131,0.2705211844287829,2.063469839441723e-09,-0.02126463580665039,-0.021264635789898605,1.6751783987745128e-11,-0.8828483545578192,-0.8828486331883212,-2.786305020041624e-07
1.7229166666666667,0.9288888888888889,0.04,-0.7,2.0,0.3,0.04,0.01,10653,-0.4818037067352843,-0.48180370122256905,5.512715228750409e-09,1.5830228183855155,1.5830228685019485,5.0116433003566385e-08,0.26646146651015945,0.26646146861612763,2.1059681776236516e-09,-0.020978840442609226,-0.020978840429634587,1.2974638724516652e-11,-0.9175089800483871,-0.9175092652225196,-2.8517413253048574e-07
0.06041666666666667,0.9311111111111111,0.04,-0.7,2.0,0.3,0.04,0.01,10684,-0.8468162303604254,-0.8468163313678002,-1.0100737479756816e-07,3.721436125925237,3.72143628135168,1.5542644282717788e-07,0.04972976238221127,0.04972976561855265,3.236341375445484e-09,-0.0652670971806879,-0.06526701726496525,7.991572265053648e-08,0.016947941118838905,0.01694780700625668,-1.3411258222364997e-07
0.10475000000000001,0.9311111111111111,0.04,-0.7,2.0,0.3,0.04,0.01,10688,-0.788232642696951,-0.7882326996459488,-5.6948997739780793e-08,3.708494683563046,3.708494930469143,2.46906096901256e-07,0.10615887078735398,0.10615887556193283,4.774578857280609e-09,-0.03911749874185855,-0.039117482460087595,1.628177095230887e-08,-0.013050997100805262,-0.013051112595135068,-1.1549432980643981e-07
0.24883333333333335,0.9311111111111111,0.04,-0.7,2.0,0.3,0.04,0.01,10701,-0.6947720141498026,-0.6947720338578445,-1.9708041865129644e-08,3.3232123386461865,3.3232125389012923,2.0025510583110417e-07,0.2359239300200877,0.2359239374284705,7.408382796114665e-09,-0.04144121351079555,-0.041441213319842705,1.9095284381487332e-10,-0.09234976890870605,-0.09234987841378113,-1.0950507507712093e-07
0.271,0.9311111111111111,0.04,-0.7,2.0,0.3,0.04,0.01,10703,-0.6838102569903248,-0.6838102737171611,-1.6726836249425503e-08,3.27033308766822,3.2703333134894423,2.2582122216618927e-07,0.24739400593332128,0.24739401313738354,7.2040622633995355e-09,-0.041610592887986186,-0.041610592666533,2.214531891198135e-10,-0.105306414798223,-0.10530652650355313,-1.1170533012472283e-07
0.4926666666666667,0.9311111111111111,0.04,-0.7,2.0,0.3,0.04,0.01,10723,-0.6041305803503039,-0.6041305807513253,-4.0102143827880354e-10,2.7450284989516405,2.7450286588127706,1.5986113011123848e-07,0.30574505041874867,0.3057450549957918,4.577043133391356e-09,-0.042057907549408746,-0.042057907873440326,-3.2403157934624005e-10,-0.2336979565159547,-0.23369809790526713,-1.41389312424689e-07
0.7586666666666667,0.9311111111111111,0.04,-0.7,2.0,0.3,0.04,0.01,10747,-0.55440647343169,-0.5544064697576515,3.6740385178646306e-09,2.228927781233736,2.2289277864202477,5.186511664589943e-09,0.3163567320030314,0.3163567339492116,1.9461802169828957e-09,-0.03402938750424189,-0.03402938743242819,7.181370081932315e-11,-0.390981176396632,-0.39098135567167225,-1.7927504025738727e-07
0.936,0.9311111111111111,0.04,-0.7,2.0,0.3,0.04,0.01,10763,-0.5332371020480564,-0.5332370987256282,3.3224282214305845e-09,2.0197322314619015,2.0197323023336407,7.087173914399614e-08,0.31141200209638953,0.31141200340745145,1.3110619256906375e-09,-0.029366816395315354,-0.029366816319330868,7.598448606427333e-11,-0.49322965156584075,-0.493229853064293,-2.0149845225692076e-07
0.9581666666666667,0.9311111111111111,0.04,-0.7,2.0,0.3,0.04,0.01,10765,-0.5309657061322581,-0.5309657028745209,3.2577371911202135e-09,1.9999521205793513,1.9999520992952693,-2.1284082052375197e-08,0.31050024147771804,0.31050024276082405,1.283106010330215e-09,-0.028887638613417366,-0.02888763853976587,7.365149462534859e-11,-0.5057351319606718,-0.5057353360917964,-2.041311246703259e-07
1.069,0.9311111111111111,0.04,-0.7,2.0,0.3,0.04,0.01,10775,-0.52051460806668,-0.520514604994402,3.07227798757026e-09,1.916210035091126,1.916209986093578,-4.89975480189031e-08,0.30535271909964967,0.3053527203616891,1.2620394174156502e-09,-0.026802493530708738,-0.026802493468206387,6.250235051741271e-11,-0.5673528611821466,-0.5673530780563566,-2.1687421003502294e-07
1.202,0.9311111111111111,0.04,-0.7,2.0,0.3,0.04,0.01,10787,-0.5095774621480254,-0.5095774588474059,3.3006194444240577e-09,1.8377918020728856,1.8377919155873172,1.135144316322112e-07,0.2982971385370736,0.29829713994414786,1.407074234904826e-09,-0.024890188683734937,-0.02489018863703403,4.670090703040586e-11,-0.6395135748618608,-0.6395138062676401,-2.314057793162405e-07
1.2574166666666666,0.9311111111111111,0.04,-0.7,2.0,0.3,0.04,0.01,10792,-0.5054417018465762,-0.505441698317446,3.529130210289111e-09,1.8087701947333557,1.8087702189219677,2.4188612002262744e-08,0.2951751502244804,0.2951751517177337,1.4932532987899094e-09,-0.02424958560370838,-0.02424958556274474,4.0963638731073004e-11,-0.6691124623237066,-0.6691126995857395,-2.3726203290941328e-07
1.335,0.9311111111111111,0.04,-0.7,2.0,0.3,0.04,0.01,10799,-0.5000172783148349,-0.5000172743776254,3.937209447357759e-09,1.7696159204660944,1.7696160435099286,1.2304383423256127e-07,0.2906794974180671,0.29067949903756635,1.6194992569218414e-09,-0.023479224806610688,-0.023479224770884224,3.572646345428865e-11,-0.7101916995774782,-0.7101919448831115,-2.453056333617809e-07
1.4015,0.9311111111111111,0.04,-0.7,2.0,0.3,0.04,0.01,10805,-0.4956836361083572,-0.4956836317907363,4.317620871940875e-09,1.7365285043258183,1.7365286316432833,1.2731746501515318e-07,0.28673706487652995,0.2867370666051299,1.7285999298621846e-09,-0.02291868324511004,-0.022918683215931233,2.917880520536542e-11,-0.745140507666664,-0.7451407597475301,-2.5208086618100367e-07
0.10475000000000001,0.9333333333333333,0.04,-0.7,2.0,0.3,0.04,0.01,10869,-0.7799077297904189,-0.779907785594916,-5.580449713438185e-08,3.7836732413865093,3.7836734259534732,1.845669639344294e-07,0.10877438150869168,0.10877438638184783,4.8731561563819525e-09,-0.041395605557548176,-0.04139558871274491,1.684480326752391e-08,-0.011363494489546877,-0.011363611806272206,-1.173167253291224e-07
0.21558333333333335,0.9333333333333333,0.04,-0.7,2.0,0.3,0.04,0.01,10879,-0.7045007950362558,-0.7045008190849892,-2.4048733338055683e-08,3.4374154966876347,3.4374156616387546,1.6495111987424593e-07,0.21771695734612573,0.21771696494196974,7.595844009333774e-09,-0.04245714356587715,-0.04245714368083419,-1.1495703694519577e-10,-0.07114428605153877,-0.07114439372412641,-1.0767258763755283e-07
0.22666666666666668,0.9333333333333333,0.04,-0.7,2.0,0.3,0.04,0.01,10880,-0.6986731775890376,-0.6986731998756709,-2.2286633316603854e-08,3.4073853794058806,3.407385564147263,1.8474138219204406e-07,0.22510173261325317,0.22510174017045786,7.55720469536314e-09,-0.04248752738716943,-0.04248752736878768,1.83817544519016e-11,-0.07748387485684294,-0.0774839831676696,-1.083108266686228e-07
0.30425,0.9333333333333333,0.04,-0.7,2.0,0.3,0.04,0.01,10887,-0.6612638681327554,-0.661263880319516,-1.2186760600663149e-08,3.208451687664038,3.208451843334524,1.5567048627929125e-07,0.2640931314132344,0.2640931382403578,6.827123366637267e-09,-0.04295836506185147,-0.04295836497698971,8.486175651079009e-11,-0.1223769650804396,-0.12237708074874028,-1.1566830067366585e-07
0.3929166666666667,0.9333333333333333,0.04,-0.7,2.0,0.3,0.04,0.01,10895,-0.6269870486252938,-0.6269870534384212,-4.813127452152344e-09,2.988031289063997,2.988031433696448,1.4463245090468035e-07,0.2907564080520397,0.29075641382540857,5.773368838557502e-09,-0.04362656343237514,-0.04362656378483883,-3.52463690178606e-10,-0.17323973767746637,-0.17323986459991714,-1.2692245077161601e-07
0.70325,0.9333333333333333,0.04,-0.7,2.0,0.3,0.04,0.01,10923,-0.5573394815430732,-0.5573394778474356,3.6956375737418057e-09,2.311512975472496,2.311513013246316,3.7773820071862474e-08,0.3179522366986154,0.31795223895870656,2.2600911697701065e-09,-0.03611101743045131,-0.03611101738286142,4.7589890361798837e-11,-0.35497485828012154,-0.35497502987297863,-1.7159285709000827e-07
0.9470833333333334,0.9333333333333333,0.04,-0.7,2.0,0.3,0.04,0.01,10945,-0.5276318907307398,-0.5276318873496673,3.381072533059637e-09,2.00524684079717,2.0052467996797527,-4.11174174708151e-08,0.3120493156591464,0.31204931690263105,1.2434846485831486e-09,-0.029349973927894624,-0.029349973853125672,7.476895144686857e-11,-0.4956668309982759,-0.49566703337819534,-2.0237991943394817e-07
1.2795833333333333,0.9333333333333333,0.04,-0.7,2.0,0.3,0.04,0.01,10975,-0.49986078832275904,-0.49986078449949845,3.8232605970023315e-09,1.792487347440641,1.792487328463655,-1.8976985982632755e-08,0.29475978487125687,0.2947597863709795,1.4997226238655514e-09,-0.024171960401331294,-0.024171960360513306,4.081798787858304e-11,-0.6765309705877853,-0.6765312093565503,-2.3876876498185595e-07
1.734,0.9333333333333333,0.04,-0.7,2.0,0.3,0.04,0.01,11016,-0.47430483366139864,-0.47430482792034917,5.741049469154547e-09,1.5625151950082738,1.562515225912327,3.0904053094360506e-08,0.26708582284790117,0.26708582494702526,2.0991240967660474e-09,-0.02113725080243878,-0.02113725079107512,1.1363660012975174e-11,-0.9133403006228447,-0.9133405841036751,-2.8348083047635697e-07
1.96675,0.9333333333333333,0.04,-0.7,2.0,0.3,0.04,0.01,11037,-0.46493710556289036,-0.4649370998988262,5.664064162136384e-09,1.4519101310117577,1.4519102377853996,1.067736419280152e-07,0.2529275304846701,0.25292753264773987,2.1630697788488362e-09,-0.020332313928062007,-0.020332313917637845,1.0424161533961751e-11,-1.0346087333273912,-1.0346090389190303,-3.0559163910481857e-07
0.5591666666666667,0.9355555555555556,0.04,-0.7,2.0,0.3,0.04,0.01,11091,-0.5770651401085236,-0.5770651378307429,2.2777807417995177e-09,2.5902210654127344,2.59022109321191,2.7799175406073573e-08,0.31505337560966407,0.31505337923414006,3.6244759971104656e-09,-0.04134181452147834,-0.04134181466822709,-1.467487520390165e-10,-0.26677402387709215,-0.2667741748912229,-1.5101413075591097e-07
1.0800833333333333,0.9355555555555556,0.04,-0.7,2.0,0.3,0.04,0.01,11138,-0.5110769555283223,-0.5110769522023083,3.326014019755519e-09,1.900432711199329,1.900432708283885,-2.9154441083534266e-09,0.3067402477269221,0.30674024891551566,1.1885935569111439e-09,-0.02700137978511874,-0.027001379722974544,6.214419603911558e-11,-0.5653448621878443,-0.5653450791559185,-2.1696807417370678e-07
1.1355,0.9355555555555556,0.04,-0.7,2.0,0.3,0.04,0.01,11143,-0.5065408404578142,-0.5065408370370588,3.420755456673419e-09,1.8662187850626566,1.8662188691764254,8.411376883898924e-08,0.30378534886771336,0.30378535011734603,1.249632675115464e-09,-0.026133633189151517,-0.0261336331328362,5.6315316993016395e-11,-0.5953838523839461,-0.5953840753435506,-2.2295960455664954e-07
1.2241666666666666,0.9355555555555556,0.04,-0.7,2.0,0.3,0.04,0.01,11151,-0.4998008917742047,-0.49980088803788286,3.736321863012648e-09,1.8165368154132722,1.8165367774302839,-3.79829883101479e-08,0.2988154930641529,0.298815494443321,1.3791681130470579e-09,-0.024952347466855596,-0.02495234742049746,4.63581360798937e-11,-0.6428429699392724,-0.6428432022194127,-2.3228014034426536e-07
1.2795833333333333,0.9355555555555556,0.04,-0.7,2.0,0.3,0.04,0.01,11156,-0.495883241228845,-0.49588323721723976,4.011605214682135e-09,1.7872635704740958,1.7872635553863259,-1.5087769922317307e-08,0.29559490518554776,0.2955949066552598,1.4697120187534551e-09,-0.024326038473576617,-0.024326038431869076,4.170754019927614e-11,-0.6721859933150887,-0.672186231274843,-2.379597543455958e-07
1.4458333333333333,0.9355555555555556,0.04,-0.7,2.0,0.3,0.04,0.01,11171,-0.4853551622846508,-0.4853551573510916,4.933559227815465e-09,1.7017861120294242,1.70178614567967,3.365024570101127e-08,0.2855856211522734,0.28558562290760275,1.7553293818473037e-09,-0.02285180254413266,-0.022851802519440828,2.4691831912448947e-11,-0.7591680243862475,-0.759168278875141,-2.544888935140932e-07
0.19341666666666668,0.9377777777777778,0.04,-0.7,2.0,0.3,0.04,0.01,11239,-0.7008207349676332,-0.7008207611843921,-2.621675887493069e-08,3.5720407132178167,3.572040861140401,1.4792258440365913e-07,0.20607477267675645,0.20607478025070955,7.573953103579001e-09,-0.04480084964231246,-0.044800849898338733,-2.560262765682886e-10,-0.05508359119221762,-0.05508370004506181,-1.0885284418976626e-07
0.5480833333333334,0.9377777777777778,0.04,-0.7,2.0,0.3,0.04,0.01,11271,-0.5735532195955129,-0.5735532172049562,2.390556641529429e-09,2.6121805385415087,2.612180520141037,-1.8400471812896058e-08,0.3158218676971303,0.3158218713786036,3.681473348393638e-09,-0.04214588808976183,-0.04214588825046217,-1.607003419223929e-10,-0.2572615494852992,-0.2572616987722639,-1.492869646790851e-07
0.6035,0.9377777777777778,0.04,-0.7,2.0,0.3,0.04,0.01,11276,-0.5629633082299135,-0.5629633048931483,3.336765197481384e-09,2.490408590460902,2.4904086448248934,5.43639915306926e-08,0.3188083218197413,0.3188083248641309,3.044389629280886e-09,-0.04028135787842446,-0.04028135793061334,-5.2188878219006085e-11,-0.2897309280980309,-0.289731085397666,-1.5729963509514278e-07
1.2685,0.9377777777777778,0.04,-0.7,2.0,0.3,0.04,0.01,11336,-0.49267093062049794,-0.4926709264773319,4.143166032477552e-09,1.7876565727714677,1.7876566582645645,8.549309682415185e-08,0.2970655375461595,0.29706553896718096,1.4210214671628307e-09,-0.024598286076926712,-0.024598286036809504,4.011720816654574e-11,-0.6620185901992648,-0.6620188262283211,-2.360290562997136e-07
0.20450000000000002,0.9400000000000001,0.04,-0.7,2.0,0.3,0.04,0.01,11421,-0.6869930956313053,-0.6869931191070132,-2.3475707933151568e-08,3.5670352838135244,3.5670354829359923,1.9912246784770105e-07,0.21695961810702658,0.21695962571748487,7.61045829134055e-09,-0.04596792358368962,-0.04596792366304096,-7.935134493930462e-11,-0.05937436853120648,-0.05937447831013514,-1.0977892866276262e-07
0.5813333333333334,0.9400000000000001,0.04,-0.7,2.0,0.3,0.04,0.01,11455,-0.5613860839048801,-0.5613860805803348,3.324545305716242e-09,2.5335582964913783,2.53355834426599,4.777461182214893e-08,0.31925449620190394,0.3192544994167783,3.2148743667193003e-09,-0.04146224174522706,-0.04146224182812018,-8.289312292131257e-11,-0.27364502099336274,-0.2736451749990878,-1.5400572506152344e-07
0.7475833333333334,0.9400000000000001,0.04,-0.7,2.0,0.3,0.04,0.01,11470,-0.536084525880054,-0.5360845216302904,4.249763541075424e-09,2.2243967778834417,2.2243968372177823,5.933434055194198e-08,0.32145029505242784,0.3214502967922758,1.7398479879027207e-09,-0.03556246164715393,-0.035562461566478416,8.067551487966895e-11,-0.3707164857533196,-0.37071666251555807,-1.7676223845741745e-07
0.7808333333333334,0.9400000000000001,0.04,-0.7,2.0,0.3,0.04,0.01,11473,-0.5319681184429159,-0.5319681142475194,4.195396474671043e-09,2.176103508499949,2.176103500350675,-8.149274144386709e-09,0.32086696988647967,0.32086697143930304,1.5528233698880456e-09,-0.03448963043106712,-0.03448963034486402,8.620310021356659e-11,-0.3899435685242314,-0.3899437495516046,-1.8102737320280227e-07
0.9138333333333334,0.9400000000000001,0.04,-0.7,2.0,0.3,0.04,0.01,11485,-0.5175218254499514,-0.5175218216779733,3.771978063227266e-09,2.0216504026393523,2.021650514520042,1.118806896016622e-07,0.31658205094042824,0.31658205206201356,1.1215853246149265e-09,-0.030783402414358285,-0.03078340232827179,8.608649557095838e-11,-0.4656448776557687,-0.46564507487730233,-1.9722153365986372e-07
1.4901666666666666,0.9400000000000001,0.04,-0.7,2.0,0.3,0.04,0.01,11537,-0.47540388879468987,-0.475403883321681,5.473008879430807e-09,1.6648557255027896,1.664855812636202,8.713341248522966e-08,0.28425359655193105,0.28425359833357233,1.7816412789528613e-09,-0.022781953968042945,-0.022781953947330423,2.0712521975330134e-11,-0.7729577864890036,-0.7729580430976863,-2.566086827471281e-07
1.5566666666666666,0.9400000000000001,0.04,-0.7,2.0,0.3,0.04,0.01,11543,-0.47198592830866026,-0.4719859225945659,5.7140943643396724e-09,1.6299971039579475,1.6299970600617444,-4.389620311684439e-08,0.28007851842454246,0.2800785203046944,1.8801519230393637e-09,-0.02234791871419395,-0.02234791869484511,1.9348838503630006e-11,-0.8072351973584246,-0.8072354602038471,-2.628454224273824e-07
1.867,0.9400000000000001,0.04,-0.7,2.0,0.3,0.04,0.01,11571,-0.4588176969189117,-0.45881769099449626,5.924415458213872e-09,1.4745211496247634,1.4745210846150818,-6.500968163791754e-08,0.26065559767612934,0.2606555998065637,2.130434384461921e-09,-0.02089368153518345,-0.020893681527231478,7.951972413877684e-12,-0.9672373836844272,-0.9672376751794634,-2.914950361088131e-07
0.06041666666666667,0.9422222222222223,0.04,-0.7,2.0,0.3,0.04,0.01,11589,-0.8017866218340552,-0.8017867162353013,-9.440124604243039e-08,4.376549012086173,4.376549469192873,4.5710670004694975e-07,0.06162203549431311,0.06162203951584474,4.021531628539687e-09,-0.08373518800453006,-0.0837350987296414,8.927488866217193e-08,0.025955659999632452,0.02595551726498799,-1.4273464446143413e-07
0.10475000000000001,0.9422222222222223,0.04,-0.7,2.0,0.3,0.04,0.01,11593,-0.7449921653529534,-0.7449922158009884,-5.044803497167294e-08,4.067568115662112,4.067568416497153,3.0083504043432185e-07,0.11900090499755711,0.11900091025645018,5.258893071014015e-09,-0.050326136480371986,-0.050326117289174827,1.9191197159207363e-08,-0.004826553404724265,-0.004826677830272386,-1.244255481208309e-07
0.17125,0.9422222222222223,0.04,-0.7,2.0,0.3,0.04,0.01,11599,-0.6968584083502649,-0.6968584368873625,-2.853709757388856e-08,3.7289242860172322,3.7289245472876726,2.612704403937016e-07,0.19183427537428077,0.19183428274520975,7.370928978289726e-09,-0.047294624943572394,-0.047294624815567815,1.2800457915851382e-10,-0.03980420376664684,-0.03980431567409882,-1.1190745197869889e-07
0.3929166666666667,0.9422222222222223,0.04,-0.7,2.0,0.3,0.04,0.01,11619,-0.6003303132573468,-0.6003303158276065,-2.570259782785911e-09,3.007743132332763,3.007743226605666,9.427290281749379e-08,0.298274572648749,0.29827457820107,5.552320991863979e-09,-0.046513900263112085,-0.04651390056164671,-2.9853462757412075e-10,-0.16284205709343746,-0.1628421843073282,-1.2721389072711808e-07
0.83625,0.9422222222222223,0.04,-0.7,2.0,0.3,0.04,0.01,11659,-0.5209266093608722,-0.5209266052197438,4.1411284401604576e-09,2.0992818594578466,2.099281844904677,-1.4553169780384678e-08,0.32048509126691993,0.3204850925216371,1.2547171635013399e-09,-0.03307225252463519,-0.033072252430750876,9.388431698731381e-11,-0.418139865071554,-0.41814005268578514,-1.876142311507678e-07
1.16875,0.9422222222222223,0.04,-0.7,2.0,0.3,0.04,0.01,11689,-0.4916777534133554,-0.4916777493830929,4.03026251261096e-09,1.8319332550920109,1.8319333102476667,5.515565582037141e-08,0.3045262105305646,0.30452621171173216,1.1811675526551824e-09,-0.026162198819290605,-0.026162198765350822,5.3939783195566804e-11,-0.6007914453010077,-0.6007916697474043,-2.2444639657948073e-07
1.1909166666666666,0.9422222222222223,0.04,-0.7,2.0,0.3,0.04,0.01,11691,-0.49007720451382797,-0.49007720038190666,4.13192130510609e-09,1.819193978791489,1.8191939765800584,-2.211430594201147e-09,0.3032425677682027,0.3032425689824352,1.214232492330325e-09,-0.02585624182066537,-0.025856241773557782,4.710758866321996e-11,-0.6125558986880275,-0.612556125385422,-2.266973945230788e-07
1.2463333333333333,0.9422222222222223,0.04,-0.7,2.0,0.3,0.04,0.01,11696,-0.48623001466602256,-0.486230010264011,4.402011533066741e-09,1.7882371194932745,1.788237163253487,4.376021256469187e-08,0.29997284594657225,0.2999728472613625,1.3147902211407825e-09,-0.02515427508759105,-0.025154275043948186,4.364286362856795e-11,-0.6417945623152232,-0.6417947945429684,-2.3222774514497502e-07
1.4458333333333333,0.9422222222222223,0.04,-0.7,2.0,0.3,0.04,0.01,11714,-0.47407802133664356,-0.4740780158913028,5.445340789389519e-09,1.681013500620665,1.6810135558780155,5.525735047307023e-08,0.28771228355706224,0.2877122852458222,1.6887599652015695e-09,-0.02322788708958301,-0.023227887062075504,2.7507506689117278e-11,-0.7455271380904516,-0.7455273894611802,-2.5137072867664756e-07
1.70075,0.9422222222222223,0.04,-0.7,2.0,0.3,0.04,0.01,11737,-0.46191131069101,-0.46191130462269236,6.068317626173325e-09,1.5476985526508003,1.5476986041508594,5.150005910614652e-08,0.2716011433104293,0.2716011453346447,2.024215406404295e-09,-0.021668541445585277,-0.021668541432870787,1.2714489183718314e-11,-0.8765541070610006,-0.876554381897687,-2.7483668640915226e-07
0.02716666666666667,0.9444444444444444,0.04,-0.7,2.0,0.3,0.04,0.01,11767,-0.8627024097469793,-0.8627025862966899,-1.7654971062874836e-07,4.906609665789041,4.9066100216595,3.5587045843499254e-07,0.01376624119017733,0.01376624514919029,3.959012959478536e-09,-0.15300124669340165,-0.15300161027033843,-3.635769367793529e-07,0.05022479289684689,0.050224694092932884,-9.880391400873823e-08
0.08258333333333334,0.9444444444444444,0.04,-0.7,2.0,0.3,0.04,0.01,11772,-0.7603578833800806,-0.7603579486222256,-6.524214501979486e-08,4.298440442473961,4.298440899062997,4.5658903591316857e-07,0.0932308200804477,0.09323082464657718,4.566129488403625e-09,-0.06163912594531196,-0.06163907057191024,5.537340171807292e-08,0.010563740862057358,0.010563605495554485,-1.353665028732548e-07
0.20450000000000002,0.9444444444444444,0.04,-0.7,2.0,0.3,0.04,0.01,11783,-0.6710039190746531,-0.6710039407869759,-2.1712322828548736e-08,3.6273121006846765,3.6273123394681224,2.387834459049998e-07,0.2215296412383383,0.22152964884894386,7.610605562424766e-09,-0.04825015953446865,-0.048250159485273045,4.91956059223142e-11,-0.055797876421515014,-0.05579798797354826,-1.11552033249529e-07
0.44833333333333336,0.9444444444444444,0.04,-0.7,2.0,0.3,0.04,0.01,11805,-0.5781250500241919,-0.5781250493586203,6.655715978354237e-10,2.855504055432334,2.855504217190049,1.6175771477833223e-07,0.309936818372325,0.3099368231149237,4.74259870264504e-09,-0.046347495792353754,-0.04634749611306077,-3.20707016499e-10,-0.19132628732237977,-0.19132642214643125,-1.3482405147868803e-07
0.47050000000000003,0.9444444444444444,0.04,-0.7,2.0,0.3,0.04,0.01,11807,-0.5726575196551842,-0.5726575181760308,1.4791533553548675e-09,2.7959129456078813,2.795913008951126,6.334324487156096e-08,0.3129495668660609,0.31294957131210177,4.446040868799628e-09,-0.04584041453453702,-0.04584041482935789,-2.9482086910670446e-10,-0.20386469384681138,-0.20386483179383486,-1.37947023470808e-07
0.4926666666666667,0.9444444444444444,0.04,-0.7,2.0,0.3,0.04,0.01,11809,-0.5675548873892988,-0.5675548852198193,2.169479484948056e-09,2.7378991795945495,2.737899236765339,5.7170789435900815e-08,0.3155037869967403,0.31550379115066013,4.153919819227525e-09,-0.04524655941556821,-0.045246559673826174,-2.582579636256632e-10,-0.21647434872207327,-0.2164744898319439,-1.4110987062165847e-07
0.63675,0.9444444444444444,0.04,-0.7,2.0,0.3,0.04,0.01,11822,-0.5411708247940461,-0.5411708203823126,4.4117335340487784e-09,2.4066531489896903,2.406653118332423,-3.065726739137631e-08,0.32375342890772485,0.3237534313699564,2.4622315297762043e-09,-0.040156572589933326,-0.040156572577043484,1.2889841971563953e-11,-0.29968222912679643,-0.29968239069377195,-1.615669755206106e-07
1.3460833333333333,0.9444444444444444,0.04,-0.7,2.0,0.3,0.04,0.01,11886,-0.4759877928314782,-0.4759877877007208,5.130757374516293e-09,1.7275310570941116,1.7275310226749716,-3.441913998258883e-08,0.2946348659429998,0.29463486742265066,1.479650846292202e-09,-0.024221993795703334,-0.024221993762206087,3.3497246643143797e-11,-0.689522520781749,-0.6895227617926303,-2.410108812522793e-07
1.5345,0.9444444444444444,0.04,-0.7,2.0,0.3,0.04,0.01,11903,-0.46583629529972637,-0.4658362893839641,5.915762268937641e-09,1.62617537213805,1.62617539760323,2.5465179964712092e-08,0.2827588736425968,0.28275887545120726,1.8086104836001482e-09,-0.022706843497977136,-0.022706843476977347,2.099978871350494e-11,-0.7865384373897943,-0.7865386958301984,-2.5844040407729807e-07
1.7783333333333333,0.9444444444444444,0.04,-0.7,2.0,0.3,0.04,0.01,11925,-0.4554706789838825,-0.455470672869685,6.114197481643657e-09,1.5009234743956767,1.5009235276497812,5.3254104459554696e-08,0.26727590356295794,0.267275905635552,2.072594040836151e-09,-0.021404144621706145,-0.021404144608097586,1.3608558724342856e-11,-0.9115220791833245,-0.911522359607888,-2.8042456345911404e-07
0.02716666666666667,0.9466666666666667,0.04,-0.7,2.0,0.3,0.04,0.01,11948,-0.8515381923768217,-0.8515383668683417,-1.7449152001081103e-07,5.1407297418926134,5.140730282983563,5.41090949823797e-07,0.015418878446249451,0.015418882486025047,4.039775595640616e-09,-0.15953081743264041,-0.1595311722022916,-3.5476965118408366e-07,0.05215021891880056,0.05215011782946308,-1.010893374842059e-07
0.4594166666666667,0.9466666666666667,0.04,-0.7,2.0,0.3,0.04,0.01,11987,-0.5690663048832367,-0.5690663033244193,1.5588174084868456e-09,2.8237530147467993,2.823753154346734,1.395999347231225e-07,0.3130543887411297,0.31305439325728307,4.5161533956949995e-09,-0.04664666746895252,-0.04664666776936334,-3.004108212190104e-10,-0.1948313992114481,-0.19483153564131356,-1.3642986546047453e-07
0.47050000000000003,0.9466666666666667,0.04,-0.7,2.0,0.3,0.04,0.01,11988,-0.5664467955529551,-0.5664467936210562,1.93189886310563e-09,2.793638165243806,2.7936382591636897,9.39198838700861e-08,0.314475266358083,0.31447527072446885,4.3663858639853e-09,-0.04636305440425259,-0.046363054689980795,-2.8572820498506957e-10,-0.201080126513431,-0.20108026449785013,-1.3798441914070203e-07
0.803,0.9466666666666667,0.04,-0.7,2.0,0.3,0.04,0.01,12018,-0.5151000028852382,-0.5150999983938935,4.491344629542482e-09,2.128984488702912,2.1289844907456255,2.0427135538625407e-09,0.3235867516723778,0.32358675291058164,1.2382038172553678e-09,-0.034550014807177565,-0.034550014710746695,9.643087023336605e-11,-0.39212285538769986,-0.3921230383515842,-1.8296388432093025e-07
0.8805833333333334,0.9466666666666667,0.04,-0.7,2.0,0.3,0.04,0.01,12025,-0.5072287254312413,-0.5072287212279507,4.203290604465337e-09,2.0389126220710097,2.038912639974154,1.790314430039075e-08,0.3209195159797895,0.3209195169805683,1.000778793169843e-09,-0.0322867346291833,-0.03228673453769597,9.148733159936029e-11,-0.4359086550528857,-0.4359088472644956,-1.9221160990623432e-07
0.9249166666666667,0.9466666666666667,0.04,-0.7,2.0,0.3,0.04,0.01,12029,-0.5030795891053375,-0.5030795850303148,4.075022652649807e-09,1.9955547658767614,1.995554768297294,2.420532663194308e-09,0.31904609735705636,0.319046098288416,9.31359656064501e-10,-0.031144092559332037,-0.03114409247373292,8.559911807148879e-11,-0.4606169691198647,-0.46061716641397155,-1.9729410682955972e-07
0.9581666666666667,0.9466666666666667,0.04,-0.7,2.0,0.3,0.04,0.01,12032,-0.5001086006914401,-0.5001085966752353,4.016204813162005e-09,1.9662168171397099,1.9662168622284983,4.5088788480640574e-08,0.31751216768877155,0.31751216859768333,9.089117791738488e-10,-0.030354319347225545,-0.030354319266827752,8.039779259005897e-11,-0.4789952169401146,-0.47899541795340855,-2.0101329395449952e-07
1.0468333333333333,0.9466666666666667,0.04,-0.7,2.0,0.3,0.04,0.01,12040,-0.49269882000102516,-0.4926988159831419,4.017883248330634e-09,1.8983335903222098,1.8983336099973638,1.9675153950515778e-08,0.3130065210285582,0.3130065219616023,9.330440864374623e-10,-0.028504433617071445,-0.02850443354822346,6.884798633977063e-11,-0.5273763804078402,-0.5273765910083434,-2.106005032587177e-07
1.4015,0.9466666666666667,0.04,-0.7,2.0,0.3,0.04,0.01,12072,-0.46901596091691866,-0.46901595533373314,5.583185525015466e-09,1.6902078125990982,1.6902077219829712,-9.061612704641675e-08,0.29184693018324825,0.2918469317431675,1.5599192493276348e-09,-0.023837599727460912,-0.02383759969602174,3.143917071124491e-11,-0.7137343075186431,-0.7137345527317603,-2.4521311725589356e-07
1.5123333333333333,0.9466666666666667,0.04,-0.7,2.0,0.3,0.04,0.01,12082,-0.46329206199791084,-0.4632920560108993,5.9870115531879264e-09,1.630096313487428,1.6300962724457875,-4.104164053053694e-08,0.2847939199082661,0.28479392166343137,1.755165290884264e-09,-0.022965823268661367,-0.022965823247202644,2.1458723686862413e-11,-0.7705857625592283,-0.7705860178367026,-2.552774742703434e-07
1.5455833333333333,0.9466666666666667,0.04,-0.7,2.0,0.3,0.04,0.01,12085,-0.46171105070214047,-0.46171104463098706,6.071153413333974e-09,1.6122715273958477,1.612271608362916,8.096706838323087e-08,0.2826660867796815,0.28266608858517583,1.8054943096146303e-09,-0.022739213326183894,-0.02273921330328785,2.2896042700670804e-11,-0.787592245244384,-0.787592503508121,-2.5826373706294703e-07
1.734,0.9466666666666667,0.04,-0.7,2.0,0.3,0.04,0.01,12102,-0.4537866266443591,-0.453786620438637,6.205722102858857e-09,1.514595932006202,1.5145959014793349,-3.052686703419738e-08,0.2706246916661659,0.27062469369258896,2.026423084888762e-09,-0.021686887973493274,-0.021686887958907795,1.458547865818005e-11,-0.8839019225964639,-0.8839021976235029,-2.7502703892068325e-07
1.83375,0.9466666666666667,0.04,-0.7,2.0,0.3,0.04,0.01,12111,-0.45019088100506366,-0.4501908749203906,6.084673043194044e-09,1.466154764262484,1.4661547530878236,-1.1174660308199691e-08,0.2643316161002329,0.26433161819389817,2.093665241176268e-09,-0.021254712823937094,-0.02125471281130155,1.2635545387773561e-11,-0.9350346710995661,-0.9350349549644599,-2.8386489381304614e-07
1.9445833333333333,0.9466666666666667,0.04,-0.7,2.0,0.3,0.04,0.01,12121,-0.446568545967585,-0.4465685401147416,5.852843376619177e-09,1.415642536528594,1.415642535139261,-1.3893330930159209e-09,0.25746741620868985,0.2574674183376496,2.1289597307294628e-09,-0.020851907841512585,-0.020851907830708925,1.0803660049907293e-11,-0.9920961771520131,-0.9920964708469163,-2.936949031751013e-07
0.02716666666666667,0.9488888888888889,0.04,-0.7,2.0,0.3,0.04,0.01,12129,-0.839857170654712,-0.8398573422479867,-1.7159327470039898e-07,5.371547351362693,5.371548060731798,7.093691047899142e-07,0.01709199482557988,0.01709199895197248,4.126392599140827e-09,-0.1659908001636068,-0.16599114507273066,-3.4490912387274975e-07,0.054027184930582894,0.054027081548433845,-1.0338214904981324e-07
0.138,0.9488888888888889,0.04,-0.7,2.0,0.3,0.04,0.01,12139,-0.6911973542919614,-0.6911973870880873,-3.279612592610448e-08,4.021212157701015,4.021212462858628,3.051576129564637e-07,0.1653226322112511,0.16532263889378168,6.682530584445345e-09,-0.05218486729796634,-0.05218486331611367,3.9818526739732185e-09,-0.018028435339600968,-0.018028555906881943,-1.2056728097495362e-07
0.17125,0.9488888888888889,0.04,-0.7,2.0,0.3,0.04,0.01,12142,-0.6716319197555554,-0.6716319451609664,-2.5405410997159095e-08,3.836937351175962,3.8369375899133717,2.387374098411499e-07,0.19866916979138782,0.19866917719664806,7.405260238346756e-09,-0.050969149092694455,-0.050969148201033175,8.916612795339951e-10,-0.03499221841646305,-0.03499233394675901,-1.1553029596184095e-07
0.67,0.9488888888888889,0.04,-0.7,2.0,0.3,0.04,0.01,12187,-0.5259355927997311,-0.5259355878638303,4.935900799196702e-09,2.330181142484733,2.330181188259338,4.577460499533004e-08,0.3265182965628277,0.3265182985614709,1.998643195388894e-09,-0.03950669035107657,-0.03950669029542239,5.565417571240516e-11,-0.3124992988418063,-0.3124994646422977,-1.65800491447321e-07
0.7143333333333334,0.9488888888888889,0.04,-0.7,2.0,0.3,0.04,0.01,12191,-0.5203245204996043,-0.5203245155981921,4.901412165025931e-09,2.2526534582123503,2.2526535556747733,9.746242302099972e-08,0.32638520564010065,0.3263852072952441,1.6551434667277931e-09,-0.03783038552918061,-0.03783038544377474,8.540586987626497e-11,-0.3380051943113749,-0.3380053659147382,-1.7160336329702375e-07
0.9470833333333334,0.9488888888888889,0.04,-0.7,2.0,0.3,0.04,0.01,12212,-0.4967018806800727,-0.496701876518887,4.161185729323336e-09,1.9702599551862932,1.9702600579303857,1.027440925671641e-07,0.31894072459431877,0.31894072545195207,8.576332977128232e-10,-0.03080653172865544,-0.030806531644557343,8.409809654219558e-11,-0.4691182777166736,-0.46911847706891563,-1.9935224204736812e-07
1.1133333333333333,0.9488888888888889,0.04,-0.7,2.0,0.3,0.04,0.01,12227,-0.4834596924671586,-0.4834596881070195,4.3601390831149445e-09,1.8487365582853243,1.8487365191538845,-3.913143986622458e-08,0.310131747932596,0.31013174889840617,9.658101540743758e-10,-0.02749778664573599,-0.027497786587005895,5.873009370493953e-11,-0.5590757932907864,-0.5590760101619408,-2.1687115436819226e-07
1.2130833333333333,0.9488888888888889,0.04,-0.7,2.0,0.3,0.04,0.01,12236,-0.47652669181913465,-0.47652668701346385,4.8056708057409026e-09,1.788606934782777,1.7886069946981227,5.991534557381328e-08,0.3042422265922551,0.3042422277362741,1.1440189906508635e-09,-0.026017822559454284,-0.02601782251009687,4.9357413989259413e-11,-0.6117341055467129,-0.6117343322225417,-2.2667582877389236e-07
1.5566666666666666,0.9488888888888889,0.04,-0.7,2.0,0.3,0.04,0.01,12267,-0.45763663093806306,-0.45763662473163325,6.2064298145259045e-09,1.5981560241851156,1.5981559681463224,-5.603879316140592e-08,0.2825476069842625,0.28254760878872004,1.8044575278430841e-09,-0.022767862885852974,-0.02276786286036336,2.548961389181592e-11,-0.7886338892959532,-0.7886341473474782,-2.58051524926195e-07
1.6120833333333333,0.9488888888888889,0.04,-0.7,2.0,0.3,0.04,0.01,12272,-0.455227525184565,-0.45522751890924823,6.2753167662243925e-09,1.5687500187766545,1.5687500920434068,7.326675222074641e-08,0.2789792049484596,0.2789792068299516,1.8814919622300863e-09,-0.022421254902149634,-0.022421254885980534,1.6169100780505374e-11,-0.8168822290668953,-0.8168824919984476,-2.629315523083875e-07
1.8448333333333333,0.9488888888888889,0.04,-0.7,2.0,0.3,0.04,0.01,12293,-0.44657489254640303,-0.44657488644960536,6.096797677823673e-09,1.4528334535413023,1.4528335110781003,5.753679799269662e-08,0.2641502068204127,0.26415020890828894,2.0878762607701162e-09,-0.021285336030130164,-0.021285336019696077,1.043408762169129e-11,-0.9357508943802495,-0.9357511776903163,-2.8331006685089477e-07
1.9778333333333333,0.9488888888888889,0.04,-0.7,2.0,0.3,0.04,0.01,12305,-0.44243984138325754,-0.4424398356064581,5.776799427703594e-09,1.3935063325476449,1.3935063026322507,-2.9915394161861286e-08,0.25592817977093674,0.2559281818981764,2.127239662197411e-09,-0.020811469687298523,-0.02081146967973618,7.562343112832437e-12,-1.0041459223333882,-1.0041462173100524,-2.949766642057483e-07
0.12691666666666668,0.9511111111111111,0.04,-0.7,2.0,0.3,0.04,0.01,12319,-0.6897500574215565,-0.6897500921349483,-3.4713391827700946e-08,4.140510978523082,4.140511350046133,3.715230505463296e-07,0.15517830692896029,0.15517831330987145,6.38091116056394e-09,-0.05465670297466474,-0.05465669551420212,7.460462622677078e-09,-0.010846869548108984,-0.010846994133544533,-1.245854355496484e-07
0.18233333333333335,0.9511111111111111,0.04,-0.7,2.0,0.3,0.04,0.01,12324,-0.6573815397037386,-0.6573815620553057,-2.235156715268971e-08,3.813605642388751,3.8136059657188968,3.233301457683524e-07,0.21056222477444653,0.21056223229953946,7.52509293766579e-09,-0.05189309685932342,-0.051893096144105234,7.152181832892346e-10,-0.039092998120049405,-0.03909311374595717,-1.156259077650379e-07
0.23775000000000002,0.9511111111111111,0.04,-0.7,2.0,0.3,0.04,0.01,12329,-0.6311457767491091,-0.6311457908764134,-1.4127304326372325e-08,3.564514877707481,3.5645150983373957,2.2062991478222216e-07,0.24965087945139075,0.24965088682971245,7.378321703610524e-09,-0.05109725389612629,-0.05109725387162321,2.4503080120474863e-11,-0.0681927886753142,-0.06819290281424327,-1.141389290720829e-07
0.31533333333333335,0.9511111111111111,0.04,-0.7,2.0,0.3,0.04,0.01,12336,-0.5990395311075702,-0.5990395367405735,-5.633003286042992e-09,3.2703401930955778,3.2703403402164537,1.4712087592627654e-07,0.28432730491828595,0.28432731128518446,6.366898508414209e-09,-0.050193276142640464,-0.05019327614745281,-4.812344966964588e-12,-0.11026082795823067,-0.11026094714819422,-1.191899635516469e-07
0.6589166666666667,0.9511111111111111,0.04,-0.7,2.0,0.3,0.04,0.01,12367,-0.5222035329963126,-0.5222035278701616,5.126151059187123e-09,2.3442702945519756,2.3442703774715574,8.291958186745774e-08,0.32758502626184516,0.32758502827080266,2.008957500354569e-09,-0.04023438956612946,-0.040234389512668785,5.346067338818372e-11,-0.3028994207079916,-0.30289958490386926,-1.6419587767213528e-07
0.7919166666666667,0.9511111111111111,0.04,-0.7,2.0,0.3,0.04,0.01,12379,-0.5067991220691903,-0.5067991172909021,4.7782882095503965e-09,2.131134779759236,2.131134830008074,5.0248837979438576e-08,0.325915962156309,0.32591596329836875,1.1420597245681563e-09,-0.03537337349396319,-0.03537337339210683,1.0185635668236159e-10,-0.37884412827510205,-0.37884430935152336,-1.8107642130171797e-07
0.8473333333333334,0.9511111111111111,0.04,-0.7,2.0,0.3,0.04,0.01,12384,-0.5013017431923505,-0.5013017386355,4.556850563552928e-09,2.0632751562832397,2.063275179897099,2.3613859312376917e-08,0.3241040583198962,0.3241040592668786,9.469823814001188e-10,-0.03365020846329836,-0.03365020836569227,9.76060898771891e-11,-0.41005046146680435,-0.41005064913013983,-1.876633354824797e-07
1.1465833333333333,0.9511111111111111,0.04,-0.7,2.0,0.3,0.04,0.01,12411,-0.4770143658830439,-0.47701436120610735,4.6769365602550295e-09,1.8219773190164545,1.8219773223545206,3.338066045799337e-09,0.3089622810678594,0.30896228204573273,9.778733378595916e-10,-0.02712373888436037,-0.02712373882923464,5.51257303693653e-11,-0.5726662743427147,-0.5726664938626259,-2.1951991124868897e-07
1.36825,0.9511111111111111,0.04,-0.7,2.0,0.3,0.04,0.01,12431,-0.4633170909584816,-0.4633170851939621,5.764519528383971e-09,1.6934728730433335,1.6934729713308208,9.828748726015135e-08,0.29525692182258423,0.2952569232599911,1.4374068602052148e-09,-0.024387703847772446,-0.024387703813359394,3.441305226892233e-11,-0.6878618957992244,-0.6878621360260923,-2.402268678425301e-07
1.5234166666666666,0.9511111111111111,0.04,-0.7,2.0,0.3,0.04,0.01,12445,-0.45557612894930877,-0.4555761226856244,6.263684348972731e-09,1.6077620790255764,1.6077620833059074,4.280330978545521e-09,0.28527381125464935,0.2852738129862285,1.731579157837615e-09,-0.023096012274903543,-0.023096012252569888,2.233365575809998e-11,-0.7671100615116999,-0.7671103154554052,-2.5394370528619703e-07
1.9113333333333333,0.9511111111111111,0.04,-0.7,2.0,0.3,0.04,0.01,12480,-0.4412971556227996,-0.4412971496645354,5.958264159833249e-09,1.4145542848176262,1.4145542330163032,-5.180132300885987e-08,0.26049486795298726,0.2604948700593362,2.106348928609947e-09,-0.021102986228205278,-0.021102986216963777,1.1241500785796887e-11,-0.9648566061268293,-0.9648568936567156,-2.875298862337061e-07
0.02716666666666667,0.9533333333333334,0.04,-0.7,2.0,0.3,0.04,0.01,12491,-0.8149815441199637,-0.8149817074021163,-1.6328215257654932e-07,5.818791493084063,5.818792608584437,1.115500373849443e-06,0.020478044291394326,0.020478048591830816,4.3004364895515845e-09,-0.17859396101771452,-0.1785942831817812,-3.221640666739578e-07,0.05759634468638364,0.05759623672393134,-1.0796245229760526e-07
0.21558333333333335,0.9533333333333334,0.04,-0.7,2.0,0.3,0.04,0.01,12508,-0.6331577567078583,-0.633157772907362,-1.619950362741207e-08,3.6812192683033373,3.6812194346682783,1.663649409344714e-07,0.23781476076234487,0.23781476829132592,7.528981049720329e-09,-0.052403101810094554,-0.05240310166678918,1.4330537451145986e-10,-0.05463205531269777,-0.054632170168199164,-1.1485550139439527e-07
1.1355,0.9533333333333334,0.04,-0.7,2.0,0.3,0.04,0.01,12591,-0.47372969003756094,-0.4737296852231431,4.814417808862714e-09,1.8225447040443044,1.8225447932626007,8.921829630637035e-08,0.3103558884626212,0.31035588937300185,9.103806597465791e-10,-0.02745196323122867,-0.027451963174546398,5.6682273458230625e-11,-0.5627816659056761,-0.5627818836785669,-2.177728907204468e-07
1.4125833333333333,0.9533333333333334,0.04,-0.7,2.0,0.3,0.04,0.01,12616,-0.4572602229999112,-0.4572602169004948,6.099416416383008e-09,1.6606881259040307,1.6606882276138832,1.0170985254021048e-07,0.2930304548259821,0.2930304563266315,1.5006493825353573e-09,-0.02409093755456615,-0.02409093752360077,3.0965379566039175e-11,-0.7061729355745117,-0.7061731787386893,-2.4316417768233123e-07
1.5234166666666666,0.9533333333333334,0.04,-0.7,2.0,0.3,0.04,0.01,12626,-0.4520126583196227,-0.45201265194384993,6.375772743094643e-09,1.5993365520827751,1.599336567983145,1.5900369909616074e-08,0.2858417322795792,0.2858417339882376,1.7086583814496237e-09,-0.02319566695302422,-0.023195666931215796,2.1808423122937626e-11,-0.762563598561139,-0.762563851334802,-2.5277366300091586e-07
1.8780833333333333,0.9533333333333334,0.04,-0.7,2.0,0.3,0.04,0.01,12658,-0.4391433724978966,-0.4391433664368011,6.061095514375836e-09,1.4213768440018981,1.421376810470569,-3.353132904670986e-08,0.2630439112916161,0.26304391337699884,2.0853827553679594e-09,-0.021294238803648557,-0.021294238789916837,1.3731720621690258e-11,-0.9428309186190753,-0.942831201685528,-2.83066452722025e-07
0.07150000000000001,0.9555555555555556,0.04,-0.7,2.0,0.3,0.04,0.01,12676,-0.7236243052502478,-0.7236243696600003,-6.440975253152459e-08,4.866998809527345,4.866999427554268,6.180269229716373e-07,0.09052174470253194,0.09052174970925952,5.006727588074966e-09,-0.08665473884728048,-0.08665465639756727,8.244971320958694e-08,0.026357986626646124,0.026357838635238162,-1.479914079616229e-07
0.09366666666666668,0.9555555555555556,0.04,-0.7,2.0,0.3,0.04,0.01,12678,-0.698559950651767,-0.6985599968649342,-4.621316718189661e-08,4.554937133027792,4.554937656331234,5.233034414686699e-07,0.11936574426413271,0.11936574972788752,5.463754809698074e-09,-0.06746407095775675,-0.06746403419352805,3.676422870302343e-08,0.010755845815113574,0.010755707360972986,-1.3845414058820393e-07
0.14908333333333335,0.9555555555555556,0.04,-0.7,2.0,0.3,0.04,0.01,12683,-0.6574448842713854,-0.6574449103369651,-2.606557969464518e-08,4.067412523456326,4.067412853370279,3.2991395304549087e-07,0.18364934103648478,0.18364934809677208,7.060287299243129e-09,-0.05552805681874329,-0.05552805320655369,3.612189596047255e-09,-0.019322197948867803,-0.019322320678817353,-1.2272994955042638e-07
0.6256666666666667,0.9555555555555556,0.04,-0.7,2.0,0.3,0.04,0.01,12726,-0.5160575071050388,-0.5160575015777645,5.5272743049172846e-09,2.396071574484182,2.3960715688140737,-5.670108382815897e-09,0.32938758779299526,0.3293875899344759,2.1414806594677316e-09,-0.04217842715342757,-0.042178427122414,3.101356671475486e-11,-0.2775478584546298,-0.2775480180330856,-1.5957845578284946e-07
0.8473333333333334,0.9555555555555556,0.04,-0.7,2.0,0.3,0.04,0.01,12746,-0.49215911343242214,-0.49215910862356177,4.808860365468348e-09,2.0507964160199066,2.050796425582807,9.562900249449058e-09,0.3259214543294142,0.3259214551380811,8.086668557005794e-10,-0.034063543128404206,-0.034063543027605045,1.007991606849501e-10,-0.4029138168276658,-0.4029140038591956,-1.8703152981913718e-07
1.0911666666666666,0.9555555555555556,0.04,-0.7,2.0,0.3,0.04,0.01,12768,-0.4727376040028486,-0.47273759918119806,4.8216505232900886e-09,1.844760461056083,1.844760472412113,1.1356029894216135e-08,0.3136881602713859,0.3136881610635774,7.921914790820495e-10,-0.028356507632554262,-0.028356507569062703,6.349155923235372e-11,-0.5353569067120811,-0.535357119527697,-2.1281561590758002e-07
1.6453333333333333,0.9555555555555556,0.04,-0.7,2.0,0.3,0.04,0.01,12818,-0.4435962321566733,-0.44359622564782425,6.508849070829825e-09,1.5257585361805326,1.525758577410993,4.123046037918243e-08,0.2784326395158243,0.2784326413836855,1.867861199045251e-09,-0.022488211218196774,-0.02248821120135156,1.6845212724714287e-11,-0.8197299386539236,-0.8197302005318423,-2.618779186835951e-07
1.6675,0.9555555555555556,0.04,-0.7,2.0,0.3,0.04,0.01,12820,-0.44278494126109846,-0.4427849347712717,6.489826787081654e-09,1.5143419573870887,1.514342031997799,7.46107102767013e-08,0.27699128968328157,0.27699129158157876,1.8982971861092324e-09,-0.022360027482626332,-0.022360027466091472,1.653486028652118e-11,-0.8309480971874228,-0.8309483609255259,-2.637381031345143e-07
1.70075,0.9555555555555556,0.04,-0.7,2.0,0.3,0.04,0.01,12823,-0.4416067189244588,-0.4416067124715532,6.452905598752778e-09,1.4974778195231409,1.497477843257685,2.373454410786735e-08,0.274835079973057,0.27483508190746636,1.9344093549200636e-09,-0.02217689794054012,-0.022176897922216294,1.832382509614483e-11,-0.8477830023068123,-0.8477832688415923,-2.665347800245854e-07
2.0,0.9555555555555556,0.04,-0.7,2.0,0.3,0.04,0.01,12850,-0.4326410961452698,-0.4326410904257217,5.719548112903539e-09,1.361273871403057,1.3612738819206323,1.0517575255164502e-08,0.25596557714419044,0.2559655792590143,2.114823871579574e-09,-0.0209263358716405,-0.020926335864768966,6.871534591335049e-12,-1.0002369061901106,-1.0002371980448974,-2.918547867825083e-07
0.06041666666666667,0.9577777777777778,0.04,-0.7,2.0,0.3,0.04,0.01,12856,-0.7272681658351821,-0.727268240148923,-7.431374093869181e-08,5.173080269704755,5.173081030393272,7.606885166211441e-07,0.0776506272670563,0.07765063232535542,5.0582991267811295e-09,-0.10756512474008328,-0.10756502385610621,1.0088397707497254e-07,0.036871372972313576,0.036871220188225355,-1.5278408822122502e-07
0.18233333333333335,0.9577777777777778,0.04,-0.7,2.0,0.3,0.04,0.01,12867,-0.631674566437257,-0.6316745852945244,-1.8857267414240653e-08,3.8961585346886096,3.8961588610952127,3.2640660307947655e-07,0.216680200352537,0.21668020786515288,7.512615890492569e-09,-0.055133477177282675,-0.05513347597503103,1.2022516454601728e-09,-0.034405227777034586,-0.03440534676535834,-1.1898832375650814e-07
0.63675,0.9577777777777778,0.04,-0.7,2.0,0.3,0.04,0.01,12908,-0.5093417351509366,-0.5093417293987896,5.7521469809529435e-09,2.3659277426091307,2.3659277815117283,3.8902597587764376e-08,0.33060161252262965,0.33060161446639463,1.943764982303975e-09,-0.0419973002885321,-0.041997300239848045,4.868405678593035e-11,-0.2807289723655293,-0.2807291333467313,-1.6098120197982624e-07
0.7586666666666667,0.9577777777777778,0.04,-0.7,2.0,0.3,0.04,0.01,12919,-0.49587118942928665,-0.49587118409988934,5.32939731234805e-09,2.1568352215339814,2.1568352602728313,3.873884990568399e-08,0.3296315236353542,0.3296315246990573,1.063703125581128e-09,-0.0371891189010487,-0.03718911879355026,1.074984407045676e-10,-0.3497805524610431,-0.34978072881923183,-1.7635818871930553e-07
1.30175,0.9577777777777778,0.04,-0.7,2.0,0.3,0.04,0.01,12968,-0.4556204217678883,-0.4556204157855493,5.982339013055338e-09,1.7081013881092844,1.7081013474607993,-4.0648485022387604e-08,0.3013746188695876,0.30137462006052473,1.1909371266938251e-09,-0.02545742975451626,-0.025457429715852988,3.866327050183749e-11,-0.6409057651948769,-0.6409059967417482,-2.3154687134319119e-07
1.3571666666666666,0.9577777777777778,0.04,-0.7,2.0,0.3,0.04,0.01,12973,-0.4526727241693784,-0.45267271796431985,6.20505857806819e-09,1.6758321397247755,1.6758321352423884,-4.482387128135201e-09,0.29779844525373855,0.29779844657275345,1.3190148973052374e-09,-0.02485198358076479,-0.024851983546815597,3.3949194150340034e-11,-0.6692298647895112,-0.6692301011511147,-2.3636160351170332e-07
1.6453333333333333,0.9577777777777778,0.04,-0.7,2.0,0.3,0.04,0.01,12999,-0.4402153307508927,-0.44021532418308373,6.567808963353627e-09,1.5170394385144448,1.517039452043213,1.3528768327830676e-08,0.2789317488424703,0.278931750691988,1.8495177056543355e-09,-0.02256933633842939,-0.02256933631987051,1.8558880127139687e-11,-0.8150667671558143,-0.8150670277037985,-2.605479841877312e-07
1.6785833333333333,0.9577777777777778,0.04,-0.7,2.0,0.3,0.04,0.01,13002,-0.4390441379947818,-0.43904413146600846,6.528773355274353e-09,1.500011503896559,1.5000115082721204,4.375561468705769e-09,0.2767629500538549,0.2767629519471357,1.8932808099059173e-09,-0.022375782536276922,-0.02237578252132246,1.4954461280414222e-11,-0.8318542880833557,-0.831854551385744,-2.63302388336939e-07
0.005,0.96,0.04,-0.7,2.0,0.3,0.04,0.01,13032,-0.8559163560870053,-0.8559166388183038,-2.827312984843289e-07,7.276976421444203,7.276978065132154,1.6436879501924295e-06,-0.0259709647176809,-0.025970962575925117,2.1417557831415746e-09,-0.16475454408151902,-0.16475539453948188,-8.504579628587638e-07,0.04677054204912934,0.04677053833905256,-3.7100767805164914e-09
0.14908333333333335,0.96,0.04,-0.7,2.0,0.3,0.04,0.01,13045,-0.6392186135339983,-0.6392186367213344,-2.3187336051222474e-08,4.133130859784728,4.1331311652443565,3.054596282581201e-07,0.18771695301067481,0.18771696011343908,7.1027642656318335e-09,-0.057969566331916855,-0.05796956192799828,4.403918577033927e-09,-0.01655787034315903,-0.01655799582859508,-1.25485436049122e-07
0.23775000000000002,0.96,0.04,-0.7,2.0,0.3,0.04,0.01,13053,-0.5991558991677581,-0.5991559094386274,-1.0270869266193472e-08,3.6297793271078405,3.629779610793109,2.83685268609446e-07,0.2572294511879458,0.25722945843763584,7.249690014976551e-09,-0.054925565859120784,-0.05492556589863683,-3.9516043215392926e-11,-0.06075895651297403,-0.060759073539640225,-1.170266661978947e-07
0.7143333333333334,0.96,0.04,-0.7,2.0,0.3,0.04,0.01,13096,-0.49548636521457023,-0.49548635951786063,5.696709604041672e-09,2.217333960885526,2.217334052438259,9.155273339445102e-08,0.33140393996822226,0.33140394120384137,1.235619107031738e-09,-0.039074832603458454,-0.039074832501372,1.0208645040421516e-10,-0.3214565488493526,-0.3214567196145715,-1.7076521890979635e-07
0.8695,0.96,0.04,-0.7,2.0,0.3,0.04,0.01,13110,-0.48120027515252684,-0.481200270142875,5.009651860010678e-09,2.013730004968295,2.0137300182250892,1.3256794328952992e-08,0.3267066654591422,0.3267066660772577,6.1811550322588e-10,-0.03379598435271358,-0.03379598425076783,1.0194575045252563e-10,-0.40805591753678705,-0.4080561064074711,-1.8887068403694585e-07
0.9581666666666667,0.96,0.04,-0.7,2.0,0.3,0.04,0.01,13118,-0.47412121384093897,-0.4741212089425313,4.898407679476691e-09,1.9307149212721697,1.9307150036845957,8.241242599460463e-08,0.32250724597698843,0.32250724653037965,5.533912217359216e-10,-0.03144823040868161,-0.03144823032530389,8.337772139377364e-11,-0.456467346535705,-0.456467544892465,-1.9835676001722646e-07
1.2685,0.96,0.04,-0.7,2.0,0.3,0.04,0.01,13146,-0.4536526033033228,-0.45365259729524576,6.008077035879467e-09,1.7198222179715117,1.7198222175618865,-4.0962522263043866e-10,0.30410794521040785,0.3041079462850711,1.0746632472802276e-09,-0.025980334003861127,-0.025980333965005747,3.8855380718461063e-11,-0.619669336697215,-0.6196695644626721,-2.2776545705038842e-07
1.5345,0.96,0.04,-0.7,2.0,0.3,0.04,0.01,13170,-0.4409901232677038,-0.4409901165882948,6.679409025878158e-09,1.5671496322866574,1.567149683375746,5.1089088515254844e-08,0.28670912976341834,0.2867091314177553,1.6543369452115542e-09,-0.02339506240178757,-0.023395062381132207,2.0655362836796698e-11,-0.7546174844913489,-0.7546177346404753,-2.5014912641285747e-07
1.56775,0.96,0.04,-0.7,2.0,0.3,0.04,0.01,13173,-0.439687608171091,-0.4396876014893176,6.6817733568314e-09,1.549122957689164,1.5491230842068757,1.2651771164051695e-07,0.2845167044107644,0.2845167061268251,1.7160607379551607e-09,-0.02315489968485185,-0.023154899664458568,2.0393280814046122e-11,-0.7713629385341925,-0.7713631914043827,-2.5287019023156887e-07
1.8005,0.96,0.04,-0.7,2.0,0.3,0.04,0.01,13194,-0.43192136605418874,-0.4319213597461045,6.308084221640087e-09,1.4321125729743756,1.432112586659045,1.3684669397662219e-08,0.2693421004196228,0.26934210242435586,2.004733046234719e-09,-0.021820863407018276,-0.021820863395648066,1.1370210328820463e-11,-0.8886937979721288,-0.8886940699000029,-2.7192787410701413e-07
0.24883333333333335,0.9622222222222222,0.04,-0.7,2.0,0.3,0.04,0.01,13235,-0.5866893898134884,-0.5866893978059944,-7.992505990372933e-09,3.5886432769860477,3.588643499156803,2.2217075512642737e-07,0.26501508888499004,0.2650150959536029,7.068612861704793e-09,-0.05559695674284271,-0.0555969568387779,-9.593519034734044e-11,-0.06460160424492933,-0.06460172206948357,-1.17824554238255e-07
0.38183333333333336,0.9622222222222222,0.04,-0.7,2.0,0.3,0.04,0.01,13247,-0.5429060964290411,-0.5429060942575187,2.1715224063356686e-09,3.045792495992572,3.045792633240916,1.3724834424522214e-07,0.3101754414774893,0.31017544648689155,5.009402226363591e-09,-0.05246820568766131,-0.052468205842801256,-1.551399494981176e-10,-0.13418482700200407,-0.13418495472523387,-1.2772322979803796e-07
0.63675,0.9622222222222222,0.04,-0.7,2.0,0.3,0.04,0.01,13270,-0.498861432667308,-0.49886142648863485,6.178673128687251e-09,2.3500180357238776,2.3500181341373385,9.84134609360865e-08,0.33258518293360906,0.3325851846902306,1.7566215149145137e-09,-0.04253144308741241,-0.042531443024805035,6.260737761554225e-11,-0.274487589836947,-0.27448775069637965,-1.608594326629742e-07
0.8140833333333334,0.9622222222222222,0.04,-0.7,2.0,0.3,0.04,0.01,13286,-0.48136707071766427,-0.4813670653674392,5.350225096290018e-09,2.0692936586463873,2.069293751425587,9.27791998783789e-08,0.32969322386194877,0.3296932245393847,6.774359406769292e-10,-0.03569571049882869,-0.0356957103886785,1.1015019452109698e-10,-0.37390457510000363,-0.37390475746778074,-1.8236777710178842e-07
0.9692500000000001,0.9622222222222222,0.04,-0.7,2.0,0.3,0.04,0.01,13300,-0.46901588270364947,-0.46901587763114533,5.072504138947664e-09,1.9148490904008497,1.9148491311031872,4.070233750042007e-08,0.32266554157611704,0.3226655420689113,4.927942498511584e-10,-0.031350747261849055,-0.03135074717573932,8.610973739608951e-11,-0.45873125364220835,-0.4587314526850689,-1.9904286052696563e-07
1.10225,0.9622222222222222,0.04,-0.7,2.0,0.3,0.04,0.01,13312,-0.45978004446695087,-0.45978003903007475,5.436876115982869e-09,1.816834954704305,1.8168349695147747,1.4810469739501286e-08,0.31510286173513924,0.3151028623943475,6.592082435474822e-10,-0.02861050580560409,-0.02861050574385426,6.174983094298092e-11,-0.5294177640746689,-0.5294179760917503,-2.1201708144680254e-07
1.1576666666666666,0.9622222222222222,0.04,-0.7,2.0,0.3,0.04,0.01,13317,-0.45626859981329204,-0.4562685941320546,5.681237424948193e-09,1.7805023566630496,1.780502469746593,1.1308354341821314e-07,0.3117173117239691,0.31171731249908075,7.751116415377624e-10,-0.027677004978410302,-0.027677004922092956,5.631734661948329e-11,-0.5583660828326065,-0.5583662999579192,-2.171253127292161e-07
1.2463333333333333,0.9622222222222222,0.04,-0.7,2.0,0.3,0.04,0.01,13325,-0.4510622169082157,-0.4510622108248997,6.083315962079894e-09,1.725164205934604,1.7251642865526848,8.06180808776702e-08,0.30612008947883407,0.306120090462701,9.838669323691818e-10,-0.026389709260332683,-0.026389709214317537,4.601514655422356e-11,-0.6041623980421185,-0.6041626230374443,-2.2499532581488069e-07
1.4015,0.9622222222222222,0.04,-0.7,2.0,0.3,0.04,0.01,13339,-0.44315570292635664,-0.4431556963111808,6.6151758515431425e-09,1.6330698959787782,1.6330698911133492,-4.86542894861941e-09,0.2960054834613701,0.2960054848191419,1.3577717838941794e-09,-0.024624730749489565,-0.0246247307175896,3.189996530816863e-11,-0.6831366530329896,-0.6831368911360569,-2.3810306726268493e-07
1.5123333333333333,0.9622222222222222,0.04,-0.7,2.0,0.3,0.04,0.01,13349,-0.43839022576569464,-0.43839021901013725,6.755557391269207e-09,1.5703722600068915,1.5703723582351343,9.822824287297749e-08,0.28867258433401544,0.2886725859246442,1.5906287398337327e-09,-0.023653707777737676,-0.023653707755488702,2.2248973496896696e-11,-0.738988704052923,-0.7389889512061462,-2.4715322310964183e-07
1.5566666666666666,0.9622222222222222,0.04,-0.7,2.0,0.3,0.04,0.01,13353,-0.4366697849189638,-0.4366697781605229,6.7584409180199145e-09,1.546141215058583,1.5461412858288488,7.077026586976842e-08,0.28573634707401707,0.28573634874593706,1.6719199913417526e-09,-0.02331842164776665,-0.023318421626644395,2.1122256721461952e-11,-0.7612670645240627,-0.7612673152586642,-2.507346015256928e-07
1.7450833333333333,0.9622222222222222,0.04,-0.7,2.0,0.3,0.04,0.01,13370,-0.43035233805055473,-0.43035233157959707,6.47095765859973e-09,1.4497826272830139,1.449782629760686,2.477672067513481e-09,0.273361862152266,0.2733618640903597,1.9380936855384334e-09,-0.02215839419478227,-0.02215839417765224,1.7130030033341015e-11,-0.8559495147578144,-0.8559497806849161,-2.659271016725029e-07
1.8559166666666667,0.9622222222222222,0.04,-0.7,2.0,0.3,0.04,0.01,13380,-0.4272353752812763,-0.4272353691215289,6.159747434342222e-09,1.3986588942582756,1.3986588612932607,-3.29650149399896e-08,0.2662400642644558,0.2662400662969254,2.032469637036627e-09,-0.021635685276688577,-0.02163568526207706,1.4611516857554463e-11,-0.9118743220321024,-0.9118745969662451,-2.749341426744323e-07
0.03825,0.9644444444444444,0.04,-0.7,2.0,0.3,0.04,0.01,13397,-0.7230694303766994,-0.7230695276801838,-9.730348449199511e-08,6.2330699046597715,6.233071355129197,1.4504694254569017e-06,0.049741745659359626,0.04974175087024163,5.2108820036700365e-09,-0.17566080630582181,-0.17566081387788082,-7.572059007587839e-09,0.059199692621914046,0.05919954733915346,-1.4528276058578538e-07
0.06041666666666667,0.9644444444444444,0.04,-0.7,2.0,0.3,0.04,0.01,13399,-0.6918411766407284,-0.6918412390384538,-6.239772543104039e-08,5.447069589825659,5.447070506286948,9.164612890799617e-07,0.08391963924714307,0.08391964469871638,5.451573303894008e-09,-0.11631846775966848,-0.11631836341315373,1.0434651474822143e-07,0.040569286180736075,0.04056913003773069,-1.5614300538646653e-07
0.08258333333333334,0.9644444444444444,0.04,-0.7,2.0,0.3,0.04,0.01,13401,-0.6673493744971393,-0.6673494176435454,-4.3146406114580316e-08,4.958127669540957,4.958128283365577,6.138246195774855e-07,0.11374357489130071,0.11374358054762897,5.656328253000886e-09,-0.08435598793266053,-0.08435592960679483,5.832586569276543e-08,0.023247897249500937,0.023247748718783892,-1.4853071704512555e-07
0.16016666666666668,0.9644444444444444,0.04,-0.7,2.0,0.3,0.04,0.01,13408,-0.615356680469803,-0.6153566986947754,-1.8224972420100016e-08,4.109631251969503,4.10963159588662,3.439171170072086e-07,0.20244713435396688,0.20244714166788666,7.313919775375766e-09,-0.05931330796099532,-0.05931330433754584,3.6234494779630033e-09,-0.01928115445498646,-0.019281280420944794,-1.259659583342787e-07
0.43725,0.9644444444444444,0.04,-0.7,2.0,0.3,0.04,0.01,13433,-0.523496900532161,-0.5234968957702645,4.761896543747923e-09,2.8560695752855025,2.856069711643195,1.3635769224862315e-07,0.32096578954754484,0.3209657936439672,4.09642236798291e-09,-0.051278316128278156,-0.05127831633144185,-2.0316369420125824e-10,-0.16123655159211436,-0.1612366862093466,-1.346172322502781e-07
0.6921666666666667,0.9644444444444444,0.04,-0.7,2.0,0.3,0.04,0.01,13456,-0.487828161950532,-0.4878281558131828,6.137349239931922e-09,2.238620450123463,2.238620479883986,2.9760522934907385e-08,0.3334592949735815,0.33345929618199527,1.2084137579471133e-09,-0.040414401192567784,-0.04041440109067179,1.0189599164434071e-10,-0.3024859968947524,-0.30248616466144895,-1.6776669653495446e-07
0.9138333333333334,0.9644444444444444,0.04,-0.7,2.0,0.3,0.04,0.01,13476,-0.4688571771302441,-0.468857171896363,5.233881106292415e-09,1.9564285802520232,1.9564285727367303,-7.51529283249397e-09,0.3262053447025681,0.32620534513339977,4.30831648134955e-10,-0.03291229604629464,-0.03291229595376354,9.253110083706773e-11,-0.42510260471972927,-0.4251027976217325,-1.929020032043205e-07
1.0135833333333333,0.9644444444444444,0.04,-0.7,2.0,0.3,0.04,0.01,13485,-0.46163957480332973,-0.46163956947571194,5.327617791373029e-09,1.872890426080076,1.8728904532308426,2.7150766523931225e-08,0.3209381272448186,0.3209381277152099,4.703912814818523e-10,-0.03050580085095511,-0.030505800778217695,7.273741678415213e-11,-0.4787167303979545,-0.4787169333724247,-2.0297447023143178e-07
1.3904166666666666,0.9644444444444444,0.04,-0.7,2.0,0.3,0.04,0.01,13519,-0.44003766171057945,-0.4400376549928477,6.71773175975332e-09,1.6306153594047856,1.6306154481106296,8.870584400355597e-08,0.2972565279310557,0.2972565292302182,1.2991624998015538e-09,-0.024836298408992263,-0.024836298379699213,2.92930506240463e-11,-0.6732474700421598,-0.6732477062107197,-2.3616855993058294e-07
1.5788333333333333,0.9644444444444444,0.04,-0.7,2.0,0.3,0.04,0.01,13536,-0.43244686492305284,-0.43244685811879313,6.804259711223892e-09,1.5251955920447813,1.5251957025042915,1.1045951020527411e-07,0.2847368740191425,0.28473687570375444,1.684611949936965e-09,-0.02324079970028592,-0.023240799681510136,1.8775783011681924e-11,-0.7678763462068416,-0.7678765974730414,-2.5126619973558917e-07
1.7894166666666667,0.9644444444444444,0.04,-0.7,2.0,0.3,0.04,0.01,13555,-0.42589561329353653,-0.4258956069252769,6.3682596418424e-09,1.420342143898523,1.4203422019161698,5.801764668689202e-08,0.270922956205899,0.27092295816858447,1.962685458600788e-09,-0.021999117798543466,-0.02199911778526911,1.327435730780202e-11,-0.8735048457886307,-0.8735051138118192,-2.6802318842111816e-07
1.83375,0.9644444444444444,0.04,-0.7,2.0,0.3,0.04,0.01,13559,-0.4247095270343282,-0.42470952080381913,6.230509053128941e-09,1.4002364046028504,1.4002363973717067,-7.231143683839036e-09,0.2680738748142564,0.2680738768149303,2.0006739043232358e-09,-0.021791499509316026,-0.021791499494197144,1.5118881840914256e-11,-0.8958312306675542,-0.8958315022553592,-2.715878050230103e-07
0.10475000000000001,0.9666666666666667,0.04,-0.7,2.0,0.3,0.04,0.01,13584,-0.6376384057973916,-0.6376384352602548,-2.946286314919888e-08,4.664580582902644,4.6645810882117615,5.05309117215802e-07,0.1436445327704372,0.1436445389629849,6.192547696848294e-09,-0.07173612327021628,-0.07173609830293731,2.4967278966503414e-08,0.010327515214680894,0.010327373609467517,-1.416052133763196e-07
0.3929166666666667,0.9666666666666667,0.04,-0.7,2.0,0.3,0.04,0.01,13610,-0.5267252145865764,-0.5267252107083626,3.878213750141413e-09,2.998728770853276,2.998728835118335,6.426505905210433e-08,0.31497412386255474,0.31497412851529155,4.65273680694267e-09,-0.05324411014778763,-0.05324411030331076,-1.5552313603617307e-10,-0.13516289096682232,-0.1351630205527209,-1.2958589856726377e-07
0.4926666666666667,0.9666666666666667,0.04,-0.7,2.0,0.3,0.04,0.01,13619,-0.5072396852154326,-0.5072396789331709,6.282261710843784e-09,2.681329308584779,2.6813293553705337,4.6785754825862114e-08,0.32827526391943085,0.32827526713593325,3.2165023977626106e-09,-0.04952678812564226,-0.04952678826721055,-1.4156828487266182e-10,-0.18852828862825355,-0.18852843058280092,-1.4195454736687374e-07
0.5480833333333334,0.9666666666666667,0.04,-0.7,2.0,0.3,0.04,0.01,13624,-0.4990594894124789,-0.4990594827149457,6.697533194710559e-09,2.5326497621325217,2.532649889396103,1.2726358145087602e-07,0.3320175330434605,0.33201753554596125,2.5025007621692907e-09,-0.04707333138620484,-0.04707333143561157,-4.940672870823448e-11,-0.21893876459178063,-0.21893891385912587,-1.4926734523412755e-07
1.4458333333333333,0.9666666666666667,0.04,-0.7,2.0,0.3,0.04,0.01,13705,-0.434061241361694,-0.4340612344590993,6.902594718027899e-09,1.5895144644950676,1.589514545209286,8.071421842004156e-08,0.29406379604246524,0.29406379743799,1.3955247513131042e-09,-0.02439973382312166,-0.024399733792752905,3.036875612094647e-11,-0.6968215080635498,-0.6968217476208458,-2.3955729600011466e-07
1.76725,0.9666666666666667,0.04,-0.7,2.0,0.3,0.04,0.01,13734,-0.4233404709802491,-0.42334046453593166,6.444317413034639e-09,1.4220736033188075,1.422073547396337,-5.592247043217924e-08,0.27277445263179656,0.27277445456017113,1.92837457113626e-09,-0.022170360692852498,-0.02217036067494181,1.7910686822553146e-11,-0.8576200640894593,-0.8576203288654849,-2.64776025549196e-07
1.8226666666666667,0.9666666666666667,0.04,-0.7,2.0,0.3,0.04,0.01,13739,-0.42188755136229883,-0.4218875450904714,6.271827446280298e-09,1.396838655853827,1.3968386177120653,-3.8141761748988756e-08,0.2691942379776102,0.26919423995823893,1.980628716591326e-09,-0.021899549633164206,-0.021899549618133694,1.5030511557601045e-11,-0.8854411327330336,-0.8854414019000989,-2.691670653032219e-07
1.83375,0.9666666666666667,0.04,-0.7,2.0,0.3,0.04,0.01,13740,-0.42160712645705756,-0.4216071202220984,6.234959160078546e-09,1.3919235153370124,1.3919236202474385,1.0491042612414958e-07,0.2684831255594933,0.2684831275444036,1.9849103471969443e-09,-0.02184849943798195,-0.021848499423811042,1.417090750299721e-11,-0.8910137765566484,-0.891014046601728,-2.7004507963113156e-07
0.34858333333333336,0.9688888888888889,0.04,-0.7,2.0,0.3,0.04,0.01,13787,-0.5310475816128202,-0.5310475790727142,2.540106014414789e-09,3.160281658587394,3.1602818717612053,2.1317381149188463e-07,0.3065098437926572,0.30650984904486916,5.25221194314085e-09,-0.05519505155343607,-0.055195051615429265,-6.199319529942571e-11,-0.1097150938467184,-0.1097152192407334,-1.253940149908983e-07
0.38183333333333336,0.9688888888888889,0.04,-0.7,2.0,0.3,0.04,0.01,13790,-0.5226381476647335,-0.5226381435965894,4.068144043856137e-09,3.0333293765671954,3.0333294957725765,1.1920538112164536e-07,0.3140360815370724,0.31403608625986573,4.722793323086449e-09,-0.054128680355425285,-0.054128680478322186,-1.2289690098921113e-10,-0.12694634365206792,-0.12694647235608927,-1.2870402135711778e-07
0.63675,0.9688888888888889,0.04,-0.7,2.0,0.3,0.04,0.01,13813,-0.48327987522328586,-0.48327986840591514,6.817370723499749e-09,2.324025522026929,2.3240255556759886,3.364905953873176e-08,0.33527530646282333,0.3352753079261712,1.4633478873093964e-09,-0.043258340760021774,-0.04325834068162389,7.839788540575654e-11,-0.26521072237301047,-0.26521088310563135,-1.6073262087967777e-07
0.803,0.9688888888888889,0.04,-0.7,2.0,0.3,0.04,0.01,13828,-0.4685169205978501,-0.46851691474522683,5.852623274904545e-09,2.0604801587165156,2.060480199082068,4.036555223407845e-08,0.3323954527176265,0.3323954531961664,4.785399299045423e-10,-0.03661808630178731,-0.03661808618491008,1.168772301163301e-10,-0.3574774261300151,-0.3574776064728955,-1.8034288040702506e-07
1.069,0.9688888888888889,0.04,-0.7,2.0,0.3,0.04,0.01,13852,-0.44979092404862087,-0.44979091816890954,5.879711328926618e-09,1.8172357396650796,1.8172357346282233,-5.036856265405731e-09,0.3189696242383855,0.3189696246800261,4.4164061296925183e-10,-0.02965792451403715,-0.029657924445807306,6.822984191523496e-11,-0.5003874695003185,-0.5003876765977445,-2.0709742598601366e-07
1.3904166666666666,0.9688888888888889,0.04,-0.7,2.0,0.3,0.04,0.01,13881,-0.43283076203659565,-0.4328307550855163,6.9510793232474555e-09,1.6123855250960162,1.612385570677907,4.558189092840337e-08,0.2982396839101842,0.2982396851419242,1.2317400432948489e-09,-0.025032943425928877,-0.025032943391315367,3.4613509974912304e-11,-0.6647341329008016,-0.6647343670197112,-2.3411890959224024e-07
1.468,0.9688888888888889,0.04,-0.7,2.0,0.3,0.04,0.01,13888,-0.4296707540288325,-0.4296707470260862,7.0027462717447975e-09,1.5676362707939262,1.567636308707736,3.79138098693943e-08,0.29304383103112563,0.29304383245037574,1.4192501063270413e-09,-0.0242875753983518,-0.024287575371295764,2.705603796560041e-11,-0.7035875565966632,-0.7035877967804762,-2.4018381306056824e-07
1.70075,0.9688888888888889,0.04,-0.7,2.0,0.3,0.04,0.01,13909,-0.42198869729337396,-0.4219886906466424,6.64673155403861e-09,1.4449694885065867,1.4449694315755068,-5.693107985038637e-08,0.27753226308074863,0.2775322649135897,1.832841045601441e-09,-0.022596132463470475,-0.022596132446977085,1.649338998710448e-11,-0.8196752063785451,-0.8196754645177685,-2.5813922344131157e-07
1.76725,0.9688888888888889,0.04,-0.7,2.0,0.3,0.04,0.01,13915,-0.4201898559191841,-0.4201898494661016,6.453082512791752e-09,1.4134781567420873,1.4134781523443793,-4.397707975556386e-09,0.27317852607317006,0.2731785279846544,1.9114843596845787e-09,-0.02222927822592702,-0.02222927820853947,1.7387549733349772e-11,-0.8529013535826802,-0.8529016168875208,-2.6330484059755577e-07
1.90025,0.9688888888888889,0.04,-0.7,2.0,0.3,0.04,0.01,13927,-0.41696664669743644,-0.41696664069207556,6.005360875249721e-09,1.3553271061006456,1.3553271359827612,2.988211567078736e-08,0.26464469014747527,0.26464469217042086,2.02294558881988e-09,-0.02161387876981058,-0.02161387875581467,1.399590859874067e-11,-0.9196389038035324,-0.9196391775633794,-2.7375984701372147e-07
2.0,0.9688888888888889,0.04,-0.7,2.0,0.3,0.04,0.01,13936,-0.41479491780432864,-0.4147949121424877,5.661840940529572e-09,1.3157295197796515,1.315729499060555,-2.0719096438526208e-08,0.25842869761649734,0.25842869968725485,2.070757509908816e-09,-0.021240430195523796,-0.021240430182809952,1.271384386658525e-11,-0.9700147082125632,-0.9700149899420698,-2.8172950661264906e-07
0.03825,0.9711111111111111,0.04,-0.7,2.0,0.3,0.04,0.01,13940,-0.6803117866999164,-0.6803118622164419,-7.551652547732601e-08,6.579691946839716,6.579693722433539,1.775593822195276e-06,0.05500238275057967,0.05500238824443535,5.493855682880966e-09,-0.18577926819224322,-0.18577924811110347,2.0081139751049193e-08,0.06198856117717311,0.061988412111244465,-1.49065928642389e-07
0.16016666666666668,0.9711111111111111,0.04,-0.7,2.0,0.3,0.04,0.01,13951,-0.5877369014484213,-0.587736914895945,-1.3447523761200841e-08,4.173121492812015,4.173121902424547,4.0961253144899956e-07,0.20758316837760082,0.207583175719358,7.3417571744283094e-09,-0.062274478936086286,-0.062274474515141905,4.420944381411385e-09,-0.015407148745150145,-0.0154072785468868,-1.2980173665425032e-07
0.30425,0.9711111111111111,0.04,-0.7,2.0,0.3,0.04,0.01,13964,-0.5365320876546398,-0.5365320869752116,6.794281803834679e-10,3.3465166027202287,3.3465167606609043,1.579406756491153e-07,0.2947086913401842,0.2947086972583667,5.918182499620173e-09,-0.05723480972302797,-0.057234809802852414,-7.982444566456692e-11,-0.08490643730124647,-0.08490655975775273,-1.2245650625464233e-07
0.70325,0.9711111111111111,0.04,-0.7,2.0,0.3,0.04,0.01,14000,-0.4720208608385845,-0.4720208542479074,6.5906771151702515e-09,2.194535336785819,2.194535377466886,4.068106695953588e-08,0.33574968619221046,0.3357496870530522,8.608417312316874e-10,-0.0405747410725521,-0.040574740955804496,1.1674760463931122e-10,-0.2990360319868324,-0.29903620074617815,-1.6875934577553764e-07
0.8695,0.9711111111111111,0.04,-0.7,2.0,0.3,0.04,0.01,14015,-0.45902035099520955,-0.45902034519721785,5.797991697864546e-09,1.9777790627450997,1.9777791100609334,4.731583369554926e-08,0.33037283707820775,0.3303728373342107,2.5600294106808974e-10,-0.03465947422204296,-0.03465947411658247,1.0546049450388395e-10,-0.39035774211465535,-0.3903579293029689,-1.8718831357178445e-07
0.9692500000000001,0.9711111111111111,0.04,-0.7,2.0,0.3,0.04,0.01,14024,-0.452120811992307,-0.45212080619993,5.792377022473261e-09,1.8858995698423087,1.885899591612229,2.176992031088787e-08,0.3253302532807423,0.3253302535216403,2.408980237511571e-10,-0.03197421051731597,-0.03197421043343159,8.388437860995523e-11,-0.4439718458817965,-0.4439720430680008,-1.9718620430930756e-07
1.0579166666666666,0.9711111111111111,0.04,-0.7,2.0,0.3,0.04,0.01,14032,-0.4464408490814642,-0.4464408430492783,6.0321859174372605e-09,1.8172758908807651,1.8172759232915543,3.241078916360607e-08,0.3202188098419545,0.3202188102089016,3.669470838296718e-10,-0.030015770062785663,-0.030015769990885927,7.189973616483769e-11,-0.49078228187948714,-0.4907824873722132,-2.0549272605752122e-07
1.16875,0.9711111111111111,0.04,-0.7,2.0,0.3,0.04,0.01,14042,-0.4399680149516638,-0.4399680084855506,6.466113200431778e-09,1.740877880740399,1.740877936718021,5.597762187115052e-08,0.313322415569639,0.3133224161872988,6.176597566742714e-10,-0.028018489631742582,-0.028018489580629715,5.111286741077414e-11,-0.5482483965257856,-0.548248611744922,-2.152191364013234e-07
1.2906666666666666,0.9711111111111111,0.04,-0.7,2.0,0.3,0.04,0.01,14053,-0.43370601141956566,-0.43370600454229363,6.8772720296372825e-09,1.663234538984426,1.6632345502979835,1.131355742423068e-08,0.3053626974899859,0.3053626984307083,9.407223888757699e-10,-0.02627583365916175,-0.02627583361961206,3.954968991193297e-11,-0.6103424433889781,-0.6103426686341725,-2.2524519438515966e-07
1.335,0.9711111111111111,0.04,-0.7,2.0,0.3,0.04,0.01,14057,-0.431655422138133,-0.43165541516132605,6.976806965486304e-09,1.6361355437144454,1.6361356624866823,1.1877223693446126e-07,0.3024129424078481,0.3024129434689191,1.0610710088343467e-09,-0.025738045807965904,-0.025738045770117728,3.7848175982180265e-11,-0.6326949037496754,-0.6326951325125149,-2.2876283944928133e-07
1.5566666666666666,0.9711111111111111,0.04,-0.7,2.0,0.3,0.04,0.01,14077,-0.42308852665734475,-0.4230885196609601,6.996384638302544e-09,1.5094301197837723,1.5094302169110774,9.712730508759648e-08,0.28752614951332855,0.2875261510887911,1.5754625382058407e-09,-0.02363214927580959,-0.023632149253400247,2.2409341743356848e-11,-0.7433972237247399,-0.7433974695139076,-2.457891676854729e-07
1.6896666666666667,0.9711111111111111,0.04,-0.7,2.0,0.3,0.04,0.01,14089,-0.41908983585442483,-0.419089829159699,6.69472582925934e-09,1.4414639426529874,1.4414639284739696,-1.4179017737703248e-08,0.2786628750037212,0.27866287680361174,1.799890514408986e-09,-0.022723857087680877,-0.02272385706588456,2.179631822252226e-11,-0.8095394446841486,-0.8095397005739562,-2.558898075655236e-07
1.7561666666666667,0.9711111111111111,0.04,-0.7,2.0,0.3,0.04,0.01,14095,-0.41733699762819265,-0.4173369911374485,6.490744164366902e-09,1.409962507858964,1.4099625527823396,4.492337568606786e-08,0.2742925020401965,0.274292503923165,1.8829685033416865e-09,-0.02234482609220212,-0.022344826076226103,1.59760156492883e-11,-0.8426720459100978,-0.8426723068881028,-2.609780049844801e-07
1.8115833333333333,0.9711111111111111,0.04,-0.7,2.0,0.3,0.04,0.01,14100,-0.41597839498475064,-0.41597838867639003,6.308360611662067e-09,1.3849765223561405,1.3849765119340278,-1.0422112728392108e-08,0.27069200174256736,0.27069200368328966,1.940722305082687e-09,-0.022061620832125595,-0.022061620816454353,1.5671242081793935e-11,-0.8703458464723313,-0.8703461117236448,-2.6525131358035026e-07
1.9778333333333333,0.9711111111111111,0.04,-0.7,2.0,0.3,0.04,0.01,14115,-0.412328860383282,-0.41232885466207087,5.721211115972125e-09,1.3166086165750102,1.316608641351874,2.4776863893904988e-08,0.2601684440353691,0.26016844608686274,2.0514936416304863e-09,-0.021363910572558265,-0.021363910562227865,1.0330399730085205e-11,-0.9538453178251083,-0.9538455961020074,-2.7827689907944375e-07
2.0,0.9711111111111111,0.04,-0.7,2.0,0.3,0.04,0.01,14117,-0.41187945062387543,-0.4118794449785539,5.645321543568116e-09,1.3081943139869878,1.3081943774148004,6.34278125577481e-08,0.25880101239467157,0.2588010144577573,2.0630857022752025e-09,-0.02128606770707142,-0.021286067696374648,1.0696773328211506e-11,-0.9650411108158563,-0.9650413908576152,-2.800417588932902e-07
0.21558333333333335,0.9733333333333334,0.04,-0.7,2.0,0.3,0.04,0.01,14137,-0.5579815911599395,-0.557981596821702,-5.6617625032728824e-09,3.81532423432418,3.8153244950827467,2.6075856673912767e-07,0.25333565562862814,0.2533356629072511,7.278622982109795e-09,-0.06052807567269447,-0.06052807538691144,2.8578302918580434e-10,-0.039717352696977404,-0.039717475735355064,-1.2303837765986758e-07
0.22666666666666668,0.9733333333333334,0.04,-0.7,2.0,0.3,0.04,0.01,14138,-0.5541262217043097,-0.5541262263033452,-4.599035485775005e-09,3.7495220983618793,3.749522412285231,3.1392335175794983e-07,0.26032227581435086,0.2603222829647594,7.150408543044051e-09,-0.06023463027110543,-0.060234630262616905,8.48852238499731e-12,-0.04493694932578007,-0.04493707162387918,-1.2229809910613287e-07
0.23775000000000002,0.9733333333333334,0.04,-0.7,2.0,0.3,0.04,0.01,14139,-0.550325219017822,-0.550325222594785,-3.5769629480597587e-09,3.685900246130913,3.6859005125044213,2.6637350813984995e-07,0.2667618398594085,0.26676184685418536,6.994776868829433e-09,-0.059942395401746396,-0.059942395555961606,-1.542152100464378e-10,-0.05021256692161469,-0.05021268874291496,-1.218213002696089e-07
0.3929166666666667,0.9733333333333334,0.04,-0.7,2.0,0.3,0.04,0.01,14153,-0.5067935300306914,-0.5067935243177203,5.712971096194508e-09,2.9795521383491064,2.9795523155724664,1.7722335998726635e-07,0.3184374468126472,0.3184374511547101,4.342062931428359e-09,-0.054730149335602274,-0.0547301494514139,-1.1581162417950708e-10,-0.12790639745130505,-0.12790652805563427,-1.3060432921263576e-07
0.48158333333333336,0.9733333333333334,0.04,-0.7,2.0,0.3,0.04,0.01,14161,-0.4910655295078947,-0.4910655221164316,7.39146310824168e-09,2.68629726796199,2.686297359747638,9.178564797096556e-08,0.33024526471941984,0.33024526775944996,3.0400301165300903e-09,-0.05104703812403022,-0.051047038246342887,-1.2231266693918386e-10,-0.17445241088959174,-0.17445255197146078,-1.4108186904837616e-07
0.63675,0.9733333333333334,0.04,-0.7,2.0,0.3,0.04,0.01,14175,-0.4729920971346946,-0.4729920898929233,7.241771293742261e-09,2.3052867170747504,2.3052868141074145,9.703266412586231e-08,0.3368769233677571,0.3368769246311752,1.2634180923676297e-09,-0.04369368695772424,-0.04369368686891566,8.880858548554471e-11,-0.25908888572290234,-0.25908904640939595,-1.606864936110064e-07
0.6589166666666667,0.9733333333333334,0.04,-0.7,2.0,0.3,0.04,0.01,14177,-0.4709654619208803,-0.4709654548341531,7.0867272050634256e-09,2.262813597608826,2.262813698036762,1.004279361893623e-07,0.33690291557586516,0.33690291665687516,1.081010003733951e-09,-0.04268555110098493,-0.04268555099813236,1.0285257368014555e-10,-0.27133838047227465,-0.2713385438525237,-1.633802490519365e-07
0.7365,0.9733333333333334,0.04,-0.7,2.0,0.3,0.04,0.01,14184,-0.46446295045965424,-0.46446294391917076,6.540483488137738e-09,2.1339655043028927,2.133965549783238,4.548034526763445e-08,0.33582181473534867,0.3358218153137271,5.783784562396477e-10,-0.03941251424999237,-0.0394125141256554,1.2433697127445242e-10,-0.3141861623170983,-0.31418633479218844,-1.7247509015438922e-07
0.8584166666666667,0.9733333333333334,0.04,-0.7,2.0,0.3,0.04,0.01,14195,-0.4554095709774497,-0.4554095649852173,5.9922324324723775e-09,1.9814794249839451,1.981479402630715,-2.2353230155758297e-08,0.3315202716941412,0.33152027189143957,1.972983443288001e-10,-0.03515312885782329,-0.03515312874969212,1.0813117068408928e-10,-0.38086121324693023,-0.3808613989548481,-1.8570791787686503e-07
1.10225,0.9733333333333334,0.04,-0.7,2.0,0.3,0.04,0.01,14217,-0.43980616476674284,-0.4398061583763805,6.390362350394696e-09,1.7774047400553883,1.7774047675765534,2.7521165124611002e-08,0.31805557775099746,0.31805557815240876,4.0141129309390067e-10,-0.029292283114101814,-0.029292283052392225,6.170958882778521e-11,-0.5100645546524119,-0.5100647634753779,-2.0882296603019768e-07
1.1133333333333333,0.9733333333333334,0.04,-0.7,2.0,0.3,0.04,0.01,14218,-0.4391721248619973,-0.439172118431909,6.430088295150682e-09,1.769691193587164,1.7696912007993724,7.2122083860648445e-09,0.31736262657483527,0.3173626270060386,4.312033508035995e-10,-0.02908934638612415,-0.029089346325705086,6.041906211451398e-11,-0.515800989200621,-0.5158011989821293,-2.097815082757748e-07
1.2463333333333333,0.9733333333333334,0.04,-0.7,2.0,0.3,0.04,0.01,14230,-0.4321295916226431,-0.43212958472300245,6.8996406366039764e-09,1.6818018866437967,1.681801932733941,4.609014436773862e-08,0.3087760377179505,0.3087760384966221,7.786716271773741e-10,-0.02697214441793605,-0.026972144370862407,4.707364359424204e-11,-0.5838542868710772,-0.5838545076986216,-2.2082754436159036e-07
1.36825,0.9733333333333334,0.04,-0.7,2.0,0.3,0.04,0.01,14241,-0.4266142029596409,-0.42661419581724336,7.142397562276415e-09,1.6067273844733165,1.6067273528505912,-3.162272532719612e-08,0.3006389251716812,0.30063892628441735,1.112736125463698e-09,-0.025457593749445007,-0.025457593714021922,3.542308460446897e-11,-0.645216359299039,-0.6452165896618612,-2.3036282226218674e-07
1.4236666666666666,0.9733333333333334,0.04,-0.7,2.0,0.3,0.04,0.01,14246,-0.4243966937178545,-0.42439668654912177,7.168732718554338e-09,1.5741225434240391,1.5741226149032754,7.147923630768105e-08,0.2969037590302981,0.29690376028484106,1.2545429695087762e-09,-0.024876750376601198,-0.02487675034402228,3.2578918729431194e-11,-0.6728857914412023,-0.6728860260198186,-2.345786163093777e-07
1.43475,0.9733333333333334,0.04,-0.7,2.0,0.3,0.04,0.01,14247,-0.4239738724737263,-0.42397386530880377,7.164922544156127e-09,1.5677200093655586,1.5677200357993943,2.6433835786932036e-08,0.2961556479913474,0.29615564927246874,1.2811213201402438e-09,-0.02476763486691791,-0.024767634836934223,2.998368567319609e-11,-0.6784076054539012,-0.6784078408719331,-2.3541803184645715e-07
1.4458333333333333,0.9733333333333334,0.04,-0.7,2.0,0.3,0.04,0.01,14248,-0.423557756536741,-0.42355774937348883,7.163252158104427e-09,1.561357959589671,1.5613579935927269,3.400305592649033e-08,0.29540737574301756,0.29540737705493847,1.31192090524479e-09,-0.024660746857085858,-0.024660746829122684,2.796317344344601e-11,-0.683926011472713,-0.6839262477233855,-2.3625067246957343e-07
1.50125,0.9733333333333334,0.04,-0.7,2.0,0.3,0.04,0.01,14253,-0.4215745705096752,-0.4215745633866939,7.122981260376804e-09,1.5301731715045008,1.530173139676165,-3.1828335744776837e-08,0.29166634069294206,0.2916663421255106,1.4325685637750496e-09,-0.024158006646235464,-0.02415800661963116,2.6604302094668242e-11,-0.7114758760332074,-0.7114761164429361,-2.4040972868011323e-07
1.7783333333333333,0.9733333333333334,0.04,-0.7,2.0,0.3,0.04,0.01,14278,-0.4136820481603909,-0.4136820417425766,6.41781428001309e-09,1.391272330675264,1.3912722964896684,-3.418559546553013e-08,0.27322369826970894,0.273223700161357,1.8916480604147523e-09,-0.022281853199468404,-0.022281853184811636,1.4656768854148794e-11,-0.8490394624938169,-0.8490397236886238,-2.6119480689423824e-07
1.867,0.9733333333333334,0.04,-0.7,2.0,0.3,0.04,0.01,14286,-0.4116830570938257,-0.4116830509877899,6.106035788100428e-09,1.3529681375246128,1.352968127136168,-1.038844477108114e-08,0.2675038129770768,0.26750381495169395,1.974617136468737e-09,-0.021854081849181917,-0.02185408183524239,1.3939526616324471e-11,-0.8932917322931888,-0.8932920002776373,-2.679844485209415e-07
1.8780833333333333,0.9733333333333334,0.04,-0.7,2.0,0.3,0.04,0.01,14287,-0.41144576169355185,-0.41144575562709196,6.06645988998622e-09,1.3483805905156743,1.3483805385611851,-5.195448915529255e-08,0.2667972287234699,0.2667972307080172,1.984547304267892e-09,-0.021805291780252478,-0.021805291766999423,1.3253054903517025e-11,-0.8988376929813802,-0.8988379618220322,-2.688406520734432e-07
0.08258333333333334,0.9755555555555555,0.04,-0.7,2.0,0.3,0.04,0.01,14306,-0.6108499786641741,-0.6108500059969356,-2.733276149857744e-08,5.194181679213372,5.194182424970441,7.457570685431847e-07,0.1230139567709454,0.12301396293110951,6.160164114921152e-09,-0.0941307385787793,-0.09413068060620945,5.797256984185761e-08,0.028226843386824907,0.028226689307558617,-1.5407926629018576e-07
0.30425,0.9755555555555555,0.04,-0.7,2.0,0.3,0.04,0.01,14326,-0.5216662236909309,-0.5216662212137385,2.4771923401445406e-09,3.3423247336461515,3.3423249624640685,2.2881791705842147e-07,0.29723129020942096,0.2972312959640062,5.754585252759625e-09,-0.058537766204902475,-0.05853776631065579,-1.0575331582662884e-10,-0.08080742946114938,-0.08080755307070943,-1.2360956004597856e-07
0.31533333333333335,0.9755555555555555,0.04,-0.7,2.0,0.3,0.04,0.01,14327,-0.5185863590403961,-0.5185863559218332,3.1185628523999753e-09,3.290804478917053,3.2908047034771055,2.2456005233095766e-07,0.30083857271406833,0.3008385782620631,5.5479947858039225e-09,-0.058135688128235774,-0.05813568820259185,-7.435607685124523e-11,-0.08631388978802557,-0.08631401404622854,-1.242582029770123e-07
0.5591666666666667,0.9755555555555555,0.04,-0.7,2.0,0.3,0.04,0.01,14349,-0.4754892156241808,-0.4754892077274191,7.89676168899689e-09,2.4661547415316676,2.466154832303819,9.077215157304863e-08,0.33602265078702676,0.33602265272898235,1.941955596329592e-09,-0.04763004985308683,-0.047630049848892,4.194831981774172e-12,-0.21355383633625546,-0.2135539873932385,-1.5105698303319315e-07
0.8584166666666667,0.9755555555555555,0.04,-0.7,2.0,0.3,0.04,0.01,14376,-0.4510152482772867,-0.4510152421095441,6.167742594431758e-09,1.9733721989823039,1.9733721569598712,-4.202243264472827e-08,0.33214108255880115,0.3321410826804622,1.2166107010713745e-10,-0.03530670727086571,-0.03530670716431516,1.0655055310282435e-10,-0.3773984118385365,-0.37739859722224517,-1.8538370866183485e-07
1.069,0.9755555555555555,0.04,-0.7,2.0,0.3,0.04,0.01,14395,-0.43775699723108685,-0.4377569907765578,6.454529077881688e-09,1.7925610940050518,1.7925611446158087,5.061075691870087e-08,0.3206371748548653,0.3206371751350577,2.801923693063202e-10,-0.030059146810257342,-0.030059146741609765,6.864757720603798e-11,-0.48901520236621643,-0.48901540765735546,-2.052911390326706e-07
1.50125,0.9755555555555555,0.04,-0.7,2.0,0.3,0.04,0.01,14434,-0.4181847657003246,-0.41818475852261444,7.177710148464911e-09,1.5206390147071147,1.5206390131394936,-1.5676211440052157e-09,0.29206654198088433,0.2920665433897174,1.4088330502204371e-09,-0.024233010312846304,-0.024233010286620057,2.6226246868654712e-11,-0.7071460978155808,-0.7071463370462848,-2.3923070402442903e-07
1.9335,0.9755555555555555,0.04,-0.7,2.0,0.3,0.04,0.01,14473,-0.4073566018836239,-0.40735659603407776,5.8495461252583425e-09,1.3182737013117674,1.3182736649086904,-3.6403076997260087e-08,0.2636482990420186,0.26364830105280596,2.010787369943756e-09,-0.021619803562134,-0.021619803549877113,1.2256886477990392e-11,-0.9217606206565754,-0.921760892172265,-2.7151568959826733e-07
0.16016666666666668,0.9777777777777779,0.04,-0.7,2.0,0.3,0.04,0.01,14494,-0.5597594508852111,-0.5597594591301206,-8.244909532884037e-09,4.21664508309938,4.216645482747154,3.9964777442946797e-07,0.21207431269709698,0.21207432006927976,7.372182780907011e-09,-0.06489711483537164,-0.06489710972241249,5.112959153286134e-09,-0.011809654534289393,-0.011809788120650894,-1.3358636150040404e-07
0.24883333333333335,0.9777777777777779,0.04,-0.7,2.0,0.3,0.04,0.01,14502,-0.5304649626064473,-0.53046496286354,-2.5709268047791056e-10,3.6281742721300247,3.6281745411433812,2.6901335647977476e-07,0.2753026421373206,0.2753026488462023,6.708881727934823e-09,-0.06107202585647897,-0.061072026130931274,-2.744523011632971e-10,-0.052067891351259554,-0.05206801453988101,-1.2318862145643816e-07
0.37075,0.9777777777777779,0.04,-0.7,2.0,0.3,0.04,0.01,14513,-0.4981001046530653,-0.4981000983419423,6.311123013080788e-09,3.0481346391386666,3.048134701080497,6.194183033159106e-08,0.3161865690176624,0.3161865734979395,4.48027709376575e-09,-0.056539185553095006,-0.05653918561834605,-6.525104068177967e-11,-0.1119116951181498,-0.11191182429649622,-1.2917834642245385e-07
0.4926666666666667,0.9777777777777779,0.04,-0.7,2.0,0.3,0.04,0.01,14524,-0.4777044739012748,-0.47770446563494057,8.266334228235195e-09,2.63280558465695,2.6328057212081153,1.3655116548605406e-07,0.332930500485662,0.33293050314426575,2.6586037815690133e-09,-0.05114590310939526,-0.05114590319249331,-8.309804927497666e-11,-0.17502573746774885,-0.17502588035160319,-1.42883854331588e-07
0.5148333333333334,0.9777777777777779,0.04,-0.7,2.0,0.3,0.04,0.01,14526,-0.4749448333571382,-0.47494482505791075,8.299227471919579e-09,2.5701965056246223,2.570196556551421,5.09267987780504e-08,0.3345328251574964,0.3345328275248546,2.3673581983629788e-09,-0.05006510032490308,-0.050065100379210976,-5.4307898456062986e-11,-0.18683705504646264,-0.18683720067821968,-1.4563175704251918e-07
0.57025,0.9777777777777779,0.04,-0.7,2.0,0.3,0.04,0.01,14531,-0.4688938333999304,-0.4688938252687371,8.13119332976342e-09,2.4288232480795813,2.4288232567617847,8.682203400667277e-09,0.3371776009197802,0.33717760263020397,1.7104237470810801e-09,-0.04731522510320607,-0.047315225075339855,2.7866216278926714e-11,-0.21672026632529873,-0.21672041886269233,-1.525373936051011e-07
0.5924166666666667,0.9777777777777779,0.04,-0.7,2.0,0.3,0.04,0.01,14533,-0.466744089428206,-0.46674408143138163,7.996824369360667e-09,2.377994506863601,2.377994645000853,1.3813725185940484e-07,0.33777461280304344,0.3377746142785245,1.4754810706563148e-09,-0.046221403584290055,-0.046221403523493146,6.079690917371039e-11,-0.2287824838242969,-0.22878263909597849,-1.5527168159557014e-07
0.6145833333333334,0.9777777777777779,0.04,-0.7,2.0,0.3,0.04,0.01,14535,-0.4647156911269379,-0.46471568329156676,7.835371129694124e-09,2.330238801917517,2.330238858111948,5.619443133042523e-08,0.3381490202905568,0.3381490215508555,1.2602986987353404e-09,-0.045144025853094405,-0.04514402577506862,7.802578722015951e-11,-0.24088728207166676,-0.24088744005421311,-1.5798254635046582e-07
0.7475833333333334,0.9777777777777779,0.04,-0.7,2.0,0.3,0.04,0.01,14547,-0.4542183287184476,-0.45421832190690825,6.811539332574057e-09,2.1001208494464407,2.100120922173116,7.272667534863331e-08,0.33685964255902867,0.3368596429092746,3.502459433590843e-10,-0.03931344133900616,-0.03931344121119319,1.2781296854225133e-10,-0.3137695566282628,-0.3137697300162293,-1.73387966539984e-07
0.7586666666666667,0.9777777777777779,0.04,-0.7,2.0,0.3,0.04,0.01,14548,-0.45342778019902275,-0.4534277734535249,6.745497826976532e-09,2.084679856517724,2.0846799001726812,4.365495742675307e-08,0.3365436925087395,0.3365436928101525,3.0141300566555174e-10,-0.038886688054073915,-0.03888668792589891,1.2817500533168769e-10,-0.3198252436087401,-0.31982541820924004,-1.7460049994699745e-07
0.9249166666666667,0.9777777777777779,0.04,-0.7,2.0,0.3,0.04,0.01,14563,-0.4423704579292753,-0.4423704516236716,6.305603705847318e-09,1.9001917817007552,1.9001919607331383,1.7903238314076475e-07,0.3294584181640081,0.3294584181872509,2.324279657628381e-11,-0.033536957862456696,-0.03353695776717524,9.528145633597163e-11,-0.40956564417937713,-0.40956583577675076,-1.9159737363327878e-07
1.1133333333333333,0.9777777777777779,0.04,-0.7,2.0,0.3,0.04,0.01,14580,-0.43134565848090833,-0.4313456516866316,6.7942767523199166e-09,1.752058031989634,1.7520580201354894,-1.1854144554845902e-08,0.318366185250718,0.31836618557840735,3.276893201231701e-10,-0.029335314015721536,-0.029335313956091867,5.962966925787683e-11,-0.5081545933313669,-0.5081548017736485,-2.0844228154626165e-07
1.1909166666666666,0.9777777777777779,0.04,-0.7,2.0,0.3,0.04,0.01,14587,-0.42734191512072695,-0.4273419080779812,7.0427457199429e-09,1.6991644202768441,1.6991644946313582,7.435451410131577e-08,0.31335323175091245,0.31335323228685663,5.359441779262397e-10,-0.028013513714841842,-0.02801351366533038,4.9511460903373106e-11,-0.5478147477938622,-0.5478149625686202,-2.1477475797837542e-07
1.36825,0.9777777777777779,0.04,-0.7,2.0,0.3,0.04,0.01,14603,-0.41951590246641635,-0.4195158951300869,7.336329432838795e-09,1.5874214331912384,1.5874214869209127,5.372967426531261e-08,0.3014808228646304,0.30148082390776254,1.0431321362247559e-09,-0.02563659395354856,-0.025636593920366338,3.318222085990641e-11,-0.6369137417580606,-0.6369139701014904,-2.2834342983113487e-07
1.4125833333333333,0.9777777777777779,0.04,-0.7,2.0,0.3,0.04,0.01,14607,-0.417844368739706,-0.4178443614122539,7.327452089533892e-09,1.5612338200021725,1.5612338575706715,3.7568498978401976e-08,0.2984720120374762,0.2984720131980382,1.1605619798515932e-09,-0.02515603321234794,-0.02515603318065347,3.169446996520442e-11,-0.6589451028002347,-0.6589453344053748,-2.316051401773933e-07
1.5566666666666666,0.9777777777777779,0.04,-0.7,2.0,0.3,0.04,0.01,14620,-0.41311949372041523,-0.4131194866082463,7.112168909362282e-09,1.4812015780574228,1.4812015137711905,-6.428623233745157e-08,0.28869685453708493,0.2886968560353993,1.4983143614699657e-09,-0.02383967400293452,-0.02383967397692012,2.6014398968321473e-11,-0.7301981545249081,-0.7301983965832739,-2.420583657958275e-07
1.6120833333333333,0.9777777777777779,0.04,-0.7,2.0,0.3,0.04,0.01,14625,-0.41155737357023714,-0.4115573666033776,6.966859533719116e-09,1.4525920355445976,1.4525921298668527,9.432225511751824e-08,0.28496226818941484,0.2849622697994939,1.6100790700690482e-09,-0.023418766414984304,-0.02341876639209703,2.2887275408223218e-11,-0.7575418593336325,-0.7575421053963268,-2.460626943312505e-07
1.7783333333333333,0.9777777777777779,0.04,-0.7,2.0,0.3,0.04,0.01,14640,-0.40753664207415774,-0.4075366356628564,6.41130132317258e-09,1.3741644266929143,1.3741644150346841,-1.1658230159028449e-08,0.2739371619805975,0.27393716383869965,1.8581021721253421e-09,-0.02238260957049265,-0.02238260955485982,1.5632831834588856e-11,-0.8397083448338782,-0.8397086030558325,-2.5822195426350447e-07
1.8448333333333333,0.9777777777777779,0.04,-0.7,2.0,0.3,0.04,0.01,14646,-0.40614752142426047,-0.4061475152628078,6.161452681396895e-09,1.3458075598382635,1.3458075507456564,-9.092607111682582e-09,0.2696273637772806,0.269627365705178,1.927897397280276e-09,-0.022048320863221615,-0.02204832084959568,1.362593371467824e-11,-0.872717841115811,-0.8727181042969276,-2.631811166775577e-07
1.9224166666666667,0.9777777777777779,0.04,-0.7,2.0,0.3,0.04,0.01,14653,-0.4046423106901509,-0.40464230481546337,5.874687514229038e-09,1.3147519850598144,1.3147519830620882,-1.9977262066817048e-09,0.2646879237655497,0.2646879257543722,1.988822495579967e-09,-0.021706832210866,-0.021706832199799003,1.1066998012454476e-11,-0.9113807559654741,-0.911381025009804,-2.6904432992580496e-07
1.96675,0.9777777777777779,0.04,-0.7,2.0,0.3,0.04,0.01,14657,-0.4038270533143762,-0.4038270476022189,5.712157302717458e-09,1.2979278707359043,1.2979277976699686,-7.306593574618603e-08,0.26191218254256743,0.2619121845594646,2.0168971492928733e-09,-0.021532948946134667,-0.021532948935137877,1.0996790283934743e-11,-0.9335564381793282,-0.9335567106128113,-2.7243348310612703e-07
0.24883333333333335,0.98,0.04,-0.7,2.0,0.3,0.04,0.01,14683,-0.5224025649525066,-0.5224025640023443,9.501622821872502e-10,3.6277158832476175,3.6277161395012394,2.5625362187753353e-07,0.2765054481790319,0.2765054548295738,6.650541894970274e-09,-0.06174646347389956,-0.06174646377673804,-3.028384834569131e-10,-0.050363581532986146,-0.05036370555037502,-1.24017388872244e-07
0.3375,0.98,0.04,-0.7,2.0,0.3,0.04,0.01,14691,-0.49860203027302097,-0.4986020244225139,5.850507078797307e-09,3.1791105803424813,3.179110683964925,1.0362244351469485e-07,0.30938404211727777,0.3093840470733434,4.956065613459515e-09,-0.05839492676407154,-0.05839492682016669,-5.609514935889237e-11,-0.09308967491572506,-0.09308980177894118,-1.268632161127714e-07
0.8140833333333334,0.98,0.04,-0.7,2.0,0.3,0.04,0.01,14734,-0.44512566020643574,-0.4451256535549278,6.651507955535152e-09,2.0055490213000127,2.0055490482032607,2.6903248073750774e-08,0.33519803604914467,0.33519803609247373,4.33290625601046e-11,-0.03703958436851451,-0.037039584249535525,1.189789863853541e-10,-0.34663215177144213,-0.34663233201947036,-1.8024802822536046e-07
0.9138333333333334,0.98,0.04,-0.7,2.0,0.3,0.04,0.01,14743,-0.43883325619387126,-0.43883324970031,6.4935612442695856e-09,1.9018312480412192,1.901831308116807,6.007558783771572e-08,0.330574649001214,0.3305746489502156,-5.0998427703063953e-11,-0.03397659286308308,-0.03397659276912031,9.396276812179138e-11,-0.4001421683369477,-0.4001423584636866,-1.9012673890816956e-07
0.9470833333333334,0.98,0.04,-0.7,2.0,0.3,0.04,0.01,14746,-0.43681927804017917,-0.4368192715181456,6.5220335798699125e-09,1.871933852370944,1.8719339318450328,7.947408886543883e-08,0.32879870986102233,0.32879870982786774,-3.315459018438105e-11,-0.033090125945434146,-0.03309012586002448,8.540966545123041e-11,-0.41777666433845395,-0.41777685759787614,-1.9325942218761938e-07
1.4125833333333333,0.98,0.04,-0.7,2.0,0.3,0.04,0.01,14788,-0.41438585268227524,-0.41438584528484973,7.3974255054842786e-09,1.5514148743456246,1.551414884754844,1.0409219264317926e-08,0.2988546831420025,0.298854684273859,1.131856497416095e-09,-0.025235660328359888,-0.025235660298050445,3.030944245585587e-11,-0.6547671437945324,-0.6547673743240595,-2.3052952713431552e-07
1.4236666666666666,0.98,0.04,-0.7,2.0,0.3,0.04,0.01,14789,-0.41399915793050024,-0.413999150542166,7.3883342222025306e-09,1.5449903467690262,1.5449903446760496,-2.0929766808563954e-09,0.29809951670067836,0.29809951785641564,1.1557372836534796e-09,-0.0251202420945007,-0.025120242064387316,3.0113384008600974e-11,-0.6602504498143258,-0.660250681142916,-2.3132859017227503e-07
1.5788333333333333,0.98,0.04,-0.7,2.0,0.3,0.04,0.01,14803,-0.4092239466074732,-0.40922393952947567,7.077997521420798e-09,1.4601846953787856,1.4601847434773276,4.809854203813302e-08,0.2875556755180253,0.28755567703561885,1.5175935508260352e-09,-0.0237280607023882,-0.023728060677903364,2.448483429895454e-11,-0.7367479794431753,-0.7367482218255598,-2.4238238449658667e-07
1.8448333333333333,0.98,0.04,-0.7,2.0,0.3,0.04,0.01,14827,-0.4031659625833295,-0.4031659564366075,6.146721964750412e-09,1.3375985374874944,1.337598514831416,-2.265607834672778e-08,0.26996150929520235,0.269961511208778,1.913575631284914e-09,-0.022092066406520505,-0.02209206639350376,1.301674393272556e-11,-0.8680001998015441,-0.868000461432258,-2.616307138714191e-07
1.8780833333333333,0.98,0.04,-0.7,2.0,0.3,0.04,0.01,14830,-0.40253726489608566,-0.4025372588744697,6.021615928109014e-09,1.3241969132327114,1.324196903499095,-9.733616357365804e-09,0.2678310662374006,0.2678310681812926,1.943891991817992e-09,-0.021938224001594175,-0.021938223989575446,1.2018729761420488e-11,-0.8845085974584777,-0.8845088615619252,-2.6410344755589676e-07
0.03825,0.9822222222222222,0.04,-0.7,2.0,0.3,0.04,0.01,14845,-0.6049009671013628,-0.6049010015810442,-3.447968144332236e-08,6.948557512709286,6.948559316104547,1.8033952615681414e-06,0.0625268587722827,0.06252686459508533,5.822802628951962e-09,-0.19725837495071508,-0.19725831449753925,6.045317582636933e-08,0.0641696105696532,0.06416945688581399,-1.536838392102169e-07
0.18233333333333335,0.9822222222222222,0.04,-0.7,2.0,0.3,0.04,0.01,14858,-0.5339460309533584,-0.5339460335846398,-2.631281414977593e-09,4.0600654060973795,4.060065737096488,3.309991081223984e-07,0.2341286761656236,0.23412868358654507,7.4209214606657525e-09,-0.06469923288482393,-0.06469923027700211,2.6078218196001757e-09,-0.019188722047980278,-0.019188853655508466,-1.3160752818791588e-07
0.21558333333333335,0.9822222222222222,0.04,-0.7,2.0,0.3,0.04,0.01,14861,-0.5239765386641504,-0.5239765387446843,-8.053391287177192e-11,3.830849487629351,3.8308497952224494,3.075930985474429e-07,0.2584895728113823,0.2584895799507934,7.139411117851324e-09,-0.06339639563784916,-0.06339639532520695,3.12642203792457e-10,-0.03369083911436421,-0.03369096609546155,-1.2698109733838558e-07
0.404,0.9822222222222222,0.04,-0.7,2.0,0.3,0.04,0.01,14878,-0.47854222772564237,-0.4785422193274464,8.398195971981437e-09,2.900925694104828,2.9009258382670917,1.4416226390423503e-07,0.32414784365386584,0.3241478473728146,3.7189487600564064e-09,-0.05595485686127333,-0.05595485694515054,-8.38772107325525e-11,-0.12404479854760675,-0.12404493183670805,-1.3328910129783988e-07
0.5591666666666667,0.9822222222222222,0.04,-0.7,2.0,0.3,0.04,0.01,14892,-0.4591573367690449,-0.4591573280088929,8.760151992692755e-09,2.432834933507877,2.4328349918190915,5.8311214523598665e-08,0.33818748047864666,0.33818748208855365,1.6099069855002313e-09,-0.04830114495257831,-0.04830114492313735,2.944096355594894e-11,-0.2050651836277284,-0.2050653350204871,-1.5139275869047175e-07
0.6921666666666667,0.9822222222222222,0.04,-0.7,2.0,0.3,0.04,0.01,14904,-0.4486574216402972,-0.44865741404965764,7.590639561350088e-09,2.165511753249305,2.1655118328372858,7.958798065033079e-08,0.33925202882229,0.3392520292771946,4.5490461397790227e-10,-0.04191445366952262,-0.04191445353925515,1.3026747042177433e-10,-0.27717228683221684,-0.27717245381199773,-1.6697978089119658e-07
0.83625,0.9822222222222222,0.04,-0.7,2.0,0.3,0.04,0.01,14917,-0.4393030596533398,-0.43930305288871635,6.764623472488296e-09,1.9714174959162278,1.9714175548675934,5.895136556688385e-08,0.33481879380764523,0.3348187937283049,-7.934031209799741e-11,-0.036441797651998176,-0.03644179753881857,1.1317960457724041e-10,-0.3552195068104447,-0.3552196890260439,-1.822155992203811e-07
0.936,0.9822222222222222,0.04,-0.7,2.0,0.3,0.04,0.01,14926,-0.4333140942536229,-0.43331408755377104,6.699851839986337e-09,1.8728883333096746,1.872888408694605,7.538493029812798e-08,0.3299042911730776,0.3299042910613473,-1.1173034719647035e-10,-0.03351078586538714,-0.033510785773879816,9.150732255269745e-11,-0.40837800659832,-0.40837819838802925,-1.9178970922517635e-07
1.03575,0.9822222222222222,0.04,-0.7,2.0,0.3,0.04,0.01,14935,-0.42767933583487405,-0.42767932892404326,6.910830796513778e-09,1.7907120120064235,1.7907120179511238,5.944700287585647e-09,0.3241328883910044,0.324132888425554,3.454958541482256e-11,-0.031123970174462556,-0.03112397010449987,6.99626849509638e-11,-0.4606066579887491,-0.46060685863839174,-2.006496426232296e-07
1.1355,0.9822222222222222,0.04,-0.7,2.0,0.3,0.04,0.01,14944,-0.42248991373394773,-0.4224899065317416,7.20220610928024e-09,1.7178705569165231,1.717870411426073,-1.454904501319021e-07,0.3178448803278777,0.31784488061204724,2.841695212474349e-10,-0.029163855423675056,-0.029163855367459777,5.6215278959603765e-11,-0.5119078228996155,-0.5119080317737899,-2.088741744010747e-07
1.5566666666666666,0.9822222222222222,0.04,-0.7,2.0,0.3,0.04,0.01,14982,-0.40657863124377025,-0.4065786240801,7.163670268095501e-09,1.4621637511869068,1.4621637119085076,-3.9278399199815794e-08,0.28939744777273235,0.2893974492205478,1.4478154231056806e-09,-0.02396498091444821,-0.02396498089036385,2.4084359506737485e-11,-0.7214971980259999,-0.721497437583632,-2.395576321756465e-07
1.7229166666666667,0.9822222222222222,0.04,-0.7,2.0,0.3,0.04,0.01,14997,-0.4026010670299396,-0.4026010604288034,6.601136193218338e-09,1.3814708044179724,1.3814707857425763,-1.867539611843938e-08,0.2782449433216816,0.2782449450686869,1.7470053181867229e-09,-0.02279262289878181,-0.022792622879047878,1.973393323750905e-11,-0.8031577556213976,-0.8031580068953612,-2.512739636362227e-07
0.30425,0.9844444444444445,0.04,-0.7,2.0,0.3,0.04,0.01,15050,-0.4920445479875135,-0.4920445417666567,6.220856829664001e-09,3.3192221915445685,3.319222392493947,2.00949378470483e-07,0.3015164643616064,0.3015164697645081,5.402901681605954e-09,-0.06086087414119978,-0.06086087430779975,-1.6659996993073634e-10,-0.07284503121762764,-0.07284515733420675,-1.2611657911054674e-07
0.50375,0.9844444444444445,0.04,-0.7,2.0,0.3,0.04,0.01,15068,-0.45907191809524406,-0.45907190870144576,9.393798294787814e-09,2.565674750432123,2.565674831098149,8.066602585898863e-08,0.3359605491715101,0.3359605513342924,2.1627823421077608e-09,-0.051374890422950514,-0.05137489046031745,-3.7366935934368684e-11,-0.1729092893246187,-0.1729094342084157,-1.4488379701527165e-07
0.5259166666666667,0.9844444444444445,0.04,-0.7,2.0,0.3,0.04,0.01,15070,-0.4568249451558648,-0.4568249358708523,9.285012481097255e-09,2.505066687419344,2.5050667981116916,1.1069234773231074e-07,0.3373288696242871,0.33732887151005714,1.8857700401220256e-09,-0.05022610633398372,-0.05022610634335691,-9.373189724382058e-12,-0.18458818674876865,-0.18458833428142182,-1.4753265317746234e-07
0.537,0.9844444444444445,0.04,-0.7,2.0,0.3,0.04,0.01,15071,-0.45576671183905626,-0.45576670262496755,9.21408871423779e-09,2.4761473149670366,2.4761473633728546,4.8405818020569313e-08,0.33789709900061693,0.33789710075302,1.7524030559989967e-09,-0.04965017460251131,-0.04965017459610296,6.408353014908386e-12,-0.19046125484534215,-0.19046140370835218,-1.4886301002992042e-07
0.6256666666666667,0.9844444444444445,0.04,-0.7,2.0,0.3,0.04,0.01,15079,-0.4484642725319232,-0.44846426411365775,8.418265473597586e-09,2.275137062079935,2.2751371640294757,1.0194954080944285e-07,0.3401586998674766,0.34015870071015936,8.426827569074646e-10,-0.04514795461069143,-0.04514795450373739,1.0695404284444265e-10,-0.23803752885881435,-0.2380376882236078,-1.5936479344502708e-07
0.7143333333333334,0.9844444444444445,0.04,-0.7,2.0,0.3,0.04,0.01,15087,-0.4424146109718863,-0.44241460337173516,7.600151119557808e-09,2.1202577971113357,2.1202578684263886,7.13150529740858e-08,0.3394099180678567,0.3394099183010326,2.3317592301452805e-10,-0.04111321568162074,-0.041113215546515945,1.35104795406793e-10,-0.28609545352747956,-0.28609562284768403,-1.693202044683595e-07
0.7475833333333334,0.9844444444444445,0.04,-0.7,2.0,0.3,0.04,0.01,15090,-0.44031074772910017,-0.44031074037318507,7.3559150992608124e-09,2.0717926374480555,2.0717927486898384,1.1124178289634301e-07,0.3385813121953296,0.3385813122746403,7.931066914323992e-11,-0.03976039669589815,-0.0397603965595194,1.3637874857197474e-10,-0.30410514960416135,-0.30410532248470623,-1.728805448797388e-07
1.2130833333333333,0.9844444444444445,0.04,-0.7,2.0,0.3,0.04,0.01,15132,-0.4151281414543906,-0.41512813393474746,7.51964313039366e-09,1.6552935355740317,1.6552936298955365,9.43215048287982e-08,0.31312929695576086,0.3131292974186047,4.6284381882699677e-10,-0.027976692136000292,-0.02797669208345408,5.2546210438375596e-11,-0.5473462414190555,-0.5473464555173126,-2.1409825712304098e-07
1.2241666666666666,0.9844444444444445,0.04,-0.7,2.0,0.3,0.04,0.01,15133,-0.41464753214898176,-0.4146475246151657,7.533816070992572e-09,1.6479744957553777,1.6479744463069501,-4.944842757481638e-08,0.3123866386053886,0.3123866391045794,4.991907998075362e-10,-0.027806462897517203,-0.02780646284997148,4.754572430210047e-11,-0.552913087602247,-0.5529133025252533,-2.1492300628089822e-07
1.6564166666666666,0.9844444444444445,0.04,-0.7,2.0,0.3,0.04,0.01,15172,-0.40094892808956173,-0.4009489212451934,6.844368349856467e-09,1.4032362993798841,1.4032362300995507,-6.928033347008977e-08,0.28298983528934896,0.2829898369090495,1.619700540356206e-09,-0.02326986900391681,-0.023269868982711637,2.120517303416669e-11,-0.7660226870362385,-0.7660229322314261,-2.451951875981351e-07
1.6675,0.9844444444444445,0.04,-0.7,2.0,0.3,0.04,0.01,15173,-0.40070486488769097,-0.4007048580863888,6.801302188108593e-09,1.3980144430991714,1.3980144012131237,-4.18860477413574e-08,0.282247731883678,0.2822477335207233,1.6370452771141686e-09,-0.023194287217531695,-0.02319428719576849,2.1763205820812814e-11,-0.7714530962801835,-0.7714533422462426,-2.459660590758972e-07
1.83375,0.9844444444444445,0.04,-0.7,2.0,0.3,0.04,0.01,15188,-0.3974518315283393,-0.3974518253704597,6.157879595125593e-09,1.3256850228682282,1.3256849738256635,-4.904256467597179e-08,0.27130873020281276,0.2713087320722999,1.8694871206648145e-09,-0.02222792278766539,-0.022227922770176985,1.748840308679611e-11,-0.853152873780405,-0.8531531315148608,-2.577344557774808e-07
0.07150000000000001,0.9866666666666667,0.04,-0.7,2.0,0.3,0.04,0.01,15210,-0.5581142447819154,-0.5581142567432962,-1.1961380774749841e-08,5.608360142961288,5.608361076988652,9.340273638969165e-07,0.11562934452619134,0.115629351010891,6.4846996661316325e-09,-0.11564711528244676,-0.11564703616215471,7.912029204026894e-08,0.03897520269358079,0.03897504151250107,-1.6118107971918594e-07
0.5591666666666667,0.9866666666666667,0.04,-0.7,2.0,0.3,0.04,0.01,15254,-0.4483977667391059,-0.4483977574137965,9.325309413554805e-09,2.4087199346212174,2.4087200209941018,8.637288440027646e-08,0.3394133319198356,0.3394133333029219,1.383086312145565e-09,-0.048688692446952064,-0.0486886924020082,4.494386113274018e-11,-0.19948457642859907,-0.19948472808054651,-1.5165194744426458e-07
0.5924166666666667,0.9866666666666667,0.04,-0.7,2.0,0.3,0.04,0.01,15257,-0.44580376852287884,-0.4458037595323481,8.990530764307891e-09,2.332692816686688,2.3326928563360236,3.9649335814573305e-08,0.3403070962310073,0.34030709727131137,1.0403040651141282e-09,-0.04697053195862333,-0.04697053187782774,8.079559243867607e-11,-0.21723526322875442,-0.21723541877592514,-1.5554717072707724e-07
0.6810833333333334,0.9866666666666667,0.04,-0.7,2.0,0.3,0.04,0.01,15265,-0.4397734802066844,-0.43977347212635554,8.080328850468277e-09,2.162998796739757,2.162998928000864,1.3126110731676022e-07,0.3404966881195848,0.3404966884488988,3.2931402049740655e-10,-0.04269995372840896,-0.04269995359475541,1.336535465634725e-10,-0.2650043685492598,-0.26500453415074293,-1.6560148313748968e-07
0.7919166666666667,0.9866666666666667,0.04,-0.7,2.0,0.3,0.04,0.01,15275,-0.4331226729967219,-0.4331226656993697,7.297352222490616e-09,2.0042229265104794,2.0042229109886436,-1.552183581665645e-08,0.337613685355842,0.3376136852033283,-1.525137238722607e-10,-0.038225564820970614,-0.03822556469582068,1.251499320842342e-10,-0.32477567854960476,-0.3247758558013312,-1.7725172646310128e-07
0.9581666666666667,0.9866666666666667,0.04,-0.7,2.0,0.3,0.04,0.01,15290,-0.42383142230012494,-0.42383141518913287,7.110992072956179e-09,1.8350676034284419,1.83506763738783,3.3959388190396567e-08,0.32958999691579116,0.329589996694922,-2.2086915629770942e-10,-0.03318548865260951,-0.033185488566574294,8.603521367556155e-11,-0.4129930913146507,-0.4129932841974539,-1.9288280322937723e-07
1.1355,0.9866666666666667,0.04,-0.7,2.0,0.3,0.04,0.01,15306,-0.41489822636381346,-0.4148982188519905,7.511822941452806e-09,1.6982514117191982,1.6982513946718598,-1.704733842977646e-08,0.3186452875117429,0.318645287692721,1.809780658668103e-10,-0.02937682505643746,-0.029376825000267087,5.617037390770463e-11,-0.5043571294993665,-0.5043573369505047,-2.0745113815667793e-07
1.3793333333333333,0.9866666666666667,0.04,-0.7,2.0,0.3,0.04,0.01,15328,-0.4052124939421531,-0.4052124863175145,7.624638587166999e-09,1.5408626541368875,1.5408627075876442,5.3450756709594316e-08,0.30217633632118046,0.3021763372503009,9.291204472461345e-10,-0.025829865878401748,-0.025829865842606225,3.5795522795867285e-11,-0.6260053781576014,-0.6260056031794694,-2.250218680277527e-07
1.4458333333333333,0.9866666666666667,0.04,-0.7,2.0,0.3,0.04,0.01,15334,-0.40312880849407984,-0.40312880099036885,7.50371098590108e-09,1.5025298727433523,1.5025299320247507,5.92813984567897e-08,0.29761245209258824,0.2976124532123135,1.1197252569594696e-09,-0.025106675329289452,-0.025106675300073406,2.921604624894769e-11,-0.6586659928356497,-0.6586662223951854,-2.2955953560277464e-07
1.468,0.9866666666666667,0.04,-0.7,2.0,0.3,0.04,0.01,15336,-0.4024829874652025,-0.40248298001329597,7.451906536282138e-09,1.490187911956653,1.4901879628840684,5.0927415395918274e-08,0.29609253629492294,0.296092537474115,1.1791920773163156e-09,-0.024884422616111568,-0.02488442258803328,2.807828622386488e-11,-0.6695249593507979,-0.6695251904076478,-2.3105684987534403e-07
1.56775,0.9866666666666667,0.04,-0.7,2.0,0.3,0.04,0.01,15345,-0.3998509219266255,-0.39985091476546547,7.161160053836824e-09,1.4373648382637327,1.437364845645731,7.3819983459344485e-09,0.28928185691279307,0.28928185832826875,1.4154756811102231e-09,-0.023988308818223558,-0.02398830879629256,2.1930998683750147e-11,-0.7182890160545297,-0.718289253858967,-2.378044373640975e-07
1.6231666666666666,0.9866666666666667,0.04,-0.7,2.0,0.3,0.04,0.01,15350,-0.3985621873506262,-0.39856218038548114,6.965145071813339e-09,1.4099302891867893,1.4099303828879275,9.370113818185644e-08,0.285530196434125,0.285530197963882,1.5297569877503747e-09,-0.023556702511140504,-0.02355670248696878,2.417172365043463e-11,-0.7453525310577302,-0.7453527726203919,-2.415626616514288e-07
1.7118333333333333,0.9866666666666667,0.04,-0.7,2.0,0.3,0.04,0.01,15358,-0.3967149538852688,-0.39671494725759054,6.6276782395569e-09,1.3688005839895823,1.3688004579544812,-1.2603510102238147e-07,0.2795953720577393,0.27959537374634974,1.6886104181601524e-09,-0.022951367217860508,-0.02295136719617467,2.168583715378425e-11,-0.7886930836276118,-0.7886933312710928,-2.4764348094397093e-07
1.90025,0.9866666666666667,0.04,-0.7,2.0,0.3,0.04,0.01,15375,-0.3934383217166215,-0.39343831583616734,5.8804541791523945e-09,1.2918388303528872,1.291838796346506,-3.400638126649369e-08,0.26734980957898724,0.2673498114988133,1.919826075891251e-09,-0.02195377883401628,-0.021953778819183957,1.4832322869917647e-11,-0.881293241321579,-0.8812935022996076,-2.609780285212082e-07
0.14908333333333335,0.9888888888888889,0.04,-0.7,2.0,0.3,0.04,0.01,15398,-0.5158177349293136,-0.515817734545202,3.841116313907378e-10,4.341609255442691,4.341609735987605,4.805449140832252e-07,0.20737388869596085,0.20737389608948398,7.393523127063872e-09,-0.06999996476020343,-0.06999995660767899,8.152524433313602e-09,-0.0017571183338893626,-0.001757260682934967,-1.4234904560433623e-07
0.37075,0.9888888888888889,0.04,-0.7,2.0,0.3,0.04,0.01,15418,-0.4645083170840003,-0.4645083073136223,9.770378006646041e-09,2.994541414835794,2.994541536725882,1.2189008780083554e-07,0.32047629037718073,0.3204762943007016,3.923520897064492e-09,-0.0586572387492601,-0.05865723877933921,-3.0079112811609576e-11,-0.1007219475512855,-0.10072207910189578,-1.31550610280029e-07
0.5480833333333334,0.9888888888888889,0.04,-0.7,2.0,0.3,0.04,0.01,15434,-0.4439222422378264,-0.4439222325175662,9.72026020784611e-09,2.4229800221764464,2.4229801219876403,9.981119397650673e-08,0.33954659530044395,0.33954659669261045,1.3921664931970668e-09,-0.04945152423857513,-0.04945152419928916,3.9285970310221074e-11,-0.19086301233289804,-0.19086316283257063,-1.5049967258540242e-07
0.67,0.9888888888888889,0.04,-0.7,2.0,0.3,0.04,0.01,15445,-0.4356417926304479,-0.4356417842421089,8.388338967879605e-09,2.17079975106671,2.170799840136652,8.9069942088571e-08,0.34111547170617706,0.34111547200503173,2.9885466323875676e-10,-0.043340563292415535,-0.043340563157237846,1.3517768848725353e-10,-0.25599750970356494,-0.2559976740346863,-1.6433112137725914e-07
0.8140833333333334,0.9888888888888889,0.04,-0.7,2.0,0.3,0.04,0.01,15458,-0.42746203014976114,-0.42746202275356177,7.3961993751758826e-09,1.968105023397726,1.9681050037000576,-1.9697668385276756e-08,0.33720090807209946,0.33720090778753065,-2.845688129582413e-10,-0.0375718719908269,-0.03757187186659913,1.2422776696219273e-10,-0.3333754200371408,-0.3333755992287645,-1.7919162365043206e-07
0.9470833333333334,0.9888888888888889,0.04,-0.7,2.0,0.3,0.04,0.01,15470,-0.42034048902628296,-0.42034048174077787,7.285505088105992e-09,1.8351136499283882,1.8351136990557089,4.912732065598391e-08,0.3306301201769224,0.3306301198755726,-3.0134977846429933e-10,-0.03358830752420161,-0.03358830743629737,8.790423944304848e-11,-0.40369385056387985,-0.4036940420092436,-1.914453637286151e-07
1.4125833333333333,0.9888888888888889,0.04,-0.7,2.0,0.3,0.04,0.01,15512,-0.40077281413058996,-0.400772806514238,7.616351938022348e-09,1.511324893010979,1.5113249819944763,8.898349723729382e-08,0.30020506616962317,0.3002050671626799,9.930567479443653e-10,-0.025525517138302867,-0.02552551710564754,3.265532635965407e-11,-0.6382558204831579,-0.6382560466983286,-2.262151707066451e-07
1.8115833333333333,0.9888888888888889,0.04,-0.7,2.0,0.3,0.04,0.01,15548,-0.3919526547968566,-0.391952648591065,6.205791602820199e-09,1.318096365388044,1.3180963655466527,1.5860868174399911e-10,0.27332994408074685,0.27332994589158555,1.8108387012105709e-09,-0.02241653060841564,-0.022416530591577437,1.683820444187134e-11,-0.8330040224477364,-0.8330042755570018,-2.5310926543564705e-07
0.07150000000000001,0.991111111111111,0.04,-0.7,2.0,0.3,0.04,0.01,15572,-0.5331340769162973,-0.533134080388619,-3.472321652431276e-09,5.6289441607848545,5.62894504765508,8.868702252584626e-07,0.11786068012081818,0.11786068673796496,6.617146774967608e-09,-0.11768910194831506,-0.11768902520589851,7.674241654653802e-08,0.03949659354240964,0.039496431308393885,-1.6223401575615748e-07
0.3929166666666667,0.991111111111111,0.04,-0.7,2.0,0.3,0.04,0.01,15601,-0.45452244148647125,-0.454522430802035,1.068443622465054e-08,2.8921008143889537,2.892100970635567,1.5624661342528157e-07,0.3252328581362929,0.3252328615625638,3.426270933637454e-09,-0.057883984259654575,-0.05788398429375761,-3.410303289763661e-11,-0.10930477016585227,-0.1093049041183915,-1.3395253922743322e-07
0.44833333333333336,0.991111111111111,0.04,-0.7,2.0,0.3,0.04,0.01,15606,-0.44752765700678543,-0.4475276462013872,1.0805398242830222e-08,2.694089190624638,2.6940893242731794,1.336485415670552e-07,0.3328807763894326,0.3328807789462232,2.5567906125623097e-09,-0.054992029958622624,-0.054992030009238406,-5.061578239873299e-11,-0.13678532821942424,-0.13678546766917885,-1.3944975460478126e-07
0.47050000000000003,0.991111111111111,0.04,-0.7,2.0,0.3,0.04,0.01,15608,-0.4451963279886173,-0.4451963172735661,1.071505117966609e-08,2.6235310202071815,2.623531042671617,2.2464435645019876e-08,0.3351071318413723,0.3351071340855472,2.2441749014667778e-09,-0.05380988584907653,-0.05380988589142773,-4.235119893669648e-11,-0.1480014528468243,-0.14800159470474422,-1.4185791991083718e-07
0.7143333333333334,0.991111111111111,0.04,-0.7,2.0,0.3,0.04,0.01,15630,-0.4283833978901974,-0.42838338971721546,8.172981957876857e-09,2.088721584581066,2.0887215998689865,1.5287920707152125e-08,0.3408575669736069,0.34085756692645086,-4.715605683713875e-11,-0.04150790521767478,-0.04150790507706875,1.4060602682164358e-10,-0.27677208971482736,-0.2767722586908854,-1.6897605803478655e-07
0.803,0.991111111111111,0.04,-0.7,2.0,0.3,0.04,0.01,15638,-0.4236785168876267,-0.42367850925803663,7.629590070834524e-09,1.9710101661907231,1.971010225287775,5.909705191875503e-08,0.33807223372289696,0.33807223338001974,-3.4287722661119346e-10,-0.03807604879335624,-0.038076048664875024,1.284812187196671e-10,-0.32420355991713556,-0.32420373778343664,-1.7786630107652357e-07
1.1355,0.991111111111111,0.04,-0.7,2.0,0.3,0.04,0.01,15668,-0.40739551944224406,-0.4073955116466519,7.795592171788712e-09,1.677840832936539,1.6778407963618243,-3.6574714812331877e-08,0.3193534013531951,0.3193534014345167,8.132156059659224e-11,-0.029575880461929493,-0.029575880405590508,5.633898556012262e-11,-0.49688648110834954,-0.49688668712282585,-2.060144763116334e-07
1.335,0.991111111111111,0.04,-0.7,2.0,0.3,0.04,0.01,15686,-0.3998089846576902,-0.3998089768539075,7.803782731130582e-09,1.5468544389829475,1.546854375500998,-6.348194947491947e-08,0.30584198122352024,0.30584198194806633,7.245460897919997e-10,-0.026514398856203325,-0.026514398818176407,3.8026918419697964e-11,-0.5961628128856034,-0.5961630328821489,-2.199965455362829e-07
1.601,0.991111111111111,0.04,-0.7,2.0,0.3,0.04,0.01,15710,-0.3927914958448686,-0.3927914888008309,7.044037686476656e-09,1.4019563565614845,1.401956347993006,-8.568478593318218e-09,0.28759862631733135,0.28759862775484923,1.4375178825076773e-09,-0.02382167852088557,-0.02382167849558746,2.5298110828408937e-11,-0.7258727496806117,-0.7258729871276767,-2.3744706501016566e-07
0.17125,0.9933333333333334,0.04,-0.7,2.0,0.3,0.04,0.01,15762,-0.49133348660745924,-0.4913334809898928,5.617566412041697e-09,4.137524112213242,4.1375245547669515,4.4255370923451665e-07,0.22976665721430312,0.22976666467486126,7.460558143490559e-09,-0.0684511451642944,-0.0684511406903769,4.473917500358304e-09,-0.008956232788459584,-0.008956372475830211,-1.3968737062712566e-07
0.2599166666666667,0.9933333333333334,0.04,-0.7,2.0,0.3,0.04,0.01,15770,-0.47182512468046944,-0.4718251157756742,8.904795234521146e-09,3.52262892189259,3.522629195791302,2.7389871215532935e-07,0.28754720815954427,0.2875472142068497,6.047305434186967e-09,-0.06476730537774422,-0.06476730587407734,-4.963331134977267e-10,-0.045401104529774194,-0.045401233350963834,-1.288211896391389e-07
0.47050000000000003,0.9933333333333334,0.04,-0.7,2.0,0.3,0.04,0.01,15789,-0.4393823376042105,-0.4393823264792456,1.112496494926063e-08,2.608968519002275,2.6089686321135717,1.1311129677338272e-07,0.33562278950877156,0.33562279162946107,2.1206895128855763e-09,-0.054024561807752836,-0.05402456183739094,-2.963810447065285e-11,-0.14551132294815528,-0.14551146511781726,-1.4216966198743464e-07
0.48158333333333336,0.9933333333333334,0.04,-0.7,2.0,0.3,0.04,0.01,15790,-0.43837479546476876,-0.438374784425699,1.1039069769402943e-08,2.575478369459816,2.575478438126864,6.866704804764368e-08,0.33657617876797774,0.3365761807341684,1.9661906547341346e-09,-0.053418550814976484,-0.05341855083625204,-2.1275557704480974e-11,-0.15113286632090217,-0.15113300970196805,-1.433810658812984e-07
0.5813333333333334,0.9933333333333334,0.04,-0.7,2.0,0.3,0.04,0.01,15799,-0.43105191666586995,-0.4310519067893098,9.87656012529925e-09,2.319248909588012,2.3192489653291286,5.5741116611329744e-08,0.341546015076577,0.34154601588410266,8.075256574535672e-10,-0.0480003192773748,-0.04800031918752677,8.984803179235001e-11,-0.20289669823619905,-0.20289685280280736,-1.545666083180297e-07
0.6589166666666667,0.9933333333333334,0.04,-0.7,2.0,0.3,0.04,0.01,15806,-0.42663163125039594,-0.42663162233375546,8.916640481526628e-09,2.166904283784632,2.166904369074819,8.529018691305623e-08,0.3420927661179629,0.3420927662909805,1.7301760024679425e-10,-0.04410935129456339,-0.0441093511574287,1.371346924905481e-10,-0.24409670106279036,-0.24409686412912493,-1.6306633457419117e-07
1.43475,0.9933333333333334,0.04,-0.7,2.0,0.3,0.04,0.01,15876,-0.3935029619475672,-0.39350295432020693,7.627360243400716e-09,1.4784536428447126,1.4784536012884308,-4.155628174906667e-08,0.2992452897290776,0.2992452907162697,9.871921058390853e-10,-0.025410098001277248,-0.025410097965982675,3.5294572819921655e-11,-0.6409158231682199,-0.6409160486387786,-2.2547055866795063e-07
1.601,0.9933333333333334,0.04,-0.7,2.0,0.3,0.04,0.01,15891,-0.38968646879161684,-0.38968646175126664,7.040350191722666e-09,1.3925692876615159,1.3925692824449551,-5.216560738929843e-09,0.2878624983171374,0.2878624997279903,1.4108528789691377e-09,-0.023866877712219736,-0.023866877687099792,2.5119944319085263e-11,-0.7215756587322653,-0.7215758948751151,-2.3614284982986788e-07
1.8005,0.9933333333333334,0.04,-0.7,2.0,0.3,0.04,0.01,15909,-0.386293223035572,-0.38629321682373396,6.211838043945761e-09,1.30593656444411,1.3059365940584267,2.9614316554571474e-08,0.2745887244259837,0.27458872618341784,1.757434142657388e-09,-0.022544782842803812,-0.022544782823265604,1.9538207857161538e-11,-0.8184556950346922,-0.8184559443675948,-2.493329026576063e-07
2.0,0.9933333333333334,0.04,-0.7,2.0,0.3,0.04,0.01,15927,-0.38363517843226225,-0.3836351729988931,5.433369143492683e-09,1.2342628419315105,1.2342628887838198,4.685230936551932e-08,0.2619488247870838,0.2619488267421162,1.9550324137362907e-09,-0.021644188224201333,-0.021644188209871455,1.4329877562335724e-11,-0.9163153025099069,-0.9163155658179382,-2.6330803126750624e-07
0.10475000000000001,0.9955555555555555,0.04,-0.7,2.0,0.3,0.04,0.01,15937,-0.49821256687926363,-0.49821256220083043,4.678433196403375e-09,4.888775223532704,4.888775830518214,6.069855098544963e-07,0.16170377683893955,0.1617037839300233,7.09108374796763e-09,-0.08690378636794227,-0.0869037599192761,2.6448666173850555e-08,0.02062293242538482,0.020622776015307986,-1.564100768347565e-07
0.31533333333333335,0.9955555555555555,0.04,-0.7,2.0,0.3,0.04,0.01,15956,-0.45346476725022233,-0.4534647559890962,1.1261126142692035e-08,3.2050262499527804,3.2050265245200804,2.745673000070781e-07,0.30884347295839776,0.30884347764609343,4.687695676075521e-09,-0.06264200173550227,-0.06264200191060466,-1.7510239092022317e-10,-0.0683963081479777,-0.06839643807648713,-1.2992850942361578e-07
0.43725,0.9955555555555555,0.04,-0.7,2.0,0.3,0.04,0.01,15967,-0.4367128068491488,-0.4367127950509849,1.179816389029753e-08,2.7009634473440514,2.7009636234481804,1.761041290571086e-07,0.3326420481594705,0.33264205063378904,2.4743185278452984e-09,-0.05606145149661401,-0.056061451527499875,-3.088586331134735e-11,-0.12646529980397947,-0.12646543885404185,-1.390500623810187e-07
0.7143333333333334,0.9955555555555555,0.04,-0.7,2.0,0.3,0.04,0.01,15992,-0.41914940611703644,-0.4191493975471766,8.569859821783155e-09,2.066399734657054,2.0663998078307912,7.31737372916541e-08,0.3416468556632912,0.341646855425656,-2.3763524481523746e-10,-0.041734007256710726,-0.041734007109316684,1.4739404141650425e-10,-0.27064626212269793,-0.2706464308745411,-1.6875184316589298e-07
0.7365,0.9955555555555555,0.04,-0.7,2.0,0.3,0.04,0.01,15994,-0.4180983694176965,-0.41809836102598597,8.391710548671938e-09,2.034729390532064,2.034729524022245,1.334901811311795e-07,0.3410932068903527,0.34109320655892256,-3.314301610934933e-10,-0.0408132457174748,-0.04081324557575344,1.4172135687218201e-10,-0.2824457322170293,-0.28244590317798435,-1.709609550593072e-07
0.7586666666666667,0.9955555555555555,0.04,-0.7,2.0,0.3,0.04,0.01,15996,-0.41705221053622843,-0.41705220229684115,8.239387283559552e-09,2.004910093500456,2.0049102066356457,1.1313518966105107e-07,0.34043194861638204,0.34043194820988754,-4.064945047232982e-10,-0.039934438541833206,-0.03993443840631755,1.3551565425373724e-10,-0.29423510236464834,-0.2942352754998825,-1.73135234149413e-07
1.0025,0.9955555555555555,0.04,-0.7,2.0,0.3,0.04,0.01,16018,-0.4056726310813774,-0.4056726231845166,7.896860831912988e-09,1.7578432931486532,1.7578433634898813,7.034122817550781e-08,0.3284577962614499,0.32845779586641266,-3.950372251537715e-10,-0.03254005335073806,-0.0325400532804612,7.027686071969796e-11,-0.42194459857231026,-0.4219447931323851,-1.9456007482876458e-07
1.1133333333333333,0.9955555555555555,0.04,-0.7,2.0,0.3,0.04,0.01,16028,-0.40088414077960044,-0.40088413274931006,8.030290377103455e-09,1.672654220685743,1.6726542123773436,-8.308399523926369e-09,0.3214321781552787,0.32143217806629604,-8.898265457801813e-11,-0.030178958929649724,-0.030178958873045485,5.6604238657387285e-11,-0.47834482750891416,-0.4783450304756225,-2.0296670832919972e-07
1.3460833333333333,0.9955555555555555,0.04,-0.7,2.0,0.3,0.04,0.01,16049,-0.3926508514043303,-0.3926508435151328,7.889197517485513e-09,1.5192391178420195,1.5192390854197426,-3.242227686328647e-08,0.30562783750021083,0.3056278381843438,6.841329724949219e-10,-0.026511325431910482,-0.026511325392352705,3.9557777192777976e-11,-0.5936851288843026,-0.5936853476082756,-2.1872397304445457e-07
1.4458333333333333,0.9955555555555555,0.04,-0.7,2.0,0.3,0.04,0.01,16058,-0.3899519111216776,-0.3899519035080774,7.613600194744663e-09,1.4621762134403582,1.4621763069846385,9.354428032182227e-08,0.2987373976146013,0.29873739859909937,9.844980941586812e-10,-0.02534837730938655,-0.025348377278278527,3.1108022408021796e-11,-0.642228842512027,-0.6422290675638469,-2.2505181984655565e-07
1.4569166666666666,0.9955555555555555,0.04,-0.7,2.0,0.3,0.04,0.01,16059,-0.38968046084358887,-0.389680453271337,7.572251881082792e-09,1.4561445882410595,1.4561446044040076,1.6162948091036355e-08,0.2979731480304282,0.29797314904847416,1.0180459808495357e-09,-0.02523157827699629,-0.025231578242227645,3.476864629536891e-11,-0.6476032674487819,-0.6476034932004306,-2.257516487080835e-07
1.56775,0.9955555555555555,0.04,-0.7,2.0,0.3,0.04,0.01,16069,-0.387244193581493,-0.3872441864152502,7.16624276586586e-09,1.3991449110406506,1.3991449773941649,6.635351423867064e-08,0.29037219076682996,0.2903721920745862,1.3077562366348161e-09,-0.02418449616153895,-0.02418449613432978,2.7209168945718787e-11,-0.7012300951469985,-0.7012303278783747,-2.3273137617074724e-07
1.76725,0.9955555555555555,0.04,-0.7,2.0,0.3,0.04,0.01,16087,-0.38387087923419383,-0.3838708729079147,6.326279111679156e-09,1.3107886109864353,1.3107887439362824,1.329498471314139e-07,0.27701234649346596,0.27701234818932985,1.6958638937580872e-09,-0.02276518153737639,-0.02276518151949481,1.7881578162626255e-11,-0.7977725499747068,-0.797772795589228,-2.4561452116600435e-07
1.96675,0.9955555555555555,0.04,-0.7,2.0,0.3,0.04,0.01,16105,-0.3812889067761338,-0.3812889012453045,5.5308292945532855e-09,1.2379365088577288,1.2379365455993987,3.67416699287304e-08,0.264262001667126,0.264262003586156,1.9190299904714436e-09,-0.02179751848019329,-0.021797518465992483,1.4200807196829146e-11,-0.8951812954011151,-0.8951815546828448,-2.592817296420691e-07
0.10475000000000001,0.9977777777777778,0.04,-0.7,2.0,0.3,0.04,0.01,16118,-0.4873569312963122,-0.4873569238292421,7.46707007337477e-09,4.880677728635874,4.880678457005837,7.283699634541563e-07,0.16245576535567352,0.16245577250874824,7.153074715882113e-09,-0.08751310701937687,-0.08751308077944728,2.62399295902771e-08,0.021042235728574443,0.02104207839946434,-1.5732911010438166e-07
0.11583333333333334,0.9977777777777778,0.04,-0.7,2.0,0.3,0.04,0.01,16119,-0.48459928492727844,-0.4845992772801654,7.64711305389909e-09,4.708809919762302,4.7088104948210745,5.750587721564671e-07,0.17535258990231117,0.17535259718087942,7.278568248114681e-09,-0.08182614523261078,-0.08182612570535742,1.95272533559665e-08,0.015763644438671065,0.015763489538161677,-1.5490050938801736e-07
0.20450000000000002,0.9977777777777778,0.04,-0.7,2.0,0.3,0.04,0.01,16127,-0.46672552092813513,-0.46672551069502405,1.0233111080726331e-08,3.861036673713514,3.861037020457879,3.467443652205304e-07,0.25720288848729567,0.2572028955985209,7.1112252197913506e-09,-0.06753740084519677,-0.06753739987624742,9.689493513098668e-10,-0.019751858723326965,-0.019751994528877097,-1.3580555013187334e-07
0.41508333333333336,0.9977777777777778,0.04,-0.7,2.0,0.3,0.04,0.01,16146,-0.43292914865517007,-0.4329291362237158,1.2431454254890895e-08,2.7624754095345594,2.762475574525222,1.649906624656694e-07,0.3302283057063371,0.33022830839666917,2.6903320682336584e-09,-0.057518122600630495,-0.057518122616261574,-1.563107976387812e-11,-0.11330536124842805,-0.11330549859255609,-1.373441280427823e-07
0.48158333333333336,0.9977777777777778,0.04,-0.7,2.0,0.3,0.04,0.01,16152,-0.4269951690027973,-0.42699515719549136,1.1807305966282655e-08,2.54501130170226,2.5450113764030258,7.470076557325456e-08,0.33744180642003574,0.33744180813948305,1.719447306758326e-09,-0.053783429942166894,-0.05378342994062356,1.543334904319238e-12,-0.14614438122506623,-0.14614452520443572,-1.4397936948240542e-07
0.4926666666666667,0.9977777777777778,0.04,-0.7,2.0,0.3,0.04,0.01,16153,-0.4261789464393706,-0.42617893477399743,1.1665373167435433e-08,2.5129380465394036,2.5129380986938465,5.21544429865628e-08,0.33828896018828214,0.33828896176409223,1.5758100935236996e-09,-0.05315834863461877,-0.05315834862559525,9.023518043882461e-12,-0.1517324263775044,-0.15173257153772698,-1.4516022259214445e-07
0.50375,0.9977777777777778,0.04,-0.7,2.0,0.3,0.04,0.01,16154,-0.4254022435676297,-0.42540223205047095,1.1517158726714882e-08,2.481943767174144,2.481943892931946,1.2575780194978847e-07,0.3390497483657384,0.33904974980136476,1.4356263400294722e-09,-0.05253392357656983,-0.05253392355699088,1.957894957271833e-11,-0.15735036400454927,-0.1573505103556275,-1.4635107822846827e-07
0.5259166666666667,0.9977777777777778,0.04,-0.7,2.0,0.3,0.04,0.01,16156,-0.4239538096428852,-0.42395379843876785,1.1204117356111709e-08,2.423044920263351,2.4230449859032084,6.563985754937107e-08,0.3403309376595609,0.3403309388313852,1.1718243042579957e-09,-0.05129031963618802,-0.051290319591266786,4.492123339971954e-11,-0.1686701055492179,-0.16867025430280774,-1.487535898347936e-07
0.5924166666666667,0.9977777777777778,0.04,-0.7,2.0,0.3,0.04,0.01,16162,-0.42023321458473095,-0.4202332043640927,1.0220638224645029e-08,2.2686404421712325,2.2686404400165987,-2.154633804707373e-09,0.3425388568287224,0.34253885731452716,4.858047297773282e-10,-0.047665832614285364,-0.04766583250168873,1.1259663340590365e-10,-0.2031812436051328,-0.203181399594797,-1.55989664213374e-07
0.63675,0.9977777777777778,0.04,-0.7,2.0,0.3,0.04,0.01,16166,-0.4180787129701158,-0.41807870336117847,9.608937312499677e-09,2.1818209627877394,2.1818209306846668,-3.21030726446736e-08,0.34291058548935327,0.3429105856074907,1.1813744427158213e-10,-0.04540191957919104,-0.045401919441465655,1.3772538665079992e-10,-0.2265102941587105,-0.22651045487280003,-1.6071408953655109e-07
0.7475833333333334,0.9977777777777778,0.04,-0.7,2.0,0.3,0.04,0.01,16176,-0.4130992961345892,-0.4130992876287447,8.50584447320557e-09,2.0083877061427557,2.008387728221153,2.2078397332592203e-08,0.34111302324224546,0.3411130227820205,-4.602249692453597e-10,-0.04047022691883173,-0.04047022677735194,1.414797931587053e-10,-0.28524532871720965,-0.28524550060698073,-1.7188977108339998e-07
0.936,0.9977777777777778,0.04,-0.7,2.0,0.3,0.04,0.01,16193,-0.40469889804245485,-0.40469889003487075,8.007584095803821e-09,1.8041650673428222,1.8041650961296702,2.8786848016437716e-08,0.33265039045243805,0.33265038986826034,-5.841777062087772e-10,-0.034310815147375884,-0.03431081506223866,8.51372236598813e-11,-0.384181397468375,-0.3841815861615075,-1.886931325079111e-07
0.9470833333333334,0.9977777777777778,0.04,-0.7,2.0,0.3,0.04,0.01,16194,-0.4042069141693694,-0.40420690615186144,8.017507935331736e-09,1.7942923424829615,1.7942924198592483,7.73762867112282e-08,0.3320242147161756,0.33202421414939365,-5.66781954702833e-10,-0.03401708123074165,-0.034017081148461324,8.228032838397681e-11,-0.38992046620972554,-0.38992065580946167,-1.8959973613341674e-07
1.0246666666666666,0.9977777777777778,0.04,-0.7,2.0,0.3,0.04,0.01,16201,-0.4008261478810615,-0.40082613979667747,8.084384051088023e-09,1.7292988152561861,1.7292989673356396,1.5207945347484042e-07,0.32739332172904145,0.3273933213261821,-4.0285935698491926e-10,-0.032125372586844225,-0.03212537251921203,6.763219845273838e-11,-0.42979268600334963,-0.42979288172750874,-1.957241591021841e-07
1.03575,0.9977777777777778,0.04,-0.7,2.0,0.3,0.04,0.01,16202,-0.4003554120077246,-0.40035540391543023,8.092294390138477e-09,1.7205181113144619,1.7205181289658644,1.7651402561824625e-08,0.32670206775997634,0.32670206738708496,-3.7289138443696856e-10,-0.03187669664839188,-0.03187669658255185,6.584002787413112e-11,-0.4354450758847772,-0.4354452724561255,-1.9657134830985967e-07
1.3239166666666666,0.9977777777777778,0.04,-0.7,2.0,0.3,0.04,0.01,16228,-0.38992244175445334,-0.38992243377056424,7.983889105389608e-09,1.5219932258947466,1.5219932163789023,-9.51584433472874e-09,0.3074070327674372,0.3074070333362013,5.687640913798475e-10,-0.026865625907812607,-0.02686562587016907,3.7643537592613185e-11,-0.5789405654491042,-0.5789407817656441,-2.163165399027278e-07
1.335,0.9977777777777778,0.04,-0.7,2.0,0.3,0.04,0.01,16229,-0.389601433568032,-0.38960142561237315,7.9556588539198e-09,1.51531066583388,1.5153107126446885,4.6810808562725015e-08,0.30664099259891664,0.3066409932059336,6.070169367156097e-10,-0.026719060097768477,-0.026719060057261323,4.050715318726361e-11,-0.5843503006236483,-0.5843505176396462,-2.1701599783874315e-07
1.5455833333333333,0.9977777777777778,0.04,-0.7,2.0,0.3,0.04,0.01,16248,-0.3845707437569179,-0.38457073650843904,7.248478872678987e-09,1.4004037540704672,1.4004037473143192,-6.756148085429459e-09,0.2921208456202473,0.29212084684310835,1.2228610346554092e-09,-0.02442198428237452,-0.024421984255042894,2.7331626545334942e-11,-0.6863298347487001,-0.6863300648334548,-2.300847546932161e-07
1.601,0.9977777777777778,0.04,-0.7,2.0,0.3,0.04,0.01,16253,-0.3835389376505294,-0.38353893063319866,7.017330716507786e-09,1.3738292170550892,1.3738291618217813,-5.523330792733816e-08,0.2883475140236236,0.28834751537922104,1.3555974676116023e-09,-0.023950229437463832,-0.02395022941181875,2.5645083279179914e-11,-0.713041549204041,-0.713041782739144,-2.335351030335886e-07
1.9113333333333333,0.9977777777777778,0.04,-0.7,2.0,0.3,0.04,0.01,16281,-0.37917225863687287,-0.37917225292132783,5.715545037254799e-09,1.2491987610996347,1.249198811746969,5.064733432647017e-08,0.26797712557535824,0.2679771274278589,1.8525006528768984e-09,-0.02205560878210111,-0.02205560876531903,1.6782079198529587e-11,-0.8633505496627447,-0.8633508034695331,-2.5380678836395276e-07
1.9445833333333333,0.9977777777777778,0.04,-0.7,2.0,0.3,0.04,0.01,16284,-0.3787934515456226,-0.3787934459552518,5.590370832919689e-09,1.2379166636211636,1.2379166014224017,-6.21987619187081e-08,0.2658895135990158,0.2658895154832809,1.884265077300995e-09,-0.02191284958930062,-0.021912849572951452,1.634916854675872e-11,-0.8796082318929255,-0.879608487995895,-2.561029694980732e-07
1.9556666666666667,0.9977777777777778,0.04,-0.7,2.0,0.3,0.04,0.01,16285,-0.3786693066543112,-0.37866930111001773,5.544293468773276e-09,1.2342305177881485,1.2342305818396115,6.40514630223521e-08,0.26519827448556743,0.26519827637781623,1.892248802093377e-09,-0.021867380675111292,-0.021867380662148484,1.296280791041049e-11,-0.8850360904000265,-0.885036347275457,-2.568754304821397e-07
0.34858333333333336,1.0,0.04,-0.7,2.0,0.3,0.04,0.01,16321,-0.4344830037245062,-0.434482990515428,1.3209078220111081e-08,3.01407067082593,3.0140707439538357,7.312790550884074e-08,0.3185914117881383,0.31859141555145704,3.763318712213248e-09,-0.061524357112818784,-0.06152435716047829,-4.765950828433674e-11,-0.07973802894828408,-0.0797381617625871,-1.3281430302769515e-07
0.3929166666666667,1.0,0.04,-0.7,2.0,0.3,0.04,0.01,16325,-0.4290875023210683,-0.4290874892066831,1.3114385188917055e-08,2.828599265924936,2.8285993399641614,7.403922541726615e-08,0.32726475440308933,0.32726475733903276,2.935943432813559e-09,-0.05900481712090011,-0.05900481712270072,-1.8006082735944062e-12,-0.1004571924478892,-0.10045732835683484,-1.35908945639307e-07
0.48158333333333336,1.0,0.04,-0.7,2.0,0.3,0.04,0.01,16333,-0.4213572699407475,-0.42135725775609817,1.218464934504837e-08,2.5290141980605085,2.5290142793854167,8.132490814105608e-08,0.33780055128551645,0.3378005528840658,1.5985493484471647e-09,-0.05394402810304788,-0.05394402809486274,8.185140065730678e-12,-0.14367903041517804,-0.14367917470412137,-1.4428894332119135e-07
0.50375,1.0,0.04,-0.7,2.0,0.3,0.04,0.01,16335,-0.41990404398367653,-0.4199040321268831,1.1856793435960356e-08,2.4663605435737423,2.4663605663513204,2.277757804591829e-08,0.3393979861832097,0.33939798750058237,1.3173726554072118e-09,-0.0526791517371783,-0.05267915170639567,3.078262644784502e-11,-0.15482214840156772,-0.15482229501893213,-1.4661736441601292e-07
0.537,1.0,0.04,-0.7,2.0,0.3,0.04,0.01,16338,-0.41796980428193686,-0.4179697929460086,1.1335928251643423e-08,2.3801533688416754,2.380153375756733,6.915057415568526e-09,0.34119573161350836,0.34119573253825447,9.247461130179602e-10,-0.05079999893409237,-0.050799998870916345,6.317602690986135e-11,-0.17175102009020504,-0.171751170253359,-1.5016315396687574e-07
0.5591666666666667,1.0,0.04,-0.7,2.0,0.3,0.04,0.01,16340,-0.4168086354003342,-0.4168086244226192,1.0977715014792722e-08,2.3274423888164364,2.327442356100637,-3.271579940289371e-08,0.34204370069707,0.3420437013884365,6.913664640784134e-10,-0.049569365818402655,-0.04956936572983419,8.8568465062e-11,-0.18316068652213247,-0.1831608390640809,-1.525419484338375e-07
0.9470833333333334,1.0,0.04,-0.7,2.0,0.3,0.04,0.01,16375,-0.400231555228725,-0.40023154704157854,8.187146460780781e-09,1.783492542539733,1.7834926313761563,8.883642332868646e-08,0.33230504305925557,0.33230504242573133,-6.335242330735014e-10,-0.034113381723044345,-0.0341133816393107,8.373364501768066e-11,-0.38652782704956534,-0.3865280161825699,-1.891330045356021e-07
1.0246666666666666,1.0,0.04,-0.7,2.0,0.3,0.04,0.01,16382,-0.3969953069254961,-0.39699529869525874,8.230237380502103e-09,1.718424869068258,1.7184248106181648,-5.8450093209927445e-08,0.32766233618836127,0.327662335726453,-4.619082893952964e-10,-0.032218152370699915,-0.03221815230200024,6.869967789091547e-11,-0.4262942348692844,-0.42629443001636635,-1.9514708193835162e-07
1.0468333333333333,1.0,0.04,-0.7,2.0,0.3,0.04,0.01,16384,-0.3960964616991913,-0.3960964534520497,8.247141636275046e-09,1.7009467001560807,1.7009467504918054,5.0335724699479556e-08,0.3262702165737763,0.3262702161742058,-3.9957048780792093e-10,-0.03172428679781847,-0.03172428673548707,6.233139698830215e-11,-0.4375587989330354,-0.43755899572787504,-1.967948396464081e-07
1.5455833333333333,1.0,0.04,-0.7,2.0,0.3,0.04,0.01,16429,-0.3814694672843455,-0.38146946005019233,7.234153165391888e-09,1.3907469953444718,1.3907469316500747,-6.369439708997504e-08,0.29234205330741503,0.2923420545033965,1.1959814805173608e-09,-0.024464261156598166,-0.024464261129552453,2.7045712891471396e-11,-0.6821640309434551,-0.6821642597815568,-2.2883810169016527e-07
1.9445833333333333,1.0,0.04,-0.7,2.0,0.3,0.04,0.01,16465,-0.3760507898944998,-0.3760507843341321,5.560367721813009e-09,1.2304845531385666,1.2304846823118165,1.2917324987427037e-07,0.26612551650789795,0.26612551837651754,1.8686195923933724e-09,-0.021937019566153904,-0.021937019550237736,1.59161676893671e-11,-0.8749406179056618,-0.8749408723985261,-2.544928643377631e-07
0.06041666666666667,1.0022222222222221,0.04,-0.7,2.0,0.3,0.04,0.01,16476,-0.4708680763035322,-0.4708680547518869,2.15516453017095e-08,5.929343710464607,5.929344801843792,1.091379184359198e-06,0.10619921099325191,0.10619921765271213,6.659460219382574e-09,-0.13928162037046832,-0.13928152759660653,9.277386178729863e-08,0.04625589270279562,0.046255727856924694,-1.648458709258005e-07
0.16016666666666668,1.0022222222222221,0.04,-0.7,2.0,0.3,0.04,0.01,16485,-0.45644576803893777,-0.45644575510110263,1.293783513656166e-08,4.184199187129423,4.184199606734683,4.196052607596812e-07,0.22235782735025023,0.22235783492540537,7.575155142047763e-09,-0.07130983591757678,-0.07130982927179584,6.645780939451562e-09,-0.0010249603343837066,-0.0010251071947792766,-1.4686039557002505e-07
0.17125,1.0022222222222221,0.04,-0.7,2.0,0.3,0.04,0.01,16486,-0.4547478381522474,-0.45474782506785216,1.3084395233953217e-08,4.087602134550394,4.087602490364913,3.5581451829358457e-07,0.23228497899485667,0.23228498651360494,7.518748262880237e-09,-0.07013898604552038,-0.07013898128754878,4.7579716000445416e-09,-0.0051261049877071585,-0.0051262493679986275,-1.4438029146898734e-07
0.3929166666666667,1.0022222222222221,0.04,-0.7,2.0,0.3,0.04,0.01,16506,-0.42282144772198826,-0.42282143401658767,1.3705400592201045e-08,2.8107189797843546,2.8107191339337705,1.5414941589853015e-07,0.3276288126491389,0.32762881546045614,2.811317234563404e-09,-0.059237047097537854,-0.05923704709215669,5.381160794737383e-12,-0.09829618959650288,-0.09829632601610722,-1.3641960433519174e-07
0.537,1.0022222222222221,0.04,-0.7,2.0,0.3,0.04,0.01,16519,-0.4126975101159669,-0.41269749848980397,1.1626162921274386e-08,2.3648470071080396,2.364847170738812,1.6363077248726654e-07,0.3414864840126097,0.34148648481627386,8.036641352404672e-10,-0.05091492741915449,-0.05091492735056461,6.858987683378004e-11,-0.1691528316033475,-0.16915298197636655,-1.5037301906439815e-07
0.70325,1.0022222222222221,0.04,-0.7,2.0,0.3,0.04,0.01,16534,-0.4059096610828372,-0.40590965181606864,9.266768574711648e-09,2.047116026693274,2.047116116075329,8.938205464659177e-08,0.34280385556195725,0.34280385509166567,-4.702915834542409e-10,-0.042495670706521604,-0.042495670556306146,1.5021545812787807e-10,-0.2557641914652242,-0.2557643588155463,-1.6735032210002387e-07
0.8473333333333334,1.0022222222222221,0.04,-0.7,2.0,0.3,0.04,0.01,16547,-0.4003114711881306,-0.40031146274008805,8.448042543296452e-09,1.8682169811157223,1.868216997308812,1.619308975797651e-08,0.3377885200167574,0.337788519230331,-7.864264239820784e-10,-0.03709787348732396,-0.03709787337912062,1.0820334211958382e-10,-0.3314403338069982,-0.33144051427953325,-1.8047253502739835e-07
0.9914166666666667,1.0022222222222221,0.04,-0.7,2.0,0.3,0.04,0.01,16560,-0.3945011243264296,-0.3945011159675184,8.358911174344286e-09,1.734464322167284,1.7344643853118153,6.314453138145382e-08,0.32994877762648755,0.32994877702274594,-6.037416122595118e-10,-0.03308768108806204,-0.033087681013757815,7.430422249710134e-11,-0.4058831674949581,-0.4058833595803104,-1.9208535229076062e-07
1.0025,1.0022222222222221,0.04,-0.7,2.0,0.3,0.04,0.01,16561,-0.3940610919794807,-0.3940610836147258,8.364754888745551e-09,1.7253055317745236,1.7253056139862641,8.221174052636115e-08,0.32927530422471873,0.3292753036467864,-5.779323131172021e-10,-0.032822226372908325,-0.032822226302242345,7.066598001204127e-11,-0.4115384398542532,-0.4115386327713629,-1.9291710967594966e-07
1.1133333333333333,1.0022222222222221,0.04,-0.7,2.0,0.3,0.04,0.01,16571,-0.3898418340225751,-0.3898418256394603,8.383114813437231e-09,1.6398033708675541,1.6398033935923324,2.272477828135777e-08,0.3221985926274429,0.32219859237939064,-2.480522454106904e-10,-0.0304364548273095,-0.030436454771921258,5.538824260353792e-11,-0.4675027217240779,-0.46750292258440174,-2.0086032381794183e-07
1.3128333333333333,1.0022222222222221,0.04,-0.7,2.0,0.3,0.04,0.01,16589,-0.3835027535609159,-0.3835027454756162,8.085299707527582e-09,1.5072769921076201,1.5072770107797464,1.8672126289587254e-08,0.3086167199378709,0.3086167203903187,4.5244780144670926e-10,-0.02714146281945773,-0.027141462782530903,3.692682618017251e-11,-0.5658098398528266,-0.565810053530506,-2.13677679328228e-07
1.4125833333333333,1.0022222222222221,0.04,-0.7,2.0,0.3,0.04,0.01,16598,-0.38103160264757463,-0.3810315948822549,7.765319720576258e-09,1.4496600253544045,1.4496600185084483,-6.845956246337437e-09,0.3017066973820537,0.3017066981633675,7.813137914425283e-10,-0.02587570298445696,-0.025875702949934395,3.4522565361960744e-11,-0.6141002474527313,-0.6141004671341173,-2.1968138597117104e-07
1.5566666666666666,1.0022222222222221,0.04,-0.7,2.0,0.3,0.04,0.01,16611,-0.37819878322548073,-0.378198776048538,7.176942706799139e-09,1.3757963157612352,1.3757963207902895,5.0290542841224806e-09,0.2917916676362098,0.2917916688304189,1.1942091204808492e-09,-0.024404186771131986,-0.024404186743508163,2.7623823367628475e-11,-0.6833332143912907,-0.6833334426494098,-2.2825811907267735e-07
1.6675,1.0022222222222221,0.04,-0.7,2.0,0.3,0.04,0.01,16621,-0.3764939325442973,-0.37649392585514985,6.68914745816096e-09,1.3259223219375116,1.3259223385381875,1.660067594499992e-08,0.2842969572738885,0.2842969587255407,1.4516522428564826e-09,-0.02351073202039311,-0.023510731998160336,2.2232774649078024e-11,-0.7364801990089598,-0.7364804339865955,-2.349776356824762e-07
1.8559166666666667,1.0022222222222221,0.04,-0.7,2.0,0.3,0.04,0.01,16638,-0.37422501021122656,-0.37422500433178885,5.879437714462199e-09,1.253035775139466,1.2530357353247819,-3.9814684216210594e-08,0.2719522411664954,0.2719522429214077,1.754912271056952e-09,-0.022366475765922544,-0.022366475750014048,1.590849674215633e-11,-0.8272371764783681,-0.827237423428797,-2.469504288837854e-07
1.90025,1.0022222222222221,0.04,-0.7,2.0,0.3,0.04,0.01,16642,-0.37376584110598854,-0.3737658354042843,5.7017042198737045e-09,1.2377535829610764,1.2377535572598417,-2.5701234696029474e-08,0.2691337573887398,0.26913375919878774,1.8100479448612816e-09,-0.022153803423130558,-0.022153803407254636,1.5875922104724438e-11,-0.8487310739033194,-0.84873132379274,-2.498894206004465e-07
0.016083333333333335,1.0044444444444445,0.04,-0.7,2.0,0.3,0.04,0.01,16653,-0.4315700721335691,-0.43156998151904863,9.061452049818897e-08,8.613990776229485,8.613993744125427,2.9678959414525252e-06,0.023814643486108622,0.023814647228480475,3.742371853382442e-09,-0.27975574509286893,-0.2797559162557849,-1.7116291595176136e-07,0.06472865843321074,0.06472853917676258,-1.1925644816113135e-07
0.41508333333333336,1.0044444444444445,0.04,-0.7,2.0,0.3,0.04,0.01,16689,-0.414685443757834,-0.41468542975880257,1.3999031434064335e-08,2.7095898247342376,2.7095899168928113,9.215857366129399e-08,0.3312705144736805,0.3312705167852343,2.3115537817197662e-09,-0.05813778273078274,-0.05813778271907064,1.1712096570359876e-11,-0.10659172902299785,-0.10659186774857812,-1.3872558027316906e-07
0.47050000000000003,1.0044444444444445,0.04,-0.7,2.0,0.3,0.04,0.01,16694,-0.41083099051819616,-0.4108309773983243,1.3119871855593601e-08,2.528062303941425,2.528062459429262,1.5548783682817202e-07,0.33744671216501265,0.3374467136610125,1.4959998240193784e-09,-0.054871732697026054,-0.05487173267596722,2.105883523118024e-11,-0.13334885722943168,-0.13334900105950093,-1.4383006924356678e-07
0.50375,1.0044444444444445,0.04,-0.7,2.0,0.3,0.04,0.01,16697,-0.40901402628412686,-0.40901401376411056,1.2520016301476034e-08,2.4338529414080767,2.43385293630258,-5.105496914126206e-09,0.3399519643551563,0.3399519654264857,1.071329414070732e-09,-0.05292927867023289,-0.05292927862579995,4.443294343570159e-11,-0.1498251024317776,-0.14982524959259932,-1.4716082172294698e-07
0.7586666666666667,1.0044444444444445,0.04,-0.7,2.0,0.3,0.04,0.01,16720,-0.39943222719662774,-0.39943221818451097,9.012116775064527e-09,1.958896345133354,1.958896371845633,2.6712278833329606e-08,0.3415785424701334,0.341578541716282,-7.538514257277029e-10,-0.04030223236084485,-0.040302232220613105,1.4023174288446683e-10,-0.28188756307306884,-0.2818877354709245,-1.7239785565781318e-07
1.0911666666666666,1.0044444444444445,0.04,-0.7,2.0,0.3,0.04,0.01,16750,-0.3869858416793992,-0.3869858331842984,8.495100789485122e-09,1.64485810527637,1.6448580357597988,-6.951657116616161e-08,0.3238673616109966,0.32386736123720417,-3.7379244144375434e-10,-0.030957790443097988,-0.030957790384785525,5.831246249754507e-11,-0.4528511834225868,-0.45285138206979764,-1.9864721084728032e-07
1.2685,1.0044444444444445,0.04,-0.7,2.0,0.3,0.04,0.01,16766,-0.381352119886158,-0.38135211164344623,8.24271179089564e-09,1.523709897144343,1.5237098467481291,-5.039621386870863e-08,0.31187638580287835,0.31187638605974377,2.568654178247698e-10,-0.027842392715804465,-0.027842392672921355,4.288311025724134e-11,-0.5404231564729023,-0.5404233665062725,-2.100333702514945e-07
1.2906666666666666,1.0044444444444445,0.04,-0.7,2.0,0.3,0.04,0.01,16768,-0.3807472526806688,-0.3807472444988985,8.181770261295185e-09,1.5099471006863041,1.5099470878420023,-1.2844301844339157e-08,0.3103451864852613,0.31034518681932316,3.340618337510648e-10,-0.027515131953981253,-0.02751513191118676,4.279449364319454e-11,-0.5512173050573055,-0.5512175164344428,-2.1137713734908914e-07
1.468,1.0044444444444445,0.04,-0.7,2.0,0.3,0.04,0.01,16784,-0.37670284263852105,-0.37670283509208086,7.54644019496098e-09,1.4099125256183953,1.4099124826671012,-4.295129407694276e-08,0.2980679508932105,0.29806795181189766,9.186871818833708e-10,-0.025307459991796843,-0.025307459959891074,3.190576969291925e-11,-0.6367512381588725,-0.6367514599762679,-2.2181739545157342e-07
1.4901666666666666,1.0044444444444445,0.04,-0.7,2.0,0.3,0.04,0.01,16786,-0.3762889048364304,-0.37628889738465754,7.451772865429973e-09,1.3986146685240897,1.3986147909122058,1.22388116086114e-07,0.29654099436504655,0.29654099534933154,9.842849868491044e-10,-0.025077452196764494,-0.025077452166563735,3.0200758560638974e-11,-0.647372693800552,-0.6473729169076137,-2.23107061714245e-07
1.5455833333333333,1.0044444444444445,0.04,-0.7,2.0,0.3,0.04,0.01,16791,-0.37533121611560416,-0.37533120890397015,7.211634012183055e-09,1.3714778701601205,1.3714779020044303,3.184430985569975e-08,0.29274072494395176,0.29274072607953694,1.1355851814442985e-09,-0.024541624484841762,-0.024541624455732408,2.9109353816281214e-11,-0.6738932223124272,-0.6738934486651323,-2.2635270513493566e-07
1.6231666666666666,1.0044444444444445,0.04,-0.7,2.0,0.3,0.04,0.01,16798,-0.37415530472068026,-0.37415529785582635,6.864853907551094e-09,1.3360264616846251,1.3360264428454576,-1.883916755929249e-08,0.28747201734263816,0.2874720186659113,1.3232731577161871e-09,-0.02387825700722601,-0.02387825697822175,2.9004260798659587e-11,-0.7109900346835563,-0.7109902656242234,-2.3094066714524075e-07
1.70075,1.0044444444444445,0.04,-0.7,2.0,0.3,0.04,0.01,16805,-0.37313906849384404,-0.3731390619771928,6.51665121864653e-09,1.3033318035926555,1.3033317829623356,-2.063031989685271e-08,0.28227771414812697,0.2822777156370782,1.4889512400806382e-09,-0.02330540639278178,-0.02330540637136978,2.1412000644760454e-11,-0.7481181309273999,-0.7481183665577303,-2.3563033046958282e-07
1.734,1.0044444444444445,0.04,-0.7,2.0,0.3,0.04,0.01,16808,-0.3727436916478588,-0.3727436852836276,6.364231197597547e-09,1.2901027135470144,1.2901027416958413,2.814882682500297e-08,0.2800776269223926,0.28007762847354367,1.551151096457204e-09,-0.023084887827984346,-0.023084887807717752,2.0266593958595536e-11,-0.7640563169125647,-0.7640565545907279,-2.376781631507896e-07
1.9224166666666667,1.0044444444444445,0.04,-0.7,2.0,0.3,0.04,0.01,16825,-0.37081746137618277,-0.37081745578733694,5.588845830573064e-09,1.2228735968289328,1.2228735595879783,-3.724095454238352e-08,0.26795209456531577,0.2679520963840698,1.818754036264636e-09,-0.022075757938888607,-0.022075757925344684,1.354392292762796e-11,-0.8548997910140521,-0.8549000408050456,-2.4979099344513145e-07
0.02716666666666667,1.0066666666666666,0.04,-0.7,2.0,0.3,0.04,0.01,16835,-0.42430660576409096,-0.42430653126831874,7.449577221763093e-08,7.481691566280091,7.4816935175494566,1.9512693656409397e-06,0.050020015399110385,0.050020020379186896,4.980076510896492e-09,-0.23603972524793848,-0.23603969020754245,3.504039602919562e-08,0.06242556064434135,0.062425415502933006,-1.451414083433744e-07
0.2599166666666667,1.0066666666666666,0.04,-0.7,2.0,0.3,0.04,0.01,16856,-0.42546257313785807,-0.42546255693165413,1.6206203934387986e-08,3.4220029754283843,3.422003260275212,2.848468279026406e-07,0.2905813766934662,0.29058138234937086,5.655904689039204e-09,-0.06708909105007654,-0.06708909173156731,-6.814907665964043e-10,-0.03607196545102331,-0.03607209968405039,-1.3423302707565865e-07
0.7919166666666667,1.0066666666666666,0.04,-0.7,2.0,0.3,0.04,0.01,16904,-0.39398249234517957,-0.39398248333448493,9.010694634881133e-09,1.9063430334309572,1.9063430762572968,4.282633958574422e-08,0.3406027549943125,0.3406027540899335,-9.043789606089092e-10,-0.039141463683278754,-0.039141463556028044,1.2725070996921772e-10,-0.2962147960627881,-0.29621497119575907,-1.751329709587246e-07
1.5566666666666666,1.0066666666666666,0.04,-0.7,2.0,0.3,0.04,0.01,16973,-0.3721266071071705,-0.37212659996526315,7.141907343299891e-09,1.356698431376202,1.3566984468667729,1.549057082605998e-08,0.29216228963541147,0.2921622907722286,1.1368171404235738e-09,-0.024475241374999346,-0.024475241348519534,2.6479811399138242e-11,-0.6750743107328261,-0.675074536478059,-2.257452329512688e-07
1.867,1.0066666666666666,0.04,-0.7,2.0,0.3,0.04,0.01,17001,-0.36859096123387225,-0.368590955455483,5.778389267074857e-09,1.233667656919124,1.2336677429634622,8.604433809900058e-08,0.2716534994479103,0.2716535011815457,1.7336354019015232e-09,-0.022354633270049717,-0.022354633252727275,1.732244209184941e-11,-0.8235541832737892,-0.8235544278626755,-2.445888863666923e-07
0.11583333333333334,1.008888888888889,0.04,-0.7,2.0,0.3,0.04,0.01,17024,-0.43271809227141134,-0.43271807215149144,2.01199198968105e-08,4.61593488987333,4.615935377886111,4.880127812967316e-07,0.1775819630089881,0.17758197054337357,7.534385476626326e-09,-0.0836245259289159,-0.08362450702756855,1.8901347348387887e-08,0.017731109641372367,0.017730949943912257,-1.5969746011007535e-07
0.271,1.008888888888889,0.04,-0.7,2.0,0.3,0.04,0.01,17038,-0.41655124320555403,-0.41655122597871097,1.722684306315614e-08,3.33369947758122,3.333699759379375,2.817981550329307e-07,0.2956602909473527,0.29566029622614043,5.278787740259361e-09,-0.06689022800876465,-0.06689022867575685,-6.669921975843707e-10,-0.0389956789417778,-0.03899581357558231,-1.3463380450773332e-07
0.5148333333333334,1.008888888888889,0.04,-0.7,2.0,0.3,0.04,0.01,17060,-0.3978578109051223,-0.39785779798137283,1.2923749459492484e-08,2.370957913333527,2.3709579797107265,6.6377199736678e-08,0.3409816382690667,0.340981638962966,6.938993268867932e-10,-0.05247465956786934,-0.052474659498723084,6.914625816367703e-11,-0.15040354319734162,-0.1504036920125952,-1.4881525359222714e-07
0.7365,1.008888888888889,0.04,-0.7,2.0,0.3,0.04,0.01,17080,-0.39143700472754617,-0.3914369951696334,9.557912794555534e-09,1.9629171177371063,1.9629172313460874,1.1360898111156814e-07,0.342619473796546,0.3426194729290601,-8.674859164337079e-10,-0.04132225567554659,-0.04132225552797834,1.4756825622574965e-10,-0.26428811895823356,-0.264288289029151,-1.7007091746013003e-07
0.83625,1.008888888888889,0.04,-0.7,2.0,0.3,0.04,0.01,17089,-0.3883370273335962,-0.38833701831863615,9.014960056230592e-09,1.844984526266913,1.844984540928975,1.4662062008952148e-08,0.3389145061766241,0.33891450516561356,-1.0110105530536373e-09,-0.037699086632980716,-0.03769908652100934,1.1197137661511647e-10,-0.3161544791252524,-0.3161546577156375,-1.7859038509149272e-07
0.8916666666666667,1.008888888888889,0.04,-0.7,2.0,0.3,0.04,0.01,17094,-0.3864809610426567,-0.3864809521616842,8.880972512947949e-09,1.7890905645856492,1.7890905249641063,-3.962154293546405e-08,0.3362044958418742,0.33620449486025017,-9.816240043036828e-10,-0.035989813318426656,-0.03598981322645005,9.19766068863126e-11,-0.3447680723761559,-0.34476825539658534,-1.8302042942286434e-07
0.9138333333333334,1.008888888888889,0.04,-0.7,2.0,0.3,0.04,0.01,17096,-0.3857226901188282,-0.3857226812718929,8.84693529545899e-09,1.7681784814094215,1.768178457375287,-2.4034134460393375e-08,0.33502237550969705,0.3350223745563133,-9.533837608266538e-10,-0.03535657066816578,-0.035356570578927056,8.923872057975402e-11,-0.3561557264136761,-0.3561559111384814,-1.8472480528552992e-07
0.9914166666666667,1.008888888888889,0.04,-0.7,2.0,0.3,0.04,0.01,17103,-0.3830514328742596,-0.3830514240948051,8.779454496732342e-09,1.7001641594571737,1.7001641733539392,1.389676551610819e-08,0.3305420613725074,0.33054206058444846,-7.880589514286385e-10,-0.033334565577580744,-0.03333456550570694,7.187380551831879e-11,-0.39571200992183364,-0.3957122003894471,-1.9046761345897778e-07
1.069,1.008888888888889,0.04,-0.7,2.0,0.3,0.04,0.01,17110,-0.3804445732694117,-0.3804445645537154,8.715696331318412e-09,1.6385651446793048,1.6385650819129274,-6.276637742885782e-08,0.32566803382455545,0.3256680332687115,-5.558439264419235e-10,-0.031570582393891655,-0.03157058233641148,5.7480173398793966e-11,-0.4347649644279028,-0.43476516024732104,-1.9581941823609839e-07
1.2574166666666666,1.008888888888889,0.04,-0.7,2.0,0.3,0.04,0.01,17127,-0.3749092022123368,-0.37490919386441723,8.347919577822438e-09,1.5085409199588895,1.5085408960268907,-2.393199882710917e-08,0.31297845479699715,0.3129784549282513,1.3125417419601604e-10,-0.028130390877234568,-0.028130390830580755,4.665381275748004e-11,-0.5275673695112615,-0.5275675770604372,-2.0754917573473364e-07
1.2906666666666666,1.008888888888889,0.04,-0.7,2.0,0.3,0.04,0.01,17130,-0.37408499443947196,-0.3740849861981434,8.24132856402926e-09,1.488043810393691,1.4880437776173534,-3.277633764398047e-08,0.31068089473174076,0.31068089498366774,2.519269792777834e-10,-0.027628070630170143,-0.027628070589796806,4.037333661832676e-11,-0.543684737484007,-0.5436849469662597,-2.094822526554907e-07
2.0,1.008888888888889,0.04,-0.7,2.0,0.3,0.04,0.01,17194,-0.3648256274124684,-0.3648256221569441,5.255524293534819e-09,1.1843857228299726,1.1843858317714429,1.0894147028928103e-07,0.2635581796575637,0.26355818151757543,1.8600117557276974e-09,-0.02179708133986935,-0.02179708132530895,1.456040149561133e-11,-0.883309238476071,-0.8833094902363954,-2.5176032436569074e-07
0.19341666666666668,1.011111111111111,0.04,-0.7,2.0,0.3,0.04,0.01,17212,-0.416954170721906,-0.41695415089211674,1.9829789255076946e-08,3.8227484677744172,3.8227488779658008,4.101913835263815e-07,0.2513574529219853,0.25135746019680455,7.2748192470051265e-09,-0.06981323085575308,-0.06981322888048468,1.97526840717277e-09,-0.009183367425391609,-0.009183511845175097,-1.4441978348801732e-07
0.21558333333333335,1.011111111111111,0.04,-0.7,2.0,0.3,0.04,0.01,17214,-0.41491592872339167,-0.41491590932656797,1.939682370277751e-08,3.662718067731774,3.662718340387058,2.7265528412812046e-07,0.26681936026506925,0.2668193670466046,6.781535333288957e-09,-0.06907418544366273,-0.06907418521701833,2.266443976939314e-10,-0.01681047659157775,-0.016810617258791256,-1.406672135058351e-07
0.38183333333333336,1.011111111111111,0.04,-0.7,2.0,0.3,0.04,0.01,17229,-0.39893820645842126,-0.3989381902670672,1.619135403529981e-08,2.774419971540709,2.774420106267001,1.347262919004777e-07,0.32663584872999474,0.3266358512500231,2.520028352659409e-09,-0.06066733874154906,-0.060667338720243824,2.1305235353707985e-11,-0.08482937304377103,-0.08482951086132966,-1.37817558629183e-07
0.404,1.011111111111111,0.04,-0.7,2.0,0.3,0.04,0.01,17231,-0.3974732329756203,-0.3974732172555204,1.572009994399437e-08,2.6902832350739203,2.6902834080079,1.729339795808471e-07,0.3302327593052157,0.3302327614293066,2.1240909031661204e-09,-0.05928563239249174,-0.059285632357844696,3.4647042179702936e-11,-0.09494449769470448,-0.09494463702805503,-1.3933335055171803e-07
0.47050000000000003,1.011111111111111,0.04,-0.7,2.0,0.3,0.04,0.01,17237,-0.3941571472537708,-0.394157133030409,1.4223361821663616e-08,2.47335333325438,2.4733535732780645,2.4002368448350353e-07,0.33793980160928827,0.3379398027288219,1.1195336324654193e-09,-0.05520228321509446,-0.055202283168263686,4.6830775368711386e-11,-0.12629561940147305,-0.12629576429838735,-1.448969143003076e-07
0.5259166666666667,1.011111111111111,0.04,-0.7,2.0,0.3,0.04,0.01,17242,-0.3922763723818168,-0.39227635940588107,1.2975935714809594e-08,2.3262048620686926,2.326204980477157,1.1840846436683705e-07,0.3416828358865365,0.3416828363407494,4.542129450335608e-10,-0.05189905442570808,-0.05189905433677594,8.893213943039768e-11,-0.15344069614675604,-0.15344084629934443,-1.5015258839068402e-07
0.90275,1.011111111111111,0.04,-0.7,2.0,0.3,0.04,0.01,17276,-0.3821634899070503,-0.38216348089043584,9.016614455070737e-09,1.7666197948962292,1.7666199038527979,1.0895656865628212e-07,0.3357678112922424,0.3357678102541907,-1.03805170015292e-09,-0.03574353365509708,-0.03574353356340097,9.169610903914105e-11,-0.34724319149859184,-0.34724337496139035,-1.834627985086712e-07
0.9470833333333334,1.011111111111111,0.04,-0.7,2.0,0.3,0.04,0.01,17280,-0.38072810667727497,-0.3807280977223038,8.954971153496416e-09,1.7262745843904526,1.7262746117741856,2.7383733058883308e-08,0.3333098161531489,0.33330981519496944,-9.581794802038246e-10,-0.03452942914122792,-0.034529429060682314,8.0545604908e-11,-0.36988130865139857,-0.36988149540523313,-1.8675383456345784e-07
1.0800833333333333,1.011111111111111,0.04,-0.7,2.0,0.3,0.04,0.01,17292,-0.3764738209138807,-0.37647381211869907,8.795181638543426e-09,1.6185301321414158,1.6185301242625745,-7.87884135711181e-09,0.325093422657019,0.3250934220875159,-5.695031113361892e-10,-0.03140717869637433,-0.03140717863800529,5.836903876899058e-11,-0.4368373877719489,-0.4368375836601062,-1.9588815730609e-07
1.9889166666666667,1.011111111111111,0.04,-0.7,2.0,0.3,0.04,0.01,17374,-0.36227697174123774,-0.3622769664763567,5.264881031141755e-09,1.1806276678516525,1.1806276834353384,1.5583685897269106e-08,0.2644262772882877,0.26442627912354444,1.8352567243695717e-09,-0.021855009740556763,-0.02185500972621943,1.4337333403835473e-11,-0.8733022235002386,-0.8733024728907793,-2.4939054077410816e-07
0.09366666666666668,1.0133333333333334,0.04,-0.7,2.0,0.3,0.04,0.01,17384,-0.4122254921967716,-0.41222546355416995,2.864260167934063e-08,4.913331552724998,4.913332238359498,6.856345002859143e-07,0.15149660646612828,0.1514966137927676,7.32663932301314e-09,-0.09684336304216501,-0.0968433318757108,3.116645420908615e-08,0.027270289953973403,0.027270125408676772,-1.6454529663118e-07
0.37075,1.0133333333333334,0.04,-0.7,2.0,0.3,0.04,0.01,17409,-0.3935086049380865,-0.3935085879185845,1.7019501974413487e-08,2.796727577303315,2.7967277429926263,1.656893111601221e-07,0.32468147332653796,0.3246814759421059,2.6155679289097122e-09,-0.061518314505293326,-0.061518314502065824,3.227501599312177e-12,-0.07786955512179006,-0.07786969287396815,-1.3775217809486318e-07
0.404,1.0133333333333334,0.04,-0.7,2.0,0.3,0.04,0.01,17412,-0.3915183623814933,-0.39151834616257053,1.6218922760380394e-08,2.6689899956799934,2.6689900912785376,9.55985441919438e-08,0.3303071030213989,0.33030710501733834,1.9959394692570243e-09,-0.05941345313981161,-0.05941345310044843,3.936317938268985e-11,-0.0928515870454727,-0.09285172689457145,-1.3984909875974783e-07
0.48158333333333336,1.0133333333333334,0.04,-0.7,2.0,0.3,0.04,0.01,17419,-0.38832585009390685,-0.38832583579159874,1.4302308115610174e-08,2.422875494678678,2.422875585988187,9.130950928692982e-08,0.3389212418070109,0.338921242657761,8.507501370047521e-10,-0.05460812700558426,-0.05460812694260047,6.29837917931475e-11,-0.12931559003698245,-0.12931573629942802,-1.4626244557169876e-07
0.7586666666666667,1.0133333333333334,0.04,-0.7,2.0,0.3,0.04,0.01,17444,-0.38223945133863957,-0.3822394415852942,9.7533453535803e-09,1.908818814122526,1.9088189089999923,9.487746632785843e-08,0.34220081972374805,0.34220081862977075,-1.0939772976392703e-09,-0.040569520820821214,-0.040569520679810754,1.4101046025283281e-10,-0.26987199016809127,-0.26987216182260476,-1.7165451349221428e-07
0.7808333333333334,1.0133333333333334,0.04,-0.7,2.0,0.3,0.04,0.01,17446,-0.3816833610761905,-0.38168335146640464,9.609785855957398e-09,1.8820920655304718,1.882092089579846,2.40493742698078e-08,0.34144339962571824,0.3414433984921349,-1.133583338308597e-09,-0.03974118386596004,-0.03974118373352947,1.3243056651290885e-10,-0.28133570255411966,-0.28133587604955035,-1.734954306886749e-07
1.1576666666666666,1.0133333333333334,0.04,-0.7,2.0,0.3,0.04,0.01,17480,-0.3707225759350119,-0.37072256722671926,8.708292642545246e-09,1.5512127082839555,1.5512127021331346,-6.15082096366848e-09,0.32006001761203384,0.32006001727379857,-3.382352731229332e-10,-0.029942522265513638,-0.02994252221443986,5.107377715196648e-11,-0.471668303965167,-0.4716685039485459,-1.9998337891236062e-07
1.36825,1.0133333333333334,0.04,-0.7,2.0,0.3,0.04,0.01,17499,-0.36598367327195236,-0.3659836653184954,7.953456948595061e-09,1.4216139543332673,1.421613923649574,-3.0683693363897646e-08,0.30556975359058436,0.3055697540455102,4.549258192376726e-10,-0.026648131426221244,-0.026648131389880446,3.6340798426071075e-11,-0.5734131288148703,-0.5734133406313032,-2.1181643294898578e-07
0.30425,1.0155555555555555,0.04,-0.7,2.0,0.3,0.04,0.01,17584,-0.39189599219280336,-0.3918959727737286,1.9419074737125896e-08,3.077440935417286,3.0774411466237033,2.112064172443695e-07,0.3081302317703427,0.3081302358710865,4.100743800083961e-09,-0.06581673214378636,-0.06581673257519884,-4.3141247518807546e-10,-0.047667379548810285,-0.04766751608166694,-1.365328566524382e-07
0.404,1.0155555555555555,0.04,-0.7,2.0,0.3,0.04,0.01,17593,-0.3856115392986137,-0.3856115225983662,1.6700247518208755e-08,2.647043906289781,2.6470440687216343,1.6243185330111487e-07,0.3303257488226907,0.33032575069882286,1.8761321385341034e-09,-0.059523401887973115,-0.059523401845029404,4.2943711087151115e-11,-0.09078094301701034,-0.09078108339439196,-1.4037738162164803e-07
0.50375,1.0155555555555555,0.04,-0.7,2.0,0.3,0.04,0.01,17602,-0.3824545006639313,-0.3824544866060705,1.4057860764360441e-08,2.3451513897487786,2.3451514159593754,2.6210596804077113e-08,0.3405118682503483,0.34051186871347994,4.6313164414613084e-10,-0.05332495563087347,-0.053324955545003154,8.58703178008291e-11,-0.13769670951985225,-0.13769685811781399,-1.4859796174104822e-07
0.57025,1.0155555555555555,0.04,-0.7,2.0,0.3,0.04,0.01,17608,-0.38127032479323697,-0.38127031226829533,1.252494163939133e-08,2.1933822258457525,2.1933822918119055,6.596615298448683e-08,0.34347011650615045,0.34347011629430024,-2.1185020404601573e-10,-0.04946086089502311,-0.049460860760420625,1.3460248193819524e-10,-0.17055180892594501,-0.17055196370424558,-1.547783005650949e-07
0.6035,1.0155555555555555,0.04,-0.7,2.0,0.3,0.04,0.01,17611,-0.3807641703945652,-0.38076415852479384,1.1869771388006711e-08,2.1286812756926565,2.1286813081432747,3.245061819256989e-08,0.3441324310693439,0.3441324305900232,-4.793206942466099e-10,-0.0476559033141255,-0.0476559031573965,1.5672900477436968e-10,-0.1873127890184012,-0.18731294688079625,-1.578623950448943e-07
0.6810833333333334,1.0155555555555555,0.04,-0.7,2.0,0.3,0.04,0.01,17618,-0.3795286200061754,-0.37952860932849164,1.0677683737192467e-08,2.00022436946945,2.0002244244587155,5.498926558544781e-08,0.3440634164236789,0.3440634154884818,-9.351970864379666e-10,-0.043849799821471525,-0.04384979965850103,1.629704912686769e-10,-0.22695185906779214,-0.22695202392980113,-1.6486200898890857e-07
0.76975,1.0155555555555555,0.04,-0.7,2.0,0.3,0.04,0.01,17626,-0.3777671880206279,-0.37776717816725724,9.853370674939299e-09,1.8822680525332203,1.882268033135514,-1.9397706330082087e-08,0.34191076198647474,0.3419107607953485,-1.19112625318607e-09,-0.04020313553426691,-0.04020313540025119,1.3401572213078694e-10,-0.2726359250798671,-0.2726360974547643,-1.723748971893535e-07
1.4458333333333333,1.0155555555555555,0.04,-0.7,2.0,0.3,0.04,0.01,17687,-0.3616240015436034,-0.3616239939614697,7.582133698669224e-09,1.370684177270931,1.3706840368889992,-1.4038193185683667e-07,0.3003191701567154,0.30031917083664245,6.799270590995832e-10,-0.02573669741906537,-0.0257366973863403,3.272506918228224e-11,-0.6064454751106285,-0.6064456899672406,-2.1485661205744577e-07
1.5234166666666666,1.0155555555555555,0.04,-0.7,2.0,0.3,0.04,0.01,17694,-0.36061404409204467,-0.36061403688768745,7.204357221901603e-09,1.3337260296175657,1.333726006918163,-2.2699402801862334e-08,0.29499934441817866,0.2949993453402443,9.220656460584564e-10,-0.02490978778468822,-0.02490978775330787,3.138034970762149e-11,-0.6431116828209404,-0.6431119017735614,-2.1895262092286316e-07
1.5345,1.0155555555555555,0.04,-0.7,2.0,0.3,0.04,0.01,17695,-0.36048454121417883,-0.36048453406348696,7.1506918719599355e-09,1.3287055566912898,1.3287054537862604,-1.0290502938659074e-07,0.2942438416392301,0.29424384259396286,9.547327373127246e-10,-0.02480100624757675,-0.02480100621737563,3.020112285256893e-11,-0.6483420395014816,-0.648342259043507,-2.1954202533702727e-07
1.7561666666666667,1.0155555555555555,0.04,-0.7,2.0,0.3,0.04,0.01,17715,-0.3584827690805703,-0.35848276296267656,6.117893747159542e-09,1.2402169846659206,1.2402170106941985,2.6028277977374614e-08,0.2794573078754303,0.2794573093513428,1.475912447812533e-09,-0.023046857909325702,-0.023046857887104682,2.2221020162804805e-11,-0.7530088079454877,-0.7530090397717512,-2.318262634082302e-07
1.867,1.0155555555555555,0.04,-0.7,2.0,0.3,0.04,0.01,17725,-0.3577610974520029,-0.3577610917918304,5.6601724973681655e-09,1.2031561968939286,1.2031561745626038,-2.2331324789348628e-08,0.2723462318138248,0.27234623347356157,1.6597367924475748e-09,-0.022421091302182727,-0.02242109128462095,1.756177842038298e-11,-0.8056827724936544,-0.8056830109376804,-2.384440259683984e-07
1.9335,1.0155555555555555,0.04,-0.7,2.0,0.3,0.04,0.01,17731,-0.3573719528970898,-0.357371947490635,5.406454783862813e-09,1.1827499979411016,1.1827500016394965,3.6983949236457647e-09,0.26818430073072275,0.2681843024776516,1.7469288793314774e-09,-0.022109760118016464,-0.022109760101477263,1.6539200564658074e-11,-0.8374791921811342,-0.8374794347740878,-2.4259295361428457e-07
1.9556666666666667,1.0155555555555555,0.04,-0.7,2.0,0.3,0.04,0.01,17733,-0.3572465046872142,-0.35724649935942493,5.327789265319183e-09,1.1762177620777692,1.1762177821413515,2.0063582351070863e-08,0.26681535641198684,0.26681535817757157,1.7655847339703712e-09,-0.022015519325901955,-0.022015519311982475,1.3919480151836083e-11,-0.848114509402198,-0.8481147534058918,-2.440036938056167e-07
0.20450000000000002,1.017777777777778,0.04,-0.7,2.0,0.3,0.04,0.01,17756,-0.39130104361906337,-0.39130101974008225,2.3878981125768917e-08,3.653998736918851,3.6539990984681125,3.615492616404481e-07,0.259370837177586,0.2593708442210803,7.0434942878172535e-09,-0.06986113856383147,-0.069861137639445,9.243864701469207e-10,-0.009893794815918344,-0.00989394055666072,-1.4574074237543033e-07
0.2931666666666667,1.017777777777778,0.04,-0.7,2.0,0.3,0.04,0.01,17764,-0.3858373602461107,-0.3858373396305613,2.0615549378710796e-08,3.108571566823315,3.108571763937944,1.9711462906357724e-07,0.3043903220451005,0.30439032638000935,4.334908820791128e-09,-0.0666061743903601,-0.06660617496841674,-5.780566442181723e-10,-0.04162305528937482,-0.041623192778186484,-1.374888116620343e-07
0.34858333333333336,1.017777777777778,0.04,-0.7,2.0,0.3,0.04,0.01,17769,-0.38233792278963286,-0.38233790394863876,1.8840994098212605e-08,2.842210278242163,2.8422104420626755,1.6382051226671024e-07,0.3200568257261116,0.3200568285866208,2.8605092183831005e-09,-0.06321493575656145,-0.06321493583477865,-7.82171966084988e-11,-0.06443121316146438,-0.06443135120598739,-1.380445230070304e-07
0.6035,1.017777777777778,0.04,-0.7,2.0,0.3,0.04,0.01,17792,-0.37605145637026327,-0.37605144429300297,1.2077260302945092e-08,2.11271528605117,2.112715282764424,-3.2867459864860393e-09,0.3441312063195978,0.3441312057343976,-5.85200221614457e-10,-0.047684838994921375,-0.04768483883662082,1.583005532213022e-10,-0.18469838959339624,-0.18469854754883244,-1.5795543620300556e-07
1.0025,1.017777777777778,0.04,-0.7,2.0,0.3,0.04,0.01,17828,-0.3678528167957995,-0.3678528075900684,9.205731121841865e-09,1.6430228233499378,1.6430228475134168,2.4163478995475884e-08,0.3303098196877352,0.33030981869413145,-9.93603754828598e-10,-0.03333892467316524,-0.03333892460799152,6.517372058700843e-11,-0.3880043473836192,-0.3880045363764448,-1.889928255560669e-07
1.2130833333333333,1.017777777777778,0.04,-0.7,2.0,0.3,0.04,0.01,17847,-0.3626235424028512,-0.36262353380432916,8.598522061031844e-09,1.491391404817577,1.491391432945309,2.8127732143445883e-08,0.31647495943865067,0.31647495922322766,-2.1542301276156195e-10,-0.02906378492761874,-0.029063784881779825,4.583891599629908e-11,-0.49155522574506616,-0.4915554272584913,-2.015134251132089e-07
1.2795833333333333,1.017777777777778,0.04,-0.7,2.0,0.3,0.04,0.01,17853,-0.3612640314448745,-0.3612640231110457,8.33382879372735e-09,1.4504682122051804,1.450468147556557,-6.464862334354393e-08,0.31190138765263553,0.31190138769673026,4.409472786903734e-11,-0.02798657344704747,-0.02798657340272266,4.43248077131031e-11,-0.5235646426468565,-0.5235648477425343,-2.0509567777438065e-07
1.5234166666666666,1.017777777777778,0.04,-0.7,2.0,0.3,0.04,0.01,17875,-0.35766086916910744,-0.35766086199391195,7.175195493314135e-09,1.324137699487693,1.3241376689865123,-3.050118069225505e-08,0.29510558158973854,0.2951055824784124,8.886738567248642e-10,-0.024934981558699665,-0.024934981532969885,2.5729779418171006e-11,-0.6391372045122523,-0.6391374222471685,-2.1773491620802332e-07
1.6453333333333333,1.017777777777778,0.04,-0.7,2.0,0.3,0.04,0.01,17886,-0.35652250921142103,-0.3565225026243811,6.587039913519277e-09,1.2729764298224922,1.2729764005038886,-2.931860354493665e-08,0.2868864173663499,0.28688641858293246,1.2165825569177002e-09,-0.023848585079533358,-0.02384858505440817,2.5125186653429665e-11,-0.6964871324005584,-0.6964873566088714,-2.2420831302660815e-07
1.9335,1.017777777777778,0.04,-0.7,2.0,0.3,0.04,0.01,17912,-0.3547516207683121,-0.3547516153839086,5.384403534147708e-09,1.1755551254655217,1.175555119869737,-5.595784724476971e-09,0.2683402290831749,0.2683402308077033,1.7245284089639767e-09,-0.022121689879639472,-0.022121689861877212,1.7762260412501618e-11,-0.8329759588096564,-0.832976199823826,-2.4101416962185596e-07
0.16016666666666668,1.02,0.04,-0.7,2.0,0.3,0.04,0.01,17933,-0.3837634887346453,-0.383763461348264,2.7386381273863947e-08,3.966806066957318,3.9668064525747275,3.856174095595577e-07,0.22317215985556693,0.22317216770158577,7.846018834634094e-09,-0.0726219436289477,-0.07262193689086804,6.738079649792894e-09,0.004554887585717093,0.004554731773252332,-1.5581246476121385e-07
0.19341666666666668,1.02,0.04,-0.7,2.0,0.3,0.04,0.01,17936,-0.3834921922041268,-0.3834921664932314,2.57108953571894e-08,3.700966899611302,3.7009672254865302,3.2587522813543046e-07,0.25113047793678955,0.2511304852571474,7.320357819917689e-09,-0.07029285692239373,-0.07029285498721788,1.935175852896265e-09,-0.005486413695021675,-0.0054865625867428405,-1.4889172116581972e-07
0.21558333333333335,1.02,0.04,-0.7,2.0,0.3,0.04,0.01,17938,-0.38286155203265393,-0.3828615273280244,2.4704629508764953e-08,3.5447954294109962,3.544795696828511,2.674175147987512e-07,0.2666590010946823,0.2666590078358401,6.7411577986398186e-09,-0.06965951041493224,-0.06965951027162887,1.4330336917112163e-10,-0.012434977720299223,-0.012435122714503213,-1.4499420399050056e-07
0.6810833333333334,1.02,0.04,-0.7,2.0,0.3,0.04,0.01,17980,-0.37070276075301667,-0.3707027497080904,1.1044926251368992e-08,1.9712505294755545,1.971250603915988,7.44404335950577e-08,0.3440732746398667,0.34407327351739414,-1.1224725593450557e-09,-0.04391259980196516,-0.04391259963677077,1.6519438594819746e-10,-0.2214111483334058,-0.22141131308616938,-1.647527635706414e-07
0.6921666666666667,1.02,0.04,-0.7,2.0,0.3,0.04,0.01,17981,-0.37057797230261036,-0.3705779613957423,1.090686807536656e-08,1.955404832498786,1.9554049244405887,9.194180261573592e-08,0.34391664175348335,0.34391664058752497,-1.1659583853962374e-09,-0.043419921017529006,-0.043419920857091,1.604380031605679e-10,-0.22706720172988026,-0.22706736741006148,-1.656801812133235e-07
0.7919166666666667,1.02,0.04,-0.7,2.0,0.3,0.04,0.01,17990,-0.36906428968364047,-0.36906427964885163,1.003478883321307e-08,1.8300227777601208,1.8300228820978515,1.0433773067752838e-07,0.34118125695897783,0.3411812555805691,-1.3784087204982143e-09,-0.039490891993732014,-0.03949089186998473,1.2374728325381668e-10,-0.2781100186019514,-0.2781101922744674,-1.7367251603506162e-07
0.83625,1.02,0.04,-0.7,2.0,0.3,0.04,0.01,17994,-0.368181282040525,-0.3681812722376058,9.802919254120468e-09,1.7821726649991376,1.782172641419803,-2.357933470698015e-08,0.3393512364771589,0.33935123509691045,-1.3802484710723206e-09,-0.037998522934845624,-0.0379985228265632,1.0828242469340665e-10,-0.3007617326680756,-0.30076190967979544,-1.770117198374166e-07
1.0246666666666666,1.02,0.04,-0.7,2.0,0.3,0.04,0.01,18011,-0.3636609318785622,-0.3636609226475183,9.231043873736411e-09,1.613002409417419,1.6130024778319965,6.841457755868419e-08,0.3289896668376424,0.32898966585965084,-9.779915766117142e-10,-0.03287582564820424,-0.03287582558907876,5.912547534903112e-11,-0.3957707961979584,-0.3957709860150884,-1.8981713001409162e-07
1.50125,1.02,0.04,-0.7,2.0,0.3,0.04,0.01,18054,-0.3549537537461678,-0.3549537464889198,7.257247969238989e-09,1.3245283203566771,1.3245283755815456,5.522486845599417e-08,0.29670798755127015,0.29670798833986917,7.885990194189674e-10,-0.025185121244886144,-0.025185121212978764,3.1907379516304957e-11,-0.6247760795452528,-0.6247762949332297,-2.1538797689846234e-07
1.5788333333333333,1.02,0.04,-0.7,2.0,0.3,0.04,0.01,18061,-0.3542218273733244,-0.3542218205017851,6.871539337538479e-09,1.2908225155428,1.2908224536035637,-6.193923618447172e-08,0.2914465600345473,0.2914465610514448,1.0168975106417122e-09,-0.02442968129096057,-0.024429681263840698,2.7119872320069405e-11,-0.6611801535699735,-0.6611803729417669,-2.1937179339737156e-07
1.601,1.02,0.04,-0.7,2.0,0.3,0.04,0.01,18063,-0.3540389665337984,-0.3540389597690502,6.7647482060451125e-09,1.281730249713675,1.2817302261942978,-2.3519377334579872e-08,0.28995604662185315,0.28995604769671035,1.0748572032426296e-09,-0.02423347681107524,-0.024233476784522954,2.65522846765176e-11,-0.6715759980455149,-0.6715762185731263,-2.2052761139423893e-07
1.9335,1.02,0.04,-0.7,2.0,0.3,0.04,0.01,18093,-0.35214723575704987,-0.3521472304044775,5.3525723853198315e-09,1.1683974232568062,1.1683975834601148,1.6020330861898913e-07,0.26848660413220093,0.26848660584146117,1.709260233351273e-09,-0.022132173897460028,-0.022132173882349525,1.5110503126525288e-11,-0.8284916057690883,-0.8284918452104414,-2.394413530781847e-07
0.11583333333333334,1.0222222222222221,0.04,-0.7,2.0,0.3,0.04,0.01,18110,-0.37249705578362713,-0.3724970219618244,3.382180274735802e-08,4.398932224036756,4.398932711576323,4.875395669401428e-07,0.1769965607842372,0.17699656856596735,7.781730149147847e-09,-0.0834920854303478,-0.08349206829712749,1.7133220314713427e-08,0.01877314794285212,0.018772982967748555,-1.649751035642799e-07
0.4594166666666667,1.0222222222222221,0.04,-0.7,2.0,0.3,0.04,0.01,18141,-0.3673262237605113,-0.3673262075586536,1.6201857688802335e-08,2.403740512191277,2.4037405948750554,8.268377849063313e-08,0.33675712200115226,0.3367571226595531,6.584008338528236e-10,-0.05616757175558318,-0.05616757167558087,8.000231033200578e-11,-0.10982140373178018,-0.10982154960710562,-1.458753254440781e-07
0.5591666666666667,1.0222222222222221,0.04,-0.7,2.0,0.3,0.04,0.01,18150,-0.36684216673465997,-0.3668421533030835,1.3431576462163974e-08,2.164069712318195,2.1640697614956492,4.9177454108928487e-08,0.3429701454690792,0.3429701450236395,-4.454397406483679e-10,-0.050143815200631714,-0.050143815056966384,1.4366532963272505e-10,-0.15755314460269565,-0.15755329888902445,-1.5428632879621595e-07
0.6810833333333334,1.0222222222222221,0.04,-0.7,2.0,0.3,0.04,0.01,18161,-0.36633865391211273,-0.366338642695922,1.1216190753948752e-08,1.9564072584188352,1.9564071913061627,-6.711267253045605e-08,0.3440258696701948,0.3440258684586059,-1.2115888847752387e-09,-0.0439332171645046,-0.0439332169982393,1.6626530013885699e-10,-0.21867473221803824,-0.21867489691852185,-1.64700483612501e-07
1.0579166666666666,1.0222222222222221,0.04,-0.7,2.0,0.3,0.04,0.01,18195,-0.35932374597758,-0.3593237367747298,9.202850204115265e-09,1.5751199344826716,1.5751199190205694,-1.5462102265217936e-08,0.3269163674829434,0.326916366567789,-9.151543967078624e-10,-0.03218089025369686,-0.03218089019475072,5.894613963608464e-11,-0.4089298601728242,-0.40893005137855404,-1.9120572986031092e-07
1.1355,1.0222222222222221,0.04,-0.7,2.0,0.3,0.04,0.01,18202,-0.3576060092502775,-0.35760600031178463,8.938492890298022e-09,1.519361725321744,1.5193617099672203,-1.5354523652533203e-08,0.32183147789272004,0.32183147727405964,-6.186604006863661e-10,-0.03057678055390367,-0.03057678050332362,5.058005056457482e-11,-0.44694011972795655,-0.4469403153632933,-1.9563533676381084e-07
1.1576666666666666,1.0222222222222221,0.04,-0.7,2.0,0.3,0.04,0.01,18204,-0.35714178139523156,-0.357141772543432,8.851799571107932e-09,1.5043372991740966,1.5043372205983965,-7.857570016867044e-08,0.32034498995775484,0.3203449894279094,-5.298454452962176e-10,-0.030152559220841813,-0.030152559174792693,4.604911937877709e-11,-0.4577113809337008,-0.4577115777803571,-1.968466563084803e-07
1.3904166666666666,1.0222222222222221,0.04,-0.7,2.0,0.3,0.04,0.01,18225,-0.35324452920454386,-0.3532445214151057,7.789438150052064e-09,1.3678602528433004,1.367860206302572,-4.6540728382282737e-08,0.30438005292121595,0.3043800533061344,3.849184304627329e-10,-0.026498829608367913,-0.0264988295705553,3.781261415092274e-11,-0.5688241476173306,-0.5688243563462438,-2.0872891326462195e-07
1.6120833333333333,1.0222222222222221,0.04,-0.7,2.0,0.3,0.04,0.01,18245,-0.3511229983416131,-0.3511229916633361,6.678276986971099e-09,1.2683418981751515,1.2683419491405885,5.096543698179801e-08,0.2893041581270017,0.28930415920216523,1.0751635137751236e-09,-0.024154784525887152,-0.024154784497438138,2.8449013977915882e-11,-0.6727234714398733,-0.6727236912427672,-2.1980289388601193e-07
0.6256666666666667,1.0244444444444445,0.04,-0.7,2.0,0.3,0.04,0.01,18337,-0.36213738530105344,-0.36213737305471544,1.2246337999233248e-08,2.02570591967266,2.0257060041392276,8.446656751814885e-08,0.34412042136194865,0.34412042032762447,-1.0343241818588922e-09,-0.04657771337124306,-0.0465777132024195,1.6882355929892512e-10,-0.18805381287068101,-0.18805397297064108,-1.6009996006705052e-07
0.63675,1.0244444444444445,0.04,-0.7,2.0,0.3,0.04,0.01,18338,-0.36212955708131433,-0.36212954502819017,1.2053124165412044e-08,2.0078147977553584,2.007814826000764,2.8245405570004323e-08,0.344166077900776,0.34416607680436784,-1.0964081864628383e-09,-0.046026341188887265,-0.04602634101675181,1.7213545866479052e-10,-0.19360997043665895,-0.19361013145744327,-1.61020784317234e-07
0.7475833333333334,1.0244444444444445,0.04,-0.7,2.0,0.3,0.04,0.01,18348,-0.3615197939635384,-0.36151978330142415,1.066211424705088e-08,1.854275316626186,1.8542753789234878,6.229730176166015e-08,0.34258555768912347,0.3425855562085323,-1.4805911496829083e-09,-0.041187895249150674,-0.041187895108073004,1.4107767037918606e-10,-0.24971231872228383,-0.249712488576787,-1.6985450315698536e-07
1.202,1.0244444444444445,0.04,-0.7,2.0,0.3,0.04,0.01,18389,-0.3529915516686799,-0.35299154298621666,8.68246324836619e-09,1.4638487755291862,1.4638487460560352,-2.947315103085657e-08,0.3173678160864335,0.3173678156916029,-3.9483061264888875e-10,-0.029387947502734768,-0.029387947456378294,4.635647421480371e-11,-0.4756488327600783,-0.47564903114098606,-1.9838090775659012e-07
1.3128333333333333,1.0244444444444445,0.04,-0.7,2.0,0.3,0.04,0.01,18399,-0.3512156911891773,-0.3512156830307262,8.158451081374807e-09,1.3984147895218513,1.3984148400693366,5.0547485308527484e-08,0.30976883403338595,0.30976883408770994,5.432398975102615e-11,-0.02759758819664837,-0.027597588157883796,3.876457488338758e-11,-0.5284950130293731,-0.5284952169362882,-2.0390691513050285e-07
1.5455833333333333,1.0244444444444445,0.04,-0.7,2.0,0.3,0.04,0.01,18420,-0.34875908651699206,-0.34875907954583835,6.971153709844913e-09,1.286223494378902,1.2862235277237772,3.3344875305374444e-08,0.29384435721035995,0.2938443580747474,8.643874505054328e-10,-0.024777015768806532,-0.02477701573911884,2.968769327593712e-11,-0.6376784441622374,-0.63767865934078,-2.151785426507402e-07
1.5788333333333333,1.0244444444444445,0.04,-0.7,2.0,0.3,0.04,0.01,18423,-0.34852543632224453,-0.3485254295172601,6.804984409303216e-09,1.2725841269656257,1.2725841103443079,-1.6621317877607567e-08,0.2916068476394029,0.2916068485953703,9.55967360827259e-10,-0.02446336841877006,-0.02446336839032554,2.8444521044113102e-11,-0.6531863973904817,-0.6531866142217375,-2.168312558392671e-07
1.6896666666666667,1.0244444444444445,0.04,-0.7,2.0,0.3,0.04,0.01,18433,-0.34789606751933766,-0.3478960612376566,6.281681064201905e-09,1.2307020347268605,1.230702111719959,7.699309856334935e-08,0.2842521032919709,0.2842521045324071,1.2404361982021328e-09,-0.02355298135303663,-0.023552981328676142,2.436048585074957e-11,-0.7049020146476792,-0.7049022371656957,-2.2251801645722935e-07
1.8448333333333333,1.0244444444444445,0.04,-0.7,2.0,0.3,0.04,0.01,18447,-0.34727423854769013,-0.3472742329196721,5.628018051595518e-09,1.179910752435731,1.179910739634149,-1.2801582016663815e-08,0.27426929542467837,0.274269296965541,1.5408626041768514e-09,-0.022577618025432233,-0.022577618004736157,2.0696076796777874e-11,-0.7776654494026647,-0.7776656804722473,-2.3106958257912424e-07
1.8559166666666667,1.0244444444444445,0.04,-0.7,2.0,0.3,0.04,0.01,18448,-0.3472366555262729,-0.347236649939947,5.586325901862921e-09,1.1765784568851245,1.1765783617199554,-9.516516907837058e-08,0.27357176821812823,0.2735717697751805,1.557052264899994e-09,-0.022519390025232955,-0.022519390007686692,1.7546263053613842e-11,-0.7828892603473081,-0.7828894920550789,-2.317077707481019e-07
1.867,1.0244444444444445,0.04,-0.7,2.0,0.3,0.04,0.01,18449,-0.34719963000140464,-0.34719962445782865,5.543575987143612e-09,1.1732811167064483,1.1732811175442002,8.377518678770457e-10,0.2728764185563892,0.2728764201341423,1.577753094839096e-09,-0.022462538206147187,-0.022462538190651863,1.5495323774095127e-11,-0.7881172851603724,-0.7881175175145373,-2.3235416490852145e-07
1.9778333333333333,1.0244444444444445,0.04,-0.7,2.0,0.3,0.04,0.01,18459,-0.346847796907912,-0.34684779176057556,5.1473364459653226e-09,1.1420822343399806,1.1420821325689892,-1.0177099141195356e-07,0.26604638492855326,0.26604638665257635,1.7240230909543186e-09,-0.021964204362789896,-0.02196420434672892,1.606097546624774e-11,-0.8406501463481542,-0.8406503853770606,-2.390289064457818e-07
0.4261666666666667,1.0266666666666666,0.04,-0.7,2.0,0.3,0.04,0.01,18500,-0.3567423296704786,-0.3567423116834903,1.798698828769929e-08,2.4567685497078884,2.4567686545958853,1.0488799695451689e-07,0.33264653234166275,0.33264653324536486,9.037021131419465e-10,-0.05834259044601442,-0.058342590365384396,8.063002349123494e-11,-0.09052663239833558,-0.09052677679610922,-1.4439777364094741e-07
0.43725,1.0266666666666666,0.04,-0.7,2.0,0.3,0.04,0.01,18501,-0.3567230790246789,-0.3567230614445648,1.758011414221272e-08,2.4231153750164935,2.423115442304683,6.728818924273128e-08,0.333988243108041,0.3339882438427175,7.346765418247969e-10,-0.05761693808919999,-0.05761693800279541,8.640457793696044e-11,-0.09547836624240746,-0.09547851137007284,-1.4512766537133626e-07
0.7475833333333334,1.0266666666666666,0.04,-0.7,2.0,0.3,0.04,0.01,18529,-0.35741505040903787,-0.35741503960323046,1.0805807415525948e-08,1.8399619217124297,1.839961873462143,-4.825028665500497e-08,0.3424990815714679,0.34249908000799795,-1.563469964604991e-09,-0.04120747632729849,-0.0412074761856751,1.4162338662915275e-10,-0.24689561719609676,-0.24689578687629105,-1.696801942840942e-07
0.76975,1.0266666666666666,0.04,-0.7,2.0,0.3,0.04,0.01,18531,-0.3572280262634231,-0.35722801564365186,1.0619771229070096e-08,1.8139275803630284,1.813927628274092,4.791106356094588e-08,0.3418286265327586,0.34182862494467897,-1.588079612258042e-09,-0.04037932954392698,-0.040379329412918566,1.3100841245172745e-10,-0.25812829907073676,-0.2581284703872911,-1.7131655433155757e-07
1.0468333333333333,1.0266666666666666,0.04,-0.7,2.0,0.3,0.04,0.01,18556,-0.35259506392076867,-0.3525950545805424,9.340226259091367e-09,1.5587395540972437,1.5587395127258838,-4.1371359893460635e-08,0.3276214417330392,0.3276214406739027,-1.0591365007250886e-09,-0.03252081897497927,-0.03252081891862486,5.635441419071796e-11,-0.39690174556128444,-0.3969019348341062,-1.8927282174896476e-07
1.0579166666666666,1.0266666666666666,0.04,-0.7,2.0,0.3,0.04,0.01,18557,-0.3523779440875452,-0.3523779347894589,9.298086300901787e-09,1.5504490746831578,1.5504490686707717,-6.012386144504944e-09,0.326917195864751,0.32691719484462906,-1.020121931372131e-09,-0.032275107217372145,-0.032275107162281734,5.509041139939441e-11,-0.4023426186108847,-0.4023428085099719,-1.898990871773698e-07
1.1133333333333333,1.0266666666666666,0.04,-0.7,2.0,0.3,0.04,0.01,18562,-0.3513156905690651,-0.35131568149451603,9.074549056631298e-09,1.5106494666294878,1.5106493738813278,-9.274816004101183e-08,0.3233193266249934,0.3233193258243164,-8.00677024681562e-10,-0.031105759743521588,-0.031105759693253694,5.0267894013966696e-11,-0.42939675768405294,-0.42939695062403904,-1.9293998609892782e-07
1.1576666666666666,1.0266666666666666,0.04,-0.7,2.0,0.3,0.04,0.01,18566,-0.3505083741675574,-0.35050836528037266,8.887184765882239e-09,1.4806814940815372,1.4806815842982854,9.021674829412518e-08,0.3203694795717027,0.32036947895409895,-6.176037459226791e-10,-0.030237661300114294,-0.03023766125237066,4.774363196458076e-11,-0.4508625015911538,-0.45086269686377883,-1.9527262501428666e-07
1.16875,1.0266666666666666,0.04,-0.7,2.0,0.3,0.04,0.01,18567,-0.3503140600474852,-0.35031405121220094,8.835284281971667e-09,1.4734364839341652,1.4734364435049914,-4.04291737865492e-08,0.3196245575062817,0.3196245569330352,-5.732465058194691e-10,-0.03002956785846944,-0.030029567811639155,4.683028617669116e-11,-0.4562050350084834,-0.45620523085188647,-1.9584340305023318e-07
1.6231666666666666,1.0266666666666666,0.04,-0.7,2.0,0.3,0.04,0.01,18608,-0.34546898390053205,-0.3454689773464168,6.554115250523296e-09,1.2464350107599387,1.2464349843312228,-2.6428715882431675e-08,0.2887132481990684,0.28871324924675024,1.0476818301796698e-09,-0.02408726824748575,-0.024087268220945264,2.6540485087434007e-11,-0.6698366979027148,-0.6698369156610592,-2.1775834435633357e-07
1.9113333333333333,1.0266666666666666,0.04,-0.7,2.0,0.3,0.04,0.01,18634,-0.344485162032393,-0.3444851566821677,5.3502252628234714e-09,1.1532780452849778,1.1532780206171602,-2.46678175663817e-08,0.2702319184022528,0.27023192001831864,1.6160658367070369e-09,-0.02225474348499512,-0.022254743465421816,1.95733047825275e-11,-0.8046737039713037,-0.8046739374040282,-2.334327244835066e-07
1.9224166666666667,1.0266666666666666,0.04,-0.7,2.0,0.3,0.04,0.01,18635,-0.34445696924539915,-0.3444569639358488,5.309550354937187e-09,1.1501980534678324,1.1501981126053646,5.9137532204545096e-08,0.2695494287816014,0.2695494304148282,1.633226831554424e-09,-0.02220434719923947,-0.02220434718137663,1.7862843149085705e-11,-0.8099103357184223,-0.8099105698099458,-2.340915234988472e-07
1.9445833333333333,1.0266666666666666,0.04,-0.7,2.0,0.3,0.04,0.01,18637,-0.34440101114502353,-0.3444010059129606,5.232062949556138e-09,1.1441280645119178,1.1441280502945896,-1.4217328203613988e-08,0.26819127027982725,0.2681912719422158,1.662388560141892e-09,-0.022107240977842224,-0.02210724096286402,1.497820270590644e-11,-0.8203981332702281,-0.820398368687505,-2.354172768948004e-07
0.11583333333333334,1.028888888888889,0.04,-0.7,2.0,0.3,0.04,0.01,18653,-0.34364931287417244,-0.34364927301580533,3.985836710684865e-08,4.2513652431797055,4.251365648739615,4.055599092112061e-07,0.175395612483642,0.17539562034311817,7.859476180982483e-09,-0.082538326337811,-0.08253831039961601,1.593819498602045e-08,0.018836728447324536,0.018836560937933105,-1.6750939143064802e-07
0.16016666666666668,1.028888888888889,0.04,-0.7,2.0,0.3,0.04,0.01,18657,-0.34920141357697165,-0.3492013802049577,3.337201393005529e-08,3.8043364902762278,3.8043367875703953,2.972941675061236e-07,0.22142219829240917,0.22142220628998752,7.997578349572265e-09,-0.07222780719268185,-0.07222780069214149,6.50054035600256e-09,0.006706452616023206,0.006706292539952606,-1.6007607060025686e-07
0.34858333333333336,1.028888888888889,0.04,-0.7,2.0,0.3,0.04,0.01,18674,-0.351492425089972,-0.35149240344186444,2.1648107584315568e-08,2.7068578545286215,2.7068579490961437,9.456752225744935e-08,0.3189709166881438,0.3189709190289275,2.340783678000946e-09,-0.06357167918635831,-0.06357167930063443,-1.1427611634751145e-10,-0.0556031347653807,-0.05560327627529298,-1.4150991228117915e-07
0.5924166666666667,1.028888888888889,0.04,-0.7,2.0,0.3,0.04,0.01,18696,-0.35293718374823646,-0.35293717049750334,1.3250733121861202e-08,2.048024078105115,2.048024110115463,3.201034770583533e-08,0.3433446142117602,0.3433446131921824,-1.0195778110677622e-09,-0.04828286684327443,-0.048282866674798114,1.684763162312919e-10,-0.1665172095094425,-0.16651736704051348,-1.5753107099336638e-07
0.6921666666666667,1.028888888888889,0.04,-0.7,2.0,0.3,0.04,0.01,18705,-0.35346046036360823,-0.3534604488171131,1.1546495148895275e-08,1.8954646130442399,1.8954647011902577,8.814601781814702e-08,0.34354128912394977,0.34354128760830016,-1.5156496058210678e-09,-0.04346854942827161,-0.04346854926662137,1.6165023486447438e-10,-0.2161718001059132,-0.21617196548449175,-1.6537857855380977e-07
0.9914166666666667,1.028888888888889,0.04,-0.7,2.0,0.3,0.04,0.01,18732,-0.3501412298520523,-0.35014122025061123,9.601441086637408e-09,1.589209525088009,1.589209545445641,2.0357632024570194e-08,0.33100021987086947,0.3310002185648531,-1.3060163506217748e-09,-0.03385468107047762,-0.03385468100927404,6.120358386763058e-11,-0.3663779696522207,-0.3663781551287548,-1.85476534131368e-07
1.03575,1.028888888888889,0.04,-0.7,2.0,0.3,0.04,0.01,18736,-0.3493444355123776,-0.34934442608737604,9.425001556984114e-09,1.5546087417384058,1.5546087843994376,4.2661031818269635e-08,0.3282843152838111,0.3282843141305107,-1.1533003996255786e-09,-0.03281254543491263,-0.032812545379617364,5.5295268364119465e-11,-0.388219951510671,-0.3882201395228196,-1.880121485720032e-07
1.0911666666666666,1.028888888888889,0.04,-0.7,2.0,0.3,0.04,0.01,18741,-0.3483567838766244,-0.3483567746839214,9.192702987714796e-09,1.5140082687548073,1.5140083068513914,3.80965841095815e-08,0.3247460225969112,0.32474602165677297,-9.401382450313633e-10,-0.031602625373550186,-0.03160262532316518,5.038500866527684e-11,-0.4153003427201374,-0.4153005337578506,-1.910377132041674e-07
1.1909166666666666,1.028888888888889,0.04,-0.7,2.0,0.3,0.04,0.01,18750,-0.3467056673023272,-0.346705658569629,8.73269823120637e-09,1.4475862841756282,1.4475863236201032,3.944447501957882e-08,0.3181159662254962,0.3181159656962315,-5.292646876320362e-10,-0.02965949796512879,-0.029659497920558355,4.457043414896056e-11,-0.4634269029915594,-0.4634270991295838,-1.961380243775679e-07
1.6564166666666666,1.028888888888889,0.04,-0.7,2.0,0.3,0.04,0.01,18792,-0.34257857886799137,-0.3425785725064154,6.361575988211854e-09,1.2256636927610032,1.225663687848841,-4.912162232528772e-09,0.28657666823417305,0.2865766693414523,1.107279268275363e-09,-0.023825386954445804,-0.023825386928348274,2.6097530386737233e-11,-0.6812568102951277,-0.6812570283953091,-2.1810018135948184e-07
1.8559166666666667,1.028888888888889,0.04,-0.7,2.0,0.3,0.04,0.01,18810,-0.34204038506013834,-0.3420403795384962,5.521642143513361e-09,1.1617704132049766,1.161770482114193,6.890921633306846e-08,0.2737741362809909,0.2737741377960265,1.5150355969772988e-09,-0.022531424868632577,-0.022531424849270214,1.936236240784872e-11,-0.7742494464194061,-0.7742496751216817,-2.28702275673065e-07
2.0,1.028888888888889,0.04,-0.7,2.0,0.3,0.04,0.01,18823,-0.3417590725809938,-0.34175906755580016,5.0251936500878e-09,1.1227315910300462,1.1227316694248775,7.83948312932381e-08,0.26495573929252725,0.2649557410039422,1.7114149541974655e-09,-0.021889909647687666,-0.021889909631695178,1.5992488583416176e-11,-0.8422140621727747,-0.8422142993819218,-2.3720914710256835e-07
0.22666666666666668,1.031111111111111,0.04,-0.7,2.0,0.3,0.04,0.01,18844,-0.34483067647972376,-0.34483064708821576,2.9391508005183198e-08,3.2916885217559866,3.2916887533570605,2.3160107387454332e-07,0.2716108646472204,0.2716108710103141,6.363093718597668e-09,-0.06945473822378423,-0.06945473875548452,-5.317002949034588e-10,-0.010697195698960993,-0.010697344344735923,-1.4864577493022002e-07
0.31533333333333335,1.031111111111111,0.04,-0.7,2.0,0.3,0.04,0.01,18852,-0.3455497506704708,-0.3455497268037026,2.386676817289768e-08,2.8197826185127894,2.8197828210765605,2.0256377109006962e-07,0.30990828651877855,0.30990828969595113,3.1771725805818107e-09,-0.06575684920823166,-0.06575684965146981,-4.432381545127484e-10,-0.04090735063355666,-0.040907492739301846,-1.4210574518502828e-07
0.3375,1.031111111111111,0.04,-0.7,2.0,0.3,0.04,0.01,18854,-0.34551491826073644,-0.3455148955772044,2.2683532052703015e-08,2.7230917631904106,2.7230918210610966,5.787068602103318e-08,0.31593050861089544,0.31593051114219495,2.5312995033388574e-09,-0.06432485993190795,-0.0643248601422381,-2.103301421918502e-10,-0.0494971392656085,-0.04949728133803226,-1.4207242375607887e-07
0.4926666666666667,1.031111111111111,0.04,-0.7,2.0,0.3,0.04,0.01,18868,-0.34686112690807125,-0.3468611107462418,1.6161829430316743e-08,2.2310214009557683,2.2310213555951295,-4.5360638800673314e-08,0.33858497065747395,0.3385849704326574,-2.2481655426176417e-10,-0.05404243626383476,-0.05404243614336029,1.2047447067731198e-10,-0.11650835674975601,-0.1165085066418136,-1.4989205758542123e-07
0.5480833333333334,1.031111111111111,0.04,-0.7,2.0,0.3,0.04,0.01,18873,-0.3477590382389151,-0.3477590237368175,1.4502097578361628e-08,2.111689145767315,2.1116891708752012,2.510788643661499e-08,0.34173993203823194,0.34173993126351776,-7.747141816949465e-10,-0.05071792834487887,-0.0507179281912024,1.5367647432373843e-10,-0.14261488008121548,-0.14261503424063204,-1.5415941656549137e-07
0.6478333333333334,1.031111111111111,0.04,-0.7,2.0,0.3,0.04,0.01,18882,-0.34900395090797787,-0.3490039385626868,1.2345291067195063e-08,1.9420005270553986,1.9420004905270938,-3.6528304825367286e-08,0.34366485164805116,0.3436648502154116,-1.4326395625374744e-09,-0.04546631737156748,-0.04546631719658646,1.7498101578805603e-10,-0.19138637134763492,-0.19138653330642477,-1.6195878985159062e-07
0.803,1.031111111111111,0.04,-0.7,2.0,0.3,0.04,0.01,18896,-0.34903575127559483,-0.3490357406578349,1.0617759949038685e-08,1.7489428072448021,1.7489428331382346,2.5893432509249692e-08,0.34042566334824276,0.34042566160298776,-1.74525499607725e-09,-0.03925191079390267,-0.03925191067877787,1.1512479858311053e-10,-0.2692181197896937,-0.26921829296165817,-1.7317196449040395e-07
1.069,1.031111111111111,0.04,-0.7,2.0,0.3,0.04,0.01,18920,-0.3453624328200733,-0.34536242350934304,9.310730242351184e-09,1.5175132539457792,1.5175132994342715,4.548849230623375e-08,0.3261269715734705,0.3261269704970469,-1.076423561396922e-09,-0.03211254663681995,-0.032112546586050415,5.0769534409855765e-11,-0.4012447008730491,-0.40124489004789815,-1.8917484906344484e-07
1.8559166666666667,1.031111111111111,0.04,-0.7,2.0,0.3,0.04,0.01,18991,-0.3394668391465405,-0.33946683365494207,5.491598453755131e-09,1.1544275091424083,1.1544275817010898,7.255868150757294e-08,0.27386072512403103,0.2738607266156429,1.4916118895591524e-09,-0.022535289595781993,-0.022535289574519612,2.1262380744957454e-11,-0.7699581961284618,-0.7699584233404444,-2.2721198256192565e-07
1.8891666666666667,1.031111111111111,0.04,-0.7,2.0,0.3,0.04,0.01,18994,-0.3394208067578064,-0.3394208013855381,5.372268296888194e-09,1.1451321724198493,1.1451321433076425,-2.9112206867409895e-08,0.2717977275790151,0.27179772912440125,1.5453861523795354e-09,-0.022368111980142213,-0.022368111963249948,1.6892265364276682e-11,-0.7855279070648202,-0.7855281361472,-2.2908237973240375e-07
0.404,1.0333333333333332,0.04,-0.7,2.0,0.3,0.04,0.01,19041,-0.34024667845328205,-0.34024665858984443,1.986343761695153e-08,2.4508676699230847,2.450867720925185,5.100210032082941e-08,0.32851226002189593,0.3285122609582826,9.363866904088525e-10,-0.059783487891262865,-0.059783487813578305,7.768456017354097e-11,-0.07504464883539841,-0.07504479356881556,-1.447334171539305e-07
0.4261666666666667,1.0333333333333332,0.04,-0.7,2.0,0.3,0.04,0.01,19043,-0.34060794953050255,-0.34060793063228056,1.889822198730684e-08,2.382939112699489,2.3829390956614955,-1.703799368257819e-08,0.33160439628893146,0.33160439684899784,5.600663821603291e-10,-0.058292656334169024,-0.05829265623825118,9.591784311258067e-11,-0.08457330445105216,-0.0845734503365562,-1.458855040381568e-07
0.5591666666666667,1.0333333333333332,0.04,-0.7,2.0,0.3,0.04,0.01,19055,-0.3433069105049369,-0.3433068961215746,1.4383362278991285e-08,2.0712230874853077,2.071223177149719,8.966441145119575e-08,0.3418672298255432,0.3418672288551132,-9.704299586132947e-10,-0.05004645117684392,-0.05004645101355284,1.6329108204482523e-10,-0.1455919127998917,-0.14559206801903343,-1.552191417342197e-07
0.6921666666666667,1.0333333333333332,0.04,-0.7,2.0,0.3,0.04,0.01,19067,-0.34510517443131494,-0.34510516261071006,1.182060488380543e-08,1.8642923538259026,1.864292504553801,1.5072789838477263e-07,0.34315409700474975,0.34315409532500585,-1.6797438995297398e-09,-0.04345272331202077,-0.0434527231507365,1.6128427066108841e-10,-0.21086432551470358,-0.21086449073633692,-1.6522163334697915e-07
0.7586666666666667,1.0333333333333332,0.04,-0.7,2.0,0.3,0.04,0.01,19073,-0.3452927449743015,-0.34529273389223925,1.1082062267853132e-08,1.783181369230391,1.7831813873633595,1.8132968460093934e-08,0.3417484886170108,0.3417484868164496,-1.8005612001381621e-09,-0.04081879988460102,-0.04081879975064948,1.339515373621758e-10,-0.24414174223719165,-0.2441419121493945,-1.6991220286310948e-07
1.0468333333333333,1.0333333333333332,0.04,-0.7,2.0,0.3,0.04,0.01,19099,-0.3423284798359516,-0.3423284704022329,9.433718695106563e-09,1.521171888452244,1.5211718872961324,-1.1561116508573832e-09,0.3274575266745683,0.3274575254631001,-1.211468203532462e-09,-0.03263509561340916,-0.03263509555823368,5.5175482238656315e-11,-0.3872305457594538,-0.387230733104207,-1.8734475321080524e-07
1.3571666666666666,1.0333333333333332,0.04,-0.7,2.0,0.3,0.04,0.01,19127,-0.3385893803356521,-0.3385893725170363,7.818615810339935e-09,1.3325429593091798,1.332543044951049,8.564186915194227e-08,0.3067372028439652,0.3067372029149651,7.099987264780339e-11,-0.02706037664307326,-0.02706037660133446,4.173879991631324e-11,-0.5348668153187797,-0.5348670172438498,-2.019250701090769e-07
1.7783333333333333,1.0333333333333332,0.04,-0.7,2.0,0.3,0.04,0.01,19165,-0.3369808738737379,-0.3369808681131127,5.7606251990804935e-09,1.1696054513787857,1.1696053844895438,-6.688924192310708e-08,0.2788116505392235,0.2788116518651019,1.3258783515546213e-09,-0.022979232035813535,-0.022979232013377867,2.243566790682827e-11,-0.7296031286516125,-0.7296033502088306,-2.215572181274439e-07
1.7894166666666667,1.0333333333333332,0.04,-0.7,2.0,0.3,0.04,0.01,19166,-0.3369691697055477,-0.3369691639871573,5.7183903723334595e-09,1.1662868615314181,1.1662869006533936,3.912197543698426e-08,0.2781091723769169,0.27810917372773536,1.350818457090952e-09,-0.022911525298374702,-0.022911525274884263,2.3490438760820354e-11,-0.7347463962439904,-0.7347466183819349,-2.2213794448333601e-07
1.90025,1.0333333333333332,0.04,-0.7,2.0,0.3,0.04,0.01,19176,-0.336875766804301,-0.3368757614986648,5.3056361526415685e-09,1.1350074768934348,1.1350074763941733,-4.992615210142048e-10,0.27119934090241715,0.2711993424453047,1.5428875399514652e-09,-0.02231739420460732,-0.02231739418477711,1.9830210390425762e-11,-0.7863979578670577,-0.7863981860625492,-2.2819549150288054e-07
0.14908333333333335,1.0355555555555556,0.04,-0.7,2.0,0.3,0.04,0.01,19199,-0.32266658110069457,-0.32266654248151355,3.861918101977224e-08,3.7546653008924125,3.7546655501990576,2.493066451059178e-07,0.20851820690503953,0.20851821507934298,8.174303456343068e-09,-0.07283231295285297,-0.0728323048401936,8.11265937761263e-09,0.010667387093099556,0.010667221800246965,-1.65292852591023e-07
0.16016666666666668,1.0355555555555556,0.04,-0.7,2.0,0.3,0.04,0.01,19200,-0.32430174040670723,-0.324301703228985,3.7177722234105204e-08,3.6630307065355083,3.6630309690517393,2.625162309755069e-07,0.21919771542311395,0.21919772353375236,8.110638410885329e-09,-0.07149518666094146,-0.0714951804350921,6.2258493499500744e-09,0.008071190393532657,0.008071027200090276,-1.631934423811099e-07
0.24883333333333335,1.0355555555555556,0.04,-0.7,2.0,0.3,0.04,0.01,19208,-0.33143110800937237,-0.3314310786426476,2.9366724774160247e-08,3.0839231390800137,3.083923325798502,1.867184882264894e-07,0.28264654982290693,0.2826465553201579,5.497250987751556e-09,-0.0688185996139401,-0.06881860069589735,-1.0819572460185611e-09,-0.015231960562300806,-0.015232108398438533,-1.4783613772745285e-07
0.2931666666666667,1.0355555555555556,0.04,-0.7,2.0,0.3,0.04,0.01,19212,-0.3327283736972997,-0.332728347411013,2.6286286702870143e-08,2.8560786458076137,2.8560787830682948,1.3726068104347178e-07,0.3016435636044035,0.30164356738926534,3.7848618683611335e-09,-0.06700848728447006,-0.06700848807453309,-7.900630288881771e-10,-0.029872466432434575,-0.029872610845394564,-1.4441295998965376e-07
0.6921666666666667,1.0355555555555556,0.04,-0.7,2.0,0.3,0.04,0.01,19248,-0.34097988061254636,-0.3409798686672768,1.1945269551283388e-08,1.8484446306921143,1.84844462288774,-7.804374257958102e-09,0.34291185179780026,0.3429118500363234,-1.7614768532681069e-09,-0.0434350721725818,-0.04343507201104796,1.6153384185813024e-10,-0.20824617063736062,-0.20824633578483268,-1.6514747205875757e-07
0.9581666666666667,1.0355555555555556,0.04,-0.7,2.0,0.3,0.04,0.01,19272,-0.3400809999173915,-0.34008099002711073,9.890280761037928e-09,1.5772317063511565,1.5772318194339252,1.1308276870458656e-07,0.3326593176816717,0.3326593161020599,-1.5796117747157723e-09,-0.034780791331734395,-0.03478079126871521,6.301918709095133e-11,-0.3406586132922995,-0.34065879524132564,-1.8194902612345132e-07
1.10225,1.0355555555555556,0.04,-0.7,2.0,0.3,0.04,0.01,19285,-0.3382440914073692,-0.33824408223535873,9.172010484448379e-09,1.469573784884659,1.4695738057015397,2.0816880663687698e-08,0.32383084594050926,0.3238308449019028,-1.0386064785983251e-09,-0.0314725804981264,-0.03147258044740989,5.071651432153601e-11,-0.4108592818691248,-0.4108594713397091,-1.894705843330513e-07
1.1798333333333333,1.0355555555555556,0.04,-0.7,2.0,0.3,0.04,0.01,19292,-0.33729760640949236,-0.3372975976498102,8.759682146308734e-09,1.4194596220651334,1.4194596082567748,-1.3808358678701893e-08,0.31871577106878934,0.3187157703598102,-7.089791531633693e-10,-0.029951813768358537,-0.029951813724659018,4.3699519697293354e-11,-0.44798303643123205,-0.44798322956387676,-1.931326447102144e-07
1.50125,1.0355555555555556,0.04,-0.7,2.0,0.3,0.04,0.01,19321,-0.33487117879787975,-0.3348711717920426,7.005837132645354e-09,1.2579086938746542,1.257908764742138,7.086748388118735e-08,0.29696162602232956,0.2969616265863829,5.640533595752117e-10,-0.025294527822017354,-0.025294527790461943,3.1555411061923166e-11,-0.5978702315634354,-0.5978704386359245,-2.0707248904461295e-07
1.6675,1.0355555555555556,0.04,-0.7,2.0,0.3,0.04,0.01,19336,-0.3344772839691812,-0.33447727777197606,6.197205137947748e-09,1.1967276281055206,1.1967276209001558,-7.20536474929645e-09,0.28597446556227757,0.2859744666090592,1.0467816058401525e-09,-0.023754532837150233,-0.023754532811343525,2.5806707465436673e-11,-0.6743263497338559,-0.6743265643660376,-2.1463218169426312e-07
1.8448333333333333,1.0355555555555556,0.04,-0.7,2.0,0.3,0.04,0.01,19352,-0.3343705920610951,-0.3343705865918068,5.4692883000306836e-09,1.1429171165033836,1.1429170606685797,-5.583480389148576e-08,0.2746930582930851,0.27469305972208874,1.4290036376429782e-09,-0.02259746296695564,-0.022597462948509686,1.844595309830055e-11,-0.7562804740091078,-0.7562806976431521,-2.2363404428293876e-07
1.9556666666666667,1.0355555555555556,0.04,-0.7,2.0,0.3,0.04,0.01,19362,-0.33435200325337977,-0.3343519981640158,5.089363985799622e-09,1.113715863976239,1.1137158278918096,-3.6084429444471766e-08,0.2679117728132674,0.26791177441526126,1.6019938708922155e-09,-0.02207243675056425,-0.022072436732115206,1.844904437553474e-11,-0.8080155554360258,-0.8080157852724973,-2.2983647152141629e-07
0.37075,1.0377777777777777,0.04,-0.7,2.0,0.3,0.04,0.01,19400,-0.3285448635736987,-0.32854484146314533,2.2110553388188237e-08,2.5059777364333513,2.505977768739663,3.230631184791832e-08,0.3217600312929725,0.32176003270255027,1.4095777878253557e-09,-0.061971854969644635,-0.061971854988268925,-1.862428961052487e-11,-0.057720932169214034,-0.0577210768964258,-1.447272117635623e-07
0.5148333333333334,1.0377777777777777,0.04,-0.7,2.0,0.3,0.04,0.01,19413,-0.33289267508535003,-0.3328926590928476,1.5992502433448408e-08,2.11770121993915,2.117701242161854,2.222270412133298e-08,0.33893671958634686,0.33893671880438914,-7.819577207968109e-10,-0.0525256620048653,-0.05252566185905536,1.4580994051049956e-10,-0.1202306871608827,-0.12023083959378357,-1.524329008711911e-07
0.5480833333333334,1.0377777777777777,0.04,-0.7,2.0,0.3,0.04,0.01,19416,-0.33387675019813656,-0.3338767352091269,1.4989009644583717e-08,2.0526723876201913,2.0526724574275184,6.980732702999148e-08,0.3406929093793809,0.3406929082961266,-1.0832543195782307e-09,-0.050570188591392284,-0.05057018842752961,1.638626734301596e-10,-0.13573769433561367,-0.1357378491333385,-1.547977248328447e-07
0.70325,1.0377777777777777,0.04,-0.7,2.0,0.3,0.04,0.01,19430,-0.33701787415102435,-0.3370178622349844,1.1916039932557965e-08,1.8184986683156268,1.8184986905044815,2.218885475357979e-08,0.3424950316527342,0.3424950297834563,-1.869277899135824e-09,-0.04294976127888761,-0.04294976112007399,1.5881362197545101e-10,-0.21114039970598908,-0.21114056553106952,-1.658250804448258e-07
0.7365,1.0377777777777777,0.04,-0.7,2.0,0.3,0.04,0.01,19433,-0.33731091367172894,-0.3373109021525645,1.151916445563117e-08,1.7785533712455504,1.778553363242306,-8.003244289511713e-09,0.34187484852427064,0.34187484659882483,-1.9254458027972987e-09,-0.041634467810025555,-0.04163446766637545,1.4365010569949987e-10,-0.22764917020745568,-0.22764933826580175,-1.68058346072808e-07
0.83625,1.0377777777777777,0.04,-0.7,2.0,0.3,0.04,0.01,19442,-0.3374589612201162,-0.337458950567702,1.065241422848473e-08,1.672570398847384,1.672570389344891,-9.502492792634598e-09,0.3385838618510939,0.33858385993307205,-1.9180218524539328e-09,-0.03821362042022436,-0.038213620323248404,9.697595504398748e-11,-0.27730994383579066,-0.27731011823738105,-1.7440159039150416e-07
0.8473333333333334,1.0377777777777777,0.04,-0.7,2.0,0.3,0.04,0.01,19443,-0.3374182340667997,-0.3374182234889412,1.0577858533533657e-08,1.6618597664663781,1.661859841100855,7.463447682098945e-08,0.3381100305904772,0.33811002868476453,-1.90571264324646e-09,-0.03787378769881666,-0.03787378760733178,9.148488216981221e-11,-0.28282092246617596,-0.28282109754173546,-1.7507555949425324e-07
1.0468333333333333,1.0377777777777777,0.04,-0.7,2.0,0.3,0.04,0.01,19461,-0.3356236924839662,-0.3356236830195556,9.46441058857772e-09,1.4959698035887925,1.4959698345948147,3.100602219419102e-08,0.32724432890846034,0.32724432759430533,-1.3141550070372432e-09,-0.03269305861891558,-0.0326930585666156,5.229998378819545e-11,-0.380893295024165,-0.38089348107491244,-1.860507474193973e-07
1.335,1.0377777777777777,0.04,-0.7,2.0,0.3,0.04,0.01,19487,-0.332851931691136,-0.33285192382272794,7.868408091749046e-09,1.3226042983038866,1.3226043191507255,2.0846838921784183e-08,0.30816209835971,0.30816209826900687,-9.07031116881285e-11,-0.027409247689569316,-0.02740924765070651,3.8862805334938244e-11,-0.5174222968626352,-0.5174224958046347,-1.98941999540736e-07
1.43475,1.0377777777777777,0.04,-0.7,2.0,0.3,0.04,0.01,19496,-0.3323193310228456,-0.3323193237086138,7.314231831312412e-09,1.2763100687429585,1.2763100616568317,-7.086126796451708e-09,0.3014114253926947,0.30141142568670515,2.940104271154098e-10,-0.02607103294860469,-0.026071032911627032,3.6977657047465584e-11,-0.5635383286015094,-0.5635385316916642,-2.030901548044639e-07
0.04933333333333333,1.04,0.04,-0.7,2.0,0.3,0.04,0.01,19552,-0.25326911585743517,-0.2532690201720898,9.568534536930073e-08,4.81386759343394,4.81386792609471,3.326607700415707e-07,0.08371106485938196,0.08371107007790594,5.218523987937651e-09,-0.1302687703885752,-0.13026871755141026,5.283716494886015e-08,0.03237911149700512,0.03237894569396275,-1.6580304237207022e-07
0.10475000000000001,1.04,0.04,-0.7,2.0,0.3,0.04,0.01,19557,-0.2942013282500322,-0.2942012760926895,5.2157342722569666e-08,4.0777138499148435,4.0777142408254266,3.9091058301465864e-07,0.15792712279805166,0.15792713042655512,7.628503467804748e-09,-0.08414885793756044,-0.08414884194023756,1.5997322883043452e-08,0.0208742142929208,0.020874041952307562,-1.723406132386751e-07
0.271,1.04,0.04,-0.7,2.0,0.3,0.04,0.01,19572,-0.31916708283230566,-0.3191670539475544,2.8884751257507446e-08,2.8901214310650403,2.8901215146524675,8.358742720204759e-08,0.2915789048590911,0.2915789094046876,4.545596510308059e-09,-0.06788842389110483,-0.06788842500493043,-1.1138256011955505e-09,-0.019836103811732286,-0.019836251445593808,-1.4763386152125135e-07
0.34858333333333336,1.04,0.04,-0.7,2.0,0.3,0.04,0.01,19579,-0.3222455820714454,-0.32224555839820235,2.367324303254037e-08,2.5553218818696877,2.555321991411158,1.0954147011688065e-07,0.31641138631799404,0.3164113881881051,1.870111066004654e-09,-0.06342602657083418,-0.06342602673272241,-1.618882250475906e-10,-0.04736303598817937,-0.047363181055051023,-1.4506687165405374e-07
0.50375,1.04,0.04,-0.7,2.0,0.3,0.04,0.01,19593,-0.32781798249365,-0.3278179659744548,1.651919523393275e-08,2.1190683929805942,2.119068489795594,9.681499957281403e-08,0.3377396436890501,0.33773964291669734,-7.723527373215688e-10,-0.0531255145394538,-0.05312551439339139,1.4606241216519322e-10,-0.11301212801823057,-0.11301227999795713,-1.5197972655367487e-07
0.6035,1.04,0.04,-0.7,2.0,0.3,0.04,0.01,19602,-0.33098401244574527,-0.3309839987099085,1.373583674579848e-08,1.939654553639869,1.9396546328334172,7.919354816365853e-08,0.34201758158936,0.3420175800300768,-1.559283202556827e-09,-0.0475002128882962,-0.047500212708626185,1.7967001497698476e-10,-0.1598294662197297,-0.15982962512566826,-1.5890593854650525e-07
0.7365,1.04,0.04,-0.7,2.0,0.3,0.04,0.01,19614,-0.33337568417196595,-0.33337567256058687,1.1611379080456175e-08,1.7631323123712406,1.7631323709616005,5.859035989708161e-08,0.3416003594264305,0.34160035742722467,-1.999205856417774e-09,-0.04161646510292272,-0.04161646496169211,1.4123061053972208e-10,-0.22499366772732454,-0.22499383562870034,-1.679013758026926e-07
0.9803333333333334,1.04,0.04,-0.7,2.0,0.3,0.04,0.01,19636,-0.3329410262004062,-0.3329410163647328,9.835673442371018e-09,1.5331313996114204,1.5331313742308914,-2.5380529011798103e-08,0.33109247951690346,0.33109247790344937,-1.6134540925527574e-09,-0.03427346042278456,-0.03427346036329546,5.948910114517147e-11,-0.3454523392693032,-0.3454525213343874,-1.8206508423102008e-07
1.2574166666666666,1.04,0.04,-0.7,2.0,0.3,0.04,0.01,19661,-0.3304163286685369,-0.33041632039436747,8.274169405186882e-09,1.3519735941880384,1.3519735739421723,-2.0245866094725784e-08,0.3133354467593774,0.31333544630476473,-4.546126808335771e-10,-0.02863275725961678,-0.028632757216567693,4.30490885994228e-11,-0.47780821964382714,-0.4778084144129542,-1.9476912704874394e-07
1.3239166666666666,1.04,0.04,-0.7,2.0,0.3,0.04,0.01,19667,-0.32998617734925073,-0.32998616945607656,7.893174169826267e-09,1.3175797231035347,1.3175797593899448,3.628641009889577e-08,0.3088455554553504,0.30884555528130736,-1.7404305774348927e-10,-0.027586308261606796,-0.027586308221800887,3.980590856933475e-11,-0.5087663033923051,-0.508766500881841,-1.9748953594689311e-07
1.8559166666666667,1.04,0.04,-0.7,2.0,0.3,0.04,0.01,19715,-0.329334483401833,-0.3293344780281746,5.373658407137327e-09,1.1254595089216224,1.1254595134801777,4.55855531100724e-09,0.27411183693981656,0.27411183834175534,1.4019387872821198e-09,-0.02253696979565012,-0.022536969776934264,1.871585525448083e-11,-0.7529838805098166,-0.7529841017824248,-2.2127260823623374e-07
0.28208333333333335,1.0422222222222222,0.04,-0.7,2.0,0.3,0.04,0.01,19754,-0.3134426655110323,-0.3134426370031945,2.8507837757096866e-08,2.7986382433731194,2.7986383528019227,1.0942880335207406e-07,0.29535137928804467,0.29535138334829564,4.060250968773715e-09,-0.06729991330139962,-0.06729991432507754,-1.0236779202088542e-09,-0.022178559823116117,-0.022178707547915514,-1.4772479939653693e-07
0.5148333333333334,1.0422222222222222,0.04,-0.7,2.0,0.3,0.04,0.01,19775,-0.3235760474695759,-0.32357603118658396,1.6282991954774673e-08,2.0746529494353183,2.0746529957236084,4.628829008979096e-08,0.33797825625264677,0.33797825526942193,-9.832248348828898e-10,-0.05236978368516887,-0.05236978353252333,1.5264554203975322e-10,-0.11594473644238601,-0.11594488945651761,-1.5301413160140331e-07
1.0025,1.0422222222222222,0.04,-0.7,2.0,0.3,0.04,0.01,19819,-0.3293850824986899,-0.32938507277699075,9.721699167908326e-09,1.5030806044258327,1.5030806373778904,3.2952057749113806e-08,0.32962479192433225,0.3296247903377286,-1.5866036262579541e-09,-0.033757489876218294,-0.03375748982457795,5.164034477811441e-11,-0.35320527425192205,-0.35320545686824484,-1.826163227858224e-07
1.0135833333333333,1.0422222222222222,0.04,-0.7,2.0,0.3,0.04,0.01,19820,-0.3292993071449257,-0.3292992974886668,9.656258903589787e-09,1.4948081494825516,1.494808207707477,5.822492532558954e-08,0.32896757715783487,0.3289675756190667,-1.538768168440896e-09,-0.03349660277152111,-0.033496602718474856,5.3046254888666766e-11,-0.3585788829485459,-0.35857906610996854,-1.8316142263996582e-07
1.56775,1.0422222222222222,0.04,-0.7,2.0,0.3,0.04,0.01,19870,-0.3265380717457078,-0.3265380651979444,6.547763387043659e-09,1.2055289044798911,1.2055289053079599,8.2806872470087e-10,0.2924867004822085,0.2924867011617774,6.795689011518391e-10,-0.02462686730486663,-0.024626867272055757,3.2810872074851005e-11,-0.6169610758899324,-0.6169612821841411,-2.062942087155406e-07
1.734,1.0422222222222222,0.04,-0.7,2.0,0.3,0.04,0.01,19885,-0.3266569125143226,-0.32665690671371883,5.800603775085733e-09,1.151937278898174,1.151937262512012,-1.6386162204895527e-08,0.2817556664258536,0.28175566755359605,1.127742454976044e-09,-0.023266679566313897,-0.02326667953877579,2.753810721123351e-11,-0.6928048200244286,-0.692805033745339,-2.137209104136062e-07
1.7783333333333333,1.0422222222222222,0.04,-0.7,2.0,0.3,0.04,0.01,19889,-0.32671988705101906,-0.3267198814244973,5.6265217485140795e-09,1.1392346843663859,1.139234711587744,2.722135805655057e-08,0.27896258464665813,0.2789625858698779,1.2232197477146656e-09,-0.022977263668400028,-0.02297726364772705,2.0672977218971766e-11,-0.713110715366283,-0.7131109312350219,-2.1586873888423952e-07
1.90025,1.0422222222222222,0.04,-0.7,2.0,0.3,0.04,0.01,19900,-0.32691160288589316,-0.3269115976941516,5.191741536680894e-09,1.1070291572323754,1.107029153280036,-3.952339344692746e-09,0.27144749559365744,0.27144749704806403,1.4544065951582752e-09,-0.022313637853266233,-0.022313637835774027,1.7492205600655453e-11,-0.7692711521953277,-0.7692713743469792,-2.2215165151884264e-07
1.9113333333333333,1.0422222222222222,0.04,-0.7,2.0,0.3,0.04,0.01,19901,-0.32692877525664077,-0.32692877010344434,5.153196425133899e-09,1.1042755265755488,1.1042755488295288,2.225397999211509e-08,0.2707768946702549,0.27077689613961814,1.4693632421902691e-09,-0.02226197616639336,-0.022261976149549407,1.6843953315470728e-11,-0.7744040803245311,-0.7744043030780948,-2.2275356370560218e-07
1.96675,1.0422222222222222,0.04,-0.7,2.0,0.3,0.04,0.01,19906,-0.32701035987015015,-0.32701035489268954,4.977460610344764e-09,1.090885626275906,1.0908856998074892,7.353158326672826e-08,0.2674565812085805,0.2674565827613507,1.552770190205166e-09,-0.022023010839700152,-0.022023010825249423,1.4450728808013125e-11,-0.8001460784451409,-0.800146304269394,-2.258242531860688e-07
0.03825,1.0444444444444445,0.04,-0.7,2.0,0.3,0.04,0.01,19913,-0.21386839509779376,-0.2138682788802131,1.1621758067015264e-07,4.6530607644701405,4.653060880538523,1.1606838246080997e-07,0.06397525506435242,0.06397525926499689,4.20064447115287e-09,-0.13954390381487602,-0.1395438472973491,5.651752693625056e-08,0.030001202994678344,0.030001041122515882,-1.6187216246230096e-07
0.10475000000000001,1.0444444444444445,0.04,-0.7,2.0,0.3,0.04,0.01,19919,-0.2763934071645102,-0.27639335199775517,5.516675505301549e-08,3.934513720382782,3.9345140975000117,3.77117229888313e-07,0.15553100174731105,0.15553100932312677,7.575815724747414e-09,-0.08236537689831902,-0.08236536231214431,1.458617471250534e-08,0.020236482403124256,0.02023630850730303,-1.7389582122537273e-07
0.19341666666666668,1.0444444444444445,0.04,-0.7,2.0,0.3,0.04,0.01,19927,-0.2984238184811083,-0.2984237814907083,3.699040002080878e-08,3.2315513376346416,3.231551593519649,2.5588500740525433e-07,0.24372285627377588,0.2437228638660282,7.59225232682681e-09,-0.06870145636383995,-0.06870145486731591,1.4965240435760307e-09,0.002800671914382491,0.0028005110947767254,-1.6081960576555185e-07
0.31533333333333335,1.0444444444444445,0.04,-0.7,2.0,0.3,0.04,0.01,19938,-0.3092779401242529,-0.3092779136780809,2.644617203007016e-08,2.617547012473409,2.6175470046380176,-7.835391446775475e-09,0.30608403837117937,0.30608404112407195,2.7528925805597737e-09,-0.06539105442932014,-0.06539105499615692,-5.668367858424617e-10,-0.0321227002558766,-0.03212284723050551,-1.4697462890483903e-07
0.4926666666666667,1.0444444444444445,0.04,-0.7,2.0,0.3,0.04,0.01,19954,-0.3179968468292049,-0.3179968296434062,1.718579872855841e-08,2.097256446287332,2.097256477295323,3.1007990841658284e-08,0.3358379320708704,0.3358379312125625,-8.583079247337366e-10,-0.05362688954430039,-0.053626889397905345,1.4639504886115873e-10,-0.10387809712797402,-0.10387824906275826,-1.5193478423991547e-07
1.0579166666666666,1.0444444444444445,0.04,-0.7,2.0,0.3,0.04,0.01,20005,-0.3257021775932012,-0.3257021682035731,9.389628075062717e-09,1.4504103584833672,1.450410321268244,-3.721512320531417e-08,0.32609249677295615,0.32609249536531326,-1.407642891138039e-09,-0.03250760419876153,-0.03250760415061897,4.814255938345724e-11,-0.37687297963079347,-0.37687316424342365,-1.846126301829898e-07
1.069,1.0444444444444445,0.04,-0.7,2.0,0.3,0.04,0.01,20006,-0.32562673140779097,-0.325626722083721,9.324069960570114e-09,1.4428245265207806,1.442824608548106,8.202732537654356e-08,0.3254043824818531,0.3254043811141958,-1.3676573207277443e-09,-0.032265409298792846,-0.0322654092502937,4.849914914117903e-11,-0.3821842571996581,-0.38218444231163007,-1.8511197197312868e-07
1.0800833333333333,1.0444444444444445,0.04,-0.7,2.0,0.3,0.04,0.01,20007,-0.3255507532112789,-0.32555074395470684,9.256572064408886e-09,1.4353530364275002,1.4353530435489603,7.121460088299614e-09,0.32471063611760886,0.3247106348056316,-1.3119772490632897e-09,-0.03202670151247755,-0.032026701466733934,4.574361722742282e-11,-0.3874859188390811,-0.38748610444357645,-1.8560449532856182e-07
1.56775,1.0444444444444445,0.04,-0.7,2.0,0.3,0.04,0.01,20051,-0.3238687981679811,-0.3238687916599188,6.508062311283425e-09,1.1968264879147483,1.1968264873172796,-5.974687411480772e-10,0.2924505828222346,0.29245058346898384,6.467492652539875e-10,-0.024626285627660227,-0.02462628559828436,2.9375866322789435e-11,-0.6131685618382399,-0.6131687668930418,-2.050548019161269e-07
1.6231666666666666,1.0444444444444445,0.04,-0.7,2.0,0.3,0.04,0.01,20056,-0.32392197044761595,-0.3239219642009863,6.246629657979952e-09,1.1781524755782868,1.178152491473853,1.5895566196633126e-08,0.28884482319885274,0.28884482401339306,8.145403240789051e-10,-0.02411929366008536,-0.02411929362835064,3.1734722488740985e-11,-0.6383459333414443,-0.638346140725383,-2.0738393868846572e-07
1.9113333333333333,1.0444444444444445,0.04,-0.7,2.0,0.3,0.04,0.01,20082,-0.3244824509815447,-0.32448244585416813,5.127376578872855e-09,1.0974222586224158,1.0974222718809987,1.3258582898245663e-08,0.2708187667010975,0.2708187681461498,1.4450523000419935e-09,-0.022257948298354258,-0.022257948279093196,1.926106149574558e-11,-0.7701553384742432,-0.7701555597182426,-2.2124399934320138e-07
1.9556666666666667,1.0444444444444445,0.04,-0.7,2.0,0.3,0.04,0.01,20086,-0.3245721155481496,-0.32457211056252777,4.985621804287632e-09,1.0868495325944139,1.0868495781986462,4.560423239041711e-08,0.2681671311186018,0.2681671326340817,1.5154799082317538e-09,-0.022064552770706403,-0.022064552753634722,1.707168087450306e-11,-0.7906817319713877,-0.7906819556359997,-2.2366461205347576e-07
2.0,1.0444444444444445,0.04,-0.7,2.0,0.3,0.04,0.01,20090,-0.3246548557694906,-0.3246548509170814,4.852409196676177e-09,1.0766443070409082,1.076644327823194,2.0782285892195773e-08,0.26555062673516705,0.26555062831309106,1.5779240136737371e-09,-0.021890828881543367,-0.021890828869073183,1.2470184607149548e-11,-0.8112947166030726,-0.8112949427689062,-2.2616583361667608e-07
0.76975,1.0466666666666666,0.04,-0.7,2.0,0.3,0.04,0.01,20160,-0.3222653169393519,-0.3222653054713946,1.1467957305999477e-08,1.680640782097953,1.680640754717127,-2.738082605091563e-08,0.3398151410491379,0.33981513882764075,-2.221497152898877e-09,-0.04034413702558304,-0.040344136900687055,1.24895982445139e-10,-0.23347731376910374,-0.23347748311488425,-1.6934578050964433e-07
0.8695,1.0466666666666666,0.04,-0.7,2.0,0.3,0.04,0.01,20169,-0.32297168776312946,-0.3229716771553438,1.0607785649874302e-08,1.5848057477452215,1.5848057372673383,-1.0477883227721918e-08,0.3361603607549002,0.33616035865725036,-2.0976498316116476e-09,-0.03722866123462287,-0.03722866115655571,7.806716384450851e-11,-0.28244740975236216,-0.2824475845965184,-1.7484415626434213e-07
1.0246666666666666,1.0466666666666666,0.04,-0.7,2.0,0.3,0.04,0.01,20183,-0.322660897951188,-0.32266088837081497,9.580373050432911e-09,1.4610898269040717,1.461089811100086,-1.5803985675688637e-08,0.327915227653075,0.3279152260611262,-1.591948795010012e-09,-0.033268009256570696,-0.033268009207676745,4.889395138762964e-11,-0.3578428623562946,-0.35784304481571405,-1.8245941946215538e-07
1.1244166666666666,1.0466666666666666,0.04,-0.7,2.0,0.3,0.04,0.01,20192,-0.32213493798005643,-0.32213492901762014,8.962436293113996e-09,1.3945995913644538,1.3945996816025126,9.023805880303826e-08,0.3217178302564183,0.3217178290909965,-1.165421814608436e-09,-0.031119509676935664,-0.031119509632535826,4.439983797288605e-11,-0.4054202946845997,-0.4054204814670358,-1.8678243607350709e-07
1.1576666666666666,1.0466666666666666,0.04,-0.7,2.0,0.3,0.04,0.01,20195,-0.3219600647166865,-0.32196005595332894,8.763357539631755e-09,1.3743994331516518,1.3743994904830605,5.733140873154241e-08,0.31956935988314283,0.31956935886417936,-1.018963469157086e-09,-0.0304635412406995,-0.030463541197333705,4.3365793594984936e-11,-0.4211076541890679,-0.4211078423258411,-1.8813677316042998e-07
1.5788333333333333,1.0466666666666666,0.04,-0.7,2.0,0.3,0.04,0.01,20233,-0.3212351936890401,-0.32123518727611255,6.4129275223479e-09,1.1844145719752674,1.1844146064951153,3.451984786906337e-08,0.2916817285644746,0.2916817292153594,6.508847905095649e-10,-0.02451777420447998,-0.024517774171836513,3.264346778997229e-11,-0.6144160731658133,-0.6144162774373303,-2.0427151703472646e-07
1.6564166666666666,1.0466666666666666,0.04,-0.7,2.0,0.3,0.04,0.01,20240,-0.32138261735842333,-0.3213826112983215,6.060101809257645e-09,1.159420154328572,1.1594200953894813,-5.893909071907899e-08,0.28667531870057994,0.28667531957689624,8.76316297304669e-10,-0.023837152755001867,-0.023837152724343436,3.0658430655305935e-11,-0.6495676005682793,-0.6495678080861808,-2.0751790141826376e-07
1.8891666666666667,1.0466666666666666,0.04,-0.7,2.0,0.3,0.04,0.01,20261,-0.32199261648935273,-0.3219926113194699,5.16988285514941e-09,1.0959443574876104,1.0959444375456178,8.005800733457136e-08,0.272185868878394,0.27218587026382723,1.3854332125973201e-09,-0.02235719294418903,-0.022357192927555992,1.6633038696367564e-11,-0.7557217246326187,-0.7557219432106382,-2.1857801957292367e-07
1.9224166666666667,1.0466666666666666,0.04,-0.7,2.0,0.3,0.04,0.01,20264,-0.32208016467166756,-0.32208015960464265,5.067024910765383e-09,1.0879723733037139,1.0879723556249947,-1.7678719155256317e-08,0.27018805730166795,0.27018805874561364,1.4439456852421984e-09,-0.02220250756218567,-0.022202507546137427,1.604824259593407e-11,-0.7710349217168733,-0.7710351420514221,-2.2033454882830483e-07
0.16016666666666668,1.048888888888889,0.04,-0.7,2.0,0.3,0.04,0.01,20286,-0.2775568468432743,-0.2775568039718472,4.287142713055303e-08,3.3411090671897625,3.3411091715567434,1.0436698083537976e-07,0.21256789993262526,0.21256790821604749,8.283422225918713e-09,-0.06899180099828595,-0.06899179550763912,5.4906468260895736e-09,0.010243195170955843,0.010243025876188598,-1.6929476724485137e-07
0.44833333333333336,1.048888888888889,0.04,-0.7,2.0,0.3,0.04,0.01,20312,-0.30626438007358425,-0.30626436085002473,1.9223559521996947e-08,2.145944394404964,2.145944325802493,-6.860247081519333e-08,0.3302494349216589,0.3302494344134067,-5.082522180899218e-10,-0.05621626025631432,-0.05621626012705421,1.292601095603807e-10,-0.08076323317202094,-0.08076338353825609,-1.503662351437507e-07
0.48158333333333336,1.048888888888889,0.04,-0.7,2.0,0.3,0.04,0.01,20315,-0.3081659033182804,-0.308165885495112,1.7823168441122306e-08,2.0734774230923847,2.0734774527747644,2.968237966527454e-08,0.33364033413085803,0.33364033320274344,-9.281145851858241e-10,-0.05409096491187926,-0.05409096476598194,1.4589731506253756e-10,-0.09501505123049592,-0.09501520325430939,-1.5202381346834937e-07
0.5259166666666667,1.048888888888889,0.04,-0.7,2.0,0.3,0.04,0.01,20319,-0.31053545185955045,-0.31053543562142394,1.623812651008194e-08,1.9887859803446872,1.9887859314520193,-4.8892667914302024e-08,0.3369557299540138,0.33695572858074047,-1.3732733283866594e-09,-0.05141092861510321,-0.0514109284495031,1.6560011001365282e-10,-0.1146829832016083,-0.114683137747408,-1.545457996993127e-07
0.7919166666666667,1.048888888888889,0.04,-0.7,2.0,0.3,0.04,0.01,20343,-0.31884580647206784,-0.31884579517825373,1.1293814106139166e-08,1.6429869409417819,1.642986920241864,-2.0699917779865018e-08,0.3388109569285591,0.33881095465581706,-2.2727420501134077e-09,-0.039575146884018864,-0.039575146777931954,1.0608691008995308e-10,-0.2417034856858069,-0.24170365603325691,-1.7034745000699125e-07
1.1244166666666666,1.048888888888889,0.04,-0.7,2.0,0.3,0.04,0.01,20373,-0.3190490963916881,-0.3190490874541822,8.93750590202913e-09,1.3826646716452728,1.3826646684711406,-3.174132290340026e-09,0.32153128143252996,0.3215312802236316,-1.2088983702973621e-09,-0.03112990452164288,-0.03112990447717436,4.446852261419387e-11,-0.4022658349631114,-0.4022660209902439,-1.8602713247606317e-07
1.43475,1.048888888888889,0.04,-0.7,2.0,0.3,0.04,0.01,20401,-0.318406509828284,-0.3184065027290165,7.099267507193474e-09,1.2282414973974198,1.228241575571147,7.817372726925953e-08,0.3010671198405701,0.3010671199610743,1.2050421771547803e-10,-0.026091552644269544,-0.026091552609353412,3.491613248529646e-11,-0.5454737140828114,-0.5454739116338192,-1.9755100777452128e-07
1.5899166666666666,1.048888888888889,0.04,-0.7,2.0,0.3,0.04,0.01,20415,-0.3186385057821206,-0.3186384994632694,6.318851220044053e-09,1.1722488924004182,1.1722488011320622,-9.126835598394223e-08,0.29090897880307276,0.29090897946093797,6.578652067545931e-10,-0.024409390450563784,-0.02440939041916151,3.1402273142910886e-11,-0.615653077626066,-0.6156532811000056,-2.034739395861962e-07
1.70075,1.048888888888889,0.04,-0.7,2.0,0.3,0.04,0.01,20425,-0.31894859115033647,-0.31894858532044124,5.8298952332336285e-09,1.138311622739252,1.138311648810843,2.607159088618971e-08,0.2838266449492477,0.28382664591409845,9.64850754847646e-10,-0.023488295430029726,-0.023488295402351266,2.767846021822784e-11,-0.6657492634939977,-0.6657494716170946,-2.0812309697859632e-07
1.9113333333333333,1.048888888888889,0.04,-0.7,2.0,0.3,0.04,0.01,20444,-0.31963529224798837,-0.3196352871751379,5.072850473020196e-09,1.0838228203802203,1.083822760187421,-6.019279918945131e-08,0.27087628583832846,0.2708762872399379,1.4016094396218648e-09,-0.022246314999585515,-0.02224631498163741,1.7948104807929965e-11,-0.7617143244018076,-0.761714542653613,-2.1825180540613331e-07
2.0,1.048888888888889,0.04,-0.7,2.0,0.3,0.04,0.01,20452,-0.3198984469848787,-0.31989844217693064,4.8079480396978624e-09,1.0637599245910678,1.0637599662322035,4.164113565074956e-08,0.2656450901766805,0.26564509171040596,1.5337254799518973e-09,-0.021880738992618998,-0.021880738977694155,1.4924842611785394e-11,-0.8026280696979415,-0.8026282927589538,-2.230610122166965e-07
0.23775000000000002,1.051111111111111,0.04,-0.7,2.0,0.3,0.04,0.01,20474,-0.2843032065052986,-0.2843031726972206,3.380807800379415e-08,2.8453854050702887,2.8453854994180925,9.434780379180552e-08,0.2701281393702182,0.2701281453177101,5.947491943381067e-09,-0.06767749019170877,-0.06767749137742012,-1.185711348550278e-09,-0.005100111690747866,-0.005100268017518578,-1.5632677071233947e-07
0.2931666666666667,1.051111111111111,0.04,-0.7,2.0,0.3,0.04,0.01,20479,-0.290285571588611,-0.2902855427029827,2.88856283336969e-08,2.596812243016444,2.59681235434955,1.1133310584554579e-07,0.2958799076888119,0.2958799111468235,3.458011599288824e-09,-0.06612482537055042,-0.06612482635382935,-9.832789304997647e-10,-0.02079910425667464,-0.02079925482705872,-1.5057038408108903e-07
0.4261666666666667,1.051111111111111,0.04,-0.7,2.0,0.3,0.04,0.01,20491,-0.3000941188091577,-0.3000940984387137,2.0370443998274368e-08,2.172245983089738,2.1722459996516768,1.656193893140312e-08,0.3266994259520928,0.32669942569081467,-2.6127811025844494e-10,-0.057542636043295126,-0.05754263593026906,1.1302606767182866e-10,-0.069764541668349,-0.06976469161235016,-1.4994400115986295e-07
0.4594166666666667,1.051111111111111,0.04,-0.7,2.0,0.3,0.04,0.01,20494,-0.30222297583898383,-0.3022229570111799,1.882780392703509e-08,2.0957849733438394,2.0957849831172912,9.77345182562317e-09,0.33074816024492026,0.33074815949367065,-7.512496180694939e-10,-0.05536402393202522,-0.0553640237909354,1.410898203824118e-10,-0.08359141090624744,-0.08359156222337925,-1.5131713181071316e-07
0.83625,1.051111111111111,0.04,-0.7,2.0,0.3,0.04,0.01,20528,-0.31573238972321116,-0.31573237880401755,1.0919193604852495e-08,1.5860640967257922,1.586064060070438,-3.6655354085368685e-08,0.3369072796799433,0.33690727740705034,-2.2728929294224542e-09,-0.03817183178822514,-0.038171831702475435,8.574970594699138e-11,-0.2606919934733387,-0.2606921658621258,-1.723887870785923e-07
0.8916666666666667,1.051111111111111,0.04,-0.7,2.0,0.3,0.04,0.01,20533,-0.3161104315016483,-0.31611042102720033,1.0474447975639123e-08,1.5375109574389256,1.5375109546338117,-2.8051139189244623e-09,0.3345459782741478,0.334545976125174,-2.1489737767055317e-09,-0.03659552009066536,-0.036595520021979355,6.868600133103087e-11,-0.28767614381752793,-0.2876763189622578,-1.7514472988588992e-07
0.9581666666666667,1.051111111111111,0.04,-0.7,2.0,0.3,0.04,0.01,20539,-0.31626909048315666,-0.3162690804917285,9.991428129296764e-09,1.4841466555726157,1.4841466142642903,-4.130832542692531e-08,0.33120195339630953,0.3312019514554786,-1.9408309404056467e-09,-0.0348670265259976,-0.034867026473198635,5.279896658771932e-11,-0.31988790678921797,-0.31988808506815203,-1.7827893405986117e-07
0.9914166666666667,1.051111111111111,0.04,-0.7,2.0,0.3,0.04,0.01,20542,-0.31626497432074574,-0.31626496455096614,9.769779596435768e-09,1.459295012606887,1.4592949789672938,-3.36395933331346e-08,0.3293684817221032,0.329368479903425,-1.818678208032054e-09,-0.034058219732790995,-0.03405821968133143,5.1459565775235916e-11,-0.3358967783806399,-0.3358969581556138,-1.797749739074206e-07
1.1798333333333333,1.051111111111111,0.04,-0.7,2.0,0.3,0.04,0.01,20559,-0.31584911834248164,-0.31584910978921904,8.553262598187672e-09,1.338533539563258,1.3385335198395567,-1.9723701338847377e-08,0.3177689165209663,0.3177689155183495,-1.00261676738711e-09,-0.03005854171012068,-0.0300585416691609,4.095977723661548e-11,-0.42508169871863233,-0.42508188609940767,-1.8738077534052877e-07
1.3904166666666666,1.051111111111111,0.04,-0.7,2.0,0.3,0.04,0.01,20578,-0.31564400752942534,-0.31564400023282474,7.296600601502945e-09,1.2366949186937148,1.236694911777544,-6.91617074721762e-09,0.3038867753027419,0.3038867752147096,-8.8032303668939e-11,-0.026667107824451808,-0.026667107783246217,4.1205591022608345e-11,-0.5218317519051219,-0.5218319467854393,-1.9488031743897238e-07
1.4236666666666666,1.051111111111111,0.04,-0.7,2.0,0.3,0.04,0.01,20581,-0.3156739262916153,-0.3156739191767404,7.114874855940201e-09,1.2231788470984384,1.2231787891275285,-5.797090985026898e-08,0.3016909798328471,0.30169097987786253,4.5015435823358985e-11,-0.026229770544450304,-0.026229770505011105,3.9439198434854106e-11,-0.5369049873946152,-0.5369051834480699,-1.960534546929793e-07
1.5234166666666666,1.051111111111111,0.04,-0.7,2.0,0.3,0.04,0.01,20590,-0.3158568575778453,-0.3158568509794835,6.598361801390951e-09,1.1860668114316297,1.1860667739120716,-3.751955812703045e-08,0.29515093659809866,0.2951509370031344,4.0503572718009195e-10,-0.025065226991471956,-0.0250652269573214,3.415055738198447e-11,-0.5819422363123605,-0.5819424359951086,-1.9968274811432707e-07
1.8226666666666667,1.051111111111111,0.04,-0.7,2.0,0.3,0.04,0.01,20617,-0.316898332022586,-0.31689832668354556,5.339040431984188e-09,1.098290597356666,1.0982906463921354,4.9035469462666015e-08,0.2762376508383402,0.2762376520510305,1.2126903370379694e-09,-0.022690242042766595,-0.02269024202015723,2.260936576847783e-11,-0.7170534912395721,-0.7170537035775849,-2.123380128393748e-07
1.9556666666666667,1.051111111111111,0.04,-0.7,2.0,0.3,0.04,0.01,20629,-0.3173926113939074,-0.31739260648139844,4.912508955179362e-09,1.0670506978005534,1.0670507714694701,7.366891674465137e-08,0.2682689661928639,0.2682689676430146,1.4501507217268284e-09,-0.022046422442079106,-0.022046422423508554,1.857055134668606e-11,-0.7778778696329591,-0.7778780887319651,-2.1909900593808374e-07
0.14908333333333335,1.0533333333333332,0.04,-0.7,2.0,0.3,0.04,0.01,20647,-0.25986147163231665,-0.25986142528762957,4.634468708797357e-08,3.2971590402386397,3.297159269241474,2.290028344731354e-07,0.1988968497984578,0.19889685812931507,8.33085728180194e-09,-0.06874322347555362,-0.06874321674914509,6.726408527391037e-09,0.012523704970013316,0.012523531838815894,-1.7313119742186356e-07
0.3264166666666667,1.0533333333333332,0.04,-0.7,2.0,0.3,0.04,0.01,20663,-0.2876199744833441,-0.2876199479741707,2.6509173411959353e-08,2.4342524329590276,2.4342525747490504,1.4179002283398745e-07,0.305690039868467,0.3056900419970905,2.128623499686455e-09,-0.06407821660697754,-0.06407821710007439,-4.9309684113652e-10,-0.030475173971589165,-0.030475323819624686,-1.4984803552164916e-07
0.3929166666666667,1.0533333333333332,0.04,-0.7,2.0,0.3,0.04,0.01,20669,-0.29288681790529125,-0.29288679568229997,2.22229912805183e-08,2.2292901857845493,2.2292902040772953,1.829274598463826e-08,0.3206882330439309,0.32068823332239493,2.78464029612735e-10,-0.05963674832049071,-0.059636748275413,4.507770545725265e-11,-0.054846048178347484,-0.05484619777407112,-1.4959572363498763e-07
0.5813333333333334,1.0533333333333332,0.04,-0.7,2.0,0.3,0.04,0.01,20686,-0.3048024225529855,-0.30480240778091555,1.4772069956148215e-08,1.8587024974703326,1.8587024722087655,-2.5261567060397283e-08,0.3383514065674609,0.3383514046255931,-1.941867777688344e-09,-0.04813252994423367,-0.048132529758189754,1.8604391638366025e-10,-0.13576634242673524,-0.13576650064519766,-1.5821846241492743e-07
0.8695,1.0533333333333332,0.04,-0.7,2.0,0.3,0.04,0.01,20712,-0.31254803030400513,-0.31254801965254125,1.0651463877575651e-08,1.5422634724870932,1.5422634802193371,7.732243956226625e-09,0.3352008251045202,0.33520082284495123,-2.259568976370474e-09,-0.03719327703655129,-0.037193276959524194,7.702709303725186e-11,-0.2741508915632407,-0.27415106523146837,-1.736682276876067e-07
1.0800833333333333,1.0533333333333332,0.04,-0.7,2.0,0.3,0.04,0.01,20731,-0.3130108140564358,-0.3130108049077423,9.14869352497405e-09,1.3862290315636017,1.3862290631753937,3.161179207289422e-08,0.32386765187464306,0.32386765037990584,-1.4947372228846234e-09,-0.03206176722447829,-0.03206176718114339,4.333489816987779e-11,-0.37515254627917827,-0.37515272909829156,-1.8281911329243172e-07
1.43475,1.0533333333333332,0.04,-0.7,2.0,0.3,0.04,0.01,20763,-0.3129895409506589,-0.31298953394367773,7.006981161961079e-09,1.2094359014280798,1.2094358604890723,-4.09390075173377e-08,0.3008415749158888,0.30084157496725195,5.136313596665332e-11,-0.02608573122064861,-0.026085731179814397,4.0834214481977327e-11,-0.538388554753022,-0.5383887501063315,-1.9535330941788942e-07
1.8226666666666667,1.0533333333333332,0.04,-0.7,2.0,0.3,0.04,0.01,20798,-0.3144655812450936,-0.3144655759340085,5.311085127246429e-09,1.0911916425992985,1.0911916678967843,2.5297485883868376e-08,0.2762239705306202,0.2762239717210944,1.1904742192037077e-09,-0.022681010233838172,-0.022681010211247975,2.2590197074068286e-11,-0.7129960980514771,-0.712996308960204,-2.1090872692752782e-07
0.23775000000000002,1.0555555555555556,0.04,-0.7,2.0,0.3,0.04,0.01,20836,-0.27185852569500124,-0.27185849137086315,3.4324138087349354e-08,2.7544918568267462,2.754491894622289,3.779554269556229e-08,0.2676521969940948,0.2676522029649813,5.970886507444817e-09,-0.0670504816310813,-0.06705048289631597,-1.2652346809138848e-09,-0.003345434973212047,-0.003345593319657252,-1.5834644520509172e-07
0.31533333333333335,1.0555555555555556,0.04,-0.7,2.0,0.3,0.04,0.01,20843,-0.281189104812396,-0.2811890773585005,2.7453895490303637e-08,2.437324714277267,2.4373247042654738,-1.0011793172282069e-08,0.3013159996886894,0.3013160021739774,2.485288030928956e-09,-0.06453449359067331,-0.06453449426569428,-6.750209696759768e-10,-0.02544328512432692,-0.02544343619072931,-1.5106640239084812e-07
0.44833333333333336,1.0555555555555556,0.04,-0.7,2.0,0.3,0.04,0.01,20855,-0.292215617382352,-0.2922155979279246,1.9454427402365582e-08,2.068531801402429,2.0685317504684417,-5.093398725009024e-08,0.3278955261498684,0.3278955253713009,-7.785674882576643e-10,-0.05577630777742204,-0.055776307638713364,1.387086764892409e-10,-0.07532787627467785,-0.07532802801091908,-1.5173624122455376e-07
0.6810833333333334,1.0555555555555556,0.04,-0.7,2.0,0.3,0.04,0.01,20876,-0.30509773651155037,-0.305097723723314,1.2788236358751703e-08,1.712773833872916,1.7127737845529851,-4.931993080603547e-08,0.3393758455982887,0.33937584320377273,-2.3945159743909983e-09,-0.04344438991582544,-0.04344438975167477,1.6415067222164126e-10,-0.18046401382920685,-0.1804641776660488,-1.6383684195431236e-07
1.4790833333333333,1.0555555555555556,0.04,-0.7,2.0,0.3,0.04,0.01,20948,-0.3104576978638085,-0.3104576911394778,6.724330703367087e-09,1.183897607726081,1.1838975792456645,-2.848041646963395e-08,0.29782391850557977,0.2978239186882314,1.8265161605413027e-10,-0.025544150422385226,-0.025544150385882862,3.650236363172965e-11,-0.5547858965970764,-0.5547860923623814,-1.9576530496667743e-07
1.5455833333333333,1.0555555555555556,0.04,-0.7,2.0,0.3,0.04,0.01,20954,-0.3107146801922811,-0.3107146737932474,6.3990336918173796e-09,1.161272777938649,1.1612727230819708,-5.485667808891037e-08,0.2935257440350725,0.2935257444518764,4.168039247076649e-10,-0.024819621048111085,-0.024819621013703375,3.440770932061632e-11,-0.58458006582357,-0.5845802639348179,-1.981112478510738e-07
1.9889166666666667,1.0555555555555556,0.04,-0.7,2.0,0.3,0.04,0.01,20994,-0.3128237919733379,-0.3128237872004706,4.772867268076908e-09,1.0469694389225737,1.0469694016208788,-3.730169484406076e-08,0.26636493130532957,0.26636493275962575,1.4542961834784762e-09,-0.021898566760492066,-0.021898566747791334,1.2700732826553818e-11,-0.7846756330784355,-0.7846758509253231,-2.178468876401496e-07
0.3929166666666667,1.0577777777777777,0.04,-0.7,2.0,0.3,0.04,0.01,21031,-0.28311085497112476,-0.28311083262536985,2.2345754913111193e-08,2.1698395191727116,2.1698395043240586,-1.4848652973853405e-08,0.31881721293564036,0.31881721305165583,1.1601547500461606e-10,-0.0592806126978318,-0.05928061266023598,3.759582228868297e-11,-0.05166553270874452,-0.05166568351346521,-1.508047206902341e-07
0.537,1.0577777777777777,0.04,-0.7,2.0,0.3,0.04,0.01,21044,-0.2939647083330388,-0.29396469222796734,1.610507144311768e-08,1.8840139170972492,1.8840140012572957,8.41600464873693e-08,0.33487372906648716,0.3348737272620838,-1.8044033489594824e-09,-0.05026513089340101,-0.050265130713807726,1.7959328468819535e-10,-0.11148787217668543,-0.11148802836664135,-1.5618995591326623e-07
0.8140833333333334,1.0577777777777777,0.04,-0.7,2.0,0.3,0.04,0.01,21069,-0.3049368215424231,-0.3049368103942689,1.1148154177575975e-08,1.562077467376355,1.5620774659271706,-1.4491843280950434e-09,0.3365040349997961,0.3365040325294509,-2.4703452061736186e-09,-0.0387459502246279,-0.03874595013409832,9.052958382937959e-11,-0.24199472142300005,-0.2419948917600379,-1.7033703786362153e-07
0.8473333333333334,1.0577777777777777,0.04,-0.7,2.0,0.3,0.04,0.01,21072,-0.305467655727365,-0.3054676448923283,1.0835036701184464e-08,1.532690174776974,1.5326902760247392,1.0124776528286361e-07,0.3353314455467604,0.33533144313730423,-2.4094561901222278e-09,-0.03777020635947759,-0.03777020628376872,7.570886972896318e-11,-0.25804312466654045,-0.25804329654427366,-1.7187773321269972e-07
0.90275,1.0577777777777777,0.04,-0.7,2.0,0.3,0.04,0.01,21077,-0.30610620207538464,-0.3061061917100273,1.0365357350217153e-08,1.48673133804067,1.4867313421767874,4.136117448538812e-09,0.3329920449529622,0.3329920426842555,-2.2687067224858026e-09,-0.03625311929600361,-0.03625311923842738,5.7576228507105753e-11,-0.28474326744631906,-0.28474344179349154,-1.7434717247688525e-07
1.4458333333333333,1.0577777777777777,0.04,-0.7,2.0,0.3,0.04,0.01,21126,-0.30769894627219463,-0.307698939421899,6.8502956085403355e-09,1.186810633102553,1.1868105833390477,-4.976350531649132e-08,0.2998483955882203,0.2998483956134057,2.5185409313621676e-11,-0.025933989744597596,-0.025933989706607524,3.7990072893068216e-11,-0.536350202101632,-0.5363503956280431,-1.9352641111858304e-07
1.50125,1.0577777777777777,0.04,-0.7,2.0,0.3,0.04,0.01,21131,-0.30793470100182185,-0.30793469443132426,6.570497590452362e-09,1.1673460476036013,1.1673459781443818,-6.945921948720013e-08,0.29626452220016253,0.2962645224304813,2.303187640606552e-10,-0.02528312669780597,-0.025283126660552328,3.725364114415264e-11,-0.5611407531427859,-0.5611409485234586,-1.9538067275171045e-07
1.601,1.0577777777777777,0.04,-0.7,2.0,0.3,0.04,0.01,21140,-0.30842473950271065,-0.30842473339822457,6.104486083291505e-09,1.1356612261703702,1.1356612427972892,1.66269189527668e-08,0.2898875440937587,0.2898875446575095,5.637507682898502e-10,-0.02427305407254332,-0.024273054042000454,3.054286684678331e-11,-0.6056608995261281,-0.6056610984498509,-1.9892372282726e-07
0.04933333333333333,1.06,0.04,-0.7,2.0,0.3,0.04,0.01,21181,-0.16884598620869884,-0.16884588667783124,9.953086760328134e-08,3.620902844225782,3.620902676651035,-1.6757474696760255e-07,0.07218865980485045,0.0721886639060855,4.101235046016782e-09,-0.10090023943976067,-0.10090022284158581,1.659817486232562e-08,0.01973344994105064,0.019733279926592115,-1.7001445852538044e-07
0.23775000000000002,1.06,0.04,-0.7,2.0,0.3,0.04,0.01,21198,-0.2598204506823465,-0.2598204160526506,3.462969588863274e-08,2.662506454198521,2.6625065437530204,8.955449937175786e-08,0.26493895181750604,0.2649389578133852,5.995879182041364e-09,-0.0663317625013149,-0.06633176384772231,-1.346407416114026e-09,-0.0016713330089346279,-0.00167149336540349,-1.6035646886215782e-07
0.31533333333333335,1.06,0.04,-0.7,2.0,0.3,0.04,0.01,21205,-0.2705195660282489,-0.2705195384457262,2.7582522710289936e-08,2.363910206470976,2.363910213912842,7.4418657902697305e-09,0.2990404805272573,0.2990404829303193,2.403062027145353e-09,-0.06406579419887537,-0.06406579492075752,-7.218821512777751e-10,-0.022932926257157593,-0.02293307895816346,-1.5270100586772806e-07
0.3596666666666667,1.06,0.04,-0.7,2.0,0.3,0.04,0.01,21209,-0.2751723587265942,-0.2751723343116628,2.441493135441064e-08,2.2277338695975146,2.227733936142902,6.654538742267846e-08,0.31104761619493715,0.31104761708021594,8.852787947155605e-10,-0.061315365293690416,-0.06131536545716254,-1.6347212472567207e-10,-0.03792655448531246,-0.037926705893807644,-1.5140849518591182e-07
0.44833333333333336,1.06,0.04,-0.7,2.0,0.3,0.04,0.01,21217,-0.28313756896908293,-0.2831375494572769,1.951180600423541e-08,2.0165650094217114,2.016565034639495,2.5217783861108956e-08,0.3261245587141137,0.3261245577655119,-9.486018082149883e-10,-0.055429915887528214,-0.05542991575163205,1.358961623787458e-10,-0.07182772362140932,-0.07182787627834611,-1.526569367860109e-07
0.936,1.06,0.04,-0.7,2.0,0.3,0.04,0.01,21261,-0.3031392609254002,-0.3031392508504799,1.0074920342439952e-08,1.4473973575235277,1.4473973370642825,-2.045924518689901e-08,0.3310319272023521,0.33103192499882,-2.203532079025905e-09,-0.035380265381024234,-0.0353802653317332,4.9291036530174637e-11,-0.297929289718446,-0.29792946498988154,-1.752714355318652e-07
0.9692500000000001,1.06,0.04,-0.7,2.0,0.3,0.04,0.01,21264,-0.3033895118143004,-0.3033895019911142,9.823186208901546e-09,1.4230545075655243,1.4230545399757393,3.241021495625773e-08,0.32933768252474405,0.32933768044112355,-2.083620498360972e-09,-0.034563619378535915,-0.034563619332442605,4.6093309724604126e-11,-0.3137867185307175,-0.31378689513306585,-1.7660234835625843e-07
0.9914166666666667,1.06,0.04,-0.7,2.0,0.3,0.04,0.01,21266,-0.3035242753726686,-0.3035242657143386,9.658329969131074e-09,1.407460031854768,1.4074600228837806,-8.970987508405415e-09,0.3281511104802348,0.32815110848217904,-1.9980557763865647e-09,-0.034036477639942664,-0.034036477594807074,4.513558971019904e-11,-0.32432200665788447,-0.32432218412451436,-1.7746662989148732e-07
1.4790833333333333,1.06,0.04,-0.7,2.0,0.3,0.04,0.01,21310,-0.30523561330292326,-0.3052356066708599,6.632063342948413e-09,1.1660814813740927,1.1660814647856905,-1.6588402207418085e-08,0.29755499014183506,0.297554990258199,1.1636391850089467e-10,-0.02552499356267557,-0.02552499352566924,3.700632855707653e-11,-0.5476986828872876,-0.5476988763852829,-1.9349799529333467e-07
1.8891666666666667,1.06,0.04,-0.7,2.0,0.3,0.04,0.01,21347,-0.307652951943016,-0.3076529469281226,5.014893389443387e-09,1.0552188123291728,1.0552188075868532,-4.7423196480878005e-09,0.2721735344760057,0.2721735357194043,1.2433986062987401e-09,-0.022300675028286143,-0.02230067501015872,1.8127423173641688e-11,-0.7309095948321298,-0.7309098046082846,-2.0977615478035005e-07
1.9556666666666667,1.06,0.04,-0.7,2.0,0.3,0.04,0.01,21353,-0.3080234194263731,-0.3080234146104795,4.8158936283293485e-09,1.0411011275301973,1.0411012224508107,9.492061336935365e-08,0.2682886556307218,0.26828865699141413,1.3606923365827583e-09,-0.02200697364868054,-0.022006973630784164,1.7896375353876337e-11,-0.7610673725538808,-0.7610675856377466,-2.130838657743439e-07
1.96675,1.06,0.04,-0.7,2.0,0.3,0.04,0.01,21354,-0.30808266487158953,-0.3080826600850806,4.786508911447385e-09,1.0388168991681823,1.0388168176560342,-8.151214814233754e-08,0.26764828185976697,0.26764828323759415,1.3778271856779156e-09,-0.021962624492388727,-0.021962624476368417,1.6020310078523892e-11,-0.76611329044185,-0.7661135040942094,-2.136523594709061e-07
0.016083333333333335,1.0622222222222222,0.04,-0.7,2.0,0.3,0.04,0.01,21359,-0.08619968599798966,-0.08619954009751322,1.4590047643647797e-07,3.0820270779940984,3.08202589042782,-1.1875662782045993e-06,0.01786434881079213,0.017864350135748483,1.3249563529660335e-09,-0.12402793830190717,-0.12402790333416279,3.4967744380609567e-08,0.010577803155331633,0.010577650917909213,-1.5223742242005678e-07
0.3596666666666667,1.0622222222222222,0.04,-0.7,2.0,0.3,0.04,0.01,21390,-0.2702580128477461,-0.270257988434421,2.4413325083738613e-08,2.1951771733697,2.195177126172447,-4.71972532167797e-08,0.3099380710219757,0.30993807184388633,8.219106506501817e-10,-0.061089958320326154,-0.06108995849290821,-1.725820528153399e-10,-0.036519743552010375,-0.03651989565479247,-1.521027820916565e-07
0.41508333333333336,1.0622222222222222,0.04,-0.7,2.0,0.3,0.04,0.01,21395,-0.27570013373279245,-0.2757001125876914,2.1145101058994697e-08,2.0593396321544333,2.059339493183983,-1.389704502585687e-07,0.3205249428436807,0.32052494235966955,-4.840111644810463e-10,-0.0573995395644622,-0.05739953946949484,9.496736036451736e-11,-0.056997549746640175,-0.05699770204667072,-1.5230003054533814e-07
0.70325,1.0622222222222222,0.04,-0.7,2.0,0.3,0.04,0.01,21421,-0.2947534951427966,-0.29475348265469936,1.2488097222984607e-08,1.6380918677061374,1.6380919362410156,6.85348782170081e-08,0.3376135246296874,0.3376135220166097,-2.613077698665478e-09,-0.04233302842965303,-0.04233302828060042,1.4905261053188568e-10,-0.18394576530356144,-0.1839459300098525,-1.6470629105036494e-07
0.8140833333333334,1.0622222222222222,0.04,-0.7,2.0,0.3,0.04,0.01,21431,-0.2980602990801384,-0.2980602879500661,1.1130072308240813e-08,1.5323654845023071,1.5323655129475953,2.844528812495639e-08,0.3355787360934115,0.335578733519642,-2.573769475322507e-09,-0.03865764911265002,-0.038657649025481994,8.716802279984392e-11,-0.2368528589563601,-0.2368530286885013,-1.6973214120308278e-07
0.9470833333333334,1.0622222222222222,0.04,-0.7,2.0,0.3,0.04,0.01,21443,-0.3000464870311914,-0.30004647707394444,9.957246971392664e-09,1.425854267989024,1.4258542774326513,9.443627213556738e-09,0.3301026460078571,0.3301026438002872,-2.2075699046553154e-09,-0.03508524079931519,-0.03508524075336128,4.595390734607463e-11,-0.300448314329016,-0.3004484895352416,-1.7520622563882426e-07
1.1244166666666666,1.0622222222222222,0.04,-0.7,2.0,0.3,0.04,0.01,21459,-0.30108600909822814,-0.3010860004215627,8.676665441686993e-09,1.31214519805134,1.312145167869646,-3.018169381086011e-08,0.320065186437124,0.32006518498107844,-1.456045561898378e-09,-0.031130144494961876,-0.031130144454055673,4.090620203678341e-11,-0.3837826560879054,-0.3837828376025384,-1.8151463299087567e-07
1.2906666666666666,1.0622222222222222,0.04,-0.7,2.0,0.3,0.04,0.01,21474,-0.3017119320891659,-0.3017119244695152,7.619650688184265e-09,1.229535040447871,1.2295350416469415,1.199070398527624e-09,0.3095394567032006,0.30953945601159466,-6.91605939184825e-10,-0.02811826502219228,-0.028118264980309778,4.188250093961621e-11,-0.4598417135642796,-0.45984190021490695,-1.8665062734291027e-07
1.5345,1.0622222222222222,0.04,-0.7,2.0,0.3,0.04,0.01,21496,-0.30298837370712484,-0.30298836738382035,6.323304491129278e-09,1.1393588739139204,1.1393588297881212,-4.412579923673832e-08,0.29387129427183023,0.2938712945539079,2.820776945355874e-10,-0.02489964247343046,-0.02489964244138458,3.2045879838626945e-11,-0.5687889736918916,-0.5687891678592365,-1.941673448691006e-07
0.10475000000000001,1.0644444444444443,0.04,-0.7,2.0,0.3,0.04,0.01,21548,-0.20472501522511566,-0.20472495263468396,6.25904316986503e-08,3.2174250541583405,3.2174250134362157,-4.072212478334336e-08,0.1414852557315993,0.14148526279006632,7.058467005327529e-09,-0.07211777568516542,-0.07211776709651037,8.588655051045002e-09,0.01697522736043844,0.01697504633094903,-1.8102948940931785e-07
0.38183333333333336,1.0644444444444443,0.04,-0.7,2.0,0.3,0.04,0.01,21573,-0.2677978077234022,-0.26779778472913957,2.2994262660613884e-08,2.1066276778558546,2.1066276339801653,-4.3875689303973786e-08,0.3135640652154881,0.3135640653765246,1.610365174542494e-10,-0.059389533000608896,-0.05938953302833247,-2.7723573436944093e-11,-0.04301589654004401,-0.04301604914365009,-1.5260360608504442e-07
0.48158333333333336,1.0644444444444443,0.04,-0.7,2.0,0.3,0.04,0.01,21582,-0.27721670812802524,-0.27721669004999505,1.8078030183943383e-08,1.905317698058795,1.905317636747606,-6.13111890146456e-08,0.3279489822499704,0.32794898072091216,-1.5290582133786756e-09,-0.05298987114599196,-0.05298987099051963,1.5547232945500866e-10,-0.08197401727999543,-0.08197417193855178,-1.5465855635055092e-07
0.5480833333333334,1.0644444444444443,0.04,-0.7,2.0,0.3,0.04,0.01,21588,-0.28242695550600994,-0.2824269397122449,1.579376501803509e-08,1.8039237381639595,1.8039236575272903,-8.063666911972689e-08,0.33315477858258946,0.33315477646766845,-2.114921016094229e-09,-0.04920638708383329,-0.04920638690204936,1.817839351270223e-10,-0.11044100494739251,-0.11044116237246838,-1.5742507587790389e-07
0.8140833333333334,1.0644444444444443,0.04,-0.7,2.0,0.3,0.04,0.01,21612,-0.2946715233412278,-0.2946715122316672,1.1109560604793955e-08,1.517536912798434,1.517537016837714,1.0403928007995944e-07,0.33508244737384674,0.335082444753907,-2.61993970962493e-09,-0.03860695666879632,-0.03860695658438906,8.440725896008416e-11,-0.23431617728580934,-0.23431634671200194,-1.6942619260329472e-07
1.30175,1.0644444444444443,0.04,-0.7,2.0,0.3,0.04,0.01,21656,-0.29904796367719033,-0.29904795617826246,7.498927867555238e-09,1.2146849859284714,1.214684858454403,-1.274740684120701e-07,0.30859949433359457,0.3085994936549052,-6.78689382471731e-10,-0.027931079175091966,-0.027931079135239543,3.985242344461959e-11,-0.46159658614652876,-0.46159677217753825,-1.8603100948588747e-07
1.83375,1.0644444444444443,0.04,-0.7,2.0,0.3,0.04,0.01,21704,-0.30261359074190697,-0.3026135856129791,5.128927893505164e-09,1.0538327654963098,1.053832759275496,-6.220813864032948e-09,0.2753646075784322,0.27536460866057,1.0821378237935164e-09,-0.02255592465250089,-0.022555924631476505,2.1024387092394292e-11,-0.6979470089799045,-0.6979472133352311,-2.0435532666063239e-07
1.90025,1.0644444444444443,0.04,-0.7,2.0,0.3,0.04,0.01,21710,-0.3030665714165437,-0.30306656648723757,4.92930612994158e-09,1.0396059790807044,1.0396060015006479,2.2419943457308023e-08,0.27145484040091983,0.2714548416141478,1.213227962537644e-09,-0.02222089412501349,-0.02222089410775503,1.7258462020608434e-11,-0.7277727640614406,-0.7277729714731273,-2.0741168660354248e-07
0.21558333333333335,1.0666666666666667,0.04,-0.7,2.0,0.3,0.04,0.01,21739,-0.23779910768101375,-0.23779907032452524,3.7356488513662356e-08,2.6134071628991506,2.6134071670444805,4.1453298571525465e-09,0.24611736738594514,0.246117374441585,7.0556398501508966e-09,-0.0646694430894712,-0.06466944380190347,-7.124322659590732e-10,0.004843486609562575,0.004843319531828331,-1.6707773424409073e-07
0.57025,1.0666666666666667,0.04,-0.7,2.0,0.3,0.04,0.01,21771,-0.28004719086899277,-0.2800471757131796,1.515581316002823e-08,1.7538268226591214,1.7538268684955662,4.583644486189087e-08,0.3335163617390613,0.3335163594220561,-2.3170051988152807e-09,-0.04789788421361019,-0.04789788402476129,1.888488948553757e-10,-0.11826578477813765,-0.11826594338647975,-1.586083420990203e-07
0.7365,1.0666666666666667,0.04,-0.7,2.0,0.3,0.04,0.01,21786,-0.28888741037180754,-0.28888739837371763,1.1998089910481013e-08,1.5724717195020332,1.5724716227527882,-9.674924505986837e-08,0.3361506013696558,0.33615059862923274,-2.740423055147545e-09,-0.04098082854397944,-0.040980828419136923,1.248425182676094e-10,-0.194980752858398,-0.1949809187807811,-1.6592238311075036e-07
0.8584166666666667,1.0666666666666667,0.04,-0.7,2.0,0.3,0.04,0.01,21797,-0.2923325772952179,-0.292332566651772,1.064344590240296e-08,1.466139532002586,1.466139493977852,-3.802473402814144e-08,0.33310603482744616,0.33310603225540575,-2.572040413983956e-09,-0.037307938599018264,-0.03730793853546557,6.355269782654105e-11,-0.25289759991414806,-0.25289777078161363,-1.7086746556538301e-07
0.8695,1.0666666666666667,0.04,-0.7,2.0,0.3,0.04,0.01,21798,-0.29255167844799423,-0.29255166790898374,1.0539010497634393e-08,1.4573357853819857,1.457335821046198,3.5664212250097194e-08,0.33268938430502937,0.3326893817609848,-2.544044586105798e-09,-0.03700963982417038,-0.03700963975988802,6.428236415390032e-11,-0.2581689710096091,-0.2581691423043082,-1.7129469909171746e-07
1.0468333333333333,1.0666666666666667,0.04,-0.7,2.0,0.3,0.04,0.01,21814,-0.2947636897293604,-0.2947636806160567,9.113303722774191e-09,1.3338383397787368,1.3338383049159148,-3.486282196263346e-08,0.32400825523803967,0.3240082533519234,-1.886116263172255e-09,-0.03273595223757253,-0.0327359521987482,3.882433263768803e-11,-0.3418215797490465,-0.34182175733185755,-1.7758281106727836e-07
1.069,1.0666666666666667,0.04,-0.7,2.0,0.3,0.04,0.01,21816,-0.2949319983652776,-0.2949319894088593,8.956418329209015e-09,1.3205345372746535,1.3205344871383498,-5.0136303775261126e-08,0.32273673320343255,0.3227367314166146,-1.7868179713609322e-09,-0.032256597904123385,-0.03225659786452162,3.9601766310681796e-11,-0.35214314438064553,-0.35214332267556625,-1.7829492071630426e-07
1.4015,1.0666666666666667,0.04,-0.7,2.0,0.3,0.04,0.01,21846,-0.2970026756485278,-0.29700266875921266,6.889315118385753e-09,1.1661990984013215,1.166199051351843,-4.70494785353992e-08,0.3019984920971108,0.30199849181344685,-2.836639811931718e-10,-0.026458310604104973,-0.02645831056594995,3.81550242789519e-11,-0.5028665637529794,-0.5028667516164194,-1.8786343991550325e-07
1.6453333333333333,1.0666666666666667,0.04,-0.7,2.0,0.3,0.04,0.01,21868,-0.29882045979312544,-0.2988204540262932,5.766832233966568e-09,1.0916381354419968,1.091638098452757,-3.6989239893259196e-08,0.28667474905264,0.28667474962440875,5.717687434625418e-10,-0.0238263117308124,-0.02382631170044708,3.0365317899017086e-11,-0.6105163340786035,-0.6105165295950686,-1.9551646512905307e-07
1.8005,1.0666666666666667,0.04,-0.7,2.0,0.3,0.04,0.01,21882,-0.30002893410818743,-0.30002892890337973,5.204807695946556e-09,1.054297871228016,1.0542978867626818,1.5534665775973622e-08,0.277272390145078,0.27727239112486896,9.797909705788754e-10,-0.022728342429223503,-0.022728342404743553,2.4479949317646188e-11,-0.6791837928840638,-0.6791839944122794,-2.0152821555985412e-07
1.8891666666666667,1.0666666666666667,0.04,-0.7,2.0,0.3,0.04,0.01,21890,-0.3006846382314077,-0.30068463329631184,4.935095831992697e-09,1.035325958298472,1.0353260415124579,8.321398592414653e-08,0.27205340615149565,0.2720534073186074,1.1671117405853693e-09,-0.022257608915943194,-0.022257608897155286,1.8787908728779e-11,-0.718756860934866,-0.7187570663875322,-2.0545266621319058e-07
0.20450000000000002,1.068888888888889,0.04,-0.7,2.0,0.3,0.04,0.01,21919,-0.2293151050378195,-0.22931506621831546,3.8819504027953755e-08,2.6085159310351713,2.6085159552315202,2.419634892447675e-08,0.2363616028142057,0.2363616103113408,7.497135079415074e-09,-0.06380618363055479,-0.06380618372894294,-9.838814485352287e-11,0.0071800324016879635,0.007179862284229193,-1.7011745877086593e-07
0.24883333333333335,1.068888888888889,0.04,-0.7,2.0,0.3,0.04,0.01,21923,-0.2392065260650722,-0.23920649261118532,3.345388688291706e-08,2.43617744311031,2.4361773709058046,-7.220450548572899e-08,0.2652373458064683,0.2652373513129474,5.506479106021089e-09,-0.06473217040892099,-0.064732172046278,-1.6373570138616955e-09,-0.0008446140362106114,-0.0008447767080511525,-1.626718405411563e-07
0.2931666666666667,1.068888888888889,0.04,-0.7,2.0,0.3,0.04,0.01,21927,-0.24689017489282206,-0.24689014565065087,2.9242171184495902e-08,2.284564720733684,2.284564670088839,-5.064484476235975e-08,0.2859506631247566,0.28595066639814576,3.2733891708325302e-09,-0.06392243809549836,-0.06392243930962589,-1.2141275346211344e-09,-0.011780146324247287,-0.011780303926187275,-1.5760193998806682e-07
0.404,1.068888888888889,0.04,-0.7,2.0,0.3,0.04,0.01,21937,-0.26105609048421297,-0.26105606887095284,2.161326012606324e-08,1.9974619513973835,1.9974619513908234,-6.560085807905125e-12,0.31541716881466897,0.3154171683424238,-4.722451873995226e-10,-0.05745346095570314,-0.05745346090169182,5.4011316252822184e-11,-0.04819409918227491,-0.04819425303999875,-1.5385772383913476e-07
0.9249166666666667,1.068888888888889,0.04,-0.7,2.0,0.3,0.04,0.01,21984,-0.2903404855109093,-0.2903404754989271,1.0011982187752011e-08,1.4019317706726042,1.4019317361889807,-3.44836235122159e-08,0.3298925217568027,0.3298925193435499,-2.4132528197995384e-09,-0.035548003643193216,-0.03554800359782875,4.536446218672552e-11,-0.28180245955605754,-0.28180263244454706,-1.7288848952468072e-07
1.2685,1.068888888888889,0.04,-0.7,2.0,0.3,0.04,0.01,22015,-0.2934618934866129,-0.29346188590168104,7.584931849269338e-09,1.208725147749945,1.208725056487585,-9.126235989143083e-08,0.3102116872000238,0.31021168629857193,-9.01451857604485e-10,-0.028444335213317906,-0.028444335171134445,4.2183461584910376e-11,-0.44025034398459395,-0.4402505272294263,-1.8324483236353828e-07
1.2906666666666666,1.068888888888889,0.04,-0.7,2.0,0.3,0.04,0.01,22017,-0.29361589299170543,-0.2936158855339966,7.457708839364585e-09,1.1993855020264732,1.1993853746241718,-1.2740230137531228e-07,0.30881185519915366,0.30881185439886333,-8.00290334002085e-10,-0.02808106415369549,-0.02808106411293515,4.076033954802938e-11,-0.45019310689231595,-0.45019329072778963,-1.8383547367717412e-07
1.4125833333333333,1.068888888888889,0.04,-0.7,2.0,0.3,0.04,0.01,22028,-0.29450567172378816,-0.294505664941128,6.782660155746356e-09,1.1531776256124004,1.153177614727005,-1.088539547389189e-08,0.3010845882253643,0.3010845879484989,-2.768654194795772e-10,-0.026294515469982294,-0.026294515432205637,3.7776656802712694e-11,-0.5044206999221812,-0.5044208870468608,-1.8712467964032697e-07
1.43475,1.068888888888889,0.04,-0.7,2.0,0.3,0.04,0.01,22030,-0.29467652578746284,-0.2946765191182971,6.669165719674908e-09,1.1456198933945672,1.14561992701777,3.362320288857745e-08,0.299682028400694,0.29968202821573353,-1.8496049136729198e-10,-0.026007402143535252,-0.02600740210771202,3.582323326867254e-11,-0.5142141230915498,-0.514214310830582,-1.8773903220914434e-07
1.6675,1.068888888888889,0.04,-0.7,2.0,0.3,0.04,0.01,22051,-0.29658996521991776,-0.29658995957732454,5.642593225996251e-09,1.0783715087558932,1.0783714573923924,-5.136350078593921e-08,0.2851913014956242,0.2851913021021972,6.065729585280621e-10,-0.023627222548727733,-0.023627222519345254,2.938247908867986e-11,-0.6165801380728086,-0.6165803331102836,-1.950374749482009e-07
1.7450833333333333,1.068888888888889,0.04,-0.7,2.0,0.3,0.04,0.01,22058,-0.2972395264266847,-0.29723952106571366,5.360971055967667e-09,1.0597849708915419,1.0597850740070984,1.0311555653785831e-07,0.28049568079724363,0.2804956816176532,8.204095736097372e-10,-0.023059229982691498,-0.023059229957324,2.536749976744801e-11,-0.6507705595173996,-0.6507707574429847,-1.9792558514364345e-07
1.8226666666666667,1.068888888888889,0.04,-0.7,2.0,0.3,0.04,0.01,22065,-0.29787195507946507,-0.2978719499703339,5.1091311736861655e-09,1.0425870500263557,1.0425870613090913,1.1282735634665642e-08,0.2758819584469663,0.27588195944968774,1.0027214614183322e-09,-0.022583835528611207,-0.022583835507859758,2.0751449170131053e-11,-0.6851236616201017,-0.6851238627059107,-2.0108580900402018e-07
0.43725,1.0711111111111111,0.04,-0.7,2.0,0.3,0.04,0.01,22121,-0.2602961306080731,-0.26029611076037285,1.984770026108862e-08,1.9060909406398707,1.9060910571158591,1.1647598840980322e-07,0.3195258464869233,0.3195258453403259,-1.146597372603253e-09,-0.05508590445985062,-0.05508590433545864,1.243919828253226e-10,-0.05920988543212102,-0.0592100401944499,-1.5476232887584596e-07
1.0468333333333333,1.0711111111111111,0.04,-0.7,2.0,0.3,0.04,0.01,22176,-0.2888893121139047,-0.28888930310988903,9.004015644187291e-09,1.3096811524171414,1.309681091371604,-6.104553751384856e-08,0.3232518681528518,0.323251866190751,-1.962100759644869e-09,-0.032694834134483486,-0.03269483410040381,3.407967658075606e-11,-0.33612979628561135,-0.3361299725650965,-1.762794851756233e-07
1.0911666666666666,1.0711111111111111,0.04,-0.7,2.0,0.3,0.04,0.01,22180,-0.2893282487326232,-0.2893282400501379,8.682485286293229e-09,1.2843552554819837,1.2843551880438417,-6.743814195964148e-08,0.32073139280247576,0.3207313910401781,-1.7622976411502123e-09,-0.03175265136240446,-0.031752651326663994,3.574046614218673e-11,-0.3566102620838896,-0.3566104396618263,-1.7757793674411104e-07
1.23525,1.0711111111111111,0.04,-0.7,2.0,0.3,0.04,0.01,22193,-0.29052626848796725,-0.29052626075419213,7.733775120311037e-09,1.2129878268485328,1.2129877874069324,-3.944160043012346e-08,0.31201110563428003,0.312011104546348,-1.0879320222478839e-09,-0.028995195471559487,-0.028995195431620813,3.9938673895845156e-11,-0.42217877489120204,-0.42217895636764,-1.814764379881595e-07
1.4901666666666666,1.0711111111111111,0.04,-0.7,2.0,0.3,0.04,0.01,22216,-0.29261863816937295,-0.29261863181588266,6.35349028943466e-09,1.1192179683039427,1.119217966348195,-1.955747785942208e-09,0.29599769945459764,0.2959976994489963,-5.601352714990071e-12,-0.02531967752739117,-0.025319677491527363,3.5863808450775636e-11,-0.5351862191743662,-0.5351864073764433,-1.8820207714487225e-07
1.63425,1.0711111111111111,0.04,-0.7,2.0,0.3,0.04,0.01,22229,-0.29390304198212425,-0.29390303624912745,5.7329967995123354e-09,1.0791625759676293,1.079162500329091,-7.56385383215985e-08,0.2870863051718242,0.28708630565152776,4.797035546566519e-10,-0.023882642770645113,-0.02388264274031121,3.0333902056867146e-11,-0.5983091725086931,-0.5983093651403134,-1.9263162032157055e-07
1.7229166666666667,1.0711111111111111,0.04,-0.7,2.0,0.3,0.04,0.01,22237,-0.29469661546432935,-0.29469661005729864,5.407030712056837e-09,1.0577112186105353,1.0577112580571724,3.944663706789697e-08,0.28171658833703317,0.2817165890692026,7.321694361905884e-10,-0.02319241251463877,-0.023192412489108007,2.5530765002113043e-11,-0.6372163851098289,-0.6372165808691185,-1.957592895562854e-07
0.04933333333333333,1.0733333333333333,0.04,-0.7,2.0,0.3,0.04,0.01,22267,-0.1257631461312747,-0.1257630546878597,9.144341500677555e-08,2.8523731432361643,2.8523726960791147,-4.4715704961006963e-07,0.06308533619547863,0.06308533953110651,3.335627885014958e-09,-0.08125896873018013,-0.08125897156025594,-2.8300758125876513e-09,0.012919879967543402,0.012919706568422278,-1.7339912112418476e-07
0.06041666666666667,1.0733333333333333,0.04,-0.7,2.0,0.3,0.04,0.01,22268,-0.14009298017814142,-0.14009289573823266,8.443990875961482e-08,2.91632883397952,2.916328563600165,-2.703793553493483e-07,0.07813111662480221,0.07813112070592942,4.081127213950708e-09,-0.07823089393260707,-0.0782308953903296,-1.4577225260214988e-09,0.014348151529119946,0.014347974373408564,-1.7715571138179897e-07
0.11583333333333334,1.0733333333333333,0.04,-0.7,2.0,0.3,0.04,0.01,22273,-0.18407082070320824,-0.184070762337668,5.836554023419538e-08,2.84595871868909,2.8459586722297803,-4.645930973268264e-08,0.14696404141173458,0.14696404862456022,7.2128256423109605e-09,-0.06476799847526804,-0.06476799173202265,6.743245392626385e-09,0.015282523243842494,0.015282339019452099,-1.842243903954488e-07
0.3375,1.0733333333333333,0.04,-0.7,2.0,0.3,0.04,0.01,22293,-0.24373512449743506,-0.24373509897067835,2.5526756708416087e-08,2.0863854477415344,2.086385320600655,-1.2714087960219445e-07,0.29793711274928025,0.2979371140798774,1.3305971324761856e-09,-0.0611000994021893,-0.061100099905247424,-5.030581229359399e-10,-0.022666611288746363,-0.022666767671723678,-1.5638297731421225e-07
0.41508333333333336,1.0733333333333333,0.04,-0.7,2.0,0.3,0.04,0.01,22300,-0.2535994878063996,-0.2535994669644205,2.084197914253849e-08,1.9191155053999154,1.9191155282503771,2.2850461744994277e-08,0.3149445382683025,0.31494453745091383,-8.173886567597322e-10,-0.05624092363432087,-0.056240923554721996,7.959887610153871e-11,-0.049329158753053104,-0.04932931379443959,-1.550413864861988e-07
0.4926666666666667,1.0733333333333333,0.04,-0.7,2.0,0.3,0.04,0.01,22307,-0.26178938365317705,-0.261789366186721,1.7466456059267443e-08,1.7932582419000198,1.7932581817643154,-6.013570441609772e-08,0.32506260906506323,0.32506260714025903,-1.924804204911368e-09,-0.05153121090034629,-0.051531210734772,1.6557429038943638e-10,-0.07955889164440455,-0.07955904812944106,-1.5648503651211065e-07
0.50375,1.0733333333333333,0.04,-0.7,2.0,0.3,0.04,0.01,22308,-0.2628420034420098,-0.26284198637573597,1.7066273838572954e-08,1.7777015359765613,1.7777015083127736,-2.7663787705023424e-08,0.32612079287924756,0.3261207908471191,-2.0321284655011596e-09,-0.0509026188769135,-0.05090261870700744,1.6990605450351026e-10,-0.08410901392308379,-0.08410917074079831,-1.5681771452225046e-07
0.5148333333333334,1.0733333333333333,0.04,-0.7,2.0,0.3,0.04,0.01,22309,-0.263865865573476,-0.26386584888599235,1.6687483672672698e-08,1.762628865087379,1.7626289171549954,5.2067616440609754e-08,0.3270979834782417,0.3270979813504145,-2.1278271922220426e-09,-0.050286514388375725,-0.05028651421334291,1.750328146310487e-10,-0.08871000536370133,-0.08871016253171114,-1.57168009815023e-07
0.57025,1.0733333333333333,0.04,-0.7,2.0,0.3,0.04,0.01,22314,-0.268556712102741,-0.2685566970547583,1.504798269325036e-08,1.6933876023639272,1.6933876716744036,6.931047646929756e-08,0.33090052675210924,0.33090052424535205,-2.50675719071225e-09,-0.0474030067909581,-0.04740300660383808,1.871200208669599e-10,-0.11239715029726094,-0.11239730942620438,-1.5912894343883544e-07
0.6921666666666667,1.0733333333333333,0.04,-0.7,2.0,0.3,0.04,0.01,22325,-0.2764511455069507,-0.2764511329535114,1.2553439288076618e-08,1.565538548797818,1.5655385070985997,-4.1699218300550456e-08,0.3342839159339861,0.3342839130630004,-2.870985671421522e-09,-0.042236866694411734,-0.042236866546038254,1.4837348016882856e-10,-0.16740551208177523,-0.16740567584971355,-1.6376793832151293e-07
0.8251666666666667,1.0733333333333333,0.04,-0.7,2.0,0.3,0.04,0.01,22337,-0.28178231356229544,-0.281782302713825,1.084847045529358e-08,1.449720726798276,1.449720739732878,1.2934602056091649e-08,0.3325836560419404,0.33258365326275696,-2.7791834389390146e-09,-0.038052675042643536,-0.038052674970420315,7.222322045974394e-11,-0.22961071355631635,-0.2296108821442638,-1.6858794746332784e-07
1.069,1.0733333333333333,0.04,-0.7,2.0,0.3,0.04,0.01,22359,-0.2862470802034167,-0.28624707142389616,8.779520555002307e-09,1.2850562391975018,1.2850561859534446,-5.3244057163226444e-08,0.3216165834560303,0.32161658155554734,-1.900482937688963e-09,-0.03219503828255643,-0.03219503824753712,3.501931383764756e-11,-0.3435409543958712,-0.3435411306546938,-1.7625882264837855e-07
1.5234166666666666,1.0733333333333333,0.04,-0.7,2.0,0.3,0.04,0.01,22400,-0.29045505264696514,-0.2904550464895509,6.157414245144821e-09,1.1010725609050809,1.1010724564239294,-1.0448115150829551e-07,0.2937355158413868,0.29373551592044583,7.905903709470863e-11,-0.024929934502038176,-0.02492993446633043,3.570774578798286e-11,-0.5462865494770819,-0.5462867374909329,-1.8801385104350032e-07
1.9445833333333333,1.0733333333333333,0.04,-0.7,2.0,0.3,0.04,0.01,22438,-0.29430755368320405,-0.29430754896671213,4.716491919243282e-09,1.0051562582269469,1.0051561634324864,-9.479446050342233e-08,0.26870360584352326,0.26870360703704294,1.193519671982557e-09,-0.021962067508485283,-0.021962067489008204,1.9477079671315067e-11,-0.7314554174964183,-0.7314556212163079,-2.0371988962430976e-07
2.0,1.0733333333333333,0.04,-0.7,2.0,0.3,0.04,0.01,22443,-0.2947430675512286,-0.29474306297299285,4.578235734964409e-09,0.994976318002827,0.9949762856053656,-3.2397461491306956e-08,0.2655944809357158,0.26559448222078097,1.2850651653906198e-09,-0.021751847930628898,-0.021751847918109767,1.251913156474771e-11,-0.7562870475363859,-0.7562872539407575,-2.0640437159435976e-07
0.09366666666666668,1.0755555555555556,0.04,-0.7,2.0,0.3,0.04,0.01,22452,-0.16388921231347275,-0.1638891457818059,6.653166684245093e-08,2.825075062773408,2.8250748537407895,-2.0903261832572184e-07,0.11871661896423191,0.11871662497312861,6.0088966996607596e-09,-0.06762996242137831,-0.06762995799932967,4.422048643926146e-09,0.015272932757937063,0.01527274858335237,-1.8417458469248416e-07
0.14908333333333335,1.0755555555555556,0.04,-0.7,2.0,0.3,0.04,0.01,22457,-0.19367578268814079,-0.1936757340096587,4.867848207856795e-08,2.6543701459047497,2.6543700758231252,-7.00816245036151e-08,0.181190566991285,0.18119057511855807,8.127273076752317e-09,-0.06076813203692577,-0.06076812722314968,4.813776093015587e-09,0.013696729974921329,0.013696547468720115,-1.8250620121423866e-07
0.537,1.0755555555555556,0.04,-0.7,2.0,0.3,0.04,0.01,22492,-0.2619983966795081,-0.2619983807582728,1.5921235274607426e-08,1.7125267981477066,1.7125267828942345,-1.525347204101024e-08,0.327840326458384,0.32784032409284813,-2.365535878290359e-09,-0.048898973045163885,-0.04889897286373981,1.8142407715027176e-10,-0.09623330927160945,-0.09623346743924643,-1.5816763698772718e-07
0.8584166666666667,1.0755555555555556,0.04,-0.7,2.0,0.3,0.04,0.01,22521,-0.27955126543161013,-0.2795512549714027,1.0460207422458012e-08,1.4098189449196497,1.4098189036481026,-4.127154706878855e-08,0.33098881474319386,0.3309888120049711,-2.7382227596461917e-09,-0.03709600319895534,-0.03709600314042901,5.852632961600435e-11,-0.2427608650812374,-0.24276103443290104,-1.6935166363696297e-07
0.936,1.0755555555555556,0.04,-0.7,2.0,0.3,0.04,0.01,22528,-0.2813492656619787,-0.28134925590408105,9.757897656559322e-09,1.35467470019357,1.354674626605367,-7.35882028646273e-08,0.3279568839514857,0.32795688145808355,-2.49340215141558e-09,-0.03516007905240981,-0.03516007901407091,3.833890149795849e-11,-0.2790869784027872,-0.2790871501850716,-1.7178228439718168e-07
1.1133333333333333,1.0755555555555556,0.04,-0.7,2.0,0.3,0.04,0.01,22544,-0.28392492165268957,-0.283924913247704,8.404985540888532e-09,1.249737041630894,1.2497370072427785,-3.4388115466299496e-08,0.31869186378985503,0.31869186206049416,-1.7293608767232627e-09,-0.03125313449675593,-0.0312531344602661,3.6489831989339194e-11,-0.3609970229306869,-0.36099719967043425,-1.7673974733734e-07
1.23525,1.0755555555555556,0.04,-0.7,2.0,0.3,0.04,0.01,22555,-0.2851808058204619,-0.28518079820165065,7.618811248555346e-09,1.1925222309638883,1.192522182772689,-4.819119925336679e-08,0.311390435012715,0.3113904338556933,-1.1570217006706685e-09,-0.028956014483938475,-0.028956014445966217,3.7972257282969935e-11,-0.41603818455943076,-0.41603836428960717,-1.7973017640837696e-07
1.3460833333333333,1.0755555555555556,0.04,-0.7,2.0,0.3,0.04,0.01,22565,-0.2862556856700338,-0.286255678692282,6.97775176528026e-09,1.149116762855229,1.1491167132038749,-4.9651354139257364e-08,0.30453221553400356,0.3045322148750047,-6.589988554850379e-10,-0.027168199660809744,-0.027168199620794267,4.001547704302055e-11,-0.46522901506806935,-0.46522919742309743,-1.8235502807772974e-07
1.7229166666666667,1.0755555555555556,0.04,-0.7,2.0,0.3,0.04,0.01,22599,-0.2900275900094562,-0.2900275846658118,5.343644415845006e-09,1.043378622389568,1.0433785416583454,-8.073122259588672e-08,0.2814650181720557,0.2814650188476612,6.756054604650785e-10,-0.023150768388713328,-0.023150768362221175,2.649215222194634e-11,-0.6297294148197019,-0.6297296079753025,-1.9315560062516113e-07
1.7783333333333333,1.0755555555555556,0.04,-0.7,2.0,0.3,0.04,0.01,22604,-0.2905679556294838,-0.29056795046715095,5.162332838981598e-09,1.0314359200069845,1.031435963968853,4.3961868589903474e-08,0.27819471321743894,0.2781947140306128,8.131738615801964e-10,-0.022785465932373405,-0.02278546590635479,2.6018614346368096e-11,-0.6539852892020748,-0.6539854844129005,-1.9521082572637738e-07
2.0,1.0755555555555556,0.04,-0.7,2.0,0.3,0.04,0.01,22624,-0.29253877863094635,-0.2925387740743412,4.556605148753334e-09,0.9888880769803876,0.9888880967866791,1.9806291495783057e-08,0.2655437117710102,0.26554371303234636,1.2613361466407014e-09,-0.021734453747868088,-0.02173445373075565,1.7112436467847658e-11,-0.7521850906438976,-0.7521852955725634,-2.0492866581456326e-07
0.6589166666666667,1.0777777777777777,0.04,-0.7,2.0,0.3,0.04,0.01,22684,-0.26758973414253706,-0.2675897211256057,1.3016931366127693e-08,1.5630653216192059,1.563065320575629,-1.0435767805461182e-09,0.332321531970603,0.332321529049876,-2.920726993593803e-09,-0.04322313076732254,-0.043223130605055705,1.6226683191566948e-10,-0.14790347940635273,-0.14790364187945498,-1.6247310224981604e-07
0.7475833333333334,1.0777777777777777,0.04,-0.7,2.0,0.3,0.04,0.01,22692,-0.2723728105416545,-0.2723727988847204,1.1656934140180653e-08,1.4835819739378309,1.483581966445945,-7.491885778421192e-09,0.33275088580031476,0.33275088283285226,-2.9674624979492137e-09,-0.04015906519549972,-0.040159065085840946,1.0965877511592836e-10,-0.1886041254078874,-0.18860429085195832,-1.6544407091534374e-07
0.8916666666666667,1.0777777777777777,0.04,-0.7,2.0,0.3,0.04,0.01,22705,-0.2773313740686567,-0.2773313639784395,1.0090217217317843e-08,1.3719689440083727,1.371968920253207,-2.3755165612371343e-08,0.32924927409888616,0.3292492714201535,-2.6787326801169797e-09,-0.03619123753823006,-0.03619123749180792,4.6422136967816385e-11,-0.2558126775265013,-0.2558128475038826,-1.6997738133683882e-07
1.0135833333333333,1.0777777777777777,0.04,-0.7,2.0,0.3,0.04,0.01,22716,-0.2797736085999314,-0.27977359953246933,9.067462058975906e-09,1.293173429450789,1.293173400848674,-2.8602115120790472e-08,0.3237487901566749,0.323748787939796,-2.2168789026721925e-09,-0.033336577376918974,-0.03333657734539399,3.1524984012154533e-11,-0.3124426918485468,-0.31244286529745974,-1.7344891295456577e-07
1.2795833333333333,1.0777777777777777,0.04,-0.7,2.0,0.3,0.04,0.01,22740,-0.2830128163305856,-0.2830128090387739,7.291811709997376e-09,1.1645044151187278,1.1645044588452536,4.372652573358948e-08,0.3083512611129491,0.30835126012448616,-9.884629226242225e-10,-0.02818323681347268,-0.028183236773673143,3.979953519528401e-11,-0.43269848227805996,-0.43269866214463915,-1.7986657918633853e-07
1.6453333333333333,1.0777777777777777,0.04,-0.7,2.0,0.3,0.04,0.01,22773,-0.2869023890839095,-0.2869023835006227,5.583286832866463e-09,1.0538159900264077,1.0538160404350891,5.0408681451230564e-08,0.2859434745175471,0.28594347493804745,4.2050035675700315e-10,-0.023723430223332453,-0.023723430193065127,3.026732683930611e-11,-0.5922826796603275,-0.592282868932494,-1.8927216649533563e-07
1.734,1.0777777777777777,0.04,-0.7,2.0,0.3,0.04,0.01,22781,-0.28783137986598817,-0.28783137459124974,5.2747384238216455e-09,1.0338840228385493,1.0338840491342836,2.6295734256720493e-08,0.28067258142194795,0.28067258209885804,6.769100835413155e-10,-0.023051516560290697,-0.02305151653247372,2.781697788778459e-11,-0.6308433559923388,-0.6308435482400537,-1.922477149696178e-07
0.3596666666666667,1.08,0.04,-0.7,2.0,0.3,0.04,0.01,22838,-0.23353137237197563,-0.23353134883812024,2.3533855392221525e-08,1.938158317171812,1.9381582718395758,-4.5332236187078934e-08,0.2995955778140047,0.2995955782682181,4.5421338912277065e-10,-0.05883826440816753,-0.05883826468341927,-2.7525173806886016e-10,-0.026100395474626392,-0.026100553153533105,-1.576789067127271e-07
0.3929166666666667,1.08,0.04,-0.7,2.0,0.3,0.04,0.01,22841,-0.2381914364954496,-0.23819141489658352,2.1598866084548973e-08,1.8746028007665672,1.8746027153421796,-8.542438756364845e-08,0.30704560102817746,0.3070456005358711,-4.923063623429869e-10,-0.056805699522044506,-0.056805699541936296,-1.9891789604375987e-11,-0.03719670247370743,-0.03719685934721149,-1.5687350405496625e-07
0.43725,1.08,0.04,-0.7,2.0,0.3,0.04,0.01,22845,-0.2438205656932202,-0.2438205462841061,1.9409114093704716e-08,1.8013005476102961,1.801300399585347,-1.4802494918697562e-07,0.31476041838562896,0.3147604170006633,-1.3849656421704992e-09,-0.054079848618993065,-0.05407984850240237,1.1659069543146217e-10,-0.05312183969125028,-0.05312199642691899,-1.5673566870766376e-07
0.6035,1.08,0.04,-0.7,2.0,0.3,0.04,0.01,22860,-0.2601833889631644,-0.260183374900709,1.4062455422347853e-08,1.5991453938823952,1.5991453172077483,-7.667464685390257e-08,0.3297299267646103,0.32972992394326023,-2.8213500979923367e-09,-0.04534120264493291,-0.04534120246394518,1.8098773174601845e-10,-0.12117268069739007,-0.12117284138011877,-1.6068272870595202e-07
0.83625,1.08,0.04,-0.7,2.0,0.3,0.04,0.01,22881,-0.2726396041149992,-0.27263959354851347,1.0566485741936305e-08,1.3983357638469585,1.3983357833999372,1.9552978791637088e-08,0.330466118642625,0.3304661157720593,-2.8705656740513064e-09,-0.03754291247493047,-0.0375429124134572,6.147327091809984e-11,-0.2275029295625841,-0.22750309750290912,-1.6794032500766498e-07
0.8805833333333334,1.08,0.04,-0.7,2.0,0.3,0.04,0.01,22885,-0.2739945768534535,-0.27399456672262895,1.0130824568133079e-08,1.3662820597115655,1.3662820164411766,-4.32703888275654e-08,0.32908216403837454,0.32908216128705464,-2.751319894134241e-09,-0.03640802944626653,-0.03640802939917913,4.708740342085349e-11,-0.2481419509861582,-0.24814212021440038,-1.692282421694724e-07
1.0135833333333333,1.08,0.04,-0.7,2.0,0.3,0.04,0.01,22897,-0.2769132931992879,-0.2769132841945273,9.004760603836814e-09,1.2811249228139587,1.2811248607538879,-6.206007086007048e-08,0.3232802291611159,0.32328022690969604,-2.251419828347423e-09,-0.03329970376275693,-0.03329970372774921,3.500771894593413e-11,-0.3097384476888343,-0.30973862053100015,-1.728421658575563e-07
1.1355,1.08,0.04,-0.7,2.0,0.3,0.04,0.01,22908,-0.27871212642777143,-0.2787121182988557,8.128915707228401e-09,1.216658335190246,1.216658314501612,-2.0688633917131938e-08,0.31662509663965555,0.3166250949431011,-1.696554452479404e-09,-0.030758202144431923,-0.030758202107251473,3.7180449691254225e-11,-0.3653022723001942,-0.3653024480886433,-1.757884491304651e-07
1.2685,1.08,0.04,-0.7,2.0,0.3,0.04,0.01,22920,-0.280309124054412,-0.2803091167520722,7.302339788406442e-09,1.1590908677305833,1.1590908326113922,-3.5119191110766224e-08,0.3087060239276296,0.3087060228546908,-1.0729387933672285e-09,-0.02834191332012903,-0.02834191328022641,3.9902619403120454e-11,-0.4247172826768453,-0.42471746139137223,-1.7871452695494838e-07
1.335,1.08,0.04,-0.7,2.0,0.3,0.04,0.01,22926,-0.28106443210190735,-0.281064425170248,6.9316593576118635e-09,1.134507893185699,1.134507935429684,4.2243985198808787e-08,0.304643222212575,0.30464322144022987,-7.723451322938502e-10,-0.027287057154101735,-0.027287057115845222,3.8256512541190446e-11,-0.45400155793434704,-0.45400173808716354,-1.8015281649796933e-07
1.3571666666666666,1.08,0.04,-0.7,2.0,0.3,0.04,0.01,22928,-0.28131479788584546,-0.2813147910720944,6.813751063372564e-09,1.1268549982013099,1.126854898269381,-9.993192895407788e-08,0.30328367467385986,0.3032836739950228,-6.788370421340062e-10,-0.026958780756924927,-0.026958780716661454,4.02634731111462e-11,-0.46371106062675915,-0.46371124126579605,-1.8063903689524707e-07
1.468,1.08,0.04,-0.7,2.0,0.3,0.04,0.01,22938,-0.28256791759273536,-0.2825679113213777,6.271357655407428e-09,1.0921341497827086,1.092134129495598,-2.0287110658046004e-08,0.29648908579371636,0.2964890855713861,-2.2233026530926736e-10,-0.0254903129617845,-0.025490312926407754,3.5376746670978676e-11,-0.5119636376860193,-0.5119638208827745,-1.8319675521016876e-07
1.70075,1.08,0.04,-0.7,2.0,0.3,0.04,0.01,22959,-0.28518062249682785,-0.2851806171427314,5.354096443976886e-09,1.0339800238234886,1.0339799484578451,-7.53656435037442e-08,0.2824835723930219,0.2824835729437325,5.507105882429641e-10,-0.02326409560549081,-0.023264095577723888,2.7766920707161802e-11,-0.6126983999554803,-0.6126985897709886,-1.8981550831131955e-07
1.8226666666666667,1.08,0.04,-0.7,2.0,0.3,0.04,0.01,22970,-0.2864751727632564,-0.2864751677902569,4.972999512187215e-09,1.0089829749482249,1.008983047905347,7.29571221214087e-08,0.2753844410202655,0.2753844418841855,8.639199911009143e-10,-0.022482307020232906,-0.02248230699834719,2.1885715462133248e-11,-0.6657780331414953,-0.6657782273807932,-1.9423929786821503e-07
0.30425,1.0822222222222222,0.04,-0.7,2.0,0.3,0.04,0.01,23014,-0.22005693069454546,-0.22005690350405574,2.7190489720885225e-08,2.027455064945727,2.027454950325879,-1.1461984783522894e-07,0.28095019084517503,0.2809501935386831,2.6935080832402036e-09,-0.06124895591458346,-0.06124895709235218,-1.1777687228264888e-09,-0.00874145240192803,-0.008741614176834878,-1.6177490684901596e-07
0.3929166666666667,1.0822222222222222,0.04,-0.7,2.0,0.3,0.04,0.01,23022,-0.23405756755773277,-0.23405754613527074,2.1422462026521316e-08,1.8459181239105504,1.8459181344466866,1.053613618573479e-08,0.30567374683709847,0.3056737463036051,-5.334933605993797e-10,-0.05650347875668649,-0.05650347878202687,-2.534038257007154e-11,-0.03587770832425008,-0.0358778658067622,-1.5748251212116537e-07
0.4261666666666667,1.0822222222222222,0.04,-0.7,2.0,0.3,0.04,0.01,23025,-0.23845749916762138,-0.23845747939937037,1.976825100835633e-08,1.792082526819172,1.7920824733517784,-5.346739362366293e-08,0.311738482829671,0.3117384815843797,-1.2452912589999698e-09,-0.054474692463002405,-0.05447469237172913,9.127327366131865e-11,-0.0476030481830203,-0.04760320538980351,-1.5720678320924053e-07
0.43725,1.0822222222222222,0.04,-0.7,2.0,0.3,0.04,0.01,23026,-0.2398463630057246,-0.23984634373811967,1.9267604928208115e-08,1.7755136749730838,1.7755136711807706,-3.792313130190905e-09,0.3134914989649795,0.31349149752576094,-1.4392185776479494e-09,-0.05380874554233861,-0.05380874543003203,1.1230658070182642e-10,-0.05165822347774629,-0.05165838070060853,-1.5722286224317816e-07
0.76975,1.0822222222222222,0.04,-0.7,2.0,0.3,0.04,0.01,23056,-0.2668933291363751,-0.2668933178846309,1.125174420302244e-08,1.4348844501466118,1.4348844095004318,-4.064617997734388e-08,0.3311053644788897,0.33110536145088504,-3.0280046803277116e-09,-0.0392909683757936,-0.03929096828404303,9.175057241739282e-11,-0.1943252106229032,-0.1943253763330339,-1.657101307006581e-07
0.8805833333333334,1.0822222222222222,0.04,-0.7,2.0,0.3,0.04,0.01,23066,-0.2709733685793414,-0.2709733585161195,1.0063221922429477e-08,1.3528200282220126,1.3528199602837618,-6.793825080286808e-08,0.32849063158563174,0.32849062879982166,-2.785810082617246e-09,-0.03634423143217269,-0.036344231390055076,4.211761495120925e-11,-0.24566778412560275,-0.24566795293992202,-1.6881431927351365e-07
1.0246666666666666,1.0822222222222222,0.04,-0.7,2.0,0.3,0.04,0.01,23079,-0.27428159405262775,-0.27428158520009627,8.852531485636916e-09,1.2629022050347771,1.2629021378551182,-6.717965894686984e-08,0.32223885981869094,0.3222388575765694,-2.2421215439827336e-09,-0.03301835932556507,-0.03301835929349519,3.206988147264056e-11,-0.3121309453363308,-0.3121311178444796,-1.7250814882130427e-07
1.2574166666666666,1.0822222222222222,0.04,-0.7,2.0,0.3,0.04,0.01,23100,-0.2776073918642208,-0.27760738455664496,7.3075758222351794e-09,1.1536579913595801,1.153657897905564,-9.345401608129578e-08,0.3090372327513302,0.3090372315941328,-1.1571973934643154e-09,-0.028501350627097022,-0.02850135058689236,4.020466251586363e-11,-0.4167787749553842,-0.41677895254446423,-1.775890800526092e-07
1.2906666666666666,1.0822222222222222,0.04,-0.7,2.0,0.3,0.04,0.01,23103,-0.27801575461755546,-0.2780157474973149,7.120240563818214e-09,1.141085242961637,1.1410850962389132,-1.4672272374838258e-07,0.3070295708729187,0.3070295698666724,-1.0062463084992146e-09,-0.027952447298473793,-0.02795244726206566,3.640813345251459e-11,-0.4314276153669083,-0.43142779364004435,-1.7827313603113737e-07
1.30175,1.0822222222222222,0.04,-0.7,2.0,0.3,0.04,0.01,23104,-0.27815076845599807,-0.2781507613974769,7.058521156455555e-09,1.1370373254049326,1.1370373413775707,1.597263810104721e-08,0.30635786599481074,0.30635786503913454,-9.55676204839051e-10,-0.02777524874153503,-0.02777524870233899,3.9196038775779485e-11,-0.43629604593115046,-0.43629622443306726,-1.78501916803242e-07
1.3571666666666666,1.0822222222222222,0.04,-0.7,2.0,0.3,0.04,0.01,23109,-0.2788207441489776,-0.27882073738698243,6.7619951860109495e-09,1.1178051373406106,1.1178050993224244,-3.8018186154786804e-08,0.3029879644242395,0.30298796371332554,-7.109139388283836e-10,-0.02693285820615232,-0.026932858165962387,4.018993471355259e-11,-0.4605396282333918,-0.4605398078871241,-1.796537323350833e-07
1.5899166666666666,1.0822222222222222,0.04,-0.7,2.0,0.3,0.04,0.01,23130,-0.28160169608659746,-0.2816016903713926,5.715204864920054e-09,1.0519636606254323,1.0519636297651929,-3.0860239474961304e-08,0.28888749444122563,0.2888874946193503,1.781246816712212e-10,-0.02416495990448242,-0.024164959870523965,3.39584541042548e-11,-0.5612292513043626,-0.5612294365165728,-1.852122101242415e-07
1.6453333333333333,1.0822222222222222,0.04,-0.7,2.0,0.3,0.04,0.01,23135,-0.2822517092321286,-0.2822517037177036,5.514425027719483e-09,1.0390210469779504,1.0390210644209288,1.74429783950103e-08,0.2855877767793391,0.28558777713990857,3.605694631758638e-10,-0.023673952084246608,-0.023673952051998765,3.224784328459407e-11,-0.5851214184526832,-0.5851216052642836,-1.8681160041111866e-07
1.76725,1.0822222222222222,0.04,-0.7,2.0,0.3,0.04,0.01,23146,-0.28363809970094467,-0.28363809458895123,5.111993439665952e-09,1.013158562601646,1.0131584505302915,-1.1207135441893001e-07,0.2784466555527665,0.2784466562543763,7.016098257928149e-10,-0.022785649622936166,-0.022785649595879368,2.7056797774482888e-11,-0.6378560644401676,-0.6378562552606373,-1.9082046964769006e-07
1.7894166666666667,1.0822222222222222,0.04,-0.7,2.0,0.3,0.04,0.01,23148,-0.2838814482827856,-0.28388144323853515,5.044250461772037e-09,1.0087790880408676,1.0087791493372698,6.129640217622523e-08,0.2771675111579164,0.2771675119161146,7.581982264248666e-10,-0.022649683799891296,-0.022649683773749856,2.6141439707361158e-11,-0.6474866927214107,-0.6474868843520851,-1.916306744398355e-07
0.20450000000000002,1.0844444444444443,0.04,-0.7,2.0,0.3,0.04,0.01,23186,-0.19153523166504094,-0.19153519427457882,3.7390462115372e-08,2.2511384867307527,2.2511384515409167,-3.518983593409075e-08,0.223149843038839,0.22314985059269013,7.553851127939382e-09,-0.059391161543187465,-0.05939116203811961,-4.949321438796339e-10,0.01053512710069704,0.010534950058222926,-1.7704247411327867e-07
0.3264166666666667,1.0844444444444443,0.04,-0.7,2.0,0.3,0.04,0.01,23197,-0.21960227557626943,-0.2196022502957586,2.5280510823622038e-08,1.9423533892393152,1.9423533358117924,-5.342752285031338e-08,0.28707814619027827,0.2870781478577789,1.6675006375699297e-09,-0.05992848495478542,-0.05992848573499085,-7.802054280414694e-10,-0.013781915264299283,-0.013782076120303886,-1.6085600460305494e-07
0.43725,1.0844444444444443,0.04,-0.7,2.0,0.3,0.04,0.01,23207,-0.2359292464015894,-0.23592922728779947,1.9113789939684267e-08,1.7499255711150852,1.749925521563631,-4.955145427310015e-08,0.31219360317580325,0.3121936016890117,-1.4867915232308349e-09,-0.05353039965821926,-0.05353039954881736,1.0940190420249962e-10,-0.050217556464560165,-0.050217714181260135,-1.5771669997083348e-07
0.8805833333333334,1.0844444444444443,0.04,-0.7,2.0,0.3,0.04,0.01,23247,-0.267981977173648,-0.2679819671768785,9.996769523290538e-09,1.3394475584238563,1.3394475160045838,-4.2419272539007125e-08,0.3278821491992101,0.32788214637544466,-2.82376544369356e-09,-0.03627702880065753,-0.0362770287557996,4.4857929870634194e-11,-0.24321471004284945,-0.24321487844086306,-1.6839801361689943e-07
1.2130833333333333,1.0844444444444443,0.04,-0.7,2.0,0.3,0.04,0.01,23277,-0.27445925669056237,-0.2744592491793208,7.511241573165961e-09,1.16142611084058,1.161426025976555,-8.4864024918474e-08,0.3113133235776999,0.31131332218081414,-1.3968857737189921e-09,-0.029243671871292953,-0.029243671838270195,3.3022758139100716e-11,-0.3941867859089121,-0.3941869617456931,-1.7583678102450762e-07
1.30175,1.0844444444444443,0.04,-0.7,2.0,0.3,0.04,0.01,23285,-0.2756344457482962,-0.2756344387453286,7.0029675947047565e-09,1.1276654721115165,1.1276654657482137,-6.363302773593205e-09,0.30602598670742553,0.30602598571883216,-9.88593373829616e-10,-0.027747334851169203,-0.027747334811725956,3.9443247279447036e-11,-0.43322086503760904,-0.4332210426079196,-1.7757031056664374e-07
1.3239166666666666,1.0844444444444443,0.04,-0.7,2.0,0.3,0.04,0.01,23287,-0.275920632921145,-0.2759206260352897,6.885855274862962e-09,1.1199357441427082,1.119935652318772,-9.18239362324158e-08,0.30469026821716705,0.30469026732875654,-8.884105118234231e-10,-0.02740181981902845,-0.027401819778019258,4.1009192569552155e-11,-0.4429064112659864,-0.4429065892734952,-1.780075087887134e-07
1.36825,1.0844444444444443,0.04,-0.7,2.0,0.3,0.04,0.01,23291,-0.2764880994945984,-0.2764880928433149,6.651283523950724e-09,1.105245311938674,1.1052452030766164,-1.0886205759064183e-07,0.3020113613191877,0.30201136062388856,-6.952991515873919e-10,-0.026745585544885042,-0.026745585504194497,4.069054468369693e-11,-0.46220261086332703,-0.4622027897588554,-1.7889552839100986e-07
1.4790833333333333,1.0844444444444443,0.04,-0.7,2.0,0.3,0.04,0.01,23301,-0.27789041750964083,-0.2778904113807308,6.128910046143687e-09,1.0724834964559449,1.0724835552161045,5.876015962691383e-08,0.2953131953123411,0.2953131950674611,-2.448800051624289e-10,-0.025305795116337126,-0.025305795080545278,3.5791848651545166e-11,-0.510105771744096,-0.5101059530242734,-1.8128017742480296e-07
1.7229166666666667,1.0844444444444443,0.04,-0.7,2.0,0.3,0.04,0.01,23323,-0.2808787736133245,-0.28087876839179926,5.221525212206757e-09,1.0152150842213103,1.0152151374697316,5.324842122789164e-08,0.2808592150008171,0.2808592155543236,5.535064628858777e-10,-0.023054530938204643,-0.02305453091128395,2.6920691370557748e-11,-0.6149805782401652,-0.6149807662419862,-1.880018209998724e-07
1.8448333333333333,1.0844444444444443,0.04,-0.7,2.0,0.3,0.04,0.01,23334,-0.28226425479449535,-0.2822642499319677,4.8625276583003085e-09,0.991694315555236,0.9916943447103644,2.915512842260881e-08,0.2738726338130659,0.2738726346744525,8.613865731810222e-10,-0.02231661685836439,-0.022316616835554304,2.2810087152436154e-11,-0.667815877213318,-0.6678160696090214,-1.9239570336893053e-07
1.8780833333333333,1.0844444444444443,0.04,-0.7,2.0,0.3,0.04,0.01,23337,-0.2826230540686758,-0.2826230492949484,4.773727413365236e-09,0.9856849225720055,0.9856849295731122,7.001106694382031e-09,0.2720004054734826,0.27200040640640616,9.329235717281392e-10,-0.02215133277250203,-0.022151332753914284,1.858774592577994e-11,-0.6823228450297814,-0.6823230387579005,-1.937281191022322e-07
1.9556666666666667,1.0844444444444443,0.04,-0.7,2.0,0.3,0.04,0.01,23344,-0.28342344594672886,-0.2834234413664123,4.5803165704683124e-09,0.9722038230020047,0.9722038527819999,2.9779995247558588e-08,0.2676909055690513,0.2676909066507265,1.0816751938591551e-09,-0.02181752957519656,-0.021817529558647505,1.6549053794001622e-11,-0.7163701153264923,-0.7163703123803125,-1.9705382015011708e-07
0.02716666666666667,1.0866666666666667,0.04,-0.7,2.0,0.3,0.04,0.01,23351,-0.05739579622826563,-0.057395712074876426,8.415338920153559e-08,1.7477148006594945,1.7477139429320503,-8.577274441812222e-07,0.024467900077984606,0.02446790127411391,1.1961293032436426e-09,-0.058756965514716875,-0.058756987408371396,-2.189365452126557e-08,0.0014256314331828612,0.001425465171324182,-1.6626185867928307e-07
0.17125,1.0866666666666667,0.04,-0.7,2.0,0.3,0.04,0.01,23364,-0.175069207570544,-0.17506916518708554,4.2383458465078405e-08,2.2849454828222093,2.284945407922028,-7.490018116840247e-08,0.1925649101436333,0.19256491822753924,8.083905933542468e-09,-0.05669826040888282,-0.05669825834043703,2.0684457896491537e-09,0.013346216279075396,0.013346032463514965,-1.8381556043077507e-07
0.18233333333333335,1.0866666666666667,0.04,-0.7,2.0,0.3,0.04,0.01,23365,-0.17915930908884992,-0.17915926865413495,4.0434714965176255e-08,2.257861975163422,2.257861854150837,-1.2101258528574022e-07,0.20264538222791728,0.2026453902470834,8.019166108930165e-09,-0.0573054989513877,-0.05730549785818,1.093207697977494e-09,0.012731565390000643,0.01273138341695366,-1.8197304698340522e-07
0.2599166666666667,1.0866666666666667,0.04,-0.7,2.0,0.3,0.04,0.01,23372,-0.2017213990021527,-0.20172136852414693,3.0478005758061144e-08,2.05962194521625,2.0596218513285804,-9.388766963880357e-08,0.25740372512988996,0.2574037301672979,5.037407935226668e-09,-0.06094409804535683,-0.06094409996058819,-1.9152313554537947e-09,0.0030224855868121736,0.003022316911079337,-1.6867573283648254e-07
0.5148333333333334,1.0866666666666667,0.04,-0.7,2.0,0.3,0.04,0.01,23395,-0.24124560230265324,-0.24124558618822337,1.611442987381473e-08,1.6311764272636253,1.6311762902593763,-1.3700424905671582e-07,0.3205344385381892,0.3205344360773409,-2.460848302909824e-09,-0.048960799032826685,-0.04896079886557,1.6725668766648383e-10,-0.07849147614258367,-0.07849163511778136,-1.5897519768659496e-07
0.537,1.0866666666666667,0.04,-0.7,2.0,0.3,0.04,0.01,23397,-0.24355502025674713,-0.24355500479477946,1.5461967678431776e-08,1.6077924436253,1.6077924953406149,5.1715314919320576e-08,0.3225123907243943,0.32251238809807287,-2.626321438103929e-09,-0.04784207732588808,-0.04784207715143306,1.7445501987456424e-10,-0.08747621431159924,-0.08747637372532982,-1.5941373057715147e-07
0.5813333333333334,1.0866666666666667,0.04,-0.7,2.0,0.3,0.04,0.01,23401,-0.24778322081808746,-0.24778320649888305,1.4319204405532915e-08,1.5640382877712966,1.5640382584285812,-2.934271536858546e-08,0.3256293163575452,0.3256293134877296,-2.8698156073758696e-09,-0.04576165308689539,-0.04576165290456728,1.823281109425423e-10,-0.10598982354143027,-0.10598998397338312,-1.6043195284753953e-07
0.7475833333333334,1.0866666666666667,0.04,-0.7,2.0,0.3,0.04,0.01,23416,-0.2594597865918091,-0.25945977519758817,1.1394220955640577e-08,1.4220821520360971,1.4220819413799017,-2.1065619537630198e-07,0.32976457277150706,0.32976456964932865,-3.1221784047019696e-09,-0.039722502493400036,-0.039722502391094684,1.0230535169020172e-10,-0.1797128569072659,-0.17971302159669647,-1.6468943056513474e-07
1.4458333333333333,1.0866666666666667,0.04,-0.7,2.0,0.3,0.04,0.01,23479,-0.27507692432399145,-0.27507691809266205,6.231329396921836e-09,1.0734257538391745,1.0734258015570295,4.771785500068404e-08,0.2970415141462235,0.2970415137360934,-4.1013009655088695e-10,-0.0256793660674548,-0.02567936602985092,3.7603881813952356e-11,-0.49251785861792463,-0.492518038092919,-1.7947499436621328e-07
1.6231666666666666,1.0866666666666667,0.04,-0.7,2.0,0.3,0.04,0.01,23495,-0.2773853778345603,-0.2773853723161355,5.518424772699149e-09,1.0292771246422916,1.0292770939918774,-3.06504142066899e-08,0.28649734369057267,0.2864973439202548,2.2968210666718392e-10,-0.023809019197851278,-0.023809019168162773,2.968850512652388e-11,-0.5685367237745487,-0.5685369075224098,-1.837478611488308e-07
1.8559166666666667,1.0866666666666667,0.04,-0.7,2.0,0.3,0.04,0.01,23516,-0.2801927208651023,-0.2801927160628619,4.8022403831282645e-09,0.9832483049976304,0.9832481524484112,-1.525492191456479e-07,0.2731177195047785,0.27311772036203313,8.572546561502747e-10,-0.02223541875179258,-0.02223541873059568,2.1196898403186282e-11,-0.6688255007533672,-0.6688256922309,-1.9147753282933166e-07
0.11583333333333334,1.0888888888888888,0.04,-0.7,2.0,0.3,0.04,0.01,23540,-0.14397052856357506,-0.1439704741556985,5.440787656518786e-08,2.3159965112373726,2.315996242013318,-2.692240546053881e-07,0.13270597018416597,0.13270597671825948,6.534093516252781e-09,-0.05593594059050133,-0.05593593634568604,4.244815290932458e-09,0.01400733524836717,0.014007145717227389,-1.8953113978086022e-07
0.3596666666666667,1.0888888888888888,0.04,-0.7,2.0,0.3,0.04,0.01,23562,-0.2168544644318149,-0.21685444180238533,2.26294295524454e-08,1.8149493408170514,1.8149492323790999,-1.084379515070566e-07,0.29357902938370595,0.2935790297244481,3.407421567125368e-10,-0.057457435285457326,-0.057457435613450035,-3.2799270938133063e-10,-0.021428062061956688,-0.0214282225166858,-1.6045472911105363e-07
0.5259166666666667,1.0888888888888888,0.04,-0.7,2.0,0.3,0.04,0.01,23577,-0.23884174099403355,-0.238841725331583,1.5662450558728835e-08,1.598377680211982,1.5983776193771908,-6.083479120455593e-08,0.32039853023496656,0.32039852764068116,-2.594285397616858e-09,-0.048160983966150095,-0.04816098379431713,1.718329645239436e-10,-0.0813068822913543,-0.08130704175280108,-1.594614467831379e-07
0.6256666666666667,1.0888888888888888,0.04,-0.7,2.0,0.3,0.04,0.01,23586,-0.24814821157015388,-0.24814819830033583,1.3269818049943538e-08,1.5055872659708314,1.5055872685744767,2.603645299359414e-09,0.326797689736702,0.32679768667145076,-3.0652512195139536e-09,-0.04371668882813262,-0.04371668865574036,1.7239226018928022e-10,-0.12320129642973132,-0.12320145802908412,-1.615993528020221e-07
0.67,1.0888888888888888,0.04,-0.7,2.0,0.3,0.04,0.01,23590,-0.251494392098095,-0.25149437963591353,1.2462181453454235e-08,1.4682531357390616,1.4682531783708157,4.2631754126887245e-08,0.32819117859544944,0.32819117544605436,-3.1493950780614455e-09,-0.04207392870131388,-0.042073928552174,1.4913988100051512e-10,-0.14268066570788385,-0.14268082836143228,-1.6265354843558733e-07
0.6810833333333334,1.0888888888888888,0.04,-0.7,2.0,0.3,0.04,0.01,23591,-0.25226089634483584,-0.2522608840626247,1.2282211137026877e-08,1.4591961028376232,1.4591961053107994,2.473176108352959e-09,0.32842370242008867,0.3284236992656395,-3.1544491463364466e-09,-0.04169194342235061,-0.04169194327945428,1.4289632671582453e-10,-0.14760937261715235,-0.1476095355364709,-1.6291931856371455e-07
0.76975,1.0888888888888888,0.04,-0.7,2.0,0.3,0.04,0.01,23599,-0.2574765449619987,-0.2574765339269386,1.1035060087927206e-08,1.3902950346533771,1.390295069160889,3.4507511958992154e-08,0.3288624809397178,0.3288624778070928,-3.1326249927410288e-09,-0.038972267987769094,-0.03897226790117049,8.659860328830149e-11,-0.18762611042305588,-0.18762627544590516,-1.6502284927444322e-07
0.8140833333333334,1.0888888888888888,0.04,-0.7,2.0,0.3,0.04,0.01,23603,-0.2595417954359691,-0.25954178491007496,1.0525894156288018e-08,1.358168599807641,1.3581685714162288,-2.8391412110195802e-08,0.3282779686256121,0.3282779655661636,-3.0594484723422966e-09,-0.03778280421001812,-0.037782804145779246,6.423887116691063e-11,-0.20788131950916222,-0.2078814855653331,-1.6605617086939972e-07
1.2241666666666666,1.0888888888888888,0.04,-0.7,2.0,0.3,0.04,0.01,23640,-0.2695118389664519,-0.2695118316418673,7.3245846055058905e-09,1.1372524200137235,1.1372523920715019,-2.794222164759219e-08,0.30988412658361497,0.3098841251742375,-1.409377448080562e-09,-0.02898276790674892,-0.02898276786949952,3.72493980105304e-11,-0.3932177751206356,-0.3932179494817442,-1.74361108606913e-07
1.2795833333333333,1.0888888888888888,0.04,-0.7,2.0,0.3,0.04,0.01,23645,-0.270340534637703,-0.2703405276287107,7.008992330970187e-09,1.116824022151519,1.116823996362702,-2.5788817081817683e-08,0.3066395707457259,0.30663956958964605,-1.1560798429677277e-09,-0.028042700557506794,-0.028042700520332402,3.7174392036876114e-11,-0.4174766127454377,-0.41747678807650995,-1.7533107227185596e-07
1.4790833333333333,1.0888888888888888,0.04,-0.7,2.0,0.3,0.04,0.01,23663,-0.2731599874467028,-0.2731599814004534,6.0462493900459435e-09,1.056249232522788,1.0562491078576528,-1.2466513510389632e-07,0.29477621658335895,0.2947762162696389,-3.137200499381265e-10,-0.02524725693536789,-0.025247256898198515,3.716937521658359e-11,-0.5035183498780516,-0.5035185289883358,-1.7911028427075593e-07
1.6453333333333333,1.0888888888888888,0.04,-0.7,2.0,0.3,0.04,0.01,23678,-0.2753979503433701,-0.27539794493143305,5.411937065158412e-09,1.01717513301125,1.0171750636190489,-6.939220109636324e-08,0.2849891295350626,0.2849891298025445,2.674818699865966e-10,-0.023591416559720635,-0.023591416528514948,3.120568733971929e-11,-0.5745198788326134,-0.5745200619877044,-1.8315509109356753e-07
1.8226666666666667,1.0888888888888888,0.04,-0.7,2.0,0.3,0.04,0.01,23694,-0.27762352014099045,-0.27762351526849083,4.8724996259963405e-09,0.9827296698627919,0.9827297198572789,4.999448699471998e-08,0.27484206097522224,0.27484206172608755,7.508653143695199e-10,-0.022383725804542287,-0.022383725781932033,2.261025394689753e-11,-0.6506364019492894,-0.6506365908210414,-1.8887175201598438e-07
1.9224166666666667,1.0888888888888888,0.04,-0.7,2.0,0.3,0.04,0.01,23703,-0.2787683077087877,-0.27876830308955153,4.619236160241513e-09,0.9655223065507812,0.9655222545767032,-5.197407804136134e-08,0.2693015379723329,0.26930153894284964,9.705167225426692e-10,-0.021904800654448664,-0.0219048006338304,2.0618264040539458e-11,-0.6939431846486599,-0.6939433774478554,-1.9279919549752833e-07
0.16016666666666668,1.0911111111111111,0.04,-0.7,2.0,0.3,0.04,0.01,23725,-0.16067774356670617,-0.16067770015655783,4.341014833708634e-08,2.19355298924917,2.1935528925336736,-9.671549650036582e-08,0.1776404766720696,0.17764048457558268,7.903513066231938e-09,-0.05440136840034748,-0.05440136559688686,2.803460623368448e-09,0.014099772033815405,0.014099584845164655,-1.8718865074998647e-07
0.537,1.0911111111111111,0.04,-0.7,2.0,0.3,0.04,0.01,23759,-0.23650044414125215,-0.23650042892130926,1.5219942889332927e-08,1.5668730424245325,1.56687301853856,-2.388597253322189e-08,0.3202078099492911,0.32020780723823494,-2.7110561573451264e-09,-0.04738239940127453,-0.047382399225342264,1.7593226875334267e-10,-0.08413451770633573,-0.08413467761671507,-1.5991037934093288e-07
0.6145833333333334,1.0911111111111111,0.04,-0.7,2.0,0.3,0.04,0.01,23766,-0.24389173518046814,-0.2438917217879445,1.3392523645627818e-08,1.4973025597164735,1.4973025076429038,-5.20735696785124e-08,0.3253050939613922,0.32530509088667825,-3.07471392790859e-09,-0.043970599079012906,-0.04397059890697082,1.7204208890841954e-10,-0.11654404807437402,-0.1165442094923619,-1.6141798787894235e-07
1.2795833333333333,1.0911111111111111,0.04,-0.7,2.0,0.3,0.04,0.01,23826,-0.2678690592416988,-0.2678690522870781,6.954620712651405e-09,1.107516511833495,1.1075164671373992,-4.469609593549251e-08,0.3062644128223879,0.3062644116314075,-1.1909804253917855e-09,-0.028009224151415157,-0.02800922411247495,3.894020869643633e-11,-0.4144895177360386,-0.4144896921687544,-1.7443271582706643e-07
1.4458333333333333,1.0911111111111111,0.04,-0.7,2.0,0.3,0.04,0.01,23841,-0.2703429046752026,-0.27034289853555277,6.13964984408355e-09,1.0569238040325502,1.0569237856433003,-1.838924990060775e-08,0.29645747189444016,0.2964574714196816,-4.747585657938203e-10,-0.02561776141968286,-0.025617761381632888,3.8049972894693695e-11,-0.48606056761407723,-0.48606074498525476,-1.773711775232556e-07
1.601,1.0911111111111111,0.04,-0.7,2.0,0.3,0.04,0.01,23855,-0.272538603171002,-0.27253859764279575,5.528206226124155e-09,1.0194263544427429,1.0194264213584951,6.691575227257829e-08,0.2873442628559264,0.28734426294894394,9.301753811641333e-11,-0.0239481978031586,-0.02394819776763232,3.5526279834607877e-11,-0.5521534329994138,-0.5521536137900575,-1.8079064367793052e-07
1.6453333333333333,1.0911111111111111,0.04,-0.7,2.0,0.3,0.04,0.01,23859,-0.27314556005214596,-0.273145554675693,5.376452949512611e-09,1.0099835801025137,1.0099836246981198,4.4595606096820006e-08,0.2847726252827587,0.2847726255198765,2.3711776986345967e-10,-0.023561778771108433,-0.023561778739281863,3.182656915790005e-11,-0.5710232485633959,-0.5710234305133037,-1.8194990780706632e-07
1.76725,1.0911111111111111,0.04,-0.7,2.0,0.3,0.04,0.01,23870,-0.2747525011215224,-0.27475249612092134,5.000601044358177e-09,0.9862001437710433,0.986200129349936,-1.4421107308315584e-08,0.2778011149415227,0.2778011155275997,5.860769647370034e-10,-0.022679772093137096,-0.022679772067545612,2.5591483793219183e-11,-0.6230886925898127,-0.6230888782099617,-1.8562014902911983e-07
1.8891666666666667,1.0911111111111111,0.04,-0.7,2.0,0.3,0.04,0.01,23881,-0.2762454847088369,-0.276245480033603,4.675233922224464e-09,0.9648713050758317,0.9648713456809306,4.060509883885288e-08,0.27099982278538937,0.27099982365752323,8.721338651263011e-10,-0.022025063340647133,-0.0220250633177895,2.2857632453465726e-11,-0.6756293213627806,-0.6756295114252232,-1.9006244256214444e-07
2.0,1.0911111111111111,0.04,-0.7,2.0,0.3,0.04,0.01,23891,-0.2774835764582373,-0.27748357203513074,4.423106547690736e-09,0.9469861173005967,0.9469861426277273,2.5327130614982707e-08,0.2649831813431036,0.2649831824274054,1.0843017594908133e-09,-0.021589031985458362,-0.021589031970232903,1.522545978183132e-11,-0.7239858607357985,-0.7239860555230588,-1.9478726032140514e-07
0.08258333333333334,1.0933333333333333,0.04,-0.7,2.0,0.3,0.04,0.01,23899,-0.11143121896539654,-0.11143115736447876,6.160091778339982e-08,2.1234220382027047,2.1234216164438897,-4.217588149835194e-07,0.0898617504369037,0.08986175483630839,4.3994046877715576e-09,-0.05568052699966852,-0.055680530977130084,-3.9774615614995845e-09,0.01152411980037682,0.01152393211058465,-1.876897921700149e-07
0.138,1.0933333333333333,0.04,-0.7,2.0,0.3,0.04,0.01,23904,-0.145800169057686,-0.14580012177928334,4.72784026650519e-08,2.1632551250316823,2.1632549028098946,-2.2222178763797729e-07,0.15278051038403184,0.15278051766338935,7.279357505662887e-09,-0.05283794053512203,-0.0528379365037082,4.0314138277652845e-09,0.014294070984355312,0.014293880709708835,-1.902746464763072e-07
0.271,1.0933333333333333,0.04,-0.7,2.0,0.3,0.04,0.01,23916,-0.19111303033836347,-0.19111300198928555,2.8349077918488064e-08,1.9168874598740615,1.91688745946869,-4.0537151413388983e-10,0.2575025728435154,0.25750257731911674,4.47560133398639e-09,-0.059450856008669284,-0.05945085791601705,-1.90734776583934e-09,0.0030686285096281907,0.003068458654872935,-1.698547552556745e-07
0.90275,1.0933333333333333,0.04,-0.7,2.0,0.3,0.04,0.01,23973,-0.2570966801754282,-0.2570966706822583,9.493169916829913e-09,1.2732350007649273,1.2732349204739246,-8.029100273532208e-08,0.32460131468459164,0.32460131181641777,-2.868173865078205e-09,-0.03546264846249203,-0.03546264843094264,3.1549388102014575e-11,-0.24369953104425024,-0.24369969821779064,-1.671735403996344e-07
0.9692500000000001,1.0933333333333333,0.04,-0.7,2.0,0.3,0.04,0.01,23979,-0.25914667616838694,-0.25914666724078944,8.927597494601258e-09,1.2345489464049564,1.2345489351415362,-1.1263420196527818e-08,0.3221158046157191,0.3221158019895801,-2.626138972949832e-09,-0.03397530997956144,-0.03397530995502159,2.4539849319271667e-11,-0.2739007470128896,-0.2739009154417283,-1.6842883870937797e-07
1.0246666666666666,1.0933333333333333,0.04,-0.7,2.0,0.3,0.04,0.01,23984,-0.26057294465309244,-0.26057293615483124,8.49826120585817e-09,1.2050467512736418,1.2050466974212781,-5.385236367949631e-08,0.31965037544684494,0.3196503730516073,-2.3952376193570046e-09,-0.03278560805841657,-0.032785608033681156,2.473541510505939e-11,-0.2989291200533595,-0.2989292894806797,-1.6942732022906526e-07
1.1244166666666666,1.0933333333333333,0.04,-0.7,2.0,0.3,0.04,0.01,23993,-0.26270450809828816,-0.26270450028738646,7.810901703209083e-09,1.1579558756302788,1.1579558462972976,-2.933298115515015e-08,0.31459690968654863,0.31459690774171706,-1.9448315735637323e-09,-0.03075960671672373,-0.030759606686994807,2.972892418351414e-11,-0.3435151912065115,-0.34351536231714347,-1.7111063194130693e-07
1.3571666666666666,1.0933333333333333,0.04,-0.7,2.0,0.3,0.04,0.01,24014,-0.26664787319607974,-0.26664786669541735,6.500662397268542e-09,1.0736001310185372,1.0736001472324208,1.6213883569093923e-08,0.3013541883870041,0.3013541875135777,-8.734264422827209e-10,-0.026779278985145094,-0.02677927894639639,3.8748705633029346e-11,-0.4449671389905596,-0.4449673137677182,-1.7477715857916465e-07
1.5234166666666666,1.0933333333333333,0.04,-0.7,2.0,0.3,0.04,0.01,24029,-0.2691570027402168,-0.26915699695873674,5.781480072464262e-09,1.02948422009419,1.0294842132675115,-6.8266785557824505e-09,0.2916100332134297,0.2916100330073246,-2.0610513296048794e-10,-0.024686526981232415,-0.024686526945174724,3.605769155479166e-11,-0.515832522024473,-0.5158326998867362,-1.7786226313987186e-07
1.8448333333333333,1.0933333333333333,0.04,-0.7,2.0,0.3,0.04,0.01,24058,-0.27356365739472643,-0.2735636526296472,4.765079220092616e-09,0.966025759385758,0.9660257623953621,3.0096041214733305e-09,0.2732963575616254,0.2732963583070476,7.454222239466901e-10,-0.022212462189585835,-0.022212462166752572,2.2833263058075204e-11,-0.6527028816372127,-0.6527030686608504,-1.8702363768774433e-07
0.24883333333333335,1.0955555555555556,0.04,-0.7,2.0,0.3,0.04,0.01,24095,-0.18120969095425377,-0.18120966093113183,3.002312193300938e-08,1.9228809877702702,1.922880917811613,-6.995865708958604e-08,0.24338575678878316,0.24338576246304178,5.674258618526551e-09,-0.058436181070709026,-0.05843618312179608,-2.051087057142187e-09,0.007552088823747916,0.0075519147698554214,-1.7405389249412068e-07
0.50375,1.0955555555555556,0.04,-0.7,2.0,0.3,0.04,0.01,24118,-0.22581918718622696,-0.2258191712893549,1.5896872068710266e-08,1.5569758371469788,1.5569758269309317,-1.0216047119371297e-08,0.3144575006214234,0.3144574980859397,-2.5354837118740647e-09,-0.04851716621956381,-0.04851716606196043,1.5760338173409494e-10,-0.06784507962515063,-0.0678452397147974,-1.6008964677516335e-07
0.6256666666666667,1.0955555555555556,0.04,-0.7,2.0,0.3,0.04,0.01,24129,-0.23828659257818519,-0.23828657961068486,1.296750032353522e-08,1.4530983416527476,1.4530984371684232,9.551567559107355e-08,0.32373645293320985,0.32373644976066385,-3.1725460036824416e-09,-0.04316010916466384,-0.04316010899674189,1.6792194718062703e-10,-0.11762095527084737,-0.11762111702996068,-1.6175911331239856e-07
1.0025,1.0955555555555556,0.04,-0.7,2.0,0.3,0.04,0.01,24163,-0.25733757001378255,-0.25733756142193914,8.591843403404908e-09,1.2050461850598992,1.2050461417956488,-4.3264250404462246e-08,0.3200974320929917,0.3200974295718568,-2.521134911948053e-09,-0.0331987661303379,-0.03319876610673151,2.3606387677954643e-11,-0.2863895568328001,-0.28638972528372064,-1.684509205457374e-07
1.10225,1.0955555555555556,0.04,-0.7,2.0,0.3,0.04,0.01,24172,-0.2596843615643163,-0.2596843536766017,7.887714592591522e-09,1.1572191649378283,1.157219200055674,3.511784574250498e-08,0.31527093630606684,0.3152709342294551,-2.0766117159176645e-09,-0.03115007586790286,-0.031150075839775047,2.8127812579104017e-11,-0.3309680800628323,-0.33096825010713393,-1.7004430163947148e-07
1.23525,1.0955555555555556,0.04,-0.7,2.0,0.3,0.04,0.01,24184,-0.2622228858764619,-0.26222287879674644,7.079715480529103e-09,1.1043458314485832,1.1043457903653568,-4.108322637641493e-08,0.3080115490824986,0.3080115476293256,-1.4531730263556142e-09,-0.028680103870692975,-0.028680103835398697,3.529427791693074e-11,-0.3893674659249946,-0.38936763792764506,-1.7200265045591578e-07
1.2574166666666666,1.0955555555555556,0.04,-0.7,2.0,0.3,0.04,0.01,24186,-0.26260878729394976,-0.2626087803365925,6.957357245873652e-09,1.0966003050061346,1.096600300260209,-4.745925652471783e-09,0.30675141733382816,0.3067514159807843,-1.353043843632662e-09,-0.02830323453578698,-0.028303234497571335,3.8215645925543384e-11,-0.3989849069674367,-0.3989850792910748,-1.7232363808128426e-07
1.6564166666666666,1.0955555555555556,0.04,-0.7,2.0,0.3,0.04,0.01,24222,-0.26884846687419417,-0.2688484616007186,5.273475545131134e-09,0.993542886851273,0.9935428780868439,-8.764429071383972e-09,0.28368303618436785,0.28368303639372544,2.0935758682227856e-10,-0.02340892681834683,-0.02340892678638317,3.196366088475955e-11,-0.568775570263802,-0.5687757501036327,-1.7983983069402854e-07
0.02716666666666667,1.0977777777777777,0.04,-0.7,2.0,0.3,0.04,0.01,24256,-0.04085299996903213,-0.04085293490117349,6.506785864279774e-08,1.2512251679197561,1.2512243155549327,-8.52364823389351e-07,0.019230320789376254,0.019230321635533336,8.461570819018327e-10,-0.039094985525844894,-0.03909502372662877,-3.820078387645198e-08,-0.00159492505258374,-0.0015950936607177194,-1.6860813397941501e-07
0.50375,1.0977777777777777,0.04,-0.7,2.0,0.3,0.04,0.01,24299,-0.22238271430996548,-0.22238269856869872,1.5741266762292483e-08,1.5358847083035698,1.5358846897734137,-1.8530156076224102e-08,0.31315873391668525,0.31315873134990624,-2.566779011559106e-09,-0.048249539836842104,-0.048249539680594075,1.5624802840452645e-10,-0.0663427700028918,-0.06634293041992091,-1.6041702911862021e-07
0.6145833333333334,1.0977777777777777,0.04,-0.7,2.0,0.3,0.04,0.01,24309,-0.2340869138356405,-0.23408690076406174,1.3071578763845793e-08,1.4443582774248398,1.4443582885493862,1.1124546395180346e-08,0.32212541550169504,0.3221254123259236,-3.1757714236135826e-09,-0.04338364763434299,-0.04338364746680249,1.6754050230494144e-10,-0.11110874451186747,-0.11110890615657434,-1.6164470686974575e-07
0.6256666666666667,1.0977777777777777,0.04,-0.7,2.0,0.3,0.04,0.01,24310,-0.23507664453525923,-0.23507663167484297,1.2860416259696805e-08,1.4358789046653442,1.435878854376715,-5.028862926081956e-08,0.32267673736569025,0.322676734161501,-3.2041892472634004e-09,-0.04296664742969858,-0.04296664726269515,1.6700343191677902e-10,-0.11580454306964194,-0.11580470488130723,-1.6181166528905777e-07
0.8473333333333334,1.0977777777777777,0.04,-0.7,2.0,0.3,0.04,0.01,24330,-0.249261052350791,-0.24926104249924286,9.851548132822074e-09,1.2816974370721823,1.2816974205734064,-1.649877590104154e-08,0.3246903465717321,0.3246903434781295,-3.093602651826899e-09,-0.03657562543446513,-0.03657562539397736,4.048777285659e-11,-0.21391087775851636,-0.21391104314026854,-1.6538175218183682e-07
1.10225,1.0977777777777777,0.04,-0.7,2.0,0.3,0.04,0.01,24353,-0.2571244131874262,-0.25712440536749664,7.819929537244974e-09,1.1467496563444257,1.1467495391054432,-1.1723898252213871e-07,0.3147576429812782,0.31475764087728275,-2.103995422331195e-09,-0.031102102468760773,-0.03110210244334838,2.541239441100629e-11,-0.3282905515947232,-0.3282907209325125,-1.6933778929084653e-07
1.16875,1.0977777777777777,0.04,-0.7,2.0,0.3,0.04,0.01,24359,-0.2585126628626422,-0.25851265546142627,7.401215917912651e-09,1.1194306093198492,1.1194305915847518,-1.7735097390669807e-08,0.3112508806668579,0.3112508788708164,-1.7960414822049131e-09,-0.029829581449647424,-0.029829581418648096,3.099932810446404e-11,-0.35754662844417195,-0.35754679870516975,-1.7026099780048654e-07
1.1909166666666666,1.0977777777777777,0.04,-0.7,2.0,0.3,0.04,0.01,24361,-0.25894592710878905,-0.25894591983963366,7.26915538873385e-09,1.110969288786734,1.1109692282116186,-6.057511536816662e-08,0.3100420578519558,0.31004205615834013,-1.6936156921332213e-09,-0.029423283399721,-0.029423283367178206,3.2542794847767453e-11,-0.36723071508037997,-0.3672308856409669,-1.7056058693176723e-07
1.6675,1.0977777777777777,0.04,-0.7,2.0,0.3,0.04,0.01,24404,-0.2668123011992374,-0.26681229599119566,5.208041720106138e-09,0.9844124460034465,0.9844124124034803,-3.359996614271665e-08,0.2828197006510269,0.28281970086033614,2.0930923660955614e-10,-0.0232883519019067,-0.023288351873356754,2.8549947128642117e-11,-0.5699956075452817,-0.5699957864711162,-1.7892583448197996e-07
1.8005,1.0977777777777777,0.04,-0.7,2.0,0.3,0.04,0.01,24416,-0.26870270870560375,-0.26870270387176326,4.833840494544717e-09,0.9607017403823193,0.9607018629045094,1.225221901712814e-07,0.27539572512030874,0.2753957257034931,5.831843341574938e-10,-0.02239352209193468,-0.02239352206815676,2.3777920604706182e-11,-0.6263431710060163,-0.6263433538611879,-1.828551715599147e-07
1.8891666666666667,1.0977777777777777,0.04,-0.7,2.0,0.3,0.04,0.01,24424,-0.2698750809657091,-0.26987507635366753,4.612041581975035e-09,0.9462933825421516,0.9462933350592011,-4.748295046042017e-08,0.2705534890634631,0.2705534898508547,7.873915963685363e-10,-0.021943373049171377,-0.021943373032199846,1.6971531818787966e-11,-0.6642546817867134,-0.6642548677863843,-1.8599967088750446e-07
1.9335,1.0977777777777777,0.04,-0.7,2.0,0.3,0.04,0.01,24428,-0.27043206445503953,-0.27043205994670505,4.508334483510623e-09,0.9394066469159412,0.9394066052893476,-4.1626593616506113e-08,0.26816780163252396,0.26816780251376093,8.812369722832614e-10,-0.021755593275774032,-0.021755593255832296,1.994173576269631e-11,-0.6833461330132962,-0.683346320753744,-1.8774044785452304e-07
0.21558333333333335,1.1,0.04,-0.7,2.0,0.3,0.04,0.01,24454,-0.16285046357200628,-0.16285043087516063,3.269684564766173e-08,1.899436197216886,1.8994360807157846,-1.1650110143257564e-07,0.21692993349253786,0.21692994062914184,7.136603974444711e-09,-0.055209636218855884,-0.05520963759044563,-1.3715897445587544e-09,0.01248800871822553,0.01248782712233483,-1.8159589069977056e-07
0.48158333333333336,1.1,0.04,-0.7,2.0,0.3,0.04,0.01,24478,-0.21617992094186134,-0.2161799046960422,1.6245819134397266e-08,1.5346769577373465,1.5346768247581515,-1.3297919498889144e-07,0.30908581567207216,0.3090858132984464,-2.373625740403895e-09,-0.049080787926092384,-0.04908078778521007,1.4088231276021546e-10,-0.056572062107906884,-0.056572222853245396,-1.6074533851218042e-07
0.5259166666666667,1.1,0.04,-0.7,2.0,0.3,0.04,0.01,24482,-0.22165382858846394,-0.2216538136271081,1.496135584866387e-08,1.4962236394300277,1.4962235831216515,-5.630837618397777e-08,0.31424906543398023,0.3142490626529716,-2.7810086455914984e-09,-0.0469191191704299,-0.04691911900601991,1.6440999256461808e-10,-0.07337970636733804,-0.07337986719705286,-1.608297148236737e-07
0.7365,1.1,0.04,-0.7,2.0,0.3,0.04,0.01,24501,-0.2403947352114244,-0.2403947241871464,1.1024277990490106e-08,1.3404043652798237,1.3404044049001818,3.962035810545217e-08,0.3246523111638533,0.3246523078534045,-3.3104488039725766e-09,-0.039256753986693926,-0.0392567538898521,9.684182622482496e-11,-0.16211187510967173,-0.16211203851005854,-1.6340038680451308e-07
0.9138333333333334,1.1,0.04,-0.7,2.0,0.3,0.04,0.01,24517,-0.24914951143012454,-0.24914950227722363,9.152900909414896e-09,1.2294413431757079,1.2294412077647534,-1.3541095444935536e-07,0.32222511911289553,0.3222251161965256,-2.9163699233336615e-09,-0.034976782583018284,-0.03497678255830546,2.4712822066508267e-11,-0.241583599986106,-0.24158376599311923,-1.6600701321922706e-07
1.0911666666666666,1.1,0.04,-0.7,2.0,0.3,0.04,0.01,24533,-0.2543297398646671,-0.2543297320440754,7.820591729768012e-09,1.1411238232117427,1.1411237888044912,-3.440725149239654e-08,0.314787752227208,0.31478775004332515,-2.183882852335728e-09,-0.03127018844029106,-0.03127018841437645,2.5914610735089383e-11,-0.32074281524463455,-0.32074298373557797,-1.6849094341964133e-07
1.16875,1.1,0.04,-0.7,2.0,0.3,0.04,0.01,24540,-0.2560359727515893,-0.2560359654120191,7.339570173847676e-09,1.1096046748093613,1.10960467882316,4.013798626800735e-09,0.31077005797103263,0.31077005614753384,-1.8234987964049765e-09,-0.029784555167500226,-0.029784555132717525,3.4782701024971274e-11,-0.35479168117164006,-0.35479185065767366,-1.6948603359656644e-07
1.4901666666666666,1.1,0.04,-0.7,2.0,0.3,0.04,0.01,24569,-0.2618276387916785,-0.2618276330043844,5.787294088399619e-09,1.0140992490192957,1.0140992572454937,8.226197945049307e-09,0.29263943659763036,0.29263943617239146,-4.252388996484058e-10,-0.024950930404832317,-0.024950930367930366,3.6901950245527004e-11,-0.4920390794072027,-0.4920392533679464,-1.7396074369901982e-07
1.8448333333333333,1.1,0.04,-0.7,2.0,0.3,0.04,0.01,24601,-0.2671867058504085,-0.26718670115694565,4.6934628405992385e-09,0.9471062656363216,0.9471062493564315,-1.6279890102666172e-08,0.27278549081188874,0.27278549147051984,6.586310941081308e-10,-0.02212551872909918,-0.022125518705326974,2.3772206425576314e-11,-0.6415611281751499,-0.6415613112332869,-1.8305813698216156e-07
0.138,1.1022222222222222,0.04,-0.7,2.0,0.3,0.04,0.01,24628,-0.12766531190255836,-0.1276652681622449,4.3740313454554425e-08,1.9202402334883573,1.9202400240913704,-2.0939698686106567e-07,0.14406281971940382,0.14406282661292394,6.893520115847096e-09,-0.04846788527634871,-0.04846788192608117,3.3502675425567396e-09,0.014422496225074966,0.014422303065798881,-1.9315927608440364e-07
0.14908333333333335,1.1022222222222222,0.04,-0.7,2.0,0.3,0.04,0.01,24629,-0.1329376416059347,-0.13293759985715325,4.1748781431927284e-08,1.9197945899662727,1.9197944048673041,-1.8509896859697506e-07,0.15553602448786785,0.15553603176475625,7.276888397411696e-09,-0.048959963292460884,-0.04895996035492401,2.9375368734707585e-09,0.014707265349189758,0.014707072971819573,-1.9237737018500123e-07
0.6256666666666667,1.1022222222222222,0.04,-0.7,2.0,0.3,0.04,0.01,24672,-0.2287707246045878,-0.22877071197435253,1.2630235274313506e-08,1.4018862959375156,1.4018862622922943,-3.364522127569103e-08,0.32050198933986085,0.3205019860776057,-3.262255132696623e-09,-0.042568569271206336,-0.04256856910949883,1.6170750849475723e-10,-0.11223598586518335,-0.11223614778223315,-1.6191704979573451e-07
0.63675,1.1022222222222222,0.04,-0.7,2.0,0.3,0.04,0.01,24673,-0.22976603172769616,-0.22976601929356,1.243413616514033e-08,1.3940274656842888,1.39402734169404,-1.239902487348843e-07,0.3210394539154837,0.32103945063248257,-3.2830011487128274e-09,-0.0421759520333187,-0.04217595187549866,1.5782003481845663e-10,-0.11691047412915045,-0.11691063616556398,-1.6203641352297016e-07
0.67,1.1022222222222222,0.04,-0.7,2.0,0.3,0.04,0.01,24676,-0.23257261310999366,-0.23257260123299783,1.1876995831272552e-08,1.3707940282881026,1.3707939526265045,-7.566159809790918e-08,0.32234631793998103,0.3223463146066685,-3.333312514897102e-09,-0.04106627450234379,-0.041066274360271444,1.4207234694252335e-10,-0.13110423585066533,-0.13110439827436687,-1.624237015440677e-07
0.8584166666666667,1.1022222222222222,0.04,-0.7,2.0,0.3,0.04,0.01,24693,-0.2441315716111836,-0.2441315620361117,9.57507190202378e-09,1.2490441014811893,1.2490441303835287,2.8902339410663558e-08,0.3229522157796594,0.3229522126646478,-3.115011582011107e-09,-0.03612165845462423,-0.03612165842126881,3.335541565174793e-11,-0.21439418599111804,-0.2143943508041636,-1.6481304557225407e-07
1.2906666666666666,1.1022222222222222,0.04,-0.7,2.0,0.3,0.04,0.01,24732,-0.256027973938866,-0.2560279673201611,6.6187049174715185e-09,1.0586992060801492,1.0586992120455612,5.965411942199239e-09,0.303615448406791,0.30361544711218585,-1.29460514530777e-09,-0.027639069132834315,-0.027639069097482233,3.535208237259724e-11,-0.4045707858804648,-0.40457095600424153,-1.7012377673264467e-07
1.3571666666666666,1.1022222222222222,0.04,-0.7,2.0,0.3,0.04,0.01,24738,-0.25725726217395994,-0.2572572558738021,6.300157839866927e-09,1.0394668126245676,1.039466839777929,2.715336133718438e-08,0.2998704811210673,0.29987048012469375,-9.96373539230433e-10,-0.026629610365980216,-0.026629610326248276,3.9731939960319096e-11,-0.4328455244506646,-0.43284569539765777,-1.7094699317210527e-07
1.36825,1.1022222222222222,0.04,-0.7,2.0,0.3,0.04,0.01,24739,-0.25745715128061564,-0.2574571450315967,6.249018913440096e-09,1.0364533620244032,1.0364533248993217,-3.712508145348181e-08,0.2992427141715326,0.29924271322497215,-9.4656044113961e-10,-0.02647116969317631,-0.026471169653751625,3.9424685738254084e-11,-0.43753692668346833,-0.4375370977749868,-1.710915184527373e-07
1.3793333333333333,1.1022222222222222,0.04,-0.7,2.0,0.3,0.04,0.01,24740,-0.25765579344749767,-0.2576557872465403,6.200957358704073e-09,1.0334910260922925,1.033491068004583,4.1912290527079676e-08,0.2986142911254319,0.2986142902223617,-9.030702297074811e-10,-0.026315553242339806,-0.026315553201094972,4.124483393708189e-11,-0.4422229856063109,-0.44222315684743607,-1.7124112516864187e-07
1.6120833333333333,1.1022222222222222,0.04,-0.7,2.0,0.3,0.04,0.01,24761,-0.26159230790689936,-0.26159230258963134,5.3172680147817175e-09,0.9809927203896507,0.9809928281707653,1.0778111458886741e-07,0.2854297966484176,0.28542979662233087,-2.608674387616361e-11,-0.023682432550575783,-0.023682432518393547,3.2182236042732626e-11,-0.5398933526448713,-0.5398935278842334,-1.7523936213237334e-07
1.7894166666666667,1.1022222222222222,0.04,-0.7,2.0,0.3,0.04,0.01,24777,-0.2643015507616808,-0.26430154595197525,4.809705578256995e-09,0.9496806618880527,0.9496806717754502,9.887397567354128e-09,0.2756071690326878,0.2756071695295035,4.968156996909556e-10,-0.022394711365891773,-0.02239471134312489,2.2766882129543475e-11,-0.6144036743266357,-0.6144038542606299,-1.7993399425986212e-07
0.02716666666666667,1.1044444444444443,0.04,-0.7,2.0,0.3,0.04,0.01,24799,-0.03333163267865702,-0.03333157804363525,5.4635021770610415e-08,1.012139511091803,1.0121387787002578,-7.323915451884488e-07,0.016325434253061655,0.01632543493428547,6.812238169395801e-10,-0.028958415083657485,-0.028958460849648978,-4.576599149305749e-08,-0.002604336369893545,-0.002604506186946213,-1.6981705266809477e-07
0.08258333333333334,1.1044444444444443,0.04,-0.7,2.0,0.3,0.04,0.01,24804,-0.09001759681659394,-0.09001754365948586,5.3157108076407056e-08,1.7404356955630362,1.7404352877808733,-4.077821629255851e-07,0.08056268674033751,0.08056269056002895,3.819691438144979e-09,-0.04707640526013801,-0.047076411737173626,-6.4770356161814036e-09,0.010280545779117745,0.010280355608925443,-1.9017019230183063e-07
0.3264166666666667,1.1044444444444443,0.04,-0.7,2.0,0.3,0.04,0.01,24826,-0.18368389592460233,-0.1836838734929152,2.243168711890675e-08,1.655213932583166,1.6552138630629518,-6.952021425199462e-08,0.2715279954915162,0.2715279971353753,1.6438591043943518e-09,-0.05608838771181679,-0.056088388691080925,-9.792641350592213e-10,-0.0052371407280316085,-0.005237308522877371,-1.6779484576269488e-07
0.63675,1.1044444444444443,0.04,-0.7,2.0,0.3,0.04,0.01,24854,-0.22668655683483196,-0.2266865445134025,1.2321429460060429e-08,1.3775256657577728,1.3775256079541387,-5.7803634101460943e-08,0.3199456005839596,0.3199455972738093,-3.310150320512406e-09,-0.04197772194569627,-0.041977721792105065,1.5359120225655332e-10,-0.11513169106996957,-0.11513185313668362,-1.6206671404894735e-07
0.67,1.1044444444444443,0.04,-0.7,2.0,0.3,0.04,0.01,24857,-0.2295439507471464,-0.2295439389759018,1.17712445901752e-08,1.3550262245587419,1.3550260943954362,-1.3016330568937917e-07,0.3213102238475152,0.3213102204953673,-3.3521478925990777e-09,-0.040885764340248265,-0.040885764203116355,1.3713190999409264e-10,-0.12924910596373573,-0.1292492683490211,-1.6238528535716945e-07
0.9138333333333334,1.1044444444444443,0.04,-0.7,2.0,0.3,0.04,0.01,24879,-0.24373925122916917,-0.24373924223970264,8.989466532272061e-09,1.205248695290706,1.2052486169344288,-7.835627724439576e-08,0.320820368837349,0.3208203658755501,-2.9617989172336934e-09,-0.0348074257580655,-0.03480742573823092,1.9834585363032176e-11,-0.23691021197813633,-0.23691037706830273,-1.6509016639854046e-07
1.3904166666666666,1.1044444444444443,0.04,-0.7,2.0,0.3,0.04,0.01,24922,-0.2555721564126423,-0.2555721503075491,6.105093208752521e-09,1.0224080637666333,1.0224080453127273,-1.8453905958892847e-08,0.29760787249810683,0.2976078716125775,-8.855293165410671e-10,-0.02612265234014366,-0.0261226523011992,3.894445876895247e-11,-0.4438729662697982,-0.44387313668026335,-1.7041046512789038e-07
1.4236666666666666,1.1044444444444443,0.04,-0.7,2.0,0.3,0.04,0.01,24925,-0.25617634512670184,-0.25617633916219884,5.9645030026089785e-09,1.0141450179634859,1.0141451049260188,8.696253295248368e-08,0.2957350851662266,0.2957350844160915,-7.501351206862239e-10,-0.025681902084406794,-0.02568190204556901,3.8837783683520755e-11,-0.4578416585548917,-0.45784182940772494,-1.7085283327000766e-07
1.5455833333333333,1.1044444444444443,0.04,-0.7,2.0,0.3,0.04,0.01,24936,-0.2583084481908027,-0.25830844268499403,5.505808642336518e-09,0.987003051511337,0.9870029986009059,-5.2910431147523695e-08,0.28887114936176905,0.28887114907761724,-2.841518131901921e-10,-0.024278309136704923,-0.02427830910280933,3.38955946643793e-11,-0.5088145177603587,-0.5088146905409507,-1.7278059205594332e-07
1.8559166666666667,1.1044444444444443,0.04,-0.7,2.0,0.3,0.04,0.01,24964,-0.2631626622656702,-0.2631626576430015,4.622668692277898e-09,0.9329600536567284,0.9329600867275702,3.307084184278608e-08,0.2718149579386542,0.27181495856820503,6.295508558906704e-10,-0.022008980785082066,-0.022008980761965363,2.3116702996262006e-11,-0.6389211835866604,-0.6389213644126037,-1.8082594333002078e-07
1.867,1.1044444444444443,0.04,-0.7,2.0,0.3,0.04,0.01,24965,-0.2633189622328058,-0.26331895763312874,4.599677083660936e-09,0.9312858650911693,0.9312858812073939,1.611622457708961e-08,0.27122274572882743,0.271222746379745,6.509175420887914e-10,-0.021955976916288034,-0.021955976893288813,2.2999220583574953e-11,-0.6436232378534412,-0.643623419063185,-1.812097437658977e-07
1.8780833333333333,1.1044444444444443,0.04,-0.7,2.0,0.3,0.04,0.01,24966,-0.2634739670237529,-0.2634739624500797,4.57367321793356e-09,0.9296237668543483,0.9296237561486546,-1.070569377592534e-08,0.27063190177895047,0.2706319024582526,6.793021145590217e-10,-0.021904554695362233,-0.02190455467187395,2.348828423426319e-11,-0.6483309765392686,-0.6483311581419031,-1.8160263448585567e-07
1.8891666666666667,1.1044444444444443,0.04,-0.7,2.0,0.3,0.04,0.01,24967,-0.26362766695597895,-0.263627662407193,4.548785959013202e-09,0.927973375919322,0.9279732773252803,-9.859404170864394e-08,0.27004244210371287,0.2700424428076838,7.039709370992853e-10,-0.021854680755939437,-0.021854680734875176,2.1064261446213095e-11,-0.6530445424038356,-0.653044724405516,-1.8200168039328446e-07
1.90025,1.1044444444444443,0.04,-0.7,2.0,0.3,0.04,0.01,24968,-0.263780052820739,-0.26378004829924484,4.52149417906611e-09,0.9263340150500454,0.926334024329358,9.279312540577678e-09,0.26945438238862307,0.2694543831154082,7.267851320769125e-10,-0.021806322151873836,-0.021806322133508783,1.8365052534274895e-11,-0.6577640724575451,-0.6577642548615772,-1.8240403210079137e-07
0.09366666666666668,1.1066666666666667,0.04,-0.7,2.0,0.3,0.04,0.01,24986,-0.09402804255348451,-0.09402799302487701,4.9528607506954536e-08,1.7201792712473463,1.7201788854258941,-3.8582145212018304e-07,0.09130265554074812,0.09130265991088271,4.3701345875390984e-09,-0.04562354215115194,-0.04562354457863524,-2.4274832977067007e-09,0.011416209948489353,0.01141601739930043,-1.9254918892305795e-07
0.3264166666666667,1.1066666666666667,0.04,-0.7,2.0,0.3,0.04,0.01,25007,-0.18003869892896374,-0.18003867685263583,2.2076327904629878e-08,1.6255426726896616,1.6255426412918557,-3.1397805910771126e-08,0.26968321032966314,0.2696832119750526,1.6453894358114951e-09,-0.05562303592443474,-0.05562303692295697,-9.98522230177823e-10,-0.004382919100986982,-0.004383087650914294,-1.6854992731206442e-07
0.44833333333333336,1.1066666666666667,0.04,-0.7,2.0,0.3,0.04,0.01,25018,-0.20144521351600497,-0.20144519678596,1.6730044960500123e-08,1.4980744700299198,1.4980743958181537,-7.421176606570157e-08,0.2997651148187175,0.2997651128159701,-2.0027473568440257e-09,-0.04984432638466263,-0.049844326295989526,8.867310358207092e-11,-0.04077229489196643,-0.0407724572638377,-1.6237187126788566e-07
0.8251666666666667,1.1066666666666667,0.04,-0.7,2.0,0.3,0.04,0.01,25052,-0.23696827790242736,-0.23696826817562666,9.72680069821763e-09,1.2429199669483637,1.2429199193710398,-4.757732385840541e-08,0.32188938927452115,0.32188938603390155,-3.240619605993089e-09,-0.036658891229557344,-0.036658891188107535,4.144980886300331e-11,-0.19518368522819518,-0.1951838489602876,-1.6373209241193898e-07
1.03575,1.1066666666666667,0.04,-0.7,2.0,0.3,0.04,0.01,25071,-0.2452826029980537,-0.24528259502071093,7.977342786347208e-09,1.133842397749163,1.133842261514266,-1.362348969191629e-07,0.3156450172167591,0.3156450147073952,-2.5093638833517673e-09,-0.032200374433244416,-0.03220037441572399,1.7520429551609595e-11,-0.28861424254261747,-0.28861440843137964,-1.6588876217138449e-07
1.2130833333333333,1.1066666666666667,0.04,-0.7,2.0,0.3,0.04,0.01,25087,-0.24973223768876007,-0.24973223078715578,6.901604288067631e-09,1.0653604554100582,1.0653604420847913,-1.3325266889907539e-08,0.30694160913613544,0.30694160743233107,-1.70380437536366e-09,-0.02884581176754164,-0.028845811735581185,3.196045511577594e-11,-0.36571950169650425,-0.3657196692943476,-1.6759784338127304e-07
1.3571666666666666,1.1066666666666667,0.04,-0.7,2.0,0.3,0.04,0.01,25100,-0.25267454416999513,-0.2526745379709646,6.199030511133685e-09,1.0228000557610528,1.0228000573889968,1.627944001825199e-09,0.2990731114094203,0.2990731103508805,-1.0585397558493526e-09,-0.02654652763833809,-0.026546527600241517,3.8096574506152336e-11,-0.4268949187455351,-0.4268950877985035,-1.6905296840175055e-07
1.6564166666666666,1.1066666666666667,0.04,-0.7,2.0,0.3,0.04,0.01,25127,-0.2580025142154274,-0.2580025090973951,5.1180323312749465e-09,0.9589027738510225,0.958902689471773,-8.43792494764628e-08,0.28241967228087583,0.2824196723372119,5.633604693855432e-11,-0.023237253375107958,-0.023237253344506763,3.0601195188939556e-11,-0.5516757489562596,-0.5516759228632202,-1.7390696060992639e-07
1.8448333333333333,1.1066666666666667,0.04,-0.7,2.0,0.3,0.04,0.01,25144,-0.26093496148044126,-0.26093495685219265,4.628248617688513e-09,0.9284624347127846,0.9284623713601796,-6.335260493983697e-08,0.2722093310736362,0.2722093316500216,5.763853838658406e-10,-0.022031501311359225,-0.022031501285309753,2.6049471607558772e-11,-0.6305837359152355,-0.6305839150676789,-1.7915244332478153e-07
1.9778333333333333,1.1066666666666667,0.04,-0.7,2.0,0.3,0.04,0.01,25156,-0.2627821006545572,-0.26278209631169414,4.342863069162206e-09,0.9093380382019234,0.9093380858767643,4.767484096390717e-08,0.26522196455630587,0.2652219654135713,8.572654253136136e-10,-0.02147869160362692,-0.021478691586558813,1.7068107344142547e-11,-0.6871608650338423,-0.6871610491002818,-1.8406643942370238e-07
2.0,1.1066666666666667,0.04,-0.7,2.0,0.3,0.04,0.01,25158,-0.2630708014686456,-0.2630707971685342,4.300111378086058e-09,0.9062780803592574,0.906278072117129,-8.242128424207351e-09,0.26407751155782533,0.2640775124569975,8.991721811568709e-10,-0.021405750650349553,-0.02140575063316247,1.718708161901894e-11,-0.6966819951953473,-0.6966821801750942,-1.8497974685338647e-07
0.22666666666666668,1.1088888888888888,0.04,-0.7,2.0,0.3,0.04,0.01,25179,-0.15035633154358852,-0.15035630227968966,2.926389885971048e-08,1.71957552641544,1.7195754388962365,-8.751920343996744e-08,0.21629121174315813,0.21629121842903362,6.685875492129512e-09,-0.05321994197560187,-0.05321994384778033,-1.8721784608710657e-09,0.013236637474434154,0.0132364542638607,-1.8321057345359326e-07
0.48158333333333336,1.1088888888888888,0.04,-0.7,2.0,0.3,0.04,0.01,25202,-0.20291762176188888,-0.2029176062645036,1.5497385263962826e-08,1.45000539908402,1.4500053566102333,-4.247378670996227e-08,0.3034169822155319,0.3034169797364856,-2.479046301573362e-09,-0.04788754686513297,-0.04788754673946598,1.2566699070237775e-10,-0.051110543140275855,-0.051110705395516244,-1.622552403893196e-07
0.5591666666666667,1.1088888888888888,0.04,-0.7,2.0,0.3,0.04,0.01,25209,-0.2126438593111346,-0.21264384574896927,1.3562165335212484e-08,1.395471088683209,1.3954711572392005,6.8555991550312e-08,0.3122882063527621,0.31228820325816703,-3.0945950801886113e-09,-0.04444028635058883,-0.044440286186182856,1.6440597494504772e-10,-0.0802330011304142,-0.08023316301043557,-1.6188002135986146e-07
0.9581666666666667,1.1088888888888888,0.04,-0.7,2.0,0.3,0.04,0.01,25245,-0.24017444672091992,-0.2401744382559142,8.465005724156427e-09,1.1591312742975646,1.1591312686499935,-5.647571077460611e-09,0.3180050991560823,0.31800509630590695,-2.850175373492192e-09,-0.03370649449052632,-0.033706494475913125,1.4613192600432257e-11,-0.25194136018813484,-0.25194152476605985,-1.6457792501034518e-07
1.1909166666666666,1.1088888888888888,0.04,-0.7,2.0,0.3,0.04,0.01,25266,-0.24686726089739874,-0.246867253935169,6.962229737172976e-09,1.0635343161702338,1.0635344103905897,9.422035596173828e-08,0.3076035293306245,0.3076035274966479,-1.8339766372221789e-09,-0.02918680231084325,-0.029186802280650233,3.0193018224489165e-11,-0.3534825743845005,-0.35348274098599414,-1.6660149365632648e-07
1.96675,1.1088888888888888,0.04,-0.7,2.0,0.3,0.04,0.01,25336,-0.26061794881099276,-0.2606179444653117,4.34568103724331e-09,0.9050717342251602,0.9050717593505985,2.5125438285478197e-08,0.26562985093459,0.2656298517459463,8.113562599554314e-10,-0.021487210790094302,-0.0214872107718151,1.8279201069448803e-11,-0.6786260603058869,-0.6786262425691095,-1.8226322262560046e-07
1.9778333333333333,1.1088888888888888,0.04,-0.7,2.0,0.3,0.04,0.01,25337,-0.2607677748486803,-0.26076777052331435,4.325365954294114e-09,0.9035591330697201,0.903559103055861,-3.0013859175781477e-08,0.26505880161620254,0.2650588024493361,8.3313356213921e-10,-0.02144913020696304,-0.021449130190653514,1.6309526645885697e-11,-0.6833617581547546,-0.6833619408604257,-1.8270567103684243e-07
0.10475000000000001,1.1111111111111112,0.04,-0.7,2.0,0.3,0.04,0.01,25349,-0.09362699824960741,-0.09362695349842147,4.475118593749716e-08,1.632386131822372,1.6323857767230947,-3.5509927731602886e-07,0.09974798822087738,0.09974799300606145,4.785184068434312e-09,-0.04292694626206739,-0.04292694621998449,4.2082899665008e-11,0.012365478088693926,0.012365283259596595,-1.9482909733095632e-07
0.16016666666666668,1.1111111111111112,0.04,-0.7,2.0,0.3,0.04,0.01,25354,-0.121765728258727,-0.121765691736943,3.652178399982109e-08,1.7115279971058328,1.7115276915981184,-3.055077144598073e-07,0.15768278883582232,0.15768279604123284,7.20541051824064e-09,-0.04582208073561356,-0.045822078862140285,1.8734732723513225e-09,0.01545084025889043,0.01545064606421396,-1.9419467646962507e-07
0.22666666666666668,1.1111111111111112,0.04,-0.7,2.0,0.3,0.04,0.01,25360,-0.14657813088736482,-0.14657810218565273,2.8701712090350995e-08,1.680930183933782,1.6809299879688477,-1.9596493427975759e-07,0.2140980044329499,0.214098011104175,6.6712251001188605e-09,-0.05250629204284207,-0.052506293935720955,-1.8928788814154274e-09,0.01365691857019291,0.013656734490607218,-1.8407958569249816e-07
0.3929166666666667,1.1111111111111112,0.04,-0.7,2.0,0.3,0.04,0.01,25375,-0.185857726690275,-0.1858577084313938,1.82588812125406e-08,1.5002445785672336,1.5002444254067908,-1.5316044277291496e-07,0.2854549585368238,0.2854549576999248,-8.368989945495287e-10,-0.051921956328859764,-0.05192195647028576,-1.414259959142683e-10,-0.02068443172825729,-0.020684597022405136,-1.6529414784485774e-07
0.57025,1.1111111111111112,0.04,-0.7,2.0,0.3,0.04,0.01,25391,-0.2108207404227791,-0.21082072723897302,1.318380607462366e-08,1.370425162239286,1.3704251034189516,-5.882033438098233e-08,0.31198032316243074,0.31198031999200376,-3.1704269765064907e-09,-0.04374695454806288,-0.043746954385198614,1.62864263741902e-10,-0.08304480503429357,-0.08304496709795321,-1.6206365964499536e-07
0.6145833333333334,1.1111111111111112,0.04,-0.7,2.0,0.3,0.04,0.01,25395,-0.2155133613560012,-0.21551334901596653,1.2340034660773824e-08,1.3426534051230732,1.342653398655615,-6.467458124603809e-09,0.3152738706352354,0.3152738673102164,-3.3250189823696985e-09,-0.04211056208930364,-0.04211056192972869,1.595749504756938e-10,-0.10081357055519158,-0.10081373265624184,-1.6210105026337462e-07
0.9581666666666667,1.1111111111111112,0.04,-0.7,2.0,0.3,0.04,0.01,25426,-0.23761110526349105,-0.23761109687592233,8.387568722900696e-09,1.1478937744779927,1.1478936863901572,-8.808783547031851e-08,0.3173034400830166,0.3173034372134117,-2.8696048870457957e-09,-0.03362327453682035,-0.03362327452423926,1.2581088948415697e-11,-0.249598476783075,-0.2495986408453609,-1.6406228589560534e-07
1.2906666666666666,1.1111111111111112,0.04,-0.7,2.0,0.3,0.04,0.01,25456,-0.24677241883652723,-0.24677241243665576,6.399871466111762e-09,1.0239917580534552,1.023991809324928,5.1271472845115795e-08,0.30184188420517843,0.301841882798339,-1.4068394227351178e-09,-0.027459159860632187,-0.02745915982654227,3.4089918388158225e-11,-0.39311611145009806,-0.39311627804194715,-1.665918490934004e-07
1.335,1.1111111111111112,0.04,-0.7,2.0,0.3,0.04,0.01,25460,-0.24770894584635883,-0.24770893964922241,6.1971364151425234e-09,1.0120517535128215,1.0120516471815564,-1.0633126512615831e-07,0.2994467138384138,0.2994467126281683,-1.2102455149154423e-09,-0.026781019507593484,-0.02678101947110039,3.649309326947403e-11,-0.4117414443344236,-0.41174161130612213,-1.6697169852308846e-07
1.3460833333333333,1.1111111111111112,0.04,-0.7,2.0,0.3,0.04,0.01,25461,-0.24793804881129144,-0.2479380426606142,6.150677245297942e-09,1.009197991841404,1.0091979049683024,-8.687310160127026e-08,0.298844108038987,0.2988441068743426,-1.1646443809354423e-09,-0.026618265319966472,-0.026618265283678257,3.6288215488067266e-11,-0.4163820552141595,-0.4163822222878404,-1.6707368089008412e-07
1.3571666666666666,1.1111111111111112,0.04,-0.7,2.0,0.3,0.04,0.01,25462,-0.24816531951910026,-0.24816531341740433,6.101695926297168e-09,1.0063940902860224,1.006394083148182,-7.137840540849538e-09,0.2982403015322488,0.2982403004146862,-1.117562598018651e-09,-0.026458262753215056,-0.026458262717037894,3.617716196058218e-11,-0.421016848782263,-0.4210170159606414,-1.671783784185088e-07
1.3904166666666666,1.1111111111111112,0.04,-0.7,2.0,0.3,0.04,0.01,25465,-0.24883687358312478,-0.24883686761859167,5.9645331174085214e-09,0.9982695226007365,0.9982694632625955,-5.9338141067399874e-08,0.2964230925045497,0.2964230915272834,-9.772662679097266e-10,-0.025994881959756633,-0.02599488192513552,3.4621111533184035e-11,-0.4348888619892799,-0.43488902949363256,-1.6750435266610353e-07
1.5788333333333333,1.1111111111111112,0.04,-0.7,2.0,0.3,0.04,0.01,25482,-0.252404719268684,-0.2524047139786706,5.290013427305951e-09,0.9589667948617375,0.9589667615032074,-3.3358530160398914e-08,0.28608484393510825,0.2860848436741347,-2.6097352057163903e-10,-0.023835384225789902,-0.02383538419068208,3.510782289883885e-11,-0.5129103082301967,-0.5129104782982172,-1.7006802055519188e-07
1.6675,1.1111111111111112,0.04,-0.7,2.0,0.3,0.04,0.01,25490,-0.2539613054003409,-0.25396130037721665,5.02312424988105e-09,0.9434795722462752,0.94347955480137,-1.7444905187069537e-08,0.2812600611337701,0.2812600611652508,3.14807069301537e-11,-0.023075542326944642,-0.02307554229874356,2.8201083829282325e-11,-0.5495478657371877,-0.5495480375490583,-1.7181187061954262e-07
1.7561666666666667,1.1111111111111112,0.04,-0.7,2.0,0.3,0.04,0.01,25498,-0.25543973261904496,-0.2554397278244854,4.7945595826881515e-09,0.929327453880191,0.9293275119358272,5.805563618732634e-08,0.27649067634305524,0.2764906766319157,2.888604355710811e-10,-0.022458234801014942,-0.022458234776709204,2.430573797784774e-11,-0.5863245450293819,-0.5863247190044106,-1.7397502871663306e-07
1.76725,1.1111111111111112,0.04,-0.7,2.0,0.3,0.04,0.01,25499,-0.25561883944674735,-0.25561883468282043,4.763926919615358e-09,0.9276353074572086,0.9276352668360752,-4.0621133345908333e-08,0.27589909591563266,0.2758990962348262,3.19193560471831e-10,-0.02239018197319753,-0.022390181948058273,2.513925873026679e-11,-0.590937420194837,-0.5909375944713064,-1.7427646947787423e-07
1.96675,1.1111111111111112,0.04,-0.7,2.0,0.3,0.04,0.01,25517,-0.25861310921609926,-0.25861310488622746,4.329871794439555e-09,0.8992878608449217,0.8992878896321124,2.8787190631263115e-08,0.26545660281235284,0.26545660359328044,7.809276003634125e-10,-0.021456694248578323,-0.021456694228267535,2.031078777386952e-11,-0.6748595202221708,-0.6748597011395505,-1.8091737974401667e-07
0.04933333333333333,1.1133333333333333,0.04,-0.7,2.0,0.3,0.04,0.01,25525,-0.04888797733582084,-0.048887929963113745,4.7372707097370625e-08,1.1725300508302894,1.1725295307176478,-5.201126416221058e-07,0.03669906346565055,0.036699065029567365,1.5639168154946148e-09,-0.03323701123186806,-0.03323704399380339,-3.2761935324365776e-08,0.003583635341530833,0.0035834538275473908,-1.8151398344231837e-07
0.07150000000000001,1.1133333333333333,0.04,-0.7,2.0,0.3,0.04,0.01,25527,-0.06762968687235027,-0.06762963969945061,4.7172899655945066e-08,1.401858951144419,1.4018585693128636,-3.8183155548487946e-07,0.06116723367449728,0.061167236429157106,2.754659826631478e-09,-0.039432339608291844,-0.03943235386810006,-1.4259808216177117e-08,0.008126411032705061,0.008126221959651883,-1.8907305317748813e-07
0.34858333333333336,1.1133333333333333,0.04,-0.7,2.0,0.3,0.04,0.01,25552,-0.17415518384938933,-0.1741551639768908,1.9872498535633554e-08,1.516872588647189,1.5168725642393985,-2.4407790455427403e-08,0.2715592608776296,0.27155926156701443,6.8938482700176e-10,-0.05347104562125615,-0.053471046282263394,-6.610072419976909e-10,-0.007362271806088394,-0.0073624406129056495,-1.688068172554097e-07
0.3929166666666667,1.1133333333333333,0.04,-0.7,2.0,0.3,0.04,0.01,25556,-0.18255076203066434,-0.18255074405212562,1.7978538713325776e-08,1.4760851763107041,1.476085253369505,7.705880089581285e-08,0.28375471479075154,0.28375471394973295,-8.410185881047028e-10,-0.05153014573766601,-0.051530145895226455,-1.5756044385861756e-10,-0.019656663212963554,-0.019656829096155307,-1.6588319175225852e-07
0.6035,1.1133333333333333,0.04,-0.7,2.0,0.3,0.04,0.01,25575,-0.21140920331785829,-0.21140919091264368,1.2405214605548665e-08,1.3329093495606514,1.3329093585127771,8.952125707395453e-09,0.31332248021653797,0.3133224769037352,-3.312802754340538e-09,-0.04227162499870207,-0.04227162484086799,1.5783408607861205e-10,-0.09469593512445584,-0.09469609730559873,-1.6218114289034968e-07
0.70325,1.1133333333333333,0.04,-0.7,2.0,0.3,0.04,0.01,25584,-0.22055947532961806,-0.22055946447745772,1.0852160337027073e-08,1.2739059029875932,1.2739059400000199,3.701242667908389e-08,0.3181698084697704,0.3181698050222931,-3.4474773036308193e-09,-0.039198581196497884,-0.03919858108683258,1.0966530461509194e-10,-0.13607596673403943,-0.13607612904447816,-1.6231043872827478e-07
0.7254166666666667,1.1133333333333333,0.04,-0.7,2.0,0.3,0.04,0.01,25586,-0.2222794273304407,-0.2222794167684562,1.0561984509216416e-08,1.2609865485124772,1.2609865370305702,-1.1481906980748136e-08,0.31872215144168603,0.3187221479978555,-3.443830554061833e-09,-0.03861826427503656,-0.038618264176967454,9.806910838960903e-11,-0.14554328142513118,-0.14554344380077078,-1.6237563960075363e-07
1.0135833333333333,1.1133333333333333,0.04,-0.7,2.0,0.3,0.04,0.01,25612,-0.2370926628408876,-0.23709265493398016,7.906907434351851e-09,1.1117860743148356,1.1117861000874134,2.577257784963649e-08,0.31463028712042096,0.3146302844497743,-2.6706466482728786e-09,-0.03243083920412282,-0.03243083919183105,1.2291771767092285e-11,-0.271546139133938,-0.2715463030437814,-1.6390984342029569e-07
1.601,1.1133333333333333,0.04,-0.7,2.0,0.3,0.04,0.01,25665,-0.2506866362544935,-0.25068663106754224,5.186951257396544e-09,0.9480096152536532,0.9480096155427056,2.8905233762088756e-10,0.2845605990720035,0.28456059885928764,-2.1271584493831597e-10,-0.02359116249045501,-0.023591162457533614,3.292139477695244e-11,-0.5188112855927796,-0.5188114549373328,-1.693445532691129e-07
1.6785833333333333,1.1133333333333333,0.04,-0.7,2.0,0.3,0.04,0.01,25672,-0.25206529997129357,-0.25206529500217434,4.969119227204999e-09,0.9350033025601334,0.9350032717106703,-3.084946309517278e-08,0.2803786470001457,0.2803786470358488,3.5703107137408097e-11,-0.02295274856095597,-0.022952748530407872,3.054809877278686e-11,-0.550774940528409,-0.5507751114126498,-1.7088424075772934e-07
1.7783333333333333,1.1133333333333333,0.04,-0.7,2.0,0.3,0.04,0.01,25681,-0.2537459719864632,-0.2537459672759759,4.710487278014597e-09,0.9196576278291957,0.9196576312421567,3.4129610249067355e-09,0.2750647825086605,0.2750647828279814,3.193209030527555e-10,-0.022288142652038267,-0.02228814262782628,2.421198658231205e-11,-0.5920579500942602,-0.5920581234427815,-1.733485213151198e-07
1.867,1.1133333333333333,0.04,-0.7,2.0,0.3,0.04,0.01,25689,-0.2551491796237704,-0.25514917511334223,4.510428142090461e-09,0.9069913931014639,0.906991317363975,-7.573748894706966e-08,0.2704141407616767,0.2704141413019493,5.402726044323458e-10,-0.021825353596627295,-0.02182535357482409,2.1803205074721888e-11,-0.6290492280103255,-0.6290494040325236,-1.7602219815060494e-07
1.9556666666666667,1.1133333333333333,0.04,-0.7,2.0,0.3,0.04,0.01,25697,-0.25646324011474597,-0.2564632357820729,4.332673053664138e-09,0.8949910257349813,0.8949909961077288,-2.96272525401875e-08,0.2658422637061286,0.2658422644409588,7.34830196691405e-10,-0.02146432694694056,-0.021464326929418215,1.7522344686327074e-11,-0.6664112396548294,-0.6664114188038242,-1.7914899475002244e-07
0.19341666666666668,1.1155555555555554,0.04,-0.7,2.0,0.3,0.04,0.01,25719,-0.12768167900301108,-0.12768164811334345,3.0889667629319106e-08,1.6218216880581338,1.621821595518901,-9.253923272112274e-08,0.1836086582493457,0.1836086655946471,7.345301422656547e-09,-0.047612395858154244,-0.047612396305391824,-4.4723758030329464e-10,0.015972235452854644,0.01597204412784681,-1.9132500783322626e-07
0.20450000000000002,1.1155555555555554,0.04,-0.7,2.0,0.3,0.04,0.01,25720,-0.13172003553968414,-0.13172000582465568,2.9715028465604476e-08,1.6183657691737352,1.618365605463342,-1.6371039324170056e-07,0.19280828247897341,0.1928082896943385,7.215365083190761e-09,-0.048853783814750695,-0.04885378488669587,-1.0719451715157646e-09,0.015675184951435828,0.015674995398167347,-1.8955326848077436e-07
0.37075,1.1155555555555554,0.04,-0.7,2.0,0.3,0.04,0.01,25735,-0.17519716651925865,-0.1751971479493687,1.8569889959074715e-08,1.4707831952343042,1.4707831995676668,4.333362557673581e-09,0.27629492250491605,0.27629492235783726,-1.4707879358866194e-10,-0.05213215903049351,-0.052132159403487734,-3.7299422578351837e-10,-0.0123579651040151,-0.012358132926121533,-1.6782210643211115e-07
0.4261666666666667,1.1155555555555554,0.04,-0.7,2.0,0.3,0.04,0.01,25740,-0.1849904590972562,-0.18499044255884836,1.6538407837662916e-08,1.426854923103349,1.426854842899983,-8.020336594860566e-08,0.28938042415549425,0.2893804224984314,-1.6570628758039163e-09,-0.04955511573562221,-0.049555115727599464,8.022749131697537e-12,-0.028778311790267352,-0.02877847672445096,-1.6493418360588596e-07
0.63675,1.1155555555555554,0.04,-0.7,2.0,0.3,0.04,0.01,25759,-0.21182959853982553,-0.21182958682766678,1.1712158742849255e-08,1.2974002538967966,1.297400213548453,-4.0348343555152155e-08,0.31423651469519864,0.3142365112856477,-3.409550919375448e-09,-0.04093821066808445,-0.040938210519246086,1.4883836524370864e-10,-0.1065453949083972,-0.10654555712588894,-1.622174917309538e-07
0.9581666666666667,1.1155555555555554,0.04,-0.7,2.0,0.3,0.04,0.01,25788,-0.23255874920052877,-0.23255874097482385,8.225704922759647e-09,1.1257372867223836,1.1257372597690745,-2.6953309140154147e-08,0.31586578736281234,0.3158657844523561,-2.9104562648818444e-09,-0.03344978668107235,-0.03344978667181187,9.26047433180699e-12,-0.24496869444556868,-0.24496885748870492,-1.6304313624204703e-07
1.0579166666666666,1.1155555555555554,0.04,-0.7,2.0,0.3,0.04,0.01,25797,-0.23611220857061577,-0.2361122010266417,7.54397405655638e-09,1.0831614660755662,1.0831614250581694,-4.1017396812392803e-08,0.3121900756014595,0.31219007309159214,-2.509867369493435e-09,-0.03149106816591196,-0.03149106814914381,1.6768149369017493e-11,-0.28840210942709943,-0.28840227298683835,-1.6355973891934994e-07
1.1465833333333333,1.1155555555555554,0.04,-0.7,2.0,0.3,0.04,0.01,25805,-0.238707057624854,-0.23870705060717545,7.017678549381401e-09,1.0506002068311204,1.0506002424933287,3.5662208297537745e-08,0.30818869051402187,0.3081886883981014,-2.1159204943721477e-09,-0.029820731455298954,-0.02982073143265333,2.2645624958572697e-11,-0.32656215275345124,-0.32656231678235886,-1.6402890762323707e-07
1.1576666666666666,1.1155555555555554,0.04,-0.7,2.0,0.3,0.04,0.01,25806,-0.23900465757786815,-0.23900465062202522,6.955842929423639e-09,1.0468601319146842,1.046860118364962,-1.3549722233108241e-08,0.3076554153913502,0.3076554133290946,-2.0622556440308415e-09,-0.029618873968739745,-0.02961887394559814,2.314160668648313e-11,-0.3312969417593181,-0.3312971058468484,-1.6408753028551715e-07
1.3904166666666666,1.1155555555555554,0.04,-0.7,2.0,0.3,0.04,0.01,25827,-0.24443529126477737,-0.24443528539146991,5.8733074514982775e-09,0.9824828672844177,0.9824828009269494,-6.635746829797284e-08,0.2955909336430085,0.2955909326080022,-1.0350063028852219e-09,-0.02590377660455223,-0.025903776565820085,3.873214596272767e-11,-0.42898937774427104,-0.42898954333566625,-1.6559139520699873e-07
1.5455833333333333,1.1155555555555554,0.04,-0.7,2.0,0.3,0.04,0.01,25841,-0.24754341790750312,-0.24754341258192392,5.325579199855213e-09,0.9509029397225532,0.9509028914419745,-4.828057875716496e-08,0.28722154550575585,0.28722154507133624,-4.3441961139478735e-10,-0.024077380944564908,-0.024077380905119263,3.9445644667290836e-11,-0.49284718610653755,-0.4928473534611395,-1.6735460195427265e-07
1.7894166666666667,1.1155555555555554,0.04,-0.7,2.0,0.3,0.04,0.01,25863,-0.25189299697137013,-0.251892992308008,4.663362140888694e-09,0.9117970489747051,0.9117971143278911,6.535318597400419e-08,0.2742326970073261,0.274232697326587,3.192608954982745e-10,-0.022187780273352775,-0.02218778024913812,2.4214654587018103e-11,-0.5931707666165242,-0.5931709390383212,-1.724217969512054e-07
1.8448333333333333,1.1155555555555554,0.04,-0.7,2.0,0.3,0.04,0.01,25868,-0.2527909404245743,-0.25279093588555696,4.53901732866413e-09,0.9040207304966685,0.9040207161590164,-1.4337652176621418e-08,0.2713428103084947,0.2713428107682993,4.598045832970854e-10,-0.021895865033039197,-0.021895865011018263,2.202093368763869e-11,-0.6162011495644548,-0.6162013236087863,-1.7404433150236542e-07
0.20450000000000002,1.1177777777777778,0.04,-0.7,2.0,0.3,0.04,0.01,25901,-0.128167367862142,-0.12816733880133604,2.906080595610483e-08,1.579180430866245,1.579180276769139,-1.540971059643681e-07,0.19055796480538234,0.19055797197504384,7.169661503381164e-09,-0.048061260006782014,-0.048061261101914235,-1.0951322210184244e-09,0.01598509525496672,0.015984904894991332,-1.9035997538691118e-07
0.2931666666666667,1.1177777777777778,0.04,-0.7,2.0,0.3,0.04,0.01,25909,-0.1548943765983246,-0.1548943545237488,2.2074575806163566e-08,1.5153010846091775,1.5153008977011968,-1.869079806482432e-07,0.24637584578102167,0.2463758491843304,3.4033087181750687e-09,-0.053529298729704244,-0.053529300530503,-1.8007987531709624e-09,0.006412843453207362,0.006412667257595351,-1.7619561201113326e-07
0.48158333333333336,1.1177777777777778,0.04,-0.7,2.0,0.3,0.04,0.01,25926,-0.19038989661240846,-0.1903898818930229,1.4719385571515531e-08,1.3694284428655834,1.3694283870183699,-5.584721352036581e-08,0.2974757767895686,0.2974757742474043,-2.542164312391293e-09,-0.046634963449809774,-0.04663496333922381,1.1058596399715626e-10,-0.04597291334729192,-0.04597307709965372,-1.6375236179533292e-07
0.5813333333333334,1.1177777777777778,0.04,-0.7,2.0,0.3,0.04,0.01,25935,-0.2031255082193817,-0.2031254956849993,1.2534382393125654e-08,1.3124236752926066,1.3124235736630738,-1.0162953278936016e-07,0.3090633110450214,0.3090633077747123,-3.2703090790953127e-09,-0.04258082039881872,-0.042580820238327204,1.6049151591035482e-10,-0.08280115038283853,-0.08280131288170589,-1.6249886736208197e-07
0.9914166666666667,1.1177777777777778,0.04,-0.7,2.0,0.3,0.04,0.01,25972,-0.23138030341152138,-0.23138029549981726,7.911704125174168e-09,1.1002313615726678,1.1002314381979732,7.662530543406376e-08,0.3140627585943023,0.31406275579034326,-2.803959064934247e-09,-0.03270731649324121,-0.0327073164842194,9.0218110759821e-12,-0.2571513335489217,-0.2571514962110094,-1.6266208768822565e-07
1.23525,1.1177777777777778,0.04,-0.7,2.0,0.3,0.04,0.01,25994,-0.23870156850264168,-0.23870156200388665,6.498755034112236e-09,1.0138597350550782,1.0138597906821978,5.562711957729505e-08,0.30326292013493905,0.30326291839904573,-1.7358933179778546e-09,-0.02820745681780812,-0.028207456787946776,2.986134256532935e-11,-0.3615112208374405,-0.36151138453571274,-1.636982722708069e-07
1.30175,1.1177777777777778,0.04,-0.7,2.0,0.3,0.04,0.01,26000,-0.2402875647150582,-0.24028755852017672,6.194881468912783e-09,0.9958380009500445,0.9958380034563584,2.5063139341696683e-09,0.2998404299461854,0.29984042850342796,-1.4427574690500933e-09,-0.0271375583810185,-0.027137558344385235,3.663326586522686e-11,-0.38933357457970885,-0.38933373862489545,-1.6404518660140255e-07
1.4236666666666666,1.1177777777777778,0.04,-0.7,2.0,0.3,0.04,0.01,26011,-0.24296786331756692,-0.24296785761559048,5.7019764465593425e-09,0.9674749001931104,0.9674748690874388,-3.110567159403388e-08,0.29339017275725743,0.2933901718285225,-9.287349223008334e-10,-0.025421135396441752,-0.02542113536087838,3.556337169197121e-11,-0.43975577037447255,-0.43975593529263596,-1.649181634033603e-07
1.4901666666666666,1.1177777777777778,0.04,-0.7,2.0,0.3,0.04,0.01,26017,-0.24433768675474754,-0.2443376812859998,5.4687477324399936e-09,0.9540834400301179,0.9540833577629296,-8.22671882838577e-08,0.2898335771103766,0.28983357644368135,-6.666952545586469e-10,-0.024624423078378754,-0.024624423043823406,3.4555348166209754e-11,-0.46703647549883875,-0.467036641088239,-1.6558940024724578e-07
1.5455833333333333,1.1177777777777778,0.04,-0.7,2.0,0.3,0.04,0.01,26022,-0.24543817264216505,-0.2454381673500641,5.292100951903578e-09,0.9438256121097055,0.9438256097512592,-2.35844632712201e-09,0.2868684723747461,0.2868684719098999,-4.648462170742107e-10,-0.024034402766048846,-0.024034402730716338,3.5332507752894315e-11,-0.48970754610105915,-0.48970771238683336,-1.662857742057433e-07
0.22666666666666668,1.12,0.04,-0.7,2.0,0.3,0.04,0.01,26084,-0.13229878618514768,-0.13229875978431088,2.6400836794504556e-08,1.5339661985080966,1.5339660776862654,-1.2082183120654122e-07,0.20524312761893704,0.20524313420174475,6.58280771559383e-09,-0.0496109223185881,-0.04961092428649531,-1.967907205246977e-09,0.01524136897607109,0.015241181520918025,-1.8745515306499427e-07
0.3596666666666667,1.12,0.04,-0.7,2.0,0.3,0.04,0.01,26096,-0.16657492742405688,-0.16657490901812128,1.8405935608978297e-08,1.4305937157121917,1.4305936367021699,-7.901002185839445e-08,0.26945748942519554,0.2694574896951984,2.7000285340861296e-10,-0.051707134161860235,-0.05170713470240811,-5.405478772924077e-10,-0.0076239075591511,-0.007624077499939699,-1.6994078859931816e-07
0.8140833333333334,1.12,0.04,-0.7,2.0,0.3,0.04,0.01,26137,-0.2202293524070087,-0.22022934312228132,9.28472737582453e-09,1.1729510418501121,1.1729510891408181,4.729070601783292e-08,0.3166928991310547,0.3166928957656881,-3.3653665965083235e-09,-0.036135073586129884,-0.03613507354927467,3.685521332563724e-11,-0.1778955787670733,-0.1778957406005036,-1.6183343029552155e-07
0.9249166666666667,1.12,0.04,-0.7,2.0,0.3,0.04,0.01,26147,-0.2261445191606426,-0.22614451083985848,8.320784117277213e-09,1.118938902644473,1.1189389709633826,6.831890964065224e-08,0.315260143997631,0.31526014093322385,-3.0644071724594824e-09,-0.033916041682902076,-0.03391604167413554,8.766536108151257e-12,-0.22597150806824562,-0.2259716700202286,-1.6195198299095992e-07
0.9581666666666667,1.12,0.04,-0.7,2.0,0.3,0.04,0.01,26150,-0.22760392355741788,-0.22760391548695322,8.07046465767236e-09,1.1040047265264974,1.1040046546555589,-7.187093853389115e-08,0.31438415090984106,0.31438414796376146,-2.946079602494933e-09,-0.03326723208463278,-0.03326723207824636,6.386419171278135e-12,-0.24041260730495173,-0.24041276933177186,-1.6202682012744773e-07
1.1133333333333333,1.12,0.04,-0.7,2.0,0.3,0.04,0.01,26164,-0.23310322254360694,-0.2331032154701096,7.073497343412782e-09,1.0432070596255727,1.0432070585264623,-1.0991103582824735e-09,0.3085383309589518,0.30853832864830966,-2.3106421220830953e-09,-0.030305780306105756,-0.030305780287394102,1.8711653754222013e-11,-0.3072724941485805,-0.3072726566147996,-1.6246621908910797e-07
1.1576666666666666,1.12,0.04,-0.7,2.0,0.3,0.04,0.01,26168,-0.23439292748561602,-0.2343929206518009,6.833815124895892e-09,1.0284734730525713,1.0284734848623105,1.1809739186574575e-08,0.30650924971592497,0.3065092476004973,-2.1154276663715166e-09,-0.029497284757262765,-0.02949728473434293,2.2919836167867302e-11,-0.32612956027577855,-0.32612972288382774,-1.626080491923254e-07
1.50125,1.12,0.04,-0.7,2.0,0.3,0.04,0.01,26199,-0.24245319146520838,-0.24245318606936117,5.395847213485183e-09,0.944751676890121,0.944751617110627,-5.977949391056114e-08,0.28885921468879694,0.2888592140304051,-6.583918410463241e-10,-0.02445610355700234,-0.024456103518749064,3.8253275547184273e-11,-0.46851376971884795,-0.4685139344057694,-1.6468692143334351e-07
1.601,1.12,0.04,-0.7,2.0,0.3,0.04,0.01,26208,-0.24443531750545366,-0.24443531241461,5.090843663291267e-09,0.9274502332790036,0.927450170405343,-6.28736605001734e-08,0.28357472336287826,0.2835747230616807,-3.011975668876232e-10,-0.023466267531357943,-0.023466267498199838,3.315810473414338e-11,-0.5091613307223186,-0.5091614967416268,-1.6601930818982424e-07
1.76725,1.12,0.04,-0.7,2.0,0.3,0.04,0.01,26223,-0.24748534887514273,-0.24748534420912444,4.666018293963958e-09,0.9024875680108124,0.9024876854581895,1.1744737704599828e-07,0.2748655847376047,0.27486558493827556,2.0067086881070395e-10,-0.02224122115868088,-0.02224122113354214,2.5138738313223996e-11,-0.577119492432554,-0.5771196618378234,-1.694052693679282e-07
1.9445833333333333,1.12,0.04,-0.7,2.0,0.3,0.04,0.01,26239,-0.25038534585575256,-0.25038534155764863,4.298103928324082e-09,0.8791577910116644,0.879157721008216,-7.000344837138073e-08,0.2658090897889043,0.2658090904142232,6.253189077654042e-10,-0.0214053295227723,-0.02140532950740152,1.5370777567413896e-11,-0.6506682013104892,-0.6506683761024264,-1.747919372574458e-07
0.3596666666666667,1.1222222222222222,0.04,-0.7,2.0,0.3,0.04,0.01,26277,-0.16342294017729353,-0.163422922089096,1.8088197523136174e-08,1.406265098813364,1.406265052318417,-4.649494700359469e-08,0.267607371706724,0.26760737198543905,2.787150510386027e-10,-0.05125771783132116,-0.05125771838603874,-5.547175843667596e-10,-0.00677629790640788,-0.0067764685063059615,-1.705998980815887e-07
0.47050000000000003,1.1222222222222222,0.04,-0.7,2.0,0.3,0.04,0.01,26287,-0.18274572647886123,-0.1827457118828083,1.4596052921866942e-08,1.3367298323796462,1.336729841723658,9.344011786538431e-09,0.292643199721887,0.29264319729857763,-2.4233093864900468e-09,-0.046471396343006344,-0.04647139625246122,9.054512695172434e-11,-0.03978380444691343,-0.039783969246359914,-1.647994464851199e-07
0.5148333333333334,1.1222222222222222,0.04,-0.7,2.0,0.3,0.04,0.01,26291,-0.18906518129163663,-0.1890651677370245,1.3554612127153476e-08,1.3132000431514967,1.3132000210046535,-2.214684324819416e-08,0.29916460420942315,0.2991646013139455,-2.895477635433963e-09,-0.044594696498589936,-0.04459469636717336,1.3141657900783699e-10,-0.055115358103818846,-0.05511552184522548,-1.6374140663494297e-07
0.5813333333333334,1.1222222222222222,0.04,-0.7,2.0,0.3,0.04,0.01,26297,-0.197366231174112,-0.19736621892705059,1.2247061420556093e-08,1.2793786419162956,1.279378564326738,-7.758955766767883e-08,0.3064369152327995,0.3064369119447459,-3.2880535516532916e-09,-0.042074294258620526,-0.04207429410317884,1.55441687299529e-10,-0.07981585983030115,-0.07981602262589381,-1.6279559265919286e-07
0.7143333333333334,1.1222222222222222,0.04,-0.7,2.0,0.3,0.04,0.01,26309,-0.2104170178851561,-0.21041700760937088,1.027578522272421e-08,1.2114768854765146,1.2114768080084986,-7.746801600205799e-08,0.3142368228234438,0.3142368193259369,-3.497506895211444e-09,-0.038192871001374584,-0.03819287090391449,9.74600955494509e-11,-0.13350996626748657,-0.1335101281271183,-1.6185963172543616e-07
0.936,1.1222222222222222,0.04,-0.7,2.0,0.3,0.04,0.01,26329,-0.22418172689664395,-0.22418171874111054,8.155533415266092e-09,1.1029624102931734,1.102962391300856,-1.8992317496469013e-08,0.3142075313239401,0.31420752828032916,-3.0436109188514138e-09,-0.03359932930296905,-0.03359932929988935,3.079703159158953e-12,-0.22857306920337495,-0.2285732307001599,-1.614967849450366e-07
0.9692500000000001,1.1222222222222222,0.04,-0.7,2.0,0.3,0.04,0.01,26332,-0.22563298140265697,-0.2256329734900081,7.912648869456973e-09,1.0885704448959643,1.0885704630160637,1.8120099420926294e-08,0.3133101748936662,0.31331017197021005,-2.9234561438329365e-09,-0.03295978680706302,-0.032959786802728284,4.3347339606647495e-12,-0.2429525824712564,-0.2429527440025549,-1.6153129850371428e-07
1.0579166666666666,1.1222222222222222,0.04,-0.7,2.0,0.3,0.04,0.01,26340,-0.22899077496002507,-0.2289907676282872,7.331737855720277e-09,1.0534089656122347,1.053409008003871,4.239163620134434e-08,0.3102271350621799,0.31022713249199413,-2.5701857864213196e-09,-0.03127053721574402,-0.03127053720256742,1.3176598701036824e-11,-0.28112269193025785,-0.2811228536020366,-1.6167177874226724e-07
1.2574166666666666,1.1222222222222222,0.04,-0.7,2.0,0.3,0.04,0.01,26358,-0.2348017103681599,-0.2348017040784858,6.289674087112118e-09,0.9907161868660808,0.9907161809530571,-5.913023626291647e-09,0.30110118348830595,0.30110118179919576,-1.6891101850546875e-09,-0.02773121597687833,-0.027731215945600157,3.127817449488646e-11,-0.36539606296737137,-0.3653962251111568,-1.6214378545376107e-07
1.56775,1.1222222222222222,0.04,-0.7,2.0,0.3,0.04,0.01,26386,-0.2417219316289132,-0.24172192647421967,5.1546935331270305e-09,0.9260859024085022,0.9260859108552743,8.446772059578223e-09,0.2849756626810418,0.2849756622355021,-4.455397162317354e-10,-0.02372916701326444,-0.023729166980716396,3.254804412100576e-11,-0.49248120667422235,-0.49248137112241924,-1.6444819689320767e-07
0.31533333333333335,1.1244444444444444,0.04,-0.7,2.0,0.3,0.04,0.01,26454,-0.15056082486780697,-0.15056080518741152,1.968039545219291e-08,1.4136319392843433,1.4136318935657057,-4.571863754243566e-08,0.24998665861059033,0.249986660896653,2.286062672496314e-09,-0.05185508744176559,-0.051855088830955694,-1.389190103229243e-09,0.004136700111345704,0.004136524378931165,-1.7573241453856803e-07
0.76975,1.1244444444444444,0.04,-0.7,2.0,0.3,0.04,0.01,26495,-0.21205155946862897,-0.21205154992836817,9.540260803575507e-09,1.170235125469432,1.170235140559381,1.5089948846025436e-08,0.31445750204722733,0.31445749858259286,-3.4646344682087715e-09,-0.03676724012302568,-0.03676724006444321,5.858247220658086e-11,-0.15503405889349953,-0.15503422032372843,-1.6143022890657832e-07
0.9803333333333334,1.1244444444444444,0.04,-0.7,2.0,0.3,0.04,0.01,26514,-0.22369382084774792,-0.22369381309040273,7.757345182879405e-09,1.0735205058232111,1.0735205125168865,6.693675391744591e-09,0.31223127382240534,0.3122312709207985,-2.901606843686011e-09,-0.03265555912901341,-0.032655559124096366,4.917045937080644e-12,-0.24547116716927553,-0.24547132818332604,-1.610140505092783e-07
1.1909166666666666,1.1244444444444444,0.04,-0.7,2.0,0.3,0.04,0.01,26533,-0.23081850670181314,-0.23081850015602967,6.545783470812694e-09,1.00052482965296,1.0005248442728962,1.4619936150594981e-08,0.3037859195287318,0.30378591751802714,-2.0107046583284216e-09,-0.028786724535490027,-0.028786724512327416,2.3162610718330257e-11,-0.3349961797718959,-0.33499634096457936,-1.6119268347880578e-07
1.5234166666666666,1.1244444444444444,0.04,-0.7,2.0,0.3,0.04,0.01,26563,-0.2387543125889624,-0.23875430733450811,5.254454288339261e-09,0.9266112488415246,0.9266113033601943,5.451866968986252e-08,0.2869196555127518,0.2869196548809947,-6.317570910852055e-10,-0.02412657481160041,-0.024126574775158574,3.644183566020587e-11,-0.4714233731151207,-0.47142353597878117,-1.628636604467104e-07
1.6896666666666667,1.1244444444444444,0.04,-0.7,2.0,0.3,0.04,0.01,26578,-0.2420691374971362,-0.24206913269749242,4.799643793518271e-09,0.9007781298642215,0.9007781865610577,5.669683622588906e-08,0.27828996103734793,0.27828996095235875,-8.498918235844144e-11,-0.022669377723605333,-0.022669377696200515,2.7404817998233355e-11,-0.5387422550798271,-0.5387424204080622,-1.653282351021801e-07
1.7450833333333333,1.1244444444444444,0.04,-0.7,2.0,0.3,0.04,0.01,26583,-0.24309986576265263,-0.24309986109486087,4.6677917642234945e-09,0.893088336617609,0.8930882712351519,-6.538245711507074e-08,0.2754415181963066,0.27544151827693886,8.063227863175371e-11,-0.022297265185045045,-0.022297265159092323,2.5952722609856593e-11,-0.56127776082604,-0.5612779273165202,-1.66490480180137e-07
1.76725,1.1244444444444444,0.04,-0.7,2.0,0.3,0.04,0.01,26585,-0.24350184815280507,-0.2435018435334553,4.619349763812508e-09,0.8901091419488694,0.8901090418558835,-1.0009298589963578e-07,0.27430771111142116,0.2743077112512768,1.3985562707929944e-10,-0.02216255118037136,-0.022162551154236706,2.6134653469123137e-11,-0.5703179776544998,-0.5703181446592815,-1.670047817814435e-07
1.8559166666666667,1.1244444444444444,0.04,-0.7,2.0,0.3,0.04,0.01,26593,-0.24505047207579178,-0.24505046764587882,4.42991296423223e-09,0.8786446903386036,0.87864469372547,3.3868664539582483e-09,0.26980907721574354,0.2698090775883298,3.7258623963865034e-10,-0.02169723728157047,-0.02169723725965595,2.1914518810728367e-11,-0.6066689631231692,-0.6066691324832003,-1.693600311103438e-07
0.2931666666666667,1.1266666666666667,0.04,-0.7,2.0,0.3,0.04,0.01,26633,-0.14193503561021892,-0.1419350151995554,2.0410663520431527e-08,1.4020312577578409,1.4020311531036955,-1.0465414534976958e-07,0.2381493844372251,0.23814938788837636,3.451151253663909e-09,-0.05125666952987551,-0.05125667140390955,-1.874034039062167e-09,0.008847208598783407,0.008847029254390858,-1.793443925486582e-07
0.63675,1.1266666666666667,0.04,-0.7,2.0,0.3,0.04,0.01,26664,-0.19784014495372038,-0.197840133868488,1.1085232370922071e-08,1.221397072370678,1.2213969969298568,-7.544082114563366e-08,0.3081763440362928,0.30817634057328336,-3.4630094347676277e-09,-0.039828001048292094,-0.039828000908563976,1.3972811796492124e-10,-0.09845171676431397,-0.09845187913483087,-1.6237051690681792e-07
0.76975,1.1266666666666667,0.04,-0.7,2.0,0.3,0.04,0.01,26676,-0.20946512184011334,-0.20946511239935,9.440763337753566e-09,1.1575806146968404,1.1575806383937959,2.369695550896722e-08,0.3134440734570143,0.3134440699807326,-3.4762817069378116e-09,-0.03660550448481015,-0.03660550442972637,5.508377781682228e-11,-0.15316216070371258,-0.15316232191482534,-1.6121111276468092e-07
0.8916666666666667,1.1266666666666667,0.04,-0.7,2.0,0.3,0.04,0.01,26687,-0.2171028399242103,-0.21710283159439367,8.329816642005383e-09,1.1006694389248395,1.1006693753565249,-6.356831461218349e-08,0.313432229228916,0.3134322260178267,-3.2110892833614457e-09,-0.03422578816331123,-0.03422578815842336,4.887874827108618e-12,-0.20516321360047884,-0.20516337425758405,-1.6065710520263288e-07
0.9581666666666667,1.1266666666666667,0.04,-0.7,2.0,0.3,0.04,0.01,26693,-0.22035045106366669,-0.2203504432265192,7.837147486533524e-09,1.072193783757669,1.0721937296756077,-5.4082061273774684e-08,0.31208377896108086,0.3120837759670601,-2.9940207535439356e-09,-0.03297724698869686,-0.03297724699012685,-1.4299880723989133e-12,-0.23371418941986466,-0.23371434993409096,-1.6051422629947965e-07
0.9803333333333334,1.1266666666666667,0.04,-0.7,2.0,0.3,0.04,0.01,26695,-0.22131967737648583,-0.22131966969212205,7.68436378417725e-09,1.0632254299203225,1.0632253925856414,-3.733468112443461e-08,0.31147690432636876,0.3114769014141082,-2.912260543830314e-09,-0.032561919075524415,-0.032561919070793456,4.73095868036566e-12,-0.24322001852816744,-0.2432201790139779,-1.6048581047423127e-07
1.03575,1.1266666666666667,0.04,-0.7,2.0,0.3,0.04,0.01,26700,-0.22353697012228446,-0.22353696279416443,7.3281200274610825e-09,1.0420247387177284,1.04202476616877,2.7451041662018838e-08,0.30968277824922064,0.3096827755483206,-2.7009000591604604e-09,-0.03152620035112852,-0.0315262003453006,5.82792147874045e-12,-0.26691656251937035,-0.2669167229556544,-1.604362840357254e-07
1.0579166666666666,1.1266666666666667,0.04,-0.7,2.0,0.3,0.04,0.01,26702,-0.22435213888671868,-0.22435213169199858,7.194720097469798e-09,1.034038610292498,1.0340385151007776,-9.51917205060937e-08,0.3088707682291636,0.30887076562006455,-2.60909904792328e-09,-0.031114315215408084,-0.03111431520422922,1.1178863390526317e-11,-0.27635863842356834,-0.2763587988498595,-1.6042629114032536e-07
1.1909166666666666,1.1266666666666667,0.04,-0.7,2.0,0.3,0.04,0.01,26714,-0.22860478543607066,-0.22860477894965087,6.4864197901748355e-09,0.9918370125205911,0.9918370289279727,1.640738156449828e-08,0.30320521399979095,0.30320521196577815,-2.0340127915297046e-09,-0.02872359723210538,-0.02872359720431402,2.7791359491491363e-11,-0.33242588872689494,-0.3324260491617068,-1.6043481187999475e-07
1.2574166666666666,1.1266666666666667,0.04,-0.7,2.0,0.3,0.04,0.01,26720,-0.23043558149971055,-0.23043557531780756,6.1819029895104904e-09,0.974088565364184,0.9740885264392826,-3.892490141321758e-08,0.3000354981186337,0.30003549637646576,-1.7421679654461286e-09,-0.027616189722523554,-0.02761618969119734,3.132621592683016e-11,-0.36004775888803797,-0.36004791939007846,-1.6050204049156136e-07
1.2906666666666666,1.1266666666666667,0.04,-0.7,2.0,0.3,0.04,0.01,26723,-0.2312994700029436,-0.23129946396304787,6.039895722453892e-09,0.965945917696942,0.9659459518620335,3.416509142262214e-08,0.2984003529862833,0.29840035139024723,-1.5960360810751695e-09,-0.027092361519209796,-0.027092361487243533,3.1966262969973513e-11,-0.373759234629234,-0.37375939519074114,-1.6056150714538475e-07
1.3239166666666666,1.1266666666666667,0.04,-0.7,2.0,0.3,0.04,0.01,26726,-0.2321349228132097,-0.2321349169055555,5.907654199166501e-09,0.9582474647107375,0.9582474463583353,-1.8352402264554257e-08,0.29674087272058003,0.2967408712678644,-1.4527156144694686e-09,-0.026590520401659212,-0.026590520365183883,3.647532970108003e-11,-0.38740977573475943,-0.3874099363775346,-1.6064277519323156e-07
1.4236666666666666,1.1266666666666667,0.04,-0.7,2.0,0.3,0.04,0.01,26735,-0.23450198423924373,-0.23450197870149,5.537753727802297e-09,0.9374953258145524,0.9374952608518962,-6.49626562543304e-08,0.2916673644451362,0.29166736340591926,-1.0392169347284153e-09,-0.025226079711226923,-0.025226079673093777,3.813314594647288e-11,-0.42805395681022596,-0.4280541178720496,-1.610618236558281e-07
1.83375,1.1266666666666667,0.04,-0.7,2.0,0.3,0.04,0.01,26772,-0.24272009167380926,-0.24272008721935107,4.454458191194277e-09,0.8754968194857327,0.8754968153339884,-4.151744281699621e-09,0.27066377293771815,0.27066377322273383,2.8501567772565295e-10,-0.021764577135818808,-0.021764577112223644,2.3595164017065073e-11,-0.5940855940853029,-0.5940857615865913,-1.675012883950444e-07
1.8448333333333333,1.1266666666666667,0.04,-0.7,2.0,0.3,0.04,0.01,26773,-0.242913043997095,-0.24291303956601784,4.4310771718514275e-09,0.8741195045569583,0.8741194712249721,-3.333198617117006e-08,0.27010785915770885,0.27010785947147925,3.1377039855229327e-10,-0.02171111373738821,-0.02171111371354066,2.384754893558494e-11,-0.598627499215354,-0.598627667024295,-1.6780894107615296e-07
0.08258333333333334,1.1288888888888888,0.04,-0.7,2.0,0.3,0.04,0.01,26795,-0.05586112282435218,-0.055861088055508615,3.47688435681226e-08,1.099405594340297,1.0994052645348265,-3.298054704892195e-07,0.061884008888402064,0.06188401162678798,2.7383859138585542e-09,-0.030452876015607533,-0.030452885027588843,-9.011981310508288e-09,0.009961479466857881,0.009961285563120459,-1.9390373742246558e-07
0.10475000000000001,1.1288888888888888,0.04,-0.7,2.0,0.3,0.04,0.01,26797,-0.06849653084201046,-0.06849649700177969,3.3840230770354474e-08,1.2142524929981136,1.2142521854849997,-3.075131138619014e-07,0.0846469247403614,0.0846469286557962,3.9154348097092395e-09,-0.03277356725533975,-0.03277356842788262,-1.1725428683551087e-09,0.012671863439950304,0.012671665492647002,-1.9794730330216503e-07
0.14908333333333335,1.1288888888888888,0.04,-0.7,2.0,0.3,0.04,0.01,26801,-0.0898586242756294,-0.0898585938376263,3.043800310409406e-08,1.3415866251254016,1.3415863961053551,-2.2902004648273078e-07,0.1293609660149575,0.12936097206856675,6.053609252765213e-09,-0.03690394101862893,-0.036903939245850725,1.772778202013825e-09,0.016219575535436626,0.016219375674172788,-1.9986126383736424e-07
0.18233333333333335,1.1288888888888888,0.04,-0.7,2.0,0.3,0.04,0.01,26804,-0.10344830917080605,-0.10344828155346102,2.7617345035868546e-08,1.3840783685825642,1.3840781428352515,-2.2574731262103853e-07,0.16047181403022748,0.1604718209210495,6.890822024097076e-09,-0.04116149330379848,-0.04116149327534791,2.8450568290150358e-11,0.017448635308281446,0.017448438110332615,-1.9719794883132913e-07
0.3596666666666667,1.1288888888888888,0.04,-0.7,2.0,0.3,0.04,0.01,26820,-0.15428482336543592,-0.15428480621457646,1.7150859454861944e-08,1.3357940975566862,1.3357940553340861,-4.222260008290846e-08,0.2619924631552806,0.261992463467079,3.1179842041595407e-10,-0.04988891663476602,-0.04988891723623957,-6.01473544581399e-10,-0.0043340247107837016,-0.004334197259139681,-1.7254835597921986e-07
0.37075,1.1288888888888888,0.04,-0.7,2.0,0.3,0.04,0.01,26821,-0.15654486441057935,-0.15654484764544277,1.6765136584551144e-08,1.329475302069838,1.3294752206158487,-8.145398933123715e-08,0.2653576752989495,0.26535767519752523,-1.0142425788117748e-10,-0.049517359054784826,-0.04951735950685823,-4.5207340648723005e-10,-0.007104149815362337,-0.007104321413924588,-1.7159856225117814e-07
0.5259166666666667,1.1288888888888888,0.04,-0.7,2.0,0.3,0.04,0.01,26835,-0.18200091467079904,-0.18200090185658008,1.2814218963708157e-08,1.2552282213640353,1.2552281907382894,-3.062574593926115e-08,0.2961887051147749,0.29618870211177933,-3.0029955744304004e-09,-0.043260668399769386,-0.043260668270147226,1.2962216022760487e-10,-0.05519696932493323,-0.05519713366364478,-1.6433871154880597e-07
0.7586666666666667,1.1288888888888888,0.04,-0.7,2.0,0.3,0.04,0.01,26856,-0.20607033764968863,-0.2060703281937952,9.455893429377582e-09,1.1502497232473985,1.1502495675931135,-1.556542850167375e-07,0.31220388124975074,0.3122038777540512,-3.495699563149657e-09,-0.03666930337431484,-0.03666930331297713,6.133771268679311e-11,-0.14666181977068815,-0.14666198085806123,-1.6108737307951593e-07
0.8805833333333334,1.1288888888888888,0.04,-0.7,2.0,0.3,0.04,0.01,26867,-0.21406124660311443,-0.2140612382687411,8.334373330365352e-09,1.0944550987712631,1.0944550089408371,-8.983042598664781e-08,0.31270374215380814,0.31270373889844943,-3.255358704823408e-09,-0.03431235633483132,-0.03431235632913152,5.699794802804803e-12,-0.19834319374412157,-0.19834335404232933,-1.6029820776308767e-07
0.936,1.1288888888888888,0.04,-0.7,2.0,0.3,0.04,0.01,26872,-0.21693629820768168,-0.21693629029196226,7.915719413276179e-09,1.0708261111158635,1.0708262101257822,9.900991870814835e-08,0.31180683473075455,0.31180683164343326,-3.087321287509326e-09,-0.03328642000283155,-0.033286420002429824,4.01727262566709e-13,-0.2220391447496639,-0.2220393048336143,-1.6008395040123524e-07
1.0246666666666666,1.1288888888888888,0.04,-0.7,2.0,0.3,0.04,0.01,26880,-0.2208011735416182,-0.22080116621758808,7.324030132371817e-09,1.036309216218001,1.0363092321698042,1.5951803211677884e-08,0.30934855836189934,0.3093485555999315,-2.761967821118816e-09,-0.0316462829064168,-0.03164628290494279,1.4740084153253008e-12,-0.25988273103183523,-0.2598828908958643,-1.5986402907008923e-07
1.3128333333333333,1.1288888888888888,0.04,-0.7,2.0,0.3,0.04,0.01,26906,-0.2297331269993097,-0.22973312109536057,5.903949135133146e-09,0.9528636601974227,0.9528635784178203,-8.177960242328197e-08,0.29678531440396894,0.29678531287834625,-1.5256226837401243e-09,-0.02669918716224906,-0.026699187126340174,3.590888697502237e-11,-0.3801395811825481,-0.38013974092956787,-1.5974701977894412e-07
1.335,1.1288888888888888,0.04,-0.7,2.0,0.3,0.04,0.01,26908,-0.2302924245989324,-0.23029241878424622,5.814686176996986e-09,0.9479874440998515,0.9479875222467121,7.814686064921972e-08,0.29568515232003545,0.295685150888126,-1.4319094243653296e-09,-0.026373359750808678,-0.02637335971746182,3.334685652611746e-11,-0.3891896772950654,-0.38918983709054955,-1.5979548417810463e-07
1.601,1.1288888888888888,0.04,-0.7,2.0,0.3,0.04,0.01,26932,-0.2363110214306796,-0.2363110164651534,4.9655262124304045e-09,0.9006270340616851,0.9006270909226854,5.686100035262598e-08,0.2821596612706534,0.28215966085169586,-4.189575353308328e-10,-0.023288542047861238,-0.023288542014730736,3.3130501814193636e-11,-0.4965431084580363,-0.4965432701294636,-1.616714273011688e-07
1.6120833333333333,1.1288888888888888,0.04,-0.7,2.0,0.3,0.04,0.01,26933,-0.23653937995776753,-0.23653937502237807,4.935389458227135e-09,0.8989911204348999,0.8989910931853838,-2.7249516088012626e-08,0.2815937008299185,0.281593700446624,-3.8329450724461367e-10,-0.023192301232821677,-0.02319230120550384,2.7317835493700926e-11,-0.5009978288592065,-0.5009979906798487,-1.6182064221936798e-07
1.7450833333333333,1.1288888888888888,0.04,-0.7,2.0,0.3,0.04,0.01,26945,-0.2391581487301564,-0.2391581441113788,4.618777582621192e-09,0.8807063578419871,0.8807062591163477,-9.872563944135493e-08,0.2748398320268075,0.27483983205012036,2.3312851649137656e-11,-0.022214756609240105,-0.02221475658113727,2.8102836030496903e-11,-0.5546077654108861,-0.554607929553366,-1.641424799414537e-07
0.11583333333333334,1.1311111111111112,0.04,-0.7,2.0,0.3,0.04,0.01,26979,-0.07152881588895488,-0.07152878394781599,3.1941138886604215e-08,1.2130704718504859,1.2130702022577513,-2.695927345808258e-07,0.0941235237597593,0.0941235281601928,4.400433503692902e-09,-0.03255940879631769,-0.03255940817547943,6.208382627437281e-10,0.013881408924276695,0.01388120943243609,-1.994918406040408e-07
0.16016666666666668,1.1311111111111112,0.04,-0.7,2.0,0.3,0.04,0.01,26983,-0.0916004076861876,-0.09160037903639245,2.8649795147384083e-08,1.3208209082016253,1.320820736205261,-1.7199636426212805e-07,0.13789901531613413,0.1378990216457217,6.329587576292539e-09,-0.037319933510748804,-0.03731993224990084,1.260847960760092e-09,0.01695313755184502,0.016952937704043776,-1.9984780124521206e-07
0.18233333333333335,1.1311111111111112,0.04,-0.7,2.0,0.3,0.04,0.01,26985,-0.10041313085767944,-0.10041310396977379,2.68879056519733e-08,1.3477438220999005,1.3477436516628898,-1.7043701072694262e-07,0.15825565173294143,0.1582556585424058,6.809464381252184e-09,-0.04030905543878083,-0.0403090554407142,-1.9333701306578632e-12,0.017671563308230276,0.01767136545499403,-1.9785323624593731e-07
0.21558333333333335,1.1311111111111112,0.04,-0.7,2.0,0.3,0.04,0.01,26988,-0.1124640015381928,-0.11246397718064279,2.4357550018616614e-08,1.3659294140211387,1.3659293328589774,-8.11621612140101e-08,0.18582129598987418,0.18582130267559746,6.6857232805528355e-09,-0.044682895571357406,-0.0446828972437903,-1.6724328935624477e-09,0.01747691697445708,0.01747672376427664,-1.932101804380526e-07
0.24883333333333335,1.1311111111111112,0.04,-0.7,2.0,0.3,0.04,0.01,26991,-0.12325708881544273,-0.12325706672240107,2.2093041660009582e-08,1.3655168218384972,1.3655167191919102,-1.0264658700798179e-07,0.2092271476666907,0.2092271533100905,5.643399803023641e-09,-0.048004355279462896,-0.04800435763100332,-2.351540420719722e-09,0.015501404824480591,0.01550121706962938,-1.8775485121150237e-07
0.2599166666666667,1.1311111111111112,0.04,-0.7,2.0,0.3,0.04,0.01,26992,-0.1265881551032466,-0.1265881336892559,2.1413990719532094e-08,1.3625708117359636,1.3625707030488785,-1.0868708510969327e-07,0.21608159048475128,0.21608159564042767,5.1556763858151555e-09,-0.04877979173006919,-0.04877979407670735,-2.3466381615655507e-09,0.014424753326525153,0.014424567386383945,-1.8594014120770774e-07
0.3264166666666667,1.1311111111111112,0.04,-0.7,2.0,0.3,0.04,0.01,26998,-0.14402086412096393,-0.14402084602182108,1.809914285111347e-08,1.3311299007501276,1.331129816151321,-8.459880662670116e-08,0.2484243419256793,0.2484243437114679,1.7857886003280754e-09,-0.05016818169889525,-0.05016818290865907,-1.209763816900633e-09,0.003892082024448129,0.0038919054115478225,-1.7661290030663093e-07
0.404,1.1311111111111112,0.04,-0.7,2.0,0.3,0.04,0.01,27005,-0.16000788581022052,-0.1600078703512248,1.5458995722417157e-08,1.2907365343206578,1.2907365144744718,-1.9846186027905333e-08,0.27247941951191734,0.2724794183853125,-1.1266048649538618e-09,-0.04782969683481131,-0.04782969699305003,-1.582387207377245e-10,-0.015135846632152727,-0.015136016379544077,-1.697473913497144e-07
0.48158333333333336,1.1311111111111112,0.04,-0.7,2.0,0.3,0.04,0.01,27012,-0.17289467809600279,-0.17289466455328087,1.3542721916115497e-08,1.256421788831119,1.2564217638018398,-2.5029279315802455e-08,0.2881586242786671,0.2881586217046912,-2.573975921293936e-09,-0.04466954593135286,-0.044669545843106936,8.824592445666468e-11,-0.038837057102225625,-0.038837223055616404,-1.659533907794053e-07
0.57025,1.1311111111111112,0.04,-0.7,2.0,0.3,0.04,0.01,27020,-0.18494145512387705,-0.18494144326437467,1.1859502380140441e-08,1.2201600896322162,1.2201600849997514,-4.632464856157981e-09,0.2999167940495595,0.29991679078038735,-3.2691721552069453e-09,-0.04139721533680252,-0.04139721519016204,1.4664047753853993e-10,-0.0699441886306551,-0.06994435222447319,-1.6359381808939144e-07
1.1355,1.1311111111111112,0.04,-0.7,2.0,0.3,0.04,0.01,27071,-0.22250552466712703,-0.22250551802409904,6.643027988806338e-09,0.990393839161996,0.9903937793592879,-5.980270811889454e-08,0.30443576182287435,0.30443575950517154,-2.317702807452804e-09,-0.029555655804425207,-0.029555655787806487,1.661872028879685e-11,-0.30426830100405144,-0.30426846002300467,-1.5901895322745219e-07
1.16875,1.1311111111111112,0.04,-0.7,2.0,0.3,0.04,0.01,27074,-0.22356034336312725,-0.2235603368831471,6.479980135809527e-09,0.9807906264924782,0.980790647046878,2.0554399848826677e-08,0.30300524370058257,0.30300524152676134,-2.1738212341304575e-09,-0.028973660024245174,-0.028973660001842372,2.2402801835852415e-11,-0.318132583260744,-0.3181327422185793,-1.5895783528341312e-07
1.2685,1.1311111111111112,0.04,-0.7,2.0,0.3,0.04,0.01,27083,-0.22644610995270487,-0.22644610391892644,6.033778421343783e-09,0.955098800048404,0.9550987732713635,-2.6777040473824343e-08,0.29840975757172705,0.29840975582780876,-1.7439182875556014e-09,-0.027320680673070807,-0.027320680644124583,2.8946223890047307e-11,-0.3593148576061522,-0.35931501647614933,-1.5886999710224003e-07
1.4236666666666666,1.1311111111111112,0.04,-0.7,2.0,0.3,0.04,0.01,27097,-0.23036800116310596,-0.23036799570360736,5.4594986031997195e-09,0.922832837924048,0.9228329020500244,6.412597641780593e-08,0.2907610165547858,0.29076101545922667,-1.0955591434047562e-09,-0.025122761647122793,-0.025122761607516843,3.960595046370585e-11,-0.42230778977775385,-0.42230794893874896,-1.5916099510571158e-07
1.468,1.1311111111111112,0.04,-0.7,2.0,0.3,0.04,0.01,27101,-0.23140018293260622,-0.23140017761658305,5.3160231772153566e-09,0.9149680402220639,0.9149681608785581,1.2065649424020108e-07,0.2885255996035174,0.2885255986772401,-9.262773326135232e-10,-0.024589562986621072,-0.024589562950558797,3.606227469421519e-11,-0.4401357083194668,-0.44013586770490565,-1.5938543884708167e-07
1.63425,1.1311111111111112,0.04,-0.7,2.0,0.3,0.04,0.01,27116,-0.23500795691827614,-0.2350079520658231,4.85245305048565e-09,0.8892884817424118,0.8892886168685883,1.3512617647037928e-07,0.28010635852643295,0.280106358188812,-3.376209312122569e-10,-0.022961624679129766,-0.022961624648783117,3.0346648804968623e-11,-0.5067540564068773,-0.5067542174476227,-1.6104074540557178e-07
1.7118333333333333,1.1311111111111112,0.04,-0.7,2.0,0.3,0.04,0.01,27123,-0.2365643811752527,-0.23656437650927115,4.665981545581843e-09,0.8788315630781085,0.8788315333868985,-2.96912100461455e-08,0.2761962439626342,0.2761962438599584,-1.0267581229683742e-10,-0.02238682859367902,-0.022386828568082957,2.5596063463195762e-11,-0.5379042805861434,-0.5379044429113639,-1.6232522048742482e-07
1.8226666666666667,1.1311111111111112,0.04,-0.7,2.0,0.3,0.04,0.01,27133,-0.2386548103783248,-0.23865480594594815,4.432376660146176e-09,0.8650031579904294,0.8650032241436206,6.61531912582447e-08,0.2706649622941093,0.2706649624922306,1.981212971458035e-10,-0.021740230805311622,-0.02174023078321156,2.2100061364271895e-11,-0.5827042089850965,-0.582704373766794,-1.6478169750921978e-07
1.83375,1.1311111111111112,0.04,-0.7,2.0,0.3,0.04,0.01,27134,-0.2388553055321374,-0.23885530112370748,4.408429926661128e-09,0.8636759529778715,0.8636759065226284,-4.645524309676574e-08,0.27011623496053794,0.2701162351859944,2.254564868131581e-10,-0.02168568555199757,-0.021685685530941096,2.105647253780596e-11,-0.5872107375323732,-0.5872109025992749,-1.6506690170281502e-07
1.8891666666666667,1.1311111111111112,0.04,-0.7,2.0,0.3,0.04,0.01,27139,-0.23983451185705107,-0.23983450755043892,4.306612150228872e-09,0.8571580001337509,0.8571579294966343,-7.063711660038052e-08,0.2673863654450992,0.2673863658079893,3.6289010685308654e-10,-0.021437711925920144,-0.02143771190570928,2.0210864232206305e-11,-0.6098305315468955,-0.6098306981656034,-1.6661870794187905e-07
0.11583333333333334,1.1333333333333333,0.04,-0.7,2.0,0.3,0.04,0.01,27160,-0.06887986250231348,-0.0688798316917826,3.0810530876612674e-08,1.1712385228346278,1.1712382872914344,-2.3554319339424978e-07,0.09226443033555354,0.0922644346288392,4.293285657541723e-09,-0.031459885296569734,-0.03145988476020225,5.363674851488476e-10,0.014011495231558424,0.014011295403477583,-1.9982808084108294e-07
0.21558333333333335,1.1333333333333333,0.04,-0.7,2.0,0.3,0.04,0.01,27169,-0.1094643958177155,-0.10946437204522685,2.3772488644269174e-08,1.3338452564681802,1.3338451743527608,-8.211541935310152e-08,0.1835889404214197,0.183588947055935,6.6345152982538735e-09,-0.04392118644336307,-0.04392118812564516,-1.6822820914086378e-09,0.017779097742087746,0.017778903791412337,-1.9395067540894928e-07
0.34858333333333336,1.1333333333333333,0.04,-0.7,2.0,0.3,0.04,0.01,27181,-0.14608271342975154,-0.14608269650530414,1.692444739909149e-08,1.296283613783089,1.2962834057584087,-2.080246803704e-07,0.25454409935621314,0.2545441001532255,7.97012345010728e-10,-0.04925576253783648,-0.04925576334520307,-8.07366590249714e-10,-0.00020785909105036637,-0.0002080339959134103,-1.7490486304392477e-07
0.4594166666666667,1.1333333333333333,0.04,-0.7,2.0,0.3,0.04,0.01,27191,-0.16667336476733352,-0.1666733509383464,1.382898712209979e-08,1.2471818966464099,1.2471818373431651,-5.930324475933446e-08,0.28265179567721344,0.2826517934057686,-2.2714448100202844e-09,-0.04521096507809075,-0.0452109650325364,4.555434501840594e-11,-0.030619322008429428,-0.030619489234582905,-1.6722615347672387e-07
0.537,1.1333333333333333,0.04,-0.7,2.0,0.3,0.04,0.01,27198,-0.17799050279043716,-0.17799049050993795,1.228049920087848e-08,1.2172686858491488,1.2172687107604279,2.4911279039585565e-08,0.2946552857521767,0.2946552826647605,-3.0874162115779313e-09,-0.04226012076030683,-0.042260120631764354,1.285424752750508e-10,-0.056579792875599555,-0.056579957440130266,-1.645645307107868e-07
0.57025,1.1333333333333333,0.04,-0.7,2.0,0.3,0.04,0.01,27201,-0.18224748422918102,-0.18224747251857754,1.1710603486925208e-08,1.2044460595550532,1.204445972299503,-8.725555034061472e-08,0.29851662080110364,0.29851661753108083,-3.270022808088413e-09,-0.04112442146569917,-0.041124421322761735,1.4293743272331128e-10,-0.06858223840527922,-0.0685824021661529,-1.637608736809737e-07
0.67,1.1333333333333333,0.04,-0.7,2.0,0.3,0.04,0.01,27210,-0.19322279652483898,-0.19322278625196607,1.0272872913441589e-08,1.1638660757373742,1.1638660581703684,-1.7567005849983275e-08,0.3065396131141096,0.3065396095987595,-3.5153501221074634e-09,-0.03827354184471332,-0.03827354172685308,1.1786024239901494e-10,-0.10693722326676758,-0.10693738518755802,-1.619207904424158e-07
0.9470833333333334,1.1333333333333333,0.04,-0.7,2.0,0.3,0.04,0.01,27235,-0.21277198538227626,-0.2127719777039791,7.678297164748216e-09,1.0455931231945215,1.045593097536966,-2.565755541361625e-08,0.3099368883091591,0.3099368852368805,-3.0722785981929235e-09,-0.03286840714877837,-0.032868407149035245,-2.568778523226456e-13,-0.22247404011299654,-0.22247419919958128,-1.5908658473895443e-07
1.069,1.1333333333333333,0.04,-0.7,2.0,0.3,0.04,0.01,27246,-0.21797270653628464,-0.21797269960607013,6.930214513367616e-09,1.0020313523373403,1.002031308049347,-4.428799327271804e-08,0.3063740145048399,0.3063740118877697,-2.6170702271954838e-09,-0.030667233202330557,-0.030667233199120725,3.209831705985877e-12,-0.2740043413326787,-0.27400449987005393,-1.585373752277519e-07
1.0911666666666666,1.1333333333333333,0.04,-0.7,2.0,0.3,0.04,0.01,27248,-0.21878469308123094,-0.21878468627176628,6.80946465880794e-09,0.9949578161361217,0.9949578380393146,2.1903192926053805e-08,0.3055513064201265,0.3055513038953681,-2.5247584023446734e-09,-0.030269260773152507,-0.030269260761514278,1.1638228575305831e-11,-0.28330716702551495,-0.2833073254822743,-1.5845675932490977e-07
1.3239166666666666,1.1333333333333333,0.04,-0.7,2.0,0.3,0.04,0.01,27269,-0.22582473761717514,-0.22582473185070914,5.76646599914632e-09,0.9349014506998543,0.934901281729323,-1.6897053134456996e-07,0.2952044854909186,0.295204483964224,-1.5266946040704e-09,-0.02642073114539345,-0.026420731108791902,3.66015481811921e-11,-0.37923523650645885,-0.3792353945444235,-1.5803796465929665e-07
1.4015,1.1333333333333333,0.04,-0.7,2.0,0.3,0.04,0.01,27276,-0.2277873511988271,-0.227787345707961,5.490866095136937e-09,0.9196152783719214,0.9196154263447013,1.4797277991807078e-07,0.29139780342551935,0.2913978022104859,-1.2150334627314407e-09,-0.02535153120514222,-0.025351531167606824,3.753539493112079e-11,-0.4105554913094722,-0.41055564945880996,-1.581493377367238e-07
1.50125,1.1333333333333333,0.04,-0.7,2.0,0.3,0.04,0.01,27285,-0.23014037988516867,-0.2301403747042808,5.18088785761428e-09,0.9024588132344746,0.902458755237245,-5.7997229685469165e-08,0.28641872886536746,0.286418728039586,-8.257814432255373e-10,-0.024167539748598532,-0.024167539710996323,3.7602209540521514e-11,-0.4505219556863449,-0.4505221143022948,-1.5861594987454097e-07
1.9113333333333333,1.1333333333333333,0.04,-0.7,2.0,0.3,0.04,0.01,27322,-0.23832254601868774,-0.23832254177142453,4.247263207801666e-09,0.8489240699294243,0.8489240545406599,-1.5388764373902575e-08,0.26604565361965093,0.26604565400077973,3.811287951904774e-10,-0.021311283445180074,-0.021311283425346144,1.9833929637558256e-11,-0.6154076880052206,-0.615407854051879,-1.6604665842301358e-07
0.14908333333333335,1.1355555555555554,0.04,-0.7,2.0,0.3,0.04,0.01,27344,-0.08130843014209077,-0.08130840239137815,2.775071261673645e-08,1.2252652115130047,1.2252650898273318,-1.2168567287140775e-07,0.12310100281215375,0.12310100854710372,5.734949973246195e-09,-0.03404457905864522,-0.034044577472975686,1.5856695331772919e-09,0.016709152819149864,0.01670895148299079,-2.013361590745555e-07
0.16016666666666668,1.1355555555555554,0.04,-0.7,2.0,0.3,0.04,0.01,27345,-0.08589657564783693,-0.08589654864678047,2.7001056460140838e-08,1.246635206175739,1.2466350090566591,-1.9711907994768296e-07,0.13363920283004926,0.1336392089575473,6.1274980367453935e-09,-0.0354985639530736,-0.035498562795637546,1.1574360567201403e-09,0.017315970426146077,0.017315769508348827,-2.009177972502052e-07
0.70325,1.1355555555555554,0.04,-0.7,2.0,0.3,0.04,0.01,27394,-0.19380425524850864,-0.19380424548744846,9.761060182356118e-09,1.1365005936347927,1.1365005766850267,-1.6949766035168068e-08,0.3070536754404274,0.3070536719051917,-3.535235659768432e-09,-0.037290600668482554,-0.037290600573535164,9.494739022786192e-11,-0.11865382433834393,-0.11865398566638803,-1.613280441042919e-07
0.7586666666666667,1.1355555555555554,0.04,-0.7,2.0,0.3,0.04,0.01,27399,-0.1985267878384933,-0.19852677867778926,9.160704056432323e-09,1.1130139587756105,1.1130138681893467,-9.058626382341117e-08,0.30901693791968166,0.30901693441297934,-3.506702317412902e-09,-0.036148885215470106,-0.036148885159588966,5.5881139993108064e-11,-0.1412773491712982,-0.14127750967348238,-1.6050218418217632e-07
0.8140833333333334,1.1355555555555554,0.04,-0.7,2.0,0.3,0.04,0.01,27404,-0.20264148962362283,-0.20264148098905146,8.634571363463905e-09,1.089354867422898,1.0893547137300648,-1.5369283334898398e-07,0.3099742860268595,0.3099742825928853,-3.433974216093816e-09,-0.035113790619878404,-0.03511379059552982,2.4348585647704368e-11,-0.16430667323596992,-0.1643068330392896,-1.5980331968812322e-07
0.8584166666666667,1.1355555555555554,0.04,-0.7,2.0,0.3,0.04,0.01,27408,-0.20554214171825125,-0.20554213345861255,8.259638695218285e-09,1.0707315201141654,1.07073147328629,-4.682787535514876e-08,0.3101253418361094,0.310125338502048,-3.334061415838363e-09,-0.034322726571445195,-0.03432272656195587,9.489325991651754e-12,-0.18291532164621538,-0.18291548098429725,-1.5933808186763265e-07
0.9138333333333334,1.1355555555555554,0.04,-0.7,2.0,0.3,0.04,0.01,27413,-0.20874041587209957,-0.20874040803975738,7.832342191482766e-09,1.0482805345990442,1.0482805340601091,-5.389351187545799e-10,0.30967196440107037,0.3096719612119683,-3.1891020380037105e-09,-0.03334644795710551,-0.03334644795894891,-1.843400432299802e-12,-0.20629681939471345,-0.20629697824697055,-1.5885225709832973e-07
0.9581666666666667,1.1355555555555554,0.04,-0.7,2.0,0.3,0.04,0.01,27417,-0.21100313391114733,-0.21100312638083202,7.530315315751324e-09,1.0312247888943915,1.0312247013310394,-8.756335212467548e-08,0.30888157295488883,0.30888156990639426,-3.048494567892135e-09,-0.03256240914656372,-0.032562409151921,-5.357277121920134e-12,-0.2250304982392981,-0.22503065677303588,-1.5853373777630075e-07
1.1576666666666666,1.1355555555555554,0.04,-0.7,2.0,0.3,0.04,0.01,27435,-0.21888021676408353,-0.21888021035057864,6.413504893831856e-09,0.9666678679742802,0.966667889056871,2.1082590784260447e-08,0.30222269642971034,0.3022226941689,-2.2608103167343074e-09,-0.0290237272701499,-0.02902372725172841,1.8421490027842324e-11,-0.3085952249395896,-0.30859538248737917,-1.5754778959209403e-07
1.8226666666666667,1.1355555555555554,0.04,-0.7,2.0,0.3,0.04,0.01,27495,-0.23483653811717797,-0.2348365337271586,4.390019375799525e-09,0.8532383910520025,0.8532383920090169,9.570143566506317e-10,0.2700839433542046,0.2700839434970487,1.428440699058342e-10,-0.02165835114864567,-0.021658351126039744,2.2605927546548443e-11,-0.5759299366919768,-0.5759300990833982,-1.6239142142104868e-07
1.8448333333333333,1.1355555555555554,0.04,-0.7,2.0,0.3,0.04,0.01,27497,-0.23524748334086132,-0.23524747899185358,4.349007737269872e-09,0.8507059778839476,0.850705969181449,-8.702498610624332e-09,0.26900375743127425,0.26900375763347517,2.022009226720911e-10,-0.021552216312725747,-0.021552216292401265,2.0324481680988882e-11,-0.5848890123083539,-0.5848891752526393,-1.629442853978702e-07
0.12691666666666668,1.1377777777777778,0.04,-0.7,2.0,0.3,0.04,0.01,27523,-0.06899196243442818,-0.06899193430186674,2.813256143319176e-08,1.1300270996716932,1.130026845951501,-2.5372019218927733e-07,0.0995372148199225,0.09953721946230297,4.642380466157725e-09,-0.030476536609091998,-0.03047653525532365,1.3537683474229567e-09,0.015281932155553068,0.015281730812157814,-2.0134339525496037e-07
0.5924166666666667,1.1377777777777778,0.04,-0.7,2.0,0.3,0.04,0.01,27565,-0.1796624242736411,-0.17966241318668685,1.1086954243566538e-08,1.1658032483818914,1.165803232677347,-1.570454433164059e-08,0.2979917941373089,0.29799179077898913,-3.3583197889264227e-09,-0.0398945993537736,-0.039894599216736014,1.3703758267036292e-10,-0.07404576732844559,-0.07404593086517974,-1.6353673415459014e-07
0.67,1.1377777777777778,0.04,-0.7,2.0,0.3,0.04,0.01,27572,-0.18811048458217128,-0.18811047454048027,1.0041691006490439e-08,1.1367759567004754,1.1367759524214012,-4.2790742060816456e-09,0.30408968797135394,0.3040896844518985,-3.519455449296771e-09,-0.03783532658341304,-0.037835326469516,1.13897044573541e-10,-0.10378562562807225,-0.10378578748499787,-1.618569256123248e-07
0.7254166666666667,1.1377777777777778,0.04,-0.7,2.0,0.3,0.04,0.01,27577,-0.19327967958615577,-0.19327967017822706,9.407928713844882e-09,1.114557235393221,1.1145572024360766,-3.295714434692343e-08,0.30683547208365525,0.30683546854831273,-3.535342518734552e-09,-0.036623887309517045,-0.03662388723256056,7.69564828528857e-11,-0.12595369513035415,-0.12595385598000455,-1.608496504046375e-07
0.8473333333333334,1.1377777777777778,0.04,-0.7,2.0,0.3,0.04,0.01,27588,-0.20246993368916444,-0.20246992542687808,8.262286355087411e-09,1.0642692227502693,1.064269369018876,1.462686067821295e-07,0.3091788931597339,0.3091788897913748,-3.368359091648898e-09,-0.03437659347987898,-0.03437659347093195,8.947030616379692e-12,-0.17631935432943502,-0.1763195134400247,-1.5911058967588154e-07
1.23525,1.1377777777777778,0.04,-0.7,2.0,0.3,0.04,0.01,27623,-0.21918471987070198,-0.21918471385093563,6.01976635206114e-09,0.9387888688650037,0.9387888844758865,1.5610882808658744e-08,0.2982347961030807,0.2982347941516083,-1.9514723725855276e-09,-0.027659874393681783,-0.027659874368338028,2.534375487250884e-11,-0.33795921813961627,-0.3379593746715211,-1.5653190482689538e-07
1.43475,1.1377777777777778,0.04,-0.7,2.0,0.3,0.04,0.01,27641,-0.22456214408078656,-0.2245621387754735,5.305313049985827e-09,0.8993644995403116,0.899364494156753,-5.383558598914817e-09,0.28880775161277406,0.28880775048263924,-1.1301348190606575e-09,-0.0248250755272017,-0.024825075490707425,3.649427635088465e-11,-0.41823349171410396,-0.4182336480904764,-1.5637637246213032e-07
1.4901666666666666,1.1377777777777778,0.04,-0.7,2.0,0.3,0.04,0.01,27646,-0.22589900491504222,-0.22589899977434652,5.1406957024546784e-09,0.8904426695988121,0.8904427400453937,7.044658156818429e-08,0.2860938434182114,0.2860938424935869,-9.246245435967637e-10,-0.024184934630244737,-0.024184934594153207,3.6091529070914063e-11,-0.44026479264464013,-0.4402649492190879,-1.5657444774053175e-07
1.8115833333333333,1.1377777777777778,0.04,-0.7,2.0,0.3,0.04,0.01,27675,-0.23273628162401305,-0.2327362772326368,4.391376262624647e-09,0.8486486846592811,0.8486487039818774,1.932259630077482e-08,0.2703212268459487,0.2703212269306286,8.467987422378087e-11,-0.021671879443518893,-0.021671879421989396,2.1529496935235315e-11,-0.5681128767545673,-0.568113037693305,-1.6093873766998001e-07
0.404,1.14,0.04,-0.7,2.0,0.3,0.04,0.01,27729,-0.14889310733373629,-0.1488930928718967,1.4461839586976666e-08,1.2109729163878313,1.210972853886906,-6.2500925324116e-08,0.2653167925731337,0.2653167914903834,-1.0827502783250509e-09,-0.04618250034865712,-0.04618250054758345,-1.9892633373874702e-10,-0.011623878346245231,-0.011624050232978167,-1.7188673293554169e-07
0.5480833333333334,1.14,0.04,-0.7,2.0,0.3,0.04,0.01,27742,-0.17151814524246634,-0.17151813361337345,1.1629092883103098e-08,1.1655971465796,1.1655971354434769,-1.1136123134747322e-08,0.29162283533751276,0.29162283219143054,-3.1460822280671152e-09,-0.04099928560125088,-0.04099928547502885,1.2622202588685738e-10,-0.056720070318594384,-0.0567202352409515,-1.6492235711818015e-07
1.0468333333333333,1.14,0.04,-0.7,2.0,0.3,0.04,0.01,27787,-0.210489191042329,-0.21048918418780846,6.854520534504971e-09,0.9815478485553086,0.9815478884950586,3.99397499517562e-08,0.3049436910904091,0.30494368834384916,-2.746559923938463e-09,-0.030799131144343406,-0.030799131141851045,2.4923604846627256e-12,-0.25786701319197025,-0.2578671700283167,-1.5683634646546096e-07
1.56775,1.14,0.04,-0.7,2.0,0.3,0.04,0.01,27834,-0.22573877559939337,-0.22573877070246917,4.8969241994711865e-09,0.872474026358816,0.8724741021158546,7.575703864226568e-08,0.2818612588004199,0.2818612581306472,-6.697726817606053e-10,-0.02334818965776808,-0.023348189625257212,3.2510868996915576e-11,-0.4680325327674484,-0.46803268884397403,-1.560765256480856e-07
1.76725,1.14,0.04,-0.7,2.0,0.3,0.04,0.01,27852,-0.22998692417147693,-0.22998691971686946,4.454607460679938e-09,0.8477793189687333,0.8477793440422788,2.5073545573128797e-08,0.272149504021435,0.27214950396593435,-5.550065962367512e-11,-0.02186722012714748,-0.021867220103069546,2.4077934090982467e-11,-0.5470702272275529,-0.5470703860510919,-1.5882353898710733e-07
1.8891666666666667,1.14,0.04,-0.7,2.0,0.3,0.04,0.01,27863,-0.23231679125546023,-0.23231678702697375,4.228486477630966e-09,0.8343981727776395,0.8343982704562463,9.767860675857776e-08,0.26629647876974527,0.2662964790192599,2.4951463117872663e-10,-0.02127929935813455,-0.021279299336157746,2.197680579185679e-11,-0.5959965996568672,-0.5959967613767474,-1.6171988015400984e-07
1.9113333333333333,1.14,0.04,-0.7,2.0,0.3,0.04,0.01,27865,-0.2327194303647362,-0.232719426174872,4.189864177828184e-09,0.8320482747237179,0.8320482082177817,-6.650593620260992e-08,0.26524249269577194,0.26524249299584735,3.0007540896548335e-10,-0.02119354655660821,-0.021193546538348863,1.8259348893989724e-11,-0.6049705660918225,-0.604970728438819,-1.6234699651285212e-07
1.9778333333333333,1.14,0.04,-0.7,2.0,0.3,0.04,0.01,27871,-0.23388918631184197,-0.23388918222723162,4.08461034440144e-09,0.8251053618124615,0.8251053459428329,-1.586962861122032e-08,0.2621024558227547,0.2621024562685536,4.4579889779683413e-10,-0.020970214081317273,-0.020970214059637712,2.1679560924248165e-11,-0.6320598840517389,-0.6320600484706583,-1.6441891947938103e-07
0.21558333333333335,1.1422222222222222,0.04,-0.7,2.0,0.3,0.04,0.01,27893,-0.09815346025870975,-0.09815343872048182,2.1538227923389996e-08,1.2131023574557531,1.213102263711501,-9.374425213870552e-08,0.17472490360909143,0.1747249100266865,6.417595066476878e-09,-0.04089453702782464,-0.04089453872192099,-1.694096349313945e-09,0.018929702419456795,0.018929505643636782,-1.967758200133174e-07
0.3375,1.1422222222222222,0.04,-0.7,2.0,0.3,0.04,0.01,27904,-0.1324611039768553,-0.13246108791484523,1.6062010055328813e-08,1.2127514048554389,1.2127513270240349,-7.783140398842647e-08,0.24273226454124552,0.24273226589922983,1.3579843083366683e-09,-0.04747163102170049,-0.047471632092413306,-1.0707128170195368e-09,0.004870735584305841,0.004870556830127362,-1.787541784791999e-07
0.37075,1.1422222222222222,0.04,-0.7,2.0,0.3,0.04,0.01,27907,-0.13968190144014736,-0.13968188636834789,1.5071799475130376e-08,1.2022266016042948,1.2022265645052217,-3.709907314686234e-08,0.2540953746507646,0.2540953746431986,-7.566003379366748e-12,-0.04680165832271488,-0.04680165885904906,-5.363341784581088e-10,-0.0024406162513201934,-0.002440791500774214,-1.752494540206359e-07
0.6589166666666667,1.1422222222222222,0.04,-0.7,2.0,0.3,0.04,0.01,27933,-0.1819818599418932,-0.18198184999104366,9.950849533257866e-09,1.1142428091304168,1.1142428326620053,2.353158845558312e-08,0.30086247346183814,0.3008624699607622,-3.5010759291687066e-09,-0.03764364438246792,-0.037643644264930776,1.175371466821673e-10,-0.09640274731576026,-0.0964029093671172,-1.6205135694447037e-07
0.8140833333333334,1.1422222222222222,0.04,-0.7,2.0,0.3,0.04,0.01,27947,-0.19549304506316645,-0.1954930366995031,8.363663345223316e-09,1.0553580565009213,1.0553580217416612,-3.475926013685182e-08,0.30694596656610784,0.30694596312434036,-3.4417674821263233e-09,-0.03464343826975469,-0.03464343824845595,2.1298740549013928e-11,-0.15874929852333075,-0.15874945748343403,-1.589601032747634e-07
0.83625,1.1422222222222222,0.04,-0.7,2.0,0.3,0.04,0.01,27949,-0.19704405411602455,-0.19704404593407834,8.181946203889012e-09,1.0467452349338657,1.0467452230939769,-1.1839888847120505e-08,0.30717586682160736,0.307175863420311,-3.401296355676209e-09,-0.03427088851370996,-0.034270888499921735,1.3788227504196726e-11,-0.1679112775118674,-0.1679114361251713,-1.5861330388000638e-07
1.1909166666666666,1.1422222222222222,0.04,-0.7,2.0,0.3,0.04,0.01,27981,-0.2136375815703362,-0.21363757547268472,6.0976514670851856e-09,0.9331211026086805,0.9331211328522523,3.0243571758070686e-08,0.2989162647754062,0.2989162625981898,-2.1772164071620637e-09,-0.028244357489493055,-0.028244357469608978,1.9884077023801794e-11,-0.31491362534247225,-0.3149137805676408,-1.552251685521533e-07
1.2130833333333333,1.1422222222222222,0.04,-0.7,2.0,0.3,0.04,0.01,27983,-0.21435316079787547,-0.21435315478920516,6.008670311308251e-09,0.9278979806737198,0.9278979664376192,-1.4236100520648165e-08,0.2979853258658349,0.2979853237831854,-2.082649552814786e-09,-0.027881216158875954,-0.02788121613259968,2.627627282425493e-11,-0.323928070422308,-0.32392822552167333,-1.5509936535096358e-07
1.4125833333333333,1.1422222222222222,0.04,-0.7,2.0,0.3,0.04,0.01,28001,-0.22002925609998503,-0.22002925080253524,5.297449784391617e-09,0.8889130098665987,0.8889130019573637,-7.909235044678553e-09,0.28889860073988416,0.2888985994730558,-1.2668283644323708e-09,-0.024986616898037273,-0.024986616863386983,3.4650289582049965e-11,-0.4038540033537985,-0.403854157850522,-1.544967234701211e-07
1.9556666666666667,1.1422222222222222,0.04,-0.7,2.0,0.3,0.04,0.01,28050,-0.2316730123325117,-0.2316730082319186,4.1005930873083685e-09,0.8219253500030277,0.8219253188765279,-3.112649982206506e-08,0.26288098109616964,0.26288098146413824,3.679686000346294e-10,-0.021000233510204414,-0.02100023349301721,1.718720304966226e-11,-0.619499074238361,-0.6194992366991497,-1.6246078871073877e-07
0.24883333333333335,1.1444444444444444,0.04,-0.7,2.0,0.3,0.04,0.01,28077,-0.10617734550077973,-0.10617732620502711,1.9295752620718254e-08,1.2001782567772068,1.2001781820761461,-7.47010606705345e-08,0.19609566797695877,0.19609567350069992,5.523741158919293e-09,-0.04391333889991467,-0.04391334126562704,-2.365712375995699e-09,0.017763311200846843,0.017763118913731637,-1.9228711520616337e-07
0.3596666666666667,1.1444444444444444,0.04,-0.7,2.0,0.3,0.04,0.01,28087,-0.134700052704384,-0.13470003759443022,1.5109953788172703e-08,1.1854292381041631,1.1854291582445904,-7.9859572732488e-08,0.24862473058023804,0.24862473101590318,4.356651428505387e-10,-0.04660545870338595,-0.04660545940626112,-7.028751677906619e-10,0.0008123205363919084,0.0008121435776092797,-1.769587826286551e-07
0.3929166666666667,1.1444444444444444,0.04,-0.7,2.0,0.3,0.04,0.01,28090,-0.14147600963104745,-0.14147599537955663,1.4251490820793578e-08,1.1760965146212499,1.176096517768105,3.1468552208480105e-09,0.25871748298905706,0.2587174822593131,-7.297439319486898e-10,-0.045704932541967835,-0.04570493284845785,-3.0649001392379915e-10,-0.00711163475913823,-0.007111808599516203,-1.7384037797295304e-07
0.41508333333333336,1.1444444444444444,0.04,-0.7,2.0,0.3,0.04,0.01,28092,-0.1456526818166548,-0.14565266808090518,1.3735749621046622e-08,1.1700289404004138,1.1700289332290954,-7.17131842797869e-09,0.26450806698302687,0.26450806564306806,-1.339958810575581e-09,-0.0449754300616001,-0.044975430205320785,-1.4372068812829042e-10,-0.0129099378512465,-0.012910109946457445,-1.7209521094470326e-07
0.76975,1.1444444444444444,0.04,-0.7,2.0,0.3,0.04,0.01,28124,-0.18975634962475896,-0.1897563409535271,8.671231871426599e-09,1.0610302580982278,1.0610301613181212,-9.678010659541769e-08,0.30496781151995167,0.3049678080162856,-3.503666079485157e-09,-0.03523156539536609,-0.035231565347368314,4.7997779362152215e-11,-0.1388327992507543,-0.1388329587701222,-1.5951936788161092e-07
1.0025,1.1444444444444444,0.04,-0.7,2.0,0.3,0.04,0.01,28145,-0.20418886713446938,-0.20418886016881024,6.965659132829316e-09,0.977205061314379,0.9772050730865954,1.1772216423899806e-08,0.3046198922146415,0.30461988927972256,-2.934918919006435e-09,-0.0313701801069044,-0.031370180116580555,-9.676155710014456e-12,-0.23504153944836625,-0.23504169554996324,-1.5610159698198345e-07
1.0579166666666666,1.1444444444444444,0.04,-0.7,2.0,0.3,0.04,0.01,28150,-0.20663440645468656,-0.20663439978729325,6.667393304127245e-09,0.9601468342612662,0.9601468927614385,5.850017226194382e-08,0.30309870733602473,0.30309870460817645,-2.727848280592582e-09,-0.030422520547468412,-0.03042252055243083,-4.9624158948713415e-12,-0.2579925706022723,-0.2579927261582064,-1.555559340782331e-07
1.2463333333333333,1.1444444444444444,0.04,-0.7,2.0,0.3,0.04,0.01,28167,-0.21335106826503303,-0.2133510624423725,5.82266052040481e-09,0.9126396527392444,0.9126395439545772,-1.0878466716324198e-07,0.29594446590036627,0.29594446393376894,-1.9665973294280548e-09,-0.02728112047933884,-0.027281120456203973,2.3134865551055483e-11,-0.3348810844622241,-0.3348812386106343,-1.541484102030033e-07
1.3239166666666666,1.1444444444444444,0.04,-0.7,2.0,0.3,0.04,0.01,28174,-0.21564773472954046,-0.21564772918634198,5.543198483559664e-09,0.8972084353242593,0.8972083913710548,-4.39532045204416e-08,0.2924984723637336,0.29249847071899604,-1.6447375683625864e-09,-0.026117345754417265,-0.026117345721657935,3.275932997093278e-11,-0.36595134094291604,-0.3659514947245263,-1.5378161027923554e-07
1.36825,1.1444444444444444,0.04,-0.7,2.0,0.3,0.04,0.01,28178,-0.2168791391013447,-0.21687913370317313,5.398171576409538e-09,0.88926585539717,0.8892657950896479,-6.03075220872995e-08,0.2904628044825275,0.290462803018962,-1.4635654910222229e-09,-0.025503028078244228,-0.025503028044379157,3.3865070470096015e-11,-0.3835700786128382,-0.383570232264441,-1.5365160277447387e-07
1.6675,1.1444444444444444,0.04,-0.7,2.0,0.3,0.04,0.01,28205,-0.22413987284392034,-0.2241398682358394,4.6080809446014115e-09,0.8471937651410855,0.8471936929678032,-7.217328223951824e-08,0.2762377090753665,0.27623770867677416,-3.9859232581207493e-10,-0.02242207278624342,-0.022422072758064356,2.8179063249478276e-11,-0.5012421398767342,-0.501242294870185,-1.5499345085157046e-07
0.17125,1.1466666666666667,0.04,-0.7,2.0,0.3,0.04,0.01,28251,-0.07719725740595873,-0.07719723470519665,2.2700762075666958e-08,1.1011602296662204,1.1011600299308195,-1.9973540088535913e-07,0.133329147034289,0.13332915298696693,5.952677933906969e-09,-0.032782351639670804,-0.032782351196245535,4.4342526872576116e-10,0.018799951098658063,0.018799748292910857,-2.0280574720629718e-07
0.4926666666666667,1.1466666666666667,0.04,-0.7,2.0,0.3,0.04,0.01,28280,-0.15600367653911817,-0.15600366448109868,1.2058019499550099e-08,1.1335576810544978,1.133557583007812,-9.804668588131449e-08,0.27879428564497877,0.2787942829856001,-2.6593786617290505e-09,-0.041907256969619944,-0.041907256900956966,6.86629780810577e-11,-0.034779042355492784,-0.03477921025660891,-1.6790111612846603e-07
0.7808333333333334,1.1466666666666667,0.04,-0.7,2.0,0.3,0.04,0.01,28306,-0.18830570199718233,-0.1883056935182277,8.478954621748969e-09,1.0454860366326812,1.0454861006272975,6.399461627282221e-08,0.30417844929769844,0.304178445808948,-3.488750455193923e-09,-0.0348645954065252,-0.03486459536947344,3.705175749546541e-11,-0.14160133261664765,-0.14160149169100603,-1.5907435838014017e-07
1.1465833333333333,1.1466666666666667,0.04,-0.7,2.0,0.3,0.04,0.01,28339,-0.20797605863126511,-0.20797605245469902,6.176566091919966e-09,0.927566795594359,0.9275667933489639,-2.245395092081992e-09,0.29934103123435696,0.29934102884211206,-2.392244902171825e-09,-0.028829190585888398,-0.028829190573906094,1.1982304037871927e-11,-0.2920731791911102,-0.29207333332261737,-1.5413150716847568e-07
1.2130833333333333,1.1466666666666667,0.04,-0.7,2.0,0.3,0.04,0.01,28345,-0.21026455960915236,-0.21026455370599073,5.903161626186204e-09,0.9120181609922895,0.9120181866963734,2.570408386137757e-08,0.29672416152259906,0.2967241594000116,-2.122587439146173e-09,-0.02773765887531532,-0.027737658852759608,2.2555710771365867e-11,-0.31901196418188116,-0.31901211778651156,-1.5360463040403616e-07
1.23525,1.1466666666666667,0.04,-0.7,2.0,0.3,0.04,0.01,28347,-0.21098098216654204,-0.21098097635213972,5.814402320725165e-09,0.9072306572655009,0.907230810110248,1.5284474708110452e-07,0.2958019568605197,0.29580195482813937,-2.0323803195942958e-09,-0.027385353387199274,-0.027385353363688966,2.3510308283514192e-11,-0.32793371696288043,-0.32793387041167965,-1.5344879922274401e-07
1.4569166666666666,1.1466666666666667,0.04,-0.7,2.0,0.3,0.04,0.01,28367,-0.21726460081944454,-0.21726459572739013,5.092054417010772e-09,0.8681621921358129,0.868162137412911,-5.4722901876580465e-08,0.2858156349916374,0.28581563384606534,-1.1455720816400117e-09,-0.024339610661117117,-0.024339610624579046,3.653807117975916e-11,-0.4157879993518798,-0.41578815202157554,-1.5266969571881006e-07
1.6120833333333333,1.1466666666666667,0.04,-0.7,2.0,0.3,0.04,0.01,28381,-0.22101804140639558,-0.22101803670230125,4.704094336283049e-09,0.8475750434833174,0.84757495080804,-9.267527734113656e-08,0.278480833755812,0.27848083314876854,-6.070434710458983e-10,-0.022805517227997285,-0.02280551719679955,3.119773536730541e-11,-0.4764760114625566,-0.47647616481723215,-1.5335467556942817e-07
0.10475000000000001,1.1488888888888888,0.04,-0.7,2.0,0.3,0.04,0.01,28426,-0.047842528327624034,-0.04784250448575345,2.3841870581964297e-08,0.8711581178655337,0.8711579376166666,-1.802488670543667e-07,0.06956058279911081,0.06956058589997334,3.100862525085013e-09,-0.02292042729667987,-0.02292042895386906,-1.657189191428543e-09,0.014154295568946651,0.014154095423982249,-2.001449644021408e-07
0.12691666666666668,1.1488888888888888,0.04,-0.7,2.0,0.3,0.04,0.01,28428,-0.05741967530503711,-0.057419651712450254,2.359258685635801e-08,0.9580275683873651,0.958027396603788,-1.7178357714087156e-07,0.09039255149029257,0.0903925556350375,4.144744922274235e-09,-0.02563989843856751,-0.025639897352335836,1.086231674052307e-09,0.01618375501388769,0.01618355213906267,-2.028748250192114e-07
0.9803333333333334,1.1488888888888888,0.04,-0.7,2.0,0.3,0.04,0.01,28505,-0.19879415167012304,-0.19879414471000015,6.96012289469472e-09,0.9656827559823,0.9656827902255928,3.4243292756919175e-08,0.3034438253496363,0.30344382232486633,-3.024769990034315e-09,-0.03152436270664749,-0.03152436271735841,-1.0710918263434621e-11,-0.22165860986939068,-0.22165876519204855,-1.5532265787432387e-07
1.1355,1.1488888888888888,0.04,-0.7,2.0,0.3,0.04,0.01,28519,-0.20551323189982318,-0.20551322572745775,6.172365424328419e-09,0.9220699037637559,0.9220699132285425,9.464786621116161e-09,0.29905192507062583,0.29905192261717456,-2.453451275474805e-09,-0.02893247265850496,-0.028932472649651986,8.85297390951223e-12,-0.28523776827354963,-0.2852379218280011,-1.5355445148745872e-07
1.6896666666666667,1.1488888888888888,0.04,-0.7,2.0,0.3,0.04,0.01,28569,-0.22089294772514867,-0.22089294321288422,4.512264450973191e-09,0.8325202582870617,0.8325203380758757,7.978881400028115e-08,0.2744164117374215,0.27441641134375155,-3.936699299877944e-10,-0.02216754791145581,-0.02216754788180607,2.96497409957297e-11,-0.5037569213248161,-0.5037570744512032,-1.531263871257238e-07
1.7229166666666667,1.1488888888888888,0.04,-0.7,2.0,0.3,0.04,0.01,28572,-0.2216162228133034,-0.2216162183674866,4.445816798037683e-09,0.8289270547745531,0.8289271095429628,5.4768409696315246e-08,0.2728558392708913,0.2728558389765573,-2.943340016159368e-10,-0.02194890006135264,-0.021948900033137538,2.8215100394968218e-11,-0.5167686173926378,-0.5167687709763236,-1.5358368576912085e-07
1.734,1.1488888888888888,0.04,-0.7,2.0,0.3,0.04,0.01,28573,-0.22185377296590758,-0.22185376854104286,4.424864724628108e-09,0.827749480070139,0.827749429109677,-5.096046207242466e-08,0.2723362352022307,0.2723362349394497,-2.6278101916688e-10,-0.0218801495283083,-0.021880149498981063,2.932723855431085e-11,-0.5211129350451982,-0.5211130887944354,-1.5374923723054934e-07
0.31533333333333335,1.1511111111111112,0.04,-0.7,2.0,0.3,0.04,0.01,28626,-0.11675322571846891,-0.11675321017041973,1.554804918146857e-08,1.1329728377695858,1.1329727437323043,-9.403728151724522e-08,0.2256229857383607,0.22562298821226273,2.4739020276776102e-09,-0.04535046868953119,-0.045350470260717576,-1.5711863893264066e-09,0.011187440281945626,0.011187256027458172,-1.8425448745397477e-07
0.47050000000000003,1.1511111111111112,0.04,-0.7,2.0,0.3,0.04,0.01,28640,-0.1475659635474802,-0.14756595146546903,1.2082011169312068e-08,1.1060767746151612,1.1060768779467895,1.0333162836495546e-07,0.27144889402364036,0.27144889166735886,-2.3562815032462936e-09,-0.04195376232751791,-0.04195376230326443,2.4253474228963512e-11,-0.025971888374387575,-0.025972058154380934,-1.6977999335934801e-07
0.5259166666666667,1.1511111111111112,0.04,-0.7,2.0,0.3,0.04,0.01,28645,-0.15592417977827733,-0.1559241685618062,1.121647114077362e-08,1.0952328155511282,1.095232678670975,-1.3688015321200453e-07,0.28096315225906165,0.28096314930780153,-2.951260125172439e-09,-0.04018172824971078,-0.040181728153769365,9.594141453517224e-11,-0.04333217492769048,-0.04333234186638283,-1.669386923489058e-07
0.7365,1.1511111111111112,0.04,-0.7,2.0,0.3,0.04,0.01,28664,-0.17991854981108668,-0.17991854111249625,8.698590431288622e-09,1.0380820814059888,1.038082010917491,-7.04884977054121e-08,0.3003547003216367,0.30035469680854937,-3.5130873210498237e-09,-0.035234505882386635,-0.03523450581743788,6.494875470774986e-11,-0.12054079110423999,-0.12054095086799158,-1.5976375158932576e-07
0.9692500000000001,1.1511111111111112,0.04,-0.7,2.0,0.3,0.04,0.01,28685,-0.19608429247613968,-0.19608428552426974,6.951869940818867e-09,0.9598803918375864,0.9598803425786193,-4.9258967127485676e-08,0.3027821061621361,0.30278210309158854,-3.070547538452928e-09,-0.03158968763072867,-0.03158968764602383,-1.5295160971096067e-11,-0.21504320288856515,-0.21504335787793924,-1.5498937408486846e-07
1.0911666666666666,1.1511111111111112,0.04,-0.7,2.0,0.3,0.04,0.01,28696,-0.20172639189575126,-0.20172638557675338,6.318997880505606e-09,0.9249748855744144,0.924974875494425,-1.0079989398725786e-08,0.29981872836482015,0.2998187257224933,-2.642326857316135e-09,-0.02958484012910434,-0.029584840129621533,-5.171939265746772e-13,-0.26493948043992965,-0.2649396338218922,-1.533819625199051e-07
1.1798333333333333,1.1511111111111112,0.04,-0.7,2.0,0.3,0.04,0.01,28704,-0.20509700790483087,-0.20509700197248565,5.932345226167257e-09,0.9036000503392927,0.9035999456358842,-1.0470340849888515e-07,0.2967269542428208,0.2967269519536734,-2.289147427170235e-09,-0.02812271050423032,-0.028122710489490037,1.474028191172927e-11,-0.30082050612473266,-0.3008206585625434,-1.5243781076312857e-07
1.2795833333333333,1.1511111111111112,0.04,-0.7,2.0,0.3,0.04,0.01,28713,-0.20839674715833478,-0.2083967415950978,5.56323698219785e-09,0.883250628191945,0.8832507000611712,7.186922623692027e-08,0.29270099186157195,0.2927009899768994,-1.8846725291510324e-09,-0.02656669757128416,-0.026566697545129983,2.615417604712178e-11,-0.34065344292705246,-0.3406535945116764,-1.5158462396414052e-07
1.43475,1.1511111111111112,0.04,-0.7,2.0,0.3,0.04,0.01,28727,-0.21284956312400682,-0.21284955804105232,5.082954501745007e-09,0.8578204757636598,0.8578203791230679,-9.66405919733404e-08,0.28583566938411575,0.2858356681068622,-1.277253580678206e-09,-0.024482540443848677,-0.024482540408972846,3.4875831389502565e-11,-0.40161839823721346,-0.4016185490845374,-1.5084732396530853e-07
1.6564166666666666,1.1511111111111112,0.04,-0.7,2.0,0.3,0.04,0.01,28747,-0.2183019776438866,-0.21830197309360325,4.550283344562089e-09,0.8301246523512162,0.8301246007068065,-5.1644409748696773e-08,0.2755751665017847,0.27557516598093273,-5.20851972662939e-10,-0.022355253199157765,-0.022355253171429897,2.7727868612270612e-11,-0.487740438401274,-0.48774059008695836,-1.5168568434642538e-07
1.6785833333333333,1.1511111111111112,0.04,-0.7,2.0,0.3,0.04,0.01,28749,-0.2188022222787689,-0.21880221777055586,4.508213025111729e-09,0.8277108443088821,0.82771078917584,-5.513304213167203e-08,0.27454299230844637,0.2745429918554733,-4.529730479596594e-10,-0.02219516653856335,-0.022195166509505176,2.9058172534845994e-11,-0.49636428766375307,-0.4963644395866077,-1.519228546298379e-07
1.76725,1.1511111111111112,0.04,-0.7,2.0,0.3,0.04,0.01,28757,-0.22073069392836153,-0.22073068958701636,4.341345172242939e-09,0.8184686817180875,0.8184686894008376,7.682750102766533e-09,0.2704223657676308,0.2704223655705619,-1.9706891674076132e-10,-0.021639144773821783,-0.02163914474992127,2.3900513512753463e-11,-0.5309886635629368,-0.5309888167447964,-1.531818595301715e-07
1.8780833333333333,1.1511111111111112,0.04,-0.7,2.0,0.3,0.04,0.01,28767,-0.22298495562733667,-0.22298495147818162,4.149155047317166e-09,0.8075876634094925,0.8075876933632057,2.9953713176489316e-08,0.26530852377443237,0.2653085238564692,8.203682178020699e-11,-0.021113037648456956,-0.021113037624838783,2.361817338925043e-11,-0.5746953753213435,-0.5746955308043317,-1.5548298815115658e-07
1.9889166666666667,1.1511111111111112,0.04,-0.7,2.0,0.3,0.04,0.01,28777,-0.22507301001728486,-0.22507300603418973,3.9830951314989704e-09,0.7971426185804376,0.7971426134444233,-5.136014280537893e-09,0.26025924938444245,0.26025924971118886,3.2674640770835595e-10,-0.020742327949685446,-0.020742327932704464,1.6980982592285088e-11,-0.619048692132862,-0.6190488507221197,-1.5858925772604948e-07
0.9138333333333334,1.1533333333333333,0.04,-0.7,2.0,0.3,0.04,0.01,28861,-0.19082743858034323,-0.1908274313578058,7.2225374292411715e-09,0.9680215518059754,0.9680215213215174,-3.048445795794663e-08,0.302459284518275,0.30245928128842914,-3.229845835228673e-09,-0.03233107777333988,-0.03233107778935098,-1.6011102166313407e-11,-0.1903509355111188,-0.19035109098121003,-1.5547009121763544e-07
1.0468333333333333,1.1533333333333333,0.04,-0.7,2.0,0.3,0.04,0.01,28873,-0.19776054905995544,-0.1977605425864946,6.4734608506977764e-09,0.9282596136195309,0.9282595713879359,-4.223159499883167e-08,0.300318387397025,0.30031838458209287,-2.8149321207315836e-09,-0.030222308088356797,-0.030222308096177472,-7.820674663427951e-12,-0.24469811882810166,-0.24469827217737916,-1.5334927749854899e-07
1.1133333333333333,1.1533333333333333,0.04,-0.7,2.0,0.3,0.04,0.01,28879,-0.20058287411112152,-0.20058286794919483,6.161926691117259e-09,0.911067837838786,0.9110678585830584,2.074427241094412e-08,0.29837217003336747,0.2983721674700994,-2.5632680422660314e-09,-0.02912797871068573,-0.02912797870907404,1.611689948166628e-12,-0.27169399024390417,-0.27169414273463255,-1.5249072837786315e-07
1.2685,1.1533333333333333,0.04,-0.7,2.0,0.3,0.04,0.01,28893,-0.2060912781964852,-0.20609127264363666,5.5528485420897056e-09,0.877901396023617,0.8779014040360168,8.012399743684284e-09,0.29255208044032255,0.2925520784895782,-1.9507443438371297e-09,-0.026662240221742017,-0.026662240196234817,2.5507200518415374e-11,-0.3337759182053812,-0.3337760690974956,-1.508921143589248e-07
1.8448333333333333,1.1533333333333333,0.04,-0.7,2.0,0.3,0.04,0.01,28945,-0.22053090460938396,-0.22053090042354606,4.18583789851823e-09,0.8052002176128781,0.8052001897194112,-2.7893466869599592e-08,0.266504071941287,0.26650407191976183,-2.152517053488623e-11,-0.021208253697668766,-0.021208253675673472,2.199529447466375e-11,-0.5582544296245384,-0.5582545831859327,-1.5356139426714321e-07
0.22666666666666668,1.1555555555555554,0.04,-0.7,2.0,0.3,0.04,0.01,28980,-0.08664884532355588,-0.08664882721213372,1.8111422153688217e-08,1.0634886249416553,1.063488562060115,-6.288154019706838e-08,0.1699815798938964,0.1699815858127471,5.918850715103119e-09,-0.03796742970990641,-0.037967431701491416,-1.9915850080209907e-09,0.020318800039442753,0.02031860091946776,-1.9911997499108547e-07
0.37075,1.1555555555555554,0.04,-0.7,2.0,0.3,0.04,0.01,28993,-0.1244282957568732,-0.1244282822018256,1.3555047598257097e-08,1.0878368872369037,1.0878368177372502,-6.949965358771237e-08,0.24267121624121923,0.24267121636547972,1.2426049078584356e-10,-0.04402873751196967,-0.04402873811837009,-6.064004159922476e-10,0.0016876746150584765,0.0016874958621588764,-1.7875289960007056e-07
0.4594166666666667,1.1555555555555554,0.04,-0.7,2.0,0.3,0.04,0.01,29001,-0.14090860835536123,-0.14090859644487913,1.191048210058554e-08,1.0759207857979902,1.075920768037567,-1.776042313217374e-08,0.26582639174072,0.2658263895892673,-2.1514526826749147e-09,-0.04158349331429001,-0.04158349332887364,-1.4583632912401612e-11,-0.020886819799004197,-0.02088699103332498,-1.7123432078172685e-07
0.7586666666666667,1.1555555555555554,0.04,-0.7,2.0,0.3,0.04,0.01,29028,-0.17733101715017296,-0.1773310088380405,8.312132454557641e-09,1.0082640333752835,1.0082640743618936,4.098661010587534e-08,0.2989648871024042,0.2989648836140654,-3.488338784496392e-09,-0.034480585242857575,-0.03448058519996493,4.289264776691226e-11,-0.12606047739560644,-0.1260606362176775,-1.5882207105022417e-07
0.8695,1.1555555555555554,0.04,-0.7,2.0,0.3,0.04,0.01,29038,-0.18584529763471247,-0.18584529019514148,7.439570987033406e-09,0.9725540206506622,0.9725539472640798,-7.338658236655249e-08,0.30144853311347974,0.3014485297767193,-3.336760423522378e-09,-0.03284871872621942,-0.032848718734089566,-7.87014897696281e-12,-0.1704307682875994,-0.17043092427897555,-1.559913761495224e-07
1.0800833333333333,1.1555555555555554,0.04,-0.7,2.0,0.3,0.04,0.01,29057,-0.19718135233520728,-0.1971813460826927,6.252514589411007e-09,0.9110530385658677,0.9110530464680043,7.902136611726007e-09,0.29863489341447336,0.2986348907081047,-2.7063686292017053e-09,-0.02958100655647833,-0.029581006558491683,-2.013354760688202e-12,-0.2560316579461319,-0.25603181024748145,-1.5230134953192476e-07
1.2130833333333333,1.1555555555555554,0.04,-0.7,2.0,0.3,0.04,0.01,29069,-0.2022960792616435,-0.2022960735596887,5.701954797210362e-09,0.8810671914272206,0.881067142110564,-4.931665653629125e-08,0.2941205127537927,0.2941205105664922,-2.1873005073835827e-09,-0.027437695120091643,-0.027437695102279242,1.7812400859851252e-11,-0.3093763236877711,-0.30937647435316357,-1.5066539243990817e-07
1.2241666666666666,1.1555555555555554,0.04,-0.7,2.0,0.3,0.04,0.01,29070,-0.20267737903062466,-0.20267737336409258,5.666532076897823e-09,0.8788742456022902,0.8788741028089984,-1.4279329185740153e-07,0.29369323564537586,0.2936932335014541,-2.143921762343126e-09,-0.027265142158450217,-0.02726514213796626,2.048395827958238e-11,-0.31377744861033063,-0.31377759916107134,-1.5055074070735586e-07
1.2574166666666666,1.1555555555555554,0.04,-0.7,2.0,0.3,0.04,0.01,29073,-0.20378844881624447,-0.20378844327045822,5.545786246896611e-09,0.8725516920105036,0.8725515905988198,-1.0141168382826748e-07,0.2923778289926071,0.2923778269844746,-2.00813249362497e-09,-0.026756909681513452,-0.026756909658396166,2.3117285863349935e-11,-0.3269391493226914,-0.32693929954010015,-1.5021740873422118e-07
1.3571666666666666,1.1555555555555554,0.04,-0.7,2.0,0.3,0.04,0.01,29082,-0.2068725704029717,-0.20687256517306263,5.229909061377214e-09,0.8556706343476606,0.8556706538532948,1.9505634218930368e-08,0.28820063099677107,0.2882006293787858,-1.61798524578316e-09,-0.025337171551953475,-0.0253371715192452,3.270827358958783e-11,-0.36607408298139354,-0.36607423239972675,-1.4941833320625264e-07
1.4125833333333333,1.1555555555555554,0.04,-0.7,2.0,0.3,0.04,0.01,29087,-0.2084554953746265,-0.20845549030417018,5.070456304823168e-09,0.8474534962665814,0.8474535179949985,2.1728417065602912e-08,0.2857774755338216,0.2857774741255569,-1.4082647270541315e-09,-0.024628531986314872,-0.0246285319492803,3.703457332471238e-11,-0.3876234793642741,-0.38762362848976606,-1.4912549195500446e-07
1.468,1.1555555555555554,0.04,-0.7,2.0,0.3,0.04,0.01,29092,-0.20996326309363766,-0.20996325817036438,4.923273289048069e-09,0.8399186901542066,0.8399186836368383,-6.517368311698135e-09,0.2833086442438626,0.28330864304125697,-1.2026056261937867e-09,-0.02398238471590375,-0.023982384682981184,3.292256398057525e-11,-0.4090729298364404,-0.4090730788018052,-1.4896536482122968e-07
1.6564166666666666,1.1555555555555554,0.04,-0.7,2.0,0.3,0.04,0.01,29109,-0.2146394178231814,-0.21463941332121686,4.501964551151261e-09,0.8180506494426254,0.8180506241890468,-2.5253578561645895e-08,0.2747501308028588,0.2747501302272861,-5.75572700611815e-10,-0.02225313781689664,-0.022253137787593386,2.9303254267532e-11,-0.48172833382154057,-0.4817284834291555,-1.4960761490767638e-07
1.867,1.1555555555555554,0.04,-0.7,2.0,0.3,0.04,0.01,29128,-0.2191977396961975,-0.219197735568966,4.127231501005468e-09,0.7975886562316958,0.7975886039329064,-5.2298789410265556e-08,0.26516260604958486,0.2651626060488894,-6.954437026251981e-13,-0.02106947563335071,-0.021069475605847245,2.7503464783418252e-11,-0.5637195913535398,-0.563719744257666,-1.5290412624935357e-07
1.9224166666666667,1.1555555555555554,0.04,-0.7,2.0,0.3,0.04,0.01,29133,-0.22029330272788084,-0.22029329868769998,4.040180856534903e-09,0.792540233440775,0.7925403427669777,1.0932620275738714e-07,0.2626652815523878,0.2626652816830267,1.3063894410692e-10,-0.02086268674567071,-0.020862686725040967,2.0629744440503472e-11,-0.5856255449870895,-0.5856256992514133,-1.5426432375953425e-07
0.19341666666666668,1.1577777777777778,0.04,-0.7,2.0,0.3,0.04,0.01,29158,-0.07341488968914955,-0.07341487077398273,1.8915166821731333e-08,0.9997402905526087,0.9997401320626965,-1.5848991219424846e-07,0.1420114882030865,0.1420114941254449,5.922358381482695e-09,-0.032347676615362975,-0.0323476773543528,-7.389898276644047e-10,0.020572873451196738,0.020572669794970168,-2.0365622657031457e-07
0.57025,1.1577777777777778,0.04,-0.7,2.0,0.3,0.04,0.01,29192,-0.1548120355865379,-0.15481202538338176,1.0203156125543345e-08,1.0439659692274006,1.0439660547637473,8.553634667229915e-08,0.28255735177562524,0.28255734858707937,-3.1885458717795245e-09,-0.038018844681353414,-0.03801884456889032,1.1246309439272295e-10,-0.0547342200088452,-0.0547343855855503,-1.6557670509675937e-07
0.6478333333333334,1.1577777777777778,0.04,-0.7,2.0,0.3,0.04,0.01,29199,-0.16413754117317048,-0.16413753186937768,9.303792791737209e-09,1.0276943518405801,1.027694243563195,-1.0827738505803097e-07,0.2908295222736612,0.29082951884268965,-3.430971562412566e-09,-0.0362148571783627,-0.036214857066100906,1.122617970805706e-10,-0.08223950557745274,-0.08223966799501975,-1.6241756700674514e-07
0.8473333333333334,1.1577777777777778,0.04,-0.7,2.0,0.3,0.04,0.01,29217,-0.1821456447556602,-0.18214563723637361,7.519286582269302e-09,0.9696451475083023,0.9696450431662959,-1.0434200647946312e-07,0.3002061263621125,0.30020612298497124,-3.3771412888405905e-09,-0.033011664050675016,-0.03301166405326297,-2.5879506870829516e-12,-0.15968506547225925,-0.15968522165261517,-1.561803559257946e-07
1.202,1.1577777777777778,0.04,-0.7,2.0,0.3,0.04,0.01,29249,-0.19995450334070464,-0.1999544976464015,5.694303140124646e-09,0.875676858802521,0.8756767866559663,-7.214655473042342e-08,0.2938665557855602,0.29386655353825036,-2.247309838221412e-09,-0.02753291132251423,-0.027532911303496627,1.901760346423309e-11,-0.3026155441668288,-0.3026156942431965,-1.500763677220185e-07
1.36825,1.1577777777777778,0.04,-0.7,2.0,0.3,0.04,0.01,29264,-0.20530572225480048,-0.205305717099248,5.155552484925607e-09,0.847066422560161,0.8470664623256051,3.976544415973393e-08,0.28715347827446003,0.28715347667724916,-1.5972108635686766e-09,-0.02512574964252945,-0.025125749608511404,3.4018045325101554e-11,-0.3678073832033557,-0.3678075317075265,-1.4850417079381728e-07
1.4569166666666666,1.1577777777777778,0.04,-0.7,2.0,0.3,0.04,0.01,29272,-0.2078048021261769,-0.20780479720868306,4.917493856559929e-09,0.8347960489540895,0.8347961411528746,9.219878505106749e-08,0.28328757948198335,0.2832875782168426,-1.2651407699237893e-09,-0.02404658185406472,-0.024046581818504685,3.5560034084003433e-11,-0.4020810986940515,-0.4020812467733531,-1.4807930159843607e-07
1.6453333333333333,1.1577777777777778,0.04,-0.7,2.0,0.3,0.04,0.01,29289,-0.2125673893996205,-0.21256738490242905,4.497191452568217e-09,0.8132016782180784,0.8132015990381869,-7.917989153227722e-08,0.27483042621762044,0.2748304255831674,-6.344530456559028e-10,-0.022283527367772393,-0.022283527335748596,3.202379680877776e-11,-0.47448432632074544,-0.4744844748014507,-1.484807052309911e-07
1.734,1.1577777777777778,0.04,-0.7,2.0,0.3,0.04,0.01,29297,-0.21460013973823022,-0.21460013540731263,4.330917596773176e-09,0.8044018173780643,0.804401791462239,-2.591582526356717e-08,0.27081864583389237,0.2708186454627465,-3.711458917976529e-10,-0.021686288122768627,-0.021686288094950164,2.7818462811080025e-11,-0.5086679644372705,-0.5086681138437071,-1.4940643666694342e-07
0.138,1.16,0.04,-0.7,2.0,0.3,0.04,0.01,29334,-0.0517473690034298,-0.05174734928066319,1.9722766607388476e-08,0.8498608983220635,0.8498607866386187,-1.1168344471457203e-07,0.0918257062676453,0.09182571043980207,4.17215677284144e-09,-0.022782475146421177,-0.022782473899062277,1.2473589001971153e-09,0.01808327346114469,0.01808306846946596,-2.0499167872889412e-07
0.17125,1.16,0.04,-0.7,2.0,0.3,0.04,0.01,29337,-0.0636584141835983,-0.06365839510212778,1.908147051477016e-08,0.9344923890264312,0.9344922268971421,-1.6212928910519508e-07,0.12124425068954503,0.12124425607031193,5.380766901486034e-09,-0.027970014577771707,-0.027970014233407604,3.4436410320526356e-10,0.02003336323386229,0.020033157740412335,-2.054934499541583e-07
0.18233333333333335,1.16,0.04,-0.7,2.0,0.3,0.04,0.01,29338,-0.06747495302383832,-0.06747493425508311,1.876875521666932e-08,0.9560883640347129,0.956088210105824,-1.5392888885745748e-07,0.1307251326071457,0.13072513826188042,5.654734736015854e-09,-0.02979218163973174,-0.02979218183760716,-1.978754209097655e-10,0.02047492852541577,0.020474723552957454,-2.0497245831543887e-07
0.24883333333333335,1.16,0.04,-0.7,2.0,0.3,0.04,0.01,29344,-0.08883742668330807,-0.08883741019751801,1.648579006641171e-08,1.0336102862495977,1.0336101454322288,-1.4081736887661123e-07,0.1810189586018418,0.18101896392226577,5.320423962507093e-09,-0.039195379089029814,-0.039195381404840315,-2.3158105016962693e-09,0.020013563789278432,0.020013366679436626,-1.9710984180618119e-07
0.3264166666666667,1.16,0.04,-0.7,2.0,0.3,0.04,0.01,29351,-0.10974114859674255,-0.1097411344952212,1.4101521353393487e-08,1.0536444494668729,1.0536443822766128,-6.719026002244277e-08,0.22230221879276924,0.2223022208110076,2.0182383542177718e-09,-0.0433116993223126,-0.04331170071039752,-1.3880849178415922e-09,0.011376899836379462,0.011376714481478986,-1.8535490047509595e-07
0.3596666666666667,1.16,0.04,-0.7,2.0,0.3,0.04,0.01,29354,-0.1173119419345392,-0.11731192860742959,1.3327109610328236e-08,1.052959253122765,1.0529591757631267,-7.735963825084013e-08,0.23508827417417777,0.23508827476584535,5.916675760442303e-10,-0.043252660427151035,-0.043252661219801224,-7.92650188541355e-10,0.005254730794934659,0.005254549646542143,-1.8114839251629627e-07
0.41508333333333336,1.16,0.04,-0.7,2.0,0.3,0.04,0.01,29359,-0.1284127683962022,-0.12841275612827843,1.2267923760189703e-08,1.048819248117283,1.048819196826124,-5.1291159097743844e-08,0.25189620127347156,0.25189620007570784,-1.1977637215387915e-09,-0.04210613257449314,-0.04210613278065576,-2.061626216964818e-10,-0.007346227529070326,-0.0073464030340506595,-1.7550498033341855e-07
0.5591666666666667,1.16,0.04,-0.7,2.0,0.3,0.04,0.01,29372,-0.1510450044339695,-0.1510449942234026,1.0210566919743869e-08,1.032212937346344,1.0322129522489436,1.490259959879836e-08,0.2795895648582958,0.27958956174380506,-3.114490720879104e-09,-0.038015004353297854,-0.03801500425119826,1.0209959266926916e-10,-0.04985798224999005,-0.04985814851242886,-1.6626243880962788e-07
0.5813333333333334,1.16,0.04,-0.7,2.0,0.3,0.04,0.01,29374,-0.15393637845362296,-0.1539363685083525,9.945270468270095e-09,1.0285858054182029,1.0285858923269693,8.690876640571332e-08,0.28247098172312635,0.2824709784963362,-3.226790168397997e-09,-0.037451970294477555,-0.03745197017895247,1.1552508255574523e-10,-0.05733931720874885,-0.057339482439754536,-1.6523100568321958e-07
0.70325,1.16,0.04,-0.7,2.0,0.3,0.04,0.01,29385,-0.16770349149930475,-0.16770348286427958,8.635025167125221e-09,1.001767091501904,1.001767122798361,3.1296457203566774e-08,0.2936960242044817,0.2936960207309049,-3.473576815071766e-09,-0.03495481808196699,-0.03495481800005087,8.191611972074853e-11,-0.10153690157915785,-0.10153706192770352,-1.6034854567748003e-07
1.23525,1.16,0.04,-0.7,2.0,0.3,0.04,0.01,29433,-0.1991896430691975,-0.1991896375407097,5.5284878064387755e-09,0.861852966771437,0.8618529408134155,-2.59580215100641e-08,0.2919510157056715,0.2919510135710798,-2.1345917255999325e-09,-0.026942675778462988,-0.026942675759822992,1.8639995796876363e-11,-0.3133874349059429,-0.31338758386139953,-1.4895545663584642e-07
1.4125833333333333,1.16,0.04,-0.7,2.0,0.3,0.04,0.01,29449,-0.20471893436929678,-0.20471892937278494,4.996511843158302e-09,0.8340314494592604,0.8340314158678588,-3.359140166026009e-08,0.28468800280928575,0.2846880013550509,-1.4542348436563657e-09,-0.024503370131823132,-0.024503370100158173,3.16649588494311e-11,-0.3823451018536428,-0.3823452492359349,-1.473822920927681e-07
1.70075,1.16,0.04,-0.7,2.0,0.3,0.04,0.01,29475,-0.2120637841934725,-0.21206377982657912,4.366893374685432e-09,0.8017914998603715,0.8017915446676539,4.4807282439940366e-08,0.2719151693422739,0.27191516884756695,-4.947069420779826e-10,-0.021843547441391387,-0.02184354740967135,3.1720036319793365e-11,-0.49280188120670587,-0.49280202916090665,-1.479542007798429e-07
1.7118333333333333,1.16,0.04,-0.7,2.0,0.3,0.04,0.01,29476,-0.21231738973559455,-0.2123173853899118,4.345682758088998e-09,0.8007337903848111,0.8007337967833876,6.39857655748699e-09,0.2714183971430639,0.271418396683665,-4.5939890780388737e-10,-0.02177251609697395,-0.02177251606790421,2.9069739670983807e-11,-0.4970640386334213,-0.4970641867047841,-1.4807136278216504e-07
1.83375,1.16,0.04,-0.7,2.0,0.3,0.04,0.01,29487,-0.21498641606387814,-0.21498641192419593,4.13968220813743e-09,0.7895658127310412,0.7895657049968705,-1.0773417069565028e-07,0.2659657760750722,0.26596577594225335,-1.328188670157715e-10,-0.021119778928768707,-0.021119778906582325,2.21863812044365e-11,-0.5442325475396581,-0.5442326974811795,-1.499415214212263e-07
1.8780833333333333,1.16,0.04,-0.7,2.0,0.3,0.04,0.01,29491,-0.21590416276751068,-0.21590415869548096,4.072029713420022e-09,0.7856596262456605,0.7856596164330456,-9.812614942816822e-09,0.26399320933290227,0.2639932093062976,-2.6604662917151245e-11,-0.020935329404225822,-0.020935329382820493,2.1405328898271847e-11,-0.5615481946136258,-0.561548345482988,-1.5086936222541425e-07
1.9889166666666667,1.16,0.04,-0.7,2.0,0.3,0.04,0.01,29501,-0.21808112402432744,-0.2180811201109104,3.9134170348731345e-09,0.7760917464239014,0.7760916690239066,-7.739999485778526e-08,0.2591003643806489,0.2591003646009901,2.2034124524950016e-10,-0.020577772947283357,-0.02057777293120242,1.608093866400928e-11,-0.6053213493173448,-0.6053215030801118,-1.5376276696343893e-07
0.17125,1.1622222222222223,0.04,-0.7,2.0,0.3,0.04,0.01,29518,-0.061609765611425615,-0.0616097470648157,1.8546609914515955e-08,0.9094104358453592,0.9094102499905645,-1.8585479466537436e-07,0.11930138440086058,0.11930138969044954,5.289588961288061e-09,-0.027202770316869795,-0.027202769984688093,3.3218170228388466e-10,0.02024040341330746,0.020240197522470246,-2.0589083721614387e-07
0.8584166666666667,1.1622222222222223,0.04,-0.7,2.0,0.3,0.04,0.01,29580,-0.17867994942522003,-0.1786799421356732,7.289546827271565e-09,0.9465209616088543,0.9465209482909734,-1.3317880909191615e-08,0.29829806699632755,0.29829806365244915,-3.3438783964001573e-09,-0.032541467487878784,-0.032541467496271154,-8.392370132170868e-12,-0.1605841616741932,-0.16058431692277278,-1.5524857957527338e-07
0.8916666666666667,1.1622222222222223,0.04,-0.7,2.0,0.3,0.04,0.01,29583,-0.1809622525208998,-0.18096224545239215,7.0685076680732095e-09,0.9367290776385317,0.936729154281722,7.664319023881205e-08,0.29861073215148304,0.2986107288694962,-3.28198684895753e-09,-0.032090673601492536,-0.0320906736204765,-1.8983960237139996e-11,-0.17387874994334584,-0.17387890432200093,-1.5437865508172166e-07
0.90275,1.1622222222222223,0.04,-0.7,2.0,0.3,0.04,0.01,29584,-0.18168583909988767,-0.1816858320994283,7.000459378847523e-09,0.9334951422967919,0.933495111731213,-3.056557884573152e-08,0.298655647250623,0.29865564399266675,-3.257956238122972e-09,-0.03193798116168933,-0.031937981179658965,-1.7969632726266838e-11,-0.17832279337798296,-0.1783229474813772,-1.54103394239824e-07
1.03575,1.1622222222222223,0.04,-0.7,2.0,0.3,0.04,0.01,29596,-0.1891288285124637,-0.1891288222299452,6.28251850542938e-09,0.8971584530836907,0.8971584711619325,1.8078241792451877e-08,0.29733116164637474,0.29733115876454863,-2.881826111078567e-09,-0.0299824449762065,-0.029982444990547696,-1.4341194898292997e-11,-0.23179513055304746,-0.23179528183971607,-1.5128666860930728e-07
1.1465833333333333,1.1622222222222223,0.04,-0.7,2.0,0.3,0.04,0.01,29606,-0.1939867120884231,-0.19398670628572479,5.802698321843991e-09,0.8716499133587519,0.8716498821063865,-3.12523653622776e-08,0.29436958885603604,0.2943695863680899,-2.4879461268945136e-09,-0.028238018228432527,-0.028238018221665263,6.767263832641035e-12,-0.27605369840671967,-0.2760538478517411,-1.494450214134524e-07
0.005,1.1644444444444444,0.04,-0.7,2.0,0.3,0.04,0.01,29684,-0.00312905461846702,-0.003129059876608612,-5.2581415922736685e-09,-0.1675262428779689,-0.16752625699876783,-1.4120798919048383e-08,-0.011223918062186478,-0.011223917930028702,1.3215777604214107e-10,0.052488910379788756,0.052488824752196996,-8.562759176017343e-08,0.0009572114989531144,0.0009570460705567407,-1.6542839637370948e-07
0.10475000000000001,1.1644444444444444,0.04,-0.7,2.0,0.3,0.04,0.01,29693,-0.03587342721739217,-0.03587340908371028,1.8133681896348453e-08,0.6765966842348092,0.6765965405863767,-1.4364843248237946e-07,0.05936726473865228,0.05936726734242849,2.603776208531805e-09,-0.016494809682854328,-0.016494811297033934,-1.6141796059521152e-09,0.015903602632871827,0.015903401528632784,-2.011042390427653e-07
0.3264166666666667,1.1644444444444444,0.04,-0.7,2.0,0.3,0.04,0.01,29713,-0.10514081738521863,-0.10514080379981314,1.3585405495009084e-08,1.0167334307809028,1.0167332647325378,-1.6604836505784704e-07,0.21828816947733198,0.21828817152994784,2.0526158550637774e-09,-0.042247974285092305,-0.04224797569041324,-1.4053209360098684e-09,0.012339831053365113,0.01233964443740549,-1.8661595962282673e-07
0.8140833333333334,1.1644444444444444,0.04,-0.7,2.0,0.3,0.04,0.01,29757,-0.1732372819951422,-0.17323727447417803,7.520964184770662e-09,0.9495287112137873,0.9495286641047778,-4.7109009582158023e-08,0.2963284941268074,0.29632849071906964,-3.4077377586427815e-09,-0.03295869898445325,-0.03295869897523899,9.214261298406967e-12,-0.14131227882491215,-0.14131243508029934,-1.5625538718477827e-07
0.8916666666666667,1.1644444444444444,0.04,-0.7,2.0,0.3,0.04,0.01,29764,-0.1788910706340685,-0.17889106363432858,6.999739926571991e-09,0.9273505185980468,0.9273504891057279,-2.949231892035442e-08,0.29762057446119927,0.29762057118245905,-3.2787402237666186e-09,-0.03194306410825298,-0.03194306412840614,-2.015315692105446e-11,-0.1720628014872938,-0.17206295549291709,-1.5400562328182765e-07
0.9692500000000001,1.1644444444444444,0.04,-0.7,2.0,0.3,0.04,0.01,29771,-0.18364950003096903,-0.18364949347867657,6.552292458605891e-09,0.9058749916857067,0.9058750017698326,1.0084125867670934e-08,0.2974804660060837,0.29748046291904956,-3.0870341283240066e-09,-0.03086414456759945,-0.030864144590352405,-2.2752955769478334e-11,-0.20310704956699732,-0.20310720168928387,-1.5212228654526427e-07
1.0246666666666666,1.1644444444444444,0.04,-0.7,2.0,0.3,0.04,0.01,29776,-0.18659445504276562,-0.1865944487702327,6.2725329097457205e-09,0.8915609694959414,0.8915609178947457,-5.160119576075317e-08,0.2967081493121526,0.29670814639375576,-2.9183968575097197e-09,-0.03004258869510057,-0.03004258871246864,-1.7368072258161504e-11,-0.22530464466041789,-0.2253047956204221,-1.5096000421932487e-07
1.2574166666666666,1.1644444444444444,0.04,-0.7,2.0,0.3,0.04,0.01,29797,-0.19616246382636593,-0.19616245846056676,5.365799166101581e-09,0.843455350008071,0.8434552945435783,-5.5464492776380325e-08,0.2897961089640133,0.28979610688824065,-2.075772664866804e-09,-0.02645905587017605,-0.026459055847861845,2.2314206038487328e-11,-0.3173091840319442,-0.31730933123246374,-1.4720051955130486e-07
1.6896666666666667,1.1644444444444444,0.04,-0.7,2.0,0.3,0.04,0.01,29836,-0.20826592424999513,-0.20826591991270593,4.3372891944670755e-09,0.7912251687169913,0.7912251813148444,1.2597853094042932e-08,0.27157082375078856,0.2715708231749054,-5.758831744806514e-10,-0.021812897028905542,-0.021812897003249787,2.5655755298004124e-11,-0.4825754853041153,-0.48257563107239754,-1.457682822225692e-07
0.02716666666666667,1.1666666666666665,0.04,-0.7,2.0,0.3,0.04,0.01,29867,-0.007098500870994506,-0.007098494571700143,6.299294363042163e-09,0.1241051705846985,0.12410499839002649,-1.7219467200735306e-07,-0.00026650480988710257,-0.00026650436705709976,4.428300028102086e-10,0.017638661600483108,0.01763860476038794,-5.684009516879196e-08,0.006141868659492733,0.006141692925008891,-1.7573448384163026e-07
0.03825,1.1666666666666665,0.04,-0.7,2.0,0.3,0.04,0.01,29868,-0.010207970081166362,-0.010207960274394093,9.806772269249642e-09,0.23281547245623813,0.232815216591668,-2.558645701145057e-07,0.006627761296729151,0.006627761909087144,6.123579933056678e-10,0.006959920173521539,0.006959877260205198,-4.291331634053569e-08,0.008102816589083961,0.008102636037014676,-1.805520692850504e-07
0.17125,1.1666666666666665,0.04,-0.7,2.0,0.3,0.04,0.01,29880,-0.057675788340816325,-0.057675770816714385,1.7524101940391557e-08,0.8613320279238224,0.8613317776332469,-2.5029057548753286e-07,0.11547953469331906,0.11547953979805108,5.104732012095603e-09,-0.02569979146632706,-0.025699791148026847,3.1830021257617247e-10,0.020655259727053732,0.020655053079005482,-2.0664804824960248e-07
0.28208333333333335,1.1666666666666665,0.04,-0.7,2.0,0.3,0.04,0.01,29890,-0.09158702310274602,-0.09158700863961924,1.4463126779551416e-08,0.9883663221188499,0.988366194054856,-1.2806399385389966e-07,0.19469887971662603,0.19469888376515926,4.048533230882612e-09,-0.040064784487814364,-0.040064786660916424,-2.173102059410681e-09,0.01845717724907603,0.018456983377054745,-1.9387202128406944e-07
0.5148333333333334,1.1666666666666665,0.04,-0.7,2.0,0.3,0.04,0.01,29911,-0.13806365309787516,-0.13806364274439142,1.0353483737013391e-08,0.9961565572425002,0.9961564586298508,-9.861264937960357e-08,0.26806248591082493,0.26806248317188325,-2.7389416845657877e-09,-0.03824890523557167,-0.038248905182315225,5.3256447862803924e-11,-0.03258798978139632,-0.032588159136135844,-1.6935473952373048e-07
0.6478333333333334,1.1666666666666665,0.04,-0.7,2.0,0.3,0.04,0.01,29923,-0.15521961475667423,-0.15521960587698022,8.879694007868366e-09,0.9792117949825041,0.9792118557555167,6.077301262230606e-08,0.2854076008163009,0.2854075974433548,-3.3729460890974394e-09,-0.03522043173442846,-0.03522043162624196,1.0818650142407904e-10,-0.07694048599488079,-0.07694064847341389,-1.6247853310003002e-07
0.7808333333333334,1.1666666666666665,0.04,-0.7,2.0,0.3,0.04,0.01,29935,-0.1683810971569999,-0.16838108946123817,7.695761722326111e-09,0.9485335072945134,0.9485334415112654,-6.578324796002732e-08,0.29408775178291213,0.29408774835517876,-3.4277333749166417e-09,-0.033205440905514916,-0.033205440882257124,2.3257791526010152e-11,-0.1267210495656257,-0.1267212067040348,-1.5713840911812937e-07
0.9138333333333334,1.1666666666666665,0.04,-0.7,2.0,0.3,0.04,0.01,29947,-0.17829788856865703,-0.17829788177615055,6.792506473951576e-09,0.911980896356468,0.9119807493553055,-1.4700116246491035e-07,0.2967403617307185,0.2967403585025101,-3.2282083672896533e-09,-0.03150147476538301,-0.0315014747869802,-2.1597189314714882e-11,-0.17907670253586305,-0.17907685557269779,-1.5303683473244512e-07
0.9914166666666667,1.1666666666666665,0.04,-0.7,2.0,0.3,0.04,0.01,29954,-0.18287785891385466,-0.1828778525388092,6.375045463746787e-09,0.8914881777233319,0.8914881799356746,2.212342753438179e-09,0.2963472336983686,0.29634723067193036,-3.0264382111511168e-09,-0.030420214891802022,-0.030420214914934303,-2.3132280813076278e-11,-0.2100193076037815,-0.2100194587503357,-1.5114655418924094e-07
1.0911666666666666,1.1666666666666665,0.04,-0.7,2.0,0.3,0.04,0.01,29963,-0.18778675488412278,-0.187786748963551,5.920571782835893e-09,0.8678831042718826,0.8678831104322511,6.160368437591046e-09,0.2944364544577027,0.2944364517510031,-2.7066996421964973e-09,-0.028917904800751515,-0.02891790480870838,-7.956864334079938e-12,-0.2497208440196963,-0.24972099313753027,-1.491178339696475e-07
1.30175,1.1666666666666665,0.04,-0.7,2.0,0.3,0.04,0.01,29982,-0.19579085154208808,-0.19579084635815197,5.183936113706267e-09,0.8294018583043794,0.8294017984237028,-5.988067663942331e-08,0.2874609658373717,0.2874609639159876,-1.921384107372859e-09,-0.025749537423958024,-0.025749537396609463,2.7348560915907427e-11,-0.33208568608861233,-0.33208583198197994,-1.4589336760906235e-07
1.4569166666666666,1.1666666666666665,0.04,-0.7,2.0,0.3,0.04,0.01,29996,-0.20049988670500785,-0.20049988192094942,4.784058427187432e-09,0.808930222806481,0.8089301963777957,-2.6428685240276195e-08,0.2811593829349368,0.28115938158545006,-1.3494867445729142e-09,-0.02380056610712389,-0.023800566073231957,3.389193092839804e-11,-0.39141089927835493,-0.3914110437849168,-1.4450656188325084e-07
1.6896666666666667,1.1666666666666665,0.04,-0.7,2.0,0.3,0.04,0.01,30017,-0.2065140602172666,-0.20651405590534425,4.3119223469556545e-09,0.7854578043531291,0.7854578742585465,6.990541745466317e-08,0.27114211795270515,0.2711421173496989,-6.030062560391514e-10,-0.02176032208783818,-0.021760322056433568,3.14046115501565e-11,-0.47961676734625813,-0.4796169120933912,-1.4474713305734355e-07
1.7894166666666667,1.1666666666666665,0.04,-0.7,2.0,0.3,0.04,0.01,30026,-0.20880653715638076,-0.20880653300943253,4.146948229255543e-09,0.7768200971369765,0.7768200538674617,-4.326951486000041e-08,0.2667990689764199,0.2667990686505476,-3.2587232912106856e-10,-0.021184884663461023,-0.02118488463852509,2.4935931791647548e-11,-0.5176840007578565,-0.5176841466501927,-1.4589233621187248e-07
0.09366666666666668,1.1688888888888889,0.04,-0.7,2.0,0.3,0.04,0.01,30054,-0.028961846076369646,-0.028961829728485124,1.6347884521789036e-08,0.5798803437429001,0.579880154169907,-1.8957299308119957e-07,0.047512001093430456,0.04751200316410266,2.0706722031471614e-09,-0.013166596290192789,-0.013166600428408387,-4.138215598317729e-09,0.01548640706033888,0.015486208151315864,-1.9890902301644697e-07
0.20450000000000002,1.1688888888888889,0.04,-0.7,2.0,0.3,0.04,0.01,30064,-0.06650182656747772,-0.06650181022679816,1.634067955946783e-08,0.8993802425028008,0.8993801639524405,-7.855036032733409e-08,0.14070216410672076,0.1407021697338328,5.627112026340697e-09,-0.030489359413021777,-0.030489360599644418,-1.186622640425572e-09,0.021841113159726255,0.021840907995013214,-2.0516471304146688e-07
0.6589166666666667,1.1688888888888889,0.04,-0.7,2.0,0.3,0.04,0.01,30105,-0.15429756273249717,-0.15429755406044868,8.672048495972362e-09,0.9654909594036809,0.965490856746392,-1.0265728889180536e-07,0.2850691776581926,0.28506917428384954,-3.3743430827293253e-09,-0.034773595770642984,-0.03477359567027514,1.0036784597877713e-10,-0.07961647777665615,-0.07961663975547625,-1.6197882010682285e-07
0.7808333333333334,1.1688888888888889,0.04,-0.7,2.0,0.3,0.04,0.01,30116,-0.16628460675821577,-0.16628459914357355,7.61464222232e-09,0.9383260668460736,0.9383259598636178,-1.0698245578311116e-07,0.2929341066887359,0.2929341032738387,-3.4148971983505305e-09,-0.03301382269338404,-0.03301382266958363,2.3800413029295697e-11,-0.12514706154015398,-0.12514721847100935,-1.5693085536616636e-07
0.7919166666666667,1.1688888888888889,0.04,-0.7,2.0,0.3,0.04,0.01,30117,-0.16723227516890482,-0.16723226763878477,7.530120055276868e-09,0.9354760965862852,0.9354760541824609,-4.2403824229708675e-08,0.2933707940563912,0.29337079064837845,-3.408012760885981e-09,-0.032875828750444924,-0.032875828733998885,1.6446038975104216e-11,-0.12942117218722737,-0.129421328711636,-1.565244086287887e-07
0.9249166666666667,1.1688888888888889,0.04,-0.7,2.0,0.3,0.04,0.01,30129,-0.17699025930795198,-0.17699025264394377,6.664008206369587e-09,0.90003912101011,0.9000391380026144,1.699250440356792e-08,0.29579492101694527,0.29579491782029077,-3.196654496662177e-09,-0.031212804690317064,-0.031212804716021482,-2.5704417760952225e-11,-0.18164721946073437,-0.18164737179602233,-1.523352879673201e-07
1.1909166666666666,1.1688888888888889,0.04,-0.7,2.0,0.3,0.04,0.01,30153,-0.1900111738609156,-0.1900111683672005,5.493715093951579e-09,0.840473207697201,0.8404731817263276,-2.597087345179716e-08,0.29076642611230996,0.2907664237572408,-2.355069139703403e-09,-0.02729235415305231,-0.027292354141192448,1.1859863785490532e-11,-0.28677013615113767,-0.2867702828944928,-1.467433551338715e-07
1.3460833333333333,1.1688888888888889,0.04,-0.7,2.0,0.3,0.04,0.01,30167,-0.19539009448343858,-0.19539008946170683,5.021731752652414e-09,0.8162756248708547,0.8162756455151351,2.064428039627586e-08,0.28510949284993314,0.2851094910774312,-1.772501923014147e-09,-0.025077581321253373,-0.02507758129050493,3.074844198702742e-11,-0.34665784038628855,-0.34665798497902955,-1.4459274100264707e-07
1.4790833333333333,1.1688888888888889,0.04,-0.7,2.0,0.3,0.04,0.01,30179,-0.19933452084480718,-0.19933451614692277,4.697884414817111e-09,0.8001075191277351,0.8001075445578094,2.5430074268584235e-08,0.27968918383497465,0.27968918253899544,-1.2959792128341974e-09,-0.023498463566640204,-0.02349846353488504,3.1755164470181896e-11,-0.39716633070036034,-0.3971664742024014,-1.435020410833765e-07
1.734,1.1688888888888889,0.04,-0.7,2.0,0.3,0.04,0.01,30202,-0.2058212988961805,-0.2058212946809378,4.2152427104369394e-09,0.7759183240363399,0.7759185326872005,2.0865086058918791e-07,0.26879646068900254,0.26879646018820036,-5.008021775054772e-10,-0.021433378393775904,-0.02143337836921175,2.4564152795170102e-11,-0.4934925616217889,-0.4934927057515177,-1.441297288184984e-07
1.7561666666666667,1.1688888888888889,0.04,-0.7,2.0,0.3,0.04,0.01,30204,-0.20633293749267034,-0.2063329333151859,4.177484441703072e-09,0.7740560137303731,0.7740560318959178,1.8165544624082486e-08,0.26784032304855154,0.2678403226085766,-4.399749453654067e-10,-0.021308433995337328,-0.021308433968942837,2.63944907596958e-11,-0.5019250585869273,-0.501925202966946,-1.4438001871841522e-07
1.8226666666666667,1.1688888888888889,0.04,-0.7,2.0,0.3,0.04,0.01,30210,-0.20782346479231162,-0.20782346071528685,4.0770247733412646e-09,0.7685927005951498,0.7685926712718332,-2.932331666372079e-08,0.26497396615948743,0.2649739658921123,-2.673751220427789e-10,-0.020978433629414983,-0.02097843360691478,2.250020308958156e-11,-0.527338867977456,-0.5273390133137181,-1.4533626213619755e-07
0.02716666666666667,1.1711111111111112,0.04,-0.7,2.0,0.3,0.04,0.01,30229,-0.0065822020225980715,-0.0065821967181414745,5.304456597056417e-09,0.10867124422553331,0.10867115912363319,-8.510190012411822e-08,-0.0007995401116178691,-0.0007995396283414172,4.832764518430954e-10,0.018645482474377584,0.018645427188837726,-5.528553985792439e-08,0.007413475189843588,0.007413299261277327,-1.7592856626103687e-07
0.09366666666666668,1.1711111111111112,0.04,-0.7,2.0,0.3,0.04,0.01,30235,-0.027697121220693344,-0.02769710551339189,1.570730145256105e-08,0.5585148732389911,0.5585146717388679,-2.0150012314257282e-07,0.046344817218602063,0.04634481924394548,2.025343413813996e-09,-0.012369952979984777,-0.012369957037781263,-4.057796485976151e-09,0.01580765517678051,0.015807456218812566,-1.9895796794441867e-07
0.83625,1.1711111111111112,0.04,-0.7,2.0,0.3,0.04,0.01,30302,-0.16876274195554153,-0.16876273481502288,7.140518648585115e-09,0.9142033352560475,0.9142032651946513,-7.006139612908413e-08,0.293643309048075,0.29364330569758895,-3.3504860552646676e-09,-0.032161196692748195,-0.0321611966993062,-6.558004139733953e-12,-0.14500088113572618,-0.14500103583726337,-1.5470153719165936e-07
1.0911666666666666,1.1711111111111112,0.04,-0.7,2.0,0.3,0.04,0.01,30325,-0.18396436548662187,-0.1839643596722822,5.8143396763910005e-09,0.8522403005528645,0.8522402372508634,-6.330200108539685e-08,0.29284387214195684,0.29284386942422386,-2.717732983104071e-09,-0.028717199873073973,-0.02871719988292359,-9.84961764927128e-12,-0.24551357132474028,-0.24551371926117546,-1.4793643518529187e-07
1.1909166666666666,1.1711111111111112,0.04,-0.7,2.0,0.3,0.04,0.01,30334,-0.18815157131729654,-0.18815156587048837,5.446808171161166e-09,0.8331795309235446,0.8331795681972526,3.7273708008989104e-08,0.29004787520298114,0.2900478728399344,-2.3630467582691494e-09,-0.027206704978632867,-0.02720670496879364,9.83922665565018e-12,-0.2845277239293953,-0.284527869993032,-1.4606363668567823e-07
1.2241666666666666,1.1711111111111112,0.04,-0.7,2.0,0.3,0.04,0.01,30337,-0.18940913234150036,-0.1894091270059644,5.335535957495807e-09,0.8275499674414988,0.8275499710577503,3.6162515204551937e-09,0.28895365854458843,0.2889536563004705,-2.2441179470256145e-09,-0.026711605450036036,-0.026711605432325123,1.7710912597612705e-11,-0.2974197046456961,-0.29741985015358813,-1.455078920131747e-07
1.2574166666666666,1.1711111111111112,0.04,-0.7,2.0,0.3,0.04,0.01,30340,-0.1906103885049304,-0.19061038327013596,5.234794431263623e-09,0.8222544145564115,0.8222545393973033,1.2484089184638947e-07,0.28779903868902945,0.28779903657272793,-2.116301522914199e-09,-0.02622693589166003,-0.02622693586803624,2.3623790423865643e-11,-0.31025251524291475,-0.31025266023228926,-1.4498937450646565e-07
1.3460833333333333,1.1711111111111112,0.04,-0.7,2.0,0.3,0.04,0.01,30348,-0.193583572191125,-0.19358356720630848,4.98481650401672e-09,0.8096030179594038,0.8096029111618223,-1.0679758155607288e-07,0.28449507820688114,0.28449507641677596,-1.7901051752033936e-09,-0.025007044585634297,-0.02500704455807717,2.755712671942412e-11,-0.34419820465925177,-0.34419834845183134,-1.4379257956553815e-07
1.4015,1.1711111111111112,0.04,-0.7,2.0,0.3,0.04,0.01,30353,-0.19530202609141512,-0.19530202124637538,4.845039730527745e-09,0.8026352027457051,0.8026351332209957,-6.952470943399902e-08,0.28230996705347344,0.28230996546408593,-1.5893875104922017e-09,-0.024311373267305036,-0.024311373237633722,2.967131401687695e-11,-0.36523718823067153,-0.3652373314359857,-1.4320531416256443e-07
1.4790833333333333,1.1711111111111112,0.04,-0.7,2.0,0.3,0.04,0.01,30360,-0.1975634499640222,-0.1975634452959175,4.668104708338561e-09,0.7938633306281417,0.7938633514972738,2.0869132089096354e-08,0.2791496541496019,0.27914965283204285,-1.3175590618530464e-09,-0.023436094304940536,-0.0234360942715623,3.337823420435093e-11,-0.39452505412679306,-0.39452519674493625,-1.4261814318405897e-07
1.5788333333333333,1.1711111111111112,0.04,-0.7,2.0,0.3,0.04,0.01,30369,-0.20026718006882493,-0.20026717560515048,4.463674457833022e-09,0.7838940940807504,0.7838941080475981,1.3966847678403838e-08,0.2749777368066253,0.27497773581940677,-9.872185291470714e-10,-0.022486197949200815,-0.022486197917479807,3.172100776493991e-11,-0.43203259911694936,-0.43203274144782655,-1.423308771952847e-07
1.601,1.1711111111111112,0.04,-0.7,2.0,0.3,0.04,0.01,30371,-0.20084097508643595,-0.20084097066383316,4.4226027839933124e-09,0.7818347302901429,0.7818347563281351,2.603799220679548e-08,0.27404019437821114,0.2740401934610371,-9.171740589231092e-10,-0.022301529718216084,-0.022301529685553705,3.266237974530739e-11,-0.44036401709329764,-0.44036415943541934,-1.4234212170061156e-07
1.76725,1.1711111111111112,0.04,-0.7,2.0,0.3,0.04,0.01,30386,-0.20487402146440736,-0.204874017323134,4.141273352020747e-09,0.7675999613709905,0.7675999202196925,-4.115129803583528e-08,0.2669556091600134,0.26695560872379576,-4.362176175831678e-10,-0.021198104873665358,-0.021198104846766184,2.689917386056173e-11,-0.5031187830109585,-0.503118926480547,-1.4346958854272174e-07
1.7894166666666667,1.1711111111111112,0.04,-0.7,2.0,0.3,0.04,0.01,30388,-0.20537849979490597,-0.2053784956891168,4.105789153108219e-09,0.7658159606460657,0.7658158745951561,-8.605090962010564e-08,0.2660087640782294,0.2660087636999091,-3.783202640050831e-10,-0.021085279514609923,-0.021085279490173407,2.443651531125468e-11,-0.5115497907193234,-0.511549934477845,-1.4375852164238978e-07
1.8005,1.1711111111111112,0.04,-0.7,2.0,0.3,0.04,0.01,30389,-0.20562798206114064,-0.2056279779725066,4.0886340424428624e-09,0.7649305633350423,0.764930540674365,-2.266067733458499e-08,0.2655354771374796,0.26553547679148237,-3.459972308661463e-10,-0.021031595767717626,-0.021031595741409247,2.630837908634831e-11,-0.5157730368790525,-0.5157731807949623,-1.439159097449405e-07
1.8226666666666667,1.1711111111111112,0.04,-0.7,2.0,0.3,0.04,0.01,30391,-0.20612150946702767,-0.2061215054122978,4.054729885183406e-09,0.763171698059395,0.7631716921779044,-5.881490627857033e-09,0.2645893300823321,0.2645893297923605,-2.899716022852772e-10,-0.020929514384926406,-0.020929514362652474,2.227393269826905e-11,-0.5242360630869358,-0.5242362073426963,-1.4425576044807542e-07
0.18233333333333335,1.1733333333333333,0.04,-0.7,2.0,0.3,0.04,0.01,30424,-0.05567591457672494,-0.05567589859827656,1.5978448376918752e-08,0.8174859511544952,0.8174858453557998,-1.0579869536009312e-07,0.11904996512102084,0.11904997024801056,5.126989721659925e-09,-0.025411161475308308,-0.02541116167220945,-1.9690114122505875e-10,0.02171721386973191,0.02171700640845168,-2.0746128023135801e-07
0.4594166666666667,1.1733333333333333,0.04,-0.7,2.0,0.3,0.04,0.01,30449,-0.12286703366809482,-0.12286702307309166,1.0595003152591431e-08,0.9560933211805178,0.9560933254016487,4.221130889270341e-09,0.2520803419020501,0.25208033993695483,-1.965095253186888e-09,-0.03862397232323733,-0.038623972386862396,-6.36250635510649e-11,-0.014185391047916163,-0.014185565322204385,-1.7427428822269775e-07
0.537,1.1733333333333333,0.04,-0.7,2.0,0.3,0.04,0.01,30456,-0.13475641738452948,-0.13475640767936117,9.705168307894141e-09,0.9547430235290477,0.9547429799368249,-4.3592222831456695e-08,0.2669950960967893,0.26699509324348863,-2.8533006513065118e-09,-0.03673547278565392,-0.036735472720130134,6.552378778446055e-11,-0.03644095839250294,-0.036441127097319954,-1.6870481701208861e-07
0.6256666666666667,1.1733333333333333,0.04,-0.7,2.0,0.3,0.04,0.01,30464,-0.14623097301214028,-0.14623096421542614,8.796714134895467e-09,0.9472776563157481,0.9472776264634766,-2.98522715436178e-08,0.27897208710297994,0.2789720838406151,-3.262364822731456e-09,-0.034858241155233394,-0.03485824104741133,1.0782206377735193e-10,-0.06541982881441699,-0.06541999247793276,-1.6366351576757587e-07
0.7919166666666667,1.1733333333333333,0.04,-0.7,2.0,0.3,0.04,0.01,30479,-0.16311891689740898,-0.16311890952659117,7.370817817209385e-09,0.9156051195002846,0.9156051117366506,-7.763633957935667e-09,0.2910794253346838,0.2910794219482855,-3.386398272908764e-09,-0.03249779239045125,-0.03249779237380592,1.6645330946918335e-11,-0.1262746977961915,-0.126274853880947,-1.5608475550932255e-07
1.50125,1.1733333333333333,0.04,-0.7,2.0,0.3,0.04,0.01,30543,-0.19643047655115708,-0.19643047196430752,4.586849566834417e-09,0.7853966921267386,0.7853966761505895,-1.5976149070340284e-08,0.2776976498117256,0.277697648550842,-1.2608836197358642e-09,-0.023146171972965313,-0.023146171939116368,3.3848944480663334e-11,-0.40021314924837403,-0.4002132908584247,-1.416100506856921e-07
1.5123333333333333,1.1733333333333333,0.04,-0.7,2.0,0.3,0.04,0.01,30544,-0.19673844303846888,-0.19673843847186423,4.566604649980377e-09,0.7842895777265824,0.7842895354517051,-4.2274877265491284e-08,0.2772418824864564,0.27724188126537314,-1.2210832900372282e-09,-0.02303631644745563,-0.023036316418124533,2.9331096579321425e-11,-0.40436718236308566,-0.4043673239182718,-1.4155518612835039e-07
1.5566666666666666,1.1733333333333333,0.04,-0.7,2.0,0.3,0.04,0.01,30548,-0.1979440074359462,-0.19794400295829584,4.477650361600638e-09,0.7800150580994369,0.7800150854703124,2.7370875455012822e-08,0.2754066297264157,0.27540662864941623,-1.0769994895909463e-09,-0.02262115659845687,-0.02262115656688628,3.1570589892337964e-11,-0.4209723651033004,-0.4209725065187385,-1.4141543813739332e-07
1.6785833333333333,1.1733333333333333,0.04,-0.7,2.0,0.3,0.04,0.01,30559,-0.20106415474285821,-0.2010641504836002,4.259258001848565e-09,0.7692715131568661,0.7692714456159414,-6.754092474192674e-08,0.27029226853159116,0.270292267825716,-7.058751361199711e-10,-0.021672860972821173,-0.021672860942483524,3.0337649059575256e-11,-0.4666736825861828,-0.4666738242266957,-1.4164051287401946e-07
1.7118333333333333,1.1733333333333333,0.04,-0.7,2.0,0.3,0.04,0.01,30562,-0.20187021292916718,-0.20187020872528322,4.203883963160848e-09,0.7665330814532467,0.7665330396427157,-4.1810531037356213e-08,0.2688878218509716,0.26888782123996413,-6.110074668441712e-10,-0.021460525822247778,-0.02146052579259289,2.96548896550064e-11,-0.4791824651678711,-0.4791826070415843,-1.4187371316642938e-07
1.76725,1.1733333333333333,0.04,-0.7,2.0,0.3,0.04,0.01,30567,-0.20317436488281881,-0.2031743607649706,4.117848201312668e-09,0.7620958308862669,0.7620958858119843,5.492571741871899e-08,0.2665437768334389,0.26654377637543175,-4.5800713222021727e-10,-0.021146960749729438,-0.021146960726047496,2.3681941824227337e-11,-0.5001062037715553,-0.5001063461941898,-1.424226344637347e-07
1.8005,1.1733333333333333,0.04,-0.7,2.0,0.3,0.04,0.01,30570,-0.20393418270286956,-0.20393417863345403,4.069415526775089e-09,0.7594936513033446,0.7594935748394259,-7.646391864124524e-08,0.2651370073886161,0.26513700701385634,-3.7475977876511024e-10,-0.020981561805188953,-0.020981561782750627,2.2438325503193468e-11,-0.512716328576468,-0.5127164714303772,-1.4285390925738994e-07
1.8115833333333333,1.1733333333333333,0.04,-0.7,2.0,0.3,0.04,0.01,30571,-0.2041837817470804,-0.2041837776976172,4.049463209199189e-09,0.7586341610466008,0.7586341564648867,-4.581714008189408e-09,0.2646682291179703,0.26466822877013507,-3.4783520508341326e-10,-0.020930015280917758,-0.020930015257112893,2.3804864329735054e-11,-0.5169303453189666,-0.5169304883321892,-1.4301322259768767e-07
1.9556666666666667,1.1733333333333333,0.04,-0.7,2.0,0.3,0.04,0.01,30584,-0.20726872174192668,-0.2072687178843807,3.857545977092869e-09,0.7476882668555618,0.7476881870070907,-7.984847105735327e-08,0.2585956010472956,0.25859560104101204,-6.28358476362223e-12,-0.0204055584232532,-0.02040555840468425,1.856895193164121e-11,-0.5722951613595928,-0.5722953072397212,-1.458801284215383e-07
0.06041666666666667,1.1755555555555555,0.04,-0.7,2.0,0.3,0.04,0.01,30594,-0.014482839950091808,-0.014482828373880829,1.1576210979385992e-08,0.3403863191309142,0.34038612790533507,-1.9122557914919014e-07,0.019360568355442087,0.019360569398795005,1.0433529179509904e-09,-0.002760320768069313,-0.002760340528795894,-1.976072658066083e-08,0.013207348423249776,0.013207159202769905,-1.8922047987160462e-07
0.6035,1.1755555555555555,0.04,-0.7,2.0,0.3,0.04,0.01,30643,-0.1414456547765841,-0.14144564586861677,8.907967335991529e-09,0.9378677279237024,0.9378676946252489,-3.329845355004579e-08,0.274944231544727,0.27494422836947324,-3.175253782128351e-09,-0.0350078295296985,-0.035007829425862266,1.0383623127996344e-10,-0.05674286307821852,-0.05674302801883438,-1.6494061585992092e-07
1.0800833333333333,1.1755555555555555,0.04,-0.7,2.0,0.3,0.04,0.01,30686,-0.1796899480138725,-0.1796899422658697,5.748002795957774e-09,0.8390931061086349,0.8390931356993107,2.9590675798552013e-08,0.29146300677768133,0.29146300401249486,-2.7651864686895067e-09,-0.02867501322667554,-0.028675013239925648,-1.3250109343054817e-11,-0.23703851015188793,-0.23703865716996164,-1.4701807371508835e-07
1.3793333333333333,1.1755555555555555,0.04,-0.7,2.0,0.3,0.04,0.01,30713,-0.19107553665159704,-0.1910755318252395,4.826357535847592e-09,0.7923750267035956,0.7923749164930749,-1.1021052070958604e-07,0.28198758423941817,0.28198758253687495,-1.702543217518837e-09,-0.024444644515508873,-0.024444644485892293,2.961658002176293e-11,-0.3518723462561657,-0.351872488052764,-1.4179659829638425e-07
1.56775,1.1755555555555555,0.04,-0.7,2.0,0.3,0.04,0.01,30730,-0.19651462400682718,-0.1965146195776717,4.429155486818104e-09,0.7730588724719212,0.7730588374530818,-3.5018839383837985e-08,0.2744398703855011,0.2744398693229742,-1.0625268997976889e-09,-0.02246422962454142,-0.022464229590713505,3.3827916162687544e-11,-0.42239333699095605,-0.4223934774584671,-1.4046751106722155e-07
1.6120833333333333,1.1755555555555555,0.04,-0.7,2.0,0.3,0.04,0.01,30734,-0.19768011633336524,-0.19768011198847996,4.34488528489041e-09,0.7691582815105846,0.7691583047463151,2.323573045082128e-08,0.2726068506461732,0.27260684971863897,-9.275342160997013e-10,-0.022098581533291917,-0.022098581503470778,2.9821138614050113e-11,-0.4389374004046265,-0.438937540850742,-1.404461155152248e-07
1.8780833333333333,1.1755555555555555,0.04,-0.7,2.0,0.3,0.04,0.01,30758,-0.20397516645453972,-0.2039751625165086,3.938031123418284e-09,0.7482789943225043,0.7482790614308202,6.710831590428512e-08,0.26148554005650526,0.26148553984845396,-2.080512984115046e-10,-0.020608077869466168,-0.020608077848056957,2.1409211209411083e-11,-0.539198083417125,-0.5391982264841898,-1.43067064750646e-07
2.0,1.1755555555555555,0.04,-0.7,2.0,0.3,0.04,0.01,30769,-0.20651217778333564,-0.20651217400442226,3.778913376661919e-09,0.7393085366125263,0.739308590735311,5.4122784698407145e-08,0.2564101883187342,0.256410188380597,6.186279266628958e-11,-0.02024762680435943,-0.020247626787265785,1.7093645943155877e-11,-0.5862807828355132,-0.5862809287395931,-1.4590407992898236e-07
0.02716666666666667,1.1777777777777778,0.04,-0.7,2.0,0.3,0.04,0.01,30772,-0.005922783113676555,-0.005922779004821904,4.108854651484195e-09,0.08994958666797004,0.08994950173957995,-8.492839008444886e-08,-0.0014753364038777583,-0.0014753358579929134,5.458848449223924e-10,0.019803835359932798,0.019803782618147935,-5.274178486308623e-08,0.009370147981691002,0.009369971790412478,-1.7619127852357142e-07
0.2599166666666667,1.1777777777777778,0.04,-0.7,2.0,0.3,0.04,0.01,30793,-0.0750696134052542,-0.07506959977152582,1.3633728382367316e-08,0.8816858076965417,0.881685870027962,6.233142024747451e-08,0.17142860628371892,0.17142861102727092,4.743551995645134e-09,-0.035181950160945163,-0.0351819524036542,-2.2427090393128957e-09,0.02162511196307504,0.02162491157077841,-2.0039229662802138e-07
0.5148333333333334,1.1777777777777778,0.04,-0.7,2.0,0.3,0.04,0.01,30816,-0.12737036058224627,-0.12737035088974466,9.692501606872739e-09,0.9293728286952074,0.9293727988281396,-2.986706781893389e-08,0.25998058687748404,0.25998058426250864,-2.6149754028814698e-09,-0.03660974053798505,-0.036609740503546366,3.443868107355641e-11,-0.027923962143405756,-0.027924132816533737,-1.7067312798116352e-07
0.5813333333333334,1.1777777777777778,0.04,-0.7,2.0,0.3,0.04,0.01,30822,-0.13656306920156736,-0.13656306018551898,9.016048380106056e-09,0.927556381702388,0.9275563587967376,-2.290565037643688e-08,0.27056536695463373,0.2705653638904549,-3.064178855094468e-09,-0.035164551939470545,-0.035164551847176775,9.229376984887239e-11,-0.04837164217980083,-0.04837180852581556,-1.6634601472664823e-07
0.8251666666666667,1.1777777777777778,0.04,-0.7,2.0,0.3,0.04,0.01,30844,-0.1618764886401891,-0.16187648164934934,6.990839768183932e-09,0.888653017838692,0.8886529567403652,-6.109832684231264e-08,0.29002695973001646,0.2900269564000252,-3.329991282718936e-09,-0.031758762546740815,-0.03175876255276193,-6.021114162813035e-12,-0.13584333302757434,-0.13584348731598478,-1.5428841043663155e-07
1.069,1.1777777777777778,0.04,-0.7,2.0,0.3,0.04,0.01,30866,-0.17729726323217898,-0.17729725749304895,5.739130032322848e-09,0.8336540180398089,0.8336540340828497,1.6043040784730067e-08,0.2908475568080826,0.2908475540104379,-2.797644726992843e-09,-0.02872849029722513,-0.02872849031429613,-1.7071000862900476e-11,-0.23068860737801566,-0.23068875409459716,-1.4671658149501e-07
1.2241666666666666,1.1777777777777778,0.04,-0.7,2.0,0.3,0.04,0.01,30880,-0.18396270942633297,-0.18396270422104757,5.205285397158477e-09,0.8064656276118853,0.8064656096139565,-1.7997928813962005e-08,0.2868385875903767,0.2868385853117473,-2.2786294517906924e-09,-0.02646177620968526,-0.02646177619585321,1.3832050088646852e-11,-0.2906426892268499,-0.29064283264038393,-1.4341353404834223e-07
1.2795833333333333,1.1777777777777778,0.04,-0.7,2.0,0.3,0.04,0.01,30885,-0.18599212047609726,-0.18599211543000338,5.046093876082125e-09,0.7984706451580337,0.7984705693847916,-7.577324212526548e-08,0.2849995797213345,0.28499957764234407,-2.078990424259075e-09,-0.02567871562469959,-0.02567871560162779,2.307179794436287e-11,-0.3117655161385957,-0.31176565857792127,-1.4243932555668692e-07
1.2906666666666666,1.1777777777777778,0.04,-0.7,2.0,0.3,0.04,0.01,30886,-0.18638108642110573,-0.18638108140705545,5.014050286078486e-09,0.7969674586938424,0.7969674988074451,4.0113602661762116e-08,0.28461457471734564,0.2846145726799116,-2.0374340548023895e-09,-0.025526413445775553,-0.025526413424439412,2.1336141187155988e-11,-0.3159713509776063,-0.31597149323773316,-1.4226012684526168e-07
1.3793333333333333,1.1777777777777778,0.04,-0.7,2.0,0.3,0.04,0.01,30894,-0.1893218376083916,-0.18932183281469914,4.793692470750344e-09,0.7859621786732163,0.7859621634532841,-1.5219932203436315e-08,0.28137730965410723,0.2813773079355642,-1.7185430301047688e-09,-0.02437465130011862,-0.024374651272394354,2.7724267326334484e-11,-0.3494140740306628,-0.34941421501963177,-1.4098896894410018e-07
1.3904166666666666,1.1777777777777778,0.04,-0.7,2.0,0.3,0.04,0.01,30895,-0.18967043153128582,-0.18967042676476872,4.766517097687384e-09,0.7847019811713096,0.7847019304759939,-5.069531572310382e-08,0.2809565689956828,0.2809565673131683,-1.6825144610876919e-09,-0.024240002221287416,-0.0242400021911584,3.0129013867119525e-11,-0.35357163426702476,-0.3535717751203714,-1.4085334665292493e-07
1.6675,1.1777777777777778,0.04,-0.7,2.0,0.3,0.04,0.01,30920,-0.19739353887049393,-0.1973935346443893,4.226104632909511e-09,0.7588597972230104,0.7588597431442289,-5.407878156393764e-08,0.2698363111658386,0.269836310381056,-7.847826277718184e-10,-0.02163725578263609,-0.021637255754206094,2.8429994469725273e-11,-0.4568005239050099,-0.4568006635224686,-1.3961745870538778e-07
1.76725,1.1777777777777778,0.04,-0.7,2.0,0.3,0.04,0.01,30929,-0.1998115819853985,-0.19981157791115625,4.074242249130222e-09,0.7511760047318461,0.7511759674613245,-3.727052155788613e-08,0.265704966833924,0.2657049663249822,-5.089417776105165e-10,-0.02104351405546323,-0.021043514030372558,2.509067259515163e-11,-0.4941307933825634,-0.49413093373381195,-1.4035124856759396e-07
0.016083333333333335,1.18,0.04,-0.7,2.0,0.3,0.04,0.01,30952,-0.004870030841652717,-0.00487003096800233,-1.26349613063792e-10,-0.008595818501433428,-0.008595869318499299,-5.0817065871261446e-08,-0.00670855812179294,-0.0067085576423813855,4.794115547254729e-10,0.03372238957466411,0.033722323154956824,-6.641970728971103e-08,0.008435707302412165,0.00843553575987618,-1.715425359850864e-07
0.19341666666666668,1.18,0.04,-0.7,2.0,0.3,0.04,0.01,30968,-0.0537726992344556,-0.05377268457863603,1.4655819571829376e-08,0.7775064703174905,0.7775064101753147,-6.014217579508596e-08,0.12228234079425526,0.12228234589162544,5.097370178730465e-09,-0.025239000373544762,-0.025239001042166323,-6.686215608953106e-10,0.02265359363762265,0.02265338549404295,-2.0814357969828334e-07
0.38183333333333336,1.18,0.04,-0.7,2.0,0.3,0.04,0.01,30985,-0.1023986896922513,-0.10239867859250158,1.1099749716581009e-08,0.9080765528413082,0.9080764506894022,-1.0215190593410028e-07,0.2254736500451049,0.22547365007675677,3.1651875564975285e-11,-0.03883479689797964,-0.038834797481889845,-5.839102049098877e-10,0.005883671788664557,0.005883488389364853,-1.8339929970436625e-07
0.4261666666666667,1.18,0.04,-0.7,2.0,0.3,0.04,0.01,30989,-0.11086885195216167,-0.1108688414211614,1.0531000280145086e-08,0.9124396405102431,0.9124396364463592,-4.063883896066045e-09,0.2386349246383257,0.23863492341886963,-1.2194560639056107e-09,-0.0381904363216945,-0.03819043653845733,-2.167628299076796e-10,-0.0037328942092962336,-0.00373307271431681,-1.7850502057655676e-07
0.537,1.18,0.04,-0.7,2.0,0.3,0.04,0.01,30999,-0.128519240679692,-0.12851923133594548,9.343746526502272e-09,0.9166527981108175,0.9166528370765757,3.8965758286657604e-08,0.26225728942202986,0.26225728664927433,-2.772755525182191e-09,-0.03579480091581155,-0.035794800859795216,5.601633740193179e-11,-0.0335586514721431,-0.0335588208377016,-1.6936555850138868e-07
0.8473333333333334,1.18,0.04,-0.7,2.0,0.3,0.04,0.01,31027,-0.16167433390945618,-0.1616743271280126,6.781443573355972e-09,0.8744185597819865,0.874418606998572,4.72165855303075e-08,0.28958856645028286,0.2895885631573006,-3.2929822757488125e-09,-0.03134840643154169,-0.03134840644768683,-1.6145140779855183e-11,-0.14272211777688337,-0.14272227091511053,-1.5313822715468106e-07
1.069,1.18,0.04,-0.7,2.0,0.3,0.04,0.01,31047,-0.17545317548578465,-0.17545316979910885,5.6866757969231685e-09,0.8260366446410927,0.8260366997352011,5.509410838655526e-08,0.29000718957394866,0.290007186771055,-2.8028936394086656e-09,-0.028619322230694078,-0.028619322248646554,-1.7952476311089427e-11,-0.22868688039856533,-0.2286870265592508,-1.4616068547135264e-07
1.1244166666666666,1.18,0.04,-0.7,2.0,0.3,0.04,0.01,31052,-0.17805527403325083,-0.17805526855054027,5.482710563331494e-09,0.8157428066368766,0.8157427685915599,-3.804531667483957e-08,0.2888701250111647,0.2888701223867832,-2.6243814899018503e-09,-0.027823434637919142,-0.02782343464129261,-3.3734681714747694e-12,-0.25014049680999184,-0.2501406416370486,-1.4482705673612983e-07
1.2130833333333333,1.18,0.04,-0.7,2.0,0.3,0.04,0.01,31060,-0.1817501380016462,-0.1817501328066951,5.194951080422783e-09,0.8012106811339237,0.8012106512480995,-2.988582414875651e-08,0.28646339209986715,0.2864633897731334,-2.3267337501131635e-09,-0.02653577113070904,-0.026535771118001487,1.2707553759261359e-11,-0.2841861281902003,-0.28418627112970773,-1.4293950745258854e-07
1.4125833333333333,1.18,0.04,-0.7,2.0,0.3,0.04,0.01,31078,-0.18862507799921602,-0.18862507331742068,4.681795340299999e-09,0.7759858866585034,0.7759858476797377,-3.8978765770636414e-08,0.2795103820188438,0.27951038040019527,-1.6186485485292224e-09,-0.023909143008205014,-0.023909142977633045,3.05719685678163e-11,-0.35938604706908794,-0.35938618684707535,-1.3977798740683056e-07
1.5566666666666666,1.18,0.04,-0.7,2.0,0.3,0.04,0.01,31091,-0.19280322737930122,-0.19280322298708857,4.392212649140248e-09,0.7622759257142064,0.7622759318827224,6.16851592027956e-09,0.2738594523174487,0.2738594511751307,-1.1423179624436841e-09,-0.02244088889685747,-0.022440888863277955,3.357951416926852e-11,-0.4128780487683281,-0.41287818742909826,-1.3866077014368372e-07
1.6231666666666666,1.18,0.04,-0.7,2.0,0.3,0.04,0.01,31097,-0.19457699178326848,-0.1945769875082802,4.274988280039693e-09,0.7567391269169832,0.7567391081836832,-1.873330002233331e-08,0.2711732340962558,0.2711732331572446,-9.390112021279151e-10,-0.02189804007096674,-0.021898040038872562,3.209417800964509e-11,-0.43751723448587354,-0.4375173730464354,-1.3856056185757026e-07
0.10475000000000001,1.1822222222222223,0.04,-0.7,2.0,0.3,0.04,0.01,31141,-0.025403095142706444,-0.025403081686932373,1.3455774071358118e-08,0.5096124688908077,0.5096123714008927,-9.74899150296693e-08,0.04932641200633414,0.04932641418542066,2.1790865153969996e-09,-0.01043487049767755,-0.010434871791713719,-1.294036168150714e-09,0.01830705816857625,0.018306856559949406,-2.0160862684512337e-07
0.4594166666666667,1.1822222222222223,0.04,-0.7,2.0,0.3,0.04,0.01,31173,-0.11461480018071235,-0.11461479017366549,1.0007046857829494e-08,0.9011798307589913,0.9011798629739284,3.2214937051300296e-08,0.24518696862652067,0.24518696677933702,-1.8471836560340904e-09,-0.03714225540657479,-0.037142255495306614,-8.873182744117969e-11,-0.011160603709259309,-0.011160779443342771,-1.7573408346224784e-07
0.8140833333333334,1.1822222222222223,0.04,-0.7,2.0,0.3,0.04,0.01,31205,-0.157050662941971,-0.15705065602275317,6.919217837575431e-09,0.872539490659463,0.8725395612150333,7.05555702751326e-08,0.28737797554717615,0.28737797223396316,-3.313212981748137e-09,-0.03150731747170177,-0.03150731747322828,-1.5265150254961668e-12,-0.1284960045191963,-0.1284961587648578,-1.542456614933574e-07
0.8805833333333334,1.1822222222222223,0.04,-0.7,2.0,0.3,0.04,0.01,31211,-0.1622519465818706,-0.16225194006872287,6.513147715603296e-09,0.8581192700862772,0.8581192329392111,-3.714706608981544e-08,0.2892925800884738,0.28929257685060694,-3.2378668635146823e-09,-0.03083279129345584,-0.03083279132070357,-2.72477283791428e-11,-0.15382871747210425,-0.15382886901491183,-1.5154280758045147e-07
1.1133333333333333,1.1822222222222223,0.04,-0.7,2.0,0.3,0.04,0.01,31232,-0.17574597599157027,-0.17574597052232024,5.46925002509191e-09,0.8103978932361144,0.8103978888454957,-4.390618757454945e-09,0.2883174003237565,0.2883173976573907,-2.666365850334529e-09,-0.027882471001494658,-0.02788247101120891,-9.714253706993858e-12,-0.243805523447993,-0.243805667940055,-1.4449206200972675e-07
1.16875,1.1822222222222223,0.04,-0.7,2.0,0.3,0.04,0.01,31237,-0.17817857288660033,-0.17817856760258763,5.284012699613427e-09,0.8011053154177716,0.8011052876137876,-2.780398400403783e-08,0.28698167390844853,0.28698167142069475,-2.4877537807554972e-09,-0.027084959260958996,-0.027084959258803797,2.1551996298718734e-12,-0.2650766086842449,-0.26507675189303037,-1.4320878549689553e-07
1.3571666666666666,1.1822222222222223,0.04,-0.7,2.0,0.3,0.04,0.01,31254,-0.18513672643688528,-0.1851367216645823,4.772302969469067e-09,0.7757329278934577,0.775732827954559,-9.993889871218187e-08,0.28094760909008754,0.2809476072589739,-1.8311136495974267e-09,-0.024505558483822742,-0.024505558455995117,2.7827625620480134e-11,-0.3362752505786659,-0.33627539028522097,-1.3970655504680352e-07
1.5788333333333333,1.1822222222222223,0.04,-0.7,2.0,0.3,0.04,0.01,31274,-0.19172083546320495,-0.19172083113679747,4.32640748226909e-09,0.7546019198390042,0.7546019183442396,-1.4947645343710292e-09,0.2724528965339368,0.27245289543893,-1.0950068074500052e-09,-0.022190716940928557,-0.022190716910921324,3.0007232809659e-11,-0.4183929027531952,-0.4183930404337465,-1.3768055129315115e-07
1.63425,1.1822222222222223,0.04,-0.7,2.0,0.3,0.04,0.01,31279,-0.19319104248183283,-0.19319103825132516,4.230507666402872e-09,0.7501926191366692,0.7501925912734612,-2.786320807413034e-08,0.27023359780414813,0.27023359687745946,-9.266886702441468e-10,-0.021757960216861605,-0.02175796018810063,2.8760976239494696e-11,-0.43885754373279573,-0.43885768135140574,-1.3761861000771702e-07
1.6564166666666666,1.1822222222222223,0.04,-0.7,2.0,0.3,0.04,0.01,31281,-0.19376306269386356,-0.19376305849841888,4.195444686105887e-09,0.7484913633337698,0.7484913605522151,-2.781554653275009e-09,0.26934046898824393,0.26934046812740337,-8.608405654975115e-10,-0.021600530164533893,-0.021600530135023572,2.9510321269965445e-11,-0.44705416071988413,-0.4470542983711686,-1.376512844819544e-07
0.09366666666666668,1.1844444444444444,0.04,-0.7,2.0,0.3,0.04,0.01,31321,-0.02102537141057681,-0.021025358982465846,1.2428110963969008e-08,0.44661134790402457,0.44661118366357455,-1.642404500179495e-07,0.03987652396481023,0.03987652576557708,1.8007668481367922e-09,-0.008066802491546454,-0.008066805994494518,-3.5029480635606625e-09,0.01785096663431407,0.017850767553464507,-1.9908084956249406e-07
0.24883333333333335,1.1844444444444444,0.04,-0.7,2.0,0.3,0.04,0.01,31335,-0.06630554547415457,-0.06630553240259947,1.307155510221758e-08,0.8182403088419221,0.8182403119638408,3.1219187235365098e-09,0.1583503727761726,0.15835037767682328,4.9006506908089165e-09,-0.03210840522099856,-0.032108407346643865,-2.1256453056062163e-09,0.022847006223847277,0.02284680256077947,-2.0366306780622567e-07
0.2931666666666667,1.1844444444444444,0.04,-0.7,2.0,0.3,0.04,0.01,31339,-0.07819030556854845,-0.07819029338813324,1.218041520423263e-08,0.8520641525677775,0.8520640559502745,-9.661750299816418e-08,0.18439457430269313,0.18439457786259927,3.5599061476432325e-09,-0.036064864979701294,-0.03606486695756826,-1.977866967428632e-09,0.01997082351573587,0.019970626454275203,-1.9706146066680863e-07
0.43725,1.1844444444444444,0.04,-0.7,2.0,0.3,0.04,0.01,31352,-0.10884352082962678,-0.10884351072792307,1.0101703709630705e-08,0.8859207034639383,0.8859207057247463,2.260808096288258e-09,0.23800150054514857,0.23800149914318464,-1.4019639338336276e-09,-0.037195788106236805,-0.03719578828213132,-1.758945142316115e-10,-0.005024311549028937,-0.0050244897649612714,-1.7821593233449673e-07
0.5148333333333334,1.1844444444444444,0.04,-0.7,2.0,0.3,0.04,0.01,31359,-0.12130207653338054,-0.12130206721536746,9.31801308334812e-09,0.8913602522753195,0.8913602479968906,-4.278428833437431e-09,0.2551155536875682,0.2551155511569387,-2.5306295392546474e-09,-0.03562567670228889,-0.035625676680206206,2.208268290448956e-11,-0.02528984016397784,-0.02529001161277177,-1.714487939293019e-07
0.6035,1.1844444444444444,0.04,-0.7,2.0,0.3,0.04,0.01,31367,-0.13331692449020105,-0.13331691599321918,8.49698186811132e-09,0.8914605775789397,0.8914605915668404,1.3987900726597502e-08,0.26908330139602255,0.2690832983199023,-3.0761202474138827e-09,-0.03390232106853519,-0.0339023209741518,9.438338999245843e-11,-0.05233538734494836,-0.052335552679541764,-1.6533459340495327e-07
0.8140833333333334,1.1844444444444444,0.04,-0.7,2.0,0.3,0.04,0.01,31386,-0.15512190370658985,-0.15512189685724037,6.84934947647875e-09,0.8633594728024718,0.8633595382485062,6.54460343696428e-08,0.28623681413514346,0.2862368108392796,-3.295863859609227e-09,-0.03132077156298152,-0.031320771566275364,-3.293844363927434e-12,-0.12696106203691215,-0.12696121604184485,-1.5400493269535076e-07
1.1244166666666666,1.1844444444444444,0.04,-0.7,2.0,0.3,0.04,0.01,31414,-0.1744620421287313,-0.17446203674428176,5.384449525136503e-09,0.8012549790326062,0.8012549062912483,-7.274135793711167e-08,0.2872710286760949,0.2872710260416701,-2.6344247894272144e-09,-0.027622992593845375,-0.027622992602795493,-8.95011842416693e-12,-0.24601534247548074,-0.24601548610188245,-1.4362640171627916e-07
1.4015,1.1844444444444444,0.04,-0.7,2.0,0.3,0.04,0.01,31439,-0.18485490371089597,-0.18485489907324834,4.6376476270371114e-09,0.7647109612207714,0.764710980709495,1.9488723523863882e-08,0.2787108628027335,0.27871086111362336,-1.6891101295435362e-09,-0.02389889364212694,-0.023898893612980174,2.914676486276413e-11,-0.3503526039980165,-0.350352742290007,-1.382919905257296e-07
1.4790833333333333,1.1844444444444444,0.04,-0.7,2.0,0.3,0.04,0.01,31446,-0.1872241376910111,-0.18722413321111658,4.479894510911464e-09,0.757284734920205,0.7572847181570421,-1.676316285781354e-08,0.27580527154402734,0.27580527011296213,-1.4310652107774047e-09,-0.023051305466925687,-0.0230513054301702,3.675548754245028e-11,-0.3790105167539304,-0.37901065416272467,-1.3740879428736363e-07
1.5455833333333333,1.1844444444444444,0.04,-0.7,2.0,0.3,0.04,0.01,31452,-0.18913283019811322,-0.189132825842241,4.355872218475554e-09,0.7515486621922918,0.7515486413973251,-2.0794966637538437e-08,0.27323671491136237,0.2732367136959334,-1.2154289796839635e-09,-0.02241615899317706,-0.022416158962152075,3.102498466467374e-11,-0.4034855902532164,-0.4034857271686453,-1.3691542888327746e-07
1.6453333333333333,1.1844444444444444,0.04,-0.7,2.0,0.3,0.04,0.01,31461,-0.19181919490102173,-0.19181919071129463,4.189727093040219e-09,0.7437369331508847,0.7437369452267809,1.2075896171914735e-08,0.26929854456431146,0.2692985436470154,-9.172960724335155e-10,-0.021620617699780187,-0.021620617668940998,3.083918884150272e-11,-0.44018616790736376,-0.4401863045902737,-1.3668290993473775e-07
1.9113333333333333,1.1844444444444444,0.04,-0.7,2.0,0.3,0.04,0.01,31485,-0.19814936291190355,-0.19814935909026646,3.8216370901178465e-09,0.7252584588446354,0.7252584315793422,-2.7265293134348667e-08,0.2586023491948919,0.25860234896270845,-2.321834391416644e-10,-0.02030212423009825,-0.020302124211032235,1.906601612700065e-11,-0.5393740334025399,-0.5393741727785177,-1.3937597787005984e-07
0.138,1.1866666666666665,0.04,-0.7,2.0,0.3,0.04,0.01,31506,-0.032796427131276396,-0.03279641363501194,1.3496264453238815e-08,0.587998150169966,0.5879982151619431,6.499197702236614e-08,0.07283928095680459,0.07283928418426794,3.2274633521289786e-09,-0.014009934338199415,-0.014009933216816083,1.1213833316786603e-09,0.020934920136606028,0.02093471296294812,-2.0717365790609565e-07
0.18233333333333335,1.1866666666666665,0.04,-0.7,2.0,0.3,0.04,0.01,31510,-0.04558579707936161,-0.04558578337169838,1.3707663233664125e-08,0.699056534880782,0.6990564411143722,-9.376640985880869e-08,0.1081207289724273,0.1081207335957546,4.6233272904538936e-09,-0.021383357472759545,-0.02138335762711767,-1.5435812350528266e-10,0.02292494789529753,0.02292473839582575,-2.0949947178092176e-07
0.47050000000000003,1.1866666666666665,0.04,-0.7,2.0,0.3,0.04,0.01,31536,-0.11248641311745189,-0.11248640349552085,9.62193104359077e-09,0.8758832548139139,0.8758831967004377,-5.811347625339636e-08,0.24431094537841203,0.24431094341871887,-1.9596931577492427e-09,-0.036188769741429816,-0.03618876981175603,-7.032621707203646e-11,-0.0125215523213984,-0.012521727749392274,-1.75427993874544e-07
0.5924166666666667,1.1866666666666665,0.04,-0.7,2.0,0.3,0.04,0.01,31547,-0.12995253338643487,-0.1299525248867126,8.499722259358578e-09,0.8804583950805522,0.8804583545930085,-4.048754376206887e-08,0.26611289166172947,0.26611288865650856,-3.005220905460959e-09,-0.03381527798551609,-0.03381527789693733,8.85787623805534e-11,-0.04772527511603952,-0.047725441268918985,-1.661528794619227e-07
0.6256666666666667,1.1866666666666665,0.04,-0.7,2.0,0.3,0.04,0.01,31550,-0.13405902211660603,-0.13405901390720973,8.209396301639416e-09,0.8792985339844961,0.879298533985204,7.078782005009998e-13,0.2704084202498347,0.2704084171270384,-3.1227962993263247e-09,-0.03326624146260393,-0.033266241364228635,9.837529402201284e-11,-0.05849503533911227,-0.05849519936019864,-1.6402108637264545e-07
0.7586666666666667,1.1866666666666665,0.04,-0.7,2.0,0.3,0.04,0.01,31562,-0.148258937707757,-0.14825893055365072,7.154106279605443e-09,0.864253335564058,0.864253306568507,-2.8995551071275827e-08,0.2822577578742713,0.2822577545807691,-3.2935021931912445e-09,-0.03164976132868924,-0.031649761293411766,3.527747538534243e-11,-0.1049639876082864,-0.10496414407903867,-1.5647075227165352e-07
1.0911666666666666,1.1866666666666665,0.04,-0.7,2.0,0.3,0.04,0.01,31592,-0.1711202926649169,-0.1711202872149387,5.449978218718954e-09,0.7997033424356204,0.7997032560696481,-8.636597226274745e-08,0.28710203420601044,0.28710203146594765,-2.740062787776054e-09,-0.02798370361101199,-0.027983703629445508,-1.8433518600424748e-11,-0.23126462719014196,-0.2312647710985771,-1.4390843514067164e-07
1.3239166666666666,1.1866666666666665,0.04,-0.7,2.0,0.3,0.04,0.01,31613,-0.18058773813195428,-0.1805877333524253,4.779528967047142e-09,0.7667589285720311,0.7667589544941267,2.592209558116565e-08,0.280806523863808,0.28080652189362865,-1.9701793529947054e-09,-0.02477693661295799,-0.02477693658750297,2.545502003625799e-11,-0.3191764870333347,-0.319176625755204,-1.3872186932495367e-07
1.5234166666666666,1.1866666666666665,0.04,-0.7,2.0,0.3,0.04,0.01,31631,-0.18684020697268267,-0.18684020260439343,4.368289230338718e-09,0.7475644880905463,0.7475645323467671,4.4256220799177015e-08,0.2735475966317291,0.27354759532585726,-1.3058718550951198e-09,-0.02255501449055508,-0.02255501445846877,3.208630930395806e-11,-0.3927419546329025,-0.39274209081072825,-1.361778257380486e-07
1.56775,1.1866666666666665,0.04,-0.7,2.0,0.3,0.04,0.01,31635,-0.18808735732400717,-0.18808735303413593,4.289871236018428e-09,0.7440037919081988,0.7440039264242548,1.3451605607173178e-07,0.2718391319339597,0.2718391307693833,-1.164576379775184e-09,-0.022162040510809167,-0.022162040479007397,3.180176955108749e-11,-0.40898769545522073,-0.40898783136503963,-1.359098188991048e-07
1.70075,1.1866666666666665,0.04,-0.7,2.0,0.3,0.04,0.01,31647,-0.19159364731263784,-0.19159364323440714,4.078230697590612e-09,0.7342344676697365,0.7342345462652915,7.859555495315362e-08,0.26661390287063824,0.26661390208919894,-7.814393021554622e-10,-0.021200296484724657,-0.02120029645608469,2.8639965399257505e-11,-0.457809639339557,-0.45780977520482324,-1.3586526625974926e-07
0.02716666666666667,1.1888888888888889,0.04,-0.7,2.0,0.3,0.04,0.01,31677,-0.005056502387634776,-0.005056499655606749,2.7320280265516472e-09,0.06750984771208834,0.06750980153876951,-4.617331883505216e-08,-0.0023065649243370068,-0.0023065642435297477,6.808072590923364e-10,0.020937544689680898,0.020937496544884974,-4.81447959242709e-08,0.012705368645782311,0.012705192085142095,-1.7656064021584483e-07
0.3375,1.1888888888888889,0.04,-0.7,2.0,0.3,0.04,0.01,31705,-0.08511801641686301,-0.08511800539589232,1.1020970691610898e-08,0.8397040174301651,0.8397040707034404,5.3273275346654714e-08,0.20134549665873358,0.20134549844775676,1.7890231795991696e-09,-0.036734949362404734,-0.03673495062387114,-1.2614664035570655e-09,0.01534283194715158,0.015342640496400032,-1.9145075154901325e-07
0.41508333333333336,1.1888888888888889,0.04,-0.7,2.0,0.3,0.04,0.01,31712,-0.1009866077406052,-0.10098659769745072,1.0043154474725924e-08,0.8563300291086762,0.8563300766531554,4.75444792424895e-08,0.22838819093706775,0.22838819011703543,-8.200323198259696e-10,-0.03674479984755452,-0.03674480016496416,-3.174096402380755e-10,0.0012307911007036765,0.001230609701708024,-1.8139899565241223e-07
0.9138333333333334,1.1888888888888889,0.04,-0.7,2.0,0.3,0.04,0.01,31757,-0.15900515157596384,-0.15900514543024105,6.145722791783825e-09,0.8258071004796363,0.8258069403120513,-1.6016758508374807e-07,0.2867452499041856,0.2867452467510455,-3.153140082368111e-09,-0.03001481527598049,-0.03001481531295116,-3.697066958130435e-11,-0.161513232613264,-0.1615133818203504,-1.492070864084205e-07
1.03575,1.1888888888888889,0.04,-0.7,2.0,0.3,0.04,0.01,31768,-0.16649481917818676,-0.16649481357046142,5.607725339640268e-09,0.8021956543480258,0.8021956154790234,-3.886900235006152e-08,0.28697638877611675,0.2869763858822191,-2.893897677047619e-09,-0.028607681763770376,-0.028607681793196525,-2.94261490174641e-11,-0.2081154108735106,-0.20811555584824365,-1.4497473305175035e-07
1.2685,1.1888888888888889,0.04,-0.7,2.0,0.3,0.04,0.01,31789,-0.17689435227452588,-0.1768943473997945,4.874731368564866e-09,0.7668408019689821,0.7668407275811694,-7.438781268742645e-08,0.28190769974401064,0.2819076975750075,-2.1690031437593404e-09,-0.02542627785956375,-0.025426277841427578,1.8136173118854515e-11,-0.2962517089910577,-0.2962518480466482,-1.3905559054228078e-07
1.76725,1.1888888888888889,0.04,-0.7,2.0,0.3,0.04,0.01,31834,-0.1916146778904726,-0.19161467392836617,3.962106420729583e-09,0.7243885213892298,0.7243885117735192,-9.615710672150612e-09,0.26352280197705635,0.2635228013491917,-6.278646491608697e-10,-0.0207785921033099,-0.020778592077029666,2.6280234932674063e-11,-0.47947965707728635,-0.4794797923710294,-1.3529374304210862e-07
0.016083333333333335,1.191111111111111,0.04,-0.7,2.0,0.3,0.04,0.01,31857,-0.004952765691179639,-0.0049527663398516095,-6.48671970304715e-10,-0.005724692941910803,-0.0057247976112408585,-1.0466933005569279e-07,-0.006755048837792099,-0.006755048196468824,6.413232748678221e-10,0.03347808116865858,0.033478020083525246,-6.108513333352716e-08,0.012187139633024202,0.012186967483307344,-1.7214971685837466e-07
0.63675,1.191111111111111,0.04,-0.7,2.0,0.3,0.04,0.01,31913,-0.13151759088392279,-0.13151758295199506,7.931927725746135e-09,0.8572730081368718,0.8572730016433618,-6.493509951965848e-09,0.2688704389355867,0.26887043583479703,-3.10078968057681e-09,-0.032574322994249894,-0.032574322898407185,9.584270876938916e-11,-0.059926988516256774,-0.059927151937065465,-1.6342080869091724e-07
0.7365,1.191111111111111,0.04,-0.7,2.0,0.3,0.04,0.01,31922,-0.14231062440722697,-0.142310617245341,7.161885973161475e-09,0.8484639935080196,0.8484639873037684,-6.2042512238846825e-09,0.27828208098240603,0.27828207773356656,-3.248839475222809e-09,-0.031431357379874125,-0.03143135733329465,4.657947638708748e-11,-0.09423584716006239,-0.09423600454466251,-1.5738460011627264e-07
0.7919166666666667,1.191111111111111,0.04,-0.7,2.0,0.3,0.04,0.01,31927,-0.14752140157947569,-0.14752139479343018,6.7860455033041944e-09,0.840166991533664,0.840166914858689,-7.667497503582865e-08,0.28172184062730254,0.281721837375652,-3.25165055992116e-09,-0.030942132120959087,-0.03094213210993508,1.102400809527282e-11,-0.1142826786895701,-0.11428283310117485,-1.5441160475249127e-07
0.83625,1.191111111111111,0.04,-0.7,2.0,0.3,0.04,0.01,31931,-0.15130928836398772,-0.1513092818570573,6.506930411154244e-09,0.8324057054753808,0.8324057345752365,2.909985563626094e-08,0.28369237415004633,0.28369237091769783,-3.232348499970783e-09,-0.030567588226448894,-0.030567588243143158,-1.669426402672869e-11,-0.13066808293688004,-0.130668235164384,-1.522275039633758e-07
1.0135833333333333,1.191111111111111,0.04,-0.7,2.0,0.3,0.04,0.01,31947,-0.16348210466948787,-0.1634820990287558,5.640732075873345e-09,0.798743243768385,0.7987432181627223,-2.560566270126685e-08,0.2862209860379772,0.2862209830936721,-2.9443050775235236e-09,-0.028760534808713878,-0.028760534843537206,-3.482332824877865e-11,-0.19778976311418672,-0.19778990830762658,-1.4519343985441857e-07
1.0579166666666666,1.191111111111111,0.04,-0.7,2.0,0.3,0.04,0.01,31951,-0.1659072458351507,-0.16590724036418528,5.470965430687258e-09,0.7908845967019573,0.7908846252591673,2.855720993011346e-08,0.2858661985730149,0.2858661957392594,-2.833755452513742e-09,-0.028203878295884888,-0.028203878320326073,-2.444118518685201e-11,-0.214681485219137,-0.21468162900196133,-1.437828243411321e-07
1.1798333333333333,1.191111111111111,0.04,-0.7,2.0,0.3,0.04,0.01,31962,-0.1716572742080369,-0.17165726913318272,5.074854175779464e-09,0.7718272632128986,0.7718272646132488,1.4003501691561837e-09,0.28362391917224894,0.2836239167017613,-2.470487647787678e-09,-0.026552738009999466,-0.02655273801072281,-7.23344995012809e-13,-0.2608600785791726,-0.2608602189851792,-1.4040600659903646e-07
1.1909166666666666,1.191111111111111,0.04,-0.7,2.0,0.3,0.04,0.01,31963,-0.17212500234703443,-0.17212499730580177,5.041232653546501e-09,0.7702883719762355,0.7702883197752368,-5.220099863478822e-08,0.2833499094984093,0.2833499070632486,-2.435160739722164e-09,-0.02639962228490056,-0.026399622279192247,5.708312295071849e-12,-0.26502794867239166,-0.2650280888071638,-1.4013477211971548e-07
1.3571666666666666,1.191111111111111,0.04,-0.7,2.0,0.3,0.04,0.01,31978,-0.17835329671228584,-0.1783532920845884,4.627697447467938e-09,0.7506657795364191,0.7506657822351178,2.6986987089472336e-09,0.2783670519862502,0.27836705010412105,-1.88212917473507e-09,-0.02420911243167234,-0.024209112405231485,2.6440856448761707e-11,-0.3268387232593928,-0.3268388598923855,-1.3663299269772722e-07
1.4790833333333333,1.191111111111111,0.04,-0.7,2.0,0.3,0.04,0.01,31989,-0.18223487848162412,-0.18223487409339356,4.388230556706674e-09,0.7395542678256817,0.7395542320579015,-3.576778018210547e-08,0.27406815483188574,0.2740681533487311,-1.4831546546467678e-09,-0.022852716885790603,-0.022852716854729428,3.1061174465829566e-11,-0.3714640691288018,-0.3714642040122114,-1.3488340960821077e-07
1.5123333333333333,1.191111111111111,0.04,-0.7,2.0,0.3,0.04,0.01,31992,-0.18322080923782735,-0.18322080491068168,4.327145669558163e-09,0.7368678445196508,0.7368677688451858,-7.567446502765307e-08,0.27284272214517236,0.2728427207689221,-1.3762502804048893e-09,-0.022529945228055848,-0.02252994519420698,3.384886815283039e-11,-0.38357439567066054,-0.3835745302167954,-1.345461348445376e-07
1.8115833333333333,1.191111111111111,0.04,-0.7,2.0,0.3,0.04,0.01,32019,-0.19107575448068514,-0.19107575059276388,3.887921262712979e-09,0.7163155457678982,0.7163155430557295,-2.7121687118381033e-09,0.26133899611008315,0.26133899557455686,-5.355262899797708e-10,-0.020519677339236875,-0.020519677317735175,2.1501699726256263e-11,-0.4929553736771064,-0.4929555084026463,-1.3472553989091196e-07
1.90025,1.191111111111111,0.04,-0.7,2.0,0.3,0.04,0.01,32027,-0.1931176412467428,-0.19311763747326452,3.773478279844866e-09,0.7107858635002628,0.710785880266473,1.6766210197971532e-08,0.25786585851728105,0.2578658581885228,-3.287582428512792e-10,-0.020189691539163057,-0.020189691518231048,2.0932009597851575e-11,-0.5259608858648734,-0.5259610218492771,-1.3598440362638797e-07
0.22666666666666668,1.1933333333333334,0.04,-0.7,2.0,0.3,0.04,0.01,32057,-0.053303714141472724,-0.053303701744358015,1.2397114709794543e-08,0.7233276422269341,0.7233275368960764,-1.0533085770259021e-07,0.13562446538994966,0.13562447031569222,4.9257425638327135e-09,-0.02670276476018918,-0.026702766426911353,-1.6667221734711912e-09,0.024112253946273476,0.024112045728800144,-2.0821747333255036e-07
0.2599166666666667,1.1933333333333334,0.04,-0.7,2.0,0.3,0.04,0.01,32060,-0.06230012608049451,-0.06230011418057194,1.1899922568170407e-08,0.7627989961900283,0.7627990033767079,7.186679584769706e-09,0.1574893745545647,0.15748937907636404,4.521799351620004e-09,-0.030937062640012947,-0.030937064739888304,-2.0998753569312356e-09,0.023277067602023305,0.02327686333570662,-2.0426631668415962e-07
0.43725,1.1933333333333334,0.04,-0.7,2.0,0.3,0.04,0.01,32076,-0.10120356427167909,-0.10120355473148447,9.540194620405451e-09,0.833570390490479,0.8335703648736766,-2.5616802346029033e-08,0.23097469417282523,0.23097469290794712,-1.2648781189117386e-09,-0.035643092841375346,-0.035643093046249234,-2.0487388868728473e-10,-0.002476016721653096,-0.0024761965070143116,-1.7978536121562166e-07
0.537,1.1933333333333334,0.04,-0.7,2.0,0.3,0.04,0.01,32085,-0.11678308109552837,-0.11678307243477815,8.660750228095537e-09,0.844675840383502,0.8446758357292267,-4.654275298499044e-09,0.25275357758480776,0.25275357498662915,-2.598178616697311e-09,-0.0339145920322248,-0.03391459199806913,3.415567134679165e-11,-0.02815724241433948,-0.028157413069412204,-1.7065507272595593e-07
0.9581666666666667,1.1933333333333334,0.04,-0.7,2.0,0.3,0.04,0.01,32123,-0.15834880494364212,-0.15834879912743827,5.8162038518716486e-09,0.8013138319551416,0.8013138166826966,-1.5272444975344968e-08,0.28521469059267224,0.28521468753706497,-3.055607267210547e-09,-0.029257730298770657,-0.02925773033675019,-3.797953271322818e-11,-0.17493782094979426,-0.1749379676621151,-1.4671232084761954e-07
1.0911666666666666,1.1933333333333334,0.04,-0.7,2.0,0.3,0.04,0.01,32135,-0.16586094862158784,-0.16586094331758036,5.304007483220019e-09,0.7781980615462203,0.7781980236627202,-3.788350011468822e-08,0.2845692946829015,0.28456929194305847,-2.7398430191283296e-09,-0.027656052551394694,-0.027656052569070187,-1.767549301368021e-11,-0.22537912709980068,-0.22537926934063757,-1.4224083688674227e-07
1.23525,1.1933333333333334,0.04,-0.7,2.0,0.3,0.04,0.01,32148,-0.17222973975716815,-0.17222973487792084,4.879247311739832e-09,0.757909568438464,0.7579095164291502,-5.200931385562768e-08,0.28143089631171847,0.2814308940130136,-2.298704893100023e-09,-0.025703648194319584,-0.02570364818338767,1.0931915095380162e-11,-0.27948548793454986,-0.2794856263501025,-1.384155526307218e-07
1.2685,1.1933333333333334,0.04,-0.7,2.0,0.3,0.04,0.01,32151,-0.17351489981526358,-0.1735148950209488,4.794314778511222e-09,0.7539476543083623,0.7539477318881341,7.757977182887288e-08,0.2804866898237224,0.28048668763644163,-2.1872807454137444e-09,-0.025259411176314917,-0.02525941116363477,1.2680145128340925e-11,-0.2918354612826968,-0.2918355989398695,-1.3765717271629896e-07
1.3460833333333333,1.1933333333333334,0.04,-0.7,2.0,0.3,0.04,0.01,32158,-0.17631246597510364,-0.17631246135694179,4.618161852931735e-09,0.7456135320271784,0.7456135924595994,6.04324209563245e-08,0.27807461092682617,0.2780746089964101,-1.9304160492339406e-09,-0.024268615151368245,-0.024268615128584727,2.2783518127678093e-11,-0.320450666823624,-0.3204508029047622,-1.3608113819119083e-07
1.3793333333333333,1.1933333333333334,0.04,-0.7,2.0,0.3,0.04,0.01,32161,-0.17743762041444455,-0.17743761586467716,4.5497673961669705e-09,0.7423881287493828,0.7423881232741039,-5.475278896938107e-09,0.2769704987576338,0.2769704969341505,-1.823483308793783e-09,-0.023869670237319784,-0.023869670211016877,2.630290776850508e-11,-0.33263608954670065,-0.3326362250352054,-1.3548850474887075e-07
1.50125,1.1933333333333334,0.04,-0.7,2.0,0.3,0.04,0.01,32172,-0.18126219720165926,-0.18126219288346473,4.318194524177699e-09,0.7319733319466337,0.7319733013974422,-3.0549191509798845e-08,0.27267657442625604,0.2726765730026128,-1.423643258835483e-09,-0.02256943825829083,-0.02256943822688286,3.1407969974805994e-11,-0.3770250767085037,-0.3770252105161243,-1.3380762059478357e-07
1.7229166666666667,1.1933333333333334,0.04,-0.7,2.0,0.3,0.04,0.01,32192,-0.1873162300211617,-0.18731622604259598,3.9785657268698316e-09,0.7166494231380938,0.71664935922352,-6.391457374466114e-08,0.26432704028328535,0.2643270395003215,-7.829638604128775e-10,-0.020903043782549702,-0.020903043756058354,2.6491347310253488e-11,-0.45751270184218873,-0.45751283490989614,-1.3306770740850737e-07
1.7561666666666667,1.1933333333333334,0.04,-0.7,2.0,0.3,0.04,0.01,32195,-0.18814597676802824,-0.18814597283256732,3.935460929360701e-09,0.7145658120766285,0.7145657612710228,-5.080560572245929e-08,0.2630453870761107,0.26304538637553687,-7.00573821177386e-10,-0.020725651344866147,-0.020725651319090096,2.577605143216921e-11,-0.4696709909474128,-0.469671124195034,-1.3324762115907163e-07
1.83375,1.1933333333333334,0.04,-0.7,2.0,0.3,0.04,0.01,32202,-0.1900139837307524,-0.19001397989601193,3.834740469610409e-09,0.7097986753912267,0.7097986015090779,-7.388214873227383e-08,0.26004256380440793,0.2600425632981798,-5.062281149825765e-10,-0.0203755543637385,-0.020375554340841904,2.2896597812183117e-11,-0.49821584814507824,-0.49821598211478274,-1.3396970449663925e-07
1.90025,1.1933333333333334,0.04,-0.7,2.0,0.3,0.04,0.01,32208,-0.19154370045765257,-0.19154369670500015,3.752652411037616e-09,0.7057651407738064,0.705765037494631,-1.0327917532304554e-07,0.2574624281265203,0.25746242777549583,-3.510244872551027e-10,-0.02013977823761559,-0.020139778218871793,1.8743798180231863e-11,-0.5229226281305843,-0.522922763067899,-1.3493731465530345e-07
0.04933333333333333,1.1955555555555555,0.04,-0.7,2.0,0.3,0.04,0.01,32222,-0.006873319616240714,-0.006873313444205686,6.1720350280278224e-09,0.17358080528495634,0.17358070868644174,-9.659851460397384e-08,0.007888759226970521,0.007888760149652126,9.226816047314124e-10,0.006570909212855192,0.0065708853497930785,-2.386306211313305e-08,0.01666254599214101,0.016662360804823143,-1.8518731786584808e-07
0.38183333333333336,1.1955555555555555,0.04,-0.7,2.0,0.3,0.04,0.01,32252,-0.0890499733235961,-0.08904996337198946,9.951606635971721e-09,0.8099717119236516,0.8099716300764519,-8.18471996844039e-08,0.21248532702383693,0.21248532727070224,2.468653059750636e-10,-0.03570549180514915,-0.03570549244391316,-6.387640139049466e-10,0.00938837018238381,0.009388183366256932,-1.8681612687712623e-07
0.44833333333333336,1.1955555555555555,0.04,-0.7,2.0,0.3,0.04,0.01,32258,-0.10126576866359427,-0.10126575936129568,9.302298584201729e-09,0.8227196424126504,0.8227196636571524,2.1244502046435798e-08,0.2321175651961993,0.23211756374640008,-1.449799225117232e-09,-0.03509995450928782,-0.03509995467648027,-1.6719244738672145e-10,-0.0043925637038810805,-0.004392742693032877,-1.789891517960454e-07
0.5148333333333334,1.1955555555555555,0.04,-0.7,2.0,0.3,0.04,0.01,32264,-0.11173589519769545,-0.11173588645934336,8.738352083592638e-09,0.8311978494379701,0.8311976344566029,-2.149813672636114e-07,0.2470059676121239,0.2470059652388399,-2.3732840137569156e-09,-0.033990356335944494,-0.033990356336903775,-9.592812655334626e-13,-0.021159201830656116,-0.02115937453869869,-1.727080425756311e-07
0.63675,1.1955555555555555,0.04,-0.7,2.0,0.3,0.04,0.01,32275,-0.12775413944315916,-0.1277541316873349,7.755824260602395e-09,0.8363585990434075,0.8363585165027835,-8.254062400236961e-08,0.2660238267568338,0.2660238237154061,-3.0414276652734884e-09,-0.032050372030800744,-0.032050371941332284,8.946846041801848e-11,-0.057733826999695204,-0.05773399050728417,-1.6350758896832573e-07
0.8805833333333334,1.1955555555555555,0.04,-0.7,2.0,0.3,0.04,0.01,32297,-0.15115085243738724,-0.15115084630227904,6.135108199245565e-09,0.807553829362817,0.8075537780296489,-5.133316816063882e-08,0.282908265261117,0.28290826210615744,-3.154959571372018e-09,-0.02984232507691198,-0.029842325112208093,-3.529611325436832e-11,-0.1440866923460571,-0.14408684193085924,-1.4958480215598868e-07
0.8916666666666667,1.1955555555555555,0.04,-0.7,2.0,0.3,0.04,0.01,32298,-0.15197907296538027,-0.15197906689179785,6.0735824147784e-09,0.8055768940806729,0.8055768766648652,-1.7415807684884044e-08,0.28318945409194773,0.2831894509452858,-3.1466619310194233e-09,-0.02974688232015854,-0.029746882355078642,-3.4920101532609493e-11,-0.1482255616161443,-0.14822571070594154,-1.490897972300509e-07
0.9470833333333334,1.1955555555555555,0.04,-0.7,2.0,0.3,0.04,0.01,32303,-0.15585273909518582,-0.1558527332845502,5.810635611558368e-09,0.7955863912112449,0.7955863473139692,-4.389727570330848e-08,0.2841286670618448,0.28412866400003417,-3.0618106383606403e-09,-0.02922755458323323,-0.029227554623856455,-4.062322700448817e-11,-0.16903598695189315,-0.16903613369097106,-1.467390779164024e-07
1.0800833333333333,1.1955555555555555,0.04,-0.7,2.0,0.3,0.04,0.01,32315,-0.16357926915427923,-0.1635792638633257,5.290953536407628e-09,0.772888758548973,0.7728888589342189,1.0038524589361941e-07,0.28386188179241323,0.28386187902356114,-2.7688520920499116e-09,-0.02768830492161367,-0.027688304943900614,-2.2286943124338876e-11,-0.21926765891105982,-0.21926780094348852,-1.420324287071395e-07
1.3128333333333333,1.1955555555555555,0.04,-0.7,2.0,0.3,0.04,0.01,32336,-0.1734875385500656,-0.17348753389755928,4.652506324642758e-09,0.7428080373017565,0.7428080423208675,5.019111015691635e-09,0.27845158811851123,0.27845158606777143,-2.050739800196766e-09,-0.024604164729213895,-0.024604164709013547,2.0200348338494933e-11,-0.30597351811934015,-0.305973654122517,-1.3600317683160057e-07
1.6675,1.1955555555555555,0.04,-0.7,2.0,0.3,0.04,0.01,32368,-0.1842973013671534,-0.18429729733476255,4.032390837904742e-09,0.7148155067859818,0.7148154991926898,-7.59329199517822e-09,0.2659500758392386,0.2659500748861998,-9.530387590217515e-10,-0.021179921621261588,-0.02117992159084247,3.041911861290103e-11,-0.4346067175731161,-0.43460684958754275,-1.3201442666810337e-07
1.76725,1.1955555555555555,0.04,-0.7,2.0,0.3,0.04,0.01,32377,-0.18683797480989472,-0.18683797091398446,3.895910261064728e-09,0.7086661257815763,0.7086660539796941,-7.180188221767025e-08,0.26215784420524635,0.2621578435131117,-6.921346273891515e-10,-0.020615684881153395,-0.020615684857491608,2.366178780688344e-11,-0.47088358246877293,-0.470883714812928,-1.3234415507934472e-07
1.9113333333333333,1.1955555555555555,0.04,-0.7,2.0,0.3,0.04,0.01,32390,-0.19023119812056066,-0.19023119439828662,3.7222740445486124e-09,0.70011548780613,0.7001155688433549,8.103722493046916e-08,0.256628521162483,0.25662852081478993,-3.4769309653626124e-10,-0.02005584692821305,-0.0200558469099223,1.8290750858351856e-11,-0.5240288601013332,-0.5240289941919859,-1.3409065269254228e-07
1.9224166666666667,1.1955555555555555,0.04,-0.7,2.0,0.3,0.04,0.01,32391,-0.19047980285930022,-0.19047979914792137,3.711378843140878e-09,0.6994612722355242,0.6994613087577073,3.65221830556095e-08,0.25620255071578946,0.2562025503892145,-3.265749337622026e-10,-0.020023533531809967,-0.020023533514032292,1.7777675165309148e-11,-0.5281644936391827,-0.5281646279257144,-1.3428653167224525e-07
0.12691666666666668,1.1977777777777776,0.04,-0.7,2.0,0.3,0.04,0.01,32410,-0.023915775258231964,-0.023915763891403256,1.136682870744865e-08,0.4716025958639847,0.4716025151862965,-8.067768819675081e-08,0.05772983138085941,0.05772983394038724,2.5595278327350535e-09,-0.009327889564647585,-0.009327888619430368,9.452172169965856e-10,0.021697645820606404,0.02169743982228361,-2.0599832279213914e-07
0.138,1.1977777777777776,0.04,-0.7,2.0,0.3,0.04,0.01,32411,-0.026739165595313086,-0.026739153945306047,1.1650007038926935e-08,0.5043624906608812,0.5043623707474323,-1.1991344894823897e-07,0.06596062965408267,0.06596063256335581,2.9092731418378648e-09,-0.010985909228711233,-0.010985908087906286,1.140804947036278e-09,0.022208186392369544,0.022207978732758087,-2.0765961145779999e-07
0.48158333333333336,1.1977777777777776,0.04,-0.7,2.0,0.3,0.04,0.01,32442,-0.10486234668566352,-0.10486233778711539,8.89854813446167e-09,0.8154734165710664,0.8154734303590128,1.378794634021574e-08,0.23837691075084821,0.23837690879737078,-1.9534774353680007e-09,-0.034218842737132604,-0.03421884280980094,-7.266833662589178e-11,-0.011738736511168746,-0.011738912507779677,-1.7599661093076202e-07
0.5591666666666667,1.1977777777777776,0.04,-0.7,2.0,0.3,0.04,0.01,32449,-0.11612783936965076,-0.11612783109295315,8.276697618936346e-09,0.8236502813119273,0.823650307519274,2.6207346737194825e-08,0.25344269815680276,0.25344269547252873,-2.684274025277489e-09,-0.03292280071814924,-0.03292280066830217,4.984706397648253e-11,-0.03279542828305004,-0.032795597567199054,-1.6928414901112854e-07
0.5813333333333334,1.1977777777777776,0.04,-0.7,2.0,0.3,0.04,0.01,32451,-0.11905616906809913,-0.11905616096611801,8.101981113783907e-09,0.8249687877270873,0.8249687906048965,2.8778092131531707e-09,0.2569850317868383,0.2569850289788032,-2.8080350822357047e-09,-0.03257059717487465,-0.032570597103544534,7.133011542537204e-11,-0.03935967044899069,-0.03935983802266218,-1.675736714876197e-07
0.67,1.1977777777777776,0.04,-0.7,2.0,0.3,0.04,0.01,32459,-0.1297238549102797,-0.12972384749267687,7.417602837511694e-09,0.8252104666262028,0.8252104066044131,-6.002178964958915e-08,0.2683968339234344,0.26839683083053784,-3.0928965499832373e-09,-0.0313966464032811,-0.0313966463183162,8.496490316867167e-11,-0.06756125470269714,-0.0675614159874579,-1.6128476076904263e-07
0.76975,1.1977777777777776,0.04,-0.7,2.0,0.3,0.04,0.01,32468,-0.13996854983849838,-0.13996854312152807,6.716970313291881e-09,0.8164249554187819,0.8164249609077957,5.489013799042652e-09,0.27681518111222214,0.2768151779208592,-3.1913629516822084e-09,-0.030508362796333177,-0.03050836277565606,2.0677116269185447e-11,-0.1020701078985331,-0.10207026296846841,-1.5506993530922664e-07
0.83625,1.1977777777777776,0.04,-0.7,2.0,0.3,0.04,0.01,32474,-0.14584579133947173,-0.1458457850282308,6.3112409187660035e-09,0.8067735257633046,0.8067736153163539,8.95530493094654e-08,0.2802989610414808,0.28029895786365555,-3.1778252251868366e-09,-0.030018667366293883,-0.03001866738402414,-1.7730258233816798e-11,-0.12614996150045465,-0.12615011294712528,-1.514466706209472e-07
0.8473333333333334,1.1977777777777776,0.04,-0.7,2.0,0.3,0.04,0.01,32475,-0.1467546980879475,-0.1467546918404394,6.247508094192611e-09,0.8049830524381463,0.8049831066386133,5.420046700344017e-08,0.28073692196484146,0.2807369187959363,-3.168905138295486e-09,-0.02993525459127344,-0.02993525461401588,-2.2742439875766962e-11,-0.13022153626807143,-0.13022168715465526,-1.5088658383843878e-07
0.9249166666666667,1.1977777777777776,0.04,-0.7,2.0,0.3,0.04,0.01,32482,-0.15258711362875488,-0.15258710777604081,5.8527140633923835e-09,0.7917427380377262,0.7917427495571034,1.151937722987384e-08,0.28281672558944093,0.2828167225012398,-3.0882011392563413e-09,-0.029290211889798634,-0.02929021192755929,-3.7760655713370284e-11,-0.15904005698536006,-0.15904020425814813,-1.472727880758029e-07
1.0800833333333333,1.1977777777777776,0.04,-0.7,2.0,0.3,0.04,0.01,32496,-0.1618695544927662,-0.16186954925140484,5.2413613449431296e-09,0.7658649991970634,0.7658650031860473,3.988983920955036e-09,0.2829950259713998,0.28299502320534964,-2.766050166691514e-09,-0.02757447656875911,-0.027574476595330064,-2.6570953770566064e-11,-0.21736554457918444,-0.21736568607726292,-1.4149807847640972e-07
1.335,1.1977777777777776,0.04,-0.7,2.0,0.3,0.04,0.01,32519,-0.1726368160140379,-0.17263681144112145,4.5729164621644e-09,0.7344493846428435,0.7344493107446066,-7.389823686310137e-08,0.2770815080649358,0.2770815060786992,-1.9862366196221615e-09,-0.024249320007274644,-0.024249319982845633,2.4429010897497605e-11,-0.3118404979848832,-0.3118406328080973,-1.348232140929717e-07
1.5234166666666666,1.1977777777777776,0.04,-0.7,2.0,0.3,0.04,0.01,32536,-0.17869385883356736,-0.17869385461239565,4.221171717722072e-09,0.7189377704275302,0.7189377294598629,-4.0967667258584584e-08,0.2707215402061869,0.2707215388156084,-1.3905784856937942e-09,-0.022232115279852138,-0.022232115247294508,3.255763020293401e-11,-0.38002316083085574,-0.38002329272840224,-1.3189754649589602e-07
1.7894166666666667,1.1977777777777776,0.04,-0.7,2.0,0.3,0.04,0.01,32560,-0.18581420328428466,-0.1858141994355866,3.848698054698119e-09,0.7021902337367436,0.7021902554883284,2.175158475559158e-08,0.2608547063764899,0.2608547057181659,-6.583240064195195e-10,-0.020457087434866406,-0.020457087412065336,2.2801070059808026e-11,-0.47613130766011036,-0.4761314391922549,-1.3153214456496087e-07
2.0,1.1977777777777776,0.04,-0.7,2.0,0.3,0.04,0.01,32579,-0.19063478101211118,-0.19063477740444618,3.6076650000715915e-09,0.6900380378205284,0.6900380480035359,1.0183007437269964e-08,0.25284700421374096,0.2528470040283324,-1.854085773800307e-10,-0.019786533795862482,-0.019786533779505424,1.635705806912746e-11,-0.5542032518615625,-0.5542033866993589,-1.348377963727998e-07
0.12691666666666668,1.2,0.04,-0.7,2.0,0.3,0.04,0.01,32591,-0.022884439394577072,-0.02288442836740613,1.1027170940258735e-08,0.45667502002189053,0.4566749537948028,-6.62270877582749e-08,0.056526242519505665,0.05652624503071135,2.511205687838469e-09,-0.008772457198436001,-0.008772456239807961,9.586280397960723e-10,0.021978638836961384,0.02197843279866581,-2.0603829557416797e-07
0.31533333333333335,1.2,0.04,-0.7,2.0,0.3,0.04,0.01,32608,-0.07111637064904919,-0.07111636019516662,1.045388256515345e-08,0.7587658279462062,0.7587658045260952,-2.3420110961680507e-08,0.1818274567666478,0.18182745949183407,2.7251862710908625e-09,-0.03343532615746048,-0.033435327768121026,-1.6106605493781956e-09,0.019792316697797574,0.01979211918236821,-1.9751542936277677e-07
0.3264166666666667,1.2,0.04,-0.7,2.0,0.3,0.04,0.01,32609,-0.073684748873315,-0.07368473857259429,1.03007207069572e-08,0.7643064237061736,0.764306387485472,-3.6220701660205634e-08,0.18695648866196013,0.18695649096845457,2.306494439885398e-09,-0.03389033456563384,-0.033890336008924424,-1.4432905842687305e-09,0.018535824709009496,0.018535628908412663,-1.9580059683332873e-07
0.44833333333333336,1.2,0.04,-0.7,2.0,0.3,0.04,0.01,32620,-0.09766385870912941,-0.09766384966142856,9.047700852415907e-09,0.7982531413652794,0.7982530821899152,-5.917536416433222e-08,0.2286641588178373,0.22866415743931848,-1.3785188268666815e-09,-0.03434926699824592,-0.034349267173989284,-1.757433643057027e-10,-0.0031554881910200727,-0.003155667902506537,-1.7971148646425336e-07
0.4926666666666667,1.2,0.04,-0.7,2.0,0.3,0.04,0.01,32624,-0.10477827827037878,-0.10477826957898985,8.691388928006027e-09,0.80529453105882,0.80529445953346,-7.152535996812759e-08,0.23916047504707327,0.23916047298535845,-2.061714826639971e-09,-0.03369679366871381,-0.033696793723587026,-5.487321708130821e-11,-0.013823680723445975,-0.013823855958400922,-1.752349549476867e-07
0.63675,1.2,0.04,-0.7,2.0,0.3,0.04,0.01,32637,-0.12408260455482045,-0.12408259696940399,7.585416461619587e-09,0.8159085351788775,0.8159084896146376,-4.556423993662406e-08,0.2631712684397769,0.2631712654523645,-2.9874123730344593e-09,-0.03152604021644523,-0.03152604012402961,9.2415616825825e-11,-0.05559384254255617,-0.055594006142908416,-1.6360035224455283e-07
0.7365,1.2,0.04,-0.7,2.0,0.3,0.04,0.01,32646,-0.13493610016096502,-0.13493609329662107,6.864343954360308e-09,0.8110670302041711,0.8110669162751774,-1.1392899379458754e-07,0.2731918263823574,0.27319182323233693,-3.150020466691217e-09,-0.030547164303618146,-0.03054716425832387,4.5294275274887497e-11,-0.0890327339073127,-0.08903289084210916,-1.5693479646361475e-07
0.936,1.2,0.04,-0.7,2.0,0.3,0.04,0.01,32664,-0.15160207194608866,-0.15160206619832958,5.747759074248293e-09,0.7821089997861463,0.7821090265694988,2.6783352424786244e-08,0.28197076868630155,0.28197076562743395,-3.0588676036558127e-09,-0.02903542655335878,-0.02903542659443943,-4.1080652768421544e-11,-0.16153282765829502,-0.1615329740815388,-1.4642324377978078e-07
1.1576666666666666,1.2,0.04,-0.7,2.0,0.3,0.04,0.01,32684,-0.16392884519045303,-0.1639288402275064,4.9629466369882635e-09,0.7480706054607822,0.7480706468273186,4.136653641850785e-08,0.2809437223005862,0.28094371975312976,-2.5474564124827737e-09,-0.02646177136994554,-0.026461771376619016,-6.673474273188873e-12,-0.24441359069538038,-0.2444137292511861,-1.3855580571764392e-07
1.36825,1.2,0.04,-0.7,2.0,0.3,0.04,0.01,32703,-0.17217119446910623,-0.1721711899984581,4.470648129473176e-09,0.7253654010774824,0.7253653477438781,-5.333360431070133e-08,0.2753672134098162,0.2753672115201128,-1.889703393764819e-09,-0.023774409782517658,-0.023774409759566923,2.29507350624214e-11,-0.3216589845603246,-0.3216591179827606,-1.3342243598835068e-07
1.7450833333333333,1.2,0.04,-0.7,2.0,0.3,0.04,0.01,32737,-0.183155378913058,-0.18315537503057258,3.882485416495385e-09,0.6995954648925107,0.6995954658541761,9.616654139676939e-10,0.26205421256669803,0.26205421178199617,-7.847018590467769e-10,-0.020615767909737404,-0.02061576788474076,2.4996643643859784e-11,-0.4572006431849407,-0.45720077348123983,-1.3029629913896557e-07
1.7783333333333333,1.2,0.04,-0.7,2.0,0.3,0.04,0.01,32740,-0.18398638684080648,-0.18398638300004974,3.840756740425277e-09,0.6977004196606629,0.6977004625881187,4.292745581224722e-08,0.2608108582002888,0.26081085749343047,-7.068583496305791e-10,-0.020453229053474242,-0.02045322903081455,2.265969356596287e-11,-0.46925639854838996,-0.46925652902983006,-1.304814400970855e-07
2.0,1.2,0.04,-0.7,2.0,0.3,0.04,0.01,32760,-0.18910670149197006,-0.1891066979007033,3.5912667561976974e-09,0.685237377950898,0.6852373704432883,-7.507609756096656e-09,0.25246575608456334,0.2524657558715696,-2.1299373376137964e-10,-0.019738724701401367,-0.01973872468507838,1.6322988100059277e-11,-0.5510867437838463,-0.551086877555867,-1.337720207938986e-07
